{
"type": "FeatureCollection",
"name": "city_17_白山市",
"crs": { "type": "name", "properties": { "name": "urn:ogc:def:crs:OGC:1.3:CRS84" } },
"features": [
{ "type": "Feature", "properties": { }, "geometry": { "type": "MultiPolygon", "coordinates": [ [ [ [ 136.74309109, 36.08270775 ], [ 136.74303914, 36.08266136 ], [ 136.74292442, 36.08265692 ], [ 136.742752750000022, 36.08270359 ], [ 136.742388340000019, 36.08270359 ], [ 136.74201331, 36.08254303 ], [ 136.74182109, 36.08239469 ], [ 136.741669140000027, 36.08227728 ], [ 136.74166667, 36.08227536 ], [ 136.74148248, 36.08213303 ], [ 136.741284690000015, 36.08199387 ], [ 136.740987760000024, 36.08180775 ], [ 136.74085747, 36.08172331 ], [ 136.74039414, 36.08160941 ], [ 136.739826640000018, 36.08141497 ], [ 136.739592190000025, 36.08131361 ], [ 136.739493580000016, 36.08120361 ], [ 136.739254140000014, 36.08095028 ], [ 136.739071920000015, 36.08072223 ], [ 136.73893136, 36.08054889 ], [ 136.73881664000001, 36.08038861 ], [ 136.73872830000002, 36.08035917 ], [ 136.73842636, 36.08038417 ], [ 136.738098300000019, 36.08046028 ], [ 136.737921090000015, 36.08045167 ], [ 136.737744140000018, 36.08035889 ], [ 136.73754636000001, 36.08021972 ], [ 136.73725497, 36.08023611 ], [ 136.736994690000017, 36.08028277 ], [ 136.736697760000027, 36.08029972 ], [ 136.73617192, 36.08045584 ], [ 136.735906350000022, 36.08055305 ], [ 136.73556776, 36.08065444 ], [ 136.735276350000021, 36.08071777 ], [ 136.73500053, 36.08076 ], [ 136.73473497, 36.08077277 ], [ 136.734427760000017, 36.08066722 ], [ 136.73426109, 36.08061223 ], [ 136.734084140000022, 36.08062084 ], [ 136.733776910000017, 36.08059944 ], [ 136.73333969, 36.08054472 ], [ 136.73333581, 36.08054297 ], [ 136.733333330000022, 36.08054187 ], [ 136.73314163, 36.08045584 ], [ 136.73280358, 36.08036305 ], [ 136.732480800000019, 36.08037556 ], [ 136.732142190000019, 36.08049389 ], [ 136.73210248, 36.080515 ], [ 136.7317672, 36.08069251 ], [ 136.731465250000014, 36.08094167 ], [ 136.73120497, 36.08113195 ], [ 136.73093942, 36.08132195 ], [ 136.7307883, 36.08137695 ], [ 136.730372190000026, 36.08147833 ], [ 136.73012219, 36.0815075 ], [ 136.72995025, 36.08149084 ], [ 136.72976302, 36.08148639 ], [ 136.7295808, 36.08152889 ], [ 136.72937747, 36.08160472 ], [ 136.729054690000027, 36.08165556 ], [ 136.728768300000013, 36.08162584 ], [ 136.72859664, 36.08158778 ], [ 136.72820109, 36.08141056 ], [ 136.72798438, 36.08134939 ], [ 136.72782608, 36.08130472 ], [ 136.72742525000001, 36.08119917 ], [ 136.72715442, 36.08115697 ], [ 136.726966910000016, 36.08115697 ], [ 136.72666497, 36.08130059 ], [ 136.726420250000018, 36.08143169 ], [ 136.7261808, 36.08155003 ], [ 136.72569694, 36.08193003 ], [ 136.72542611, 36.08213725 ], [ 136.725196940000018, 36.0822428 ], [ 136.725002500000016, 36.08231978 ], [ 136.725, 36.08232075 ], [ 136.72498361000001, 36.08232725 ], [ 136.724759730000017, 36.08234836 ], [ 136.7244575, 36.08231447 ], [ 136.72419722, 36.08225113 ], [ 136.723858880000023, 36.08212031 ], [ 136.723655840000021, 36.08206947 ], [ 136.72326555, 36.08208225 ], [ 136.72291139, 36.08206531 ], [ 136.72261973, 36.08208641 ], [ 136.722312500000015, 36.08211169 ], [ 136.72212195, 36.08212225 ], [ 136.72201056, 36.08212864 ], [ 136.721625280000012, 36.08206113 ], [ 136.72141167, 36.08204003 ], [ 136.72122944, 36.08206947 ], [ 136.72070917, 36.08220059 ], [ 136.720401950000024, 36.08228503 ], [ 136.72008416, 36.08230197 ], [ 136.71976139, 36.08227225 ], [ 136.71948027000002, 36.08220892 ], [ 136.719095010000018, 36.08201031 ], [ 136.7187725, 36.08187086 ], [ 136.718433890000028, 36.08175697 ], [ 136.718137219999988, 36.0816892 ], [ 136.717902780000031, 36.08166808 ], [ 136.71775195, 36.08167253 ], [ 136.71724167, 36.08177392 ], [ 136.71669, 36.08186641 ], [ 136.716669170000017, 36.08186922 ], [ 136.71666667, 36.08186956 ], [ 136.71602861, 36.08195531 ], [ 136.715580830000022, 36.08206087 ], [ 136.715325550000017, 36.08206503 ], [ 136.71508083, 36.08202697 ], [ 136.714778880000011, 36.08195087 ], [ 136.714545010000023, 36.08182003 ], [ 136.71438333, 36.08167641 ], [ 136.71395136000001, 36.08124978 ], [ 136.713701360000016, 36.08107256 ], [ 136.71355553, 36.08092895 ], [ 136.71340969000002, 36.08089505 ], [ 136.713238030000014, 36.08088672 ], [ 136.71280053000001, 36.08100451 ], [ 136.71224358, 36.08106811 ], [ 136.711919420000015, 36.08113089 ], [ 136.711743860000013, 36.08116505 ], [ 136.71140528, 36.08117367 ], [ 136.711098030000016, 36.08111867 ], [ 136.71096803, 36.08103005 ], [ 136.710832480000022, 36.08089061 ], [ 136.710738860000021, 36.08073422 ], [ 136.71066608000001, 36.08042617 ], [ 136.71052053, 36.08026144 ], [ 136.71038497, 36.08015144 ], [ 136.71017914, 36.080082 ], [ 136.710134970000013, 36.080067 ], [ 136.70969248, 36.07978395 ], [ 136.70921859, 36.07950089 ], [ 136.70907803, 36.07943339 ], [ 136.70893747, 36.07940784 ], [ 136.708448300000015, 36.07939117 ], [ 136.708335810000023, 36.07939567 ], [ 136.708333330000016, 36.07939578 ], [ 136.708135810000016, 36.07940367 ], [ 136.707917200000026, 36.07941228 ], [ 136.707745250000016, 36.07938672 ], [ 136.707453860000015, 36.07949256 ], [ 136.707104970000017, 36.07955589 ], [ 136.706724690000016, 36.07939533 ], [ 136.706521630000026, 36.07926867 ], [ 136.706375810000026, 36.07913339 ], [ 136.705969970000012, 36.07895589 ], [ 136.705610800000017, 36.07867284 ], [ 136.7055483, 36.07858422 ], [ 136.70545469000001, 36.07836867 ], [ 136.70529302, 36.07809839 ], [ 136.70506914, 36.077942 ], [ 136.704506910000021, 36.07776033 ], [ 136.704147760000012, 36.07758284 ], [ 136.703621630000015, 36.07729144 ], [ 136.7030583, 36.07708061 ], [ 136.70288776000001, 36.07701672 ], [ 136.702575520000011, 36.07686477 ], [ 136.70220581, 36.07664533 ], [ 136.70209109000001, 36.07655228 ], [ 136.701924420000012, 36.07629036 ], [ 136.701877760000031, 36.07611703 ], [ 136.701789140000017, 36.07592703 ], [ 136.701768300000026, 36.07576647 ], [ 136.701763020000016, 36.07557647 ], [ 136.701674700000012, 36.07534813 ], [ 136.701554970000018, 36.07518759 ], [ 136.70144553, 36.07507369 ], [ 136.70135034, 36.075 ], [ 136.70134973, 36.07499953 ], [ 136.70122163000002, 36.07490036 ], [ 136.700799690000025, 36.07467647 ], [ 136.700341630000025, 36.07441036 ], [ 136.70000248, 36.07424617 ], [ 136.7, 36.07424497 ], [ 136.69969608, 36.07409786 ], [ 136.699425530000013, 36.07398397 ], [ 136.699185810000017, 36.07391203 ], [ 136.699045250000012, 36.07387841 ], [ 136.698852750000015, 36.07386564 ], [ 136.69860803, 36.07387397 ], [ 136.698290250000014, 36.07385703 ], [ 136.697868590000013, 36.07378953 ], [ 136.69758219000002, 36.07370925 ], [ 136.6974208, 36.07370508 ], [ 136.697254140000013, 36.07374731 ], [ 136.697019690000019, 36.0738612 ], [ 136.69666608, 36.07414425 ], [ 136.696457760000015, 36.07427092 ], [ 136.696254690000018, 36.07434259 ], [ 136.695879690000027, 36.07441453 ], [ 136.69559859, 36.07444397 ], [ 136.695374970000017, 36.07438064 ], [ 136.69520302, 36.07430036 ], [ 136.69514053, 36.0742498 ], [ 136.69479691, 36.07390759 ], [ 136.69457136, 36.07374425 ], [ 136.69455747, 36.07373425 ], [ 136.694255520000013, 36.07360341 ], [ 136.69396914, 36.07341314 ], [ 136.693729690000026, 36.0731512 ], [ 136.69353192, 36.07290203 ], [ 136.693391360000021, 36.07260203 ], [ 136.69317275, 36.07232341 ], [ 136.692974690000028, 36.07217147 ], [ 136.69262608, 36.07200259 ], [ 136.692344690000027, 36.07176592 ], [ 136.69226136, 36.07174064 ], [ 136.692173020000013, 36.07176175 ], [ 136.69195414, 36.07188425 ], [ 136.69170969000001, 36.07195592 ], [ 136.691669140000016, 36.07197692 ], [ 136.691666670000018, 36.0719782 ], [ 136.691392190000016, 36.07212036 ], [ 136.69127248, 36.07220925 ], [ 136.69107969, 36.07250925 ], [ 136.690951360000014, 36.07265775 ], [ 136.690798590000014, 36.07283453 ], [ 136.69058497, 36.07302453 ], [ 136.690148030000017, 36.07324011 ], [ 136.689825250000013, 36.07332872 ], [ 136.68960635000002, 36.07332039 ], [ 136.68936163, 36.07326539 ], [ 136.688945250000017, 36.07302039 ], [ 136.68864331, 36.07282178 ], [ 136.688497760000018, 36.07273733 ], [ 136.68834664000002, 36.07270344 ], [ 136.68815914000001, 36.07266984 ], [ 136.68769581, 36.07258956 ], [ 136.687274140000028, 36.07240789 ], [ 136.68694636, 36.07225984 ], [ 136.686847200000017, 36.07222623 ], [ 136.68643608, 36.07222178 ], [ 136.68606109000001, 36.07219233 ], [ 136.685894420000011, 36.07215011 ], [ 136.68581914, 36.07211567 ], [ 136.685691360000021, 36.07205705 ], [ 136.68562358, 36.07198095 ], [ 136.685389690000022, 36.07166428 ], [ 136.685035520000014, 36.07138956 ], [ 136.684863870000015, 36.07127984 ], [ 136.68467109, 36.07124177 ], [ 136.684322190000017, 36.07124177 ], [ 136.683822750000019, 36.07133456 ], [ 136.68359859, 36.07136428 ], [ 136.683335810000017, 36.07136611 ], [ 136.683333330000011, 36.07136613 ], [ 136.68299997, 36.07136844 ], [ 136.682546910000013, 36.07118678 ], [ 136.682224420000011, 36.07108539 ], [ 136.68204219, 36.071064 ], [ 136.681698300000022, 36.07110205 ], [ 136.681365250000027, 36.07122872 ], [ 136.68111525, 36.07131317 ], [ 136.68083442, 36.07130067 ], [ 136.68054189, 36.07120903 ], [ 136.680469970000019, 36.0711865 ], [ 136.68011053, 36.07103011 ], [ 136.67971997, 36.07082317 ], [ 136.67935053, 36.07073872 ], [ 136.679059140000021, 36.07065428 ], [ 136.678647760000018, 36.07059069 ], [ 136.67851747, 36.07054014 ], [ 136.67815302, 36.07033736 ], [ 136.67778358000001, 36.0701218 ], [ 136.677663860000024, 36.07002459 ], [ 136.67756497000002, 36.06987264 ], [ 136.67754414, 36.0697332 ], [ 136.67753886, 36.06939931 ], [ 136.677507760000026, 36.06913764 ], [ 136.677533579999988, 36.06898987 ], [ 136.677491920000023, 36.06888431 ], [ 136.677450250000021, 36.06880403 ], [ 136.67719969, 36.06861569 ], [ 136.67702859, 36.06848708 ], [ 136.67665886, 36.06824208 ], [ 136.676445520000016, 36.06814931 ], [ 136.67637248, 36.06808153 ], [ 136.67618525, 36.06797597 ], [ 136.675873020000012, 36.06792097 ], [ 136.67531581, 36.06793375 ], [ 136.67503969, 36.0679168 ], [ 136.675002480000018, 36.067901 ], [ 136.675, 36.06789995 ], [ 136.674930530000012, 36.06787041 ], [ 136.6746808, 36.06766764 ], [ 136.67447776000003, 36.06743513 ], [ 136.674238300000013, 36.0672282 ], [ 136.67415997, 36.06723236 ], [ 136.67399358, 36.06738013 ], [ 136.67371219, 36.0676168 ], [ 136.67355358, 36.06770578 ], [ 136.673290800000018, 36.0678532 ], [ 136.672770250000013, 36.06819541 ], [ 136.67234830000001, 36.06845736 ], [ 136.671973870000016, 36.0685882 ], [ 136.671697760000029, 36.0688332 ], [ 136.671166640000024, 36.06930208 ], [ 136.671036360000016, 36.06933569 ], [ 136.670744970000015, 36.0694118 ], [ 136.67048997, 36.06936541 ], [ 136.670453580000014, 36.06932736 ], [ 136.67026608, 36.06917097 ], [ 136.669823580000013, 36.06879959 ], [ 136.669469420000013, 36.0683982 ], [ 136.669021630000032, 36.06804736 ], [ 136.668824140000027, 36.06788708 ], [ 136.66863136, 36.06778541 ], [ 136.66861608, 36.06778347 ], [ 136.668454420000018, 36.06776431 ], [ 136.668261630000018, 36.06778541 ], [ 136.66792859, 36.06789541 ], [ 136.6676108, 36.068001 ], [ 136.667048860000023, 36.06819544 ], [ 136.66676747, 36.06823323 ], [ 136.66666914000001, 36.06821508 ], [ 136.666666670000012, 36.06821461 ], [ 136.666491630000024, 36.06818239 ], [ 136.665981360000018, 36.06800072 ], [ 136.66564302, 36.06795851 ], [ 136.665195250000011, 36.06799656 ], [ 136.66488302, 36.0679035 ], [ 136.66446636, 36.06775572 ], [ 136.664180250000015, 36.06766711 ], [ 136.663831360000017, 36.06762905 ], [ 136.663253920000017, 36.06761725 ], [ 136.66281109, 36.06760795 ], [ 136.66229053, 36.06762905 ], [ 136.661983310000011, 36.06777267 ], [ 136.661649970000013, 36.06805572 ], [ 136.661514690000018, 36.06810211 ], [ 136.66094720000001, 36.06826684 ], [ 136.66016109, 36.0684485 ], [ 136.659760270000021, 36.06868489 ], [ 136.65951555, 36.06879905 ], [ 136.65902112, 36.06891295 ], [ 136.65896361, 36.06896377 ], [ 136.658838880000019, 36.06922156 ], [ 136.658675840000029, 36.06950739 ], [ 136.65861501, 36.06961433 ], [ 136.65861501, 36.06970295 ], [ 136.658667220000012, 36.06991017 ], [ 136.658843890000014, 36.07020156 ], [ 136.659005280000031, 36.07056072 ], [ 136.659026110000013, 36.07066628 ], [ 136.65895333, 36.07085628 ], [ 136.65882306, 36.07121517 ], [ 136.658802220000013, 36.07154905 ], [ 136.658771120000011, 36.071646 ], [ 136.65870917, 36.07180044 ], [ 136.658568050000014, 36.07215323 ], [ 136.65840667, 36.07238544 ], [ 136.65833584, 36.07249661 ], [ 136.65833333, 36.07250053 ], [ 136.6581725, 36.07275295 ], [ 136.65816222, 36.07307823 ], [ 136.658118050000013, 36.07325156 ], [ 136.65807361, 36.07342489 ], [ 136.6577925, 36.07389351 ], [ 136.657755840000021, 36.07417239 ], [ 136.657745550000016, 36.07441739 ], [ 136.65765195, 36.07461156 ], [ 136.65744361, 36.07492851 ], [ 136.65742511000002, 36.07494351 ], [ 136.657355890000019, 36.07499961 ], [ 136.657355420000016, 36.075 ], [ 136.65718834, 36.07513544 ], [ 136.656917780000015, 36.07521989 ], [ 136.65639694, 36.07536795 ], [ 136.655845280000023, 36.07556211 ], [ 136.65561112, 36.07571017 ], [ 136.65558501000001, 36.07579461 ], [ 136.655527780000028, 36.07597184 ], [ 136.655251670000013, 36.07638156 ], [ 136.65517361000002, 36.07683351 ], [ 136.65506944, 36.07706184 ], [ 136.654978050000011, 36.07738267 ], [ 136.65495501, 36.07761933 ], [ 136.654965280000027, 36.07775461 ], [ 136.655074720000016, 36.07797433 ], [ 136.655314160000017, 36.07829961 ], [ 136.65568389, 36.078671 ], [ 136.656167780000033, 36.07907653 ], [ 136.656268610000012, 36.07921653 ], [ 136.656386670000018, 36.07938069 ], [ 136.65647501, 36.07957097 ], [ 136.656521950000013, 36.07976097 ], [ 136.656537500000013, 36.08004403 ], [ 136.65650639, 36.08032292 ], [ 136.656412500000016, 36.08061875 ], [ 136.65637086000001, 36.08085097 ], [ 136.65643864, 36.08108736 ], [ 136.656615580000022, 36.08134513 ], [ 136.65670419, 36.0815732 ], [ 136.65687058, 36.08209708 ], [ 136.656985030000016, 36.08257431 ], [ 136.657172530000025, 36.0830982 ], [ 136.65722141, 36.08333292 ], [ 136.65722150000002, 36.08333333 ], [ 136.65723503000001, 36.0833982 ], [ 136.65722975, 36.08351208 ], [ 136.657110030000013, 36.08366847 ], [ 136.6570217, 36.08382903 ], [ 136.656948640000024, 36.08409931 ], [ 136.65681837, 36.08457236 ], [ 136.65674558, 36.0846232 ], [ 136.656303090000023, 36.0848132 ], [ 136.655871140000016, 36.08500764 ], [ 136.65514224, 36.08523986 ], [ 136.65467336, 36.08541292 ], [ 136.654147810000012, 36.08583125 ], [ 136.653923920000011, 36.08604236 ], [ 136.653354470000011, 36.08644764 ], [ 136.653395030000013, 36.08679625 ], [ 136.65341837, 36.08694208 ], [ 136.653308080000016, 36.08726153 ], [ 136.65314031, 36.0875432 ], [ 136.652960580000013, 36.0880132 ], [ 136.652914470000013, 36.08816347 ], [ 136.65272336000001, 36.08852541 ], [ 136.65259586, 36.08873208 ], [ 136.65243365, 36.08892931 ], [ 136.652126690000017, 36.08913153 ], [ 136.65192392000003, 36.08926736 ], [ 136.651767520000021, 36.08943208 ], [ 136.6516517, 36.08963875 ], [ 136.651616980000028, 36.08994875 ], [ 136.65164506, 36.09023808 ], [ 136.65168086, 36.0906068 ], [ 136.651744470000011, 36.09097792 ], [ 136.651756130000024, 36.09132097 ], [ 136.6517328, 36.09160736 ], [ 136.65171222, 36.09166625 ], [ 136.651712090000018, 36.09166667 ], [ 136.651622800000013, 36.09192208 ], [ 136.651344750000021, 36.09223236 ], [ 136.651061140000024, 36.09239208 ], [ 136.65074837, 36.09254236 ], [ 136.650093920000018, 36.09272097 ], [ 136.650002530000023, 36.09275447 ], [ 136.65, 36.09275539 ], [ 136.64931224, 36.09300761 ], [ 136.648595840000013, 36.09327544 ], [ 136.64833891, 36.0933715 ], [ 136.64826975, 36.09339733 ], [ 136.64803224, 36.09349123 ], [ 136.64758642000001, 36.09371205 ], [ 136.64657309, 36.09428067 ], [ 136.646318370000017, 36.09443123 ], [ 136.646057520000028, 36.09451095 ], [ 136.64578531, 36.09460011 ], [ 136.645507520000024, 36.09475511 ], [ 136.64533947000001, 36.09494289 ], [ 136.64503837, 36.09534705 ], [ 136.644708080000015, 36.09587817 ], [ 136.644401140000014, 36.09628233 ], [ 136.644013090000016, 36.09672372 ], [ 136.64362503000001, 36.09707151 ], [ 136.64357492000002, 36.097102 ], [ 136.64327781, 36.09728289 ], [ 136.64292475000002, 36.09739567 ], [ 136.64267558, 36.09747095 ], [ 136.64240336, 36.09774817 ], [ 136.642073360000012, 36.09807205 ], [ 136.641806980000013, 36.09817067 ], [ 136.641669200000024, 36.09819008 ], [ 136.64166667, 36.09819044 ], [ 136.6412392, 36.09825067 ], [ 136.64094975, 36.09834456 ], [ 136.6407528, 36.09857484 ], [ 136.64052114, 36.09874872 ], [ 136.64012003000002, 36.09894261 ], [ 136.640034750000012, 36.09898372 ], [ 136.63964698, 36.09908705 ], [ 136.63907336, 36.09910123 ], [ 136.638818640000011, 36.09903539 ], [ 136.63803114000001, 36.09875817 ], [ 136.63767808, 36.09861233 ], [ 136.63712781000001, 36.09840567 ], [ 136.63675698000003, 36.09833511 ], [ 136.63629975, 36.098354 ], [ 136.6359928, 36.09844317 ], [ 136.635570030000025, 36.09876261 ], [ 136.635263090000024, 36.09896456 ], [ 136.63489837, 36.0990915 ], [ 136.63453336, 36.09911484 ], [ 136.63402947000003, 36.0990915 ], [ 136.6335492, 36.09917123 ], [ 136.633335860000017, 36.09922597 ], [ 136.633333330000028, 36.09922661 ], [ 136.633150310000019, 36.09927361 ], [ 136.63309141000002, 36.09928872 ], [ 136.632512240000011, 36.09934039 ], [ 136.63226336, 36.09941095 ], [ 136.63196808, 36.09962233 ], [ 136.63170725, 36.09993261 ], [ 136.631660830000015, 36.09999956 ], [ 136.63166053, 36.1 ], [ 136.63129031, 36.10053372 ], [ 136.631087520000023, 36.10077344 ], [ 136.63085586, 36.10096595 ], [ 136.630632240000011, 36.10107623 ], [ 136.63036947, 36.10120567 ], [ 136.630126140000016, 36.10137011 ], [ 136.62991781, 36.10154869 ], [ 136.62955864, 36.10193369 ], [ 136.629529750000017, 36.10198536 ], [ 136.62951224, 36.10219231 ], [ 136.6295992, 36.10243175 ], [ 136.629605030000022, 36.1025212 ], [ 136.629506420000013, 36.1025962 ], [ 136.62888114, 36.1027748 ], [ 136.62852224, 36.10288286 ], [ 136.62786781, 36.10331536 ], [ 136.62719031, 36.10383175 ], [ 136.626935300000014, 36.10391647 ], [ 136.626558910000028, 36.10388341 ], [ 136.62613613000002, 36.1038648 ], [ 136.625863920000029, 36.10389286 ], [ 136.625383090000014, 36.10404341 ], [ 136.6250417, 36.10420786 ], [ 136.625002530000017, 36.10424317 ], [ 136.625, 36.10424544 ], [ 136.62483336, 36.10439564 ], [ 136.624682800000016, 36.10464008 ], [ 136.624451140000019, 36.10484175 ], [ 136.6238892, 36.10511453 ], [ 136.623159470000019, 36.1055748 ], [ 136.623003090000026, 36.10572536 ], [ 136.622811970000015, 36.10599313 ], [ 136.62255725, 36.1062512 ], [ 136.62254891, 36.10625703 ], [ 136.622342800000013, 36.10640175 ], [ 136.62217031, 36.10646313 ], [ 136.62206058000001, 36.10647675 ], [ 136.62168864, 36.10652647 ], [ 136.621108910000032, 36.10665869 ], [ 136.62077419000002, 36.10669092 ], [ 136.620447520000027, 36.10671036 ], [ 136.62010197, 36.106727 ], [ 136.61991336, 36.10673617 ], [ 136.619658080000022, 36.10674256 ], [ 136.61938698000003, 36.10672977 ], [ 136.619131970000012, 36.10669089 ], [ 136.61887669, 36.10662617 ], [ 136.61862947000003, 36.10661339 ], [ 136.618310580000013, 36.10661339 ], [ 136.617943920000016, 36.10669089 ], [ 136.61769669, 36.10671672 ], [ 136.617521410000023, 36.10675561 ], [ 136.617370030000018, 36.10686561 ], [ 136.61725837, 36.10697561 ], [ 136.61713086, 36.10723395 ], [ 136.61693947, 36.10735061 ], [ 136.61676419, 36.10748644 ], [ 136.616669200000018, 36.10753139 ], [ 136.61666667, 36.10753259 ], [ 136.6165728, 36.107577 ], [ 136.616373360000011, 36.1076545 ], [ 136.616158080000019, 36.10775811 ], [ 136.615743650000013, 36.1078745 ], [ 136.615464480000014, 36.10795228 ], [ 136.615288910000032, 36.10797811 ], [ 136.614986140000013, 36.10810756 ], [ 136.61489031, 36.10815923 ], [ 136.61473086, 36.10830784 ], [ 136.61471828, 36.10833284 ], [ 136.61471803, 36.10833333 ], [ 136.614499750000022, 36.108767 ], [ 136.614348080000013, 36.10905172 ], [ 136.61420475, 36.10925867 ], [ 136.6141328, 36.10945923 ], [ 136.614069200000017, 36.10965339 ], [ 136.613901700000014, 36.10989895 ], [ 136.613726140000011, 36.11017061 ], [ 136.613534750000014, 36.11048117 ], [ 136.61339141000002, 36.11077228 ], [ 136.613423360000013, 36.110947 ], [ 136.61344725, 36.11119284 ], [ 136.613415300000014, 36.11141895 ], [ 136.61337531, 36.11155478 ], [ 136.61320003000003, 36.11165172 ], [ 136.6129928, 36.11165172 ], [ 136.61274837, 36.11164339 ], [ 136.612610030000013, 36.11163867 ], [ 136.612346980000012, 36.1116128 ], [ 136.61207586, 36.1116128 ], [ 136.61190031000001, 36.11168392 ], [ 136.61182058, 36.11190392 ], [ 136.611788640000015, 36.11203336 ], [ 136.61174086, 36.11221447 ], [ 136.611581410000014, 36.1124928 ], [ 136.61143003, 36.1127642 ], [ 136.6114617, 36.11286753 ], [ 136.61151752, 36.11295808 ], [ 136.611621410000026, 36.11301641 ], [ 136.611748910000017, 36.11308753 ], [ 136.61200392, 36.11314587 ], [ 136.61210781, 36.11320392 ], [ 136.612227250000018, 36.1133592 ], [ 136.61233891, 36.11359864 ], [ 136.612562240000017, 36.11398031 ], [ 136.61272141, 36.11418087 ], [ 136.61275336, 36.11431669 ], [ 136.612816980000019, 36.11455587 ], [ 136.612816980000019, 36.11474336 ], [ 136.612697520000012, 36.11501503 ], [ 136.612609750000018, 36.11525447 ], [ 136.61259365, 36.11548087 ], [ 136.61258586, 36.11570725 ], [ 136.612553920000011, 36.1159792 ], [ 136.61253781, 36.11612113 ], [ 136.61245808000001, 36.11636697 ], [ 136.612362530000013, 36.1166128 ], [ 136.612339920000011, 36.11666614 ], [ 136.612339690000027, 36.11666667 ], [ 136.612274750000012, 36.11681975 ], [ 136.612171140000015, 36.11692975 ], [ 136.612011700000011, 36.11698808 ], [ 136.61178837, 36.11702669 ], [ 136.611549200000013, 36.11701392 ], [ 136.611413640000023, 36.11698141 ], [ 136.61127808, 36.11698141 ], [ 136.611158640000014, 36.11700753 ], [ 136.61102309, 36.11713669 ], [ 136.61090336, 36.11725975 ], [ 136.61076781, 36.11738892 ], [ 136.610624480000013, 36.11749892 ], [ 136.610488910000015, 36.11759586 ], [ 136.610409200000021, 36.1176542 ], [ 136.61031336, 36.11775753 ], [ 136.610153920000016, 36.11793225 ], [ 136.610066140000015, 36.11812641 ], [ 136.609993090000017, 36.11827447 ], [ 136.609986420000013, 36.11828808 ], [ 136.609835030000028, 36.11843028 ], [ 136.609659470000025, 36.11852084 ], [ 136.609444470000028, 36.11859195 ], [ 136.609189470000018, 36.11867584 ], [ 136.609037810000018, 36.11870833 ], [ 136.608806690000023, 36.11875361 ], [ 136.60859947000003, 36.11876 ], [ 136.608335860000011, 36.11886075 ], [ 136.608333330000022, 36.11886172 ], [ 136.60832837, 36.11886361 ], [ 136.608272530000022, 36.11893472 ], [ 136.608168910000018, 36.11922584 ], [ 136.608105030000019, 36.11938751 ], [ 136.607969470000029, 36.11954277 ], [ 136.607786130000022, 36.11965277 ], [ 136.60759475, 36.11974333 ], [ 136.607459200000022, 36.11977528 ], [ 136.607291700000019, 36.11982056 ], [ 136.60714031, 36.11985944 ], [ 136.606933090000012, 36.11989833 ], [ 136.60676558, 36.11998251 ], [ 136.60663808000001, 36.12004723 ], [ 136.60635086, 36.12015056 ], [ 136.60600808, 36.12033833 ], [ 136.60588837, 36.12039 ], [ 136.60577698000003, 36.12049361 ], [ 136.605728910000011, 36.12057111 ], [ 136.60569725000002, 36.12073944 ], [ 136.60567309000001, 36.12092056 ], [ 136.605721140000014, 36.12115305 ], [ 136.605736980000017, 36.12132139 ], [ 136.605713090000023, 36.12144417 ], [ 136.605633360000013, 36.12154111 ], [ 136.60550586, 36.12159944 ], [ 136.605314470000025, 36.12161251 ], [ 136.60512309, 36.12170305 ], [ 136.604979470000018, 36.12183222 ], [ 136.604796130000011, 36.12195528 ], [ 136.604700580000014, 36.12202639 ], [ 136.60454114, 36.12209111 ], [ 136.604429470000014, 36.12218167 ], [ 136.60435752, 36.12231084 ], [ 136.604277810000013, 36.12240777 ], [ 136.60426197000001, 36.12265361 ], [ 136.60434170000002, 36.12287361 ], [ 136.60447725, 36.1231 ], [ 136.60454891, 36.12344275 ], [ 136.604556980000012, 36.12355941 ], [ 136.60464475, 36.12366275 ], [ 136.60466864, 36.12381164 ], [ 136.604692530000023, 36.12406386 ], [ 136.604740310000011, 36.12443887 ], [ 136.60473475, 36.12449859 ], [ 136.604724190000013, 36.1246072 ], [ 136.604668370000013, 36.12478164 ], [ 136.604612530000026, 36.12491747 ], [ 136.6045162, 36.12499941 ], [ 136.604515530000015, 36.125 ], [ 136.604445030000022, 36.12505997 ], [ 136.604341410000018, 36.12520859 ], [ 136.60425158000001, 36.12532031 ], [ 136.604221700000011, 36.12535747 ], [ 136.604086420000016, 36.12549331 ], [ 136.603839470000025, 36.12566164 ], [ 136.603600030000024, 36.12586192 ], [ 136.60352839, 36.1259458 ], [ 136.60348061000002, 36.12606247 ], [ 136.60334506, 36.12619164 ], [ 136.603153670000012, 36.12645053 ], [ 136.603042, 36.12659941 ], [ 136.602986160000029, 36.12672859 ], [ 136.603018110000022, 36.12684525 ], [ 136.60307394, 36.12702636 ], [ 136.60307394, 36.12712331 ], [ 136.603081730000014, 36.12729136 ], [ 136.60309756, 36.12737525 ], [ 136.603336720000016, 36.12755636 ], [ 136.60341645, 36.12764053 ], [ 136.60347228, 36.12776359 ], [ 136.603464230000014, 36.12786053 ], [ 136.603408660000014, 36.12794469 ], [ 136.60319339, 36.12817108 ], [ 136.60286645, 36.12844913 ], [ 136.602730900000012, 36.12859803 ], [ 136.602587280000023, 36.12876636 ], [ 136.60245978, 36.12887608 ], [ 136.60199728, 36.12922525 ], [ 136.60189367000001, 36.12934831 ], [ 136.60171811, 36.12951636 ], [ 136.60143922, 36.12972328 ], [ 136.60121589000002, 36.12981384 ], [ 136.601048390000017, 36.12987856 ], [ 136.60090506, 36.12997577 ], [ 136.600745620000026, 36.13008577 ], [ 136.600554500000015, 36.13024744 ], [ 136.60037895, 36.13037661 ], [ 136.600099780000022, 36.13048633 ], [ 136.600002550000028, 36.13049872 ], [ 136.6, 36.13049905 ], [ 136.59984477, 36.13051884 ], [ 136.599485890000011, 36.13052522 ], [ 136.59911922, 36.13056411 ], [ 136.59889589, 36.13060939 ], [ 136.59864866, 36.13069356 ], [ 136.598642, 36.13069467 ], [ 136.598250050000019, 36.13076467 ], [ 136.598018950000011, 36.13080356 ], [ 136.5976445, 36.13080995 ], [ 136.597333390000017, 36.13080995 ], [ 136.59699061, 36.1307905 ], [ 136.596815060000011, 36.130823 ], [ 136.59671949, 36.13093272 ], [ 136.596583940000016, 36.1311205 ], [ 136.596488390000019, 36.13137244 ], [ 136.596400610000018, 36.13161828 ], [ 136.596280900000011, 36.13178661 ], [ 136.59607367000001, 36.13191578 ], [ 136.59597005, 36.13196105 ], [ 136.595698950000013, 36.13202578 ], [ 136.595372, 36.13207105 ], [ 136.59508506, 36.13205828 ], [ 136.59491756, 36.13200633 ], [ 136.59470228, 36.131903 ], [ 136.594383380000011, 36.13175411 ], [ 136.593992550000024, 36.13161187 ], [ 136.59362589, 36.1315602 ], [ 136.5934345, 36.1315602 ], [ 136.593083670000027, 36.13156659 ], [ 136.59262949, 36.13150825 ], [ 136.592438110000018, 36.13147603 ], [ 136.592207, 36.13142408 ], [ 136.591888110000014, 36.13135297 ], [ 136.59166922, 36.13130744 ], [ 136.59166667, 36.13130692 ], [ 136.591577, 36.13128825 ], [ 136.59130589, 36.13121075 ], [ 136.59093117, 36.13116547 ], [ 136.590612280000016, 36.13117825 ], [ 136.590484770000018, 36.13121714 ], [ 136.590317280000022, 36.13135964 ], [ 136.59009397, 36.13151492 ], [ 136.58985481000002, 36.13165713 ], [ 136.58959981000001, 36.13186408 ], [ 136.589400360000013, 36.13205159 ], [ 136.589159250000023, 36.13224686 ], [ 136.58901759, 36.13236186 ], [ 136.588858140000013, 36.13248492 ], [ 136.58873064, 36.13254297 ], [ 136.58842759, 36.13260769 ], [ 136.588108690000013, 36.13260769 ], [ 136.58787759, 36.13258853 ], [ 136.58763815, 36.13256908 ], [ 136.58749481000001, 36.13256908 ], [ 136.587398980000017, 36.13261436 ], [ 136.587152020000019, 36.1327888 ], [ 136.58692898000001, 36.13291186 ], [ 136.586849250000029, 36.13296353 ], [ 136.58680148000002, 36.13303464 ], [ 136.586785360000022, 36.13309297 ], [ 136.58680092, 36.13322241 ], [ 136.586889580000019, 36.13333269 ], [ 136.586890120000021, 36.13333333 ], [ 136.586920640000017, 36.13337131 ], [ 136.5870162, 36.1337138 ], [ 136.587048150000015, 36.13383656 ], [ 136.587048150000015, 36.13393378 ], [ 136.587000360000019, 36.13408239 ], [ 136.586936470000012, 36.13421184 ], [ 136.58686481, 36.13424433 ], [ 136.586657590000016, 36.13425072 ], [ 136.58638647, 36.13428961 ], [ 136.58622703, 36.13435405 ], [ 136.586199810000011, 36.13436877 ], [ 136.58605953, 36.13444489 ], [ 136.585975690000026, 36.13453044 ], [ 136.58584425, 36.13466461 ], [ 136.585652870000018, 36.13480711 ], [ 136.58548536, 36.13494933 ], [ 136.585333970000022, 36.13512405 ], [ 136.58518258, 36.13527295 ], [ 136.58503898, 36.13549905 ], [ 136.584951190000027, 36.13576433 ], [ 136.584863410000025, 36.13594544 ], [ 136.58474397, 36.13598405 ], [ 136.58452064, 36.136036 ], [ 136.58417008, 36.13604877 ], [ 136.58373953, 36.13606184 ], [ 136.58367453, 36.13606628 ], [ 136.58337287, 36.13608767 ], [ 136.583335910000017, 36.13609228 ], [ 136.583333330000016, 36.13609259 ], [ 136.582958140000017, 36.13613933 ], [ 136.582575360000021, 36.13621711 ], [ 136.582120920000023, 36.13628184 ], [ 136.58171425, 36.13633351 ], [ 136.58141925000001, 36.13641767 ], [ 136.58127453, 36.13645128 ], [ 136.5811962, 36.13646933 ], [ 136.580949, 36.13656628 ], [ 136.58078956, 36.13665711 ], [ 136.580613990000018, 36.13677987 ], [ 136.580526500000019, 36.13683792 ], [ 136.580446780000017, 36.13704487 ], [ 136.58030317, 36.13742653 ], [ 136.580183450000021, 36.13767875 ], [ 136.57997623, 36.13784041 ], [ 136.57977678, 36.13801514 ], [ 136.579537610000017, 36.13824153 ], [ 136.57927455, 36.13844208 ], [ 136.579003450000016, 36.13864264 ], [ 136.57881205000001, 36.13878486 ], [ 136.57864484000001, 36.13890125 ], [ 136.57848511, 36.13901764 ], [ 136.578333720000018, 36.13923125 ], [ 136.578270190000012, 36.13931464 ], [ 136.578062610000018, 36.13958708 ], [ 136.577943160000018, 36.13982625 ], [ 136.577879270000011, 36.13999459 ], [ 136.57784733, 36.1402468 ], [ 136.57774372, 36.14054431 ], [ 136.577663990000019, 36.14083514 ], [ 136.57752844, 36.14117153 ], [ 136.57744066, 36.14130764 ], [ 136.57728927, 36.14147569 ], [ 136.577069750000021, 36.14166597 ], [ 136.577068950000012, 36.14166667 ], [ 136.57705789000002, 36.14167625 ], [ 136.57681872, 36.14188984 ], [ 136.576603450000022, 36.14207095 ], [ 136.576412050000016, 36.14220039 ], [ 136.57632455000001, 36.14222623 ], [ 136.57616511, 36.14222623 ], [ 136.57595791, 36.14221956 ], [ 136.57576652000003, 36.14221956 ], [ 136.575511530000028, 36.14220039 ], [ 136.575168750000017, 36.14218095 ], [ 136.57500263, 36.14218553 ], [ 136.575, 36.14218561 ], [ 136.574937370000015, 36.14218733 ], [ 136.5748418, 36.14219372 ], [ 136.57452292, 36.1423165 ], [ 136.57439514, 36.14238761 ], [ 136.574324580000024, 36.14244789 ], [ 136.574243750000022, 36.14251705 ], [ 136.574172090000019, 36.142614 ], [ 136.574108200000012, 36.14276289 ], [ 136.574060410000016, 36.14284039 ], [ 136.57400458, 36.14289205 ], [ 136.57389292, 36.14296344 ], [ 136.573621800000012, 36.14304095 ], [ 136.57339847, 36.14309261 ], [ 136.573087640000011, 36.14313789 ], [ 136.57277708, 36.14314456 ], [ 136.572450140000029, 36.14318984 ], [ 136.572394310000021, 36.14318984 ], [ 136.572226810000018, 36.14328039 ], [ 136.57209124000002, 36.14341623 ], [ 136.571971530000013, 36.14351984 ], [ 136.5718918, 36.143539 ], [ 136.571596810000017, 36.14339677 ], [ 136.57125403, 36.14333844 ], [ 136.571022920000019, 36.1433515 ], [ 136.57089514, 36.14335789 ], [ 136.570831530000021, 36.14338372 ], [ 136.570727910000016, 36.143429 ], [ 136.570472630000012, 36.14355177 ], [ 136.57015375, 36.14374595 ], [ 136.569898750000021, 36.143914 ], [ 136.5697393, 36.14397872 ], [ 136.56950014, 36.14407564 ], [ 136.56931681, 36.1441598 ], [ 136.569013750000011, 36.14432814 ], [ 136.56868681, 36.14447036 ], [ 136.568519580000014, 36.14450925 ], [ 136.56836014000001, 36.14447675 ], [ 136.568065140000016, 36.14439925 ], [ 136.567801800000012, 36.14430869 ], [ 136.56760263000001, 36.14423092 ], [ 136.56731542, 36.1441598 ], [ 136.567076520000029, 36.14417925 ], [ 136.5666693, 36.14417925 ], [ 136.566666670000018, 36.14417925 ], [ 136.56655847, 36.14417925 ], [ 136.566295140000022, 36.14414036 ], [ 136.566024030000023, 36.14408869 ], [ 136.565713190000025, 36.14404341 ], [ 136.5655218, 36.14401759 ], [ 136.56535431, 36.14407564 ], [ 136.56516292, 36.1441662 ], [ 136.56495569, 36.14424397 ], [ 136.564756520000032, 36.14432147 ], [ 136.56449319, 36.1443862 ], [ 136.564457370000014, 36.1443948 ], [ 136.564142630000021, 36.14447008 ], [ 136.563791800000018, 36.14456064 ], [ 136.56367236, 36.14456703 ], [ 136.563528750000017, 36.14456064 ], [ 136.56316209000002, 36.14459953 ], [ 136.563050410000017, 36.14466425 ], [ 136.56299458, 36.14474175 ], [ 136.56298652000001, 36.14485175 ], [ 136.562994620000012, 36.1450912 ], [ 136.563098220000029, 36.1454212 ], [ 136.56307433, 36.14584814 ], [ 136.563042390000021, 36.14602259 ], [ 136.563002670000031, 36.14610675 ], [ 136.562851, 36.14636536 ], [ 136.562675720000016, 36.14653339 ], [ 136.562548220000025, 36.14665644 ], [ 136.562364620000011, 36.14683756 ], [ 136.56218934, 36.14708339 ], [ 136.562029880000011, 36.14725144 ], [ 136.562013770000021, 36.14731617 ], [ 136.562045720000015, 36.14736811 ], [ 136.562221, 36.14769784 ], [ 136.56219711, 36.147782 ], [ 136.56216516, 36.14796284 ], [ 136.56216516, 36.14807922 ], [ 136.562037660000016, 36.14842228 ], [ 136.561886, 36.14888811 ], [ 136.561702670000017, 36.14925672 ], [ 136.561519340000018, 36.14954784 ], [ 136.561284230000012, 36.14999923 ], [ 136.561283840000016, 36.15 ], [ 136.561280170000032, 36.150007 ], [ 136.56093711, 36.15059561 ], [ 136.560737980000027, 36.15094505 ], [ 136.560570470000016, 36.15117144 ], [ 136.560490750000014, 36.15135228 ], [ 136.5604827, 36.15154644 ], [ 136.56045326, 36.15187505 ], [ 136.56045075, 36.151902 ], [ 136.56038713, 36.152122 ], [ 136.560339360000029, 36.15251033 ], [ 136.56022769, 36.15274311 ], [ 136.56009214, 36.15301478 ], [ 136.560028250000016, 36.15305978 ], [ 136.55979713, 36.153157 ], [ 136.55959769, 36.15313087 ], [ 136.559294640000019, 36.1530728 ], [ 136.55905547, 36.15309864 ], [ 136.55888825, 36.15315697 ], [ 136.55860908, 36.15321503 ], [ 136.558385750000014, 36.15320225 ], [ 136.558336030000021, 36.1531998 ], [ 136.558333330000011, 36.15319969 ], [ 136.5582502, 36.15319559 ], [ 136.55814659, 36.15312447 ], [ 136.558034920000011, 36.15304697 ], [ 136.55792326, 36.15294336 ], [ 136.55769214, 36.15278169 ], [ 136.557492970000027, 36.15271059 ], [ 136.557341580000013, 36.15271059 ], [ 136.55713436000002, 36.15279447 ], [ 136.55685519, 36.15291753 ], [ 136.556600190000012, 36.15300808 ], [ 136.55641659, 36.15301447 ], [ 136.55589852, 36.15294975 ], [ 136.555507690000013, 36.15293031 ], [ 136.555358500000011, 36.15293989 ], [ 136.55520464, 36.15294975 ], [ 136.55499742, 36.15297587 ], [ 136.55479825, 36.15302114 ], [ 136.554614640000011, 36.15309864 ], [ 136.554511030000015, 36.15313753 ], [ 136.55428769, 36.15327975 ], [ 136.554176300000023, 36.15335753 ], [ 136.554040750000013, 36.15357059 ], [ 136.553936860000022, 36.15373892 ], [ 136.553849360000015, 36.1538228 ], [ 136.553761580000014, 36.15386169 ], [ 136.553426590000015, 36.15398475 ], [ 136.55319547000002, 36.15410113 ], [ 136.55306798, 36.15413336 ], [ 136.5529802, 36.15413336 ], [ 136.552804920000028, 36.15417225 ], [ 136.552693260000012, 36.15421753 ], [ 136.55258158, 36.15428225 ], [ 136.55244603, 36.15441808 ], [ 136.55223075, 36.15467697 ], [ 136.55207131, 36.1548192 ], [ 136.551943800000032, 36.15489031 ], [ 136.55185603000001, 36.15490975 ], [ 136.551831310000011, 36.15490808 ], [ 136.551678, 36.15523753 ], [ 136.551590510000011, 36.15540725 ], [ 136.551471890000016, 36.15566556 ], [ 136.551365500000031, 36.1558 ], [ 136.55126883, 36.15593444 ], [ 136.55112189, 36.15608139 ], [ 136.551012720000017, 36.15622584 ], [ 136.550872170000019, 36.15642333 ], [ 136.55076577, 36.15657556 ], [ 136.550728280000016, 36.15665667 ], [ 136.55071272, 36.15677833 ], [ 136.550728280000016, 36.15701111 ], [ 136.550784670000013, 36.15734056 ], [ 136.55081272000001, 36.15746223 ], [ 136.55099078, 36.15782222 ], [ 136.55106272, 36.15799695 ], [ 136.55120328000001, 36.15819723 ], [ 136.551365770000018, 36.1583325 ], [ 136.55136678, 36.15833333 ], [ 136.551465230000019, 36.15841528 ], [ 136.551571610000025, 36.15851667 ], [ 136.55159328000002, 36.158575 ], [ 136.55159633, 36.15864084 ], [ 136.55158717, 36.15872944 ], [ 136.551512170000024, 36.15890944 ], [ 136.551440220000018, 36.15900833 ], [ 136.551278, 36.15932472 ], [ 136.55119966, 36.15946167 ], [ 136.55112467, 36.15954528 ], [ 136.55104051, 36.15961611 ], [ 136.550978, 36.15967444 ], [ 136.550912440000019, 36.15982917 ], [ 136.550865500000015, 36.15996084 ], [ 136.55072494, 36.16022695 ], [ 136.55068745, 36.16035889 ], [ 136.5506655, 36.16051861 ], [ 136.550671890000018, 36.16062251 ], [ 136.55069051000001, 36.16080472 ], [ 136.55079387, 36.16100222 ], [ 136.55086859, 36.16110861 ], [ 136.55088747, 36.16125305 ], [ 136.550859420000023, 36.16132417 ], [ 136.550818860000021, 36.1613975 ], [ 136.55074997, 36.16147861 ], [ 136.550693860000024, 36.16153944 ], [ 136.550618860000014, 36.16165611 ], [ 136.55047525, 36.16180305 ], [ 136.55043136, 36.16195 ], [ 136.550300250000021, 36.16219333 ], [ 136.55020636, 36.16226944 ], [ 136.55012525, 36.16232 ], [ 136.550057760000016, 36.16237472 ], [ 136.550050250000027, 36.16238084 ], [ 136.550006640000021, 36.16244695 ], [ 136.55000275, 36.16245484 ], [ 136.55, 36.16246039 ], [ 136.549956640000033, 36.16254833 ], [ 136.549956640000033, 36.16284695 ], [ 136.55, 36.16297169 ], [ 136.55000275, 36.16297961 ], [ 136.550014310000023, 36.16301286 ], [ 136.55003776, 36.16308028 ], [ 136.55018136000001, 36.16352611 ], [ 136.550218590000014, 36.16375944 ], [ 136.550306080000013, 36.1639975 ], [ 136.55046859, 36.16420028 ], [ 136.550568590000012, 36.16432195 ], [ 136.550643580000013, 36.16438277 ], [ 136.550724700000018, 36.16442333 ], [ 136.55094331, 36.16443861 ], [ 136.551143310000015, 36.16444861 ], [ 136.55131830000002, 36.16440305 ], [ 136.55155553, 36.16441333 ], [ 136.551630530000011, 36.16442833 ], [ 136.551661920000015, 36.16447917 ], [ 136.55165553, 36.16482889 ], [ 136.551605530000018, 36.1650925 ], [ 136.55156803, 36.16533084 ], [ 136.55154302, 36.16550778 ], [ 136.55155525, 36.16563444 ], [ 136.551592750000026, 36.16576639 ], [ 136.551630250000017, 36.16583223 ], [ 136.55173025000002, 36.16591333 ], [ 136.55191136000002, 36.16604 ], [ 136.552067760000028, 36.16617695 ], [ 136.552273860000014, 36.16632389 ], [ 136.55244248, 36.16646084 ], [ 136.55260497, 36.16660278 ], [ 136.55265689, 36.16666584 ], [ 136.552657610000011, 36.16666667 ], [ 136.55271747, 36.16673944 ], [ 136.552898590000012, 36.16684611 ], [ 136.5530483, 36.1669525 ], [ 136.55312969000002, 36.16705889 ], [ 136.55318581, 36.16719584 ], [ 136.55321722, 36.16727695 ], [ 136.55321722, 36.16743387 ], [ 136.55317944, 36.1675758 ], [ 136.55314805, 36.16787969 ], [ 136.55307944, 36.16808247 ], [ 136.55307306, 36.16816859 ], [ 136.553098050000017, 36.16827497 ], [ 136.55316056, 36.16840692 ], [ 136.553291950000016, 36.16866025 ], [ 136.553441670000012, 36.16889359 ], [ 136.553560560000022, 36.16900497 ], [ 136.553641670000019, 36.16910636 ], [ 136.553685280000025, 36.1691672 ], [ 136.55371667, 36.16926359 ], [ 136.55374472, 36.16939025 ], [ 136.553802500000018, 36.1696108 ], [ 136.553822780000019, 36.16967664 ], [ 136.55383083000001, 36.1697658 ], [ 136.55385472, 36.16995331 ], [ 136.55388222, 36.17010941 ], [ 136.55391667, 36.17025164 ], [ 136.55399555, 36.17039387 ], [ 136.554078050000015, 36.17053886 ], [ 136.55411555, 36.1707172 ], [ 136.554129440000025, 36.17087053 ], [ 136.55411555, 36.1710322 ], [ 136.55415, 36.17119664 ], [ 136.554108610000014, 36.17136941 ], [ 136.55401584, 36.1715172 ], [ 136.553985840000024, 36.17157941 ], [ 136.553971390000015, 36.17160913 ], [ 136.553957500000024, 36.17166469 ], [ 136.553974720000014, 36.17172887 ], [ 136.55408472, 36.17178747 ], [ 136.55424944, 36.1718322 ], [ 136.554527780000029, 36.17193497 ], [ 136.55469973000001, 36.17204914 ], [ 136.55488861, 36.17224164 ], [ 136.55497778000003, 36.17233359 ], [ 136.55511861, 36.1725008 ], [ 136.55523555000002, 36.17268192 ], [ 136.55535222, 36.17285469 ], [ 136.555445030000016, 36.1730722 ], [ 136.555610030000025, 36.17330359 ], [ 136.55571642000001, 36.17343441 ], [ 136.555894750000022, 36.17365469 ], [ 136.55605975, 36.17376887 ], [ 136.55613864, 36.17386941 ], [ 136.5562692, 36.17406969 ], [ 136.55637586, 36.17419247 ], [ 136.55652336, 36.17434275 ], [ 136.556612800000011, 36.17448497 ], [ 136.556664470000015, 36.17457414 ], [ 136.55663698, 36.17478053 ], [ 136.55664725, 36.17485303 ], [ 136.556746690000011, 36.17497553 ], [ 136.55677144, 36.17499913 ], [ 136.55677234, 36.175 ], [ 136.55684309, 36.17506747 ], [ 136.556994190000012, 36.1751958 ], [ 136.557093650000013, 36.17528775 ], [ 136.55722781, 36.17541053 ], [ 136.55741336, 36.17570303 ], [ 136.557392530000016, 36.17583136 ], [ 136.55733086, 36.17595386 ], [ 136.557255310000016, 36.17606831 ], [ 136.55709725, 36.1762658 ], [ 136.556811970000012, 36.17664497 ], [ 136.556746690000011, 36.17675913 ], [ 136.55652336, 36.1770322 ], [ 136.556200580000024, 36.17745053 ], [ 136.55612837000001, 36.17756192 ], [ 136.55600475, 36.17782914 ], [ 136.555960030000023, 36.17787664 ], [ 136.555918910000031, 36.17796025 ], [ 136.555918910000031, 36.17805497 ], [ 136.55594978000002, 36.1783308 ], [ 136.555990900000012, 36.17849247 ], [ 136.55605949, 36.17862914 ], [ 136.556131720000025, 36.17878803 ], [ 136.556203670000031, 36.17894692 ], [ 136.556338660000023, 36.17914747 ], [ 136.5563445, 36.17915608 ], [ 136.556458110000023, 36.17929247 ], [ 136.5565645, 36.17943192 ], [ 136.556640050000027, 36.17958803 ], [ 136.55665367, 36.17976359 ], [ 136.556647, 36.1798722 ], [ 136.55647506, 36.18028441 ], [ 136.55640645, 36.18046025 ], [ 136.556358390000014, 36.18062192 ], [ 136.5563309, 36.1807722 ], [ 136.55631034000001, 36.1810008 ], [ 136.556320610000029, 36.18111525 ], [ 136.55637895000001, 36.18132969 ], [ 136.556437280000011, 36.18149969 ], [ 136.55657144, 36.18162803 ], [ 136.55672228, 36.18171997 ], [ 136.55684589, 36.1818008 ], [ 136.55696949, 36.1819458 ], [ 136.55704506, 36.18207941 ], [ 136.55707616, 36.18236359 ], [ 136.557093110000011, 36.18253913 ], [ 136.557151730000015, 36.18263664 ], [ 136.557285620000016, 36.18282356 ], [ 136.557436720000027, 36.18304633 ], [ 136.55756728, 36.18321939 ], [ 136.55763547, 36.18333244 ], [ 136.55763601000001, 36.18333333 ], [ 136.55764283000002, 36.18334467 ], [ 136.557622310000028, 36.18350633 ], [ 136.557508970000015, 36.18373217 ], [ 136.55741287, 36.1838855 ], [ 136.55740258, 36.18396078 ], [ 136.55741287, 36.18401356 ], [ 136.55747119000003, 36.18416411 ], [ 136.55757759, 36.18429495 ], [ 136.557652870000027, 36.18443717 ], [ 136.55787616, 36.18477159 ], [ 136.557982870000018, 36.18489411 ], [ 136.55812008, 36.18503911 ], [ 136.55820953, 36.185173 ], [ 136.558333330000011, 36.18535905 ], [ 136.558336200000014, 36.18536333 ], [ 136.558370920000016, 36.18541551 ], [ 136.55851175, 36.185658 ], [ 136.55871786, 36.18592272 ], [ 136.558807300000012, 36.18606217 ], [ 136.558879250000018, 36.18620967 ], [ 136.558948140000012, 36.18634356 ], [ 136.55906815, 36.18651911 ], [ 136.55932564, 36.18680884 ], [ 136.55945953, 36.186923 ], [ 136.559603970000012, 36.187043 ], [ 136.55973341, 36.18713884 ], [ 136.559806740000028, 36.18719328 ], [ 136.55994064, 36.18735772 ], [ 136.56007453, 36.18763384 ], [ 136.560167300000018, 36.18776467 ], [ 136.560277300000024, 36.18788744 ], [ 136.560647890000013, 36.18853133 ], [ 136.560730390000032, 36.18865939 ], [ 136.56085066, 36.18895217 ], [ 136.56091927, 36.18915272 ], [ 136.56102927, 36.18933105 ], [ 136.56106372, 36.18948161 ], [ 136.561084280000017, 36.18962911 ], [ 136.56111511, 36.18976022 ], [ 136.561125380000021, 36.19004439 ], [ 136.56117706, 36.19028967 ], [ 136.56123205, 36.1904655 ], [ 136.561290390000011, 36.19065772 ], [ 136.56134538, 36.19078605 ], [ 136.561475670000021, 36.191073 ], [ 136.561479, 36.19127661 ], [ 136.561520390000027, 36.19143828 ], [ 136.56156150000001, 36.19157439 ], [ 136.56158097, 36.19166577 ], [ 136.561581170000011, 36.19166667 ], [ 136.561595940000018, 36.19173605 ], [ 136.56174372000001, 36.19198967 ], [ 136.561798440000018, 36.19223495 ], [ 136.56180538000001, 36.19238828 ], [ 136.56183289, 36.19250272 ], [ 136.561880950000017, 36.19263077 ], [ 136.56197372, 36.1928455 ], [ 136.562111250000015, 36.19304884 ], [ 136.56222458000002, 36.19323856 ], [ 136.562444030000023, 36.19336105 ], [ 136.562536810000012, 36.19343911 ], [ 136.56288042, 36.19368995 ], [ 136.56299737, 36.19377356 ], [ 136.563117370000015, 36.1938655 ], [ 136.563234310000013, 36.19393522 ], [ 136.56363625, 36.194303 ], [ 136.56381486, 36.1944255 ], [ 136.563907640000025, 36.19451189 ], [ 136.563989860000021, 36.19454272 ], [ 136.564110140000025, 36.19464577 ], [ 136.564460420000017, 36.19484633 ], [ 136.5645082, 36.19488995 ], [ 136.564570410000016, 36.19494689 ], [ 136.564687080000027, 36.19504995 ], [ 136.56486236, 36.19531744 ], [ 136.564920700000016, 36.19547911 ], [ 136.56502737, 36.19558217 ], [ 136.56506153, 36.19567161 ], [ 136.56511319, 36.195758 ], [ 136.56528486000002, 36.19587217 ], [ 136.565384580000028, 36.19595856 ], [ 136.565518200000014, 36.196098 ], [ 136.565621240000013, 36.19628189 ], [ 136.56566597, 36.19641022 ], [ 136.565683190000016, 36.19655772 ], [ 136.56570708000001, 36.19671105 ], [ 136.56572097, 36.19693967 ], [ 136.56582044000001, 36.19749689 ], [ 136.565831, 36.19767797 ], [ 136.56584462, 36.19780353 ], [ 136.565841280000029, 36.19796241 ], [ 136.565796550000016, 36.19832186 ], [ 136.565782670000033, 36.19853659 ], [ 136.56581017000002, 36.19867603 ], [ 136.56584462, 36.19882353 ], [ 136.565920170000027, 36.19901325 ], [ 136.566085160000029, 36.19925575 ], [ 136.566270730000014, 36.19950631 ], [ 136.56641489, 36.19967075 ], [ 136.56650073000003, 36.19979047 ], [ 136.566531560000016, 36.19995769 ], [ 136.566538720000011, 36.19999908 ], [ 136.566538880000024, 36.2 ], [ 136.56656239, 36.20013603 ], [ 136.566582940000018, 36.20027825 ], [ 136.56663795, 36.20040103 ], [ 136.566666670000018, 36.20043047 ], [ 136.56666961, 36.20043351 ], [ 136.566703220000022, 36.20046797 ], [ 136.566861280000012, 36.20066297 ], [ 136.56699183, 36.20077714 ], [ 136.567160170000022, 36.20096131 ], [ 136.567218490000016, 36.20101964 ], [ 136.567218490000016, 36.2011202 ], [ 136.567173770000011, 36.20121769 ], [ 136.567053500000014, 36.20141269 ], [ 136.56697462, 36.20152159 ], [ 136.566888780000028, 36.20161075 ], [ 136.56681326, 36.20173603 ], [ 136.566669640000015, 36.20193044 ], [ 136.566666670000018, 36.20193444 ], [ 136.566613800000027, 36.20200603 ], [ 136.566582970000013, 36.20209269 ], [ 136.566593260000019, 36.20218186 ], [ 136.566651580000013, 36.20234908 ], [ 136.566666670000018, 36.20237172 ], [ 136.566669640000015, 36.20237617 ], [ 136.56674436000003, 36.20248825 ], [ 136.56678908, 36.20262769 ], [ 136.56687492, 36.20275603 ], [ 136.566933260000013, 36.20294547 ], [ 136.566954360000011, 36.20308131 ], [ 136.566957420000023, 36.20310159 ], [ 136.567160200000018, 36.20356992 ], [ 136.56732492, 36.20373436 ], [ 136.56737992, 36.20384297 ], [ 136.56737297, 36.20393769 ], [ 136.56741075, 36.20405213 ], [ 136.567531020000018, 36.20422492 ], [ 136.567641020000025, 36.20434187 ], [ 136.567754090000022, 36.20445353 ], [ 136.567953530000011, 36.20466769 ], [ 136.568121850000011, 36.20492131 ], [ 136.56820769, 36.20503853 ], [ 136.568296860000032, 36.2051638 ], [ 136.56836908, 36.2052588 ], [ 136.568540750000011, 36.20538408 ], [ 136.56879158000001, 36.20546213 ], [ 136.569011580000023, 36.2055652 ], [ 136.569183260000017, 36.20565159 ], [ 136.569272720000015, 36.20576603 ], [ 136.569351610000012, 36.20589964 ], [ 136.56955438, 36.20611714 ], [ 136.56964022, 36.20616741 ], [ 136.56989078, 36.20626492 ], [ 136.570048830000019, 36.20628159 ], [ 136.57029272, 36.20628713 ], [ 136.57049523, 36.20627603 ], [ 136.57080438, 36.20627047 ], [ 136.571123840000013, 36.20632908 ], [ 136.571237450000012, 36.20638741 ], [ 136.571433, 36.2064738 ], [ 136.571591050000023, 36.20657992 ], [ 136.57174244, 36.20667186 ], [ 136.57190384, 36.20677214 ], [ 136.57209606, 36.20689492 ], [ 136.572267720000013, 36.2069952 ], [ 136.572398280000016, 36.20710659 ], [ 136.57263189, 36.20735186 ], [ 136.57300633, 36.2076138 ], [ 136.573102440000014, 36.20773659 ], [ 136.573222720000018, 36.20785631 ], [ 136.57339438, 36.20800964 ], [ 136.57391128, 36.20833239 ], [ 136.573912780000029, 36.20833333 ], [ 136.573916610000026, 36.20833572 ], [ 136.57406438000001, 36.20844184 ], [ 136.57419134, 36.20853933 ], [ 136.574318560000023, 36.20862851 ], [ 136.57449689, 36.20877323 ], [ 136.57461939, 36.20889711 ], [ 136.574678830000011, 36.20895711 ], [ 136.574775250000016, 36.209091 ], [ 136.574826640000026, 36.20923851 ], [ 136.57493997, 36.20938905 ], [ 136.575, 36.20945751 ], [ 136.57500302, 36.20946092 ], [ 136.5750672, 36.20953405 ], [ 136.57537636, 36.20972905 ], [ 136.575565250000011, 36.20980711 ], [ 136.575743860000017, 36.20984072 ], [ 136.575864140000022, 36.20988795 ], [ 136.57595358, 36.20992711 ], [ 136.576053019999989, 36.20999961 ], [ 136.576197470000011, 36.21020295 ], [ 136.576317760000023, 36.21041211 ], [ 136.576396640000013, 36.21054017 ], [ 136.576441360000018, 36.21064905 ], [ 136.576513580000011, 36.21073544 ], [ 136.576609690000026, 36.21081072 ], [ 136.576661090000016, 36.21084405 ], [ 136.576760800000017, 36.21085795 ], [ 136.57685025, 36.21085517 ], [ 136.576973870000018, 36.21084128 ], [ 136.577110800000014, 36.21077433 ], [ 136.577282750000023, 36.21073544 ], [ 136.57745442, 36.21073267 ], [ 136.57781859, 36.21084961 ], [ 136.57795608, 36.21093322 ], [ 136.5781072, 36.21099461 ], [ 136.578351090000012, 36.21102517 ], [ 136.578509140000023, 36.21108656 ], [ 136.578725530000014, 36.21119239 ], [ 136.578893860000022, 36.21125378 ], [ 136.57912747, 36.21128739 ], [ 136.57927859, 36.21130961 ], [ 136.579343860000023, 36.21138211 ], [ 136.57939553, 36.211541 ], [ 136.57938859, 36.21173877 ], [ 136.579354140000021, 36.21191711 ], [ 136.579357760000022, 36.21204267 ], [ 136.57944691, 36.21220711 ], [ 136.57944691, 36.21247184 ], [ 136.57969445, 36.21259461 ], [ 136.579845280000029, 36.21268656 ], [ 136.58004445, 36.21277017 ], [ 136.58035361, 36.21285656 ], [ 136.5805425, 36.21293461 ], [ 136.580631950000026, 36.21301822 ], [ 136.58083111000002, 36.21349739 ], [ 136.58085861, 36.21355322 ], [ 136.58092056000001, 36.21367572 ], [ 136.581026940000015, 36.21377322 ], [ 136.581154160000011, 36.21383461 ], [ 136.58132917, 36.21387628 ], [ 136.58149083, 36.21393767 ], [ 136.581734720000014, 36.21404933 ], [ 136.58182722, 36.21411044 ], [ 136.58190973, 36.21420823 ], [ 136.581932500000022, 36.2142585 ], [ 136.58195778000001, 36.21431405 ], [ 136.582019730000013, 36.21444211 ], [ 136.58210555, 36.21455933 ], [ 136.582195010000021, 36.21470433 ], [ 136.582342780000033, 36.21487433 ], [ 136.58241472, 36.21493572 ], [ 136.582453330000021, 36.21495908 ], [ 136.58248361, 36.21497739 ], [ 136.582586670000012, 36.21501351 ], [ 136.58274112, 36.21503877 ], [ 136.58287139, 36.21504156 ], [ 136.58303973, 36.21499961 ], [ 136.58319778, 36.21497184 ], [ 136.583333330000016, 36.21496123 ], [ 136.583336390000028, 36.214961 ], [ 136.58341083000002, 36.21495517 ], [ 136.58364445, 36.21492433 ], [ 136.58378167, 36.214891 ], [ 136.583871110000018, 36.21484905 ], [ 136.58402222, 36.21479351 ], [ 136.58418722, 36.21471267 ], [ 136.584338340000016, 36.21467905 ], [ 136.584571950000026, 36.21465961 ], [ 136.58468195, 36.214696 ], [ 136.58475389, 36.21476267 ], [ 136.58484, 36.21479628 ], [ 136.58492917, 36.21481572 ], [ 136.585166110000017, 36.21481572 ], [ 136.58536555, 36.21476823 ], [ 136.58556472, 36.21471267 ], [ 136.58571555, 36.21467628 ], [ 136.585901120000017, 36.21459017 ], [ 136.58616222, 36.21442572 ], [ 136.58643694, 36.21426405 ], [ 136.58666027000001, 36.21420851 ], [ 136.58695222, 36.21411905 ], [ 136.587082780000031, 36.21409961 ], [ 136.587220270000017, 36.21411905 ], [ 136.587343890000028, 36.21418044 ], [ 136.587505280000016, 36.21433656 ], [ 136.587670270000018, 36.21441739 ], [ 136.587855840000032, 36.21455684 ], [ 136.58803778, 36.214671 ], [ 136.58845, 36.21502795 ], [ 136.588625010000015, 36.21516989 ], [ 136.58877611, 36.21527044 ], [ 136.58892056000002, 36.21531767 ], [ 136.589188340000021, 36.21536517 ], [ 136.58948722, 36.21533989 ], [ 136.58975528000002, 36.21537905 ], [ 136.590050580000025, 36.21546823 ], [ 136.59024309, 36.215496 ], [ 136.590493920000029, 36.21547377 ], [ 136.59087864, 36.21547933 ], [ 136.591081410000015, 36.21552961 ], [ 136.59128725, 36.21559933 ], [ 136.59147808, 36.21567822 ], [ 136.591610030000027, 36.21573295 ], [ 136.59166667, 36.21574197 ], [ 136.59166975, 36.21574247 ], [ 136.592029200000013, 36.21579989 ], [ 136.592262800000015, 36.21585295 ], [ 136.59246558000001, 36.21591405 ], [ 136.59289837, 36.21600628 ], [ 136.59321086, 36.21603405 ], [ 136.593489200000022, 36.21609544 ], [ 136.593698640000014, 36.21613711 ], [ 136.59390475, 36.21631823 ], [ 136.593994190000018, 36.21649405 ], [ 136.593990640000015, 36.21666572 ], [ 136.59399061000002, 36.21666667 ], [ 136.59398725, 36.21682851 ], [ 136.59399086, 36.21690377 ], [ 136.594062800000017, 36.21707378 ], [ 136.59413837, 36.21718795 ], [ 136.594234480000011, 36.21736072 ], [ 136.59433752000001, 36.21749739 ], [ 136.59439586, 36.21756433 ], [ 136.594526420000022, 36.21763961 ], [ 136.59467752, 36.21771211 ], [ 136.59487669, 36.21776211 ], [ 136.595069200000012, 36.21778433 ], [ 136.595179200000018, 36.21783184 ], [ 136.59522031, 36.21801017 ], [ 136.59522031, 36.21817459 ], [ 136.59525475, 36.2183418 ], [ 136.59526839, 36.21888541 ], [ 136.595282280000021, 36.21900514 ], [ 136.595282280000021, 36.21918903 ], [ 136.59534756, 36.21937292 ], [ 136.595381730000014, 36.2196768 ], [ 136.59537506, 36.21984959 ], [ 136.59538533, 36.21996375 ], [ 136.59544034000001, 36.22011153 ], [ 136.5954745, 36.22026486 ], [ 136.59553645, 36.22038459 ], [ 136.595505620000012, 36.22054347 ], [ 136.59545394, 36.22062708 ], [ 136.595447, 36.22072764 ], [ 136.595471170000025, 36.22082236 ], [ 136.59551228, 36.22092264 ], [ 136.595612, 36.2209868 ], [ 136.595663380000019, 36.22107875 ], [ 136.59576311, 36.22126264 ], [ 136.595886740000026, 36.22142986 ], [ 136.595986470000014, 36.22159431 ], [ 136.596055080000014, 36.2217282 ], [ 136.59610314, 36.22187875 ], [ 136.596130640000013, 36.22207653 ], [ 136.59612397, 36.22223541 ], [ 136.596110080000017, 36.22239153 ], [ 136.596161750000022, 36.22249459 ], [ 136.59616508, 36.22281486 ], [ 136.596237300000013, 36.22290125 ], [ 136.596367860000015, 36.22312986 ], [ 136.59648453, 36.2233918 ], [ 136.596525910000025, 36.22355625 ], [ 136.59665647, 36.22371513 ], [ 136.596824810000015, 36.22401347 ], [ 136.596969, 36.22432569 ], [ 136.59703733, 36.22449011 ], [ 136.597116500000027, 36.22463233 ], [ 136.597212610000014, 36.22488595 ], [ 136.59725314, 36.224999 ], [ 136.5972535, 36.225 ], [ 136.597291500000011, 36.22510595 ], [ 136.597302050000025, 36.225279 ], [ 136.597356780000013, 36.22541817 ], [ 136.597453160000015, 36.22563567 ], [ 136.59756289, 36.22579456 ], [ 136.59767983, 36.22588372 ], [ 136.59781039, 36.22598122 ], [ 136.597851500000019, 36.22609844 ], [ 136.59793066, 36.22622095 ], [ 136.59806122, 36.22635205 ], [ 136.598150390000029, 36.22646623 ], [ 136.598202050000026, 36.22659178 ], [ 136.59823289000002, 36.22672539 ], [ 136.598236250000014, 36.22685928 ], [ 136.59820542, 36.22700705 ], [ 136.598170970000012, 36.22717956 ], [ 136.598167640000014, 36.22737456 ], [ 136.5981918, 36.22751123 ], [ 136.59824681, 36.22765622 ], [ 136.598291250000017, 36.22777039 ], [ 136.59829486000001, 36.22791539 ], [ 136.59831542, 36.22805484 ], [ 136.59833597, 36.22820539 ], [ 136.59844597, 36.22851178 ], [ 136.598679590000017, 36.22909733 ], [ 136.5987518, 36.229284 ], [ 136.598858200000024, 36.22951817 ], [ 136.598923500000012, 36.22965733 ], [ 136.599057390000013, 36.22975511 ], [ 136.5991535, 36.22985817 ], [ 136.59919156, 36.22994178 ], [ 136.59921545, 36.23006428 ], [ 136.5992085, 36.23019539 ], [ 136.59914322000003, 36.23049092 ], [ 136.59912961, 36.23062453 ], [ 136.599122670000014, 36.2307612 ], [ 136.5991635, 36.23085036 ], [ 136.59921545, 36.23096425 ], [ 136.59932183, 36.23109814 ], [ 136.59945934000001, 36.23126259 ], [ 136.59961739000002, 36.23138259 ], [ 136.599813220000016, 36.2314912 ], [ 136.59991628, 36.23161953 ], [ 136.59999516000002, 36.23175869 ], [ 136.6, 36.23178511 ], [ 136.600003220000019, 36.2318028 ], [ 136.600022670000016, 36.23190925 ], [ 136.600003220000019, 36.23195672 ], [ 136.6, 36.23196461 ], [ 136.599961, 36.2320598 ], [ 136.599892110000013, 36.23217397 ], [ 136.599747950000022, 36.23223259 ], [ 136.59957628, 36.2322048 ], [ 136.59934934, 36.23213786 ], [ 136.599205160000025, 36.23213231 ], [ 136.599115720000015, 36.23221036 ], [ 136.59904377, 36.23229675 ], [ 136.59894409, 36.23245564 ], [ 136.59885825, 36.23260341 ], [ 136.598720750000012, 36.23285703 ], [ 136.59854575, 36.23301592 ], [ 136.598418520000024, 36.23318592 ], [ 136.598321560000016, 36.23333231 ], [ 136.59832086, 36.23333333 ], [ 136.59831881, 36.23333647 ], [ 136.598267420000013, 36.23348675 ], [ 136.598191860000014, 36.23360092 ], [ 136.59815409, 36.23374313 ], [ 136.59816075, 36.23386286 ], [ 136.598181580000016, 36.23401897 ], [ 136.59815742, 36.23415286 ], [ 136.598136860000011, 36.23427259 ], [ 136.598136860000011, 36.23444259 ], [ 136.598119640000021, 36.23464341 ], [ 136.59809214, 36.23474092 ], [ 136.598009640000015, 36.23483841 ], [ 136.597934090000024, 36.23491925 ], [ 136.59789992, 36.23501953 ], [ 136.597858520000017, 36.23517841 ], [ 136.59785158, 36.23531508 ], [ 136.597896300000031, 36.2354348 ], [ 136.597930750000017, 36.23549064 ], [ 136.59814717, 36.23562731 ], [ 136.59824328000002, 36.23574147 ], [ 136.598257170000011, 36.23579731 ], [ 136.59820217, 36.23593675 ], [ 136.59813689, 36.23606759 ], [ 136.59805438, 36.23621814 ], [ 136.59801662000001, 36.23634647 ], [ 136.598003, 36.23648008 ], [ 136.597999390000012, 36.23660008 ], [ 136.598040780000019, 36.23667813 ], [ 136.59813689, 36.2368062 ], [ 136.598301610000021, 36.23693425 ], [ 136.598446060000015, 36.23703172 ], [ 136.5986555, 36.23715172 ], [ 136.59895438, 36.23728284 ], [ 136.59904384, 36.23737172 ], [ 136.59910217, 36.23747505 ], [ 136.59923272, 36.23755005 ], [ 136.59940438000001, 36.23763367 ], [ 136.599559100000022, 36.23775644 ], [ 136.5997355, 36.23783728 ], [ 136.599906060000023, 36.23791533 ], [ 136.6, 36.23795995 ], [ 136.60000331, 36.2379615 ], [ 136.60008803, 36.23800172 ], [ 136.60020830000002, 36.23808533 ], [ 136.60024275, 36.23814672 ], [ 136.600249690000027, 36.23826089 ], [ 136.60024275, 36.23835839 ], [ 136.60015691000001, 36.23847005 ], [ 136.600064140000029, 36.23864839 ], [ 136.60004358, 36.23875144 ], [ 136.600039970000012, 36.23882672 ], [ 136.600064140000029, 36.23900228 ], [ 136.600132750000029, 36.23924478 ], [ 136.60019109000001, 36.23940923 ], [ 136.600235810000015, 36.239582 ], [ 136.60030469000003, 36.23977172 ], [ 136.60029080000001, 36.24000589 ], [ 136.600297760000018, 36.24027061 ], [ 136.60032859, 36.24041284 ], [ 136.600338860000022, 36.24055756 ], [ 136.600356080000012, 36.24070533 ], [ 136.60031834000003, 36.24090339 ], [ 136.600335550000011, 36.24110672 ], [ 136.600332220000013, 36.24127117 ], [ 136.60027027000001, 36.24145228 ], [ 136.600218610000013, 36.24158311 ], [ 136.600130900000011, 36.24166561 ], [ 136.60012975, 36.24166667 ], [ 136.600088050000011, 36.24170589 ], [ 136.60004361, 36.24175867 ], [ 136.60000917, 36.24184505 ], [ 136.600003330000021, 36.24188944 ], [ 136.6, 36.24191477 ], [ 136.599985010000012, 36.24202895 ], [ 136.6, 36.24206941 ], [ 136.600003330000021, 36.24207841 ], [ 136.60003667, 36.24216839 ], [ 136.600053890000027, 36.24231061 ], [ 136.600143060000022, 36.24247228 ], [ 136.6002875, 36.24261172 ], [ 136.60031501, 36.24265339 ], [ 136.60044195, 36.24275367 ], [ 136.60048333, 36.24282339 ], [ 136.600503890000027, 36.24297117 ], [ 136.600445550000018, 36.24314113 ], [ 136.600503890000027, 36.2433278 ], [ 136.60055195000001, 36.24350087 ], [ 136.60063445, 36.24364836 ], [ 136.6008028, 36.24393003 ], [ 136.600967520000012, 36.24410559 ], [ 136.601026140000016, 36.24418641 ], [ 136.60106725, 36.24437031 ], [ 136.601136130000015, 36.2445628 ], [ 136.6012392, 36.24475503 ], [ 136.60134224, 36.24484141 ], [ 136.601637520000025, 36.24495559 ], [ 136.60188808, 36.24505613 ], [ 136.60203224, 36.24513975 ], [ 136.602221410000027, 36.24524003 ], [ 136.602413650000017, 36.24534586 ], [ 136.6024928, 36.24538225 ], [ 136.602784750000012, 36.24539059 ], [ 136.602815580000026, 36.24540113 ], [ 136.603097250000019, 36.24549641 ], [ 136.603203920000027, 36.24557725 ], [ 136.603403090000029, 36.24569725 ], [ 136.603550860000013, 36.24583364 ], [ 136.603591970000025, 36.24589225 ], [ 136.603616140000014, 36.24595086 ], [ 136.603602240000015, 36.24609003 ], [ 136.603574770000023, 36.24618503 ], [ 136.60344090000001, 36.24646364 ], [ 136.60336866, 36.24660003 ], [ 136.60317978, 36.2469178 ], [ 136.603042280000011, 36.24707669 ], [ 136.602884230000029, 36.24724947 ], [ 136.60280533, 36.24738031 ], [ 136.60272978, 36.24750031 ], [ 136.602530610000031, 36.24775947 ], [ 136.60242394, 36.24791003 ], [ 136.602365620000029, 36.24810503 ], [ 136.60234533000002, 36.2482528 ], [ 136.602324770000024, 36.24838669 ], [ 136.602297280000016, 36.24852308 ], [ 136.602290340000025, 36.24863753 ], [ 136.602300610000015, 36.24877947 ], [ 136.60233144, 36.24889669 ], [ 136.602537300000023, 36.24931475 ], [ 136.60262314, 36.24943444 ], [ 136.602681750000016, 36.24958472 ], [ 136.602709250000032, 36.24970195 ], [ 136.602695360000013, 36.24998611 ], [ 136.60269438, 36.24999889 ], [ 136.60269431, 36.25 ], [ 136.602685080000015, 36.25012278 ], [ 136.60272980000002, 36.25024528 ], [ 136.602784810000031, 36.25049639 ], [ 136.60287064, 36.25066917 ], [ 136.602928970000022, 36.25094223 ], [ 136.602949530000018, 36.25115139 ], [ 136.60305258, 36.251405 ], [ 136.603145360000013, 36.25158611 ], [ 136.603262310000019, 36.25173667 ], [ 136.603317300000015, 36.25186195 ], [ 136.603372310000026, 36.25202361 ], [ 136.60355428, 36.25224111 ], [ 136.60366066, 36.25236944 ], [ 136.603890950000022, 36.25253944 ], [ 136.60402844, 36.25263139 ], [ 136.60422066000001, 36.25271223 ], [ 136.604413170000015, 36.25279584 ], [ 136.6047565, 36.25296584 ], [ 136.604852890000018, 36.25309167 ], [ 136.60493567, 36.25318361 ], [ 136.604971510000013, 36.25327611 ], [ 136.605013720000017, 36.25355528 ], [ 136.605040660000014, 36.25363639 ], [ 136.605085670000022, 36.25372195 ], [ 136.60521678, 36.25390972 ], [ 136.60526511, 36.25399722 ], [ 136.60540817, 36.25438167 ], [ 136.60545431, 36.25490333 ], [ 136.605630140000017, 36.25541887 ], [ 136.605982360000013, 36.25579775 ], [ 136.60628097, 36.25608941 ], [ 136.6064493, 36.25640636 ], [ 136.606455970000013, 36.25643497 ], [ 136.60647986, 36.25653664 ], [ 136.60662514, 36.25669803 ], [ 136.60686236, 36.25687803 ], [ 136.607275720000018, 36.2570458 ], [ 136.60745183, 36.25721331 ], [ 136.607597390000024, 36.25733747 ], [ 136.607758220000022, 36.25748664 ], [ 136.608179050000018, 36.2577722 ], [ 136.608333330000022, 36.25786489 ], [ 136.608336830000013, 36.257867 ], [ 136.608355160000031, 36.25787803 ], [ 136.608523500000018, 36.2579772 ], [ 136.60886822, 36.25813887 ], [ 136.609122110000015, 36.2583322 ], [ 136.609123610000012, 36.25833333 ], [ 136.609243220000025, 36.25842441 ], [ 136.609381, 36.25852387 ], [ 136.609572390000011, 36.25860441 ], [ 136.609916860000027, 36.25878469 ], [ 136.610237980000022, 36.25897108 ], [ 136.61039881, 36.25919441 ], [ 136.610452410000022, 36.25941189 ], [ 136.610551860000015, 36.25961689 ], [ 136.61074326, 36.25972244 ], [ 136.611026590000023, 36.25970995 ], [ 136.61124852, 36.25967272 ], [ 136.61150131, 36.25972244 ], [ 136.61179214, 36.25988384 ], [ 136.61206769, 36.26007633 ], [ 136.61222075, 36.26030633 ], [ 136.612197690000016, 36.26048023 ], [ 136.61219022, 36.26074105 ], [ 136.612335500000029, 36.26107633 ], [ 136.612320220000015, 36.26151077 ], [ 136.61238911, 36.26192689 ], [ 136.61238911, 36.26204495 ], [ 136.612259100000017, 36.262163 ], [ 136.612075230000016, 36.26224995 ], [ 136.61190689, 36.26236161 ], [ 136.611730780000016, 36.26253551 ], [ 136.611655500000012, 36.26262939 ], [ 136.61137883, 36.26265967 ], [ 136.611046030000011, 36.26258456 ], [ 136.610911610000016, 36.26255411 ], [ 136.610766330000018, 36.26255411 ], [ 136.610551890000011, 36.26256661 ], [ 136.60976384, 36.26264105 ], [ 136.609572440000022, 36.26266605 ], [ 136.609319660000011, 36.26275911 ], [ 136.608891050000011, 36.26282133 ], [ 136.608531340000013, 36.26270939 ], [ 136.60834745, 36.26265939 ], [ 136.60833689, 36.26265553 ], [ 136.608333330000022, 36.26265422 ], [ 136.6081102, 36.26257244 ], [ 136.607406030000021, 36.26242356 ], [ 136.60682409, 36.26242356 ], [ 136.606411020000024, 36.2624172 ], [ 136.60637936, 36.26240997 ], [ 136.606135470000027, 36.26235525 ], [ 136.605951850000025, 36.26232413 ], [ 136.605691580000013, 36.26227441 ], [ 136.605301020000013, 36.26229913 ], [ 136.604933530000011, 36.26215636 ], [ 136.604742410000028, 36.26208192 ], [ 136.604482140000016, 36.26200108 ], [ 136.60411464, 36.26199497 ], [ 136.603532670000021, 36.26215636 ], [ 136.60336128000003, 36.26215887 ], [ 136.60319433, 36.26213747 ], [ 136.602920730000022, 36.26197636 ], [ 136.60270628, 36.26172164 ], [ 136.602667950000011, 36.26155387 ], [ 136.60258822000003, 36.2615558 ], [ 136.602498780000019, 36.26161387 ], [ 136.602406280000025, 36.26170333 ], [ 136.602108500000014, 36.26199136 ], [ 136.60198655, 36.26209413 ], [ 136.601966550000014, 36.26218692 ], [ 136.60200211, 36.26227441 ], [ 136.601957950000013, 36.26238803 ], [ 136.60184128, 36.26250414 ], [ 136.601228780000014, 36.26292025 ], [ 136.601083500000016, 36.26304414 ], [ 136.600807660000015, 36.26310636 ], [ 136.60012655, 36.26329275 ], [ 136.600003500000014, 36.26338286 ], [ 136.6, 36.26338541 ], [ 136.599965720000029, 36.26341053 ], [ 136.599674890000017, 36.26369636 ], [ 136.599406830000021, 36.26409387 ], [ 136.59937628000003, 36.26426775 ], [ 136.59946822, 36.26455969 ], [ 136.59942211, 36.26490747 ], [ 136.59930739, 36.26506275 ], [ 136.599207950000022, 36.26522413 ], [ 136.59909294000002, 36.26546608 ], [ 136.599013220000018, 36.26568192 ], [ 136.598978220000021, 36.26577664 ], [ 136.599200170000017, 36.26606859 ], [ 136.599314890000016, 36.26620497 ], [ 136.59941462, 36.26641636 ], [ 136.59942988, 36.26654053 ], [ 136.599351410000025, 36.26666553 ], [ 136.599350730000026, 36.26666667 ], [ 136.599223220000027, 36.26686969 ], [ 136.59921545, 36.26699997 ], [ 136.59920462, 36.26721497 ], [ 136.598825160000018, 36.26740387 ], [ 136.59846545000002, 36.26757775 ], [ 136.598320170000022, 36.26764608 ], [ 136.598098220000026, 36.26778247 ], [ 136.59766934000001, 36.26796861 ], [ 136.597477950000012, 36.26806195 ], [ 136.59735956, 36.26820308 ], [ 136.59734795, 36.26821695 ], [ 136.597332670000014, 36.26851528 ], [ 136.59732489000001, 36.26881333 ], [ 136.597118220000027, 36.26898111 ], [ 136.59692684, 36.26908667 ], [ 136.596877950000021, 36.26919167 ], [ 136.596865720000011, 36.26943444 ], [ 136.596857950000015, 36.26978223 ], [ 136.596758490000013, 36.26996223 ], [ 136.59656711, 36.27004305 ], [ 136.59636795, 36.27028528 ], [ 136.596322110000017, 36.27067 ], [ 136.596207390000018, 36.27082528 ], [ 136.596084890000014, 36.27098667 ], [ 136.59583988, 36.27111722 ], [ 136.595449300000013, 36.27126611 ], [ 136.595250420000013, 36.27136556 ], [ 136.595104860000021, 36.27148972 ], [ 136.594837080000019, 36.27172584 ], [ 136.594684030000025, 36.27189972 ], [ 136.594745140000015, 36.27219778 ], [ 136.594783480000018, 36.27237778 ], [ 136.594627910000014, 36.27275195 ], [ 136.59457681, 36.27287472 ], [ 136.594469590000017, 36.27317917 ], [ 136.59444652000002, 36.27339639 ], [ 136.594469590000017, 36.27367556 ], [ 136.594431250000014, 36.27407944 ], [ 136.59448486, 36.27422223 ], [ 136.5945307, 36.27440223 ], [ 136.59476042, 36.27483695 ], [ 136.594966060000019, 36.27499889 ], [ 136.59496747, 36.275 ], [ 136.595028469999988, 36.27504805 ], [ 136.59522737, 36.27516611 ], [ 136.59538042, 36.27532751 ], [ 136.595479580000017, 36.27577472 ], [ 136.595495140000025, 36.27594861 ], [ 136.59554097, 36.27612889 ], [ 136.59573236, 36.27644556 ], [ 136.595862360000012, 36.27674361 ], [ 136.59591597, 36.27686167 ], [ 136.59600791, 36.2770542 ], [ 136.596069030000024, 36.2772592 ], [ 136.595984860000016, 36.27750753 ], [ 136.59570930000001, 36.2777992 ], [ 136.595479580000017, 36.27780531 ], [ 136.595242360000015, 36.27769975 ], [ 136.59479847, 36.27748864 ], [ 136.59462263, 36.27740169 ], [ 136.594400700000023, 36.27727753 ], [ 136.59415569, 36.27711613 ], [ 136.593665690000023, 36.27688641 ], [ 136.59349737, 36.27681808 ], [ 136.593290700000011, 36.27675613 ], [ 136.59306097000001, 36.27665669 ], [ 136.59250986, 36.2764828 ], [ 136.592356810000013, 36.27645808 ], [ 136.592134580000021, 36.27642031 ], [ 136.59185681, 36.27634725 ], [ 136.59182847, 36.27633975 ], [ 136.591670140000019, 36.27630759 ], [ 136.59166667, 36.27630689 ], [ 136.59127737, 36.2762278 ], [ 136.591093450000017, 36.27619669 ], [ 136.590864, 36.27615336 ], [ 136.59062678, 36.27615336 ], [ 136.58989205, 36.27617197 ], [ 136.58966234, 36.2762342 ], [ 136.58917234, 36.2764142 ], [ 136.588958170000012, 36.27658808 ], [ 136.588812610000019, 36.27671225 ], [ 136.588782310000028, 36.27675753 ], [ 136.58866706, 36.27692975 ], [ 136.588560120000011, 36.27750728 ], [ 136.588475940000023, 36.27771839 ], [ 136.58842983, 36.27791728 ], [ 136.58827678, 36.27822144 ], [ 136.588085380000024, 36.2785195 ], [ 136.58797066, 36.27863117 ], [ 136.587893990000026, 36.27881756 ], [ 136.587710390000012, 36.27915895 ], [ 136.58738122, 36.27958144 ], [ 136.58731222, 36.27964975 ], [ 136.587243450000017, 36.27971784 ], [ 136.587044250000019, 36.27991672 ], [ 136.58698092, 36.27994978 ], [ 136.586807030000017, 36.28004089 ], [ 136.586638420000014, 36.27999756 ], [ 136.5865162, 36.27985451 ], [ 136.586431750000031, 36.27971784 ], [ 136.586355360000027, 36.27960617 ], [ 136.586187030000019, 36.27937644 ], [ 136.586102580000016, 36.279317 ], [ 136.58601092, 36.27925228 ], [ 136.585865360000014, 36.27915284 ], [ 136.58562036, 36.2790845 ], [ 136.585130920000012, 36.27900367 ], [ 136.58493175000001, 36.27898505 ], [ 136.58475564, 36.27891672 ], [ 136.58458730000001, 36.27880505 ], [ 136.58440508000001, 36.27864505 ], [ 136.584403410000021, 36.27864339 ], [ 136.584204530000022, 36.27855033 ], [ 136.58405898, 36.278507 ], [ 136.583867590000011, 36.27845728 ], [ 136.583569250000011, 36.27843228 ], [ 136.583336740000021, 36.27842578 ], [ 136.583333330000016, 36.27842569 ], [ 136.582903140000013, 36.27841367 ], [ 136.58269647, 36.27839505 ], [ 136.58240564, 36.27840144 ], [ 136.582007590000018, 36.27838256 ], [ 136.5818773, 36.27833311 ], [ 136.581708970000022, 36.27826477 ], [ 136.581550470000025, 36.27823128 ], [ 136.58150255000001, 36.27822117 ], [ 136.58113506, 36.27814672 ], [ 136.58100506, 36.27819005 ], [ 136.580913110000012, 36.27833311 ], [ 136.580936160000022, 36.27856897 ], [ 136.581035620000023, 36.27906564 ], [ 136.581012550000025, 36.27925813 ], [ 136.581012550000025, 36.27952508 ], [ 136.58106616, 36.2799598 ], [ 136.5811045, 36.28011508 ], [ 136.58116562, 36.28025813 ], [ 136.58129562000002, 36.28051259 ], [ 136.581257280000017, 36.28059953 ], [ 136.580890050000022, 36.28069286 ], [ 136.58055339, 36.28081703 ], [ 136.580354230000012, 36.28092259 ], [ 136.5801409, 36.28101331 ], [ 136.580032830000022, 36.28105925 ], [ 136.579504500000013, 36.28125175 ], [ 136.579359220000015, 36.28130147 ], [ 136.579183110000031, 36.28135703 ], [ 136.57878506, 36.2814998 ], [ 136.578325620000015, 36.28168008 ], [ 136.57815728, 36.28173592 ], [ 136.577851170000031, 36.28182897 ], [ 136.57770783, 36.28186841 ], [ 136.57739949, 36.28195314 ], [ 136.577120050000019, 36.28206647 ], [ 136.57710839, 36.2820712 ], [ 136.576970890000013, 36.28217064 ], [ 136.57673367000001, 36.2822948 ], [ 136.576083090000026, 36.28246259 ], [ 136.57586864000001, 36.28253703 ], [ 136.575148910000024, 36.28287205 ], [ 136.575003360000011, 36.28293895 ], [ 136.575, 36.28294047 ], [ 136.574973090000015, 36.28295289 ], [ 136.57481224, 36.28305844 ], [ 136.57456725, 36.28321372 ], [ 136.574391720000023, 36.28333233 ], [ 136.57439022, 36.28333333 ], [ 136.57419975000002, 36.28346205 ], [ 136.57397781, 36.28355539 ], [ 136.57371752, 36.283549 ], [ 136.573465030000023, 36.28354289 ], [ 136.57326864, 36.28357511 ], [ 136.57293669, 36.28362984 ], [ 136.57273031, 36.28379761 ], [ 136.572745310000016, 36.28400233 ], [ 136.572668910000033, 36.28410817 ], [ 136.572580030000012, 36.28420261 ], [ 136.572569470000019, 36.28421372 ], [ 136.57240891, 36.28437511 ], [ 136.57193419, 36.28457984 ], [ 136.571814750000016, 36.28461872 ], [ 136.571781140000013, 36.28462956 ], [ 136.571605030000029, 36.28466677 ], [ 136.57128336, 36.284679 ], [ 136.57120472, 36.28466872 ], [ 136.570663330000031, 36.28459844 ], [ 136.57051805, 36.28458595 ], [ 136.57034944, 36.28454872 ], [ 136.569660560000017, 36.2844865 ], [ 136.56936195, 36.28455484 ], [ 136.569208880000019, 36.28462956 ], [ 136.56891834000001, 36.28457984 ], [ 136.56848195, 36.28433761 ], [ 136.56832112, 36.28423817 ], [ 136.568160560000024, 36.28415733 ], [ 136.567800560000023, 36.28403317 ], [ 136.567218880000013, 36.28382817 ], [ 136.567035280000027, 36.28376623 ], [ 136.56686667, 36.28369761 ], [ 136.56671361, 36.28363567 ], [ 136.56667, 36.28362684 ], [ 136.566666670000018, 36.28362617 ], [ 136.56628501, 36.28354875 ], [ 136.566047780000019, 36.28352403 ], [ 136.56582555, 36.28350541 ], [ 136.56548139, 36.28349903 ], [ 136.56499917, 36.28349292 ], [ 136.56480776, 36.28348041 ], [ 136.564616350000023, 36.28350541 ], [ 136.564477470000014, 36.28356375 ], [ 136.564394420000013, 36.28359847 ], [ 136.564080530000012, 36.28390264 ], [ 136.56385859, 36.28395208 ], [ 136.563651920000012, 36.28389625 ], [ 136.563429970000016, 36.28378459 ], [ 136.563062480000013, 36.28346764 ], [ 136.562914670000026, 36.28333333 ], [ 136.562913580000014, 36.28333236 ], [ 136.562871090000016, 36.28329375 ], [ 136.562733310000027, 36.28313847 ], [ 136.562603020000012, 36.28287792 ], [ 136.562396640000031, 36.28254875 ], [ 136.56224358, 36.28238736 ], [ 136.562090610000013, 36.28223828 ], [ 136.56199859, 36.28203959 ], [ 136.561707760000019, 36.2816732 ], [ 136.56149331, 36.2814932 ], [ 136.56138608, 36.28135013 ], [ 136.561194700000016, 36.28117625 ], [ 136.56076608, 36.28095903 ], [ 136.560536360000015, 36.28090931 ], [ 136.560322190000022, 36.28088431 ], [ 136.56001581000001, 36.28084097 ], [ 136.55951859000001, 36.28082236 ], [ 136.55928886, 36.28080375 ], [ 136.559059420000011, 36.28079736 ], [ 136.55860772, 36.28072903 ], [ 136.558534920000028, 36.28071472 ], [ 136.558336610000026, 36.28067613 ], [ 136.558333330000011, 36.2806755 ], [ 136.55819438, 36.28064847 ], [ 136.55797217, 36.28055513 ], [ 136.557936330000018, 36.28053987 ], [ 136.55779633, 36.28048069 ], [ 136.55758189, 36.28037513 ], [ 136.55728328, 36.28027569 ], [ 136.557076610000024, 36.28030653 ], [ 136.556877720000017, 36.28040597 ], [ 136.55669384, 36.28050513 ], [ 136.55642606, 36.28072875 ], [ 136.556288280000018, 36.28106431 ], [ 136.55629577000002, 36.28124431 ], [ 136.556280510000022, 36.28138097 ], [ 136.55626523, 36.28193375 ], [ 136.55620384, 36.28222569 ], [ 136.55608134000002, 36.28239959 ], [ 136.555905500000023, 36.28257959 ], [ 136.555538, 36.2829832 ], [ 136.555354110000025, 36.28305767 ], [ 136.555163, 36.28305128 ], [ 136.554849390000015, 36.28300156 ], [ 136.554658, 36.28293961 ], [ 136.55450467, 36.28286517 ], [ 136.554137450000013, 36.28274711 ], [ 136.553915500000016, 36.28270989 ], [ 136.553471340000016, 36.28267877 ], [ 136.553050220000017, 36.28274711 ], [ 136.55288189, 36.28284628 ], [ 136.552705770000017, 36.28293961 ], [ 136.55239189, 36.28302656 ], [ 136.55192492, 36.28313823 ], [ 136.55171825, 36.28321905 ], [ 136.55153464, 36.28331211 ], [ 136.551468520000014, 36.28333239 ], [ 136.551465450000023, 36.28333333 ], [ 136.551190470000023, 36.28341767 ], [ 136.55096852, 36.28345517 ], [ 136.55076158, 36.28345517 ], [ 136.550524360000026, 36.28344267 ], [ 136.550332970000028, 36.28341767 ], [ 136.55009575, 36.28342405 ], [ 136.550003260000011, 36.28346067 ], [ 136.55, 36.28346195 ], [ 136.549766590000019, 36.28355433 ], [ 136.549643530000026, 36.28365405 ], [ 136.549590470000027, 36.28369711 ], [ 136.549460190000019, 36.28379044 ], [ 136.549269080000016, 36.28390184 ], [ 136.549062140000018, 36.2840635 ], [ 136.54896020000001, 36.28412072 ], [ 136.548679360000023, 36.28426211 ], [ 136.548631850000021, 36.28432239 ], [ 136.5485827, 36.28438461 ], [ 136.54852630000002, 36.28455405 ], [ 136.548480470000015, 36.28469072 ], [ 136.54854158, 36.28521239 ], [ 136.54864131, 36.28547933 ], [ 136.54873297, 36.285641 ], [ 136.5488402, 36.28596377 ], [ 136.54900102000002, 36.28647933 ], [ 136.54912625, 36.28684251 ], [ 136.54920776000003, 36.28707884 ], [ 136.54934547000002, 36.28747905 ], [ 136.54942964, 36.28762184 ], [ 136.54962852, 36.28789517 ], [ 136.549896300000029, 36.28809989 ], [ 136.55, 36.28816159 ], [ 136.550003260000011, 36.28816351 ], [ 136.55012603, 36.28823656 ], [ 136.550286860000028, 36.28834211 ], [ 136.55098326000001, 36.28866517 ], [ 136.551159360000014, 36.28876461 ], [ 136.551335470000026, 36.28883905 ], [ 136.551649360000027, 36.28900684 ], [ 136.5519327, 36.2892985 ], [ 136.552024360000019, 36.28947239 ], [ 136.552154670000021, 36.28965877 ], [ 136.55236883, 36.28991961 ], [ 136.552575500000017, 36.29017433 ], [ 136.55269772, 36.29034823 ], [ 136.552797450000014, 36.290516 ], [ 136.55289689, 36.29081405 ], [ 136.55291745, 36.29092656 ], [ 136.552950510000016, 36.291106 ], [ 136.552965770000014, 36.29129851 ], [ 136.55309577, 36.29147239 ], [ 136.55333725, 36.29166572 ], [ 136.553338420000017, 36.29166667 ], [ 136.553685230000013, 36.29194433 ], [ 136.55376745, 36.29204795 ], [ 136.553823, 36.29211823 ], [ 136.553891890000017, 36.29228572 ], [ 136.553899660000013, 36.29260239 ], [ 136.553869100000014, 36.29293156 ], [ 136.553930220000012, 36.29308684 ], [ 136.554068, 36.29322961 ], [ 136.554404940000012, 36.29346572 ], [ 136.554611610000023, 36.29378239 ], [ 136.554665230000012, 36.29396241 ], [ 136.554703280000012, 36.29429797 ], [ 136.55459633000001, 36.29463936 ], [ 136.554734110000027, 36.29493131 ], [ 136.55472633, 36.2951238 ], [ 136.55458078, 36.2952852 ], [ 136.554565500000024, 36.2955152 ], [ 136.55474161, 36.29593103 ], [ 136.554764670000026, 36.29613603 ], [ 136.55469577, 36.29632853 ], [ 136.554473840000014, 36.29651464 ], [ 136.554091050000011, 36.29673214 ], [ 136.553899660000013, 36.29681908 ], [ 136.553593260000014, 36.29693075 ], [ 136.553179920000019, 36.29714214 ], [ 136.552950190000018, 36.2972352 ], [ 136.55273603, 36.29732825 ], [ 136.552467980000017, 36.29745241 ], [ 136.55211603, 36.29776269 ], [ 136.55199353, 36.29794908 ], [ 136.55190908, 36.29811686 ], [ 136.551905190000014, 36.29817047 ], [ 136.5518863, 36.29842103 ], [ 136.55192464000001, 36.29870686 ], [ 136.5518863, 36.29883103 ], [ 136.55164131, 36.29937131 ], [ 136.551388520000017, 36.29968186 ], [ 136.551235750000018, 36.29983687 ], [ 136.55105964, 36.29998603 ], [ 136.551042750000022, 36.29999908 ], [ 136.55104158, 36.3 ], [ 136.550730470000019, 36.30024047 ], [ 136.550256030000014, 36.3004952 ], [ 136.550064640000016, 36.30055713 ], [ 136.550003260000011, 36.30058017 ], [ 136.55, 36.30058139 ], [ 136.54976603, 36.30066908 ], [ 136.54942908000001, 36.30088633 ], [ 136.549337420000029, 36.30106661 ], [ 136.549283800000012, 36.301253 ], [ 136.54937575, 36.30148272 ], [ 136.54962047, 36.30184911 ], [ 136.54979659, 36.30198577 ], [ 136.549942140000013, 36.30211577 ], [ 136.55, 36.30215495 ], [ 136.550003260000011, 36.30215714 ], [ 136.550539080000021, 36.30251967 ], [ 136.550921860000017, 36.3027555 ], [ 136.551419080000016, 36.30322744 ], [ 136.55159519, 36.30336411 ], [ 136.5517102, 36.30348856 ], [ 136.552161860000012, 36.30399772 ], [ 136.5523302, 36.30415911 ], [ 136.552460200000013, 36.30432078 ], [ 136.55285075, 36.30476772 ], [ 136.552873800000015, 36.30489189 ], [ 136.55288131, 36.30507217 ], [ 136.55284881, 36.30514328 ], [ 136.55280464, 36.30523995 ], [ 136.55278936000002, 36.30548828 ], [ 136.552866030000018, 36.30569911 ], [ 136.553141580000016, 36.30586689 ], [ 136.553363530000013, 36.30591022 ], [ 136.55353964, 36.30592884 ], [ 136.553937420000011, 36.30601577 ], [ 136.55424353, 36.30629522 ], [ 136.554396860000026, 36.30645689 ], [ 136.55451908, 36.30658717 ], [ 136.55478713, 36.30675495 ], [ 136.555055190000019, 36.30702828 ], [ 136.555200470000017, 36.30717105 ], [ 136.555292410000021, 36.30730133 ], [ 136.555399640000019, 36.30755605 ], [ 136.55549131, 36.30779217 ], [ 136.555483800000019, 36.30792884 ], [ 136.55553742, 36.30813995 ], [ 136.555659920000011, 36.30825161 ], [ 136.55572647, 36.30833244 ], [ 136.55572722, 36.30833333 ], [ 136.555799920000027, 36.30842161 ], [ 136.55588936, 36.30866161 ], [ 136.555804640000019, 36.30890467 ], [ 136.5556827, 36.30907744 ], [ 136.5555602, 36.30921411 ], [ 136.555315190000016, 36.30939411 ], [ 136.555123800000018, 36.30948717 ], [ 136.55481769, 36.30953077 ], [ 136.554389080000021, 36.30953077 ], [ 136.554082970000024, 36.30952467 ], [ 136.553412970000011, 36.30944217 ], [ 136.55321659, 36.30942661 ], [ 136.552720470000025, 36.309363 ], [ 136.552414360000029, 36.30927605 ], [ 136.552231850000027, 36.30925911 ], [ 136.552116860000012, 36.30927856 ], [ 136.551981580000017, 36.30930495 ], [ 136.55187659, 36.30932523 ], [ 136.55162575, 36.30941272 ], [ 136.551465190000016, 36.30973578 ], [ 136.551449640000016, 36.30976689 ], [ 136.55137326, 36.309953 ], [ 136.551266030000022, 36.31012078 ], [ 136.551082410000021, 36.31036884 ], [ 136.550990470000016, 36.31054272 ], [ 136.55099825, 36.31071664 ], [ 136.55112825, 36.31091553 ], [ 136.55131964, 36.31101497 ], [ 136.55174075, 36.31124469 ], [ 136.551962700000018, 36.31150553 ], [ 136.552046860000019, 36.31167331 ], [ 136.552100470000028, 36.3118222 ], [ 136.55218464, 36.31219497 ], [ 136.552169360000022, 36.31230053 ], [ 136.55203326, 36.31250086 ], [ 136.551962700000018, 36.31260469 ], [ 136.551870730000019, 36.31277247 ], [ 136.55167183, 36.31345525 ], [ 136.551717670000016, 36.31365413 ], [ 136.55170988, 36.31383414 ], [ 136.55165628, 36.31404525 ], [ 136.55188601, 36.31484025 ], [ 136.55197795, 36.31568469 ], [ 136.55190128000001, 36.31580275 ], [ 136.551687109999989, 36.31582747 ], [ 136.551304330000022, 36.31585247 ], [ 136.55119711, 36.3158958 ], [ 136.55107462, 36.31599525 ], [ 136.551028780000024, 36.31615053 ], [ 136.55092156, 36.31660997 ], [ 136.550925080000013, 36.3166658 ], [ 136.55092514, 36.31666667 ], [ 136.550944330000021, 36.31697025 ], [ 136.550959880000022, 36.31711941 ], [ 136.550936010000015, 36.31760859 ], [ 136.55092905, 36.31775247 ], [ 136.55092156, 36.31795747 ], [ 136.55087545, 36.31813136 ], [ 136.55076073, 36.31857859 ], [ 136.55056934000001, 36.31887664 ], [ 136.55042377, 36.31901331 ], [ 136.550079340000025, 36.31929859 ], [ 136.55000322, 36.31936484 ], [ 136.55, 36.31936764 ], [ 136.549865160000024, 36.319485 ], [ 136.54975017000001, 36.31961528 ], [ 136.549642940000012, 36.31977695 ], [ 136.549610250000029, 36.31981984 ], [ 136.549444060000013, 36.32003778 ], [ 136.549183770000013, 36.32032972 ], [ 136.549099610000013, 36.32049722 ], [ 136.549030730000027, 36.32064639 ], [ 136.548961830000025, 36.32106251 ], [ 136.549137950000016, 36.32145333 ], [ 136.549222110000017, 36.32160251 ], [ 136.549589340000011, 36.32222361 ], [ 136.549730170000032, 36.32249084 ], [ 136.54983905, 36.32266 ], [ 136.55, 36.3228062 ], [ 136.55000322, 36.32280911 ], [ 136.550117660000012, 36.32291305 ], [ 136.55046961, 36.32305584 ], [ 136.550706830000024, 36.32312417 ], [ 136.551120170000019, 36.32327305 ], [ 136.551479880000016, 36.32337251 ], [ 136.551893220000011, 36.32337251 ], [ 136.55265878000003, 36.32344695 ], [ 136.55281961, 36.32354028 ], [ 136.552995720000013, 36.32364584 ], [ 136.553489610000014, 36.32393278 ], [ 136.55366905, 36.32403695 ], [ 136.553898780000026, 36.3241425 ], [ 136.554120730000022, 36.32417361 ], [ 136.554488220000025, 36.32426056 ], [ 136.55452628, 36.32437861 ], [ 136.55454183, 36.32477 ], [ 136.55468711, 36.32486305 ], [ 136.55508114, 36.32499917 ], [ 136.55508355, 36.325 ], [ 136.555100440000018, 36.32500584 ], [ 136.555414330000019, 36.32524195 ], [ 136.55556711, 36.32534751 ], [ 136.555766280000029, 36.32539084 ], [ 136.556554620000014, 36.32551528 ], [ 136.55657542, 36.32551667 ], [ 136.556738490000015, 36.3255275 ], [ 136.557144060000013, 36.32562084 ], [ 136.557373770000027, 36.32577611 ], [ 136.55769516, 36.32603667 ], [ 136.557894330000011, 36.32617972 ], [ 136.558333330000011, 36.32650936 ], [ 136.55833655, 36.32651178 ], [ 136.5586135, 36.32671972 ], [ 136.55875905, 36.32680667 ], [ 136.558919880000019, 36.32693084 ], [ 136.55940211, 36.32714833 ], [ 136.559463220000026, 36.32727861 ], [ 136.55940211, 36.32742139 ], [ 136.559302670000022, 36.32755805 ], [ 136.559011560000016, 36.32816667 ], [ 136.558950440000018, 36.32830333 ], [ 136.55888156, 36.328465 ], [ 136.55875905, 36.32876889 ], [ 136.558690170000034, 36.32926584 ], [ 136.558667110000016, 36.32942723 ], [ 136.558598220000022, 36.3297625 ], [ 136.558565160000029, 36.32989167 ], [ 136.55851406, 36.33009169 ], [ 136.558491, 36.33024697 ], [ 136.5584835, 36.33042087 ], [ 136.558361, 36.33075003 ], [ 136.55833655, 36.33080203 ], [ 136.558333330000011, 36.33080884 ], [ 136.55823847, 36.33101059 ], [ 136.558280700000012, 36.3311292 ], [ 136.558322630000021, 36.33124669 ], [ 136.558333330000011, 36.33126256 ], [ 136.558336520000012, 36.33126733 ], [ 136.55841458, 36.33138336 ], [ 136.55856764, 36.33181197 ], [ 136.558621250000016, 36.33202308 ], [ 136.55872847, 36.33215975 ], [ 136.55882791, 36.33235225 ], [ 136.55888153, 36.33281169 ], [ 136.558973190000017, 36.33301059 ], [ 136.55908014000002, 36.3331778 ], [ 136.55922128, 36.33333253 ], [ 136.55922202, 36.33333333 ], [ 136.559233190000015, 36.33334559 ], [ 136.55941708, 36.33364364 ], [ 136.559593190000015, 36.33393559 ], [ 136.559738470000013, 36.33409087 ], [ 136.559899300000012, 36.33420253 ], [ 136.560090700000018, 36.33442003 ], [ 136.560473480000013, 36.33457531 ], [ 136.560794860000016, 36.33459392 ], [ 136.56096348, 36.33451947 ], [ 136.561300140000014, 36.33445113 ], [ 136.561460970000013, 36.33448225 ], [ 136.56172097000001, 36.3345628 ], [ 136.561981240000023, 36.33444475 ], [ 136.56215708000002, 36.33432697 ], [ 136.562356250000022, 36.33418392 ], [ 136.562670140000023, 36.33392308 ], [ 136.562853750000016, 36.33372475 ], [ 136.56307569, 36.33362531 ], [ 136.563481530000018, 36.33350725 ], [ 136.56379966, 36.33333333 ], [ 136.56380114000001, 36.33333253 ], [ 136.56385652000003, 36.33330225 ], [ 136.56400986, 36.3332092 ], [ 136.564170420000011, 36.33310364 ], [ 136.564308200000028, 36.33301225 ], [ 136.564423190000014, 36.33293587 ], [ 136.564691, 36.33278697 ], [ 136.56499739, 36.33269364 ], [ 136.56522655, 36.33270003 ], [ 136.56554044, 36.33283669 ], [ 136.56599211, 36.33305392 ], [ 136.56616044, 36.33320308 ], [ 136.56626508, 36.33333253 ], [ 136.566265750000014, 36.33333333 ], [ 136.56630597, 36.33338308 ], [ 136.566451530000023, 36.33368113 ], [ 136.56655097, 36.33383641 ], [ 136.56650514, 36.33404141 ], [ 136.56655847, 36.33421531 ], [ 136.566666670000018, 36.33434387 ], [ 136.566669860000019, 36.33434767 ], [ 136.56667348, 36.33435197 ], [ 136.56690319, 36.33451336 ], [ 136.56718625000002, 36.33460031 ], [ 136.567365280000018, 36.3345198 ], [ 136.56768348, 36.33437669 ], [ 136.56784431, 36.33425892 ], [ 136.568227080000014, 36.33404141 ], [ 136.56863292, 36.33402892 ], [ 136.568885420000015, 36.3339792 ], [ 136.569130410000014, 36.33394197 ], [ 136.569467370000012, 36.33399169 ], [ 136.56965097, 36.33423392 ], [ 136.569765690000025, 36.33437669 ], [ 136.56990348, 36.33455697 ], [ 136.57013319, 36.33491086 ], [ 136.57024791, 36.3351592 ], [ 136.57028625, 36.33533947 ], [ 136.570370140000023, 36.33549475 ], [ 136.57042375, 36.33569947 ], [ 136.570668760000018, 36.33584836 ], [ 136.571204580000028, 36.33597892 ], [ 136.571411250000011, 36.33597892 ], [ 136.571778750000021, 36.33607197 ], [ 136.571924310000014, 36.33627087 ], [ 136.571974580000017, 36.33641531 ], [ 136.57206542, 36.33650613 ], [ 136.572230140000016, 36.33659641 ], [ 136.57265458, 36.33673364 ], [ 136.57285625, 36.33680697 ], [ 136.57303737, 36.33687225 ], [ 136.57338153, 36.33698087 ], [ 136.57382458, 36.33711975 ], [ 136.573997640000016, 36.33722669 ], [ 136.574401530000017, 36.3375678 ], [ 136.57454569, 36.33775503 ], [ 136.574663190000024, 36.33795308 ], [ 136.574926810000022, 36.33826728 ], [ 136.575, 36.33834859 ], [ 136.575003190000018, 36.33835214 ], [ 136.57528514, 36.33866533 ], [ 136.575569300000012, 36.33894922 ], [ 136.5762493, 36.33964451 ], [ 136.576620140000017, 36.34005589 ], [ 136.57684681, 36.34025644 ], [ 136.577052630000026, 36.340407 ], [ 136.577250420000013, 36.34049395 ], [ 136.577354860000014, 36.34052922 ], [ 136.57747681, 36.34057061 ], [ 136.577777640000022, 36.34061089 ], [ 136.578132090000025, 36.34065089 ], [ 136.578350410000013, 36.34067117 ], [ 136.57852764, 36.34072117 ], [ 136.578717370000021, 36.34074117 ], [ 136.578915140000021, 36.34077811 ], [ 136.57906348, 36.34084144 ], [ 136.579178750000011, 36.34094172 ], [ 136.579290140000012, 36.34118922 ], [ 136.579327080000013, 36.34136977 ], [ 136.5793682, 36.34153367 ], [ 136.5793682, 36.34165061 ], [ 136.579366980000032, 36.34166589 ], [ 136.579366890000017, 36.34166667 ], [ 136.57936014, 36.34175089 ], [ 136.579314860000011, 36.34181089 ], [ 136.5792118, 36.34190784 ], [ 136.579071530000022, 36.34201144 ], [ 136.578989030000031, 36.3420545 ], [ 136.57866789000002, 36.342222 ], [ 136.578217060000014, 36.34255811 ], [ 136.577860120000025, 36.34282395 ], [ 136.577542890000018, 36.34307811 ], [ 136.577040120000021, 36.34364284 ], [ 136.57708122, 36.34380339 ], [ 136.577110120000015, 36.34416117 ], [ 136.577126780000015, 36.34437839 ], [ 136.577126780000015, 36.34444533 ], [ 136.577188440000015, 36.34450533 ], [ 136.57735317, 36.34455228 ], [ 136.577575670000016, 36.34455561 ], [ 136.57859733, 36.34458228 ], [ 136.57879927, 36.34464589 ], [ 136.57894761, 36.34474953 ], [ 136.57954927, 36.34526453 ], [ 136.579748220000027, 36.34549031 ], [ 136.579775940000019, 36.34552175 ], [ 136.57994066, 36.34577592 ], [ 136.580163160000012, 36.34618036 ], [ 136.58023345, 36.34635064 ], [ 136.58027872, 36.3465648 ], [ 136.580237329999989, 36.34674869 ], [ 136.580171510000014, 36.34691925 ], [ 136.58013205, 36.34705175 ], [ 136.580068440000019, 36.34726675 ], [ 136.580060390000028, 36.34760786 ], [ 136.579985940000029, 36.34844675 ], [ 136.579989829999988, 36.34863397 ], [ 136.580039, 36.34876064 ], [ 136.580039270000015, 36.3487612 ], [ 136.58013817, 36.34887147 ], [ 136.580282610000012, 36.34897508 ], [ 136.580587330000014, 36.34911231 ], [ 136.58073983, 36.34925259 ], [ 136.58083453, 36.34940647 ], [ 136.58075231, 36.34957703 ], [ 136.58069869000002, 36.34973731 ], [ 136.580707030000013, 36.34992786 ], [ 136.580746640000029, 36.34999925 ], [ 136.580747060000022, 36.35 ], [ 136.58087591, 36.35023231 ], [ 136.580880080000014, 36.35041953 ], [ 136.581028420000024, 36.35108123 ], [ 136.58102008, 36.35123511 ], [ 136.58098314, 36.35142567 ], [ 136.581048970000012, 36.35164289 ], [ 136.5810737, 36.35199733 ], [ 136.581056470000021, 36.35211151 ], [ 136.58104481, 36.35218789 ], [ 136.58091287000002, 36.35244205 ], [ 136.58084703, 36.352599 ], [ 136.580575080000017, 36.35288984 ], [ 136.58040202, 36.35301678 ], [ 136.580389530000019, 36.35318733 ], [ 136.58044314, 36.35338123 ], [ 136.58054202, 36.35372233 ], [ 136.580537860000021, 36.35409678 ], [ 136.580521480000016, 36.35426067 ], [ 136.580545910000012, 36.35442428 ], [ 136.580665360000012, 36.354929 ], [ 136.580657300000013, 36.35511956 ], [ 136.580607860000015, 36.35529677 ], [ 136.580459250000018, 36.35546067 ], [ 136.58035647, 36.35568456 ], [ 136.58034397, 36.35594539 ], [ 136.580352310000023, 36.35633984 ], [ 136.580357030000016, 36.35635344 ], [ 136.580409800000012, 36.35650705 ], [ 136.58042647000002, 36.35665761 ], [ 136.580492310000011, 36.3568415 ], [ 136.58050148, 36.35685844 ], [ 136.580644810000024, 36.35712178 ], [ 136.580661190000029, 36.35715205 ], [ 136.58071064, 36.35732595 ], [ 136.580690080000011, 36.3574865 ], [ 136.58063647, 36.35778067 ], [ 136.580471750000015, 36.35816511 ], [ 136.580331750000028, 36.35831233 ], [ 136.58030983, 36.35833261 ], [ 136.580309050000011, 36.35833333 ], [ 136.5801873, 36.35844597 ], [ 136.579985360000023, 36.3586332 ], [ 136.579800080000012, 36.35875013 ], [ 136.579515640000011, 36.35887403 ], [ 136.57931786, 36.35895431 ], [ 136.57912008, 36.35901069 ], [ 136.57877008, 36.35905428 ], [ 136.57852703, 36.35906428 ], [ 136.57847759, 36.35906095 ], [ 136.578329250000024, 36.35918123 ], [ 136.578201480000018, 36.35932511 ], [ 136.57810258, 36.35950233 ], [ 136.577908980000018, 36.35971292 ], [ 136.577682310000029, 36.35988013 ], [ 136.57753815, 36.36001041 ], [ 136.577430920000012, 36.36017764 ], [ 136.57733202, 36.36035153 ], [ 136.57670564, 36.36083959 ], [ 136.576726470000011, 36.3610032 ], [ 136.576726470000011, 36.36163513 ], [ 136.576619250000022, 36.36191597 ], [ 136.5764337, 36.36204987 ], [ 136.57635536, 36.3622168 ], [ 136.57634314, 36.36259792 ], [ 136.576421480000022, 36.36274513 ], [ 136.57655341, 36.36283875 ], [ 136.57677591, 36.36289569 ], [ 136.57696119000002, 36.36298597 ], [ 136.577130080000018, 36.36306959 ], [ 136.577381170000024, 36.36308625 ], [ 136.57778506, 36.36303931 ], [ 136.577991170000018, 36.36298931 ], [ 136.578313670000028, 36.36287347 ], [ 136.578382550000015, 36.36284875 ], [ 136.57864616, 36.36280541 ], [ 136.578843940000013, 36.36282208 ], [ 136.57902533, 36.36285875 ], [ 136.57917783000002, 36.36296569 ], [ 136.579330340000013, 36.36309959 ], [ 136.57946616000001, 36.36337375 ], [ 136.57957339, 36.36359403 ], [ 136.57960645, 36.36375459 ], [ 136.579672280000011, 36.3639318 ], [ 136.57969283, 36.36410236 ], [ 136.579940050000033, 36.36479764 ], [ 136.580055330000022, 36.36493153 ], [ 136.58013367, 36.36509208 ], [ 136.58032728, 36.36542625 ], [ 136.580368390000018, 36.36555013 ], [ 136.580380890000015, 36.36614153 ], [ 136.580370640000012, 36.36666597 ], [ 136.580370640000012, 36.36666667 ], [ 136.580368390000018, 36.36678013 ], [ 136.580409780000025, 36.36695736 ], [ 136.580409780000025, 36.36711792 ], [ 136.58040144, 36.36743208 ], [ 136.580224230000027, 36.36778653 ], [ 136.580199490000012, 36.36796041 ], [ 136.58020367, 36.36810736 ], [ 136.58021589, 36.36835459 ], [ 136.58036034, 36.36881264 ], [ 136.58048394, 36.36918375 ], [ 136.580566160000018, 36.36951489 ], [ 136.580615620000032, 36.36983905 ], [ 136.58064034, 36.37001961 ], [ 136.58074756, 36.37030711 ], [ 136.58079283, 36.37043433 ], [ 136.580941170000017, 36.37059461 ], [ 136.58118034, 36.37069156 ], [ 136.581270890000013, 36.37069851 ], [ 136.58139839, 36.37070823 ], [ 136.581657830000012, 36.37071156 ], [ 136.58210283, 36.37062822 ], [ 136.582350050000031, 36.37063823 ], [ 136.582647, 36.37073517 ], [ 136.58281477, 36.37077905 ], [ 136.583067280000023, 36.37084544 ], [ 136.583333330000016, 36.37095669 ], [ 136.583336450000019, 36.370958 ], [ 136.583858390000017, 36.37117628 ], [ 136.58406839, 36.37125656 ], [ 136.584587559999989, 36.371621 ], [ 136.584760610000018, 36.37168433 ], [ 136.585147830000011, 36.37188851 ], [ 136.585419780000024, 36.37208905 ], [ 136.58581949, 36.37225295 ], [ 136.58603783, 36.37230628 ], [ 136.586252280000025, 36.37242322 ], [ 136.586853670000011, 36.37287128 ], [ 136.586919490000014, 36.3730385 ], [ 136.58691117, 36.37320239 ], [ 136.586602559999989, 36.3736935 ], [ 136.586557, 36.37381405 ], [ 136.586520050000019, 36.373981 ], [ 136.586503670000013, 36.37443905 ], [ 136.586659780000019, 36.37467989 ], [ 136.58676283, 36.37482378 ], [ 136.586890610000012, 36.37497405 ], [ 136.58692442, 36.37499933 ], [ 136.586925300000019, 36.375 ], [ 136.58705144000001, 36.37509433 ], [ 136.587294500000013, 36.37530517 ], [ 136.587603380000019, 36.375596 ], [ 136.587628110000026, 36.37579656 ], [ 136.58750034000002, 36.37589017 ], [ 136.587193110000015, 36.37610128 ], [ 136.58684949, 36.37633795 ], [ 136.58658144, 36.37660877 ], [ 136.58627672, 36.37693628 ], [ 136.58614922000001, 36.37719044 ], [ 136.586079220000016, 36.37736767 ], [ 136.58574533, 36.37788905 ], [ 136.58572895, 36.37800267 ], [ 136.58576589, 36.37812295 ], [ 136.58586895000002, 36.3782835 ], [ 136.58595922, 36.37844072 ], [ 136.585988110000017, 36.37852767 ], [ 136.585975890000014, 36.37865795 ], [ 136.585938660000011, 36.37876156 ], [ 136.585839780000015, 36.37891544 ], [ 136.58578645, 36.37898431 ], [ 136.58572061000001, 36.37906933 ], [ 136.585605330000021, 36.37921295 ], [ 136.585460900000015, 36.37936351 ], [ 136.585263110000028, 36.37952072 ], [ 136.585160340000016, 36.379621 ], [ 136.585073670000014, 36.37976128 ], [ 136.585024230000016, 36.37992823 ], [ 136.58493783, 36.38008877 ], [ 136.584884230000029, 36.380246 ], [ 136.58478922, 36.38057351 ], [ 136.58463283, 36.38093461 ], [ 136.58454616, 36.38108517 ], [ 136.58453633, 36.38115572 ], [ 136.58452144, 36.38126239 ], [ 136.584529780000025, 36.38136267 ], [ 136.584550340000021, 36.38142267 ], [ 136.584637, 36.38149295 ], [ 136.58486339000001, 36.38158322 ], [ 136.585168110000012, 36.38170684 ], [ 136.585312280000011, 36.38185405 ], [ 136.585427830000015, 36.38200795 ], [ 136.58549783, 36.38229184 ], [ 136.585502, 36.38252572 ], [ 136.585423670000011, 36.38274989 ], [ 136.585390610000019, 36.38291711 ], [ 136.585370050000023, 36.38321795 ], [ 136.585381830000017, 36.38333267 ], [ 136.58538192, 36.38333333 ], [ 136.585440050000017, 36.38389989 ], [ 136.585421170000018, 36.38398989 ], [ 136.585403110000016, 36.38407711 ], [ 136.585320610000025, 36.38435128 ], [ 136.58516394, 36.38462851 ], [ 136.58508978, 36.38477905 ], [ 136.58493339, 36.38492267 ], [ 136.58480978, 36.38503323 ], [ 136.5846737, 36.38516684 ], [ 136.584488420000014, 36.38523044 ], [ 136.584208140000015, 36.38527044 ], [ 136.583878420000019, 36.38525378 ], [ 136.58369314, 36.38519017 ], [ 136.5834873, 36.38521711 ], [ 136.58333647, 36.38526675 ], [ 136.583333330000016, 36.38526778 ], [ 136.58324425, 36.38529711 ], [ 136.582564250000019, 36.38565823 ], [ 136.582292310000014, 36.38582544 ], [ 136.582201750000024, 36.38595267 ], [ 136.58200786, 36.38631684 ], [ 136.581999810000013, 36.38670795 ], [ 136.58192953, 36.38694851 ], [ 136.581867860000017, 36.38709572 ], [ 136.58164536000001, 36.38731295 ], [ 136.58110564, 36.38781128 ], [ 136.580854250000016, 36.3881085 ], [ 136.580891190000017, 36.38826239 ], [ 136.581035360000016, 36.38840933 ], [ 136.58115508, 36.38867351 ], [ 136.581220920000021, 36.38908156 ], [ 136.58127453, 36.38925211 ], [ 136.58127453, 36.38943933 ], [ 136.5811962, 36.38966322 ], [ 136.58109730000001, 36.38984711 ], [ 136.580911750000013, 36.39008128 ], [ 136.58077591, 36.39022156 ], [ 136.580598690000016, 36.39032489 ], [ 136.58035564, 36.39045211 ], [ 136.58016175000003, 36.39050017 ], [ 136.580017590000011, 36.39053572 ], [ 136.579547860000019, 36.39059572 ], [ 136.579284250000029, 36.39059572 ], [ 136.57895898000001, 36.39063933 ], [ 136.5785262, 36.39077295 ], [ 136.57818842, 36.39106041 ], [ 136.57802759, 36.39122097 ], [ 136.577879250000024, 36.39141153 ], [ 136.57783397, 36.39160541 ], [ 136.577826640000012, 36.39166597 ], [ 136.57782655, 36.39166667 ], [ 136.57778453, 36.3920132 ], [ 136.57769815, 36.39236069 ], [ 136.57760314, 36.39262153 ], [ 136.57757842, 36.39277541 ], [ 136.577549440000013, 36.39297336 ], [ 136.57749623, 36.39347764 ], [ 136.577529, 36.39364459 ], [ 136.57763623, 36.39379513 ], [ 136.577854550000012, 36.39380847 ], [ 136.57813484, 36.39379847 ], [ 136.578427060000024, 36.39387541 ], [ 136.578707330000015, 36.39397236 ], [ 136.578917610000019, 36.39400569 ], [ 136.579135940000015, 36.39405264 ], [ 136.57933372, 36.39408931 ], [ 136.579700390000028, 36.3942432 ], [ 136.57990234, 36.39426986 ], [ 136.58012066, 36.39427653 ], [ 136.580351510000014, 36.39432013 ], [ 136.581175380000019, 36.39451736 ], [ 136.58171095000003, 36.39459764 ], [ 136.582040660000018, 36.39461431 ], [ 136.58220122, 36.39460764 ], [ 136.582432050000023, 36.39460097 ], [ 136.58262567, 36.39457764 ], [ 136.58281953, 36.39444377 ], [ 136.582914250000016, 36.39434017 ], [ 136.583054250000032, 36.39415961 ], [ 136.5831862, 36.39395572 ], [ 136.583333330000016, 36.39383303 ], [ 136.58333647, 36.39383041 ], [ 136.583346740000025, 36.39382184 ], [ 136.583515910000017, 36.3937485 ], [ 136.5837137, 36.39366489 ], [ 136.583911480000012, 36.39359128 ], [ 136.58408036, 36.39347767 ], [ 136.584327590000015, 36.39327684 ], [ 136.584669250000019, 36.39288933 ], [ 136.584784810000031, 36.39268878 ], [ 136.58488786, 36.39249156 ], [ 136.585027860000025, 36.392351 ], [ 136.58520092, 36.39224072 ], [ 136.585398690000034, 36.39220072 ], [ 136.58565008, 36.39220405 ], [ 136.5860662, 36.39213711 ], [ 136.586317590000021, 36.39218405 ], [ 136.58653175, 36.39224072 ], [ 136.58677508, 36.39224739 ], [ 136.586948150000012, 36.39222739 ], [ 136.58710869, 36.39216044 ], [ 136.587298420000025, 36.39203684 ], [ 136.5874837, 36.39185961 ], [ 136.58755786, 36.39170933 ], [ 136.58758445, 36.39166667 ], [ 136.58758486, 36.391666 ], [ 136.587602870000012, 36.39163711 ], [ 136.58767703, 36.39151877 ], [ 136.588072580000016, 36.39096711 ], [ 136.5881962, 36.39081684 ], [ 136.588332310000027, 36.39068295 ], [ 136.588501190000017, 36.39049905 ], [ 136.588880360000019, 36.39021489 ], [ 136.58905341000002, 36.39009461 ], [ 136.58916869, 36.38993405 ], [ 136.589552020000013, 36.389346 ], [ 136.589679800000027, 36.38921544 ], [ 136.58980341, 36.38907517 ], [ 136.59024008, 36.38871072 ], [ 136.59045036, 36.38862044 ], [ 136.590685080000014, 36.38858044 ], [ 136.59085425, 36.38860377 ], [ 136.591130360000022, 36.38870072 ], [ 136.591562580000016, 36.38893461 ], [ 136.59166667, 36.38897336 ], [ 136.591669810000013, 36.38897453 ], [ 136.591760360000023, 36.38900822 ], [ 136.59202425, 36.38900489 ], [ 136.592151750000028, 36.38905851 ], [ 136.59268759, 36.38951323 ], [ 136.59281536, 36.38962684 ], [ 136.592984250000029, 36.38975711 ], [ 136.593260360000016, 36.38990433 ], [ 136.593565360000014, 36.39002128 ], [ 136.593964810000017, 36.39012156 ], [ 136.59411314, 36.39019517 ], [ 136.59425730000001, 36.39031211 ], [ 136.594318970000018, 36.39041239 ], [ 136.5943562, 36.39053295 ], [ 136.594360360000024, 36.39071351 ], [ 136.594294250000019, 36.39088044 ], [ 136.59410481, 36.39102739 ], [ 136.594005910000021, 36.39120128 ], [ 136.593882310000026, 36.39137184 ], [ 136.593672020000014, 36.39157905 ], [ 136.59365564, 36.39160072 ], [ 136.593606810000011, 36.391666 ], [ 136.593606300000033, 36.39166667 ], [ 136.593556740000025, 36.39173295 ], [ 136.59343314, 36.39191684 ], [ 136.593293140000014, 36.39205377 ], [ 136.59319008, 36.39223433 ], [ 136.59317341000002, 36.39237489 ], [ 136.593239800000021, 36.39245572 ], [ 136.59331370000001, 36.39254544 ], [ 136.59342064, 36.39270239 ], [ 136.5935237, 36.39287267 ], [ 136.593635080000013, 36.39311351 ], [ 136.59379564, 36.39333739 ], [ 136.59394397, 36.39347461 ], [ 136.594158420000014, 36.39355489 ], [ 136.594217110000017, 36.39357177 ], [ 136.5943437, 36.39360823 ], [ 136.594587030000014, 36.39361489 ], [ 136.59497425, 36.39369184 ], [ 136.59519258, 36.3936785 ], [ 136.595398690000025, 36.39363517 ], [ 136.59563341, 36.39353795 ], [ 136.595777590000012, 36.39354128 ], [ 136.595962870000022, 36.39357822 ], [ 136.59609064, 36.3936385 ], [ 136.59643674000003, 36.39384905 ], [ 136.59658092, 36.393926 ], [ 136.59671703, 36.39408295 ], [ 136.597368140000015, 36.39476517 ], [ 136.597467030000018, 36.39485878 ], [ 136.59757008, 36.39487878 ], [ 136.5976937, 36.39488211 ], [ 136.597854250000012, 36.39486544 ], [ 136.597981750000031, 36.39482517 ], [ 136.59816314, 36.39475184 ], [ 136.598389810000015, 36.39459795 ], [ 136.59861647, 36.39458128 ], [ 136.598830640000017, 36.39468156 ], [ 136.599428140000015, 36.39495905 ], [ 136.59963428, 36.395026 ], [ 136.59982786, 36.39499572 ], [ 136.599959800000022, 36.39486211 ], [ 136.6, 36.39483792 ], [ 136.600003140000013, 36.39483603 ], [ 136.600087590000015, 36.39478517 ], [ 136.60023175, 36.39471489 ], [ 136.60033064000001, 36.39470489 ], [ 136.60052425, 36.39471156 ], [ 136.601043160000017, 36.39479184 ], [ 136.601199560000026, 36.3948118 ], [ 136.601224550000012, 36.39481514 ], [ 136.60140178, 36.39487541 ], [ 136.601525380000027, 36.39495903 ], [ 136.601611780000013, 36.39507931 ], [ 136.601653160000012, 36.39516292 ], [ 136.601702610000018, 36.39537708 ], [ 136.601719, 36.39574153 ], [ 136.601723170000014, 36.39621625 ], [ 136.601760120000023, 36.39637987 ], [ 136.60181789, 36.39654708 ], [ 136.601850950000028, 36.39671431 ], [ 136.602151780000014, 36.3975632 ], [ 136.60220511, 36.39772041 ], [ 136.60259678, 36.39833903 ], [ 136.602917890000015, 36.39890403 ], [ 136.602930120000025, 36.3993318 ], [ 136.602917890000015, 36.39951236 ], [ 136.60281881, 36.39999931 ], [ 136.602818660000025, 36.4 ], [ 136.60271178, 36.40052541 ], [ 136.60261706, 36.4009232 ], [ 136.60262122, 36.40112013 ], [ 136.602724280000018, 36.40152487 ], [ 136.602765380000022, 36.4016918 ], [ 136.602761220000019, 36.40177541 ], [ 136.602744840000014, 36.40196597 ], [ 136.602752890000033, 36.4020832 ], [ 136.602781780000015, 36.40222013 ], [ 136.602860140000018, 36.40236403 ], [ 136.602967370000016, 36.40251431 ], [ 136.603045690000016, 36.4026882 ], [ 136.603210420000011, 36.40293236 ], [ 136.603317640000029, 36.40315625 ], [ 136.603344310000011, 36.40331403 ], [ 136.603346520000031, 36.40332653 ], [ 136.603367080000027, 36.40348375 ], [ 136.603408200000018, 36.40365431 ], [ 136.60352348, 36.40393513 ], [ 136.6036718, 36.40416569 ], [ 136.60397681, 36.4043832 ], [ 136.60424070000002, 36.40458375 ], [ 136.604739030000019, 36.4050082 ], [ 136.60489542000002, 36.40514208 ], [ 136.605105690000016, 36.40523569 ], [ 136.60532403000002, 36.40535597 ], [ 136.60543542, 36.40538625 ], [ 136.605567080000014, 36.40540292 ], [ 136.605670140000029, 36.40538292 ], [ 136.60587209000002, 36.40532264 ], [ 136.606069860000019, 36.40523569 ], [ 136.60629236, 36.40514875 ], [ 136.60659737, 36.40505847 ], [ 136.606832090000012, 36.40495153 ], [ 136.60704236, 36.40482097 ], [ 136.607322630000027, 36.40455375 ], [ 136.60772209000001, 36.40413569 ], [ 136.607870420000012, 36.40402875 ], [ 136.608105140000021, 36.40396513 ], [ 136.608216520000013, 36.40404541 ], [ 136.608333330000022, 36.40422269 ], [ 136.608336520000023, 36.40422756 ], [ 136.608566810000013, 36.40457708 ], [ 136.608739860000014, 36.40469403 ], [ 136.608888200000024, 36.40480764 ], [ 136.60907348, 36.40491153 ], [ 136.609329030000026, 36.40501847 ], [ 136.609543190000011, 36.40508847 ], [ 136.60996764, 36.40511541 ], [ 136.610169580000019, 36.40517541 ], [ 136.61119542, 36.40540292 ], [ 136.611389030000026, 36.40545986 ], [ 136.61159514000002, 36.40552653 ], [ 136.61168375, 36.4056082 ], [ 136.61177652, 36.40569375 ], [ 136.611957640000014, 36.40595459 ], [ 136.612031800000011, 36.40612514 ], [ 136.612069030000015, 36.40628875 ], [ 136.61212681, 36.40646931 ], [ 136.61221737, 36.40674708 ], [ 136.612303770000011, 36.40691736 ], [ 136.61253044, 36.40727513 ], [ 136.61256739, 36.40745875 ], [ 136.61267462, 36.40770292 ], [ 136.612769340000028, 36.4078568 ], [ 136.612999880000018, 36.40809733 ], [ 136.61318961, 36.40820761 ], [ 136.61332156, 36.40832151 ], [ 136.613336840000017, 36.40833261 ], [ 136.613337810000019, 36.40833333 ], [ 136.613597390000024, 36.40852205 ], [ 136.61401795, 36.40871595 ], [ 136.614191, 36.40881623 ], [ 136.614364060000014, 36.4088965 ], [ 136.61467711, 36.40903011 ], [ 136.615171280000027, 36.40919067 ], [ 136.61534433, 36.40934789 ], [ 136.61577294, 36.40988623 ], [ 136.61603267000001, 36.41019039 ], [ 136.61617684, 36.410334 ], [ 136.616621830000014, 36.41098261 ], [ 136.61666667, 36.41104508 ], [ 136.616669880000018, 36.41104959 ], [ 136.61672489, 36.41112622 ], [ 136.6168485, 36.41123984 ], [ 136.61706684, 36.41171817 ], [ 136.61711628, 36.41191205 ], [ 136.61714516, 36.41208928 ], [ 136.617141, 36.41223623 ], [ 136.61709572, 36.41278095 ], [ 136.617098810000016, 36.41290789 ], [ 136.61710409, 36.41311539 ], [ 136.617066860000023, 36.41357678 ], [ 136.617029920000022, 36.413794 ], [ 136.61691436000001, 36.41416511 ], [ 136.616889640000011, 36.41431233 ], [ 136.61688547, 36.41447956 ], [ 136.61690214, 36.41467011 ], [ 136.61695158, 36.41482705 ], [ 136.617008810000016, 36.41501067 ], [ 136.61713659, 36.41514456 ], [ 136.61729326, 36.41529178 ], [ 136.617499360000011, 36.41551567 ], [ 136.61775047, 36.41570623 ], [ 136.61793603000001, 36.41580984 ], [ 136.61815852, 36.41587344 ], [ 136.618360470000027, 36.41591344 ], [ 136.61889575, 36.41610595 ], [ 136.618908520000019, 36.41611067 ], [ 136.61912270000002, 36.41618428 ], [ 136.619304090000014, 36.41625456 ], [ 136.61953075, 36.41633817 ], [ 136.619876590000018, 36.41643511 ], [ 136.6201527, 36.41650205 ], [ 136.620366860000019, 36.41651205 ], [ 136.62062241000001, 36.41652872 ], [ 136.62083659000001, 36.41654872 ], [ 136.620855580000011, 36.41666595 ], [ 136.620855690000013, 36.41666667 ], [ 136.620956300000017, 36.41728761 ], [ 136.620964360000016, 36.41763844 ], [ 136.620973530000015, 36.41776289 ], [ 136.620989080000015, 36.41796956 ], [ 136.62101798, 36.41818678 ], [ 136.62105519, 36.41834067 ], [ 136.62117881, 36.41847428 ], [ 136.621368250000017, 36.4185915 ], [ 136.62155769, 36.41866151 ], [ 136.621677420000026, 36.41873177 ], [ 136.621788520000024, 36.418919 ], [ 136.621821610000012, 36.41913984 ], [ 136.621858560000021, 36.41932372 ], [ 136.62188745, 36.41950761 ], [ 136.621891050000016, 36.41953733 ], [ 136.621915770000015, 36.41973956 ], [ 136.621974110000025, 36.42006067 ], [ 136.62198883, 36.42024733 ], [ 136.622005230000013, 36.42039733 ], [ 136.62204939, 36.42042984 ], [ 136.62211577, 36.42048984 ], [ 136.622144940000027, 36.42051372 ], [ 136.622265500000026, 36.42062733 ], [ 136.62239883, 36.42076428 ], [ 136.62246411000001, 36.42088428 ], [ 136.622550220000022, 36.42118011 ], [ 136.62257772000001, 36.42128039 ], [ 136.622625770000013, 36.42141733 ], [ 136.62295244, 36.42203925 ], [ 136.62301438, 36.42229564 ], [ 136.623031610000027, 36.42247425 ], [ 136.623028, 36.4226362 ], [ 136.62295244, 36.42312147 ], [ 136.62291467, 36.42344508 ], [ 136.622880220000013, 36.42386369 ], [ 136.62289411, 36.42411203 ], [ 136.622942170000016, 36.42427369 ], [ 136.623004110000011, 36.42447147 ], [ 136.623048830000016, 36.42475064 ], [ 136.623027890000031, 36.42499925 ], [ 136.623027830000012, 36.425 ], [ 136.62302134, 36.42507703 ], [ 136.622938560000023, 36.42545064 ], [ 136.622880950000024, 36.42572759 ], [ 136.622821890000012, 36.42601147 ], [ 136.622821890000012, 36.42604786 ], [ 136.622897450000011, 36.42616508 ], [ 136.62299328, 36.42626536 ], [ 136.623196330000013, 36.42642731 ], [ 136.62387720000001, 36.42677592 ], [ 136.62401136, 36.42684259 ], [ 136.62418997, 36.42697092 ], [ 136.62437581, 36.42713286 ], [ 136.62449608, 36.42726953 ], [ 136.624568300000021, 36.42738953 ], [ 136.62462331, 36.42756508 ], [ 136.62463358, 36.42780786 ], [ 136.62461302, 36.42792786 ], [ 136.62457163000002, 36.42807564 ], [ 136.624478860000011, 36.42824314 ], [ 136.62431053, 36.42843008 ], [ 136.62427248, 36.42848869 ], [ 136.62427248, 36.4284912 ], [ 136.624276080000016, 36.42857786 ], [ 136.62430358, 36.42861147 ], [ 136.624451360000023, 36.42869786 ], [ 136.624650800000012, 36.42879564 ], [ 136.624849970000014, 36.42889314 ], [ 136.625, 36.42899741 ], [ 136.625003310000011, 36.42899969 ], [ 136.625283310000015, 36.42919425 ], [ 136.62562358, 36.42946759 ], [ 136.62585414000003, 36.42970203 ], [ 136.626015530000018, 36.42990287 ], [ 136.62622886, 36.43023759 ], [ 136.626290800000021, 36.43040508 ], [ 136.62632163, 36.43075092 ], [ 136.6263183, 36.4308848 ], [ 136.62628025, 36.43100759 ], [ 136.62620136000001, 36.43114425 ], [ 136.626001920000022, 36.43138953 ], [ 136.62598803, 36.43147036 ], [ 136.62599830000002, 36.43154036 ], [ 136.626012190000012, 36.4315598 ], [ 136.626039690000027, 36.43156259 ], [ 136.62634294, 36.43148984 ], [ 136.626376640000018, 36.43148175 ], [ 136.62759358, 36.4311862 ], [ 136.629242480000016, 36.43076786 ], [ 136.6294565, 36.4307062 ], [ 136.62946469000002, 36.43070369 ], [ 136.62964747, 36.43064813 ], [ 136.630007200000023, 36.43053897 ], [ 136.630054700000017, 36.43065036 ], [ 136.63012581000001, 36.43111536 ], [ 136.630139690000021, 36.43120592 ], [ 136.63015109, 36.43124008 ], [ 136.630187420000027, 36.43134947 ], [ 136.630272780000013, 36.43160647 ], [ 136.63040555, 36.43199092 ], [ 136.630551950000012, 36.43232259 ], [ 136.63067472, 36.43253397 ], [ 136.630715550000019, 36.43260453 ], [ 136.63102222, 36.43312425 ], [ 136.631148950000011, 36.43333259 ], [ 136.63114939, 36.43333333 ], [ 136.63128445000001, 36.43355536 ], [ 136.631517780000024, 36.43402592 ], [ 136.63152306, 36.43403647 ], [ 136.63162528, 36.43431008 ], [ 136.63165584, 36.4344512 ], [ 136.631672780000031, 36.43465008 ], [ 136.63167834, 36.43471564 ], [ 136.63170667, 36.43504731 ], [ 136.631720560000019, 36.43520869 ], [ 136.63183973, 36.43569759 ], [ 136.63192167, 36.43602675 ], [ 136.63193694, 36.43608786 ], [ 136.63201361, 36.43639703 ], [ 136.63209889, 36.4368948 ], [ 136.632081670000019, 36.43719341 ], [ 136.63202722, 36.4373648 ], [ 136.631941950000027, 36.43755564 ], [ 136.631853330000013, 36.43769369 ], [ 136.63174584, 36.4378062 ], [ 136.631621670000015, 36.43793675 ], [ 136.631253610000016, 36.43835703 ], [ 136.63110805, 36.43851592 ], [ 136.630988050000013, 36.43864731 ], [ 136.630381390000025, 36.43911175 ], [ 136.63022, 36.43922759 ], [ 136.63001861, 36.43937259 ], [ 136.629488880000025, 36.43975313 ], [ 136.629432220000012, 36.43979341 ], [ 136.629178880000012, 36.43997397 ], [ 136.628511120000013, 36.44035286 ], [ 136.627787500000011, 36.44071536 ], [ 136.62756722, 36.44082564 ], [ 136.62737, 36.44093703 ], [ 136.626928890000016, 36.44118647 ], [ 136.626691670000014, 36.44132036 ], [ 136.626367500000015, 36.4414798 ], [ 136.62636167, 36.44148259 ], [ 136.62630139, 36.44151203 ], [ 136.626190830000013, 36.44156647 ], [ 136.62597545, 36.44165017 ], [ 136.62593492000002, 36.44166592 ], [ 136.62593297, 36.44166667 ], [ 136.625778340000011, 36.44172675 ], [ 136.625003330000027, 36.44201117 ], [ 136.625, 36.44201239 ], [ 136.624378050000018, 36.44224064 ], [ 136.62422222, 36.44229647 ], [ 136.62390111000002, 36.44241203 ], [ 136.623454720000012, 36.44249508 ], [ 136.62317803, 36.44256828 ], [ 136.62282467, 36.44266467 ], [ 136.62267214000002, 36.44270764 ], [ 136.622517390000013, 36.44275125 ], [ 136.62233652, 36.4428095 ], [ 136.622250950000023, 36.44285041 ], [ 136.622128420000024, 36.44292125 ], [ 136.622048880000023, 36.44299814 ], [ 136.62183472000001, 36.4432912 ], [ 136.621714920000016, 36.44341323 ], [ 136.62150639, 36.44362564 ], [ 136.62137501, 36.44375286 ], [ 136.621014160000016, 36.44404869 ], [ 136.620879730000013, 36.44412786 ], [ 136.62055086, 36.4443212 ], [ 136.620357520000027, 36.44443647 ], [ 136.620204480000012, 36.4445312 ], [ 136.620083920000013, 36.44464092 ], [ 136.620080030000025, 36.44464759 ], [ 136.619997520000027, 36.44478675 ], [ 136.6199928, 36.4447948 ], [ 136.619926980000031, 36.44501369 ], [ 136.619868640000021, 36.44534536 ], [ 136.619883360000017, 36.44554675 ], [ 136.61995253, 36.44603175 ], [ 136.619960030000016, 36.4461562 ], [ 136.619963650000017, 36.44633092 ], [ 136.62001475, 36.44661508 ], [ 136.62010224, 36.44689925 ], [ 136.62016419, 36.4471362 ], [ 136.62018975, 36.44725147 ], [ 136.6202117, 36.4474648 ], [ 136.62022613000002, 36.44779925 ], [ 136.620215300000012, 36.44811564 ], [ 136.620175030000013, 36.44829341 ], [ 136.62014224, 36.44847397 ], [ 136.62005475, 36.44890314 ], [ 136.619879470000029, 36.44950395 ], [ 136.619839470000016, 36.44964311 ], [ 136.619664480000012, 36.44997144 ], [ 136.619645250000019, 36.44999922 ], [ 136.61964472, 36.45 ], [ 136.619473920000019, 36.450247 ], [ 136.619277520000026, 36.45053089 ], [ 136.619011410000013, 36.45086839 ], [ 136.618693920000027, 36.45121784 ], [ 136.61850725, 36.45139423 ], [ 136.618361970000024, 36.45153172 ], [ 136.6180717, 36.45187533 ], [ 136.618037250000015, 36.45191617 ], [ 136.617748910000017, 36.45220339 ], [ 136.617711970000016, 36.45222756 ], [ 136.61752698, 36.45234811 ], [ 136.61744975000002, 36.45239867 ], [ 136.6172128, 36.45255867 ], [ 136.616780580000011, 36.45283033 ], [ 136.616727810000015, 36.45286339 ], [ 136.616670030000023, 36.45290059 ], [ 136.61666667, 36.45290277 ], [ 136.61634114, 36.45311228 ], [ 136.616111140000015, 36.45326005 ], [ 136.615958080000013, 36.45336978 ], [ 136.61579752, 36.45350284 ], [ 136.615494750000011, 36.45376617 ], [ 136.61541947, 36.45382117 ], [ 136.615393920000031, 36.45384005 ], [ 136.61504224, 36.45409756 ], [ 136.614830580000017, 36.45423089 ], [ 136.61450224, 36.45440256 ], [ 136.6134628, 36.45494728 ], [ 136.613330030000014, 36.45501672 ], [ 136.61276586, 36.45531144 ], [ 136.612568910000022, 36.45542672 ], [ 136.612138640000012, 36.45559284 ], [ 136.61210920000002, 36.45560423 ], [ 136.611824750000011, 36.45567811 ], [ 136.61163141000003, 36.45574033 ], [ 136.611445300000014, 36.455832 ], [ 136.61069752, 36.4561045 ], [ 136.610467810000017, 36.45615784 ], [ 136.610303640000012, 36.45624061 ], [ 136.610101140000012, 36.45630172 ], [ 136.60994975, 36.45634728 ], [ 136.60967614, 36.45640061 ], [ 136.60954837, 36.45640339 ], [ 136.609351410000016, 36.45646561 ], [ 136.609262530000024, 36.45649589 ], [ 136.60914336, 36.45653672 ], [ 136.608894750000019, 36.45659644 ], [ 136.608822530000026, 36.45661367 ], [ 136.608336690000016, 36.45669613 ], [ 136.608333330000022, 36.45669672 ], [ 136.608282530000025, 36.45670533 ], [ 136.608071140000021, 36.45676172 ], [ 136.60749475, 36.456877 ], [ 136.606991140000019, 36.45696284 ], [ 136.60675419, 36.45701592 ], [ 136.605820030000018, 36.45720536 ], [ 136.605557520000019, 36.45726759 ], [ 136.60526864000002, 36.45732064 ], [ 136.60517114000001, 36.45733869 ], [ 136.604920310000011, 36.45739453 ], [ 136.60458725, 36.45746897 ], [ 136.604242530000022, 36.45754731 ], [ 136.604222530000015, 36.45755175 ], [ 136.603883090000011, 36.45762869 ], [ 136.60339808, 36.45773231 ], [ 136.602894470000024, 36.4578448 ], [ 136.602486130000017, 36.45793341 ], [ 136.6024117, 36.45794647 ], [ 136.602263640000018, 36.45797203 ], [ 136.601807520000023, 36.45808147 ], [ 136.601282240000018, 36.45818814 ], [ 136.601249470000027, 36.45819703 ], [ 136.60122752, 36.45824731 ], [ 136.60122752, 36.45833259 ], [ 136.60122752, 36.45833313 ], [ 136.601227640000019, 36.45833333 ], [ 136.601293090000013, 36.45845147 ], [ 136.601333360000012, 36.45864092 ], [ 136.60133586, 36.45865564 ], [ 136.60136975, 36.45884231 ], [ 136.601383090000013, 36.45888841 ], [ 136.601433360000016, 36.45906369 ], [ 136.60150475, 36.45931286 ], [ 136.601581410000023, 36.45967395 ], [ 136.601596420000021, 36.45977422 ], [ 136.60162141, 36.45994033 ], [ 136.601596420000021, 36.46003561 ], [ 136.601585030000024, 36.46007951 ], [ 136.601519200000013, 36.46018895 ], [ 136.60145725000001, 36.46023923 ], [ 136.60100864, 36.46053811 ], [ 136.60065837, 36.46072478 ], [ 136.600472240000016, 36.46081951 ], [ 136.600003360000017, 36.4609118 ], [ 136.6, 36.46091247 ], [ 136.599855580000025, 36.46094089 ], [ 136.599713090000023, 36.46097561 ], [ 136.599356130000018, 36.461062 ], [ 136.599126420000033, 36.46117144 ], [ 136.5988892, 36.46123367 ], [ 136.598659200000014, 36.46125728 ], [ 136.598506140000012, 36.46123672 ], [ 136.59827253, 36.46128395 ], [ 136.598050030000024, 36.46133144 ], [ 136.59774725, 36.46143505 ], [ 136.59761586, 36.46152089 ], [ 136.597499200000016, 36.4616095 ], [ 136.59747725, 36.46163922 ], [ 136.597386130000018, 36.46182284 ], [ 136.59733141000001, 36.461962 ], [ 136.59729839000002, 36.46211284 ], [ 136.59730228, 36.46216617 ], [ 136.597342280000021, 36.46226672 ], [ 136.59736783, 36.46234061 ], [ 136.597371440000018, 36.46237617 ], [ 136.59733866000002, 36.46242339 ], [ 136.597181730000017, 36.46254477 ], [ 136.59683895, 36.46281423 ], [ 136.596197, 36.46326423 ], [ 136.59527756, 36.46393589 ], [ 136.59497839, 36.4641845 ], [ 136.594573380000014, 36.46446589 ], [ 136.594321720000011, 36.46467589 ], [ 136.594311730000015, 36.46469061 ], [ 136.594252550000022, 36.46477672 ], [ 136.594168390000021, 36.46496005 ], [ 136.594159220000023, 36.46498284 ], [ 136.594077280000022, 36.46518784 ], [ 136.59393506, 36.46573256 ], [ 136.59391672000001, 36.46590728 ], [ 136.59390034, 36.46602756 ], [ 136.593862, 36.46630978 ], [ 136.59381163, 36.46666589 ], [ 136.593811530000011, 36.46666667 ], [ 136.593800050000027, 36.46674784 ], [ 136.593745330000019, 36.46694005 ], [ 136.593701440000018, 36.46705839 ], [ 136.59365394, 36.46710284 ], [ 136.593581170000022, 36.46713533 ], [ 136.59337672, 36.46716505 ], [ 136.593037830000014, 36.46721256 ], [ 136.59283339000001, 36.46730728 ], [ 136.59261311000003, 36.46743839 ], [ 136.592286160000015, 36.46763284 ], [ 136.592016160000014, 36.46778672 ], [ 136.59199811000002, 36.46788728 ], [ 136.591950610000026, 36.46792284 ], [ 136.59176811, 36.46793784 ], [ 136.591670050000033, 36.46793053 ], [ 136.59166667, 36.46793028 ], [ 136.59160756, 36.46792589 ], [ 136.59146895, 36.46797311 ], [ 136.591016720000027, 36.46834895 ], [ 136.59089978, 36.46848811 ], [ 136.59076117, 36.46863311 ], [ 136.59050589, 36.46879284 ], [ 136.59022117, 36.46905339 ], [ 136.59009423, 36.46912784 ], [ 136.589907830000016, 36.469237 ], [ 136.589652550000011, 36.46931395 ], [ 136.589400610000013, 36.46935533 ], [ 136.58902477, 36.46937617 ], [ 136.588755060000011, 36.46937033 ], [ 136.58853228000001, 36.46933172 ], [ 136.58868562, 36.46919256 ], [ 136.58855394, 36.469172 ], [ 136.588346160000015, 36.46913922 ], [ 136.58779895, 36.46905339 ], [ 136.587335620000033, 36.46901505 ], [ 136.587097, 36.4689995 ], [ 136.586788660000025, 36.4689795 ], [ 136.58613922, 36.46893811 ], [ 136.58569423, 36.46891422 ], [ 136.585333110000022, 36.46885228 ], [ 136.584815060000011, 36.46871589 ], [ 136.584187830000019, 36.46848505 ], [ 136.583864230000017, 36.46831756 ], [ 136.583724500000017, 36.46824533 ], [ 136.583436160000019, 36.46815644 ], [ 136.58333672, 36.46812456 ], [ 136.583333330000016, 36.46812347 ], [ 136.583261170000014, 36.46810033 ], [ 136.583100610000031, 36.46808533 ], [ 136.582925330000023, 36.46807367 ], [ 136.582684770000014, 36.46810033 ], [ 136.582495060000014, 36.46811811 ], [ 136.58230533, 36.46816228 ], [ 136.58190756, 36.46819505 ], [ 136.581641170000012, 36.46822451 ], [ 136.581342, 36.468257 ], [ 136.580662550000028, 36.46831005 ], [ 136.580324500000017, 36.46833672 ], [ 136.58024423, 36.46831311 ], [ 136.580171170000028, 36.46824784 ], [ 136.580109220000026, 36.46817395 ], [ 136.580375620000012, 36.46809728 ], [ 136.5800509, 36.46797895 ], [ 136.57994503, 36.46794922 ], [ 136.57977725, 36.46799367 ], [ 136.579673650000018, 36.46802867 ], [ 136.579215300000016, 36.46818284 ], [ 136.578850580000022, 36.46829228 ], [ 136.578481970000013, 36.46841089 ], [ 136.57846756, 36.4684345 ], [ 136.578478390000015, 36.46849367 ], [ 136.57857339, 36.46868005 ], [ 136.578551440000012, 36.46871561 ], [ 136.57841645000002, 36.46873644 ], [ 136.57815728, 36.46873951 ], [ 136.577840340000023, 36.46868895 ], [ 136.577632240000014, 36.46864756 ], [ 136.57730031, 36.46865061 ], [ 136.577216130000011, 36.46864395 ], [ 136.57718725, 36.46864172 ], [ 136.576942800000012, 36.46871284 ], [ 136.576800580000025, 36.46878089 ], [ 136.576552240000012, 36.46888728 ], [ 136.576194750000013, 36.46902644 ], [ 136.57610309, 36.46907339 ], [ 136.575786720000025, 36.46923451 ], [ 136.57556477, 36.46934784 ], [ 136.57551616, 36.46937256 ], [ 136.575465330000014, 36.46941395 ], [ 136.57545423000002, 36.46946728 ], [ 136.57546144, 36.46951756 ], [ 136.575483390000016, 36.469722 ], [ 136.575498110000012, 36.46992923 ], [ 136.5754945, 36.47007422 ], [ 136.575468950000015, 36.47015117 ], [ 136.575388660000016, 36.4702045 ], [ 136.575279220000027, 36.47025784 ], [ 136.575151440000013, 36.47029922 ], [ 136.57500339, 36.47031559 ], [ 136.575, 36.47031597 ], [ 136.57496533, 36.47031978 ], [ 136.574801170000029, 36.47034951 ], [ 136.574608110000014, 36.47037311 ], [ 136.57440394, 36.47041756 ], [ 136.574093670000025, 36.47052422 ], [ 136.57378728, 36.47063061 ], [ 136.573572, 36.47065728 ], [ 136.57341506, 36.47064256 ], [ 136.57314506, 36.47057144 ], [ 136.57297005, 36.4704945 ], [ 136.572670890000012, 36.47046505 ], [ 136.57231339, 36.47048561 ], [ 136.571912, 36.47054756 ], [ 136.571704230000023, 36.470592 ], [ 136.571618950000016, 36.47063561 ], [ 136.571477830000021, 36.47070756 ], [ 136.57124839, 36.47089395 ], [ 136.57113533, 36.47101533 ], [ 136.571073110000015, 36.47121672 ], [ 136.571069490000014, 36.47138839 ], [ 136.571098660000018, 36.47164589 ], [ 136.57112061, 36.47179089 ], [ 136.57113533, 36.47188561 ], [ 136.57112423, 36.471942 ], [ 136.571103110000024, 36.47195284 ], [ 136.57100394, 36.47200395 ], [ 136.570752280000022, 36.47207505 ], [ 136.57036922, 36.47221089 ], [ 136.56986562000003, 36.47239172 ], [ 136.569675890000013, 36.47246561 ], [ 136.569454230000019, 36.47253978 ], [ 136.569022, 36.4726845 ], [ 136.5686945, 36.47279423 ], [ 136.568457280000018, 36.47288895 ], [ 136.56805978, 36.47303089 ], [ 136.567826720000028, 36.47311589 ], [ 136.56698728, 36.47342144 ], [ 136.566670050000027, 36.473543 ], [ 136.566666670000018, 36.47354431 ], [ 136.5658745, 36.47384784 ], [ 136.56512311000003, 36.474132 ], [ 136.56499839, 36.47415172 ], [ 136.564918660000018, 36.4741645 ], [ 136.564743670000013, 36.47416756 ], [ 136.564433940000015, 36.474197 ], [ 136.564138390000011, 36.47423256 ], [ 136.563893940000014, 36.47428284 ], [ 136.56381506, 36.47430784 ], [ 136.563726160000016, 36.47433617 ], [ 136.56356922, 36.47438923 ], [ 136.563467, 36.47441005 ], [ 136.563332, 36.474407 ], [ 136.563300890000022, 36.474402 ], [ 136.563069220000017, 36.47436561 ], [ 136.562894230000012, 36.47436561 ], [ 136.562693670000016, 36.47438033 ], [ 136.56252949, 36.47444533 ], [ 136.562398110000032, 36.47455784 ], [ 136.562193670000028, 36.47478895 ], [ 136.56206978, 36.47493089 ], [ 136.562043, 36.47499922 ], [ 136.5620427, 36.475 ], [ 136.561993110000031, 36.47512644 ], [ 136.561836160000013, 36.4752595 ], [ 136.56181533, 36.47527311 ], [ 136.56154423000001, 36.475452 ], [ 136.560723670000016, 36.47614144 ], [ 136.560614230000027, 36.47619478 ], [ 136.560537830000015, 36.47621256 ], [ 136.56031506, 36.47622144 ], [ 136.56009978, 36.47623033 ], [ 136.559880890000017, 36.47631617 ], [ 136.55969866, 36.47644644 ], [ 136.55954949, 36.47657033 ], [ 136.55923533, 36.47683117 ], [ 136.55907839, 36.47695839 ], [ 136.55896895, 36.47705005 ], [ 136.558855890000018, 36.477127 ], [ 136.55860034, 36.47724533 ], [ 136.558374230000027, 36.47737561 ], [ 136.55833672, 36.47739744 ], [ 136.558333330000011, 36.47739941 ], [ 136.558180890000017, 36.47748811 ], [ 136.5580645, 36.47750895 ], [ 136.557790900000015, 36.47755339 ], [ 136.557550050000032, 36.47758284 ], [ 136.557338390000012, 36.47763033 ], [ 136.55708672, 36.47773672 ], [ 136.556981730000018, 36.47782311 ], [ 136.55651756, 36.47820451 ], [ 136.556342280000024, 36.47833478 ], [ 136.556203670000031, 36.47837617 ], [ 136.55597756, 36.47838505 ], [ 136.555824230000013, 36.47840895 ], [ 136.555652830000014, 36.47849756 ], [ 136.55540839, 36.47861895 ], [ 136.554868660000011, 36.47893867 ], [ 136.554551440000012, 36.47916061 ], [ 136.554383670000021, 36.47929395 ], [ 136.55419394, 36.47942117 ], [ 136.55398949, 36.47946256 ], [ 136.553803390000013, 36.47947144 ], [ 136.55367589, 36.47951589 ], [ 136.55342034, 36.47955144 ], [ 136.553234230000015, 36.47965784 ], [ 136.553062830000016, 36.479717 ], [ 136.552822, 36.47972589 ], [ 136.55259949, 36.47969617 ], [ 136.552428110000022, 36.47974672 ], [ 136.55221645, 36.47977033 ], [ 136.551943110000025, 36.47981172 ], [ 136.55165477, 36.47987395 ], [ 136.55124616, 36.4800545 ], [ 136.551093110000011, 36.480167 ], [ 136.55078895, 36.48033422 ], [ 136.550381720000019, 36.48055784 ], [ 136.550246720000018, 36.48059922 ], [ 136.55004949, 36.48062672 ], [ 136.55003506, 36.48062867 ], [ 136.55000339, 36.48063169 ], [ 136.55, 36.48063203 ], [ 136.54981616, 36.48064951 ], [ 136.549640900000014, 36.48067617 ], [ 136.549141170000013, 36.48080061 ], [ 136.548681720000019, 36.48094256 ], [ 136.54846283, 36.48098395 ], [ 136.54826949, 36.48103423 ], [ 136.54809978, 36.48108533 ], [ 136.54774783000002, 36.48119117 ], [ 136.54747061, 36.48123867 ], [ 136.54727367000001, 36.48120311 ], [ 136.54711672000002, 36.48113505 ], [ 136.546912280000015, 36.48109061 ], [ 136.54661311000001, 36.48106978 ], [ 136.546219220000012, 36.48117061 ], [ 136.546000610000021, 36.48120895 ], [ 136.545610340000025, 36.48131867 ], [ 136.545413110000027, 36.48136005 ], [ 136.54528922, 36.48136005 ], [ 136.545066720000023, 36.48140728 ], [ 136.54486949, 36.4815495 ], [ 136.544727280000018, 36.481647 ], [ 136.544530340000023, 36.48172422 ], [ 136.544380610000019, 36.48176533 ], [ 136.544125330000014, 36.48178005 ], [ 136.543895620000029, 36.48178311 ], [ 136.54368394, 36.48178311 ], [ 136.542980050000011, 36.48183923 ], [ 136.542918110000016, 36.48182756 ], [ 136.54284866, 36.48180978 ], [ 136.54280506, 36.48176533 ], [ 136.542753940000011, 36.48160839 ], [ 136.542731730000014, 36.48149839 ], [ 136.542673670000028, 36.48120895 ], [ 136.54244756, 36.48060505 ], [ 136.542381730000017, 36.48046589 ], [ 136.542268660000019, 36.48030311 ], [ 136.542217560000012, 36.48014033 ], [ 136.542213940000011, 36.47995977 ], [ 136.542224770000018, 36.47958367 ], [ 136.542268660000019, 36.47940311 ], [ 136.54231228, 36.47909533 ], [ 136.542309220000021, 36.47903951 ], [ 136.54229783, 36.478832 ], [ 136.54226144, 36.47870477 ], [ 136.542199220000015, 36.47853617 ], [ 136.542155620000017, 36.47835117 ], [ 136.54211533, 36.47818089 ], [ 136.54195866, 36.47766561 ], [ 136.54167003, 36.47697005 ], [ 136.541666670000012, 36.47696192 ], [ 136.54117815, 36.47578459 ], [ 136.539801610000012, 36.47618475 ], [ 136.539565160000024, 36.47513422 ], [ 136.53901122000002, 36.47523272 ], [ 136.537611280000021, 36.47562197 ], [ 136.537329920000019, 36.475 ], [ 136.537329560000018, 36.47499922 ], [ 136.53720224, 36.47471784 ], [ 136.53654183, 36.47490259 ], [ 136.53646881, 36.47473261 ], [ 136.53580231, 36.47492231 ], [ 136.535602630000028, 36.47395669 ], [ 136.535150830000021, 36.47405264 ], [ 136.535093, 36.47387036 ], [ 136.534166200000016, 36.47404041 ], [ 136.534104750000012, 36.47377923 ], [ 136.53401392, 36.47326184 ], [ 136.53333669, 36.47335777 ], [ 136.53333333, 36.47335825 ], [ 136.5332493, 36.47337017 ], [ 136.533063750000025, 36.47254 ], [ 136.532561610000016, 36.4726188 ], [ 136.532269470000017, 36.47232813 ], [ 136.532181220000012, 36.47233305 ], [ 136.53212455000002, 36.47204825 ], [ 136.52992728000001, 36.4726838 ], [ 136.52967467000002, 36.47301884 ], [ 136.529492090000019, 36.47311492 ], [ 136.529262870000025, 36.4731682 ], [ 136.52905253000003, 36.47320784 ], [ 136.528392240000016, 36.47330256 ], [ 136.52818808, 36.47334395 ], [ 136.52786336, 36.47337061 ], [ 136.527210310000015, 36.47346839 ], [ 136.52598114, 36.47362784 ], [ 136.525817250000017, 36.4736495 ], [ 136.52535364000002, 36.47371089 ], [ 136.52500336, 36.47375884 ], [ 136.525, 36.47375931 ], [ 136.524901140000026, 36.47377284 ], [ 136.524893920000011, 36.47385589 ], [ 136.524693360000015, 36.47385589 ], [ 136.52464586, 36.47408672 ], [ 136.524496130000017, 36.47408672 ], [ 136.524448910000018, 36.47425256 ], [ 136.52434309, 36.47422895 ], [ 136.524270030000025, 36.47423172 ], [ 136.52420086, 36.474282 ], [ 136.52412419, 36.47443005 ], [ 136.524000030000025, 36.47467839 ], [ 136.523908910000017, 36.47483839 ], [ 136.523797449999989, 36.47499922 ], [ 136.523796910000016, 36.475 ], [ 136.523711970000022, 36.47512256 ], [ 136.523555030000011, 36.47530311 ], [ 136.52349781, 36.47535505 ], [ 136.5233328, 36.47550451 ], [ 136.523237810000012, 36.47564644 ], [ 136.523073650000015, 36.47580922 ], [ 136.522883920000027, 36.47604311 ], [ 136.52254475, 36.47626784 ], [ 136.52237309, 36.476407 ], [ 136.522238080000022, 36.47654033 ], [ 136.52215419, 36.47672089 ], [ 136.52205224, 36.47701978 ], [ 136.521895300000011, 36.47711756 ], [ 136.52163253, 36.47713228 ], [ 136.521442800000017, 36.47713228 ], [ 136.520983090000016, 36.4771945 ], [ 136.52053086, 36.47730089 ], [ 136.52035558, 36.4773245 ], [ 136.520162530000022, 36.47734811 ], [ 136.52014419, 36.47735228 ], [ 136.519841410000026, 36.47742228 ], [ 136.519396420000021, 36.47753756 ], [ 136.51916669000002, 36.47760284 ], [ 136.51902725, 36.47764061 ], [ 136.518881970000024, 36.47767978 ], [ 136.5182728, 36.47791367 ], [ 136.51805031, 36.47804395 ], [ 136.51784586, 36.47815644 ], [ 136.517695030000027, 36.47825478 ], [ 136.51761975, 36.47830423 ], [ 136.517548370000014, 36.47832978 ], [ 136.517528640000023, 36.47833672 ], [ 136.517466420000034, 36.47831311 ], [ 136.517302530000023, 36.47811451 ], [ 136.51703586, 36.47782172 ], [ 136.51702531, 36.47781005 ], [ 136.51695224, 36.47774477 ], [ 136.51688669, 36.47771533 ], [ 136.51672253000001, 36.47770339 ], [ 136.516670030000029, 36.47770984 ], [ 136.51666667, 36.47771025 ], [ 136.51640864, 36.477742 ], [ 136.51617891, 36.47777728 ], [ 136.51597837, 36.47778005 ], [ 136.51568642, 36.47774756 ], [ 136.51561336, 36.47772672 ], [ 136.51543837, 36.47753451 ], [ 136.515336140000016, 36.47745144 ], [ 136.51530698000002, 36.47744256 ], [ 136.51525224, 36.47748117 ], [ 136.51518669, 36.47755505 ], [ 136.515139200000021, 36.47759644 ], [ 136.515015030000029, 36.47757589 ], [ 136.514868370000016, 36.47755005 ], [ 136.51479642000001, 36.47753728 ], [ 136.51445003, 36.47754033 ], [ 136.51389531, 36.47759644 ], [ 136.513815030000018, 36.47759367 ], [ 136.513574190000014, 36.47750172 ], [ 136.513278910000025, 36.47738033 ], [ 136.51308531, 36.47731228 ], [ 136.5128592, 36.47730951 ], [ 136.51275698, 36.47732422 ], [ 136.512731410000015, 36.47730951 ], [ 136.512716980000022, 36.47718811 ], [ 136.512716980000022, 36.47701033 ], [ 136.512749750000012, 36.476602 ], [ 136.51272419, 36.47657533 ], [ 136.51262531, 36.47656395 ], [ 136.51249475, 36.47654867 ], [ 136.511870860000016, 36.47654561 ], [ 136.511673920000021, 36.47655756 ], [ 136.511520580000024, 36.47654867 ], [ 136.51122503000002, 36.47652505 ], [ 136.51079808, 36.47651617 ], [ 136.510714190000016, 36.47654561 ], [ 136.51067419, 36.47659589 ], [ 136.510666980000025, 36.47680311 ], [ 136.51064864, 36.47741311 ], [ 136.51049531000001, 36.47742784 ], [ 136.510276420000025, 36.47744867 ], [ 136.510097810000019, 36.477472 ], [ 136.509445030000023, 36.47751033 ], [ 136.509271410000025, 36.477497 ], [ 136.509178640000016, 36.47748978 ], [ 136.509138370000016, 36.47749089 ], [ 136.50896336, 36.47749561 ], [ 136.508715310000014, 36.47752533 ], [ 136.508336690000021, 36.47754431 ], [ 136.508333330000028, 36.47754447 ], [ 136.508127810000019, 36.47755478 ], [ 136.507252240000014, 36.47760478 ], [ 136.506913090000012, 36.47762867 ], [ 136.506770859999989, 36.47764033 ], [ 136.506683090000024, 36.47768478 ], [ 136.50653336, 36.47781533 ], [ 136.50643864, 36.47789811 ], [ 136.506070310000013, 36.47815839 ], [ 136.50557419, 36.47851951 ], [ 136.50536975, 36.47853422 ], [ 136.505154480000016, 36.47856367 ], [ 136.504917520000021, 36.478697 ], [ 136.50466947000001, 36.47879311 ], [ 136.504665580000022, 36.47879451 ], [ 136.504486980000024, 36.47881811 ], [ 136.503618640000013, 36.47880922 ], [ 136.50352752, 36.47883895 ], [ 136.503505580000024, 36.47890395 ], [ 136.503523640000026, 36.47938339 ], [ 136.503498080000014, 36.47946339 ], [ 136.503293920000033, 36.47952533 ], [ 136.503042240000013, 36.47951644 ], [ 136.502805030000019, 36.47939505 ], [ 136.502316420000028, 36.47915228 ], [ 136.50217419, 36.4790695 ], [ 136.502083090000013, 36.47904867 ], [ 136.50190781, 36.47911978 ], [ 136.5018092, 36.47915477 ], [ 136.50107614, 36.47941589 ], [ 136.500733090000011, 36.47953395 ], [ 136.500236980000011, 36.4797145 ], [ 136.500118910000026, 36.479752 ], [ 136.50000336, 36.47978841 ], [ 136.5, 36.47978947 ], [ 136.49995586, 36.47980339 ], [ 136.49972975, 36.47987728 ], [ 136.499478080000017, 36.47996895 ], [ 136.49878114, 36.48021756 ], [ 136.498565860000014, 36.48028561 ], [ 136.49835808, 36.48038923 ], [ 136.49706031, 36.48088033 ], [ 136.49670419, 36.48096061 ], [ 136.49659920000002, 36.48101617 ], [ 136.49645003, 36.48111089 ], [ 136.49635475, 36.48115839 ], [ 136.495934480000017, 36.48125172 ], [ 136.495743920000024, 36.48130117 ], [ 136.49550224, 36.48138839 ], [ 136.49525447000002, 36.4814845 ], [ 136.4950092, 36.48157978 ], [ 136.494986690000019, 36.48158867 ], [ 136.49474224, 36.48163033 ], [ 136.494735030000015, 36.48163033 ], [ 136.494530030000021, 36.48163228 ], [ 136.49428309000001, 36.48167367 ], [ 136.49410475000002, 36.48176089 ], [ 136.49395837, 36.48182033 ], [ 136.49383364000002, 36.48183811 ], [ 136.493452530000013, 36.48188367 ], [ 136.49322781, 36.48198089 ], [ 136.4931617, 36.48200644 ], [ 136.49303975, 36.481947 ], [ 136.49276837, 36.48169144 ], [ 136.4921917, 36.48147728 ], [ 136.491670030000023, 36.48125677 ], [ 136.49166667, 36.48125536 ], [ 136.491370859999989, 36.48113033 ], [ 136.490992530000028, 36.48096589 ], [ 136.49070669, 36.48085089 ], [ 136.490154470000022, 36.48088478 ], [ 136.489949200000012, 36.48090061 ], [ 136.488986690000019, 36.48097561 ], [ 136.488619200000016, 36.481007 ], [ 136.48831475, 36.48103311 ], [ 136.488050860000016, 36.48010172 ], [ 136.48841475, 36.47988756 ], [ 136.488788640000024, 36.47966756 ], [ 136.48910613000001, 36.47959228 ], [ 136.489223650000014, 36.4795645 ], [ 136.48919837, 36.47948089 ], [ 136.48875224, 36.47800089 ], [ 136.48830224, 36.47653311 ], [ 136.48792419, 36.47529951 ], [ 136.487803360000015, 36.475307 ], [ 136.48766752, 36.47531533 ], [ 136.48742336, 36.47538061 ], [ 136.487393450000013, 36.47529986 ], [ 136.487364190000022, 36.47522033 ], [ 136.48728283, 36.475 ], [ 136.487282530000016, 36.47499922 ], [ 136.487061950000026, 36.47440172 ], [ 136.48655861, 36.47452644 ], [ 136.486395010000024, 36.47479005 ], [ 136.48620445, 36.47443922 ], [ 136.48600167, 36.474227 ], [ 136.485777219999989, 36.47393172 ], [ 136.48570722, 36.47383978 ], [ 136.48564472000001, 36.47375756 ], [ 136.485316110000014, 36.47332395 ], [ 136.485279170000013, 36.47327533 ], [ 136.48511722, 36.47306172 ], [ 136.484988910000027, 36.47288847 ], [ 136.484903060000022, 36.47277256 ], [ 136.48458667, 36.47234478 ], [ 136.48447472, 36.47219367 ], [ 136.48420861, 36.47186644 ], [ 136.483558610000017, 36.47101033 ], [ 136.48333667, 36.47072947 ], [ 136.483333330000022, 36.47072525 ], [ 136.483240560000013, 36.47060784 ], [ 136.483030830000018, 36.47034256 ], [ 136.48251805000001, 36.46964672 ], [ 136.482376390000013, 36.46948811 ], [ 136.48230805, 36.46932367 ], [ 136.482212780000026, 36.46904228 ], [ 136.482082780000013, 36.46892895 ], [ 136.481916940000019, 36.46878451 ], [ 136.481773060000023, 36.46868756 ], [ 136.48136306, 36.4684845 ], [ 136.48120861000001, 36.46840784 ], [ 136.480807780000021, 36.46825144 ], [ 136.48072222, 36.46821172 ], [ 136.48064667, 36.46815839 ], [ 136.48062944, 36.46814617 ], [ 136.4803975, 36.46799756 ], [ 136.480228880000027, 36.46782923 ], [ 136.47996501, 36.46752978 ], [ 136.479205280000031, 36.46670117 ], [ 136.47920122, 36.46666667 ], [ 136.479201140000015, 36.46666589 ], [ 136.47918834, 36.46655644 ], [ 136.479120560000013, 36.46616672 ], [ 136.47911973, 36.46616228 ], [ 136.478885280000014, 36.46590672 ], [ 136.47870805, 36.46590756 ], [ 136.478452780000026, 36.46590839 ], [ 136.47718472, 36.46596784 ], [ 136.47697306, 36.46597728 ], [ 136.475640270000014, 36.466037 ], [ 136.475518890000018, 36.46581311 ], [ 136.475455280000034, 36.46577367 ], [ 136.47541333, 36.46579033 ], [ 136.475003330000021, 36.46595164 ], [ 136.475, 36.46595295 ], [ 136.474932500000023, 36.4659795 ], [ 136.474563610000018, 36.46614589 ], [ 136.47411222, 36.46633505 ], [ 136.47405472, 36.46635895 ], [ 136.47365944, 36.46652451 ], [ 136.47330764, 36.46666589 ], [ 136.473305720000013, 36.46666667 ], [ 136.472841110000019, 36.46685339 ], [ 136.47220083000002, 36.46713478 ], [ 136.47139694, 36.46745589 ], [ 136.471018610000016, 36.46762811 ], [ 136.470779170000014, 36.46782228 ], [ 136.470525010000017, 36.46810561 ], [ 136.46997611, 36.468652 ], [ 136.469836110000017, 36.46879144 ], [ 136.469269170000018, 36.46935422 ], [ 136.469169170000015, 36.46947117 ], [ 136.468972220000012, 36.46965589 ], [ 136.468638880000015, 36.46996867 ], [ 136.46809667, 36.47045395 ], [ 136.46776667, 36.47066395 ], [ 136.46734416000001, 36.47083839 ], [ 136.466701390000026, 36.47111367 ], [ 136.46667, 36.4711272 ], [ 136.46666667, 36.47112864 ], [ 136.46653555, 36.47118505 ], [ 136.465936670000019, 36.47144256 ], [ 136.46545555, 36.47164172 ], [ 136.465422500000017, 36.47165533 ], [ 136.46523306, 36.47173395 ], [ 136.46510204, 36.47179988 ], [ 136.465122580000013, 36.47182113 ], [ 136.465157440000013, 36.47186417 ], [ 136.46518672000002, 36.47190967 ], [ 136.465210800000023, 36.4719602 ], [ 136.465230170000012, 36.47201484 ], [ 136.465291020000024, 36.47223444 ], [ 136.46529586, 36.47226647 ], [ 136.46529458, 36.47229828 ], [ 136.465280700000022, 36.47236497 ], [ 136.465276610000018, 36.47239786 ], [ 136.46527859, 36.472414 ], [ 136.46528669, 36.47242872 ], [ 136.4652993, 36.47244097 ], [ 136.46532331, 36.47245489 ], [ 136.465387030000016, 36.47247728 ], [ 136.46542739, 36.47249308 ], [ 136.46548761, 36.47252292 ], [ 136.46556847, 36.47256487 ], [ 136.465609730000011, 36.47258203 ], [ 136.465724530000017, 36.47262028 ], [ 136.46576934, 36.47263839 ], [ 136.465811090000017, 36.47266064 ], [ 136.465897, 36.47271261 ], [ 136.46596553, 36.47274653 ], [ 136.466010050000023, 36.47277067 ], [ 136.466053890000012, 36.47280003 ], [ 136.46609275, 36.47283361 ], [ 136.46614467, 36.47289025 ], [ 136.46617645, 36.47293161 ], [ 136.46620384000002, 36.47297503 ], [ 136.46621939, 36.47300803 ], [ 136.466226420000027, 36.47303167 ], [ 136.46622944, 36.47305595 ], [ 136.466228110000031, 36.47308036 ], [ 136.46621872, 36.47311789 ], [ 136.466214620000017, 36.47314175 ], [ 136.466215080000012, 36.47314667 ], [ 136.466216130000021, 36.47315761 ], [ 136.46622475, 36.47318108 ], [ 136.466270830000013, 36.47325464 ], [ 136.46628311, 36.47327931 ], [ 136.466290250000014, 36.47330522 ], [ 136.46629224, 36.47333217 ], [ 136.466288640000016, 36.47337333 ], [ 136.466277080000026, 36.47342978 ], [ 136.466260510000012, 36.47348484 ], [ 136.466229200000015, 36.47356756 ], [ 136.46620202, 36.47362292 ], [ 136.46617737, 36.47366144 ], [ 136.466147440000015, 36.47369759 ], [ 136.466109860000017, 36.47373205 ], [ 136.46606664, 36.47376192 ], [ 136.466002280000026, 36.47379713 ], [ 136.4659537, 36.4738255 ], [ 136.46588345, 36.47388277 ], [ 136.465853, 36.47390631 ], [ 136.46584438, 36.47391995 ], [ 136.46584372, 36.47393047 ], [ 136.46584895, 36.47394511 ], [ 136.465855030000029, 36.47395217 ], [ 136.465860360000022, 36.47395447 ], [ 136.4658665, 36.47395405 ], [ 136.46587883, 36.47394836 ], [ 136.465893220000027, 36.47393672 ], [ 136.46592053, 36.4739028 ], [ 136.46594542, 36.47387756 ], [ 136.465973750000018, 36.47385428 ], [ 136.466023800000016, 36.47382141 ], [ 136.46609759, 36.47378272 ], [ 136.466215230000017, 36.47373141 ], [ 136.466280270000027, 36.47371828 ], [ 136.466407, 36.4737002 ], [ 136.466504470000018, 36.47369256 ], [ 136.46658492, 36.47369251 ], [ 136.466641480000021, 36.47369689 ], [ 136.46666667, 36.4737008 ], [ 136.46667, 36.47370131 ], [ 136.466678910000013, 36.47370269 ], [ 136.46670053, 36.47370605 ], [ 136.46673134, 36.47371375 ], [ 136.466761410000032, 36.47372128 ], [ 136.46680791, 36.47373725 ], [ 136.466852390000014, 36.47375661 ], [ 136.46687438, 36.47376869 ], [ 136.466882700000014, 36.47377328 ], [ 136.4669102, 36.47379244 ], [ 136.46694772, 36.47382628 ], [ 136.466982410000014, 36.47386633 ], [ 136.467065940000026, 36.47398325 ], [ 136.467146470000017, 36.47408592 ], [ 136.46726458, 36.474231 ], [ 136.467268440000026, 36.47424677 ], [ 136.467272890000032, 36.47427639 ], [ 136.467272220000012, 36.47428753 ], [ 136.467269860000016, 36.47432772 ], [ 136.46727302, 36.47434541 ], [ 136.46728289, 36.47436684 ], [ 136.467302090000032, 36.47439156 ], [ 136.467348, 36.47443436 ], [ 136.46739027000001, 36.47447344 ], [ 136.46741633, 36.47450595 ], [ 136.46745808, 36.47457939 ], [ 136.467473330000018, 36.47460225 ], [ 136.467489560000018, 36.47462661 ], [ 136.467532050000017, 36.47467851 ], [ 136.46758756, 36.47475413 ], [ 136.46773278, 36.47488236 ], [ 136.467848910000015, 36.47498389 ], [ 136.46786606, 36.47499922 ], [ 136.46786691, 36.475 ], [ 136.467923090000028, 36.4750502 ], [ 136.467972050000014, 36.47510123 ], [ 136.468016980000016, 36.47515792 ], [ 136.468110560000014, 36.47529887 ], [ 136.468161220000013, 36.47537217 ], [ 136.46832361, 36.47558356 ], [ 136.46837131, 36.47565187 ], [ 136.46843034, 36.47575225 ], [ 136.468463360000015, 36.4758022 ], [ 136.46849394, 36.47583769 ], [ 136.468529800000027, 36.47587008 ], [ 136.468572280000018, 36.47590061 ], [ 136.468634230000021, 36.47593767 ], [ 136.46869837, 36.47597677 ], [ 136.4687609, 36.47602177 ], [ 136.4688208, 36.47607295 ], [ 136.46887501, 36.47612833 ], [ 136.46892467, 36.47618944 ], [ 136.46895837, 36.47623922 ], [ 136.4690218, 36.47634647 ], [ 136.469091890000016, 36.47645764 ], [ 136.46911097, 36.4764948 ], [ 136.46912577, 36.47653605 ], [ 136.46913533, 36.47657859 ], [ 136.46914156, 36.47664403 ], [ 136.46913654, 36.476728 ], [ 136.46913158000001, 36.47680808 ], [ 136.469126250000016, 36.4768808 ], [ 136.469126830000022, 36.47692947 ], [ 136.469131850000025, 36.47697805 ], [ 136.46914214, 36.47702633 ], [ 136.46915442, 36.47706328 ], [ 136.469172190000023, 36.47709836 ], [ 136.469187170000026, 36.47711925 ], [ 136.469237060000012, 36.4771702 ], [ 136.46926711, 36.47720272 ], [ 136.46929917, 36.47725013 ], [ 136.469330860000014, 36.47729792 ], [ 136.469359920000016, 36.47733097 ], [ 136.469407300000029, 36.47737305 ], [ 136.469512830000014, 36.47745217 ], [ 136.46956547000002, 36.47749411 ], [ 136.46961472000001, 36.47753884 ], [ 136.46966114, 36.47758859 ], [ 136.46969117, 36.47762741 ], [ 136.469725690000018, 36.47768289 ], [ 136.46975616, 36.47774353 ], [ 136.469780120000024, 36.47778856 ], [ 136.469800610000021, 36.47781605 ], [ 136.46982639, 36.477841 ], [ 136.469851280000029, 36.47786639 ], [ 136.469870440000022, 36.47789478 ], [ 136.46991859, 36.47799041 ], [ 136.469947780000012, 36.47805647 ], [ 136.470002310000012, 36.4782098 ], [ 136.47003014, 36.47827939 ], [ 136.47006392000003, 36.478347 ], [ 136.470126830000027, 36.47844847 ], [ 136.470167640000028, 36.47851684 ], [ 136.470210120000019, 36.47858731 ], [ 136.470271500000024, 36.47867092 ], [ 136.470317610000023, 36.47874347 ], [ 136.47035175000002, 36.47879631 ], [ 136.47037966000002, 36.47882964 ], [ 136.47043095, 36.478876 ], [ 136.470464140000018, 36.47890647 ], [ 136.470492870000015, 36.47893953 ], [ 136.470533750000016, 36.47899556 ], [ 136.470604580000014, 36.4790878 ], [ 136.470630250000028, 36.47912553 ], [ 136.47065995, 36.4791858 ], [ 136.470688420000016, 36.47924656 ], [ 136.470714500000014, 36.47928717 ], [ 136.470760080000019, 36.47934403 ], [ 136.470805330000019, 36.47940117 ], [ 136.47083131, 36.47944186 ], [ 136.47085192, 36.47948461 ], [ 136.470885470000013, 36.47957584 ], [ 136.470904250000018, 36.47962208 ], [ 136.47092214, 36.47965392 ], [ 136.47094475, 36.47968389 ], [ 136.470982140000018, 36.47972239 ], [ 136.471045620000012, 36.47977495 ], [ 136.471212190000017, 36.47989208 ], [ 136.471279110000012, 36.47994484 ], [ 136.471366250000017, 36.48002347 ], [ 136.471432140000019, 36.48008108 ], [ 136.4715062, 36.48013597 ], [ 136.471607330000012, 36.48020684 ], [ 136.471654310000019, 36.48024525 ], [ 136.471697590000019, 36.48028631 ], [ 136.47178134, 36.4803782 ], [ 136.4718383, 36.48044856 ], [ 136.471872, 36.48049822 ], [ 136.471900440000013, 36.48054995 ], [ 136.471936670000019, 36.48063153 ], [ 136.471944690000015, 36.48065608 ], [ 136.47194966, 36.48070108 ], [ 136.47195611, 36.4807268 ], [ 136.47196964, 36.48075095 ], [ 136.47204075, 36.48083484 ], [ 136.47205528, 36.48085914 ], [ 136.472063970000022, 36.48088489 ], [ 136.47207197000003, 36.48097561 ], [ 136.47208297, 36.48105633 ], [ 136.47209856, 36.48110995 ], [ 136.47211872, 36.48115233 ], [ 136.47214064, 36.48118328 ], [ 136.472167980000023, 36.48121092 ], [ 136.4722418, 36.48126625 ], [ 136.47238144, 36.48137387 ], [ 136.47243419, 36.48140517 ], [ 136.472493920000034, 36.4814265 ], [ 136.47260287, 36.48144967 ], [ 136.47267815, 36.48146867 ], [ 136.472758660000011, 36.48149969 ], [ 136.47293031000001, 36.48158505 ], [ 136.4731362, 36.48167584 ], [ 136.47323903000003, 36.48173167 ], [ 136.473307910000017, 36.48177839 ], [ 136.473377390000024, 36.4818372 ], [ 136.473436830000026, 36.48190261 ], [ 136.47353365, 36.48203447 ], [ 136.47365339000001, 36.48220903 ], [ 136.47370966, 36.48230695 ], [ 136.473753860000016, 36.48240797 ], [ 136.473785310000011, 36.48251233 ], [ 136.47381980000003, 36.48267367 ], [ 136.47383883, 36.48275472 ], [ 136.47385936, 36.48280575 ], [ 136.473884890000022, 36.48284484 ], [ 136.473918170000019, 36.48288064 ], [ 136.47403939, 36.48297751 ], [ 136.474126500000011, 36.48303495 ], [ 136.474201140000019, 36.48307325 ], [ 136.47428192000001, 36.483102 ], [ 136.47446477, 36.48314533 ], [ 136.474559530000022, 36.48317175 ], [ 136.47468222, 36.4832178 ], [ 136.474721860000017, 36.48323831 ], [ 136.474738980000012, 36.48324714 ], [ 136.47476258, 36.48326587 ], [ 136.474802050000022, 36.48330941 ], [ 136.474832440000029, 36.48333256 ], [ 136.47483348, 36.48333333 ], [ 136.474850140000029, 36.48334603 ], [ 136.474969610000016, 36.48341495 ], [ 136.475, 36.48343875 ], [ 136.475003360000017, 36.48344139 ], [ 136.47501839, 36.48345317 ], [ 136.475066030000022, 36.48350408 ], [ 136.47510258, 36.48356044 ], [ 136.475140340000024, 36.48364547 ], [ 136.47516564, 36.48368556 ], [ 136.47520241, 36.48374128 ], [ 136.47522501, 36.48380161 ], [ 136.475238610000019, 36.48382611 ], [ 136.4752937, 36.48389439 ], [ 136.475342050000023, 36.48396495 ], [ 136.47543156, 36.48413167 ], [ 136.47545403, 36.48416269 ], [ 136.475476980000025, 36.48418178 ], [ 136.475515520000016, 36.48420064 ], [ 136.47559988, 36.48422628 ], [ 136.47563847, 36.484243 ], [ 136.475705330000011, 36.48429113 ], [ 136.475793360000011, 36.48434672 ], [ 136.475843020000013, 36.48438269 ], [ 136.475886300000013, 36.48442431 ], [ 136.475941830000011, 36.48449169 ], [ 136.47599983, 36.48455861 ], [ 136.476026140000016, 36.48458841 ], [ 136.476034030000022, 36.48460478 ], [ 136.476038500000016, 36.48464067 ], [ 136.476046520000011, 36.48466641 ], [ 136.47606183000002, 36.4846902 ], [ 136.47606722, 36.48469584 ], [ 136.476104420000013, 36.48473461 ], [ 136.476120660000021, 36.48475175 ], [ 136.47613698, 36.484764 ], [ 136.476166620000015, 36.48478131 ], [ 136.47618202000001, 36.48479205 ], [ 136.476193170000016, 36.48480586 ], [ 136.476206470000022, 36.48481811 ], [ 136.47622134, 36.48482795 ], [ 136.47624808, 36.48484277 ], [ 136.476282170000019, 36.48486253 ], [ 136.47630134000002, 36.48487967 ], [ 136.476317560000012, 36.48489922 ], [ 136.47632475, 36.48492108 ], [ 136.47632589, 36.48494292 ], [ 136.47633144, 36.48496961 ], [ 136.47634464, 36.48499151 ], [ 136.476356360000011, 36.48500372 ], [ 136.47637124000002, 36.48501356 ], [ 136.47639061000001, 36.48501861 ], [ 136.476420470000022, 36.48502384 ], [ 136.476445940000019, 36.48502172 ], [ 136.47646850000001, 36.48501953 ], [ 136.476789250000024, 36.48538611 ], [ 136.476809949999989, 36.48540569 ], [ 136.47681717, 36.48542278 ], [ 136.476828880000028, 36.485435 ], [ 136.476846780000017, 36.48544241 ], [ 136.477054470000013, 36.48565764 ], [ 136.47706628, 36.48567231 ], [ 136.477077690000016, 36.48570636 ], [ 136.477099560000028, 36.48574525 ], [ 136.477145230000019, 36.48579417 ], [ 136.477195380000012, 36.48583825 ], [ 136.477251780000017, 36.48587275 ], [ 136.477302310000027, 36.48589025 ], [ 136.47733817, 36.48589795 ], [ 136.477386060000015, 36.48589839 ], [ 136.477444470000023, 36.48589177 ], [ 136.47750455000002, 36.48587311 ], [ 136.477519250000029, 36.48589259 ], [ 136.477567420000014, 36.48587141 ], [ 136.477573550000017, 36.48585936 ], [ 136.47757361, 36.48585205 ], [ 136.477567780000015, 36.48584472 ], [ 136.47754691, 36.48584208 ], [ 136.47752431, 36.48584917 ], [ 136.477518690000011, 36.48582967 ], [ 136.47755025, 36.48582039 ], [ 136.47757737, 36.48580856 ], [ 136.4775927, 36.48580664 ], [ 136.477595330000014, 36.48580633 ], [ 136.477611700000011, 36.48581136 ], [ 136.477626390000012, 36.48582851 ], [ 136.477644110000028, 36.48584564 ], [ 136.47766791, 36.48585317 ], [ 136.477688780000022, 36.48585336 ], [ 136.47773523, 36.48585147 ], [ 136.47776872, 36.48584895 ], [ 136.477790700000014, 36.48585141 ], [ 136.47781161, 36.48585814 ], [ 136.47783961, 36.48587308 ], [ 136.47786975, 36.48589714 ], [ 136.47798086, 36.48600592 ], [ 136.47802569000001, 36.48605953 ], [ 136.478119030000016, 36.4861828 ], [ 136.47816189, 36.4862312 ], [ 136.478229950000014, 36.486298 ], [ 136.47831847, 36.48638189 ], [ 136.478374310000021, 36.48644259 ], [ 136.47840553, 36.48648403 ], [ 136.47846014000001, 36.48656889 ], [ 136.47851178, 36.48664895 ], [ 136.47856438, 36.48671992 ], [ 136.478646420000018, 36.48681853 ], [ 136.478827, 36.48702289 ], [ 136.478980120000017, 36.4872115 ], [ 136.47906864, 36.48731051 ], [ 136.47919248, 36.48744487 ], [ 136.479256610000022, 36.4875222 ], [ 136.479301280000016, 36.48758384 ], [ 136.479340220000012, 36.48766022 ], [ 136.47934949, 36.48769667 ], [ 136.4793525, 36.48772444 ], [ 136.47935161, 36.48775003 ], [ 136.479347500000017, 36.48777111 ], [ 136.479277390000021, 36.48789911 ], [ 136.47850817, 36.48916317 ], [ 136.477489800000029, 36.4901088 ], [ 136.47755380000001, 36.49015372 ], [ 136.478579470000028, 36.48920136 ], [ 136.479114810000027, 36.48831275 ], [ 136.479199170000015, 36.48824069 ], [ 136.479250470000011, 36.48820495 ], [ 136.47939681, 36.48811711 ], [ 136.47943706, 36.48809503 ], [ 136.479461500000014, 36.48808161 ], [ 136.47950506, 36.48806753 ], [ 136.479544030000028, 36.488055 ], [ 136.47954859, 36.48805353 ], [ 136.479582610000023, 36.48804913 ], [ 136.47963542, 36.48804233 ], [ 136.47972891, 36.48803528 ], [ 136.47977445, 36.48803178 ], [ 136.47982248, 36.48801772 ], [ 136.479857080000016, 36.48800125 ], [ 136.48011519, 36.48811156 ], [ 136.480401480000012, 36.48823392 ], [ 136.480225530000013, 36.488604 ], [ 136.480213060000011, 36.48863028 ], [ 136.480169, 36.488718 ], [ 136.480153890000025, 36.48874811 ], [ 136.48010109, 36.4888532 ], [ 136.479980270000027, 36.4890938 ], [ 136.47993258, 36.489185 ], [ 136.47983803, 36.48931441 ], [ 136.479773800000032, 36.48940786 ], [ 136.47964017000001, 36.48955128 ], [ 136.47933672000002, 36.48986433 ], [ 136.47887205, 36.49035913 ], [ 136.478652, 36.49059336 ], [ 136.478625030000018, 36.49060267 ], [ 136.478618910000023, 36.49061228 ], [ 136.478620050000018, 36.490634 ], [ 136.478631730000018, 36.49065344 ], [ 136.478778150000011, 36.49074413 ], [ 136.47880623, 36.49075889 ], [ 136.47882564, 36.49076144 ], [ 136.478852610000018, 36.49075214 ], [ 136.47886472, 36.49074744 ], [ 136.47887859, 36.49071859 ], [ 136.47888642, 36.49069214 ], [ 136.47889711, 36.4906802 ], [ 136.478974530000016, 36.49059647 ], [ 136.47913839, 36.49041969 ], [ 136.479211360000022, 36.49033351 ], [ 136.47933577, 36.49021175 ], [ 136.47936859, 36.49021211 ], [ 136.479377520000014, 36.49020975 ], [ 136.47946103000001, 36.49011892 ], [ 136.47954759000001, 36.49012464 ], [ 136.47962949, 36.49013992 ], [ 136.47971564, 36.49016736 ], [ 136.479791120000016, 36.49020187 ], [ 136.47992747, 36.49027078 ], [ 136.48001761, 36.49032472 ], [ 136.48010489, 36.49037625 ], [ 136.480171190000021, 36.49042511 ], [ 136.480230120000016, 36.4904788 ], [ 136.4802962, 36.49054217 ], [ 136.480365230000018, 36.49061511 ], [ 136.48040759, 36.49067105 ], [ 136.480464450000028, 36.49075359 ], [ 136.48049642, 36.4908118 ], [ 136.480532440000019, 36.49088925 ], [ 136.48056538000003, 36.49097641 ], [ 136.480593640000023, 36.49107553 ], [ 136.48060178, 36.49112864 ], [ 136.48061278000003, 36.49118422 ], [ 136.48061486, 36.49123722 ], [ 136.480613990000023, 36.49129753 ], [ 136.480605520000012, 36.49136011 ], [ 136.480597080000024, 36.49141784 ], [ 136.48058462, 36.49145389 ], [ 136.480549420000017, 36.49150903 ], [ 136.48051131, 36.49156405 ], [ 136.48048248, 36.49159508 ], [ 136.480447590000011, 36.49162851 ], [ 136.48039781, 36.49166417 ], [ 136.480395030000011, 36.49166589 ], [ 136.480393750000019, 36.49166667 ], [ 136.480355620000012, 36.49169033 ], [ 136.48030309, 36.49171147 ], [ 136.48028241, 36.4916992 ], [ 136.480250510000019, 36.49166667 ], [ 136.480249750000013, 36.49166589 ], [ 136.48024428, 36.49166031 ], [ 136.480160730000023, 36.49156547 ], [ 136.480150700000024, 36.49153884 ], [ 136.480151, 36.49151475 ], [ 136.48013789, 36.49149531 ], [ 136.480129200000022, 36.49148317 ], [ 136.48011428, 36.49147823 ], [ 136.480096450000019, 36.49147569 ], [ 136.480068110000019, 36.491473 ], [ 136.480047250000013, 36.4914728 ], [ 136.480006640000028, 36.49149411 ], [ 136.47997783, 36.49152033 ], [ 136.47997003, 36.49154669 ], [ 136.479972310000022, 36.49159259 ], [ 136.479983800000014, 36.4916168 ], [ 136.480007200000017, 36.49164831 ], [ 136.48002747000001, 36.49166589 ], [ 136.480028370000014, 36.49166667 ], [ 136.480102890000012, 36.49173123 ], [ 136.480167810000012, 36.49177522 ], [ 136.48022817, 36.49182884 ], [ 136.480272190000022, 36.49187261 ], [ 136.480401700000016, 36.49198231 ], [ 136.480497520000029, 36.49205072 ], [ 136.480605250000025, 36.49212641 ], [ 136.4807173, 36.49220223 ], [ 136.480761750000028, 36.49222431 ], [ 136.480781170000029, 36.49222451 ], [ 136.480793160000019, 36.49221978 ], [ 136.480806840000014, 36.49220067 ], [ 136.480848340000023, 36.49212639 ], [ 136.480843990000011, 36.49211428 ], [ 136.480812970000017, 36.4920995 ], [ 136.480732890000013, 36.49206741 ], [ 136.480601730000018, 36.49196978 ], [ 136.480617170000016, 36.49193859 ], [ 136.4806475, 36.49190514 ], [ 136.480710830000021, 36.49186 ], [ 136.48079825, 36.49180786 ], [ 136.480858150000017, 36.49178911 ], [ 136.480916470000011, 36.49178005 ], [ 136.481023890000017, 36.49177628 ], [ 136.481095380000028, 36.49177939 ], [ 136.48119073, 36.49179236 ], [ 136.48125012, 36.49180253 ], [ 136.481297660000024, 36.49181505 ], [ 136.48137764, 36.49184472 ], [ 136.48144586, 36.49186944 ], [ 136.48152289, 36.49190395 ], [ 136.481582020000019, 36.49193341 ], [ 136.48163222, 36.4919628 ], [ 136.481726470000012, 36.4920312 ], [ 136.48183973, 36.49212623 ], [ 136.48202086, 36.49228922 ], [ 136.482149140000018, 36.49240139 ], [ 136.48220175000003, 36.49245987 ], [ 136.482232110000012, 36.49250351 ], [ 136.482245580000011, 36.49258847 ], [ 136.482246860000032, 36.49265472 ], [ 136.48224633, 36.49271497 ], [ 136.482251850000011, 36.49275889 ], [ 136.48223428, 36.49278611 ], [ 136.482206350000013, 36.4928065 ], [ 136.482159880000012, 36.49283053 ], [ 136.482123410000014, 36.49284331 ], [ 136.481976300000014, 36.49271656 ], [ 136.481918880000023, 36.49267028 ], [ 136.481892190000025, 36.49265795 ], [ 136.48185380000001, 36.49266064 ], [ 136.48182811, 36.49269036 ], [ 136.481795330000011, 36.49273503 ], [ 136.481788110000025, 36.49276675 ], [ 136.48182241, 36.49280992 ], [ 136.48192803, 36.49289644 ], [ 136.4820728, 36.49300375 ], [ 136.4821785, 36.49307908 ], [ 136.48230645000001, 36.49314869 ], [ 136.482350920000016, 36.49317078 ], [ 136.482370340000017, 36.49317097 ], [ 136.48238231000002, 36.49316625 ], [ 136.48239597, 36.49314714 ], [ 136.48243747, 36.49307284 ], [ 136.482433140000012, 36.49306075 ], [ 136.48240211000001, 36.49304597 ], [ 136.48232202, 36.49301387 ], [ 136.482230890000011, 36.49294605 ], [ 136.48226331, 36.49290397 ], [ 136.48230523, 36.49287059 ], [ 136.4823308, 36.49285578 ], [ 136.48235545, 36.49285087 ], [ 136.48240186000001, 36.49285297 ], [ 136.48245881, 36.49284795 ], [ 136.48253781, 36.49284528 ], [ 136.482614550000022, 36.49284751 ], [ 136.48267469000001, 36.49285186 ], [ 136.48270886, 36.4928632 ], [ 136.48274261, 36.49288464 ], [ 136.48300545, 36.49307875 ], [ 136.48308234000001, 36.49301492 ], [ 136.483333330000022, 36.49322017 ], [ 136.483336720000011, 36.49322295 ], [ 136.483390970000016, 36.49326733 ], [ 136.48348572, 36.49337223 ], [ 136.4835525, 36.49346786 ], [ 136.483588640000022, 36.49352197 ], [ 136.483628200000027, 36.49356708 ], [ 136.48371655, 36.4936378 ], [ 136.48429192, 36.49410992 ], [ 136.48435842, 36.49406225 ], [ 136.484381110000015, 36.49407139 ], [ 136.484456200000011, 36.49411308 ], [ 136.48449097, 36.49413133 ], [ 136.48452917, 36.49415489 ], [ 136.484565810000021, 36.49417844 ], [ 136.48460519, 36.49420469 ], [ 136.484633920000022, 36.49422405 ], [ 136.484673220000019, 36.49423656 ], [ 136.48471014, 36.49429039 ], [ 136.484708500000011, 36.49432613 ], [ 136.48473722, 36.49434514 ], [ 136.4847555, 36.49436167 ], [ 136.4847737, 36.49439977 ], [ 136.484795750000018, 36.49446851 ], [ 136.48481623, 36.49452864 ], [ 136.48483694, 36.49456877 ], [ 136.484875500000015, 36.49460333 ], [ 136.485009390000016, 36.49468431 ], [ 136.48516791, 36.49478541 ], [ 136.4853818, 36.49495817 ], [ 136.48545708, 36.49502997 ], [ 136.485526640000018, 36.49511877 ], [ 136.485569560000016, 36.49520156 ], [ 136.485611440000014, 36.49534978 ], [ 136.485649470000027, 36.49550644 ], [ 136.48566202, 36.49560314 ], [ 136.48567058, 36.49562023 ], [ 136.485706810000011, 36.49564384 ], [ 136.485897610000023, 36.49572417 ], [ 136.48603798000002, 36.49580761 ], [ 136.486121750000024, 36.49587631 ], [ 136.486206470000013, 36.49599036 ], [ 136.486269640000017, 36.49611841 ], [ 136.486350580000021, 36.49633428 ], [ 136.486379880000015, 36.49637978 ], [ 136.486402630000015, 36.49639405 ], [ 136.486471190000032, 36.49641725 ], [ 136.486675530000014, 36.49646113 ], [ 136.486921850000016, 36.49652508 ], [ 136.48703752, 36.49657395 ], [ 136.487161050000026, 36.49666811 ], [ 136.487270140000021, 36.49677905 ], [ 136.48733486, 36.49689811 ], [ 136.48736416, 36.49701686 ], [ 136.48737008, 36.49715795 ], [ 136.487365970000013, 36.49727067 ], [ 136.487341140000012, 36.49736641 ], [ 136.48730022, 36.49742836 ], [ 136.4872655, 36.49747867 ], [ 136.48725905, 36.49749825 ], [ 136.48726394, 36.49751522 ], [ 136.487289200000021, 36.49752856 ], [ 136.487343650000014, 36.49754786 ], [ 136.487471020000015, 36.49756444 ], [ 136.48765409, 36.49757684 ], [ 136.487799880000011, 36.49760028 ], [ 136.487948440000025, 36.49765187 ], [ 136.488045840000012, 36.49771156 ], [ 136.488156160000017, 36.49781905 ], [ 136.48822519, 36.49795564 ], [ 136.48827, 36.49807808 ], [ 136.488293530000021, 36.49815925 ], [ 136.48830428, 36.49821761 ], [ 136.488306130000012, 36.49825917 ], [ 136.488303480000013, 36.49828447 ], [ 136.488302870000012, 36.49829005 ], [ 136.48829484, 36.49831677 ], [ 136.488285530000013, 36.49833377 ], [ 136.488272670000015, 36.49834884 ], [ 136.488239170000014, 36.49837469 ], [ 136.48820949, 36.49839777 ], [ 136.48819508, 36.49841356 ], [ 136.48818411000002, 36.49843061 ], [ 136.488177690000015, 36.49844833 ], [ 136.48817642000003, 36.49846633 ], [ 136.48818294, 36.49853884 ], [ 136.48818925, 36.49855833 ], [ 136.48819720000003, 36.49856895 ], [ 136.488206280000014, 36.49857459 ], [ 136.48822167, 36.4985778 ], [ 136.488238170000017, 36.4985808 ], [ 136.488255620000018, 36.49858928 ], [ 136.488277830000015, 36.49860111 ], [ 136.48829645, 36.49860456 ], [ 136.488316640000022, 36.49860395 ], [ 136.48838659, 36.4985965 ], [ 136.4884307, 36.49859603 ], [ 136.488497060000014, 36.49860084 ], [ 136.48867178, 36.49862364 ], [ 136.488731730000012, 36.49862505 ], [ 136.48877224, 36.49862347 ], [ 136.48879097, 36.49862772 ], [ 136.488826780000011, 36.49864344 ], [ 136.488846130000013, 36.49864805 ], [ 136.488896110000013, 36.49865375 ], [ 136.48891358, 36.49866025 ], [ 136.488929, 36.49867033 ], [ 136.488956910000013, 36.49869544 ], [ 136.48899925, 36.4987312 ], [ 136.48903056, 36.49875086 ], [ 136.489103380000017, 36.49878397 ], [ 136.48913134, 36.49880305 ], [ 136.489155580000016, 36.49882572 ], [ 136.489186940000025, 36.4988652 ], [ 136.489229810000012, 36.4989298 ], [ 136.489261560000017, 36.4989645 ], [ 136.489299, 36.49899597 ], [ 136.48934073, 36.49902405 ], [ 136.489382940000013, 36.49904667 ], [ 136.489413090000028, 36.49905808 ], [ 136.489444940000027, 36.49906584 ], [ 136.489546830000023, 36.49908272 ], [ 136.48959416, 36.49909617 ], [ 136.489719560000026, 36.49914247 ], [ 136.489837030000018, 36.4991882 ], [ 136.489891500000027, 36.49921456 ], [ 136.489996350000013, 36.499273 ], [ 136.490144330000021, 36.49935695 ], [ 136.49021192, 36.49940184 ], [ 136.49025236, 36.49943461 ], [ 136.490285770000014, 36.49946833 ], [ 136.490313390000011, 36.49950497 ], [ 136.490336140000011, 36.49954414 ], [ 136.49037361, 36.49962636 ], [ 136.49038733, 36.4996658 ], [ 136.49039536, 36.49970569 ], [ 136.49039589, 36.49973536 ], [ 136.49039027, 36.49977597 ], [ 136.49038464, 36.49982172 ], [ 136.490386420000021, 36.49984823 ], [ 136.490393550000022, 36.49987511 ], [ 136.49040636, 36.49990251 ], [ 136.49041917, 36.49991905 ], [ 136.490433020000012, 36.49992961 ], [ 136.49044995, 36.49993547 ], [ 136.490469250000018, 36.4999372 ], [ 136.490539800000022, 36.49993453 ], [ 136.49058377, 36.49993839 ], [ 136.49062611, 36.49994656 ], [ 136.490746840000014, 36.49997789 ], [ 136.490848640000024, 36.49999923 ], [ 136.49085241, 36.5 ], [ 136.49092533000001, 36.50001528 ], [ 136.4909945, 36.50003575 ], [ 136.491060340000018, 36.500063 ], [ 136.491119, 36.5000945 ], [ 136.49117039, 36.50012905 ], [ 136.4912175, 36.50016769 ], [ 136.49125822000002, 36.50020786 ], [ 136.49129492000003, 36.50025105 ], [ 136.491325330000024, 36.50029431 ], [ 136.49134953, 36.5003368 ], [ 136.49136891, 36.50038072 ], [ 136.49138217, 36.50042297 ], [ 136.491390170000017, 36.50046564 ], [ 136.49139258, 36.50050603 ], [ 136.491390560000013, 36.50054656 ], [ 136.49138158, 36.50060356 ], [ 136.49136536, 36.5006598 ], [ 136.491351220000013, 36.50069317 ], [ 136.49133333, 36.50072461 ], [ 136.49130528, 36.50076669 ], [ 136.49129577, 36.50079169 ], [ 136.49129403, 36.50081531 ], [ 136.49129769000001, 36.50082795 ], [ 136.491304, 36.50083547 ], [ 136.491316110000014, 36.50084111 ], [ 136.49133183, 36.50084347 ], [ 136.49136167, 36.50084256 ], [ 136.491438860000017, 36.5008355 ], [ 136.49151817, 36.50082856 ], [ 136.49163925000002, 36.50080833 ], [ 136.49166667, 36.50080433 ], [ 136.49167005000001, 36.50080384 ], [ 136.49171973, 36.50079653 ], [ 136.491793530000024, 36.500792 ], [ 136.49186051, 36.50079311 ], [ 136.491940030000023, 36.50080003 ], [ 136.492045160000032, 36.50081677 ], [ 136.492159690000022, 36.5008412 ], [ 136.492220170000024, 36.50085823 ], [ 136.49226866, 36.50087653 ], [ 136.492305580000021, 36.50089475 ], [ 136.49238205, 36.50094351 ], [ 136.492422940000012, 36.50096689 ], [ 136.492471, 36.50098653 ], [ 136.49249283, 36.50099036 ], [ 136.49219564, 36.50120253 ], [ 136.492224640000018, 36.501231 ], [ 136.492455380000024, 36.50106784 ], [ 136.49255564, 36.50099692 ], [ 136.492647420000026, 36.50109805 ], [ 136.492731, 36.50119141 ], [ 136.492402560000016, 36.50142451 ], [ 136.49243759, 36.501453 ], [ 136.492567760000014, 36.50136333 ], [ 136.49265477, 36.50138033 ], [ 136.49267939, 36.50138831 ], [ 136.492701720000014, 36.50139969 ], [ 136.492753220000026, 36.50143459 ], [ 136.49277367000002, 36.50144344 ], [ 136.492820200000011, 36.50145895 ], [ 136.49285167, 36.501474 ], [ 136.49289153, 36.501499 ], [ 136.49298558000001, 36.50156984 ], [ 136.493019030000028, 36.50159975 ], [ 136.49304766000003, 36.50163256 ], [ 136.4930718, 36.50166792 ], [ 136.49311117000002, 36.50174041 ], [ 136.49316805, 36.50184753 ], [ 136.493217890000011, 36.50193317 ], [ 136.49324217, 36.50196547 ], [ 136.49328263000001, 36.5020085 ], [ 136.49338739, 36.50210769 ], [ 136.49342475, 36.50214908 ], [ 136.493469560000023, 36.50220928 ], [ 136.493503670000024, 36.50225284 ], [ 136.49354064, 36.50229161 ], [ 136.493582190000012, 36.50232708 ], [ 136.493628110000031, 36.50235869 ], [ 136.493694670000025, 36.50239495 ], [ 136.4938345, 36.50246459 ], [ 136.49387981000001, 36.50249241 ], [ 136.493936720000022, 36.50253456 ], [ 136.49398822, 36.50258125 ], [ 136.49403211, 36.50262936 ], [ 136.494070530000016, 36.50268041 ], [ 136.494103110000026, 36.50273403 ], [ 136.49412842000001, 36.50278725 ], [ 136.49414761, 36.50284208 ], [ 136.49415905, 36.50289784 ], [ 136.494167690000012, 36.5030082 ], [ 136.494175500000011, 36.50306267 ], [ 136.49418678, 36.50309995 ], [ 136.494198300000022, 36.5031222 ], [ 136.49421399000002, 36.50314239 ], [ 136.49423348, 36.50316069 ], [ 136.49426852000002, 36.50318667 ], [ 136.494319390000015, 36.50321911 ], [ 136.494345280000033, 36.50323044 ], [ 136.49437358, 36.50323664 ], [ 136.49440372, 36.50323869 ], [ 136.494466140000014, 36.50323608 ], [ 136.49452711, 36.50323308 ], [ 136.494566500000019, 36.50323531 ], [ 136.49460516000002, 36.50324244 ], [ 136.494713860000019, 36.50327264 ], [ 136.494801170000017, 36.50328987 ], [ 136.494821850000022, 36.50329397 ], [ 136.494892550000031, 36.50331003 ], [ 136.49489872, 36.50331141 ], [ 136.494944690000011, 36.50332692 ], [ 136.49498864, 36.50334644 ], [ 136.49504983, 36.50338051 ], [ 136.49510745, 36.50341867 ], [ 136.495157780000028, 36.50345861 ], [ 136.495202050000017, 36.50350247 ], [ 136.49522737, 36.50353408 ], [ 136.495258760000013, 36.50358184 ], [ 136.49528759, 36.50363461 ], [ 136.495295450000015, 36.503649 ], [ 136.49534384, 36.50374741 ], [ 136.495357110000015, 36.50377972 ], [ 136.495370190000017, 36.50381156 ], [ 136.495389390000014, 36.50387459 ], [ 136.495398280000018, 36.50392051 ], [ 136.495402670000033, 36.5039672 ], [ 136.495401140000013, 36.50402759 ], [ 136.49539128, 36.50408387 ], [ 136.495379, 36.50412264 ], [ 136.495356690000023, 36.50417241 ], [ 136.49532733, 36.50423641 ], [ 136.49531506, 36.50427511 ], [ 136.4953135, 36.5042998 ], [ 136.49531772, 36.50431513 ], [ 136.49532708000001, 36.50432908 ], [ 136.495340950000013, 36.50434113 ], [ 136.495366940000025, 36.50435517 ], [ 136.495392220000014, 36.50436305 ], [ 136.49543158, 36.50436922 ], [ 136.49548825, 36.50437277 ], [ 136.49559861, 36.50437872 ], [ 136.495701780000019, 36.50438822 ], [ 136.49579791, 36.5044005 ], [ 136.495886300000024, 36.50441639 ], [ 136.49594367, 36.50443105 ], [ 136.4959993, 36.50444984 ], [ 136.496050030000021, 36.50447103 ], [ 136.49611250000001, 36.50450339 ], [ 136.496168110000013, 36.50453892 ], [ 136.496214580000014, 36.50457469 ], [ 136.49625433, 36.50461161 ], [ 136.496287610000024, 36.50464892 ], [ 136.49631464, 36.50468611 ], [ 136.49633623, 36.50472264 ], [ 136.49636086000001, 36.50477595 ], [ 136.49637798, 36.50482597 ], [ 136.496392830000019, 36.50488817 ], [ 136.496400530000017, 36.504943 ], [ 136.496401890000016, 36.5049922 ], [ 136.49639761, 36.50503525 ], [ 136.496388810000013, 36.50507217 ], [ 136.496377030000019, 36.505103 ], [ 136.496357390000014, 36.50514022 ], [ 136.49632811, 36.50518323 ], [ 136.49629044, 36.50522869 ], [ 136.49626239, 36.50525808 ], [ 136.496578270000015, 36.50557141 ], [ 136.49658328000001, 36.50556244 ], [ 136.496600200000017, 36.50554389 ], [ 136.496622310000021, 36.50552895 ], [ 136.49664875000002, 36.50551739 ], [ 136.49669519, 36.50550459 ], [ 136.49675744000001, 36.50549456 ], [ 136.49681922000002, 36.50548995 ], [ 136.49685095000001, 36.50549014 ], [ 136.496876830000019, 36.50549028 ], [ 136.496930390000017, 36.50549456 ], [ 136.496983110000031, 36.50550233 ], [ 136.497057220000016, 36.50551913 ], [ 136.497126010000017, 36.50554105 ], [ 136.497188860000023, 36.50556711 ], [ 136.49724508, 36.5055968 ], [ 136.49729462, 36.50562953 ], [ 136.49733717, 36.50566428 ], [ 136.49737536, 36.50570244 ], [ 136.497406830000017, 36.505741 ], [ 136.49744078, 36.505794 ], [ 136.49746511, 36.50584469 ], [ 136.497483110000019, 36.50589447 ], [ 136.49750112000001, 36.50596703 ], [ 136.49751061, 36.50603233 ], [ 136.497514580000029, 36.50610272 ], [ 136.497510580000011, 36.50613803 ], [ 136.497501170000021, 36.50617005 ], [ 136.497487420000027, 36.50619811 ], [ 136.49746844, 36.50622422 ], [ 136.497441, 36.50625841 ], [ 136.497435420000016, 36.50627369 ], [ 136.49743472, 36.50629011 ], [ 136.49743881, 36.50630644 ], [ 136.497447170000015, 36.50632153 ], [ 136.497463860000011, 36.5063392 ], [ 136.49748231, 36.50635184 ], [ 136.49750319, 36.50636141 ], [ 136.497532050000018, 36.50636887 ], [ 136.49756217, 36.50637184 ], [ 136.497599560000026, 36.50637105 ], [ 136.49769623, 36.50636178 ], [ 136.497735840000018, 36.506362 ], [ 136.49779516000001, 36.50636925 ], [ 136.49786158, 36.50638297 ], [ 136.497984190000011, 36.50641997 ], [ 136.498066890000018, 36.50644892 ], [ 136.498144090000011, 36.506481 ], [ 136.498263720000011, 36.50653736 ], [ 136.498327030000013, 36.50657339 ], [ 136.498361890000012, 36.50659847 ], [ 136.498392670000015, 36.5066265 ], [ 136.4984193, 36.50665756 ], [ 136.498452390000011, 36.50670505 ], [ 136.49848803, 36.5067668 ], [ 136.498500830000012, 36.50679733 ], [ 136.498508720000018, 36.50682622 ], [ 136.49851647, 36.50688556 ], [ 136.498524480000015, 36.50695608 ], [ 136.498534090000021, 36.506993 ], [ 136.49855097, 36.50702851 ], [ 136.49857350000002, 36.5070592 ], [ 136.49859917, 36.50708475 ], [ 136.49862866, 36.50710672 ], [ 136.498669660000019, 36.50712875 ], [ 136.498710950000032, 36.5071455 ], [ 136.49884105000001, 36.50719208 ], [ 136.49890652000002, 36.50722436 ], [ 136.49893645, 36.50723769 ], [ 136.4989645, 36.50724569 ], [ 136.49899095, 36.507248 ], [ 136.499032050000011, 36.50724578 ], [ 136.499053260000011, 36.50724636 ], [ 136.49908267, 36.5072532 ], [ 136.499140470000015, 36.50726867 ], [ 136.499190340000013, 36.50728895 ], [ 136.49923175, 36.50731269 ], [ 136.49926523000002, 36.50734136 ], [ 136.499296610000016, 36.50737722 ], [ 136.49932105000002, 36.50740603 ], [ 136.49933601, 36.50742033 ], [ 136.499352, 36.50742736 ], [ 136.49939717, 36.50745472 ], [ 136.49943898, 36.50748003 ], [ 136.49944672, 36.50748847 ], [ 136.499467220000014, 36.50750728 ], [ 136.499471410000012, 36.50751113 ], [ 136.499588860000017, 36.50762914 ], [ 136.499680970000014, 36.50773005 ], [ 136.499712090000031, 36.5077725 ], [ 136.499728660000017, 36.50780475 ], [ 136.49973606, 36.50782805 ], [ 136.49974283, 36.50787369 ], [ 136.499751700000019, 36.50791905 ], [ 136.49977433, 36.50798705 ], [ 136.499782780000032, 36.50803253 ], [ 136.4997845, 36.50807841 ], [ 136.49977783, 36.50819175 ], [ 136.499780470000019, 36.508236 ], [ 136.499787, 36.50826875 ], [ 136.499798560000016, 36.5083 ], [ 136.499816060000029, 36.50832887 ], [ 136.49981944000001, 36.50833253 ], [ 136.499820200000016, 36.50833333 ], [ 136.49983973, 36.50835459 ], [ 136.49993394, 36.50843369 ], [ 136.499964920000025, 36.50845389 ], [ 136.499999269999989, 36.50846931 ], [ 136.5, 36.50846951 ], [ 136.50000341, 36.50847041 ], [ 136.500046610000027, 36.5084822 ], [ 136.50014791000001, 36.50850492 ], [ 136.50021983, 36.50852751 ], [ 136.50031031, 36.50856269 ], [ 136.50039872, 36.50860139 ], [ 136.50045805000002, 36.50863184 ], [ 136.500513579999989, 36.5086672 ], [ 136.50054742, 36.5086938 ], [ 136.50057798, 36.50872261 ], [ 136.500604620000018, 36.50875351 ], [ 136.500627110000011, 36.50878617 ], [ 136.50064581, 36.50882041 ], [ 136.500667890000017, 36.50887417 ], [ 136.5006835, 36.50892744 ], [ 136.50069883, 36.50900133 ], [ 136.50071564000001, 36.50911128 ], [ 136.50071988000002, 36.50916295 ], [ 136.500717780000031, 36.50921387 ], [ 136.500711920000015, 36.50924556 ], [ 136.500701720000023, 36.50927686 ], [ 136.5006875, 36.50930741 ], [ 136.50066917, 36.50933678 ], [ 136.50064706, 36.50936459 ], [ 136.50058575, 36.50943075 ], [ 136.500566740000011, 36.50945913 ], [ 136.500557500000014, 36.50948225 ], [ 136.500554580000028, 36.5094988 ], [ 136.50055606, 36.50950928 ], [ 136.50056501, 36.50952005 ], [ 136.500591830000019, 36.50954192 ], [ 136.500615110000012, 36.50957467 ], [ 136.50063372, 36.50958984 ], [ 136.500669800000026, 36.50961428 ], [ 136.50072477, 36.5096728 ], [ 136.50074645, 36.50968669 ], [ 136.500761480000023, 36.5096922 ], [ 136.500777520000014, 36.50969408 ], [ 136.50079394, 36.50969275 ], [ 136.50083042, 36.50968323 ], [ 136.50093211, 36.50964756 ], [ 136.500979200000017, 36.50963636 ], [ 136.50102859, 36.50963086 ], [ 136.50107939, 36.50963017 ], [ 136.501147660000015, 36.50963522 ], [ 136.501214920000024, 36.50964517 ], [ 136.501280080000015, 36.50965922 ], [ 136.501343140000017, 36.50967761 ], [ 136.501401, 36.50969892 ], [ 136.501456720000022, 36.50972428 ], [ 136.50151005, 36.50975341 ], [ 136.501557890000015, 36.5097845 ], [ 136.501602500000018, 36.50981856 ], [ 136.50164336, 36.50985556 ], [ 136.501678, 36.50989289 ], [ 136.501708370000017, 36.50993244 ], [ 136.501734140000025, 36.50997403 ], [ 136.50175464, 36.51001731 ], [ 136.50176844, 36.51005939 ], [ 136.501776550000017, 36.51010241 ], [ 136.501778420000022, 36.51014597 ], [ 136.501773800000024, 36.51018964 ], [ 136.50176442, 36.51023025 ], [ 136.50175092, 36.51027 ], [ 136.50172508, 36.51032564 ], [ 136.50168195, 36.51039686 ], [ 136.501650080000019, 36.51045267 ], [ 136.501644360000029, 36.51047147 ], [ 136.501644140000025, 36.51048389 ], [ 136.50164817000001, 36.51049492 ], [ 136.50165669, 36.51050461 ], [ 136.50167134, 36.51051486 ], [ 136.50173214, 36.51054631 ], [ 136.501747, 36.51055747 ], [ 136.501774810000029, 36.51058241 ], [ 136.50178939, 36.51060013 ], [ 136.50180655, 36.51062944 ], [ 136.501817080000023, 36.51063961 ], [ 136.50182475, 36.51064333 ], [ 136.501833550000015, 36.51064484 ], [ 136.501853330000017, 36.51064251 ], [ 136.50187384, 36.51063522 ], [ 136.50190109, 36.51062097 ], [ 136.50195462, 36.51058917 ], [ 136.50198859, 36.51057217 ], [ 136.502022630000027, 36.51055956 ], [ 136.502058080000012, 36.51055036 ], [ 136.502114230000018, 36.51054195 ], [ 136.502187720000023, 36.51053747 ], [ 136.50225803, 36.51053789 ], [ 136.502328080000012, 36.51054447 ], [ 136.50237737, 36.51055359 ], [ 136.502425250000016, 36.51056656 ], [ 136.502468110000024, 36.51058223 ], [ 136.502508910000017, 36.51060108 ], [ 136.502557810000013, 36.51062986 ], [ 136.502602280000019, 36.51066289 ], [ 136.502640050000025, 36.51069753 ], [ 136.502673450000032, 36.51073503 ], [ 136.502700730000015, 36.5107725 ], [ 136.50272394000001, 36.51081164 ], [ 136.50275044, 36.51087047 ], [ 136.50276817, 36.510926 ], [ 136.502780200000018, 36.51098256 ], [ 136.502787610000013, 36.51105325 ], [ 136.50278861000001, 36.51112095 ], [ 136.502787080000019, 36.51124784 ], [ 136.50279272, 36.5113992 ], [ 136.50279925000001, 36.51143131 ], [ 136.502808890000011, 36.51145228 ], [ 136.502827670000016, 36.51146417 ], [ 136.50285564, 36.51146759 ], [ 136.50290109, 36.51146928 ], [ 136.502945860000011, 36.51146736 ], [ 136.5030265, 36.51145013 ], [ 136.50307645, 36.51144511 ], [ 136.50312681, 36.51144611 ], [ 136.50318678, 36.51145392 ], [ 136.50326134, 36.5114712 ], [ 136.50332056000002, 36.51148989 ], [ 136.50338367, 36.51151503 ], [ 136.503429800000021, 36.51153728 ], [ 136.50347844, 36.51156595 ], [ 136.5035335, 36.51160553 ], [ 136.503553110000013, 36.51162069 ], [ 136.50356973, 36.51163692 ], [ 136.5035818, 36.51165756 ], [ 136.50360550000002, 36.51169795 ], [ 136.503434250000026, 36.51181289 ], [ 136.503425060000012, 36.51181861 ], [ 136.50341031, 36.51180539 ], [ 136.50339358, 36.511817 ], [ 136.50337786, 36.511828 ], [ 136.50332119, 36.51188733 ], [ 136.503283090000025, 36.51193203 ], [ 136.50326905, 36.5119268 ], [ 136.50324956, 36.51194975 ], [ 136.503245890000017, 36.51197344 ], [ 136.503311780000018, 36.51198497 ], [ 136.503320170000023, 36.51196744 ], [ 136.503392170000012, 36.51188775 ], [ 136.50341803, 36.51185797 ], [ 136.50344586, 36.51184028 ], [ 136.50345564, 36.51183367 ], [ 136.503626070000024, 36.51171929 ], [ 136.50366975, 36.51176029 ], [ 136.503714160000015, 36.51180197 ], [ 136.50362486, 36.51186156 ], [ 136.50358542, 36.5118888 ], [ 136.503525360000026, 36.5119302 ], [ 136.503547170000019, 36.51195078 ], [ 136.50363647, 36.51188911 ], [ 136.503642410000026, 36.51188497 ], [ 136.503706250000022, 36.51184236 ], [ 136.503760950000014, 36.51187061 ], [ 136.50379842000001, 36.51189 ], [ 136.503862390000023, 36.51193217 ], [ 136.50389328, 36.51196344 ], [ 136.503915190000015, 36.51198464 ], [ 136.50395791, 36.51204284 ], [ 136.50399431, 36.51209495 ], [ 136.50402803, 36.51216056 ], [ 136.504041950000016, 36.51220425 ], [ 136.50406533, 36.51223872 ], [ 136.504077780000017, 36.51228403 ], [ 136.504081500000012, 36.51230541 ], [ 136.504082440000019, 36.5123248 ], [ 136.504082, 36.51237633 ], [ 136.504077280000018, 36.51243464 ], [ 136.504074550000013, 36.51245103 ], [ 136.50407365, 36.51248011 ], [ 136.504075250000028, 36.51250151 ], [ 136.50408008, 36.51252487 ], [ 136.504082440000019, 36.51253784 ], [ 136.50410027, 36.51258184 ], [ 136.504116830000015, 36.51261625 ], [ 136.50414183, 36.51265786 ], [ 136.504178950000011, 36.51270511 ], [ 136.504210660000012, 36.51275405 ], [ 136.50424623, 36.51281308 ], [ 136.50428027000001, 36.51287961 ], [ 136.50429358, 36.512916 ], [ 136.504305530000011, 36.51294428 ], [ 136.504320660000019, 36.51296231 ], [ 136.50433769, 36.51298022 ], [ 136.504361860000017, 36.51300028 ], [ 136.504392780000018, 36.51301541 ], [ 136.504429030000011, 36.51303211 ], [ 136.50446156000001, 36.51304211 ], [ 136.50449672000002, 36.51305351 ], [ 136.50454267, 36.5130725 ], [ 136.50461239, 36.51310578 ], [ 136.5046609, 36.51312831 ], [ 136.50470597, 36.51315505 ], [ 136.504736470000012, 36.51317856 ], [ 136.50478462, 36.51323047 ], [ 136.504807559999989, 36.51326113 ], [ 136.50482445, 36.51329936 ], [ 136.50484234000001, 36.5133355 ], [ 136.504851020000018, 36.51336259 ], [ 136.504854030000018, 36.51339064 ], [ 136.504855940000027, 36.51341453 ], [ 136.50485294, 36.51343847 ], [ 136.504852, 36.51345956 ], [ 136.504850080000011, 36.51347336 ], [ 136.50484769, 36.51350533 ], [ 136.504847520000027, 36.513523 ], [ 136.504849200000024, 36.51353822 ], [ 136.504857660000027, 36.51355387 ], [ 136.504867890000014, 36.51357213 ], [ 136.504897200000016, 36.51360456 ], [ 136.50491953, 36.51362947 ], [ 136.50494314, 36.51366275 ], [ 136.5049637, 36.51368884 ], [ 136.50497725, 36.51373478 ], [ 136.50498844, 36.51375792 ], [ 136.50499869, 36.513775 ], [ 136.50501839, 36.51380736 ], [ 136.50504783, 36.51383756 ], [ 136.505079, 36.51386105 ], [ 136.505095330000017, 36.51387189 ], [ 136.505111020000015, 36.51387684 ], [ 136.505152050000021, 36.51388256 ], [ 136.50518064, 36.513883 ], [ 136.50520497, 36.51388311 ], [ 136.505252830000018, 36.51388744 ], [ 136.505328440000028, 36.51389851 ], [ 136.50536086, 36.51390851 ], [ 136.505401440000014, 36.513928 ], [ 136.505423450000023, 36.51393914 ], [ 136.50545481, 36.51395425 ], [ 136.50549503000002, 36.51397675 ], [ 136.50554234, 36.51399511 ], [ 136.505579970000014, 36.51401875 ], [ 136.50560384000002, 36.51403475 ], [ 136.505624, 36.51405325 ], [ 136.50563961, 36.51406751 ], [ 136.50567073000002, 36.51411208 ], [ 136.505690470000019, 36.51414013 ], [ 136.50570302, 36.51417428 ], [ 136.50571492, 36.51420778 ], [ 136.505726690000017, 36.514252 ], [ 136.50573178, 36.51428547 ], [ 136.505732140000021, 36.51432177 ], [ 136.505734330000024, 36.51435036 ], [ 136.50573866000002, 36.51439364 ], [ 136.505745280000014, 36.51441795 ], [ 136.50575287, 36.51444447 ], [ 136.50575661000002, 36.51446241 ], [ 136.505762890000028, 36.51448661 ], [ 136.505774550000012, 36.51450633 ], [ 136.505805190000018, 36.51455147 ], [ 136.505814719999989, 36.51456161 ], [ 136.505835620000028, 36.5145865 ], [ 136.50585178, 36.51461464 ], [ 136.50587289, 36.51465395 ], [ 136.50588567, 36.51467539 ], [ 136.50589406, 36.51468669 ], [ 136.50591105, 36.51470805 ], [ 136.50592384, 36.51471505 ], [ 136.505943380000019, 36.51472841 ], [ 136.505966199999989, 36.51473495 ], [ 136.505987910000016, 36.51474228 ], [ 136.50601789000001, 36.51474822 ], [ 136.50605328, 36.51475067 ], [ 136.50607747, 36.51475223 ], [ 136.506113990000017, 36.51475164 ], [ 136.50614047000002, 36.51474969 ], [ 136.50617263, 36.51474844 ], [ 136.50619409, 36.51474856 ], [ 136.50622722, 36.51475108 ], [ 136.50626012, 36.51475613 ], [ 136.50629611, 36.51476328 ], [ 136.50632783, 36.51477328 ], [ 136.50636022, 36.51478525 ], [ 136.50644419, 36.51482464 ], [ 136.506493330000012, 36.51485089 ], [ 136.50652066, 36.51486517 ], [ 136.5065672, 36.51489572 ], [ 136.506609470000029, 36.51492533 ], [ 136.506673800000016, 36.51500184 ], [ 136.50673361, 36.51507203 ], [ 136.506755890000022, 36.5151035 ], [ 136.506769250000019, 36.51512061 ], [ 136.506804140000014, 36.51518136 ], [ 136.506826860000018, 36.51523836 ], [ 136.506834920000017, 36.51526256 ], [ 136.5068437, 36.51528225 ], [ 136.506847670000013, 36.51531372 ], [ 136.50684881, 36.51535005 ], [ 136.50685, 36.51538125 ], [ 136.506849860000017, 36.51539792 ], [ 136.506848170000012, 36.51542531 ], [ 136.506845030000022, 36.51545531 ], [ 136.5068435, 36.5154752 ], [ 136.50684222000001, 36.5154962 ], [ 136.506833890000024, 36.51555472 ], [ 136.506828340000027, 36.51557923 ], [ 136.506819050000018, 36.51562125 ], [ 136.506816640000011, 36.51564025 ], [ 136.506816940000022, 36.51565703 ], [ 136.506818970000012, 36.51566972 ], [ 136.506829080000017, 36.51570125 ], [ 136.506836860000021, 36.51570641 ], [ 136.50684397, 36.51571078 ], [ 136.50685253, 36.51571417 ], [ 136.506862, 36.51571775 ], [ 136.506873800000022, 36.51572059 ], [ 136.506886520000023, 36.51572175 ], [ 136.506905160000031, 36.51572041 ], [ 136.50691917, 36.51571797 ], [ 136.506936810000013, 36.51571753 ], [ 136.50695056, 36.51571553 ], [ 136.506968110000031, 36.5157132 ], [ 136.506981280000019, 36.51571164 ], [ 136.507001050000014, 36.51571059 ], [ 136.50708112, 36.51571103 ], [ 136.507095720000024, 36.51571128 ], [ 136.50711125, 36.51571253 ], [ 136.507126640000024, 36.51571405 ], [ 136.507185670000013, 36.515717 ], [ 136.507207640000019, 36.5157192 ], [ 136.507225810000023, 36.51572397 ], [ 136.50724642000003, 36.51572897 ], [ 136.50726248, 36.51573339 ], [ 136.507283380000018, 36.5157408 ], [ 136.507302630000027, 36.51574703 ], [ 136.507322360000018, 36.51575444 ], [ 136.507356720000018, 36.51576933 ], [ 136.50737031, 36.51577497 ], [ 136.50738475, 36.51578336 ], [ 136.50739872, 36.51579272 ], [ 136.507412280000011, 36.51579964 ], [ 136.507427420000027, 36.51580623 ], [ 136.507469440000023, 36.51582672 ], [ 136.507488030000019, 36.51583295 ], [ 136.50750720000002, 36.51583764 ], [ 136.507528910000019, 36.51584569 ], [ 136.50754326, 36.51585228 ], [ 136.507565720000031, 36.51586322 ], [ 136.507579580000026, 36.51587447 ], [ 136.507596010000015, 36.51588753 ], [ 136.507634310000014, 36.51591225 ], [ 136.507647280000015, 36.51592097 ], [ 136.507672750000012, 36.51594564 ], [ 136.50768328, 36.51595723 ], [ 136.507710920000022, 36.51598928 ], [ 136.507720270000021, 36.51600384 ], [ 136.507730270000025, 36.51602131 ], [ 136.50775389, 36.51605595 ], [ 136.5077675, 36.51607153 ], [ 136.5077765, 36.51608689 ], [ 136.50779438, 36.51612375 ], [ 136.50780791, 36.5161615 ], [ 136.50782003, 36.51619447 ], [ 136.50784097, 36.51624108 ], [ 136.507846199999989, 36.51625689 ], [ 136.50785, 36.51627033 ], [ 136.507854230000021, 36.51628289 ], [ 136.50785839, 36.51629489 ], [ 136.50786163, 36.51630644 ], [ 136.50786659000002, 36.51632639 ], [ 136.50786689, 36.51633233 ], [ 136.507869030000023, 36.51634092 ], [ 136.507870420000017, 36.51634859 ], [ 136.50787222, 36.51636003 ], [ 136.507872780000014, 36.5163732 ], [ 136.507873800000027, 36.5163842 ], [ 136.50787392, 36.51639644 ], [ 136.50787331, 36.51640384 ], [ 136.507871190000031, 36.51641475 ], [ 136.50787008, 36.51642905 ], [ 136.507866940000014, 36.51644372 ], [ 136.50786414, 36.51645814 ], [ 136.507861030000015, 36.51646939 ], [ 136.507856980000014, 36.51648756 ], [ 136.50785384, 36.51650297 ], [ 136.507849560000011, 36.51651772 ], [ 136.507845770000017, 36.51653022 ], [ 136.507842090000025, 36.51654328 ], [ 136.5078382, 36.51655369 ], [ 136.50782866, 36.51657267 ], [ 136.507821850000028, 36.51658469 ], [ 136.50781606000001, 36.51659747 ], [ 136.50781056, 36.51661347 ], [ 136.507808610000012, 36.5166205 ], [ 136.507809, 36.51662672 ], [ 136.50781109, 36.51663313 ], [ 136.50781759, 36.51664317 ], [ 136.50783314, 36.51666292 ], [ 136.50783589, 36.51666587 ], [ 136.507836640000022, 36.51666667 ], [ 136.507880950000015, 36.51671428 ], [ 136.50789314, 36.51672586 ], [ 136.507904530000019, 36.51673639 ], [ 136.507913160000015, 36.51674644 ], [ 136.507922670000028, 36.51675667 ], [ 136.507929390000015, 36.51676797 ], [ 136.50793464, 36.51678028 ], [ 136.507938810000013, 36.51679172 ], [ 136.50794292, 36.51680492 ], [ 136.507946300000015, 36.51681611 ], [ 136.50795294, 36.51683408 ], [ 136.50795969, 36.51684205 ], [ 136.507966, 36.51684787 ], [ 136.507971670000018, 36.5168532 ], [ 136.507982670000018, 36.51685723 ], [ 136.507995280000017, 36.51685936 ], [ 136.5080117, 36.51685964 ], [ 136.50802844, 36.5168592 ], [ 136.50804409, 36.51685684 ], [ 136.50807555, 36.51684667 ], [ 136.5080882, 36.51684286 ], [ 136.508096500000022, 36.51683947 ], [ 136.50811192, 36.51683567 ], [ 136.508128490000018, 36.51683189 ], [ 136.50815136, 36.51683203 ], [ 136.508175360000024, 36.51683297 ], [ 136.50819365000001, 36.51683747 ], [ 136.508211280000012, 36.51683786 ], [ 136.508243110000024, 36.51683803 ], [ 136.508263090000014, 36.51683769 ], [ 136.508287450000012, 36.51683475 ], [ 136.508310470000026, 36.51683344 ], [ 136.508333330000028, 36.51683236 ], [ 136.50833678, 36.5168322 ], [ 136.50833939, 36.51683205 ], [ 136.508392190000023, 36.51683425 ], [ 136.508416720000014, 36.51683736 ], [ 136.50844328, 36.51683922 ], [ 136.508471250000014, 36.51684541 ], [ 136.508494970000015, 36.51685139 ], [ 136.5085137, 36.51685736 ], [ 136.50853161, 36.51686495 ], [ 136.508553310000025, 36.51687389 ], [ 136.50859895, 36.51688939 ], [ 136.50862322, 36.51689664 ], [ 136.508643480000018, 36.51690631 ], [ 136.508656550000012, 36.51691447 ], [ 136.508696160000028, 36.51693075 ], [ 136.508716390000018, 36.51694384 ], [ 136.508756590000019, 36.51696928 ], [ 136.508774750000015, 36.51698633 ], [ 136.508786250000014, 36.51700028 ], [ 136.508803380000018, 36.51701892 ], [ 136.5088193, 36.5170402 ], [ 136.508833450000026, 36.51705687 ], [ 136.508848809999989, 36.51707614 ], [ 136.508857370000015, 36.51709323 ], [ 136.50886614, 36.5171112 ], [ 136.508876690000022, 36.51713244 ], [ 136.50888925000001, 36.51715225 ], [ 136.50890148000002, 36.51717053 ], [ 136.508911480000023, 36.51719228 ], [ 136.50891834, 36.5172108 ], [ 136.50892467, 36.51722725 ], [ 136.508929560000013, 36.51724339 ], [ 136.508932750000014, 36.51726117 ], [ 136.50893786, 36.51727931 ], [ 136.50894150000002, 36.51729872 ], [ 136.508945250000011, 36.51731531 ], [ 136.5089485, 36.51732922 ], [ 136.508948590000017, 36.51734292 ], [ 136.508946470000012, 36.51735713 ], [ 136.508943330000022, 36.51737225 ], [ 136.508938590000014, 36.51739189 ], [ 136.50893328, 36.51741251 ], [ 136.508930920000012, 36.51742772 ], [ 136.508927520000015, 36.51744464 ], [ 136.50892292, 36.51746084 ], [ 136.50892034, 36.51747623 ], [ 136.50891562000001, 36.51749251 ], [ 136.50890886000002, 36.5175262 ], [ 136.508906500000023, 36.51754022 ], [ 136.508906280000019, 36.51756584 ], [ 136.508907640000018, 36.517579 ], [ 136.50890992, 36.51759828 ], [ 136.5089137, 36.51761533 ], [ 136.508916130000017, 36.51762887 ], [ 136.50891672, 36.5176642 ], [ 136.50891698, 36.5176742 ], [ 136.508916910000011, 36.51768387 ], [ 136.508917060000016, 36.51769359 ], [ 136.508919390000017, 36.51770522 ], [ 136.508922220000017, 36.51771408 ], [ 136.5089275, 36.51772456 ], [ 136.50893267, 36.51773269 ], [ 136.50893839, 36.51774425 ], [ 136.508943890000012, 36.51775359 ], [ 136.50895462, 36.5177658 ], [ 136.508964890000016, 36.51777767 ], [ 136.50898156, 36.51779011 ], [ 136.508992440000014, 36.51779639 ], [ 136.50900445000002, 36.51780303 ], [ 136.50901689, 36.51780823 ], [ 136.50902747, 36.51781325 ], [ 136.509067109999989, 36.51782464 ], [ 136.509082050000018, 36.51782697 ], [ 136.509098110000025, 36.51782841 ], [ 136.50911553, 36.5178285 ], [ 136.50912917, 36.51782823 ], [ 136.5091745, 36.51782659 ], [ 136.50923361, 36.51782259 ], [ 136.509264420000022, 36.51782247 ], [ 136.509336780000012, 36.51782289 ], [ 136.50935798, 36.51782336 ], [ 136.50945834, 36.51783789 ], [ 136.509482190000028, 36.51784277 ], [ 136.509504360000022, 36.51784959 ], [ 136.509562280000011, 36.51786767 ], [ 136.509584500000017, 36.51787751 ], [ 136.509604420000016, 36.51788644 ], [ 136.509622090000022, 36.51789728 ], [ 136.509637520000013, 36.51790753 ], [ 136.50968433, 36.51794195 ], [ 136.509703530000024, 36.51795784 ], [ 136.509723260000015, 36.51797605 ], [ 136.509742890000012, 36.51799139 ], [ 136.5097993, 36.51803786 ], [ 136.509857690000018, 36.51807964 ], [ 136.50987355, 36.51809305 ], [ 136.509877640000013, 36.51809613 ], [ 136.50990097, 36.51811203 ], [ 136.509913970000014, 36.51812022 ], [ 136.50993211, 36.51812492 ], [ 136.50994497, 36.51812284 ], [ 136.50995597, 36.51811722 ], [ 136.509964060000016, 36.51811077 ], [ 136.50996883000002, 36.51808872 ], [ 136.510012890000013, 36.51809444 ], [ 136.510007520000016, 36.51811895 ], [ 136.510001890000012, 36.51813872 ], [ 136.509990050000027, 36.51815397 ], [ 136.509982720000011, 36.51816197 ], [ 136.509973550000012, 36.51817589 ], [ 136.509970660000022, 36.51818903 ], [ 136.509969660000024, 36.51820147 ], [ 136.50996956, 36.5182658 ], [ 136.50996944000002, 36.51827833 ], [ 136.509968, 36.51829051 ], [ 136.50996355, 36.51831569 ], [ 136.50996064, 36.51833136 ], [ 136.50994083, 36.5184028 ], [ 136.50993431, 36.51842061 ], [ 136.509929920000019, 36.51843764 ], [ 136.509929250000027, 36.51846313 ], [ 136.509930510000032, 36.51847567 ], [ 136.509932190000029, 36.51848522 ], [ 136.50993538000003, 36.51849172 ], [ 136.509941, 36.51850167 ], [ 136.50994942, 36.51851047 ], [ 136.50995737, 36.51851989 ], [ 136.509965060000013, 36.51853417 ], [ 136.509972780000027, 36.51854592 ], [ 136.50998586, 36.51855789 ], [ 136.509998950000011, 36.51856697 ], [ 136.51001808, 36.51857584 ], [ 136.510037660000023, 36.51858314 ], [ 136.510053920000018, 36.518589 ], [ 136.510103970000017, 36.51859784 ], [ 136.510133110000027, 36.51860025 ], [ 136.51016178, 36.51860311 ], [ 136.510192440000026, 36.51860669 ], [ 136.51023078, 36.51861451 ], [ 136.510255300000011, 36.51861903 ], [ 136.510277950000017, 36.51862331 ], [ 136.510301240000018, 36.51862803 ], [ 136.510321750000031, 36.51863211 ], [ 136.510343580000011, 36.51863889 ], [ 136.51036224, 36.51864747 ], [ 136.510382280000016, 36.51865713 ], [ 136.51056533000002, 36.51872825 ], [ 136.510656250000011, 36.51877851 ], [ 136.51067733, 36.5187935 ], [ 136.5106963, 36.51880775 ], [ 136.5107193, 36.51882203 ], [ 136.51074209, 36.51883431 ], [ 136.51079905, 36.51887159 ], [ 136.510817440000011, 36.5188888 ], [ 136.5108375, 36.51890775 ], [ 136.510853990000015, 36.51892325 ], [ 136.510870950000026, 36.51894128 ], [ 136.51090022, 36.51897595 ], [ 136.510914470000017, 36.51899413 ], [ 136.510923800000029, 36.51901286 ], [ 136.51093372, 36.51903059 ], [ 136.51094348, 36.51905092 ], [ 136.51095447000003, 36.51907033 ], [ 136.51096202, 36.51908822 ], [ 136.510967250000022, 36.51910511 ], [ 136.510972330000016, 36.51912497 ], [ 136.51097866, 36.51914231 ], [ 136.510985190000014, 36.51916136 ], [ 136.510991610000019, 36.51918059 ], [ 136.510995620000017, 36.51919603 ], [ 136.510996940000013, 36.519211 ], [ 136.510996740000024, 36.51923433 ], [ 136.510996690000013, 36.51925525 ], [ 136.51099761, 36.51927851 ], [ 136.51100008, 36.51930175 ], [ 136.511000170000017, 36.5193195 ], [ 136.511, 36.519338 ], [ 136.510999250000026, 36.51936186 ], [ 136.510997280000026, 36.51938384 ], [ 136.510993220000017, 36.51940123 ], [ 136.510988950000012, 36.51941705 ], [ 136.510980220000022, 36.51944711 ], [ 136.51097228, 36.51946239 ], [ 136.510964230000013, 36.51947603 ], [ 136.51095458, 36.51949472 ], [ 136.51094608, 36.51951044 ], [ 136.51093272, 36.51953067 ], [ 136.51092022, 36.51954231 ], [ 136.510908050000012, 36.51955728 ], [ 136.510897450000016, 36.51957139 ], [ 136.510883580000012, 36.51958628 ], [ 136.510871850000029, 36.51959928 ], [ 136.510862800000012, 36.51961284 ], [ 136.510853750000024, 36.51962611 ], [ 136.510847980000023, 36.51963653 ], [ 136.51084197000003, 36.51964813 ], [ 136.510835620000023, 36.51966064 ], [ 136.51082983, 36.5196705 ], [ 136.510825580000017, 36.51968384 ], [ 136.510821360000023, 36.51969578 ], [ 136.510817910000014, 36.51970695 ], [ 136.51081783, 36.51971641 ], [ 136.51082012, 36.51972489 ], [ 136.510833530000014, 36.51973569 ], [ 136.51084681, 36.51975028 ], [ 136.510983090000025, 36.51986259 ], [ 136.51099027, 36.51986759 ], [ 136.511003860000017, 36.5198728 ], [ 136.51101781, 36.51987575 ], [ 136.511030080000012, 36.51987636 ], [ 136.51104586, 36.51987267 ], [ 136.511063330000013, 36.51986556 ], [ 136.51107803, 36.51985761 ], [ 136.511101780000018, 36.51984847 ], [ 136.511125420000013, 36.51983922 ], [ 136.511149580000023, 36.51983241 ], [ 136.511175450000025, 36.51982544 ], [ 136.51119703, 36.51981897 ], [ 136.51121842, 36.51981378 ], [ 136.51124438, 36.51980672 ], [ 136.511297370000023, 36.51979808 ], [ 136.511329640000014, 36.51979744 ], [ 136.511348420000019, 36.51979672 ], [ 136.511377780000032, 36.51979484 ], [ 136.51140883, 36.519795 ], [ 136.511468220000012, 36.51979533 ], [ 136.51149511, 36.51979744 ], [ 136.511526230000015, 36.51980267 ], [ 136.511559340000019, 36.51980853 ], [ 136.51159078, 36.51981536 ], [ 136.51162086, 36.51982184 ], [ 136.511651970000031, 36.51982805 ], [ 136.51168564, 36.51983464 ], [ 136.51171326, 36.51984136 ], [ 136.511746, 36.51985064 ], [ 136.51177239, 36.51986025 ], [ 136.511796420000024, 36.51987075 ], [ 136.511823110000023, 36.51988305 ], [ 136.5118525, 36.51989395 ], [ 136.511877640000023, 36.51990536 ], [ 136.511898980000012, 36.51991792 ], [ 136.51191995, 36.5199318 ], [ 136.511944920000019, 36.51994961 ], [ 136.511967890000022, 36.51996705 ], [ 136.51200764, 36.52000539 ], [ 136.512026470000023, 36.52002613 ], [ 136.512040470000017, 36.52004459 ], [ 136.512050360000018, 36.52006456 ], [ 136.512064360000011, 36.52008564 ], [ 136.512075690000017, 36.5201058 ], [ 136.51208467, 36.52012711 ], [ 136.51209309, 36.52014905 ], [ 136.51209791, 36.52017305 ], [ 136.512101950000016, 36.52019759 ], [ 136.512107980000025, 36.52022367 ], [ 136.51211224, 36.52024739 ], [ 136.51211397, 36.52026741 ], [ 136.51211533, 36.52029175 ], [ 136.512118030000011, 36.5203172 ], [ 136.51211973, 36.52034036 ], [ 136.512118660000027, 36.52035872 ], [ 136.51211681, 36.52038305 ], [ 136.51211555, 36.52041044 ], [ 136.51211311000003, 36.52043728 ], [ 136.512110730000018, 36.52045639 ], [ 136.51210409, 36.52047472 ], [ 136.512097470000015, 36.520491 ], [ 136.512091410000011, 36.5205072 ], [ 136.51208606000003, 36.52052095 ], [ 136.512080780000019, 36.52053641 ], [ 136.51208073, 36.52055536 ], [ 136.51208942, 36.52057092 ], [ 136.512105360000021, 36.52058631 ], [ 136.512124230000012, 36.52060056 ], [ 136.51214589, 36.5206152 ], [ 136.51216861, 36.52063369 ], [ 136.51218881, 36.52064895 ], [ 136.512219390000013, 36.52066525 ], [ 136.512244720000012, 36.52067775 ], [ 136.512318860000022, 36.52070528 ], [ 136.512342140000015, 36.52071314 ], [ 136.51236572000002, 36.52072159 ], [ 136.51239178, 36.52073236 ], [ 136.512416810000019, 36.52074359 ], [ 136.51243681, 36.52075487 ], [ 136.51245545, 36.52076947 ], [ 136.512472170000024, 36.52078569 ], [ 136.512484700000016, 36.52079639 ], [ 136.51249834, 36.52080747 ], [ 136.512515010000016, 36.52081611 ], [ 136.512537470000012, 36.52082605 ], [ 136.51256769, 36.52083128 ], [ 136.51259672, 36.5208318 ], [ 136.512625970000016, 36.52083197 ], [ 136.51265486, 36.52083644 ], [ 136.512696080000012, 36.52084739 ], [ 136.512731410000015, 36.52085364 ], [ 136.51275772, 36.52085856 ], [ 136.51277667, 36.52086333 ], [ 136.512800390000024, 36.52087041 ], [ 136.512832550000013, 36.52088247 ], [ 136.51286348, 36.52089625 ], [ 136.51288939, 36.52090984 ], [ 136.512914140000021, 36.52092692 ], [ 136.51293737, 36.52094189 ], [ 136.51296442, 36.52096261 ], [ 136.512990920000021, 36.52098536 ], [ 136.513019080000021, 36.52100814 ], [ 136.51304117, 36.52102611 ], [ 136.513058910000012, 36.52103856 ], [ 136.513078470000011, 36.52105108 ], [ 136.51310616, 36.52106161 ], [ 136.513134550000018, 36.52107259 ], [ 136.51315678, 36.52108405 ], [ 136.51317533, 36.52109561 ], [ 136.513207640000019, 36.52111831 ], [ 136.51322339, 36.5211312 ], [ 136.51324827000002, 36.52114431 ], [ 136.51326914, 36.52115967 ], [ 136.51328747, 36.52117328 ], [ 136.5133208, 36.52120492 ], [ 136.513338520000019, 36.52122086 ], [ 136.51335942, 36.52123397 ], [ 136.513383, 36.52124384 ], [ 136.51339569000001, 36.52124695 ], [ 136.51341918, 36.52126592 ], [ 136.513439200000022, 36.52128208 ], [ 136.51343158, 36.52132222 ], [ 136.51345575, 36.52134292 ], [ 136.51348669, 36.52132767 ], [ 136.51366725, 36.52150078 ], [ 136.513695110000015, 36.521693 ], [ 136.513695160000026, 36.52171147 ], [ 136.51369577, 36.52173292 ], [ 136.513694750000013, 36.52175022 ], [ 136.513692390000017, 36.52176508 ], [ 136.513689560000017, 36.52178408 ], [ 136.513686620000016, 36.521801 ], [ 136.513683750000013, 36.52182092 ], [ 136.513683390000011, 36.52183795 ], [ 136.51368358, 36.52185497 ], [ 136.51368503, 36.52187075 ], [ 136.513688, 36.52188897 ], [ 136.51369202, 36.52191205 ], [ 136.513699800000012, 36.52193123 ], [ 136.513710030000027, 36.5219518 ], [ 136.513722800000011, 36.52197172 ], [ 136.513733, 36.52199367 ], [ 136.513739440000023, 36.52201128 ], [ 136.513759560000011, 36.52204914 ], [ 136.51377202, 36.52206669 ], [ 136.513786160000024, 36.5220848 ], [ 136.513799, 36.52209956 ], [ 136.513813280000022, 36.52211569 ], [ 136.513828860000018, 36.52213397 ], [ 136.51384066, 36.52215097 ], [ 136.513851530000011, 36.52217222 ], [ 136.51386309, 36.52219275 ], [ 136.513868660000014, 36.52220556 ], [ 136.51387234, 36.52222117 ], [ 136.51387713, 36.52223464 ], [ 136.51388372, 36.52224872 ], [ 136.51388964, 36.52226175 ], [ 136.513896250000016, 36.52227375 ], [ 136.51390416000001, 36.52228589 ], [ 136.513916350000017, 36.52229723 ], [ 136.51393747, 36.52230995 ], [ 136.513986830000022, 36.52233508 ], [ 136.514000220000014, 36.52233625 ], [ 136.51406409, 36.52233659 ], [ 136.514089970000015, 36.52233836 ], [ 136.514117890000023, 36.52233978 ], [ 136.51418455000001, 36.52234013 ], [ 136.514219489999988, 36.52234086 ], [ 136.514251170000023, 36.52234464 ], [ 136.514281970000013, 36.52234733 ], [ 136.51431803, 36.52234808 ], [ 136.51434672000002, 36.52234859 ], [ 136.51438117, 36.52235356 ], [ 136.514410310000017, 36.52235669 ], [ 136.514437200000032, 36.52235884 ], [ 136.51446261000001, 36.52236284 ], [ 136.51447742000002, 36.52236814 ], [ 136.514493, 36.522375 ], [ 136.514508440000014, 36.5223822 ], [ 136.51452501, 36.52239139 ], [ 136.514540900000014, 36.52240311 ], [ 136.514554310000022, 36.52241444 ], [ 136.514580780000017, 36.52243892 ], [ 136.51459664, 36.52245197 ], [ 136.51462484000001, 36.52247114 ], [ 136.51463472, 36.52247869 ], [ 136.514664230000022, 36.52250175 ], [ 136.514688080000013, 36.52251736 ], [ 136.514713640000025, 36.52253444 ], [ 136.51473542, 36.52254611 ], [ 136.514754230000023, 36.52255325 ], [ 136.51476939, 36.52255675 ], [ 136.514783750000021, 36.52256033 ], [ 136.514791120000012, 36.52256184 ], [ 136.514806280000016, 36.52256597 ], [ 136.51485258, 36.52260714 ], [ 136.5148628, 36.52261628 ], [ 136.514859560000019, 36.52264736 ], [ 136.51486462, 36.52266775 ], [ 136.51487047, 36.52268941 ], [ 136.514882780000022, 36.52271372 ], [ 136.514896740000012, 36.52273769 ], [ 136.5149125, 36.52276284 ], [ 136.51493542, 36.52278872 ], [ 136.51505086, 36.52292228 ], [ 136.515076390000019, 36.52299208 ], [ 136.515081, 36.52302917 ], [ 136.515083190000013, 36.52304828 ], [ 136.51508586, 36.52307469 ], [ 136.515087560000012, 36.52309923 ], [ 136.51509017, 36.5231215 ], [ 136.515092220000014, 36.52314305 ], [ 136.51509353, 36.52315856 ], [ 136.515094920000024, 36.5231812 ], [ 136.515099690000028, 36.52321095 ], [ 136.515103650000015, 36.52323395 ], [ 136.515105330000011, 36.52325723 ], [ 136.51510411000001, 36.52327056 ], [ 136.51509997, 36.52328341 ], [ 136.51509747, 36.52330367 ], [ 136.51509453, 36.52331989 ], [ 136.51509167, 36.52334041 ], [ 136.51509178, 36.52335556 ], [ 136.51509625, 36.52336892 ], [ 136.515103610000011, 36.52338275 ], [ 136.515112550000026, 36.52339541 ], [ 136.515122140000017, 36.52341122 ], [ 136.515137760000016, 36.52342744 ], [ 136.515156720000022, 36.52344108 ], [ 136.51517292, 36.52345305 ], [ 136.515188880000011, 36.52346495 ], [ 136.515203550000024, 36.5234755 ], [ 136.515222970000025, 36.52348884 ], [ 136.515238150000016, 36.5235038 ], [ 136.515253090000016, 36.52352164 ], [ 136.51526847, 36.52354895 ], [ 136.51527733, 36.52357053 ], [ 136.515282720000016, 36.52359505 ], [ 136.5152862, 36.52360725 ], [ 136.51529450000001, 36.52362803 ], [ 136.515298950000016, 36.52364292 ], [ 136.515307060000026, 36.5236608 ], [ 136.515316300000023, 36.523677 ], [ 136.515326610000017, 36.52368731 ], [ 136.51533733, 36.52370169 ], [ 136.515343380000019, 36.52370995 ], [ 136.515355250000027, 36.523721 ], [ 136.515377590000014, 36.52373311 ], [ 136.51539861, 36.52374205 ], [ 136.51541986, 36.52375308 ], [ 136.51544092, 36.52375789 ], [ 136.515462219999989, 36.52376141 ], [ 136.515516830000024, 36.5237728 ], [ 136.51554292, 36.52377925 ], [ 136.51557022, 36.52378517 ], [ 136.515598200000028, 36.5237908 ], [ 136.51563289, 36.52379586 ], [ 136.51566545, 36.52379992 ], [ 136.515700360000011, 36.52380508 ], [ 136.51573034, 36.52381217 ], [ 136.51575384, 36.52382025 ], [ 136.515799800000025, 36.52383672 ], [ 136.515820580000025, 36.5238488 ], [ 136.515839250000028, 36.52386125 ], [ 136.51586508, 36.52388177 ], [ 136.515886130000013, 36.52390064 ], [ 136.515905300000014, 36.52391767 ], [ 136.51592258, 36.52393605 ], [ 136.515938300000016, 36.523952 ], [ 136.51595844000002, 36.52397311 ], [ 136.51596772000002, 36.52398714 ], [ 136.51598489, 36.52401525 ], [ 136.51599825, 36.52403472 ], [ 136.51600815, 36.52405289 ], [ 136.516020700000013, 36.52407331 ], [ 136.516031170000019, 36.52408887 ], [ 136.516044810000011, 36.52411456 ], [ 136.51605711, 36.52414056 ], [ 136.516066500000022, 36.52416413 ], [ 136.516070800000023, 36.52418444 ], [ 136.5160802, 36.52423703 ], [ 136.516085030000028, 36.52425977 ], [ 136.51609061000002, 36.52428503 ], [ 136.516095010000015, 36.52430733 ], [ 136.51609672, 36.52432769 ], [ 136.51609553, 36.52435328 ], [ 136.516092750000013, 36.52437833 ], [ 136.516090220000024, 36.52439795 ], [ 136.51608625, 36.52441939 ], [ 136.516081610000015, 36.52444125 ], [ 136.51607406, 36.52446223 ], [ 136.51606228, 36.52448325 ], [ 136.5160572, 36.52450331 ], [ 136.51604597, 36.52452325 ], [ 136.51603545, 36.52454033 ], [ 136.516025330000019, 36.52456036 ], [ 136.516020390000023, 36.5245762 ], [ 136.516015360000011, 36.52459167 ], [ 136.51601267, 36.52460528 ], [ 136.51601625, 36.52461836 ], [ 136.516023, 36.52462525 ], [ 136.51602922, 36.52463086 ], [ 136.51604086, 36.52463795 ], [ 136.516058660000027, 36.52464525 ], [ 136.51607973, 36.52465259 ], [ 136.51609886, 36.52465917 ], [ 136.516124250000018, 36.52466905 ], [ 136.516145030000018, 36.52468033 ], [ 136.5161762, 36.52469387 ], [ 136.516207080000015, 36.52471231 ], [ 136.51622472, 36.52472584 ], [ 136.51624003, 36.52473628 ], [ 136.516258490000013, 36.5247455 ], [ 136.51627575, 36.52475064 ], [ 136.516293500000018, 36.52475317 ], [ 136.51631348, 36.52475517 ], [ 136.516335059999989, 36.52474977 ], [ 136.51635969000003, 36.52474153 ], [ 136.51639294, 36.524731 ], [ 136.51642128, 36.52472251 ], [ 136.5164437, 36.52471325 ], [ 136.516462870000026, 36.52470297 ], [ 136.516483500000021, 36.52469084 ], [ 136.5165045, 36.52467717 ], [ 136.516524030000028, 36.524665 ], [ 136.51653883, 36.5246578 ], [ 136.516560560000016, 36.5246498 ], [ 136.516579800000017, 36.52464522 ], [ 136.51659759, 36.52464377 ], [ 136.516616520000014, 36.52464723 ], [ 136.516636810000023, 36.524653 ], [ 136.516659300000015, 36.52465864 ], [ 136.51666667, 36.52466031 ], [ 136.51667014, 36.52466111 ], [ 136.516683380000018, 36.52466417 ], [ 136.516708810000011, 36.52466808 ], [ 136.51675581, 36.52466836 ], [ 136.51706581000002, 36.5249992 ], [ 136.51706655000001, 36.525 ], [ 136.517519920000012, 36.52548389 ], [ 136.51760139000001, 36.52557084 ], [ 136.517592890000032, 36.52577231 ], [ 136.517590360000014, 36.52580736 ], [ 136.51758497, 36.52582472 ], [ 136.517580660000021, 36.5258448 ], [ 136.517575640000018, 36.52586044 ], [ 136.517571440000012, 36.52588105 ], [ 136.517567250000013, 36.52589941 ], [ 136.517563110000026, 36.52591625 ], [ 136.517556250000013, 36.52593497 ], [ 136.51755545, 36.52594939 ], [ 136.51755361, 36.52596892 ], [ 136.517551670000017, 36.52598867 ], [ 136.51755148, 36.52601136 ], [ 136.51755144, 36.52602705 ], [ 136.517554890000014, 36.52604447 ], [ 136.517559660000018, 36.5260608 ], [ 136.51756484, 36.52608256 ], [ 136.51757131, 36.52609744 ], [ 136.51758167, 36.5261132 ], [ 136.517587660000032, 36.52613008 ], [ 136.517597810000012, 36.52614617 ], [ 136.517611750000015, 36.52616139 ], [ 136.517627910000016, 36.52617753 ], [ 136.51764655, 36.52619286 ], [ 136.517667640000013, 36.52620836 ], [ 136.51768428, 36.52622036 ], [ 136.51770547000001, 36.5262358 ], [ 136.51771681, 36.52624413 ], [ 136.51773326, 36.52625425 ], [ 136.51775125, 36.52626389 ], [ 136.5177745, 36.52627331 ], [ 136.517794550000019, 36.52628125 ], [ 136.51781728, 36.52628867 ], [ 136.517840440000015, 36.52629403 ], [ 136.51785917, 36.52629928 ], [ 136.517879640000018, 36.52630613 ], [ 136.517932700000017, 36.52631769 ], [ 136.51796348, 36.52632292 ], [ 136.517988880000019, 36.5263288 ], [ 136.518014280000017, 36.52633644 ], [ 136.518039110000018, 36.52634486 ], [ 136.51805636, 36.52635433 ], [ 136.51808250000002, 36.52636556 ], [ 136.51810409, 36.52637469 ], [ 136.51812601, 36.52638372 ], [ 136.51814914000002, 36.52639556 ], [ 136.51816645, 36.52640711 ], [ 136.51818706, 36.52642677 ], [ 136.51820737, 36.52644311 ], [ 136.518230220000021, 36.52646097 ], [ 136.518248590000013, 36.526481 ], [ 136.518264860000016, 36.52649908 ], [ 136.518281, 36.52651739 ], [ 136.518294920000017, 36.52653531 ], [ 136.51830558, 36.5265558 ], [ 136.51830623, 36.52655761 ], [ 136.51833944, 36.52663341 ], [ 136.51836, 36.52669787 ], [ 136.51836828, 36.52673739 ], [ 136.51837949, 36.52679856 ], [ 136.51839025000001, 36.52688631 ], [ 136.518399, 36.5269498 ], [ 136.51840192, 36.52706633 ], [ 136.51840564, 36.52708853 ], [ 136.518411220000019, 36.52710389 ], [ 136.5184193, 36.52712503 ], [ 136.51843384, 36.52713861 ], [ 136.51849506, 36.52720041 ], [ 136.518515080000014, 36.52720944 ], [ 136.518532920000013, 36.5272118 ], [ 136.51857361, 36.52722103 ], [ 136.518745620000033, 36.52724359 ], [ 136.518935500000026, 36.52727833 ], [ 136.51899623, 36.52730705 ], [ 136.5190337, 36.52732472 ], [ 136.519095470000025, 36.52737636 ], [ 136.519126160000013, 36.52741689 ], [ 136.51914733000001, 36.52744989 ], [ 136.51916995, 36.52748464 ], [ 136.519189, 36.52751736 ], [ 136.51920397, 36.52755375 ], [ 136.519217030000021, 36.52758214 ], [ 136.519231720000022, 36.5276162 ], [ 136.519247980000017, 36.52767511 ], [ 136.519256110000015, 36.52773139 ], [ 136.51925964, 36.52777522 ], [ 136.51926341, 36.52780641 ], [ 136.51926708000002, 36.52783556 ], [ 136.51926864, 36.52786069 ], [ 136.519267300000024, 36.52788917 ], [ 136.519264940000028, 36.52791656 ], [ 136.51926261, 36.52794105 ], [ 136.51925886, 36.52796447 ], [ 136.51924739, 36.52801344 ], [ 136.51924141, 36.52803323 ], [ 136.51923278000001, 36.52805284 ], [ 136.519226860000032, 36.52806525 ], [ 136.51921778000002, 36.52808213 ], [ 136.51920772, 36.52809831 ], [ 136.519194670000019, 36.52812095 ], [ 136.519173990000013, 36.52815111 ], [ 136.519119440000026, 36.52822356 ], [ 136.51910569, 36.52824103 ], [ 136.519102050000015, 36.52824677 ], [ 136.519101630000023, 36.52825777 ], [ 136.51910156, 36.52826608 ], [ 136.51910475, 36.52827223 ], [ 136.51911217, 36.52828144 ], [ 136.519122830000015, 36.52828817 ], [ 136.5191335, 36.52829311 ], [ 136.51916949, 36.52830251 ], [ 136.519187030000012, 36.52830323 ], [ 136.519243530000011, 36.5283018 ], [ 136.519385520000014, 36.52828059 ], [ 136.519509560000017, 36.52828478 ], [ 136.519574140000032, 36.52829351 ], [ 136.5196137, 36.52830292 ], [ 136.51964722, 36.52831492 ], [ 136.519690700000012, 36.52832208 ], [ 136.519781240000015, 36.52835287 ], [ 136.51985603, 36.52838156 ], [ 136.51989377000001, 36.52839644 ], [ 136.51994678, 36.52842587 ], [ 136.51998022, 36.52844911 ], [ 136.520027810000016, 36.52848569 ], [ 136.520074940000029, 36.52852433 ], [ 136.52012414, 36.52858569 ], [ 136.520151240000018, 36.52862711 ], [ 136.52017416000001, 36.52866384 ], [ 136.52019131, 36.52871214 ], [ 136.520208220000029, 36.52874567 ], [ 136.52022075, 36.52878261 ], [ 136.52023086, 36.52881556 ], [ 136.520239730000014, 36.52886461 ], [ 136.520246940000021, 36.52889611 ], [ 136.520249880000023, 36.52893308 ], [ 136.520249880000023, 36.52897111 ], [ 136.52024961, 36.52900544 ], [ 136.520248200000026, 36.529055 ], [ 136.52024341, 36.52910689 ], [ 136.520234970000018, 36.5291412 ], [ 136.52022623000002, 36.52916041 ], [ 136.52021027, 36.52918377 ], [ 136.520199390000016, 36.52920353 ], [ 136.520151280000022, 36.52926736 ], [ 136.520103410000019, 36.52931756 ], [ 136.52000003, 36.52941011 ], [ 136.519986390000014, 36.529423 ], [ 136.51997706, 36.52943305 ], [ 136.519975860000017, 36.52944089 ], [ 136.51997691, 36.52944892 ], [ 136.51998642, 36.52946167 ], [ 136.519995620000032, 36.52946867 ], [ 136.520022720000014, 36.52947113 ], [ 136.520053530000013, 36.52947356 ], [ 136.5200709, 36.52948086 ], [ 136.520089440000021, 36.52949197 ], [ 136.520102870000017, 36.52950384 ], [ 136.52011217, 36.52951372 ], [ 136.520120530000014, 36.5295282 ], [ 136.520126620000013, 36.52953623 ], [ 136.520139, 36.52955044 ], [ 136.52016964, 36.529559 ], [ 136.520181800000017, 36.52955853 ], [ 136.520269140000011, 36.52954341 ], [ 136.52036594, 36.52954656 ], [ 136.520462940000016, 36.52956464 ], [ 136.52051289000002, 36.52957267 ], [ 136.520547860000022, 36.52958387 ], [ 136.520576690000013, 36.52959464 ], [ 136.520594530000011, 36.52960077 ], [ 136.520643220000011, 36.52962556 ], [ 136.5206945, 36.52965033 ], [ 136.5207225, 36.52967933 ], [ 136.520800080000015, 36.52972508 ], [ 136.520830890000013, 36.52975384 ], [ 136.520853550000027, 36.52977872 ], [ 136.520874470000024, 36.52980453 ], [ 136.520898, 36.52984728 ], [ 136.520919860000021, 36.52987831 ], [ 136.520926450000019, 36.52990539 ], [ 136.520928810000015, 36.52992884 ], [ 136.520929030000019, 36.52994497 ], [ 136.520927590000014, 36.52998272 ], [ 136.520926300000013, 36.53001417 ], [ 136.520925770000019, 36.53002569 ], [ 136.520926740000021, 36.53004417 ], [ 136.520935160000022, 36.53006325 ], [ 136.520944, 36.53007744 ], [ 136.52099603000002, 36.53009241 ], [ 136.52102348, 36.53009308 ], [ 136.52108211, 36.53009341 ], [ 136.521122170000012, 36.53009859 ], [ 136.521158860000014, 36.53010392 ], [ 136.521356640000022, 36.53012923 ], [ 136.521500800000013, 36.530154 ], [ 136.52159144, 36.53017177 ], [ 136.52166377, 36.53019003 ], [ 136.521795670000017, 36.53023111 ], [ 136.521902360000013, 36.5302908 ], [ 136.521970190000019, 36.53033823 ], [ 136.52203986, 36.53039392 ], [ 136.52211639, 36.5304722 ], [ 136.52218776, 36.53056433 ], [ 136.522240510000017, 36.53062769 ], [ 136.52226689, 36.53067725 ], [ 136.522281390000018, 36.5307332 ], [ 136.522295840000027, 36.53076967 ], [ 136.52231333, 36.53081447 ], [ 136.522327, 36.53083411 ], [ 136.522335450000014, 36.53085236 ], [ 136.522343920000026, 36.53086825 ], [ 136.5223545, 36.53088705 ], [ 136.522372530000013, 36.53090644 ], [ 136.52241669, 36.53096672 ], [ 136.522475110000016, 36.53103164 ], [ 136.522517250000021, 36.53108405 ], [ 136.522557760000012, 36.53111484 ], [ 136.522579300000018, 36.53113944 ], [ 136.522602, 36.53116292 ], [ 136.522631410000031, 36.53118497 ], [ 136.522657760000016, 36.53120161 ], [ 136.522689110000016, 36.53121592 ], [ 136.52271756, 36.53123392 ], [ 136.522744890000013, 36.5312502 ], [ 136.52276591, 36.53125987 ], [ 136.52277691, 36.53126597 ], [ 136.522875030000023, 36.53128839 ], [ 136.522926420000033, 36.53129733 ], [ 136.52297202, 36.53131947 ], [ 136.523026110000018, 36.53134086 ], [ 136.52309975, 36.53137587 ], [ 136.523150250000015, 36.53141561 ], [ 136.52324302, 36.53147233 ], [ 136.52330630000003, 36.5315555 ], [ 136.52334944, 36.53160675 ], [ 136.523379, 36.53166431 ], [ 136.523399, 36.53170533 ], [ 136.5234173, 36.53174528 ], [ 136.523431030000012, 36.53177364 ], [ 136.5234408, 36.53179469 ], [ 136.523454470000019, 36.53183 ], [ 136.523456010000018, 36.53186139 ], [ 136.523459030000026, 36.53188484 ], [ 136.52346209000001, 36.53190675 ], [ 136.523464940000025, 36.53193931 ], [ 136.52346508, 36.53197859 ], [ 136.52346878000003, 36.53200195 ], [ 136.523470390000028, 36.53202559 ], [ 136.523470270000018, 36.53203828 ], [ 136.52347348, 36.53208184 ], [ 136.523475250000018, 36.53212392 ], [ 136.52348167, 36.53221192 ], [ 136.523487250000017, 36.53226567 ], [ 136.523500510000019, 36.53231213 ], [ 136.52351078, 36.532326 ], [ 136.523522360000015, 36.53234256 ], [ 136.52355, 36.53237756 ], [ 136.52357949, 36.53240053 ], [ 136.52363713, 36.53242617 ], [ 136.52366711, 36.53243469 ], [ 136.523712, 36.53244711 ], [ 136.523842530000024, 36.53248205 ], [ 136.523876390000027, 36.53249269 ], [ 136.523902750000019, 36.53250375 ], [ 136.52391986, 36.53251367 ], [ 136.52394189, 36.53252586 ], [ 136.523993860000019, 36.53254553 ], [ 136.524022020000018, 36.53255803 ], [ 136.52407869000001, 36.53257741 ], [ 136.524255360000012, 36.53264553 ], [ 136.52428348, 36.5326618 ], [ 136.524301580000014, 36.53267317 ], [ 136.52431511, 36.53268623 ], [ 136.5243327, 36.53272092 ], [ 136.5243365, 36.53273339 ], [ 136.524337060000022, 36.53274753 ], [ 136.524338050000011, 36.53276013 ], [ 136.524342500000017, 36.53277603 ], [ 136.524350030000022, 36.5327868 ], [ 136.524360200000018, 36.53279667 ], [ 136.524371630000019, 36.53280422 ], [ 136.52439934, 36.53281817 ], [ 136.52443095000001, 36.53284375 ], [ 136.524460190000013, 36.53286003 ], [ 136.52448394000001, 36.53287631 ], [ 136.52450234, 36.53289578 ], [ 136.52453886, 36.53293372 ], [ 136.52457805, 36.53298847 ], [ 136.52459472000001, 36.53301136 ], [ 136.52461302, 36.53304084 ], [ 136.52464039000003, 36.53310786 ], [ 136.52465361, 36.53314461 ], [ 136.524662480000018, 36.53319197 ], [ 136.524665230000011, 36.53321217 ], [ 136.52466689, 36.5332675 ], [ 136.524667060000013, 36.53328741 ], [ 136.52466506, 36.53331192 ], [ 136.524663870000012, 36.5333325 ], [ 136.524663800000013, 36.53333333 ], [ 136.5246635, 36.53333841 ], [ 136.524660440000019, 36.53335597 ], [ 136.524655280000019, 36.53337469 ], [ 136.524654420000019, 36.53339811 ], [ 136.524654090000013, 36.53343669 ], [ 136.52465428, 36.53345464 ], [ 136.52465973, 36.5334852 ], [ 136.524667780000016, 36.5335095 ], [ 136.52467761, 36.53352397 ], [ 136.52468927000001, 36.53354251 ], [ 136.524722170000018, 36.53359197 ], [ 136.524730510000012, 36.53360933 ], [ 136.524740700000024, 36.53363128 ], [ 136.524747080000026, 36.53364231 ], [ 136.52475905, 36.53366689 ], [ 136.52476995, 36.53368939 ], [ 136.524784, 36.53371659 ], [ 136.52479772, 36.53374722 ], [ 136.524810030000026, 36.53377036 ], [ 136.524848780000013, 36.53383753 ], [ 136.52486425, 36.53385887 ], [ 136.524885550000022, 36.53387431 ], [ 136.52490119, 36.53388539 ], [ 136.524915420000013, 36.53389492 ], [ 136.52493178, 36.53390105 ], [ 136.524948640000019, 36.53390403 ], [ 136.525, 36.53390864 ], [ 136.5250035, 36.53390895 ], [ 136.52504292, 36.53391239 ], [ 136.5251025, 36.5339182 ], [ 136.52516384, 36.53392944 ], [ 136.52520311, 36.53393461 ], [ 136.525255620000024, 36.53394787 ], [ 136.525287660000032, 36.53395775 ], [ 136.525321190000028, 36.53397039 ], [ 136.52535036, 36.53398208 ], [ 136.52539056, 36.53401059 ], [ 136.525423530000012, 36.5340332 ], [ 136.525463450000018, 36.53405244 ], [ 136.525492830000019, 36.534078 ], [ 136.52555586, 36.53411556 ], [ 136.52559205, 36.53413856 ], [ 136.52562930000002, 36.5341722 ], [ 136.525644920000019, 36.53418931 ], [ 136.525661220000018, 36.53420347 ], [ 136.52568586000001, 36.53420936 ], [ 136.525718340000026, 36.53420953 ], [ 136.52572698000003, 36.53420761 ], [ 136.52574494000001, 36.53419525 ], [ 136.525769920000016, 36.53415969 ], [ 136.525816060000011, 36.53410111 ], [ 136.525878780000028, 36.53403853 ], [ 136.525933770000023, 36.53400422 ], [ 136.52598988, 36.53395759 ], [ 136.52603847, 36.5339932 ], [ 136.526080800000017, 36.53402423 ], [ 136.526055690000021, 36.53407761 ], [ 136.526032970000017, 36.53415067 ], [ 136.526025280000027, 36.53421814 ], [ 136.526019420000011, 36.53427984 ], [ 136.526012580000014, 36.53432108 ], [ 136.52600292, 36.53436969 ], [ 136.52598975, 36.53440772 ], [ 136.52597939, 36.53444633 ], [ 136.525973060000013, 36.53448264 ], [ 136.525966610000012, 36.53452125 ], [ 136.525961, 36.53454969 ], [ 136.52595686, 36.53457889 ], [ 136.525956010000016, 36.53460105 ], [ 136.52595795000002, 36.53462439 ], [ 136.525957440000013, 36.53464141 ], [ 136.525954250000012, 36.534678 ], [ 136.525951240000012, 36.53470339 ], [ 136.5259475, 36.53472356 ], [ 136.525940250000019, 36.53473767 ], [ 136.525921610000012, 36.53477733 ], [ 136.525906470000024, 36.53479717 ], [ 136.52589136, 36.53481584 ], [ 136.52587825, 36.53483333 ], [ 136.52586886, 36.53484833 ], [ 136.52580623, 36.5348998 ], [ 136.52559317, 36.53465533 ], [ 136.52552372, 36.5346948 ], [ 136.52549117, 36.53471444 ], [ 136.52548861, 36.53472517 ], [ 136.525489220000026, 36.53473175 ], [ 136.525492050000025, 36.53474131 ], [ 136.52551183, 36.53476853 ], [ 136.52566733, 36.5349378 ], [ 136.52567708, 36.53496031 ], [ 136.52568876, 36.53502067 ], [ 136.52569577, 36.53513264 ], [ 136.525695720000016, 36.53526097 ], [ 136.525694250000015, 36.53531684 ], [ 136.52568944, 36.53537161 ], [ 136.525684110000014, 36.53540736 ], [ 136.525655520000015, 36.53550356 ], [ 136.52563161, 36.53554497 ], [ 136.525605860000013, 36.53558087 ], [ 136.525566450000014, 36.53564556 ], [ 136.525542550000011, 36.53567308 ], [ 136.525507, 36.53570461 ], [ 136.525444280000016, 36.53576603 ], [ 136.525408660000011, 36.53579295 ], [ 136.52537562, 36.53581784 ], [ 136.52530163000003, 36.53585231 ], [ 136.52525866000002, 36.53586136 ], [ 136.525221500000015, 36.53587323 ], [ 136.52514844, 36.53588961 ], [ 136.52508409, 36.53589387 ], [ 136.525053360000015, 36.53589369 ], [ 136.52500903, 36.53589228 ], [ 136.5250035, 36.53587969 ], [ 136.525, 36.53587175 ], [ 136.52499326, 36.53585641 ], [ 136.52497589, 36.53583497 ], [ 136.52494689, 36.53580372 ], [ 136.52490995, 36.53577495 ], [ 136.524871170000011, 36.53575077 ], [ 136.524822750000027, 36.53573095 ], [ 136.52477886, 36.53571656 ], [ 136.524728880000026, 36.53571025 ], [ 136.52466847, 36.53571075 ], [ 136.52461983, 36.53571833 ], [ 136.52457148000002, 36.53572987 ], [ 136.524520920000015, 36.53575239 ], [ 136.524486450000012, 36.535775 ], [ 136.52444209, 36.5358212 ], [ 136.52442034, 36.53585541 ], [ 136.52441117, 36.535885 ], [ 136.52440302, 36.53592361 ], [ 136.524400970000016, 36.5359565 ], [ 136.524400610000015, 36.53599887 ], [ 136.52440601, 36.53603667 ], [ 136.524415300000015, 36.53607456 ], [ 136.52444803, 36.53617964 ], [ 136.524474380000015, 36.53623459 ], [ 136.52449872, 36.53627769 ], [ 136.524538660000019, 36.53633505 ], [ 136.52459703, 36.53640917 ], [ 136.52465319, 36.53647633 ], [ 136.52472914, 36.53654541 ], [ 136.524797370000016, 36.53659941 ], [ 136.524883280000012, 36.53666395 ], [ 136.524949750000019, 36.53670064 ], [ 136.525, 36.53672308 ], [ 136.5250035, 36.53672464 ], [ 136.525044550000018, 36.53674297 ], [ 136.52515711, 36.53678422 ], [ 136.5252427, 36.53680828 ], [ 136.525468890000013, 36.536856 ], [ 136.525503750000013, 36.53673453 ], [ 136.52551961, 36.53667944 ], [ 136.52553053, 36.53664131 ], [ 136.525459829999988, 36.53664172 ], [ 136.525411830000024, 36.5366395 ], [ 136.52541886, 36.5365852 ], [ 136.525460220000014, 36.53651241 ], [ 136.525538860000012, 36.5364728 ], [ 136.525601310000013, 36.53644169 ], [ 136.52566497, 36.53642933 ], [ 136.525709730000017, 36.53641859 ], [ 136.52575589, 36.53641278 ], [ 136.525838860000022, 36.53641322 ], [ 136.52588416, 36.53641664 ], [ 136.52592314, 36.53641972 ], [ 136.525971309999989, 36.5364272 ], [ 136.52600664000002, 36.53643784 ], [ 136.52605008, 36.53644989 ], [ 136.52610292, 36.53646395 ], [ 136.526158150000015, 36.5364822 ], [ 136.526185140000024, 36.53649964 ], [ 136.526321390000021, 36.53656787 ], [ 136.52639953000002, 36.53662767 ], [ 136.52645772, 36.53667989 ], [ 136.52650917, 36.53672486 ], [ 136.52654494, 36.53676228 ], [ 136.5265693, 36.53680072 ], [ 136.5265962, 36.53682997 ], [ 136.526612750000027, 36.53686844 ], [ 136.52663837, 36.53691708 ], [ 136.52664669, 36.53694967 ], [ 136.52666394, 36.53698464 ], [ 136.52666786, 36.53702277 ], [ 136.52667519, 36.53705533 ], [ 136.526678340000018, 36.53710933 ], [ 136.526688, 36.53714139 ], [ 136.52668745, 36.5372068 ], [ 136.52668689, 36.53723539 ], [ 136.52668589000001, 36.53735597 ], [ 136.52668341, 36.53739895 ], [ 136.52667739, 36.53743784 ], [ 136.526667640000028, 36.53748392 ], [ 136.526656030000026, 36.53751208 ], [ 136.526643550000017, 36.53754725 ], [ 136.52663222000001, 36.53758061 ], [ 136.52662056, 36.53761284 ], [ 136.52660706, 36.53763987 ], [ 136.52659577, 36.53770561 ], [ 136.526598520000022, 36.53772436 ], [ 136.52666647, 36.5378418 ], [ 136.52667961, 36.53786061 ], [ 136.526693800000032, 36.53787303 ], [ 136.526714360000028, 36.53788731 ], [ 136.52674756, 36.53789675 ], [ 136.52677462, 36.537907 ], [ 136.527057610000014, 36.53795925 ], [ 136.52736442, 36.53802633 ], [ 136.52753597, 36.538065 ], [ 136.52761053, 36.53808559 ], [ 136.527651530000014, 36.53809853 ], [ 136.527705280000021, 36.53812017 ], [ 136.52773163, 36.53813472 ], [ 136.527780510000014, 36.53817997 ], [ 136.527837330000011, 36.53822417 ], [ 136.527857980000022, 36.53823833 ], [ 136.52787759, 36.53824564 ], [ 136.5279165, 36.53825305 ], [ 136.52793577, 36.53825811 ], [ 136.527987500000023, 36.5382685 ], [ 136.528050900000011, 36.53829047 ], [ 136.52807973, 36.53830125 ], [ 136.528108660000015, 36.53831359 ], [ 136.528162440000017, 36.53833286 ], [ 136.528249690000024, 36.53836867 ], [ 136.528332870000014, 36.53842797 ], [ 136.52840086, 36.53848556 ], [ 136.52845425000001, 36.53853731 ], [ 136.528522870000018, 36.53857344 ], [ 136.52857789, 36.538607 ], [ 136.52865608, 36.53865833 ], [ 136.528706640000024, 36.53870186 ], [ 136.528732, 36.53874211 ], [ 136.52876837, 36.53877572 ], [ 136.52880066, 36.53880014 ], [ 136.528836470000016, 36.5388308 ], [ 136.528867780000013, 36.53885414 ], [ 136.52888608, 36.53888478 ], [ 136.528915910000023, 36.53895056 ], [ 136.528942340000015, 36.53899631 ], [ 136.528980610000019, 36.5390422 ], [ 136.52900309, 36.53906422 ], [ 136.52901817, 36.53907889 ], [ 136.529066740000019, 36.53913341 ], [ 136.529094970000017, 36.53917789 ], [ 136.529122170000022, 36.53921211 ], [ 136.529156840000013, 36.53923492 ], [ 136.5291885, 36.53926556 ], [ 136.529216420000012, 36.5392948 ], [ 136.529241250000013, 36.53932936 ], [ 136.52925564, 36.53936044 ], [ 136.529259780000018, 36.53938641 ], [ 136.52925389, 36.53942389 ], [ 136.52925328, 36.53948436 ], [ 136.52926667, 36.53953947 ], [ 136.52928949, 36.53957684 ], [ 136.529308970000017, 36.53961272 ], [ 136.52932453, 36.53967633 ], [ 136.52936294, 36.53978487 ], [ 136.52937416, 36.53981936 ], [ 136.52938842, 36.53986459 ], [ 136.529399110000014, 36.53990917 ], [ 136.529396890000015, 36.53999033 ], [ 136.52938706, 36.54003284 ], [ 136.529376110000015, 36.54008659 ], [ 136.5293825, 36.54012508 ], [ 136.529394700000012, 36.54016308 ], [ 136.529397280000012, 36.54020087 ], [ 136.52939036, 36.54024239 ], [ 136.529379080000012, 36.5402808 ], [ 136.529358590000015, 36.54031459 ], [ 136.52932883, 36.54034731 ], [ 136.52930949, 36.54037561 ], [ 136.529305890000018, 36.54040775 ], [ 136.52932725, 36.54045833 ], [ 136.52933306, 36.54048811 ], [ 136.529339140000019, 36.54050933 ], [ 136.52932988, 36.54053333 ], [ 136.529334480000017, 36.5405612 ], [ 136.52934944, 36.54058561 ], [ 136.529372920000014, 36.540598 ], [ 136.529420270000031, 36.54059564 ], [ 136.529497280000015, 36.54057703 ], [ 136.5295873, 36.54056284 ], [ 136.529647470000015, 36.54055377 ], [ 136.529711240000012, 36.54055251 ], [ 136.52977825, 36.54055287 ], [ 136.529829200000023, 36.54055169 ], [ 136.52987667, 36.54055159 ], [ 136.52994114, 36.54056011 ], [ 136.53000492000001, 36.5405602 ], [ 136.53006733, 36.54056153 ], [ 136.53013406, 36.54056864 ], [ 136.530199470000014, 36.54057384 ], [ 136.53024869, 36.54057808 ], [ 136.53028942, 36.54058244 ], [ 136.530328110000028, 36.54059084 ], [ 136.530398910000031, 36.54060347 ], [ 136.53048684, 36.54061495 ], [ 136.53055294, 36.5406288 ], [ 136.5306118, 36.540645 ], [ 136.53069489, 36.54067167 ], [ 136.530751, 36.54069431 ], [ 136.530820580000011, 36.54072136 ], [ 136.53084983, 36.54073559 ], [ 136.53088326, 36.54076061 ], [ 136.530927780000013, 36.54077953 ], [ 136.530968640000026, 36.54080667 ], [ 136.530981170000018, 36.54081944 ], [ 136.531024160000015, 36.54084664 ], [ 136.53107681, 36.54088386 ], [ 136.53111066, 36.54091964 ], [ 136.53114109, 36.54095567 ], [ 136.531161970000028, 36.54099833 ], [ 136.53117745, 36.54105708 ], [ 136.53118428, 36.54109892 ], [ 136.53118652, 36.54114941 ], [ 136.53118462, 36.54117869 ], [ 136.531169300000016, 36.54123286 ], [ 136.53113306, 36.54128241 ], [ 136.531093530000021, 36.54131041 ], [ 136.531071140000023, 36.54132903 ], [ 136.531075140000013, 36.54134628 ], [ 136.531137980000011, 36.54141969 ], [ 136.531202580000013, 36.54148013 ], [ 136.53124114000002, 36.54150559 ], [ 136.531299470000022, 36.54151356 ], [ 136.531366470000023, 36.54151625 ], [ 136.53143423, 36.54150941 ], [ 136.53149647, 36.54150453 ], [ 136.53156064, 36.54151017 ], [ 136.531636890000016, 36.54152661 ], [ 136.53169834000002, 36.54153903 ], [ 136.531747780000018, 36.54154244 ], [ 136.531798220000013, 36.54156039 ], [ 136.531870170000019, 36.54158464 ], [ 136.53193567, 36.54159392 ], [ 136.531995450000011, 36.54160478 ], [ 136.532048910000015, 36.54162136 ], [ 136.532112580000017, 36.54164811 ], [ 136.532141750000022, 36.54166584 ], [ 136.532143140000017, 36.54166667 ], [ 136.53216691, 36.54168111 ], [ 136.532216280000029, 36.54172484 ], [ 136.532231390000021, 36.54176203 ], [ 136.53223975, 36.5418028 ], [ 136.53225949, 36.54183464 ], [ 136.532294450000023, 36.54186367 ], [ 136.53232236, 36.54190472 ], [ 136.53235372, 36.54193536 ], [ 136.53237872, 36.54196369 ], [ 136.532409200000018, 36.54199197 ], [ 136.53243706, 36.54201367 ], [ 136.53248629, 36.5421646 ], [ 136.53252988, 36.54229823 ], [ 136.53254131, 36.54233687 ], [ 136.532559100000014, 36.54237364 ], [ 136.53257772, 36.54239436 ], [ 136.53260927, 36.54240067 ], [ 136.532632190000015, 36.54241297 ], [ 136.532652750000011, 36.54243956 ], [ 136.53268, 36.54245295 ], [ 136.532711530000029, 36.54246322 ], [ 136.532746860000032, 36.54248351 ], [ 136.53278477, 36.54250561 ], [ 136.53282825, 36.54253108 ], [ 136.53288652, 36.54254525 ], [ 136.532927950000015, 36.54255008 ], [ 136.53298616, 36.54256023 ], [ 136.53303458000002, 36.54258031 ], [ 136.533073410000014, 36.54259844 ], [ 136.53311822, 36.54262372 ], [ 136.53315472, 36.54263861 ], [ 136.533198950000013, 36.54266517 ], [ 136.533241050000015, 36.54269359 ], [ 136.53332083, 36.54275764 ], [ 136.53333333, 36.54276897 ], [ 136.53333686000002, 36.54277217 ], [ 136.5333573, 36.54279072 ], [ 136.53339409, 36.54282805 ], [ 136.533422480000013, 36.54286805 ], [ 136.533445500000028, 36.54291836 ], [ 136.533446450000014, 36.54295495 ], [ 136.533435670000017, 36.54300392 ], [ 136.533411500000028, 36.54304895 ], [ 136.533404470000022, 36.54306089 ], [ 136.533399920000022, 36.54307286 ], [ 136.533540860000016, 36.54323664 ], [ 136.533613670000022, 36.54330795 ], [ 136.533667830000013, 36.54333511 ], [ 136.533709860000016, 36.54337184 ], [ 136.533738, 36.54340233 ], [ 136.53377789000001, 36.54343933 ], [ 136.533810730000027, 36.54346708 ], [ 136.533852390000021, 36.54349569 ], [ 136.533886030000019, 36.54353397 ], [ 136.53389772, 36.54357856 ], [ 136.533909170000015, 36.5436 ], [ 136.53393997, 36.54361684 ], [ 136.53394497, 36.54364751 ], [ 136.533949560000025, 36.54367456 ], [ 136.53397847, 36.543714 ], [ 136.53400786, 36.54375364 ], [ 136.534062440000014, 36.54385487 ], [ 136.534082220000016, 36.54390947 ], [ 136.53408103000001, 36.54391751 ], [ 136.534090170000013, 36.54396253 ], [ 136.534096940000012, 36.54403584 ], [ 136.534101, 36.54408703 ], [ 136.534097420000023, 36.54414092 ], [ 136.534102750000017, 36.54417267 ], [ 136.5341218, 36.54421784 ], [ 136.534147640000015, 36.54425484 ], [ 136.534166740000018, 36.54429414 ], [ 136.5341673, 36.54432413 ], [ 136.53415647, 36.54437951 ], [ 136.5341563, 36.54442592 ], [ 136.534175230000017, 36.54446044 ], [ 136.53419803, 36.54447308 ], [ 136.534230120000018, 36.54446939 ], [ 136.534283, 36.54444705 ], [ 136.534341410000025, 36.54442123 ], [ 136.534408720000016, 36.54441256 ], [ 136.53447209, 36.54442092 ], [ 136.534553280000011, 36.54443811 ], [ 136.534614090000019, 36.54444592 ], [ 136.534742630000011, 36.54448653 ], [ 136.5348055, 36.54452931 ], [ 136.53485914, 36.54455564 ], [ 136.53491302, 36.5445898 ], [ 136.534955360000026, 36.54463114 ], [ 136.534991830000024, 36.54465069 ], [ 136.535019660000017, 36.54467284 ], [ 136.535045140000022, 36.54472839 ], [ 136.535088110000032, 36.54482677 ], [ 136.535120270000021, 36.54492392 ], [ 136.53513601, 36.54500977 ], [ 136.535142190000016, 36.54506011 ], [ 136.53515361, 36.54511108 ], [ 136.535124250000024, 36.54516356 ], [ 136.535114060000012, 36.54517992 ], [ 136.535107329999988, 36.54521205 ], [ 136.535102920000014, 36.54527277 ], [ 136.5351192, 36.5453198 ], [ 136.53517134, 36.54536353 ], [ 136.535208300000022, 36.54537508 ], [ 136.535247640000023, 36.54537528 ], [ 136.53529852, 36.54537961 ], [ 136.535351240000011, 36.54539286 ], [ 136.535494480000011, 36.54542797 ], [ 136.53562625, 36.5454585 ], [ 136.53571064, 36.54547814 ], [ 136.535750800000017, 36.54548539 ], [ 136.53578847, 36.54549451 ], [ 136.53583341, 36.54550475 ], [ 136.53587597, 36.54550497 ], [ 136.535926500000016, 36.54552541 ], [ 136.53597263, 36.54555361 ], [ 136.53598789000003, 36.54555892 ], [ 136.53600895, 36.54556623 ], [ 136.53605, 36.54557078 ], [ 136.536096, 36.54559922 ], [ 136.53614034, 36.54562992 ], [ 136.536188340000024, 36.54567361 ], [ 136.536243860000013, 36.54571267 ], [ 136.53628319, 36.54572422 ], [ 136.53632681000002, 36.54573256 ], [ 136.53637261, 36.54574578 ], [ 136.5364217, 36.545752 ], [ 136.53645228000002, 36.54574189 ], [ 136.5364692, 36.54573331 ], [ 136.536497560000015, 36.5457368 ], [ 136.53653211, 36.54573131 ], [ 136.53655956, 36.54573505 ], [ 136.53659667, 36.54574597 ], [ 136.53663669, 36.54575411 ], [ 136.536649580000017, 36.54576095 ], [ 136.536647760000022, 36.54576869 ], [ 136.536632500000024, 36.54577572 ], [ 136.536593550000021, 36.54578544 ], [ 136.536561580000011, 36.54580086 ], [ 136.53651591000002, 36.54581387 ], [ 136.536452780000019, 36.54581659 ], [ 136.536419220000028, 36.54580947 ], [ 136.53638131, 36.5457882 ], [ 136.536327780000022, 36.545765 ], [ 136.536300950000026, 36.54576675 ], [ 136.53628956, 36.54578111 ], [ 136.53629003, 36.54580536 ], [ 136.53630669, 36.54582961 ], [ 136.536346690000016, 36.54585497 ], [ 136.53639872, 36.54587084 ], [ 136.536446980000022, 36.54589884 ], [ 136.53649805, 36.54593489 ], [ 136.536545360000019, 36.5459712 ], [ 136.536591360000017, 36.54602714 ], [ 136.536653160000014, 36.54611911 ], [ 136.5366875, 36.54618175 ], [ 136.53669192000001, 36.54621592 ], [ 136.53671241, 36.54637331 ], [ 136.536713060000011, 36.54637825 ], [ 136.536728760000017, 36.54645333 ], [ 136.53673161, 36.54649839 ], [ 136.53672936000001, 36.54655751 ], [ 136.536721140000026, 36.54662 ], [ 136.536719560000023, 36.54667786 ], [ 136.53671803, 36.54671425 ], [ 136.53670047, 36.54675672 ], [ 136.536676300000011, 36.54679111 ], [ 136.536613500000016, 36.54686241 ], [ 136.5365793, 36.54692161 ], [ 136.53657881, 36.54695353 ], [ 136.53659825, 36.54698131 ], [ 136.536663920000024, 36.54703861 ], [ 136.536732700000016, 36.54706941 ], [ 136.536796360000011, 36.54708084 ], [ 136.536891310000016, 36.54708133 ], [ 136.53699294, 36.54708072 ], [ 136.53711684000001, 36.54709336 ], [ 136.537208970000023, 36.54710872 ], [ 136.537309170000015, 36.547136 ], [ 136.53738438, 36.54715723 ], [ 136.537447300000025, 36.54718072 ], [ 136.537482550000021, 36.54719956 ], [ 136.537518, 36.54723489 ], [ 136.53755092, 36.54725328 ], [ 136.53757438, 36.54726547 ], [ 136.53759464, 36.54729028 ], [ 136.537627500000013, 36.54731531 ], [ 136.53764156, 36.54734423 ], [ 136.53765783, 36.54737603 ], [ 136.53766973, 36.54739675 ], [ 136.537678, 36.54742372 ], [ 136.53770248, 36.54744836 ], [ 136.53771445000001, 36.54747267 ], [ 136.537728080000022, 36.54755539 ], [ 136.53773652000001, 36.54761556 ], [ 136.53773275, 36.54768141 ], [ 136.53772064, 36.54774253 ], [ 136.53770053, 36.54779984 ], [ 136.53767639, 36.54784161 ], [ 136.537637720000021, 36.54787259 ], [ 136.537626030000013, 36.54790831 ], [ 136.53763623, 36.54794803 ], [ 136.53766674000002, 36.54799795 ], [ 136.537738440000027, 36.54806789 ], [ 136.53778953, 36.54813133 ], [ 136.53784672, 36.54820147 ], [ 136.537882500000023, 36.5482378 ], [ 136.537914090000015, 36.54824275 ], [ 136.537962610000022, 36.54823461 ], [ 136.538029640000019, 36.54820605 ], [ 136.538102410000022, 36.54818553 ], [ 136.538155500000016, 36.54817987 ], [ 136.53821776, 36.54817847 ], [ 136.53829872, 36.54819089 ], [ 136.53836031, 36.54820111 ], [ 136.53846601, 36.54821159 ], [ 136.538553450000023, 36.54822475 ], [ 136.538656740000022, 36.54825559 ], [ 136.53871759, 36.54828753 ], [ 136.538765970000014, 36.54831303 ], [ 136.538803800000011, 36.54834314 ], [ 136.538823, 36.54837344 ], [ 136.538806510000029, 36.5484239 ], [ 136.538793700000014, 36.54846313 ], [ 136.538793530000021, 36.54848313 ], [ 136.538906670000017, 36.5485798 ], [ 136.538956250000012, 36.54860872 ], [ 136.538988030000013, 36.54863125 ], [ 136.53902611, 36.54867417 ], [ 136.53904891000002, 36.54871033 ], [ 136.53907769, 36.54877087 ], [ 136.53911964, 36.54884823 ], [ 136.539141020000017, 36.54889575 ], [ 136.53915419, 36.54895322 ], [ 136.53916061000001, 36.54900084 ], [ 136.539159, 36.54903644 ], [ 136.539143380000013, 36.54907456 ], [ 136.53910122, 36.5491358 ], [ 136.539065620000031, 36.54915995 ], [ 136.53903416, 36.54918178 ], [ 136.53903008, 36.54920508 ], [ 136.539050730000014, 36.54922133 ], [ 136.539096390000026, 36.54926359 ], [ 136.53915489000002, 36.54930822 ], [ 136.539206830000012, 36.54933661 ], [ 136.539248860000015, 36.54936169 ], [ 136.539274550000016, 36.54938708 ], [ 136.539300560000015, 36.54942003 ], [ 136.53934795, 36.54945533 ], [ 136.53940406000001, 36.54950564 ], [ 136.539439580000021, 36.54953359 ], [ 136.539485840000026, 36.54957303 ], [ 136.539525160000011, 36.5496002 ], [ 136.53955603, 36.54962241 ], [ 136.539623260000013, 36.54964036 ], [ 136.539688910000024, 36.54965656 ], [ 136.539758560000024, 36.549691 ], [ 136.539799970000018, 36.54971987 ], [ 136.539849100000026, 36.54976295 ], [ 136.539897280000019, 36.54981536 ], [ 136.539955110000022, 36.54991697 ], [ 136.539994230000019, 36.54999917 ], [ 136.53999464, 36.55 ], [ 136.540000920000011, 36.5500132 ], [ 136.540032090000011, 36.55009384 ], [ 136.54004927, 36.55016414 ], [ 136.540055500000022, 36.55025069 ], [ 136.5400562, 36.55031656 ], [ 136.540048110000015, 36.55036528 ], [ 136.540036690000022, 36.55043589 ], [ 136.54003523, 36.55050753 ], [ 136.54003097, 36.55055023 ], [ 136.54002294, 36.55060369 ], [ 136.54002341, 36.55064344 ], [ 136.54001983, 36.5506848 ], [ 136.539997890000024, 36.55074641 ], [ 136.53996003, 36.55082741 ], [ 136.539919560000016, 36.55089047 ], [ 136.53988555, 36.550935 ], [ 136.53984995, 36.55100295 ], [ 136.53984781, 36.551045 ], [ 136.53986061, 36.55107725 ], [ 136.53986917, 36.551111 ], [ 136.539870080000014, 36.55116347 ], [ 136.53987586, 36.55118169 ], [ 136.53990097, 36.55121239 ], [ 136.539907559999989, 36.55123953 ], [ 136.53993577, 36.55131611 ], [ 136.539963640000025, 36.55136339 ], [ 136.5399908, 36.55137569 ], [ 136.54002555, 36.55137211 ], [ 136.540065670000018, 36.55134617 ], [ 136.54014380000001, 36.55131028 ], [ 136.54020728, 36.55129331 ], [ 136.540291140000022, 36.55128139 ], [ 136.540363920000033, 36.55127511 ], [ 136.5404383, 36.55127377 ], [ 136.54053542, 36.55128484 ], [ 136.540612090000025, 36.55129253 ], [ 136.54068942, 36.55131675 ], [ 136.54074083, 36.5513252 ], [ 136.54077211, 36.55132844 ], [ 136.540794920000025, 36.55134172 ], [ 136.5408237, 36.55135997 ], [ 136.540850120000016, 36.55136517 ], [ 136.540874620000011, 36.55136231 ], [ 136.540906690000014, 36.55137167 ], [ 136.540945720000025, 36.55140664 ], [ 136.5409837, 36.55142397 ], [ 136.541025500000018, 36.55144744 ], [ 136.541052090000022, 36.55147408 ], [ 136.541091780000016, 36.55148347 ], [ 136.541113110000026, 36.55149936 ], [ 136.541134530000022, 36.55152803 ], [ 136.541144480000014, 36.55154133 ], [ 136.54118086, 36.55157469 ], [ 136.54120975, 36.55162008 ], [ 136.541247860000027, 36.55170223 ], [ 136.541288760000015, 36.55182372 ], [ 136.541324550000013, 36.55194369 ], [ 136.541334230000018, 36.55207233 ], [ 136.54132494000001, 36.55215844 ], [ 136.54128742, 36.55225514 ], [ 136.54123053, 36.55233947 ], [ 136.54116167, 36.55241669 ], [ 136.54112706, 36.55245661 ], [ 136.54111058, 36.55247556 ], [ 136.54110309, 36.55250517 ], [ 136.54111881, 36.55252228 ], [ 136.541126500000018, 36.55252664 ], [ 136.54116708, 36.55254947 ], [ 136.54122783, 36.55259253 ], [ 136.541281700000013, 36.55263217 ], [ 136.54129531000001, 36.55264767 ], [ 136.541340250000019, 36.5526988 ], [ 136.541366610000011, 36.55273941 ], [ 136.541379080000013, 36.55278464 ], [ 136.54139314, 36.55281733 ], [ 136.541416030000022, 36.55283286 ], [ 136.541439530000019, 36.552853 ], [ 136.54145148, 36.55289678 ], [ 136.54146975, 36.55291589 ], [ 136.541523, 36.5529195 ], [ 136.54156387, 36.55292178 ], [ 136.54160733, 36.55291805 ], [ 136.541660580000013, 36.55292444 ], [ 136.541666670000012, 36.55292369 ], [ 136.541670220000015, 36.55292325 ], [ 136.54180761, 36.55290611 ], [ 136.541878780000019, 36.55290451 ], [ 136.541923890000021, 36.55290789 ], [ 136.54198248, 36.55291659 ], [ 136.542026420000013, 36.55293575 ], [ 136.54206803, 36.55294208 ], [ 136.54210623, 36.55295923 ], [ 136.542170660000011, 36.55298769 ], [ 136.54222983, 36.55300603 ], [ 136.542306670000016, 36.55303525 ], [ 136.54238014, 36.55306772 ], [ 136.54243075, 36.55309322 ], [ 136.54251808, 36.55313641 ], [ 136.542621020000013, 36.55318625 ], [ 136.542701890000018, 36.55324172 ], [ 136.542744470000031, 36.55328225 ], [ 136.542811, 36.55331414 ], [ 136.542857810000015, 36.55335647 ], [ 136.542897720000013, 36.55337903 ], [ 136.542940730000026, 36.5534088 ], [ 136.54297367, 36.55342339 ], [ 136.54299278000002, 36.55345017 ], [ 136.54301419, 36.55346759 ], [ 136.54306453, 36.55348767 ], [ 136.54312053000001, 36.55352267 ], [ 136.543172090000013, 36.55355944 ], [ 136.54323394, 36.55358769 ], [ 136.543285380000015, 36.5536232 ], [ 136.54335795, 36.55367017 ], [ 136.543422970000023, 36.55371241 ], [ 136.543483650000013, 36.55375339 ], [ 136.543565140000027, 36.55380041 ], [ 136.543628610000013, 36.55385147 ], [ 136.5436755, 36.55391156 ], [ 136.543725720000026, 36.55395887 ], [ 136.54377881, 36.55400989 ], [ 136.54381822000002, 36.55405289 ], [ 136.54387134000001, 36.55411733 ], [ 136.54391361, 36.55417992 ], [ 136.5439518, 36.55425231 ], [ 136.54398294, 36.554338 ], [ 136.543999750000012, 36.5544018 ], [ 136.54400983, 36.55448208 ], [ 136.5440117, 36.55455417 ], [ 136.544010470000018, 36.5546242 ], [ 136.54399114, 36.55469592 ], [ 136.54396623, 36.55475031 ], [ 136.543922220000013, 36.55481947 ], [ 136.543885620000026, 36.55485633 ], [ 136.543851360000019, 36.5548932 ], [ 136.543839360000021, 36.55492728 ], [ 136.543845280000028, 36.55494211 ], [ 136.54385786, 36.5549738 ], [ 136.54389839000001, 36.55500572 ], [ 136.54390852, 36.55500903 ], [ 136.543951310000011, 36.55502277 ], [ 136.54397942, 36.55504239 ], [ 136.544009800000026, 36.55508311 ], [ 136.54405136, 36.55512369 ], [ 136.544100360000016, 36.55515764 ], [ 136.544136260000016, 36.5552372 ], [ 136.544168860000013, 36.55530941 ], [ 136.544186390000021, 36.55533572 ], [ 136.544216810000023, 36.55533472 ], [ 136.54423053, 36.55533425 ], [ 136.544292310000031, 36.55532133 ], [ 136.54438497000001, 36.55531397 ], [ 136.54446895, 36.55531775 ], [ 136.544557390000023, 36.55533497 ], [ 136.544635840000012, 36.55535917 ], [ 136.544700270000021, 36.55538717 ], [ 136.544761830000027, 36.55542831 ], [ 136.544823310000027, 36.55547984 ], [ 136.544882700000016, 36.55554214 ], [ 136.544929950000011, 36.555597 ], [ 136.544954140000016, 36.55565833 ], [ 136.544971920000023, 36.555726 ], [ 136.54497795, 36.55578417 ], [ 136.54496659, 36.55583531 ], [ 136.54494438, 36.55587311 ], [ 136.54490569, 36.555905 ], [ 136.54486983000001, 36.555936 ], [ 136.544857420000028, 36.55596422 ], [ 136.544875640000015, 36.555992 ], [ 136.544914670000026, 36.5560278 ], [ 136.544952750000022, 36.5560708 ], [ 136.54498917, 36.55609867 ], [ 136.54501772, 36.55613289 ], [ 136.54503689, 36.55616469 ], [ 136.54508103, 36.55621775 ], [ 136.54510934000001, 36.55625475 ], [ 136.54514341, 36.5562808 ], [ 136.545172330000014, 36.55628275 ], [ 136.545243380000016, 36.55626817 ], [ 136.545312970000026, 36.55624347 ], [ 136.5453908, 36.55623053 ], [ 136.545455380000021, 36.55622917 ], [ 136.54554898, 36.55623397 ], [ 136.545633580000015, 36.55624117 ], [ 136.545773530000019, 36.5562728 ], [ 136.545861050000013, 36.55629156 ], [ 136.54592686, 36.55631984 ], [ 136.54599625, 36.55636003 ], [ 136.546043700000013, 36.55638967 ], [ 136.546091750000016, 36.55641561 ], [ 136.546119560000022, 36.55643105 ], [ 136.546171720000018, 36.55645836 ], [ 136.546005330000014, 36.55662017 ], [ 136.54594756, 36.556721 ], [ 136.545997780000022, 36.55673972 ], [ 136.546056350000015, 36.55663747 ], [ 136.54621781, 36.55648143 ], [ 136.54627975, 36.55654013 ], [ 136.54634153, 36.55659867 ], [ 136.54634139, 36.55662931 ], [ 136.54636158, 36.55667603 ], [ 136.546401700000018, 36.55672859 ], [ 136.54644234, 36.55677295 ], [ 136.54646764, 36.55682123 ], [ 136.54649742, 36.55685714 ], [ 136.54654625, 36.55693753 ], [ 136.546579580000014, 36.55701817 ], [ 136.546591410000019, 36.55705889 ], [ 136.546624970000011, 36.55713828 ], [ 136.54663614, 36.55719511 ], [ 136.54662934000001, 36.55730484 ], [ 136.54658477000001, 36.55739987 ], [ 136.54654781, 36.55744339 ], [ 136.546484860000021, 36.55750669 ], [ 136.546421630000026, 36.55754744 ], [ 136.546384140000015, 36.55756969 ], [ 136.54637567, 36.55758128 ], [ 136.546363360000015, 36.55759789 ], [ 136.546370360000026, 36.55762964 ], [ 136.546453110000016, 36.55770389 ], [ 136.546526500000027, 36.55777608 ], [ 136.54655764, 36.55777769 ], [ 136.546626160000017, 36.55774436 ], [ 136.546681, 36.5577058 ], [ 136.54678003, 36.55768253 ], [ 136.54685964, 36.55767303 ], [ 136.54693484, 36.55767125 ], [ 136.54702294, 36.5576772 ], [ 136.547114890000017, 36.55768875 ], [ 136.547169880000013, 36.55769841 ], [ 136.547240610000017, 36.557725 ], [ 136.54730047000001, 36.55775469 ], [ 136.547334450000022, 36.55776831 ], [ 136.547392750000029, 36.557797 ], [ 136.54744294, 36.55783367 ], [ 136.547496250000023, 36.55786144 ], [ 136.547547660000021, 36.55788567 ], [ 136.54760542, 36.55792589 ], [ 136.54766014, 36.55797141 ], [ 136.54772361000002, 36.55800987 ], [ 136.547770970000016, 36.5580542 ], [ 136.547815720000017, 36.55809887 ], [ 136.547870830000022, 36.55813808 ], [ 136.54791745, 36.55817753 ], [ 136.54798292000001, 36.55824408 ], [ 136.54804027000003, 36.55830831 ], [ 136.548061530000012, 36.55833247 ], [ 136.548062280000011, 36.55833333 ], [ 136.548081240000016, 36.55835492 ], [ 136.54812114, 36.5583965 ], [ 136.548155620000017, 36.55845525 ], [ 136.54820817, 36.55850636 ], [ 136.548254230000026, 36.55855777 ], [ 136.548321970000018, 36.55862292 ], [ 136.548376640000015, 36.5586725 ], [ 136.548425580000014, 36.55872828 ], [ 136.54845462, 36.55878495 ], [ 136.54849436, 36.55885669 ], [ 136.54852872, 36.55890789 ], [ 136.54857039, 36.55896405 ], [ 136.548610390000022, 36.55903061 ], [ 136.54863973, 36.55907953 ], [ 136.54865511, 36.55913808 ], [ 136.54866261, 36.55919408 ], [ 136.548669360000019, 36.55925659 ], [ 136.548669640000014, 36.55932047 ], [ 136.54866272000001, 36.55937767 ], [ 136.54865798, 36.55939756 ], [ 136.54859817000002, 36.55947223 ], [ 136.54855409000001, 36.55952231 ], [ 136.54854161, 36.55954628 ], [ 136.54854864, 36.55957705 ], [ 136.548589100000015, 36.55960089 ], [ 136.548631280000023, 36.55963617 ], [ 136.548653530000024, 36.5596735 ], [ 136.548689640000021, 36.55971233 ], [ 136.548705250000012, 36.55975831 ], [ 136.54871294, 36.55981556 ], [ 136.548740580000015, 36.55985392 ], [ 136.54877703, 36.55987764 ], [ 136.548810700000018, 36.55987375 ], [ 136.54888614, 36.55984053 ], [ 136.548942830000016, 36.55981944 ], [ 136.54900795, 36.5598078 ], [ 136.54910464, 36.55981264 ], [ 136.549211480000025, 36.55982256 ], [ 136.54932847, 36.55984733 ], [ 136.549383670000026, 36.5598732 ], [ 136.549511970000026, 36.55992289 ], [ 136.549593890000011, 36.55996117 ], [ 136.54968864, 36.56001392 ], [ 136.54977808000001, 36.56008956 ], [ 136.549823550000013, 36.5601472 ], [ 136.549848950000012, 36.56019933 ], [ 136.549862750000017, 36.56026105 ], [ 136.54986044, 36.5603262 ], [ 136.54984711, 36.56037092 ], [ 136.54983630000001, 36.56040969 ], [ 136.549844090000022, 36.56044408 ], [ 136.54988008, 36.56048139 ], [ 136.549915160000012, 36.56052528 ], [ 136.549945470000011, 36.5605752 ], [ 136.5499945, 36.56066439 ], [ 136.55, 36.56067113 ], [ 136.550003550000014, 36.5606755 ], [ 136.550053890000015, 36.56073717 ], [ 136.550067080000019, 36.56076372 ], [ 136.55008236, 36.56079641 ], [ 136.550121850000011, 36.56084422 ], [ 136.550151090000014, 36.56086672 ], [ 136.55021097, 36.56086297 ], [ 136.55027659000001, 36.56087395 ], [ 136.55032706, 36.5608778 ], [ 136.55037725, 36.56087247 ], [ 136.55043895, 36.56090003 ], [ 136.55052455, 36.56092453 ], [ 136.550577170000025, 36.56095164 ], [ 136.550628390000014, 36.5609738 ], [ 136.55067097, 36.5609862 ], [ 136.550692410000011, 36.56101405 ], [ 136.550733720000011, 36.56103251 ], [ 136.55078189, 36.56104239 ], [ 136.550807610000021, 36.56106992 ], [ 136.55085211, 36.56109203 ], [ 136.550899250000015, 36.56113375 ], [ 136.550956300000024, 36.561179 ], [ 136.55100250000001, 36.56121484 ], [ 136.551044640000015, 36.561243 ], [ 136.55107283000001, 36.56127892 ], [ 136.55112745, 36.56130723 ], [ 136.55115681, 36.56132695 ], [ 136.55117956, 36.5613568 ], [ 136.551221390000023, 36.56138153 ], [ 136.55123927, 36.56140569 ], [ 136.551250340000024, 36.56143487 ], [ 136.55130503, 36.56146947 ], [ 136.55136847, 36.56154161 ], [ 136.55140949, 36.56159239 ], [ 136.55144039000001, 36.56164247 ], [ 136.551458640000021, 36.56165267 ], [ 136.551478980000013, 36.56166575 ], [ 136.55148786, 36.56167328 ], [ 136.55159733, 36.56178613 ], [ 136.551584890000015, 36.56179247 ], [ 136.551570610000027, 36.56179005 ], [ 136.551560920000014, 36.56178623 ], [ 136.55154558000001, 36.56177505 ], [ 136.551497660000024, 36.56171703 ], [ 136.551486470000015, 36.5617068 ], [ 136.55147623000002, 36.56170205 ], [ 136.55146872, 36.56170444 ], [ 136.55146786, 36.561714 ], [ 136.55147211, 36.56172717 ], [ 136.55151917, 36.56181105 ], [ 136.551555620000016, 36.56186269 ], [ 136.55158516000003, 36.56189684 ], [ 136.551629780000013, 36.56193617 ], [ 136.55165531, 36.561983 ], [ 136.551696300000032, 36.56201367 ], [ 136.551721360000016, 36.5620522 ], [ 136.55175591, 36.56208725 ], [ 136.55177183, 36.56210967 ], [ 136.551786610000022, 36.56214922 ], [ 136.551839420000022, 36.56222275 ], [ 136.55187584, 36.56229461 ], [ 136.55190891, 36.56234786 ], [ 136.55193202000001, 36.56240728 ], [ 136.55194997000001, 36.56246803 ], [ 136.55197272, 36.56252969 ], [ 136.55198934, 36.5625768 ], [ 136.55199815, 36.56264951 ], [ 136.55199997, 36.56270205 ], [ 136.552003190000022, 36.56274731 ], [ 136.552019, 36.56279641 ], [ 136.552037370000022, 36.56283275 ], [ 136.552043280000021, 36.56288956 ], [ 136.55204778, 36.56295733 ], [ 136.55204070000002, 36.56301851 ], [ 136.55204047, 36.56306031 ], [ 136.55203197000003, 36.56311939 ], [ 136.55200492000003, 36.56317728 ], [ 136.55199234, 36.56322741 ], [ 136.55197328, 36.56326384 ], [ 136.551952390000025, 36.56329344 ], [ 136.551967760000025, 36.56332653 ], [ 136.552009200000015, 36.56334189 ], [ 136.552039880000024, 36.56336061 ], [ 136.55209503, 36.56337928 ], [ 136.552162870000018, 36.56340467 ], [ 136.55223039, 36.5634408 ], [ 136.552295010000023, 36.56347772 ], [ 136.55233175, 36.56350764 ], [ 136.55236783, 36.56353667 ], [ 136.552401700000019, 36.56356361 ], [ 136.55244339, 36.56360205 ], [ 136.552478520000022, 36.56363892 ], [ 136.55250903000001, 36.56369467 ], [ 136.552541030000015, 36.56373133 ], [ 136.55254542, 36.56377056 ], [ 136.552564330000024, 36.56382203 ], [ 136.552585890000017, 36.56385053 ], [ 136.552604620000011, 36.56388495 ], [ 136.552642750000018, 36.56392103 ], [ 136.552677660000029, 36.56396841 ], [ 136.552687170000013, 36.56399569 ], [ 136.552705160000016, 36.56405059 ], [ 136.552722970000019, 36.56407492 ], [ 136.552731920000014, 36.564101 ], [ 136.55274995, 36.56412417 ], [ 136.55276428, 36.56415092 ], [ 136.552796030000025, 36.56420172 ], [ 136.55281922, 36.5642215 ], [ 136.552840170000025, 36.56424431 ], [ 136.55287881000001, 36.56429031 ], [ 136.55290377, 36.56431089 ], [ 136.55293497, 36.56432186 ], [ 136.55295859, 36.56434261 ], [ 136.552977520000013, 36.56436517 ], [ 136.55305202, 36.56442169 ], [ 136.553080530000017, 36.56443625 ], [ 136.553140730000024, 36.56446541 ], [ 136.553199920000026, 36.56449672 ], [ 136.55325442, 36.56452897 ], [ 136.55328355, 36.56454311 ], [ 136.553348170000021, 36.56456823 ], [ 136.55341536, 36.56459036 ], [ 136.55348097000001, 36.56461531 ], [ 136.553544360000018, 36.56463889 ], [ 136.553605690000012, 36.56466544 ], [ 136.55363416, 36.5646835 ], [ 136.553694810000025, 36.56471339 ], [ 136.5537227, 36.56473111 ], [ 136.553773330000013, 36.56476984 ], [ 136.553820950000016, 36.56481144 ], [ 136.55386428, 36.56485511 ], [ 136.55390817, 36.5649005 ], [ 136.553950250000014, 36.56494595 ], [ 136.55399528, 36.56498997 ], [ 136.554013640000022, 36.56501377 ], [ 136.55405348, 36.56506275 ], [ 136.554096250000015, 36.56510695 ], [ 136.554138110000025, 36.56515123 ], [ 136.554169340000016, 36.56520186 ], [ 136.55419942, 36.56525364 ], [ 136.554227500000025, 36.5653048 ], [ 136.554251530000016, 36.56536089 ], [ 136.554268300000018, 36.56541533 ], [ 136.554286420000011, 36.56547022 ], [ 136.554292700000019, 36.56549764 ], [ 136.554308110000022, 36.56555297 ], [ 136.554320640000014, 36.56557897 ], [ 136.554339920000018, 36.56560169 ], [ 136.554353330000026, 36.56562664 ], [ 136.55437917, 36.56568022 ], [ 136.554408030000019, 36.565732 ], [ 136.55443711, 36.56578505 ], [ 136.554453220000028, 36.56580984 ], [ 136.55449397000001, 36.56585692 ], [ 136.55452066, 36.56587336 ], [ 136.554577060000014, 36.56590547 ], [ 136.55463647000002, 36.56593461 ], [ 136.55469942000002, 36.56595772 ], [ 136.55476416, 36.56597869 ], [ 136.554831950000022, 36.56599636 ], [ 136.55489817, 36.56601453 ], [ 136.554965160000023, 36.56603192 ], [ 136.555032610000012, 36.566052 ], [ 136.555095670000014, 36.56607567 ], [ 136.55515713, 36.56610022 ], [ 136.555185500000022, 36.56611623 ], [ 136.555243140000016, 36.56614508 ], [ 136.55529997, 36.56617667 ], [ 136.5553262, 36.56619669 ], [ 136.55537616, 36.56623356 ], [ 136.55538438, 36.56623908 ], [ 136.555429300000014, 36.56626905 ], [ 136.555484450000023, 36.56630423 ], [ 136.55553597, 36.56634225 ], [ 136.55559112, 36.56637931 ], [ 136.555647, 36.56641628 ], [ 136.55569044, 36.56644586 ], [ 136.55573042, 36.56647733 ], [ 136.555775860000011, 36.56651136 ], [ 136.555827420000014, 36.56654769 ], [ 136.55587961, 36.56658741 ], [ 136.55589808000002, 36.56661078 ], [ 136.5559225, 36.56662964 ], [ 136.555976030000011, 36.5666658 ], [ 136.55597642, 36.56666605 ], [ 136.555977080000019, 36.56666667 ], [ 136.55602134, 36.56670803 ], [ 136.55605691, 36.5667565 ], [ 136.55607584, 36.56677922 ], [ 136.556121780000012, 36.566821 ], [ 136.556164670000015, 36.56686475 ], [ 136.55618908, 36.56688553 ], [ 136.556205080000012, 36.56691184 ], [ 136.55623272, 36.56696225 ], [ 136.556267080000026, 36.56701172 ], [ 136.55630728, 36.5670578 ], [ 136.55634691, 36.56710369 ], [ 136.556384970000011, 36.56715184 ], [ 136.556424140000018, 36.56719728 ], [ 136.55644847, 36.56721633 ], [ 136.55649331, 36.56724578 ], [ 136.556569950000011, 36.56728622 ], [ 136.556614140000022, 36.567314 ], [ 136.55665983, 36.56733817 ], [ 136.556699470000012, 36.56737123 ], [ 136.556738490000015, 36.56739597 ], [ 136.556759780000021, 36.56742184 ], [ 136.556768420000026, 36.56745064 ], [ 136.55677538, 36.56748884 ], [ 136.556798860000015, 36.5675165 ], [ 136.556831280000011, 36.56753703 ], [ 136.556904230000015, 36.56757992 ], [ 136.55695183, 36.56761461 ], [ 136.556984920000019, 36.56764175 ], [ 136.55700250000001, 36.5676652 ], [ 136.557010510000026, 36.5676832 ], [ 136.55701961, 36.56769441 ], [ 136.557020890000018, 36.56769508 ], [ 136.557033170000011, 36.56771017 ], [ 136.557064420000017, 36.56774509 ], [ 136.55809248, 36.56719636 ], [ 136.558333330000011, 36.56710525 ], [ 136.55833691, 36.56710389 ], [ 136.558595810000014, 36.5670058 ], [ 136.558765250000022, 36.5669258 ], [ 136.55892053, 36.56683414 ], [ 136.55904608, 36.56677608 ], [ 136.55928314, 36.56666667 ], [ 136.559285010000025, 36.5666658 ], [ 136.559772480000021, 36.5664408 ], [ 136.561118030000017, 36.56586441 ], [ 136.562181360000011, 36.56533775 ], [ 136.563103860000012, 36.5648758 ], [ 136.56382358, 36.56449775 ], [ 136.56404747000002, 36.56437997 ], [ 136.56418156, 36.56430964 ], [ 136.56425163000003, 36.56427275 ], [ 136.564661090000016, 36.56414664 ], [ 136.56567275, 36.56384525 ], [ 136.565856350000018, 36.56371164 ], [ 136.566303310000023, 36.56345192 ], [ 136.566534140000016, 36.56335664 ], [ 136.566666670000018, 36.56331922 ], [ 136.566670250000016, 36.56331823 ], [ 136.566779140000023, 36.56328747 ], [ 136.56681414000002, 36.56327775 ], [ 136.56688691, 36.5632572 ], [ 136.5676583, 36.56304359 ], [ 136.567644420000022, 36.56295192 ], [ 136.567672750000014, 36.56274941 ], [ 136.56766803, 36.56254747 ], [ 136.567536350000012, 36.56239469 ], [ 136.567511090000011, 36.56204331 ], [ 136.56750331, 36.56193664 ], [ 136.56752219, 36.56171525 ], [ 136.567555250000026, 36.56154331 ], [ 136.567578590000011, 36.56136386 ], [ 136.56840664, 36.56136386 ], [ 136.568670250000025, 36.56134859 ], [ 136.569479420000022, 36.56136386 ], [ 136.569503020000013, 36.56146303 ], [ 136.56946553, 36.56159664 ], [ 136.56945608, 36.56180303 ], [ 136.56961136000001, 36.56195941 ], [ 136.570660800000013, 36.56197859 ], [ 136.57156859, 36.56200525 ], [ 136.57176167, 36.56200553 ], [ 136.57243917, 36.56205525 ], [ 136.572838890000014, 36.56208025 ], [ 136.573540270000024, 36.56212386 ], [ 136.574354160000013, 36.56213164 ], [ 136.574848340000017, 36.56215441 ], [ 136.575, 36.56219125 ], [ 136.57500361000001, 36.56219213 ], [ 136.57530472, 36.56226525 ], [ 136.57560584, 36.56240275 ], [ 136.57650917, 36.56277692 ], [ 136.576665280000014, 36.56283359 ], [ 136.576739730000014, 36.5628608 ], [ 136.576833890000017, 36.56281359 ], [ 136.57687611, 36.5627922 ], [ 136.57689861, 36.56275108 ], [ 136.57695139, 36.56265469 ], [ 136.57703139, 36.56246359 ], [ 136.577191390000024, 36.56192525 ], [ 136.577210270000023, 36.56178414 ], [ 136.577473890000022, 36.56092914 ], [ 136.577497500000021, 36.56076887 ], [ 136.577615010000017, 36.56039469 ], [ 136.57775611, 36.55987914 ], [ 136.57777973, 36.55972636 ], [ 136.57787861, 36.55936387 ], [ 136.57788333000002, 36.5592572 ], [ 136.57787861, 36.55897831 ], [ 136.57779389, 36.55847831 ], [ 136.57777815, 36.55833333 ], [ 136.57777805, 36.55833247 ], [ 136.577767780000016, 36.55823775 ], [ 136.57776555, 36.55821859 ], [ 136.577808050000016, 36.55812692 ], [ 136.5778975, 36.5580772 ], [ 136.578198610000015, 36.55807359 ], [ 136.578292780000027, 36.55804664 ], [ 136.57833027, 36.55787887 ], [ 136.578320830000024, 36.55764997 ], [ 136.578452780000021, 36.5575622 ], [ 136.57870195000001, 36.55751247 ], [ 136.57887639, 36.55743359 ], [ 136.579031390000011, 36.55736359 ], [ 136.579389170000013, 36.55733303 ], [ 136.57961973, 36.55731025 ], [ 136.579812780000026, 36.55731775 ], [ 136.58065944, 36.55726053 ], [ 136.580908890000018, 36.55725275 ], [ 136.58103112, 36.55713441 ], [ 136.580748880000016, 36.55648913 ], [ 136.58065973, 36.5563022 ], [ 136.580583330000024, 36.55607053 ], [ 136.580551360000015, 36.55597413 ], [ 136.580476080000011, 36.55551969 ], [ 136.58032080000001, 36.55442025 ], [ 136.580269140000013, 36.5540958 ], [ 136.580146360000015, 36.5531908 ], [ 136.58004803, 36.55246553 ], [ 136.580010250000015, 36.55230164 ], [ 136.580038590000015, 36.55211831 ], [ 136.580085520000011, 36.55194664 ], [ 136.58009497, 36.55125553 ], [ 136.58012803, 36.5510608 ], [ 136.580113860000012, 36.5503472 ], [ 136.58014664, 36.55017136 ], [ 136.58014664, 36.55003775 ], [ 136.580140780000022, 36.55 ], [ 136.58014064, 36.54999913 ], [ 136.580126080000014, 36.54990525 ], [ 136.580029140000022, 36.54927803 ], [ 136.57996803, 36.54913692 ], [ 136.579953860000018, 36.54877803 ], [ 136.57979859, 36.54807941 ], [ 136.579774970000017, 36.54772831 ], [ 136.579774970000017, 36.54712136 ], [ 136.579774970000017, 36.54701413 ], [ 136.579803310000017, 36.54694941 ], [ 136.579906640000019, 36.54695303 ], [ 136.57991053, 36.54695692 ], [ 136.57997720000003, 36.5470258 ], [ 136.57999608, 36.54720887 ], [ 136.58012331, 36.54772441 ], [ 136.580137200000024, 36.54785803 ], [ 136.58028776, 36.5480108 ], [ 136.580345530000017, 36.54817192 ], [ 136.580490250000025, 36.54857553 ], [ 136.580555810000021, 36.54863887 ], [ 136.58073497, 36.5488122 ], [ 136.581045530000011, 36.54905664 ], [ 136.58134192, 36.54939636 ], [ 136.58145497000001, 36.54957969 ], [ 136.581549140000021, 36.54979359 ], [ 136.58162442, 36.54998053 ], [ 136.581629220000025, 36.54999913 ], [ 136.58162944, 36.55 ], [ 136.581685530000016, 36.5502172 ], [ 136.58173720000002, 36.55062553 ], [ 136.581845250000015, 36.5511408 ], [ 136.58191109, 36.55118664 ], [ 136.582584140000023, 36.55124413 ], [ 136.58285691, 36.55126303 ], [ 136.58292830000002, 36.55127387 ], [ 136.583333330000016, 36.55133567 ], [ 136.583336910000014, 36.55133623 ], [ 136.58355803, 36.55136997 ], [ 136.58359109, 36.55137913 ], [ 136.58370331, 36.55141053 ], [ 136.58387331, 36.55145775 ], [ 136.583976910000018, 36.55162969 ], [ 136.58431109, 36.55162969 ], [ 136.584351920000017, 36.55162803 ], [ 136.584715530000011, 36.55161441 ], [ 136.5849508, 36.55153803 ], [ 136.585868300000016, 36.55117941 ], [ 136.58609698, 36.55110295 ], [ 136.58625523, 36.55102659 ], [ 136.586474330000016, 36.55094036 ], [ 136.58715905, 36.55068664 ], [ 136.58729603, 36.55067925 ], [ 136.58740248, 36.55063331 ], [ 136.587802190000019, 36.55045387 ], [ 136.58789066, 36.5504005 ], [ 136.58833436, 36.55 ], [ 136.588335300000011, 36.54999913 ], [ 136.588343310000027, 36.54999192 ], [ 136.588395250000019, 36.54985831 ], [ 136.588389140000032, 36.5498158 ], [ 136.5883608, 36.54962359 ], [ 136.588343310000027, 36.54950331 ], [ 136.588329140000013, 36.54922108 ], [ 136.58830581, 36.54879331 ], [ 136.58923275, 36.54878969 ], [ 136.58967497, 36.54882775 ], [ 136.589678860000021, 36.54875192 ], [ 136.589683310000026, 36.54866664 ], [ 136.58969248, 36.5484872 ], [ 136.589698590000012, 36.54836969 ], [ 136.59069747, 36.5483922 ], [ 136.59070553, 36.54839247 ], [ 136.590874690000021, 36.54835053 ], [ 136.590879420000022, 36.5482322 ], [ 136.59090803, 36.54767859 ], [ 136.590936350000021, 36.54747247 ], [ 136.591058300000014, 36.54732387 ], [ 136.591472480000022, 36.54693441 ], [ 136.59166667, 36.54664305 ], [ 136.591670250000021, 36.54663767 ], [ 136.591877200000027, 36.5463272 ], [ 136.591933579999989, 36.54607136 ], [ 136.592008860000021, 36.54590331 ], [ 136.59202302, 36.5458272 ], [ 136.59215942, 36.5456172 ], [ 136.5921783, 36.54544525 ], [ 136.59217358, 36.5452622 ], [ 136.59225859, 36.54514914 ], [ 136.592380530000014, 36.54498747 ], [ 136.592366640000023, 36.54481941 ], [ 136.59230997, 36.54463608 ], [ 136.59230997, 36.54444525 ], [ 136.59237109, 36.54417803 ], [ 136.59254053, 36.5437808 ], [ 136.59262053, 36.54358608 ], [ 136.59274302, 36.54344497 ], [ 136.593147760000022, 36.54282664 ], [ 136.593166350000018, 36.54245636 ], [ 136.59324192, 36.54234941 ], [ 136.59338302, 36.54223108 ], [ 136.59354302, 36.54204775 ], [ 136.593623310000027, 36.54184247 ], [ 136.593691830000012, 36.54166667 ], [ 136.593692170000025, 36.5416658 ], [ 136.59369358, 36.5416622 ], [ 136.593924140000013, 36.54162387 ], [ 136.594135810000012, 36.54158969 ], [ 136.59437109000001, 36.54155136 ], [ 136.59437136, 36.54155108 ], [ 136.59441358, 36.54149803 ], [ 136.59436636, 36.54113136 ], [ 136.594291090000013, 36.54092913 ], [ 136.59417830000001, 36.54071553 ], [ 136.594129690000017, 36.54063192 ], [ 136.59401358, 36.54043303 ], [ 136.593778300000025, 36.54007413 ], [ 136.593637200000018, 36.53989469 ], [ 136.59338302, 36.53953969 ], [ 136.59339497000002, 36.53940441 ], [ 136.593411089999989, 36.53922275 ], [ 136.593378300000012, 36.53915387 ], [ 136.593204140000012, 36.53905859 ], [ 136.593044420000012, 36.53897441 ], [ 136.59283747, 36.53871859 ], [ 136.59243304, 36.53783608 ], [ 136.59213262, 36.53726427 ], [ 136.592177430000021, 36.53723978 ], [ 136.592150490000023, 36.53718198 ], [ 136.59211572000001, 36.53710833 ], [ 136.59207226, 36.5370424 ], [ 136.592009070000017, 36.53697394 ], [ 136.591940390000019, 36.53692132 ], [ 136.59187086, 36.53688134 ], [ 136.59183521, 36.53686591 ], [ 136.5917642, 36.53684318 ], [ 136.59166667, 36.53681928 ], [ 136.591646850000018, 36.53681442 ], [ 136.591574710000032, 36.53680811 ], [ 136.591557310000013, 36.5368039 ], [ 136.59143997000001, 36.53679619 ], [ 136.591203190000016, 36.53677724 ], [ 136.591061500000023, 36.53676742 ], [ 136.590967630000023, 36.53676182 ], [ 136.590886800000021, 36.5367541 ], [ 136.590623060000013, 36.53673025 ], [ 136.590452700000014, 36.53671623 ], [ 136.59040228, 36.53681793 ], [ 136.59025746, 36.5368018 ], [ 136.59020009, 36.53679549 ], [ 136.590147070000029, 36.53678215 ], [ 136.590125340000014, 36.53677935 ], [ 136.59000973, 36.53677233 ], [ 136.58994193, 36.53676462 ], [ 136.589847180000021, 36.53675901 ], [ 136.589628740000023, 36.53673796 ], [ 136.589505300000013, 36.53672885 ], [ 136.58943751000001, 36.53672113 ], [ 136.589354320000012, 36.53670472 ], [ 136.58932564, 36.536697 ], [ 136.589239580000026, 36.53666613 ], [ 136.589241320000014, 36.53665913 ], [ 136.589144840000017, 36.53661142 ], [ 136.58908747000001, 36.53654339 ], [ 136.589089210000026, 36.53652514 ], [ 136.588043460000023, 36.53640958 ], [ 136.58757467, 36.53619584 ], [ 136.58739995, 36.53643389 ], [ 136.58732272, 36.53653889 ], [ 136.586861610000028, 36.536325 ], [ 136.586555500000031, 36.53619972 ], [ 136.58634856, 36.536115 ], [ 136.586339110000011, 36.53689 ], [ 136.586282720000014, 36.53692833 ], [ 136.585463840000017, 36.53689777 ], [ 136.585205230000014, 36.53686723 ], [ 136.585233280000011, 36.53669167 ], [ 136.58522384, 36.53623333 ], [ 136.585148560000022, 36.53550056 ], [ 136.58516189, 36.53534695 ], [ 136.585172170000021, 36.53522944 ], [ 136.58520202, 36.5346824 ], [ 136.58529458000001, 36.53468238 ], [ 136.58532847, 36.53468168 ], [ 136.585336290000015, 36.53346986 ], [ 136.585236470000012, 36.53346969 ], [ 136.585239930000029, 36.53333333 ], [ 136.58527167, 36.53208352 ], [ 136.585282100000029, 36.53202671 ], [ 136.58529253, 36.5319436 ], [ 136.585404220000015, 36.53167887 ], [ 136.58540335, 36.53165712 ], [ 136.585386840000012, 36.53162906 ], [ 136.585356420000011, 36.53153439 ], [ 136.585557780000016, 36.53142309 ], [ 136.58560916, 36.53143616 ], [ 136.585685230000024, 36.53145751 ], [ 136.585785500000014, 36.53148222 ], [ 136.585900220000013, 36.53151084 ], [ 136.585972170000019, 36.53152861 ], [ 136.58606272, 36.53155084 ], [ 136.586179110000018, 36.53157972 ], [ 136.58631105, 36.53161805 ], [ 136.586720510000021, 36.53168277 ], [ 136.58713189, 36.53181139 ], [ 136.587252440000015, 36.53184917 ], [ 136.587268, 36.53185417 ], [ 136.58750161, 36.53192722 ], [ 136.58757655, 36.53194731 ], [ 136.58770411, 36.53198139 ], [ 136.58794717, 36.53204611 ], [ 136.58795633, 36.53204861 ], [ 136.58806328, 36.53207723 ], [ 136.588258560000014, 36.53212917 ], [ 136.588384670000011, 36.53216278 ], [ 136.588531890000013, 36.53220222 ], [ 136.588664940000029, 36.53225444 ], [ 136.58873939, 36.53228361 ], [ 136.58884244, 36.53232417 ], [ 136.588969390000017, 36.53235111 ], [ 136.589051050000023, 36.53234417 ], [ 136.589239390000017, 36.53232777 ], [ 136.58936939, 36.53231667 ], [ 136.58960467, 36.53233944 ], [ 136.58988577, 36.53234251 ], [ 136.589967170000023, 36.53234333 ], [ 136.590145770000021, 36.53238528 ], [ 136.590247440000013, 36.53239195 ], [ 136.59049411, 36.53240833 ], [ 136.590534110000021, 36.53232167 ], [ 136.590623280000017, 36.53212861 ], [ 136.59064939000001, 36.53207223 ], [ 136.590703280000014, 36.53138277 ], [ 136.59071189, 36.53127361 ], [ 136.590724670000014, 36.53111028 ], [ 136.59076244000002, 36.53069417 ], [ 136.59078577, 36.53028944 ], [ 136.59072633, 36.53008667 ], [ 136.590696330000014, 36.52998417 ], [ 136.590513, 36.52960611 ], [ 136.590508560000018, 36.52958667 ], [ 136.590470510000017, 36.52941889 ], [ 136.59049411, 36.52912528 ], [ 136.590522440000029, 36.52878556 ], [ 136.59059689, 36.52857472 ], [ 136.590668280000017, 36.52837305 ], [ 136.59079523, 36.52822028 ], [ 136.590879950000016, 36.52814028 ], [ 136.59112467, 36.52761723 ], [ 136.591157720000012, 36.52747195 ], [ 136.59121411000001, 36.52727361 ], [ 136.59127995, 36.52714 ], [ 136.591336330000019, 36.526915 ], [ 136.59115467, 36.52691639 ], [ 136.590894110000022, 36.52691861 ], [ 136.590682440000023, 36.52692639 ], [ 136.590155230000022, 36.52690723 ], [ 136.589867450000014, 36.52682444 ], [ 136.589623550000027, 36.52675444 ], [ 136.589167440000011, 36.52675444 ], [ 136.58850856, 36.52678139 ], [ 136.588292170000017, 36.52678139 ], [ 136.587769660000021, 36.52682695 ], [ 136.587562170000012, 36.52686777 ], [ 136.58747689, 36.52688472 ], [ 136.58719105000003, 36.52694139 ], [ 136.587082720000012, 36.52693751 ], [ 136.586903840000019, 36.52696417 ], [ 136.586678, 36.52694889 ], [ 136.586646060000021, 36.52694611 ], [ 136.586499100000026, 36.52693361 ], [ 136.585892410000014, 36.52693 ], [ 136.58569158, 36.52696139 ], [ 136.58545464, 36.52699861 ], [ 136.58544353000002, 36.5271525 ], [ 136.58543131, 36.52732305 ], [ 136.585483, 36.52794917 ], [ 136.58540772, 36.52807917 ], [ 136.58517244, 36.52810195 ], [ 136.58491355000001, 36.52808305 ], [ 136.58488078000002, 36.52811723 ], [ 136.584884110000019, 36.52819361 ], [ 136.58489051, 36.52833361 ], [ 136.584894670000011, 36.52842278 ], [ 136.584885500000013, 36.52865944 ], [ 136.584833550000013, 36.52885417 ], [ 136.584824110000028, 36.52915167 ], [ 136.584758280000017, 36.52917472 ], [ 136.58427828, 36.52912889 ], [ 136.584108830000019, 36.52913639 ], [ 136.583878270000014, 36.529125 ], [ 136.58338995, 36.52909139 ], [ 136.58333689, 36.52908777 ], [ 136.583333330000016, 36.52908753 ], [ 136.583287720000015, 36.52908444 ], [ 136.582697170000017, 36.52904389 ], [ 136.582542170000011, 36.52903333 ], [ 136.58232575, 36.52899139 ], [ 136.581506860000019, 36.52898 ], [ 136.581281030000014, 36.52896833 ], [ 136.580651030000013, 36.52895805 ], [ 136.580503530000016, 36.52895556 ], [ 136.580416860000014, 36.52895417 ], [ 136.580354090000014, 36.52895305 ], [ 136.580316300000021, 36.528915 ], [ 136.580321020000014, 36.52878139 ], [ 136.5803727, 36.52792639 ], [ 136.580363260000013, 36.52775084 ], [ 136.580405750000011, 36.52710167 ], [ 136.580396300000018, 36.52614361 ], [ 136.58036353, 36.52574667 ], [ 136.580396300000018, 36.52555195 ], [ 136.580454920000022, 36.52554556 ], [ 136.58067409, 36.52552139 ], [ 136.581149360000012, 36.525525 ], [ 136.58146464, 36.52554417 ], [ 136.58174686000001, 36.52556333 ], [ 136.581977420000015, 36.52552889 ], [ 136.582589360000014, 36.52554028 ], [ 136.58270686000003, 36.52559751 ], [ 136.58278214, 36.52581139 ], [ 136.582993800000025, 36.52583444 ], [ 136.58327492, 36.52583944 ], [ 136.583333330000016, 36.52584044 ], [ 136.583336860000031, 36.5258405 ], [ 136.583652410000013, 36.52584584 ], [ 136.583930190000018, 36.52586861 ], [ 136.58415603, 36.52585333 ], [ 136.584499360000024, 36.52585723 ], [ 136.58469686, 36.52587723 ], [ 136.58503131, 36.52591084 ], [ 136.585242970000024, 36.52597167 ], [ 136.58545464, 36.52603667 ], [ 136.58560241, 36.52598584 ], [ 136.585765470000013, 36.52593 ], [ 136.586156030000012, 36.52579611 ], [ 136.58637686000003, 36.52579611 ], [ 136.586525470000026, 36.5258325 ], [ 136.58657908, 36.52584584 ], [ 136.586776860000015, 36.52586111 ], [ 136.58720964, 36.52591056 ], [ 136.587513530000024, 36.52595611 ], [ 136.58774630000002, 36.52599084 ], [ 136.587948560000029, 36.52602528 ], [ 136.58816966, 36.52602528 ], [ 136.588644940000023, 36.52598695 ], [ 136.588968280000017, 36.52597111 ], [ 136.589128, 36.52596305 ], [ 136.589887170000026, 36.52592584 ], [ 136.590404670000026, 36.52591833 ], [ 136.591482440000021, 36.52587251 ], [ 136.591618830000016, 36.52579222 ], [ 136.591614110000023, 36.52546778 ], [ 136.591614110000023, 36.525 ], [ 136.591614110000023, 36.52499917 ], [ 136.591614110000023, 36.52497917 ], [ 136.591661050000027, 36.52492167 ], [ 136.59166667, 36.52492314 ], [ 136.59167022, 36.52492405 ], [ 136.59177883000001, 36.52495223 ], [ 136.591946060000026, 36.52496444 ], [ 136.59215051000001, 36.52497917 ], [ 136.59226547, 36.52499917 ], [ 136.592270270000029, 36.525 ], [ 136.592588, 36.52505528 ], [ 136.59315745, 36.5250975 ], [ 136.593378560000019, 36.5250975 ], [ 136.593604380000016, 36.52507056 ], [ 136.59443317, 36.525 ], [ 136.594443, 36.52499917 ], [ 136.594456060000027, 36.52499805 ], [ 136.59455577, 36.52498917 ], [ 136.594714940000017, 36.52497528 ], [ 136.595383280000021, 36.52491417 ], [ 136.5953455, 36.52455556 ], [ 136.595308, 36.52432639 ], [ 136.595324670000025, 36.52418889 ], [ 136.595336060000022, 36.52409361 ], [ 136.59532662, 36.52338723 ], [ 136.595308, 36.52321528 ], [ 136.59531745000001, 36.52306277 ], [ 136.59533134, 36.52237195 ], [ 136.59532189, 36.52221139 ], [ 136.59532189, 36.52202833 ], [ 136.5953127, 36.52153944 ], [ 136.595321860000013, 36.52136 ], [ 136.5953163, 36.52110723 ], [ 136.5953127, 36.5209325 ], [ 136.59528825000001, 36.52027556 ], [ 136.595284360000022, 36.52016917 ], [ 136.59526241, 36.52015028 ], [ 136.59521713, 36.52011167 ], [ 136.59519964, 36.52009667 ], [ 136.595082140000017, 36.51998584 ], [ 136.594804360000012, 36.51991723 ], [ 136.59458297, 36.51991084 ], [ 136.594404360000027, 36.51990556 ], [ 136.59418326, 36.51993611 ], [ 136.5937927, 36.51992472 ], [ 136.593745470000016, 36.51989028 ], [ 136.593728810000016, 36.51972389 ], [ 136.59371353, 36.51957361 ], [ 136.59368214, 36.51926139 ], [ 136.593670190000012, 36.51914195 ], [ 136.59357603, 36.51899695 ], [ 136.593501850000024, 36.51878639 ], [ 136.59346326, 36.51867639 ], [ 136.59341713, 36.51857333 ], [ 136.593387980000017, 36.51850833 ], [ 136.593336030000017, 36.51837084 ], [ 136.59314353000002, 36.51805389 ], [ 136.59310575, 36.51796611 ], [ 136.593003260000017, 36.51777389 ], [ 136.592981020000025, 36.51773195 ], [ 136.59270192, 36.51720784 ], [ 136.59270131, 36.51720667 ], [ 136.59269659, 36.51703861 ], [ 136.59287577, 36.51666667 ], [ 136.59287616, 36.51666584 ], [ 136.593110470000028, 36.51617944 ], [ 136.59321409, 36.516065 ], [ 136.593373800000023, 36.51564889 ], [ 136.59341409000001, 36.51542361 ], [ 136.593466300000017, 36.51513084 ], [ 136.59349158, 36.51498861 ], [ 136.593486860000013, 36.51441584 ], [ 136.59344908, 36.5138125 ], [ 136.59326575, 36.51315222 ], [ 136.593171860000012, 36.51306444 ], [ 136.592912970000015, 36.51311417 ], [ 136.592728810000011, 36.51295611 ], [ 136.592583530000013, 36.51283167 ], [ 136.59252713, 36.51254139 ], [ 136.59248464, 36.51249944 ], [ 136.592296550000015, 36.51245361 ], [ 136.59205183, 36.51237333 ], [ 136.591882390000023, 36.51170139 ], [ 136.59187294, 36.51154889 ], [ 136.59181655, 36.511335 ], [ 136.591679880000015, 36.5111975 ], [ 136.591670170000015, 36.51119767 ], [ 136.59166667, 36.51119775 ], [ 136.59104462, 36.51120889 ], [ 136.590536830000019, 36.51127 ], [ 136.590471, 36.51127778 ], [ 136.59040489, 36.51121667 ], [ 136.59041905, 36.51099139 ], [ 136.590465720000026, 36.51076167 ], [ 136.590471, 36.51073584 ], [ 136.590548220000016, 36.51062 ], [ 136.590560170000032, 36.51060223 ], [ 136.59062628, 36.51043805 ], [ 136.59038795, 36.51037639 ], [ 136.59009433, 36.51030059 ], [ 136.589346280000029, 36.51004087 ], [ 136.589191, 36.50972392 ], [ 136.58912988, 36.5094428 ], [ 136.58909211, 36.50926975 ], [ 136.589096830000017, 36.50912447 ], [ 136.589115720000024, 36.50897947 ], [ 136.589148490000014, 36.50876559 ], [ 136.58913905, 36.50856725 ], [ 136.58914339, 36.50833333 ], [ 136.58914341000002, 36.50833253 ], [ 136.589148490000014, 36.50805975 ], [ 136.589191, 36.50792225 ], [ 136.589256830000011, 36.50709364 ], [ 136.58921655, 36.50699392 ], [ 136.589157950000015, 36.5068492 ], [ 136.589204890000019, 36.50649808 ], [ 136.58929433, 36.50590641 ], [ 136.58944044, 36.50572697 ], [ 136.58960044, 36.50562392 ], [ 136.59003795000001, 36.50513531 ], [ 136.590179050000017, 36.50502059 ], [ 136.59032961, 36.50486808 ], [ 136.590471, 36.50466559 ], [ 136.59086156, 36.50418087 ], [ 136.590884890000012, 36.50410447 ], [ 136.591007390000016, 36.50398613 ], [ 136.59109211, 36.5037878 ], [ 136.5911485, 36.50360447 ], [ 136.591346, 36.50306087 ], [ 136.591477390000023, 36.50286864 ], [ 136.591519880000021, 36.50280669 ], [ 136.591620730000017, 36.50258836 ], [ 136.59163988, 36.50248697 ], [ 136.59166667, 36.50244861 ], [ 136.591670170000015, 36.50244361 ], [ 136.59172156, 36.50237003 ], [ 136.59185628000003, 36.50233475 ], [ 136.59206294, 36.50235031 ], [ 136.59256739, 36.50245947 ], [ 136.592745160000021, 36.50249475 ], [ 136.59302406, 36.50255308 ], [ 136.5935335, 36.50270141 ], [ 136.593802670000031, 36.50277169 ], [ 136.59405211, 36.50284559 ], [ 136.59425406, 36.5028028 ], [ 136.594398220000016, 36.50272475 ], [ 136.594667390000012, 36.50236614 ], [ 136.59477239, 36.50222113 ], [ 136.594859610000015, 36.50210087 ], [ 136.594989340000012, 36.50207364 ], [ 136.595095160000028, 36.50210059 ], [ 136.595157660000012, 36.50211641 ], [ 136.59548433, 36.50226864 ], [ 136.595811, 36.50243225 ], [ 136.59591377000001, 36.50244697 ], [ 136.59624377, 36.50249475 ], [ 136.59647905, 36.50254531 ], [ 136.59670462, 36.50258447 ], [ 136.597089340000025, 36.50267808 ], [ 136.597425720000018, 36.50268586 ], [ 136.597478490000015, 36.50268197 ], [ 136.59751211, 36.50267003 ], [ 136.597516830000018, 36.50262336 ], [ 136.59752183, 36.50255697 ], [ 136.59752183, 36.50237392 ], [ 136.59755044000002, 36.50218669 ], [ 136.597589050000011, 36.50200753 ], [ 136.59761294, 36.50157864 ], [ 136.597622670000021, 36.50131725 ], [ 136.59766572, 36.50102697 ], [ 136.59769462, 36.50083364 ], [ 136.5977235, 36.50052169 ], [ 136.597728500000017, 36.50013169 ], [ 136.597751830000021, 36.5 ], [ 136.597752, 36.4999992 ], [ 136.597762390000014, 36.49994059 ], [ 136.597805720000025, 36.49973475 ], [ 136.59781988, 36.49966808 ], [ 136.597796, 36.49951586 ], [ 136.597936810000022, 36.49905808 ], [ 136.598167080000024, 36.49771725 ], [ 136.5982318, 36.49770392 ], [ 136.59883597000001, 36.49776364 ], [ 136.599270140000016, 36.49780641 ], [ 136.6, 36.49787847 ], [ 136.60000348, 36.49787884 ], [ 136.60022375, 36.49790059 ], [ 136.602252390000018, 36.49810059 ], [ 136.602544890000019, 36.4981278 ], [ 136.602850170000011, 36.49815641 ], [ 136.60298739000001, 36.49801225 ], [ 136.603072390000023, 36.49801864 ], [ 136.60299156, 36.49873336 ], [ 136.60353294, 36.49876947 ], [ 136.603456280000017, 36.49924503 ], [ 136.603763220000019, 36.49923836 ], [ 136.604159340000024, 36.49923503 ], [ 136.604324890000015, 36.4992678 ], [ 136.605129050000016, 36.49966141 ], [ 136.60534739000002, 36.4996842 ], [ 136.606321, 36.49957613 ], [ 136.60725044, 36.49934336 ], [ 136.60765183, 36.49884892 ], [ 136.607820170000025, 36.49864169 ], [ 136.60781462, 36.49839059 ], [ 136.607799880000016, 36.49774364 ], [ 136.60783766000003, 36.49742947 ], [ 136.60785655, 36.49727141 ], [ 136.60799795, 36.4955242 ], [ 136.608149340000011, 36.49552169 ], [ 136.608333330000022, 36.4955188 ], [ 136.608336830000013, 36.49551875 ], [ 136.60946156, 36.49550113 ], [ 136.609662670000034, 36.49549808 ], [ 136.611251830000015, 36.49549587 ], [ 136.611949610000011, 36.49549475 ], [ 136.613347660000017, 36.49549475 ], [ 136.61330322, 36.49601836 ], [ 136.613266830000015, 36.49644531 ], [ 136.613307390000017, 36.49659947 ], [ 136.613380170000028, 36.49666503 ], [ 136.61338489000002, 36.49666641 ], [ 136.61348711, 36.49669725 ], [ 136.613505450000019, 36.49666169 ], [ 136.613662940000012, 36.49656975 ], [ 136.61390545, 36.4964878 ], [ 136.61429711, 36.49644864 ], [ 136.61539044, 36.49639031 ], [ 136.61589322, 36.49636336 ], [ 136.616106280000025, 36.49634864 ], [ 136.61666667, 36.49631041 ], [ 136.61667017000002, 36.4963102 ], [ 136.617186280000027, 36.49627503 ], [ 136.617551280000015, 36.49625447 ], [ 136.618263500000012, 36.49621392 ], [ 136.618749880000024, 36.49618641 ], [ 136.619913770000011, 36.49611113 ], [ 136.619974330000019, 36.49610447 ], [ 136.61999044, 36.49606531 ], [ 136.61997822, 36.49592087 ], [ 136.619974330000019, 36.49546197 ], [ 136.61997822, 36.49512753 ], [ 136.620010730000018, 36.4950028 ], [ 136.620180440000013, 36.4948292 ], [ 136.620281280000029, 36.49475697 ], [ 136.62041711, 36.49471031 ], [ 136.620568220000024, 36.49465864 ], [ 136.620673220000015, 36.49464559 ], [ 136.620826830000027, 36.49465531 ], [ 136.621113770000022, 36.49474725 ], [ 136.621626830000025, 36.49496031 ], [ 136.621719610000014, 36.49498336 ], [ 136.62185711, 36.49497669 ], [ 136.6220485, 36.49488253 ], [ 136.62214878, 36.49483336 ], [ 136.622239880000024, 36.4947628 ], [ 136.62230406, 36.49466113 ], [ 136.6223535, 36.49453836 ], [ 136.62242156, 36.49413586 ], [ 136.622489880000018, 36.4937978 ], [ 136.622561830000024, 36.49363808 ], [ 136.622701830000011, 36.49349975 ], [ 136.622883770000016, 36.49335197 ], [ 136.62322850000001, 36.49306308 ], [ 136.62334988, 36.49298336 ], [ 136.623497660000027, 36.49287864 ], [ 136.623702110000011, 36.49272197 ], [ 136.6238385, 36.49261447 ], [ 136.623990170000013, 36.49255587 ], [ 136.62409628, 36.49252531 ], [ 136.624255160000018, 36.49249447 ], [ 136.624456010000017, 36.49245753 ], [ 136.624626550000016, 36.49242725 ], [ 136.624926, 36.49235641 ], [ 136.625, 36.49235213 ], [ 136.62500350000002, 36.49235195 ], [ 136.62513795000001, 36.4923442 ], [ 136.625145450000019, 36.49234586 ], [ 136.62533516000002, 36.49239031 ], [ 136.62552795000002, 36.49246392 ], [ 136.62567572, 36.49254975 ], [ 136.625982670000013, 36.49279586 ], [ 136.626134090000022, 36.49293113 ], [ 136.626194920000017, 36.49296475 ], [ 136.626293260000011, 36.49297725 ], [ 136.626827420000012, 36.49286641 ], [ 136.627751860000018, 36.49260836 ], [ 136.628990470000019, 36.49225197 ], [ 136.62925936000002, 36.49218141 ], [ 136.62947908000001, 36.49209531 ], [ 136.629661020000015, 36.49194475 ], [ 136.629827690000013, 36.49178475 ], [ 136.6299227, 36.49166667 ], [ 136.62992336, 36.49166587 ], [ 136.62999825, 36.4915728 ], [ 136.630115750000016, 36.49147113 ], [ 136.63031659, 36.49135447 ], [ 136.63060436, 36.4912592 ], [ 136.630756030000015, 36.49114225 ], [ 136.63077881000001, 36.49106253 ], [ 136.630729360000032, 36.49084725 ], [ 136.630547690000014, 36.49047559 ], [ 136.63044158, 36.4903342 ], [ 136.630289920000024, 36.49022059 ], [ 136.630085450000024, 36.49010669 ], [ 136.62999822, 36.4900392 ], [ 136.62992988000002, 36.48983613 ], [ 136.629922390000019, 36.48971641 ], [ 136.629941280000025, 36.48965808 ], [ 136.6301535, 36.48954114 ], [ 136.63041239, 36.48935753 ], [ 136.6306385, 36.48919697 ], [ 136.630725720000015, 36.48904308 ], [ 136.630740730000014, 36.48899725 ], [ 136.630737110000013, 36.48884059 ], [ 136.630695160000016, 36.48845031 ], [ 136.630687670000015, 36.48821975 ], [ 136.630726010000018, 36.48810753 ], [ 136.630737110000013, 36.48807531 ], [ 136.630781, 36.48800392 ], [ 136.63084294, 36.48790308 ], [ 136.63094905, 36.48778947 ], [ 136.631043770000019, 36.48774641 ], [ 136.63115739, 36.48771253 ], [ 136.631377110000017, 36.48767864 ], [ 136.631463770000011, 36.48763725 ], [ 136.63150601000001, 36.48761725 ], [ 136.631733220000029, 36.48743587 ], [ 136.63192239, 36.48723641 ], [ 136.63215739, 36.48693808 ], [ 136.632653770000019, 36.48637864 ], [ 136.63280905, 36.48616975 ], [ 136.632866010000015, 36.48604975 ], [ 136.63291128000003, 36.48584392 ], [ 136.632983220000028, 36.48563503 ], [ 136.63309684, 36.48546308 ], [ 136.633333330000028, 36.48524072 ], [ 136.633336830000019, 36.48523744 ], [ 136.633407660000017, 36.48517087 ], [ 136.63358961, 36.48506641 ], [ 136.633862390000019, 36.48495892 ], [ 136.634066830000023, 36.48491892 ], [ 136.634392390000016, 36.48483587 ], [ 136.63457044, 36.48477753 ], [ 136.634657660000016, 36.48472225 ], [ 136.634843220000022, 36.48457169 ], [ 136.635025160000026, 36.48438725 ], [ 136.635153770000016, 36.48423697 ], [ 136.635256280000021, 36.4841078 ], [ 136.63541516, 36.48397559 ], [ 136.635741, 36.48379113 ], [ 136.63592294, 36.48372975 ], [ 136.63615017, 36.48369892 ], [ 136.63637377, 36.48369587 ], [ 136.63685128, 36.48371725 ], [ 136.637362390000021, 36.4837542 ], [ 136.637631280000022, 36.48380336 ], [ 136.637729880000023, 36.48384336 ], [ 136.637775160000018, 36.48388336 ], [ 136.637858490000013, 36.48400336 ], [ 136.63817294, 36.48447364 ], [ 136.638438220000012, 36.48484253 ], [ 136.63851822, 36.48493447 ], [ 136.638574620000014, 36.4849992 ], [ 136.63859905000001, 36.48501253 ], [ 136.63863156, 36.48503003 ], [ 136.638745160000013, 36.48505447 ], [ 136.638890190000012, 36.4850578 ], [ 136.63918881, 36.48506447 ], [ 136.63955214, 36.4850728 ], [ 136.640654360000013, 36.48509447 ], [ 136.640991580000019, 36.48508836 ], [ 136.64126798, 36.48506975 ], [ 136.64166667, 36.48500122 ], [ 136.641670190000013, 36.48500064 ], [ 136.6416963, 36.48499614 ], [ 136.64222659, 36.48488225 ], [ 136.64251464, 36.48482087 ], [ 136.64271492, 36.48480864 ], [ 136.642881860000017, 36.48482087 ], [ 136.643199920000029, 36.48487308 ], [ 136.64351075, 36.48491 ], [ 136.643684920000027, 36.48492222 ], [ 136.64385908, 36.48492528 ], [ 136.64390852, 36.48491611 ], [ 136.64391992000003, 36.48489777 ], [ 136.64390852, 36.48485778 ], [ 136.64377575, 36.48468864 ], [ 136.643502970000014, 36.48444003 ], [ 136.643234090000021, 36.48424947 ], [ 136.64274158, 36.48399113 ], [ 136.64260908, 36.48388975 ], [ 136.642487980000027, 36.48369614 ], [ 136.642379140000031, 36.48333333 ], [ 136.642378910000019, 36.48333253 ], [ 136.64237825, 36.48333031 ], [ 136.642272140000017, 36.48303531 ], [ 136.642131830000011, 36.4827678 ], [ 136.642109050000016, 36.48272475 ], [ 136.64197655000001, 36.48253725 ], [ 136.64183628, 36.48241753 ], [ 136.641749340000018, 36.48234364 ], [ 136.641677390000012, 36.48233447 ], [ 136.641670170000026, 36.48233447 ], [ 136.64166667, 36.48233447 ], [ 136.641590170000029, 36.48233447 ], [ 136.64022628, 36.48255892 ], [ 136.640167660000031, 36.48256364 ], [ 136.64003294, 36.4825742 ], [ 136.639953500000018, 36.4822792 ], [ 136.639858780000026, 36.48187641 ], [ 136.639862670000014, 36.48179031 ], [ 136.63990795, 36.48165808 ], [ 136.640025450000024, 36.48140336 ], [ 136.64013545, 36.48086836 ], [ 136.64015795, 36.48084086 ], [ 136.641506830000026, 36.48042892 ], [ 136.64166667, 36.48037164 ], [ 136.64166961, 36.48037059 ], [ 136.641670170000026, 36.48036995 ], [ 136.641696280000019, 36.48033975 ], [ 136.64169988, 36.48031531 ], [ 136.641670170000026, 36.48028756 ], [ 136.64166667, 36.48028428 ], [ 136.6412985, 36.47994031 ], [ 136.64108239, 36.47970364 ], [ 136.64091572000001, 36.47946087 ], [ 136.640495160000029, 36.47879697 ], [ 136.640461280000011, 36.47869864 ], [ 136.640463410000024, 36.47868059 ], [ 136.64047628000003, 36.47857253 ], [ 136.640510440000014, 36.47849586 ], [ 136.640612670000024, 36.47840975 ], [ 136.640764330000025, 36.47832059 ], [ 136.641291, 36.47804086 ], [ 136.64166667, 36.47781292 ], [ 136.641670170000026, 36.4778108 ], [ 136.64171128000001, 36.47778587 ], [ 136.64200294, 36.4775892 ], [ 136.642317390000017, 36.47739864 ], [ 136.64257489000002, 36.47732197 ], [ 136.64263183, 36.47731892 ], [ 136.642771830000015, 36.47732197 ], [ 136.642824890000014, 36.47733725 ], [ 136.642991560000013, 36.47747864 ], [ 136.64306739, 36.47756475 ], [ 136.643150730000031, 36.47780141 ], [ 136.643173500000017, 36.47793641 ], [ 136.643200170000028, 36.47816392 ], [ 136.643203770000014, 36.47845587 ], [ 136.643177950000023, 36.4785992 ], [ 136.643154620000018, 36.47872947 ], [ 136.643097660000024, 36.47906753 ], [ 136.642972670000034, 36.47944864 ], [ 136.64296905, 36.4795778 ], [ 136.64298795000002, 36.47964225 ], [ 136.64305988000001, 36.4797192 ], [ 136.64308589, 36.47974028 ], [ 136.64318878, 36.47982364 ], [ 136.643400730000025, 36.47994364 ], [ 136.64361294, 36.4800328 ], [ 136.64384795, 36.48011892 ], [ 136.643950170000011, 36.48013113 ], [ 136.644041, 36.48012197 ], [ 136.64411684, 36.48008197 ], [ 136.64420406, 36.48002364 ], [ 136.64449961, 36.47976531 ], [ 136.64487462, 36.47947947 ], [ 136.645116840000014, 36.47923364 ], [ 136.645151, 36.4791628 ], [ 136.645135720000013, 36.47893225 ], [ 136.644927390000021, 36.47828364 ], [ 136.6447985, 36.47796113 ], [ 136.64470044, 36.47781975 ], [ 136.644594330000018, 36.47770613 ], [ 136.644472940000014, 36.4775892 ], [ 136.64435545, 36.47747559 ], [ 136.644292330000013, 36.47738195 ], [ 136.644245720000015, 36.4773128 ], [ 136.64421905, 36.47722364 ], [ 136.64420795, 36.47709141 ], [ 136.644226840000016, 36.47688531 ], [ 136.64421156, 36.47675641 ], [ 136.64419655, 36.47671031 ], [ 136.644090440000014, 36.47667336 ], [ 136.64373795, 36.47656586 ], [ 136.643624330000023, 36.47655031 ], [ 136.64342044, 36.47653113 ], [ 136.64333267, 36.4765228 ], [ 136.643078780000025, 36.47651336 ], [ 136.642771830000015, 36.47649808 ], [ 136.64256294, 36.47648253 ], [ 136.642303890000022, 36.47646287 ], [ 136.641995160000022, 36.47643975 ], [ 136.641670170000026, 36.47640708 ], [ 136.64166667, 36.47640672 ], [ 136.64153711, 36.47639364 ], [ 136.641362940000022, 36.47638447 ], [ 136.64114322, 36.4764028 ], [ 136.64062406, 36.47648892 ], [ 136.64060516, 36.47649225 ], [ 136.640358780000014, 36.47653503 ], [ 136.64017711, 36.47659336 ], [ 136.639911830000017, 36.47671641 ], [ 136.639805720000027, 36.47677475 ], [ 136.639536830000026, 36.47686086 ], [ 136.639351280000028, 36.47691003 ], [ 136.639142670000012, 36.47706059 ], [ 136.63897628, 36.47717753 ], [ 136.638790730000011, 36.4772728 ], [ 136.638487670000018, 36.4773678 ], [ 136.63829433, 36.47744753 ], [ 136.63821489, 36.47750003 ], [ 136.637961, 36.47776113 ], [ 136.63755183, 36.4781178 ], [ 136.637483770000017, 36.47817308 ], [ 136.63740406, 36.47821003 ], [ 136.637301830000013, 36.4782192 ], [ 136.637135160000014, 36.47821003 ], [ 136.63695322, 36.47816697 ], [ 136.63640014, 36.47796725 ], [ 136.63628681, 36.47789947 ], [ 136.636229860000014, 36.47783197 ], [ 136.636229860000014, 36.47777975 ], [ 136.63626403, 36.47771197 ], [ 136.636317080000026, 36.47765364 ], [ 136.63661597, 36.47745697 ], [ 136.636665420000014, 36.47741087 ], [ 136.6367107, 36.47734613 ], [ 136.636714580000017, 36.47731559 ], [ 136.6366918, 36.4772878 ], [ 136.636593480000016, 36.47727253 ], [ 136.636348810000015, 36.47725767 ], [ 136.636085970000011, 36.47724169 ], [ 136.635900420000013, 36.47719559 ], [ 136.635752630000013, 36.47711864 ], [ 136.635608750000017, 36.47697113 ], [ 136.63558597, 36.4768728 ], [ 136.635608750000017, 36.47676253 ], [ 136.63571847, 36.47657197 ], [ 136.635858750000011, 36.47637225 ], [ 136.635919300000012, 36.47619392 ], [ 136.635960970000014, 36.4759478 ], [ 136.63596847, 36.47581587 ], [ 136.63601791, 36.47553308 ], [ 136.636082090000031, 36.47541308 ], [ 136.63615791, 36.47530864 ], [ 136.63626403, 36.47522864 ], [ 136.636517640000022, 36.4751242 ], [ 136.636654030000017, 36.47504725 ], [ 136.636710730000033, 36.475 ], [ 136.6367117, 36.4749992 ], [ 136.636779030000014, 36.47494308 ], [ 136.636922920000018, 36.47480169 ], [ 136.637157910000013, 36.47450975 ], [ 136.637239030000018, 36.47437669 ], [ 136.637366250000014, 36.47416836 ], [ 136.63739652000001, 36.47414392 ], [ 136.63754431000001, 36.47408225 ], [ 136.63814292, 36.47384559 ], [ 136.638529300000016, 36.4737228 ], [ 136.638609030000026, 36.47367975 ], [ 136.638787080000014, 36.47352308 ], [ 136.639082090000016, 36.47325253 ], [ 136.639309590000011, 36.47301308 ], [ 136.63932847, 36.47295141 ], [ 136.63932847, 36.47281614 ], [ 136.639252630000016, 36.47253031 ], [ 136.63916930000002, 36.47225975 ], [ 136.639146520000025, 36.47205697 ], [ 136.639150410000013, 36.47194031 ], [ 136.63919597, 36.47186641 ], [ 136.63928292, 36.47179586 ], [ 136.639460970000016, 36.4716942 ], [ 136.639665690000015, 36.47155586 ], [ 136.639730140000012, 36.47149141 ], [ 136.63980569, 36.47135003 ], [ 136.639961240000019, 36.4709292 ], [ 136.640097640000022, 36.47058503 ], [ 136.64024903, 36.47034503 ], [ 136.64035125, 36.47019447 ], [ 136.64043847, 36.47009613 ], [ 136.640571240000014, 36.46998559 ], [ 136.64105597, 36.46968725 ], [ 136.641314030000018, 36.46956003 ], [ 136.64133652000001, 36.46954892 ], [ 136.64157486000002, 36.46941392 ], [ 136.64166667, 36.46938167 ], [ 136.64167014, 36.46938044 ], [ 136.64171486, 36.46936475 ], [ 136.641949860000011, 36.46934308 ], [ 136.642052090000021, 36.46934003 ], [ 136.642143190000013, 36.46932808 ], [ 136.642313480000013, 36.4692328 ], [ 136.642461240000017, 36.46916503 ], [ 136.642525690000014, 36.46916197 ], [ 136.642586250000022, 36.46918669 ], [ 136.642647080000017, 36.46922975 ], [ 136.642711240000011, 36.46929725 ], [ 136.642764310000018, 36.46937114 ], [ 136.64287042, 36.46946308 ], [ 136.64295375, 36.46951531 ], [ 136.643094030000015, 36.46956141 ], [ 136.6432418, 36.46960753 ], [ 136.64338569, 36.46962586 ], [ 136.6436093, 36.46962586 ], [ 136.643904580000026, 36.46959225 ], [ 136.644164860000018, 36.46950975 ], [ 136.64440847, 36.46943253 ], [ 136.64495764000003, 36.46919587 ], [ 136.645632090000021, 36.46880864 ], [ 136.646057250000013, 36.46852059 ], [ 136.64606791, 36.46851336 ], [ 136.64655263, 36.46814475 ], [ 136.646594310000012, 36.4680678 ], [ 136.646602090000016, 36.46800947 ], [ 136.646599580000014, 36.46778087 ], [ 136.646598200000028, 36.46766197 ], [ 136.64651486, 36.46728725 ], [ 136.646401240000017, 36.46695836 ], [ 136.646374580000014, 36.46686003 ], [ 136.64636711, 36.46666667 ], [ 136.64636708, 36.46666587 ], [ 136.646363190000017, 36.46656503 ], [ 136.64633681, 36.46585197 ], [ 136.6462118, 36.46510531 ], [ 136.64606791, 36.46450586 ], [ 136.64590872, 36.46404169 ], [ 136.645738170000016, 36.46350364 ], [ 136.645613160000011, 36.46324864 ], [ 136.64546927, 36.46307975 ], [ 136.645329, 36.46296613 ], [ 136.645105670000021, 36.4628492 ], [ 136.644832890000032, 36.46272641 ], [ 136.64438594, 36.46256031 ], [ 136.644177610000014, 36.46251113 ], [ 136.64391927, 36.46246975 ], [ 136.643908720000013, 36.46246808 ], [ 136.643609270000013, 36.4624342 ], [ 136.643469, 36.46240975 ], [ 136.643165940000017, 36.46228975 ], [ 136.64287066, 36.46213003 ], [ 136.642605670000023, 36.46194559 ], [ 136.64240872000002, 36.46175808 ], [ 136.64229484, 36.46159503 ], [ 136.642287329999988, 36.46153059 ], [ 136.642321510000016, 36.46145364 ], [ 136.642385940000025, 36.46140753 ], [ 136.64262844000001, 36.46133087 ], [ 136.64300706, 36.46115864 ], [ 136.64317477, 36.46105951 ], [ 136.64366623, 36.46076864 ], [ 136.644238170000023, 36.46035975 ], [ 136.64458289, 36.46016613 ], [ 136.64478012, 36.46008613 ], [ 136.64503012, 36.46002475 ], [ 136.64514372, 36.45999392 ], [ 136.64526484000001, 36.45999087 ], [ 136.645333170000015, 36.45999697 ], [ 136.645537610000019, 36.46007086 ], [ 136.64576872, 36.4601692 ], [ 136.646223170000013, 36.46034447 ], [ 136.646901220000018, 36.46068253 ], [ 136.647189270000013, 36.46085475 ], [ 136.647458170000021, 36.46106975 ], [ 136.64768178, 36.46129392 ], [ 136.64773484, 36.4613278 ], [ 136.647769, 36.46133392 ], [ 136.64779927, 36.46133087 ], [ 136.64787511, 36.46125392 ], [ 136.64800761, 36.46106669 ], [ 136.64834484, 36.46043975 ], [ 136.648541780000016, 36.46020003 ], [ 136.64862122, 36.46004003 ], [ 136.64864789, 36.45991086 ], [ 136.648651500000028, 36.4597542 ], [ 136.648669, 36.45963114 ], [ 136.64867428, 36.45959447 ], [ 136.64871983, 36.45946531 ], [ 136.64884484000001, 36.45933613 ], [ 136.64927261, 36.45886613 ], [ 136.64929927, 36.45882308 ], [ 136.64932567, 36.45874947 ], [ 136.649322050000023, 36.45859864 ], [ 136.64931428, 36.45845725 ], [ 136.64928189, 36.45833333 ], [ 136.649281700000017, 36.45833253 ], [ 136.64923484, 36.45815308 ], [ 136.649196780000011, 36.45794697 ], [ 136.649212050000017, 36.45786113 ], [ 136.649318170000015, 36.45755669 ], [ 136.64969317, 36.45697613 ], [ 136.649844840000014, 36.45680392 ], [ 136.65, 36.45666141 ], [ 136.650003450000014, 36.45665825 ], [ 136.65004567, 36.45661947 ], [ 136.650182050000012, 36.45651197 ], [ 136.650242610000021, 36.45641364 ], [ 136.650303160000021, 36.45626586 ], [ 136.650348720000011, 36.4561092 ], [ 136.65036372, 36.45581725 ], [ 136.65034484, 36.45548531 ], [ 136.650371510000014, 36.45543308 ], [ 136.65043567, 36.45536225 ], [ 136.650481220000017, 36.45533447 ], [ 136.650545670000014, 36.45531308 ], [ 136.65084484, 36.4553192 ], [ 136.65102289, 36.45533447 ], [ 136.651235110000016, 36.45532225 ], [ 136.651398170000022, 36.45529197 ], [ 136.651422750000023, 36.4552772 ], [ 136.65170484, 36.45510753 ], [ 136.65194372000002, 36.45490141 ], [ 136.65248538000003, 36.45426197 ], [ 136.653284550000024, 36.45318336 ], [ 136.65386122000001, 36.45246197 ], [ 136.653920950000014, 36.45238725 ], [ 136.654159560000011, 36.45203392 ], [ 136.654279, 36.45184892 ], [ 136.654413410000018, 36.45164031 ], [ 136.654424810000023, 36.4516128 ], [ 136.65443231, 36.45154808 ], [ 136.65439064, 36.45144975 ], [ 136.65418231000001, 36.45116697 ], [ 136.6540537, 36.45097669 ], [ 136.654042310000023, 36.45093364 ], [ 136.65398148, 36.45077087 ], [ 136.65389815, 36.45065087 ], [ 136.653811190000027, 36.45052808 ], [ 136.653712580000018, 36.45041725 ], [ 136.653568690000014, 36.45028836 ], [ 136.65337564, 36.45020225 ], [ 136.65281611, 36.45 ], [ 136.65281389, 36.4499992 ], [ 136.65192092, 36.44967641 ], [ 136.65121258, 36.4494092 ], [ 136.650409530000019, 36.44906475 ], [ 136.650246740000028, 36.44897559 ], [ 136.650140640000018, 36.44888031 ], [ 136.65009508, 36.44880669 ], [ 136.650003410000011, 36.44865547 ], [ 136.65, 36.44864987 ], [ 136.64987536000001, 36.4484442 ], [ 136.64971258, 36.44815531 ], [ 136.649542020000013, 36.44790947 ], [ 136.649488970000021, 36.44779256 ], [ 136.6494662, 36.44767895 ], [ 136.649409250000019, 36.44746367 ], [ 136.64924258, 36.44719005 ], [ 136.648705080000013, 36.44656005 ], [ 136.648655620000028, 36.446462 ], [ 136.648623110000017, 36.44631061 ], [ 136.648613940000018, 36.44626811 ], [ 136.648591440000018, 36.44605922 ], [ 136.648583670000022, 36.44590561 ], [ 136.648589220000019, 36.44579756 ], [ 136.64859895, 36.44560728 ], [ 136.648606450000017, 36.44528756 ], [ 136.64863311000002, 36.44515867 ], [ 136.648845060000014, 36.44459617 ], [ 136.649049780000013, 36.44393228 ], [ 136.649117830000023, 36.44375728 ], [ 136.649368660000022, 36.44332367 ], [ 136.64949311, 36.44310867 ], [ 136.649625620000023, 36.44275505 ], [ 136.649883110000019, 36.44214672 ], [ 136.64997005, 36.44182395 ], [ 136.65, 36.44167831 ], [ 136.650002390000026, 36.44166667 ], [ 136.650002550000011, 36.44166589 ], [ 136.650003380000015, 36.44166186 ], [ 136.650068660000017, 36.44134451 ], [ 136.65009895, 36.44108005 ], [ 136.65008756, 36.44060367 ], [ 136.650061170000015, 36.4403395 ], [ 136.650049780000018, 36.44004144 ], [ 136.65005756, 36.43974033 ], [ 136.650091730000014, 36.43958978 ], [ 136.650193670000021, 36.43930978 ], [ 136.650481720000016, 36.43878728 ], [ 136.650648390000015, 36.43855061 ], [ 136.650720340000021, 36.43848005 ], [ 136.650811170000026, 36.43844617 ], [ 136.6508945, 36.43844005 ], [ 136.65102339, 36.43846756 ], [ 136.651182550000016, 36.43851367 ], [ 136.65134533, 36.4386245 ], [ 136.651500610000028, 36.43877505 ], [ 136.651728110000022, 36.439067 ], [ 136.65179616, 36.43920228 ], [ 136.65183783, 36.43926061 ], [ 136.651877830000018, 36.43931061 ], [ 136.65199311, 36.43945451 ], [ 136.652133390000017, 36.43959589 ], [ 136.652258390000014, 36.43968505 ], [ 136.65233034000002, 36.43972478 ], [ 136.653114500000015, 36.44005061 ], [ 136.653436450000015, 36.44022561 ], [ 136.654133380000019, 36.44061284 ], [ 136.65457283, 36.44081589 ], [ 136.65485338000002, 36.4409295 ], [ 136.65505034, 36.44097867 ], [ 136.655323110000012, 36.44101864 ], [ 136.655819220000012, 36.44104031 ], [ 136.656137280000024, 36.44104336 ], [ 136.656353380000013, 36.44101864 ], [ 136.65652394, 36.44092947 ], [ 136.656717, 36.44076364 ], [ 136.656955620000019, 36.4404992 ], [ 136.65706173, 36.44036697 ], [ 136.657126160000018, 36.44022864 ], [ 136.65713005, 36.44018559 ], [ 136.657126160000018, 36.44005031 ], [ 136.657126160000018, 36.43998586 ], [ 136.657046720000011, 36.43974336 ], [ 136.657001170000029, 36.43958975 ], [ 136.65698978, 36.43945447 ], [ 136.656985890000016, 36.4390578 ], [ 136.657005059999989, 36.43862753 ], [ 136.65697839, 36.43845531 ], [ 136.656943110000014, 36.43824836 ], [ 136.65692533, 36.43814503 ], [ 136.656955620000019, 36.43799725 ], [ 136.6570845, 36.43772059 ], [ 136.65725895, 36.43720141 ], [ 136.657387559999989, 36.43686336 ], [ 136.65744061, 36.43678031 ], [ 136.65757339000001, 36.43663892 ], [ 136.657656160000016, 36.43656392 ], [ 136.657740050000029, 36.43648836 ], [ 136.65787645, 36.43636864 ], [ 136.65791034, 36.43631308 ], [ 136.657929490000015, 36.43624253 ], [ 136.657925620000015, 36.43610725 ], [ 136.657933110000016, 36.43597808 ], [ 136.65811506, 36.43559392 ], [ 136.658130050000011, 36.43552947 ], [ 136.65811506, 36.43546169 ], [ 136.658073380000019, 36.4353392 ], [ 136.658046720000016, 36.43514836 ], [ 136.6580545, 36.43492114 ], [ 136.658062, 36.43475808 ], [ 136.658043110000023, 36.43469669 ], [ 136.657902830000012, 36.43438617 ], [ 136.657740030000014, 36.43413728 ], [ 136.65766419000002, 36.43399895 ], [ 136.65764891, 36.43391589 ], [ 136.65765669000001, 36.43378061 ], [ 136.65772114, 36.43364228 ], [ 136.65793086, 36.43333333 ], [ 136.657931390000016, 36.43333256 ], [ 136.657948370000014, 36.43330756 ], [ 136.65804309, 36.43313839 ], [ 136.658118910000013, 36.43298784 ], [ 136.658168080000024, 36.43290811 ], [ 136.658193090000026, 36.43278284 ], [ 136.65820975, 36.43269895 ], [ 136.65825141000002, 36.43232395 ], [ 136.658243920000018, 36.43223784 ], [ 136.65819086, 36.43214867 ], [ 136.657793090000013, 36.43148784 ], [ 136.65766419000002, 36.431282 ], [ 136.65761864000001, 36.43120533 ], [ 136.657576980000016, 36.43110089 ], [ 136.65755058000002, 36.43099339 ], [ 136.657535310000014, 36.43088256 ], [ 136.65752808000002, 36.43039089 ], [ 136.657520580000011, 36.43029561 ], [ 136.657448640000013, 36.43015728 ], [ 136.65728558, 36.429527 ], [ 136.657149200000021, 36.42830089 ], [ 136.657123920000032, 36.42804339 ], [ 136.657118640000022, 36.42799033 ], [ 136.657115030000028, 36.42795367 ], [ 136.657065860000017, 36.42755089 ], [ 136.65695614, 36.42710867 ], [ 136.65682336, 36.42673367 ], [ 136.65678947, 36.42666589 ], [ 136.656706140000011, 36.42658589 ], [ 136.656660580000022, 36.42654284 ], [ 136.656633920000019, 36.42647533 ], [ 136.656645310000016, 36.42620172 ], [ 136.65666506, 36.42582775 ], [ 136.65667195, 36.42569756 ], [ 136.656717500000013, 36.42508589 ], [ 136.656730360000012, 36.425 ], [ 136.656730470000014, 36.42499922 ], [ 136.65680083, 36.42452978 ], [ 136.65690694, 36.42410256 ], [ 136.65702056, 36.42379228 ], [ 136.65718333, 36.42348784 ], [ 136.65727805, 36.42336172 ], [ 136.65742584000003, 36.42320811 ], [ 136.65806611, 36.42272561 ], [ 136.65833333, 36.42254205 ], [ 136.658336670000011, 36.42253977 ], [ 136.65841472, 36.42248617 ], [ 136.65862694, 36.42228311 ], [ 136.658763330000028, 36.42210811 ], [ 136.658838880000019, 36.42199728 ], [ 136.65889973, 36.421862 ], [ 136.658945010000025, 36.42173923 ], [ 136.658994450000023, 36.42154867 ], [ 136.65909667, 36.42108451 ], [ 136.659210270000017, 36.42067256 ], [ 136.659441390000012, 36.42013478 ], [ 136.65955888000002, 36.41991367 ], [ 136.659645840000024, 36.41973922 ], [ 136.659718340000012, 36.41953395 ], [ 136.659811670000011, 36.41936367 ], [ 136.660003890000013, 36.41908005 ], [ 136.66022528000002, 36.41879172 ], [ 136.66062722, 36.41824811 ], [ 136.660778890000017, 36.418097 ], [ 136.660988340000017, 36.41795505 ], [ 136.661268050000018, 36.41780839 ], [ 136.661401950000027, 36.41777061 ], [ 136.66150694000001, 36.41776589 ], [ 136.661561120000016, 36.41777005 ], [ 136.66174584, 36.41778478 ], [ 136.66181, 36.41778005 ], [ 136.66191472, 36.41770923 ], [ 136.662013890000026, 36.41762422 ], [ 136.662112780000029, 36.41756256 ], [ 136.66227611, 36.41752005 ], [ 136.66239834000001, 36.41752475 ], [ 136.662474160000016, 36.41752947 ], [ 136.662567500000023, 36.41752475 ], [ 136.66265472, 36.41751059 ], [ 136.662800560000022, 36.4174728 ], [ 136.66286445, 36.41743975 ], [ 136.66294027, 36.41737836 ], [ 136.66303944, 36.41729308 ], [ 136.663138340000017, 36.41723169 ], [ 136.663260830000013, 36.41718447 ], [ 136.663418050000018, 36.41713253 ], [ 136.663627500000018, 36.41703308 ], [ 136.66384306, 36.41694808 ], [ 136.664087780000017, 36.41688669 ], [ 136.6643325, 36.41684392 ], [ 136.66461805, 36.41684392 ], [ 136.66493861, 36.4168392 ], [ 136.665066670000016, 36.41685808 ], [ 136.665212500000024, 36.41691031 ], [ 136.66532306000002, 36.41692447 ], [ 136.66542805, 36.41687225 ], [ 136.66549222, 36.41676364 ], [ 136.665499300000022, 36.41666667 ], [ 136.665499360000013, 36.41666586 ], [ 136.665509440000022, 36.41652753 ], [ 136.66549805, 36.41583253 ], [ 136.665544450000027, 36.41531253 ], [ 136.665556110000011, 36.41504308 ], [ 136.665509440000022, 36.41486836 ], [ 136.66540472, 36.41466141 ], [ 136.66527056000001, 36.4144628 ], [ 136.665232780000025, 36.4143542 ], [ 136.665221120000012, 36.41423836 ], [ 136.66525027000003, 36.41413447 ], [ 136.66531555, 36.41401475 ], [ 136.665398880000026, 36.41386253 ], [ 136.66548056000002, 36.41369947 ], [ 136.6655125, 36.41359059 ], [ 136.66551834, 36.41351503 ], [ 136.665506670000013, 36.41344641 ], [ 136.66545416, 36.4133378 ], [ 136.66534361, 36.41319613 ], [ 136.665308610000011, 36.41313475 ], [ 136.665293890000015, 36.41306392 ], [ 136.66527056000001, 36.41263113 ], [ 136.66527944, 36.41255087 ], [ 136.665308610000011, 36.41245169 ], [ 136.66534056, 36.41234059 ], [ 136.665366940000013, 36.41217725 ], [ 136.665483310000013, 36.41161753 ], [ 136.66548914, 36.41156308 ], [ 136.665486360000017, 36.41148503 ], [ 136.66544553, 36.41130531 ], [ 136.66510163, 36.41066253 ], [ 136.66505497, 36.4105678 ], [ 136.66501442, 36.41046613 ], [ 136.66498525, 36.4103528 ], [ 136.664958860000013, 36.41018253 ], [ 136.66491803, 36.40983503 ], [ 136.66489192, 36.40971725 ], [ 136.66482803, 36.40953753 ], [ 136.664775530000014, 36.40943808 ], [ 136.66472914000002, 36.40936503 ], [ 136.66459497, 36.40919947 ], [ 136.66395691, 36.4083792 ], [ 136.66391747, 36.40833333 ], [ 136.66391678, 36.40833253 ], [ 136.66372109, 36.40810503 ], [ 136.663691920000019, 36.40805531 ], [ 136.663665810000026, 36.40796086 ], [ 136.663642480000021, 36.40784253 ], [ 136.66364525, 36.4077742 ], [ 136.663662750000015, 36.40769864 ], [ 136.663697760000019, 36.40761364 ], [ 136.66373275, 36.40755697 ], [ 136.663776360000014, 36.40747892 ], [ 136.663785250000018, 36.40743864 ], [ 136.66377942, 36.40739836 ], [ 136.663750250000021, 36.40735836 ], [ 136.663677200000024, 36.4072992 ], [ 136.66358997, 36.40726613 ], [ 136.66340358, 36.40724947 ], [ 136.663275520000013, 36.40725669 ], [ 136.66302497, 36.40730864 ], [ 136.662928860000022, 36.40731336 ], [ 136.66282691, 36.40730392 ], [ 136.662564690000011, 36.4072542 ], [ 136.66245969000002, 36.4072142 ], [ 136.66239859, 36.40717613 ], [ 136.662360800000016, 36.40713141 ], [ 136.66234608, 36.40706753 ], [ 136.662343310000011, 36.40699197 ], [ 136.662349140000032, 36.40692559 ], [ 136.662384140000029, 36.40685003 ], [ 136.66243080000001, 36.40677669 ], [ 136.662500530000017, 36.40669892 ], [ 136.662570530000011, 36.40659947 ], [ 136.662582190000023, 36.40652613 ], [ 136.66258109, 36.40652003 ], [ 136.66256776000003, 36.40644587 ], [ 136.662523860000022, 36.40638669 ], [ 136.662194700000015, 36.40611503 ], [ 136.662130530000013, 36.40602975 ], [ 136.66210442000002, 36.40596113 ], [ 136.66211302, 36.40589975 ], [ 136.662177200000031, 36.4058242 ], [ 136.662759420000015, 36.40539225 ], [ 136.66275997, 36.40539197 ], [ 136.66463302, 36.40416975 ], [ 136.664819420000015, 36.40402308 ], [ 136.664918300000011, 36.40392641 ], [ 136.66501163, 36.40381531 ], [ 136.66509331, 36.40371614 ], [ 136.66516302, 36.40366641 ], [ 136.66528248, 36.4036028 ], [ 136.665708030000019, 36.40348225 ], [ 136.66634302, 36.40336864 ], [ 136.666666670000012, 36.40331547 ], [ 136.666669970000015, 36.40331492 ], [ 136.667048030000018, 36.4032528 ], [ 136.66715886, 36.40324808 ], [ 136.667295810000013, 36.40326697 ], [ 136.66748497, 36.40329531 ], [ 136.668090800000016, 36.40339947 ], [ 136.66816358, 36.40339475 ], [ 136.668253860000021, 36.40337113 ], [ 136.66834136, 36.40334031 ], [ 136.66850211, 36.40325361 ], [ 136.66881053, 36.40308725 ], [ 136.669579420000019, 36.40257197 ], [ 136.669993310000024, 36.40234531 ], [ 136.67009219000002, 36.4023028 ], [ 136.670211630000011, 36.40226031 ], [ 136.670339970000015, 36.40222947 ], [ 136.670587200000028, 36.40217059 ], [ 136.67080275, 36.40214669 ], [ 136.67090776, 36.4021492 ], [ 136.671041920000022, 36.40216587 ], [ 136.671210800000011, 36.40220836 ], [ 136.671630250000021, 36.40239253 ], [ 136.672334140000032, 36.40264947 ], [ 136.67260636, 36.4027492 ], [ 136.672743310000016, 36.40279892 ], [ 136.67286275, 36.40283197 ], [ 136.672976080000012, 36.40284864 ], [ 136.6731508, 36.40285086 ], [ 136.673357760000016, 36.40282975 ], [ 136.673559970000014, 36.40277295 ], [ 136.674019140000013, 36.40263141 ], [ 136.67415302, 36.40257225 ], [ 136.67441525000001, 36.40244947 ], [ 136.674569690000027, 36.40235253 ], [ 136.674735810000016, 36.4022178 ], [ 136.675, 36.40190761 ], [ 136.675003310000022, 36.40190375 ], [ 136.675035810000026, 36.40186559 ], [ 136.675635520000014, 36.40125114 ], [ 136.675691090000015, 36.40116836 ], [ 136.67571442000002, 36.4010928 ], [ 136.675705530000016, 36.40100059 ], [ 136.67567053, 36.40086364 ], [ 136.67566776000001, 36.40079503 ], [ 136.675679420000023, 36.40071447 ], [ 136.6757172, 36.40059864 ], [ 136.675784140000019, 36.40045697 ], [ 136.67586302, 36.40030086 ], [ 136.675906640000022, 36.4001828 ], [ 136.675938590000015, 36.40006447 ], [ 136.675955470000019, 36.4 ], [ 136.675955690000023, 36.3999992 ], [ 136.6761572, 36.39923031 ], [ 136.67618636, 36.39915475 ], [ 136.676224140000016, 36.39907447 ], [ 136.676311630000015, 36.39894892 ], [ 136.676486360000013, 36.39875753 ], [ 136.676664140000014, 36.39863697 ], [ 136.676885520000013, 36.39852836 ], [ 136.67700776, 36.39849753 ], [ 136.67722053, 36.39845031 ], [ 136.677433310000026, 36.39843613 ], [ 136.678085810000027, 36.39848586 ], [ 136.678333580000015, 36.39850003 ], [ 136.67841497, 36.39850225 ], [ 136.67851997, 36.39849305 ], [ 136.678624690000021, 36.39844805 ], [ 136.67956275, 36.39798251 ], [ 136.679655500000024, 36.3979348 ], [ 136.67983608, 36.39784195 ], [ 136.68041331, 36.39754528 ], [ 136.680494970000012, 36.39748611 ], [ 136.680573580000015, 36.39742472 ], [ 136.680856080000012, 36.39714333 ], [ 136.680911630000026, 36.39711028 ], [ 136.6809872, 36.39707722 ], [ 136.68116219, 36.39706305 ], [ 136.68181747, 36.39708667 ], [ 136.68206192, 36.39707751 ], [ 136.6823008, 36.39704667 ], [ 136.682440800000023, 36.39701584 ], [ 136.68258942, 36.39696861 ], [ 136.682816640000027, 36.39685056 ], [ 136.683333330000011, 36.39648813 ], [ 136.683336640000022, 36.3964858 ], [ 136.68346053, 36.39639889 ], [ 136.683731360000024, 36.39618861 ], [ 136.68408969, 36.39585056 ], [ 136.68461414, 36.39513222 ], [ 136.68475691, 36.39495028 ], [ 136.684771360000013, 36.39488639 ], [ 136.68476859, 36.39481556 ], [ 136.68474525000002, 36.39476111 ], [ 136.684649140000033, 36.39463333 ], [ 136.68455302000001, 36.39452223 ], [ 136.684485810000012, 36.39441584 ], [ 136.68443636, 36.39431195 ], [ 136.68438691, 36.39413944 ], [ 136.684381090000016, 36.39405889 ], [ 136.684395530000018, 36.39397861 ], [ 136.684462750000023, 36.39380833 ], [ 136.68451803, 36.39370667 ], [ 136.68479192, 36.39338556 ], [ 136.685333860000014, 36.39287972 ], [ 136.68618136, 36.39226028 ], [ 136.686297760000031, 36.39218251 ], [ 136.686353020000013, 36.39213778 ], [ 136.68641442, 36.39206695 ], [ 136.68650939, 36.39192723 ], [ 136.686522170000018, 36.39190833 ], [ 136.68657467, 36.39183277 ], [ 136.68663272, 36.39178305 ], [ 136.686708560000028, 36.39175251 ], [ 136.68678134000001, 36.39174305 ], [ 136.68690078, 36.39174305 ], [ 136.68697355, 36.39175723 ], [ 136.68703772, 36.39178777 ], [ 136.68712803, 36.39183277 ], [ 136.687253310000017, 36.39187777 ], [ 136.68743691, 36.39193917 ], [ 136.687503860000021, 36.39194639 ], [ 136.687559420000014, 36.39193917 ], [ 136.687649690000029, 36.39191084 ], [ 136.68771942, 36.39187528 ], [ 136.687748590000012, 36.39185639 ], [ 136.687809970000018, 36.3917925 ], [ 136.68789694, 36.39166667 ], [ 136.68789752, 36.39166584 ], [ 136.68798467000002, 36.39153972 ], [ 136.68805745, 36.39147833 ], [ 136.68812438, 36.39145444 ], [ 136.68828467, 36.39145444 ], [ 136.68853497, 36.39148056 ], [ 136.688695250000023, 36.39149472 ], [ 136.68876803, 36.39149472 ], [ 136.68885248, 36.39147584 ], [ 136.68897192, 36.39144278 ], [ 136.689047760000022, 36.391405 ], [ 136.689260510000025, 36.39125833 ], [ 136.68931577, 36.39119695 ], [ 136.689365230000021, 36.39111417 ], [ 136.68938272, 36.39095805 ], [ 136.68940022000001, 36.39079751 ], [ 136.68941189, 36.39074778 ], [ 136.68946134, 36.39066751 ], [ 136.68955745, 36.39058028 ], [ 136.689676890000015, 36.39049751 ], [ 136.689714940000016, 36.39046195 ], [ 136.68974995, 36.39040777 ], [ 136.68978494000001, 36.39012639 ], [ 136.689860510000017, 36.38971972 ], [ 136.68990438, 36.38964417 ], [ 136.689985770000021, 36.38958972 ], [ 136.690096610000012, 36.38956139 ], [ 136.690326610000028, 36.38953305 ], [ 136.690918, 36.38949277 ], [ 136.691535500000015, 36.38937944 ], [ 136.691666670000018, 36.38934844 ], [ 136.69166995, 36.38934767 ], [ 136.692386060000018, 36.38917833 ], [ 136.69254462, 36.38912117 ], [ 136.692549390000011, 36.38911944 ], [ 136.692657170000018, 36.38903667 ], [ 136.692928, 36.38864222 ], [ 136.69305911, 36.38851917 ], [ 136.693187450000011, 36.38843889 ], [ 136.693283550000018, 36.38837751 ], [ 136.693315500000011, 36.38837028 ], [ 136.69342051000001, 36.38838444 ], [ 136.693644670000026, 36.38842 ], [ 136.69409328, 36.38852389 ], [ 136.69421272, 36.38855695 ], [ 136.694311610000028, 36.388595 ], [ 136.69442523, 36.38866805 ], [ 136.694603, 36.38884778 ], [ 136.694721610000016, 36.38898195 ], [ 136.69475745, 36.38902251 ], [ 136.694786610000023, 36.38909333 ], [ 136.694783550000011, 36.38942667 ], [ 136.694818560000016, 36.38951167 ], [ 136.694941050000011, 36.38964167 ], [ 136.695048830000019, 36.38976472 ], [ 136.69513022000001, 36.38982139 ], [ 136.69521189, 36.38984972 ], [ 136.69532272, 36.38984972 ], [ 136.695823550000028, 36.38975747 ], [ 136.695998270000018, 36.38974331 ], [ 136.696245770000019, 36.38977414 ], [ 136.696487720000022, 36.38983331 ], [ 136.697079140000028, 36.39002941 ], [ 136.69722776, 36.39009553 ], [ 136.69730358000001, 36.39014053 ], [ 136.697393870000013, 36.39021859 ], [ 136.697484140000029, 36.39030136 ], [ 136.69773564, 36.39048169 ], [ 136.69783664000002, 36.39055414 ], [ 136.69802608, 36.39066303 ], [ 136.69817136, 36.39073636 ], [ 136.69825886000001, 36.39076469 ], [ 136.698375250000026, 36.39079303 ], [ 136.698561630000029, 36.39083553 ], [ 136.69874525, 36.39088247 ], [ 136.7, 36.39124139 ], [ 136.70000331, 36.39124233 ], [ 136.700207760000012, 36.3913008 ], [ 136.70143103, 36.3916658 ], [ 136.701433870000017, 36.39166667 ], [ 136.70190302, 36.39180664 ], [ 136.70216248, 36.39186831 ], [ 136.702465530000012, 36.39192497 ], [ 136.70274803, 36.39195331 ], [ 136.703257470000011, 36.39200525 ], [ 136.70438776, 36.39215136 ], [ 136.704851360000021, 36.39221108 ], [ 136.70504053, 36.39222747 ], [ 136.705311630000011, 36.39223941 ], [ 136.70543109, 36.39222997 ], [ 136.70555636, 36.39219913 ], [ 136.705838590000013, 36.39209525 ], [ 136.705989970000019, 36.39201941 ], [ 136.70624942, 36.39183525 ], [ 136.706499220000012, 36.39166667 ], [ 136.706500510000012, 36.3916658 ], [ 136.70673302, 36.39150887 ], [ 136.706925250000012, 36.39141664 ], [ 136.707161360000015, 36.39131747 ], [ 136.707382750000022, 36.39125136 ], [ 136.70752248, 36.39124192 ], [ 136.70776136, 36.39126553 ], [ 136.70791302, 36.39128914 ], [ 136.70827136, 36.39132441 ], [ 136.708333330000016, 36.39132751 ], [ 136.708336640000027, 36.39132767 ], [ 136.708699140000022, 36.3913458 ], [ 136.708981920000014, 36.39134359 ], [ 136.709223580000014, 36.39135303 ], [ 136.70943053, 36.39138359 ], [ 136.709657760000027, 36.39144497 ], [ 136.709829690000021, 36.39148525 ], [ 136.709975250000014, 36.3914972 ], [ 136.710123870000018, 36.39147831 ], [ 136.71021414, 36.39143331 ], [ 136.71030163, 36.39135053 ], [ 136.71036275, 36.39123941 ], [ 136.710558030000016, 36.39069608 ], [ 136.71067442, 36.39025164 ], [ 136.710680250000024, 36.39011441 ], [ 136.710656910000012, 36.38988997 ], [ 136.71061053, 36.38975275 ], [ 136.71031022, 36.38925164 ], [ 136.710030510000024, 36.38875525 ], [ 136.71001328, 36.38870331 ], [ 136.710004380000015, 36.38863247 ], [ 136.710010900000015, 36.38844275 ], [ 136.71001328, 36.38837275 ], [ 136.71010633, 36.38788553 ], [ 136.710170510000012, 36.38769692 ], [ 136.710269660000023, 36.3874058 ], [ 136.71043272, 36.3869022 ], [ 136.710636610000023, 36.38642247 ], [ 136.71067438, 36.38630441 ], [ 136.71069189, 36.38617692 ], [ 136.710683280000012, 36.38599969 ], [ 136.71065995, 36.38592859 ], [ 136.71017355, 36.38504941 ], [ 136.710103840000016, 36.38489803 ], [ 136.71006577, 36.38478941 ], [ 136.710024940000011, 36.38455525 ], [ 136.71001633, 36.38435664 ], [ 136.7099562, 36.38333333 ], [ 136.709956130000023, 36.38333247 ], [ 136.709920220000015, 36.38272108 ], [ 136.709914380000015, 36.3824422 ], [ 136.709923, 36.3822958 ], [ 136.70994939, 36.38214441 ], [ 136.709981340000013, 36.3819008 ], [ 136.710028, 36.38166469 ], [ 136.7100455, 36.38150887 ], [ 136.7100455, 36.3813172 ], [ 136.710013550000014, 36.38081608 ], [ 136.71001633, 36.3807122 ], [ 136.71005134, 36.38059387 ], [ 136.71013577, 36.3804308 ], [ 136.710266890000014, 36.38025108 ], [ 136.71040384, 36.38007387 ], [ 136.710485500000033, 36.37994164 ], [ 136.71052051, 36.37981636 ], [ 136.71052606, 36.37959413 ], [ 136.71052911000001, 36.37936275 ], [ 136.710555230000011, 36.37917108 ], [ 136.710587440000012, 36.37907913 ], [ 136.71064438, 36.37896775 ], [ 136.71068630000002, 36.37888525 ], [ 136.7108263, 36.37866525 ], [ 136.710840750000017, 36.37862747 ], [ 136.710855470000013, 36.37847859 ], [ 136.710861310000013, 36.3782422 ], [ 136.710875750000014, 36.37817608 ], [ 136.710910750000011, 36.37813359 ], [ 136.710960200000017, 36.37811469 ], [ 136.71118464, 36.37810497 ], [ 136.71156908, 36.37810747 ], [ 136.712111030000017, 36.37806969 ], [ 136.7121927, 36.37806025 ], [ 136.712297420000027, 36.37803413 ], [ 136.71238492, 36.37800359 ], [ 136.712510190000017, 36.37792775 ], [ 136.712606300000033, 36.3778522 ], [ 136.71309575, 36.377448 ], [ 136.71320936, 36.37737939 ], [ 136.7133402, 36.3773155 ], [ 136.71348575, 36.37724967 ], [ 136.71370436, 36.37718828 ], [ 136.71392881, 36.37715022 ], [ 136.714117980000026, 36.37713384 ], [ 136.71452020000001, 36.37712661 ], [ 136.714866860000029, 36.37712911 ], [ 136.71516409, 36.37711495 ], [ 136.715481580000016, 36.37707717 ], [ 136.715650470000014, 36.37703911 ], [ 136.71578464000001, 36.37699189 ], [ 136.71586908, 36.37692328 ], [ 136.7159302, 36.37683828 ], [ 136.715973800000029, 36.37668689 ], [ 136.71599131, 36.37652856 ], [ 136.715985470000021, 36.37648384 ], [ 136.715778809999989, 36.37595661 ], [ 136.715580750000015, 36.37502551 ], [ 136.71557737, 36.375 ], [ 136.71557725, 36.37499911 ], [ 136.715458250000012, 36.37409884 ], [ 136.71535047, 36.37354105 ], [ 136.71535047, 36.37346077 ], [ 136.71535047, 36.37340633 ], [ 136.715363530000019, 36.37325328 ], [ 136.715367980000025, 36.3732005 ], [ 136.71539992000001, 36.37301633 ], [ 136.71544964, 36.37280133 ], [ 136.715504920000029, 36.37263828 ], [ 136.715592410000028, 36.37235939 ], [ 136.71588075, 36.37152717 ], [ 136.71596519, 36.37141133 ], [ 136.716072970000027, 36.37130967 ], [ 136.71619547, 36.37123661 ], [ 136.716323530000011, 36.37117495 ], [ 136.71653326, 36.37112551 ], [ 136.71666667, 36.37109597 ], [ 136.716669920000015, 36.37109525 ], [ 136.716833260000016, 36.37105911 ], [ 136.71724713, 36.37102384 ], [ 136.717841310000011, 36.37095995 ], [ 136.718173260000015, 36.37089411 ], [ 136.71847326, 36.37083717 ], [ 136.718604360000029, 36.37078995 ], [ 136.718674360000023, 36.37074744 ], [ 136.7187327, 36.37068356 ], [ 136.71880825, 36.37057244 ], [ 136.719047390000014, 36.37012577 ], [ 136.71912294, 36.37002884 ], [ 136.719230730000021, 36.36992717 ], [ 136.719405720000026, 36.36979023 ], [ 136.71965628, 36.36962689 ], [ 136.720734060000012, 36.36876689 ], [ 136.720760440000021, 36.36875495 ], [ 136.720827390000011, 36.36876439 ], [ 136.72126406000001, 36.36892744 ], [ 136.72200988, 36.36924884 ], [ 136.722126550000013, 36.36928661 ], [ 136.72223433000002, 36.36930078 ], [ 136.72237128, 36.36931495 ], [ 136.7225985, 36.36932439 ], [ 136.722770170000018, 36.36930772 ], [ 136.72288961000001, 36.36926772 ], [ 136.72302961, 36.36920189 ], [ 136.723116840000017, 36.36913495 ], [ 136.72330044, 36.36899384 ], [ 136.72352766000003, 36.36875967 ], [ 136.72388294000001, 36.36843105 ], [ 136.723955720000021, 36.36838633 ], [ 136.72403739, 36.368353 ], [ 136.724139340000022, 36.36833411 ], [ 136.724351830000018, 36.36833189 ], [ 136.724672390000023, 36.36834828 ], [ 136.724969610000016, 36.36837911 ], [ 136.725, 36.36838387 ], [ 136.725003220000019, 36.36838436 ], [ 136.72530183, 36.36843105 ], [ 136.72543572, 36.36846661 ], [ 136.72558433, 36.36853523 ], [ 136.72566294, 36.36858967 ], [ 136.72581739, 36.36872661 ], [ 136.725997950000021, 36.36886605 ], [ 136.72613211, 36.36895356 ], [ 136.72621655, 36.36898661 ], [ 136.72628655, 36.36899605 ], [ 136.726402670000027, 36.36898911 ], [ 136.726493260000012, 36.36896722 ], [ 136.727215450000017, 36.36879272 ], [ 136.72769044, 36.36867939 ], [ 136.72790322000003, 36.36862022 ], [ 136.727978780000029, 36.36859189 ], [ 136.72809239, 36.36853744 ], [ 136.728223500000013, 36.36846189 ], [ 136.72831961, 36.36838384 ], [ 136.72887044, 36.36787605 ], [ 136.729047950000023, 36.36774578 ], [ 136.72921711, 36.36764439 ], [ 136.729467390000025, 36.36750244 ], [ 136.729706280000016, 36.36733689 ], [ 136.72993044, 36.36718578 ], [ 136.730358780000017, 36.36694467 ], [ 136.730670440000011, 36.36678133 ], [ 136.730760730000014, 36.36673411 ], [ 136.730813220000016, 36.36672244 ], [ 136.73092406, 36.36673189 ], [ 136.7310085, 36.36673884 ], [ 136.73110462, 36.36673884 ], [ 136.731212390000024, 36.36673189 ], [ 136.731346550000012, 36.36671522 ], [ 136.73147462, 36.36668467 ], [ 136.731527280000023, 36.36666667 ], [ 136.731529920000014, 36.36666578 ], [ 136.73159988, 36.36664189 ], [ 136.731716550000016, 36.36657133 ], [ 136.73187655000001, 36.36646022 ], [ 136.73196711, 36.36641522 ], [ 136.732042670000027, 36.36638217 ], [ 136.732191280000023, 36.36636105 ], [ 136.73235406, 36.36633272 ], [ 136.73242406, 36.36631133 ], [ 136.732470440000014, 36.36629272 ], [ 136.73250572, 36.36627828 ], [ 136.732619340000014, 36.36623328 ], [ 136.732770730000027, 36.366193 ], [ 136.732989340000017, 36.36615772 ], [ 136.733298220000023, 36.36612467 ], [ 136.733333330000022, 36.366123 ], [ 136.733336550000018, 36.36612286 ], [ 136.73359822, 36.36611051 ], [ 136.73397097, 36.36612217 ], [ 136.734253750000022, 36.36615522 ], [ 136.734320700000012, 36.36616244 ], [ 136.734414030000011, 36.36615995 ], [ 136.734512920000014, 36.36613633 ], [ 136.734655690000011, 36.36609384 ], [ 136.73488597, 36.36599467 ], [ 136.73499652000001, 36.36593551 ], [ 136.73509569, 36.36586467 ], [ 136.73536042, 36.365633 ], [ 136.735418760000016, 36.36559272 ], [ 136.73548876000001, 36.36555717 ], [ 136.73561681000001, 36.36551717 ], [ 136.735759590000015, 36.36546269 ], [ 136.73587319, 36.36538714 ], [ 136.736204110000017, 36.36504469 ], [ 136.736231530000026, 36.36501631 ], [ 136.736919300000011, 36.36428575 ], [ 136.7374318, 36.3636452 ], [ 136.737551240000016, 36.36350603 ], [ 136.73765348, 36.36339714 ], [ 136.737784310000023, 36.36326714 ], [ 136.73786014, 36.36315603 ], [ 136.73793597, 36.36305436 ], [ 136.738029300000022, 36.36297631 ], [ 136.73820681, 36.36287964 ], [ 136.738308750000016, 36.36279908 ], [ 136.738428200000016, 36.36270214 ], [ 136.73859153, 36.36257936 ], [ 136.738763190000014, 36.3624988 ], [ 136.73888847, 36.36246575 ], [ 136.739010700000023, 36.36244687 ], [ 136.739328200000017, 36.36241853 ], [ 136.74039222, 36.36237731 ], [ 136.740921360000016, 36.36235684 ], [ 136.741160700000023, 36.36234769 ], [ 136.741338470000017, 36.36235464 ], [ 136.741466520000017, 36.36237603 ], [ 136.741522090000018, 36.36238547 ], [ 136.74166667, 36.36240389 ], [ 136.74166986, 36.36240428 ], [ 136.741670410000012, 36.36240436 ], [ 136.741853750000018, 36.36241186 ], [ 136.74193542, 36.36240936 ], [ 136.741982090000022, 36.36239992 ], [ 136.74201403, 36.36238325 ], [ 136.742052090000016, 36.36234325 ], [ 136.742081250000012, 36.36228659 ], [ 136.74225292, 36.36167408 ], [ 136.74236375000001, 36.36141659 ], [ 136.742590950000022, 36.36101936 ], [ 136.742882330000015, 36.3604688 ], [ 136.742995940000014, 36.36028464 ], [ 136.74316484, 36.36004353 ], [ 136.743281500000023, 36.35992047 ], [ 136.743421220000016, 36.35980936 ], [ 136.74360761, 36.35969131 ], [ 136.74378844, 36.35957075 ], [ 136.74396594000001, 36.35944297 ], [ 136.74412623, 36.35935325 ], [ 136.744269, 36.35926797 ], [ 136.744370950000018, 36.35922547 ], [ 136.744452610000025, 36.35919964 ], [ 136.74461872, 36.35915214 ], [ 136.744740950000022, 36.35912159 ], [ 136.74488678, 36.3590838 ], [ 136.74500039000003, 36.3590438 ], [ 136.74513733, 36.35899408 ], [ 136.745250950000013, 36.35892325 ], [ 136.745297610000023, 36.35888297 ], [ 136.745323720000016, 36.35883575 ], [ 136.74534706, 36.35867964 ], [ 136.74542872, 36.35840325 ], [ 136.745462890000027, 36.35833333 ], [ 136.74546333, 36.35833241 ], [ 136.74550733, 36.35824241 ], [ 136.745577060000016, 36.35812659 ], [ 136.74562927, 36.35807464 ], [ 136.745679, 36.35802492 ], [ 136.745847890000022, 36.3579138 ], [ 136.745944, 36.3578688 ], [ 136.74612178000001, 36.35781936 ], [ 136.746282050000019, 36.35777213 ], [ 136.74648289000001, 36.35767992 ], [ 136.746727610000022, 36.35751908 ], [ 136.74688733, 36.35737908 ], [ 136.74703817, 36.35733214 ], [ 136.74729095, 36.35721964 ], [ 136.747567890000028, 36.35685908 ], [ 136.747728170000016, 36.35628547 ], [ 136.747742890000012, 36.35557575 ], [ 136.74777927, 36.35529214 ], [ 136.74787397, 36.35513269 ], [ 136.74824564, 36.35503214 ], [ 136.748828690000011, 36.35487825 ], [ 136.7490837, 36.35467714 ], [ 136.749317030000014, 36.35417464 ], [ 136.74961564, 36.35371964 ], [ 136.749848970000016, 36.3533352 ], [ 136.749987300000015, 36.35319936 ], [ 136.75, 36.35318967 ], [ 136.750003140000018, 36.35318728 ], [ 136.75094898, 36.35246603 ], [ 136.75146647, 36.35227686 ], [ 136.751743410000017, 36.35206408 ], [ 136.75186008, 36.35185131 ], [ 136.75192564, 36.35146686 ], [ 136.75199842, 36.35139603 ], [ 136.75212231, 36.35132492 ], [ 136.75237008, 36.35122436 ], [ 136.753172580000012, 36.35056769 ], [ 136.753215360000013, 36.35053269 ], [ 136.753764890000014, 36.35 ], [ 136.753765840000028, 36.34999908 ], [ 136.75381311000001, 36.34995325 ], [ 136.7541845, 36.34968131 ], [ 136.754774770000012, 36.34932659 ], [ 136.75522283, 36.34893047 ], [ 136.75544506, 36.34879741 ], [ 136.755492550000014, 36.34877964 ], [ 136.755554500000017, 36.34877964 ], [ 136.756210340000024, 36.34913159 ], [ 136.75697922, 36.34954825 ], [ 136.757434500000016, 36.34973769 ], [ 136.75824338000001, 36.34984992 ], [ 136.758333330000028, 36.34986195 ], [ 136.75833645, 36.34986236 ], [ 136.75908506, 36.34996241 ], [ 136.759238110000013, 36.34995047 ], [ 136.75946756, 36.34985628 ], [ 136.759511440000011, 36.34983825 ], [ 136.760065060000017, 36.34965769 ], [ 136.760746160000025, 36.34930908 ], [ 136.76259034, 36.34857741 ], [ 136.763085620000027, 36.34838075 ], [ 136.764156420000035, 36.34817964 ], [ 136.76462669, 36.34798159 ], [ 136.765125860000012, 36.3476952 ], [ 136.7655192, 36.34736686 ], [ 136.76566141, 36.34714214 ], [ 136.76580725, 36.34696186 ], [ 136.765934750000014, 36.34689992 ], [ 136.766149750000011, 36.34687603 ], [ 136.76629920000002, 36.34682297 ], [ 136.76666667, 36.34664217 ], [ 136.76666975, 36.34664064 ], [ 136.76667808000002, 36.34663656 ], [ 136.766973090000022, 36.34650072 ], [ 136.767268370000011, 36.34641795 ], [ 136.76763614, 36.34642684 ], [ 136.76798947, 36.34647711 ], [ 136.768689200000011, 36.34672825 ], [ 136.76874003, 36.34673131 ], [ 136.769239200000015, 36.34662187 ], [ 136.76966558, 36.34657187 ], [ 136.76975669, 36.34653353 ], [ 136.769968080000012, 36.34633547 ], [ 136.770055580000019, 36.34612544 ], [ 136.770146690000018, 36.34548684 ], [ 136.77027419, 36.34497517 ], [ 136.770373920000026, 36.34423877 ], [ 136.770379750000018, 36.34419489 ], [ 136.770485550000018, 36.34324295 ], [ 136.77052555, 36.343101 ], [ 136.77080611, 36.34274044 ], [ 136.771079440000022, 36.34232684 ], [ 136.771225010000023, 36.34195128 ], [ 136.77124837, 36.34166667 ], [ 136.771248440000022, 36.34166572 ], [ 136.771257780000013, 36.34155211 ], [ 136.77127973, 36.341141 ], [ 136.77124333, 36.34095795 ], [ 136.771024720000014, 36.34050239 ], [ 136.77074805, 36.33998822 ], [ 136.770718890000012, 36.33984044 ], [ 136.77075167000001, 36.33965711 ], [ 136.77079555, 36.339601 ], [ 136.77095083, 36.33952239 ], [ 136.770988610000018, 36.33950351 ], [ 136.77139639, 36.33935851 ], [ 136.771778880000028, 36.33929351 ], [ 136.771833610000016, 36.33929656 ], [ 136.77222, 36.339406 ], [ 136.77267889, 36.33944739 ], [ 136.773028880000027, 36.33941184 ], [ 136.773313060000021, 36.33932323 ], [ 136.77367361, 36.33912211 ], [ 136.77413997, 36.338776 ], [ 136.77431497, 36.33869351 ], [ 136.77499248, 36.33849544 ], [ 136.775, 36.33849405 ], [ 136.775003020000014, 36.33849347 ], [ 136.77537136, 36.33842461 ], [ 136.77581608, 36.33838017 ], [ 136.777182480000022, 36.33816433 ], [ 136.77728442, 36.33815267 ], [ 136.77737553, 36.33816156 ], [ 136.77760859, 36.33822072 ], [ 136.77783442, 36.33833295 ], [ 136.77843192, 36.33874989 ], [ 136.77891302, 36.33899822 ], [ 136.77902942, 36.33905128 ], [ 136.77956136, 36.33916684 ], [ 136.779860250000013, 36.33926128 ], [ 136.780191920000021, 36.33942405 ], [ 136.78052691000002, 36.33955711 ], [ 136.780821920000022, 36.33967517 ], [ 136.781010800000018, 36.33980433 ], [ 136.781171630000017, 36.33991433 ], [ 136.78159803, 36.34023684 ], [ 136.78197691, 36.34062711 ], [ 136.78234497, 36.34096711 ], [ 136.78255275, 36.34113544 ], [ 136.782854970000017, 36.34129239 ], [ 136.783317660000023, 36.34166572 ], [ 136.783318830000013, 36.34166667 ], [ 136.78333333, 36.34167836 ], [ 136.783336350000013, 36.34168084 ], [ 136.783510800000016, 36.34182159 ], [ 136.784216360000016, 36.34215853 ], [ 136.784469140000027, 36.34227936 ], [ 136.78468053, 36.3422202 ], [ 136.784949970000014, 36.34207853 ], [ 136.785256080000011, 36.34193075 ], [ 136.785620250000022, 36.34180659 ], [ 136.78573691, 36.34172964 ], [ 136.785765420000018, 36.34166667 ], [ 136.78576584000001, 36.34166575 ], [ 136.785868030000017, 36.34143992 ], [ 136.786006640000011, 36.34100241 ], [ 136.78604302, 36.34001517 ], [ 136.785911920000018, 36.33959517 ], [ 136.785394700000012, 36.33905128 ], [ 136.78536553, 36.33895656 ], [ 136.785540250000025, 36.33844823 ], [ 136.785547720000011, 36.33746072 ], [ 136.785554940000026, 36.33731295 ], [ 136.785868280000017, 36.33682211 ], [ 136.78597772, 36.33641933 ], [ 136.786092440000033, 36.33620433 ], [ 136.786106610000019, 36.33579851 ], [ 136.785996610000012, 36.33553989 ], [ 136.78586134, 36.33528795 ], [ 136.78593745, 36.33518072 ], [ 136.78626995, 36.33492072 ], [ 136.78645828, 36.33471295 ], [ 136.78673856, 36.33448239 ], [ 136.78694689, 36.33429711 ], [ 136.786943, 36.33403377 ], [ 136.78687883, 36.333751 ], [ 136.786931050000021, 36.33342933 ], [ 136.786887470000011, 36.33333333 ], [ 136.786887060000026, 36.33333239 ], [ 136.78685883, 36.33327017 ], [ 136.786426620000015, 36.33277295 ], [ 136.786218280000014, 36.33244489 ], [ 136.786146060000021, 36.33221072 ], [ 136.78600577, 36.33181767 ], [ 136.785849660000025, 36.33147628 ], [ 136.78566131, 36.331096 ], [ 136.78565523, 36.33108844 ], [ 136.78548102000002, 36.33087184 ], [ 136.78526075, 36.33068351 ], [ 136.78482047, 36.33048184 ], [ 136.7844038, 36.33029377 ], [ 136.78402713, 36.33020267 ], [ 136.783818810000014, 36.33008572 ], [ 136.78365075, 36.32981267 ], [ 136.78365075, 36.32959156 ], [ 136.78374686, 36.32924405 ], [ 136.78396659, 36.32898905 ], [ 136.783971020000024, 36.32898405 ], [ 136.78431575, 36.32872405 ], [ 136.78474825, 36.32843461 ], [ 136.78502075, 36.32820739 ], [ 136.785309080000019, 36.32808072 ], [ 136.785717690000013, 36.32786295 ], [ 136.785866030000022, 36.32773628 ], [ 136.78603825, 36.32753489 ], [ 136.786174360000018, 36.32732684 ], [ 136.78642686, 36.32704405 ], [ 136.78682297, 36.32675184 ], [ 136.787043260000019, 36.32656656 ], [ 136.7874438, 36.32630017 ], [ 136.78777241, 36.32603684 ], [ 136.78798075, 36.32588405 ], [ 136.788229050000012, 36.32568905 ], [ 136.788597660000022, 36.32527961 ], [ 136.78878394, 36.32515417 ], [ 136.788857950000022, 36.32510433 ], [ 136.788974250000024, 36.325 ], [ 136.788975310000012, 36.32499905 ], [ 136.789122390000017, 36.32486711 ], [ 136.789282670000034, 36.32461684 ], [ 136.789466840000017, 36.32420739 ], [ 136.789671280000022, 36.32400905 ], [ 136.789887390000018, 36.32351851 ], [ 136.7899635, 36.323301 ], [ 136.790107660000018, 36.32309933 ], [ 136.790196010000017, 36.32271933 ], [ 136.790257950000012, 36.32254184 ], [ 136.790316, 36.32237461 ], [ 136.790420170000033, 36.32207572 ], [ 136.79043239, 36.32200517 ], [ 136.790456280000029, 36.32186767 ], [ 136.790432110000012, 36.32151017 ], [ 136.790316, 36.32130239 ], [ 136.790083770000024, 36.32103267 ], [ 136.78984739, 36.320776 ], [ 136.789779610000011, 36.3206818 ], [ 136.789483220000022, 36.3205518 ], [ 136.789254890000024, 36.32028541 ], [ 136.789186840000013, 36.32000569 ], [ 136.789234890000017, 36.31981736 ], [ 136.78933905, 36.31960931 ], [ 136.78945097, 36.31914792 ], [ 136.789667370000018, 36.31881347 ], [ 136.789783480000011, 36.31864764 ], [ 136.789915690000015, 36.31832264 ], [ 136.789971800000018, 36.31786097 ], [ 136.79001986, 36.31764653 ], [ 136.79009209000003, 36.31729875 ], [ 136.790260140000015, 36.31684708 ], [ 136.790337170000015, 36.31666667 ], [ 136.79033759, 36.31666569 ], [ 136.79034042, 36.31665903 ], [ 136.79049652, 36.31631431 ], [ 136.790628750000025, 36.31593431 ], [ 136.7905207, 36.31569041 ], [ 136.790408469999988, 36.31541736 ], [ 136.790308200000027, 36.31514128 ], [ 136.7902282, 36.31467322 ], [ 136.790168200000011, 36.31439072 ], [ 136.78987569, 36.31410156 ], [ 136.789471240000012, 36.313861 ], [ 136.789466810000022, 36.31385795 ], [ 136.789207080000011, 36.31367905 ], [ 136.788958760000014, 36.31341239 ], [ 136.78872236, 36.31307128 ], [ 136.788550140000012, 36.31273989 ], [ 136.788357640000015, 36.3123335 ], [ 136.78838986, 36.31209628 ], [ 136.788578200000018, 36.31131656 ], [ 136.788626250000021, 36.31109572 ], [ 136.788750420000014, 36.31032211 ], [ 136.789014580000014, 36.31018877 ], [ 136.789363190000017, 36.30999378 ], [ 136.789655690000018, 36.30956489 ], [ 136.789719860000019, 36.30936044 ], [ 136.78980791, 36.30912323 ], [ 136.789753390000016, 36.30863969 ], [ 136.789743750000014, 36.30855433 ], [ 136.789779110000012, 36.30833333 ], [ 136.78977925, 36.30833239 ], [ 136.78978014, 36.30832684 ], [ 136.789984310000023, 36.30798572 ], [ 136.790120700000017, 36.30760544 ], [ 136.790128470000013, 36.307326 ], [ 136.79024486, 36.30692295 ], [ 136.790280700000011, 36.30658211 ], [ 136.79031681, 36.30634489 ], [ 136.790392920000016, 36.30605239 ], [ 136.790378200000021, 36.30556877 ], [ 136.790377080000013, 36.30552905 ], [ 136.790392920000016, 36.30531767 ], [ 136.79047319, 36.305061 ], [ 136.790737370000016, 36.30463853 ], [ 136.790849580000014, 36.30435269 ], [ 136.79097375, 36.30404047 ], [ 136.79110597, 36.30360547 ], [ 136.791150140000013, 36.30336825 ], [ 136.79109791, 36.30302047 ], [ 136.79086958000002, 36.30258159 ], [ 136.79074542, 36.30230853 ], [ 136.79064542, 36.3020778 ], [ 136.790637640000028, 36.30188631 ], [ 136.79080597, 36.30156131 ], [ 136.790902090000031, 36.30134353 ], [ 136.79100209, 36.30102825 ], [ 136.79113042, 36.30055713 ], [ 136.79131458, 36.30037187 ], [ 136.791666670000012, 36.30011689 ], [ 136.791669580000018, 36.30011477 ], [ 136.791691250000014, 36.30009908 ], [ 136.79180936000003, 36.3 ], [ 136.79181044, 36.29999908 ], [ 136.79205542, 36.29979353 ], [ 136.79226791, 36.29929297 ], [ 136.792287080000023, 36.29921103 ], [ 136.79234403000001, 36.29896464 ], [ 136.79230014, 36.29850325 ], [ 136.792748750000015, 36.2981002 ], [ 136.79306514000001, 36.29774269 ], [ 136.79338569, 36.29735964 ], [ 136.79370597, 36.29681686 ], [ 136.79393042, 36.29605633 ], [ 136.793974580000025, 36.29582577 ], [ 136.794126810000023, 36.29553633 ], [ 136.79464348, 36.29493189 ], [ 136.79493986, 36.29467522 ], [ 136.79519625, 36.29433384 ], [ 136.79527625, 36.29408077 ], [ 136.795380420000015, 36.29372967 ], [ 136.795364580000012, 36.29338856 ], [ 136.795320410000016, 36.29303439 ], [ 136.795356520000013, 36.292693 ], [ 136.7954607, 36.29249467 ], [ 136.79577319, 36.29231633 ], [ 136.79601348, 36.29225133 ], [ 136.796493990000016, 36.29213439 ], [ 136.79697844, 36.29199467 ], [ 136.79717317, 36.29185189 ], [ 136.79718678, 36.29184189 ], [ 136.797469, 36.29166667 ], [ 136.797470410000017, 36.29166577 ], [ 136.79757956, 36.291598 ], [ 136.798240390000018, 36.29120161 ], [ 136.798576500000024, 36.29108133 ], [ 136.799077329999989, 36.29088023 ], [ 136.799353990000014, 36.29080495 ], [ 136.79971039000003, 36.29071772 ], [ 136.8, 36.290633 ], [ 136.80000289000003, 36.29063214 ], [ 136.800299, 36.2905455 ], [ 136.800519560000026, 36.29047384 ], [ 136.800859560000021, 36.29034386 ], [ 136.80120817, 36.2900222 ], [ 136.801408440000017, 36.28972359 ], [ 136.801596780000011, 36.28949913 ], [ 136.801796420000016, 36.28907292 ], [ 136.80182511000001, 36.28901164 ], [ 136.80200122, 36.28880692 ], [ 136.80222151000001, 36.2885372 ], [ 136.802405940000028, 36.28816053 ], [ 136.802485940000025, 36.28783886 ], [ 136.802570120000013, 36.28746497 ], [ 136.80253817000002, 36.28704913 ], [ 136.802670390000031, 36.28678913 ], [ 136.803159, 36.2864608 ], [ 136.803699560000013, 36.28617497 ], [ 136.804023990000019, 36.28604831 ], [ 136.804212330000013, 36.28585997 ], [ 136.804250950000011, 36.28575831 ], [ 136.80431234, 36.28559664 ], [ 136.804340390000021, 36.28533997 ], [ 136.804548720000014, 36.28509608 ], [ 136.805129560000012, 36.28489469 ], [ 136.805397890000023, 36.28477469 ], [ 136.8056865, 36.28469997 ], [ 136.805942890000011, 36.28437497 ], [ 136.805986780000012, 36.28409859 ], [ 136.80603095, 36.28391331 ], [ 136.80611511, 36.28364361 ], [ 136.80606228000002, 36.28333333 ], [ 136.80606214, 36.2833325 ], [ 136.806050950000014, 36.28326667 ], [ 136.805870660000011, 36.28285417 ], [ 136.80594678, 36.28259111 ], [ 136.806050950000014, 36.28222389 ], [ 136.806050950000014, 36.28184361 ], [ 136.80602678, 36.28154139 ], [ 136.80597484, 36.28125861 ], [ 136.805893160000011, 36.28097389 ], [ 136.805770390000021, 36.28078444 ], [ 136.80557289, 36.28050111 ], [ 136.805614280000015, 36.27995889 ], [ 136.80562623, 36.27974444 ], [ 136.80560234, 36.27935111 ], [ 136.805530120000014, 36.27898723 ], [ 136.80551012, 36.27869167 ], [ 136.805453990000018, 36.27830167 ], [ 136.805430120000011, 36.27796361 ], [ 136.80541789000003, 36.27787277 ], [ 136.805550120000021, 36.27767777 ], [ 136.80556066, 36.27765695 ], [ 136.805694280000012, 36.277395 ], [ 136.80581455, 36.27710251 ], [ 136.80585872, 36.27690111 ], [ 136.805906780000015, 36.27666084 ], [ 136.80593872, 36.2763 ], [ 136.805986780000012, 36.27594889 ], [ 136.80600289000003, 36.27580611 ], [ 136.806199, 36.27569861 ], [ 136.806435380000011, 36.27563056 ], [ 136.806792050000013, 36.27549389 ], [ 136.80749289000002, 36.27519833 ], [ 136.807871850000026, 36.275 ], [ 136.807873450000017, 36.27499917 ], [ 136.80792122, 36.27497417 ], [ 136.808333330000011, 36.27472692 ], [ 136.80833623, 36.27472517 ], [ 136.808337890000018, 36.27472417 ], [ 136.80856234, 36.27456472 ], [ 136.808998980000013, 36.27433725 ], [ 136.809367300000019, 36.27414892 ], [ 136.80962786, 36.27399947 ], [ 136.8098762, 36.27385641 ], [ 136.810208690000024, 36.27354113 ], [ 136.81067314, 36.27342447 ], [ 136.81100953, 36.27334308 ], [ 136.81142202, 36.27295641 ], [ 136.81153842, 36.27274503 ], [ 136.811830640000011, 36.27246892 ], [ 136.81206703, 36.27223503 ], [ 136.8124037, 36.27196197 ], [ 136.812639800000028, 36.27179614 ], [ 136.812819800000028, 36.27159364 ], [ 136.813000360000018, 36.27139031 ], [ 136.813196740000024, 36.27122447 ], [ 136.813504810000012, 36.27103587 ], [ 136.81396953, 36.27073364 ], [ 136.814161750000011, 36.27054197 ], [ 136.81440231000002, 36.27031447 ], [ 136.814558420000026, 36.26994087 ], [ 136.81467064, 36.26963225 ], [ 136.814866740000014, 36.26926503 ], [ 136.81501508, 36.26886864 ], [ 136.815018970000011, 36.26868641 ], [ 136.815039250000012, 36.26839087 ], [ 136.815003140000016, 36.26787725 ], [ 136.81498703, 36.26767613 ], [ 136.81489898, 36.2672795 ], [ 136.81472389000001, 36.26687769 ], [ 136.814710640000015, 36.26684728 ], [ 136.814658690000016, 36.26669784 ], [ 136.814650270000016, 36.26666667 ], [ 136.814650050000012, 36.26666589 ], [ 136.814578690000019, 36.266402 ], [ 136.814930920000023, 36.26634033 ], [ 136.81541564, 36.26625256 ], [ 136.815864250000033, 36.26611284 ], [ 136.816312870000019, 36.26597644 ], [ 136.816645360000024, 36.26586589 ], [ 136.816666670000018, 36.265861 ], [ 136.816669530000013, 36.26586036 ], [ 136.81701397, 36.26578144 ], [ 136.817510360000028, 36.26570033 ], [ 136.81787508, 36.26567756 ], [ 136.81830869, 36.265702 ], [ 136.81839564, 36.265707 ], [ 136.81912481, 36.26578811 ], [ 136.81957730000002, 36.26576867 ], [ 136.820085910000017, 36.26569395 ], [ 136.82048647000002, 36.26560617 ], [ 136.82079092, 36.26566784 ], [ 136.821515910000016, 36.26598644 ], [ 136.822324810000026, 36.26631144 ], [ 136.822669250000018, 36.26634395 ], [ 136.823082, 36.26631784 ], [ 136.823979220000012, 36.26617811 ], [ 136.824367560000013, 36.26617811 ], [ 136.82484034, 36.26600922 ], [ 136.825, 36.26595644 ], [ 136.825002830000017, 36.2659555 ], [ 136.825184770000021, 36.26589533 ], [ 136.82560533, 36.26579478 ], [ 136.82639839, 36.26571339 ], [ 136.826918950000021, 36.26565811 ], [ 136.827640050000014, 36.26544703 ], [ 136.828445330000022, 36.26561286 ], [ 136.828757280000019, 36.26578814 ], [ 136.828890340000015, 36.2658362 ], [ 136.82923394, 36.26596036 ], [ 136.82972283, 36.26602869 ], [ 136.83001117, 36.2661098 ], [ 136.830427830000019, 36.26621397 ], [ 136.831228660000022, 36.2662012 ], [ 136.832153940000012, 36.26604841 ], [ 136.832442550000025, 36.26601925 ], [ 136.832987, 36.26596731 ], [ 136.833333330000016, 36.26591295 ], [ 136.833336160000016, 36.26591251 ], [ 136.83344367, 36.26589564 ], [ 136.833672, 36.26582759 ], [ 136.83370394, 36.26554147 ], [ 136.833555890000014, 36.26515147 ], [ 136.833511720000018, 36.26497592 ], [ 136.833547830000015, 36.26485564 ], [ 136.833764230000014, 36.2645862 ], [ 136.834060610000023, 36.26421897 ], [ 136.834200900000013, 36.26405341 ], [ 136.834397, 36.26377369 ], [ 136.83441292, 36.2637598 ], [ 136.834769490000014, 36.26344869 ], [ 136.835002, 36.26329925 ], [ 136.83526616, 36.26305231 ], [ 136.835506720000012, 36.26260092 ], [ 136.835662830000018, 36.26235397 ], [ 136.83582311, 36.26205813 ], [ 136.83609949, 36.26179175 ], [ 136.836386160000018, 36.26162203 ], [ 136.8371928, 36.26114484 ], [ 136.837605310000015, 36.26089484 ], [ 136.838046140000017, 36.26062844 ], [ 136.838266420000025, 36.26062511 ], [ 136.838783090000021, 36.26072928 ], [ 136.83929586, 36.26087539 ], [ 136.839796420000027, 36.26098595 ], [ 136.84006058, 36.26092428 ], [ 136.840689470000029, 36.26063817 ], [ 136.841021970000014, 36.26050178 ], [ 136.841322530000014, 36.26024817 ], [ 136.841623090000013, 36.25989067 ], [ 136.84166667, 36.25985156 ], [ 136.841669470000028, 36.25984903 ], [ 136.84195947, 36.25958872 ], [ 136.84203475000001, 36.25951733 ], [ 136.842123640000011, 36.25943289 ], [ 136.84230808, 36.25945872 ], [ 136.84264808, 36.25952372 ], [ 136.84324114, 36.25964733 ], [ 136.84368558, 36.25966344 ], [ 136.84392614, 36.25953344 ], [ 136.844286690000018, 36.25924095 ], [ 136.84457086, 36.25885095 ], [ 136.844515030000025, 36.25861705 ], [ 136.844351250000017, 36.25833333 ], [ 136.844350830000025, 36.25833261 ], [ 136.844338640000018, 36.2583115 ], [ 136.844156420000019, 36.25796428 ], [ 136.844122240000019, 36.257899 ], [ 136.844022240000015, 36.25761956 ], [ 136.844051700000023, 36.25732428 ], [ 136.844098370000012, 36.256924 ], [ 136.844190310000016, 36.25656011 ], [ 136.844250580000022, 36.25609205 ], [ 136.844330580000019, 36.25577067 ], [ 136.844458910000014, 36.25560817 ], [ 136.844595030000022, 36.25534484 ], [ 136.84463503, 36.25512705 ], [ 136.84453503, 36.25482178 ], [ 136.844510860000014, 36.25455844 ], [ 136.844687250000021, 36.25423984 ], [ 136.8449917, 36.25378511 ], [ 136.845083640000013, 36.25361289 ], [ 136.84525195, 36.25337261 ], [ 136.845668610000018, 36.25317428 ], [ 136.84608917, 36.25314817 ], [ 136.846405550000014, 36.25315487 ], [ 136.84664584, 36.25309792 ], [ 136.846965840000024, 36.25287264 ], [ 136.8472925, 36.25268597 ], [ 136.847528610000012, 36.25253403 ], [ 136.84832083, 36.2523282 ], [ 136.848598880000026, 36.25227403 ], [ 136.84919195, 36.25215153 ], [ 136.849585010000027, 36.25204347 ], [ 136.849923890000014, 36.25201403 ], [ 136.85, 36.25199913 ], [ 136.850002780000011, 36.25199861 ], [ 136.85040167, 36.25192069 ], [ 136.85068, 36.2517882 ], [ 136.85083112, 36.25165097 ], [ 136.850952220000011, 36.2513318 ], [ 136.850867500000021, 36.25092459 ], [ 136.85068611, 36.25064513 ], [ 136.85058917, 36.25038987 ], [ 136.85058917, 36.25010513 ], [ 136.850617559999989, 36.25 ], [ 136.85061776, 36.24999931 ], [ 136.850728340000018, 36.24958986 ], [ 136.850796420000023, 36.24939022 ], [ 136.850806940000012, 36.24935931 ], [ 136.85087944, 36.2492268 ], [ 136.851290830000011, 36.24881959 ], [ 136.85136361, 36.24869708 ], [ 136.85138778000001, 36.24855959 ], [ 136.851484450000015, 36.24839292 ], [ 136.851720270000015, 36.24806903 ], [ 136.851768890000017, 36.24789708 ], [ 136.851738610000012, 36.24769597 ], [ 136.85171445, 36.24742125 ], [ 136.851805010000021, 36.24721513 ], [ 136.85182333000003, 36.24710208 ], [ 136.851756670000015, 36.24698431 ], [ 136.85152667, 36.24685459 ], [ 136.851478340000028, 36.24682736 ], [ 136.851303060000021, 36.24682736 ], [ 136.8506375, 36.24698931 ], [ 136.850310830000012, 36.24703347 ], [ 136.850002780000011, 36.24697275 ], [ 136.85, 36.2469722 ], [ 136.84944, 36.2468618 ], [ 136.848103330000015, 36.24630708 ], [ 136.847764450000028, 36.24617013 ], [ 136.847570830000024, 36.24598847 ], [ 136.847425840000028, 36.2458118 ], [ 136.847298880000011, 36.24563013 ], [ 136.84720834, 36.24497764 ], [ 136.84706917, 36.2447468 ], [ 136.846845280000025, 36.24400097 ], [ 136.84677861, 36.24378014 ], [ 136.846784720000016, 36.24345653 ], [ 136.846826720000024, 36.24308544 ], [ 136.846845280000025, 36.24292153 ], [ 136.8468575, 36.24260736 ], [ 136.84682722, 36.24247013 ], [ 136.84652472, 36.24213625 ], [ 136.846427780000027, 36.24189097 ], [ 136.84639064000001, 36.24166667 ], [ 136.84639053, 36.24166597 ], [ 136.84637333, 36.24156208 ], [ 136.84634306, 36.24141986 ], [ 136.846125550000011, 36.24101736 ], [ 136.845944450000019, 36.2408032 ], [ 136.845901670000018, 36.24075236 ], [ 136.84542973, 36.24006569 ], [ 136.84532694, 36.2399382 ], [ 136.844697780000018, 36.23951125 ], [ 136.844383330000028, 36.23890264 ], [ 136.84406861, 36.23819097 ], [ 136.843953890000023, 36.23794069 ], [ 136.843893330000014, 36.2373568 ], [ 136.843838880000021, 36.23710153 ], [ 136.84386917, 36.23702792 ], [ 136.84387639000002, 36.23699987 ], [ 136.843899170000014, 36.23691041 ], [ 136.84385083, 36.23679764 ], [ 136.84337306, 36.23644431 ], [ 136.842913330000016, 36.23617431 ], [ 136.842641110000017, 36.23593875 ], [ 136.84247167, 36.23574236 ], [ 136.84229722, 36.23541513 ], [ 136.84227805, 36.23537931 ], [ 136.842151120000011, 36.23522708 ], [ 136.842084450000016, 36.23487875 ], [ 136.84205416, 36.23466292 ], [ 136.84199973, 36.23454513 ], [ 136.84195139000002, 36.23444208 ], [ 136.84166944, 36.23426497 ], [ 136.84166667, 36.23426322 ], [ 136.84144333, 36.23412292 ], [ 136.841068340000021, 36.23394625 ], [ 136.84061472, 36.23370597 ], [ 136.840381950000022, 36.23353875 ], [ 136.84035472, 36.23351931 ], [ 136.840183990000014, 36.23333333 ], [ 136.84018336, 36.23333264 ], [ 136.84014306, 36.23328875 ], [ 136.83974973, 36.23272931 ], [ 136.839683330000014, 36.23262625 ], [ 136.839683330000014, 36.23251347 ], [ 136.83975584, 36.23238097 ], [ 136.840070270000012, 36.23203264 ], [ 136.84035445, 36.23179236 ], [ 136.840469440000021, 36.23164987 ], [ 136.840487500000023, 36.23158125 ], [ 136.840415010000015, 36.23141431 ], [ 136.840118610000019, 36.23108541 ], [ 136.83985834, 36.23078625 ], [ 136.83945917, 36.23042292 ], [ 136.838334160000016, 36.22993236 ], [ 136.83797139, 36.22970653 ], [ 136.83769917, 36.2294218 ], [ 136.83756, 36.22929431 ], [ 136.837275550000015, 36.22883792 ], [ 136.83649528, 36.22748375 ], [ 136.836102220000015, 36.22688514 ], [ 136.83593278, 36.22660541 ], [ 136.835878340000022, 36.22650236 ], [ 136.835860270000012, 36.22635987 ], [ 136.835841110000018, 36.22632208 ], [ 136.83579361, 36.22622736 ], [ 136.835521390000025, 36.22602625 ], [ 136.83517083000001, 36.22585931 ], [ 136.8345175, 36.22562875 ], [ 136.834160560000015, 36.22550597 ], [ 136.83397306, 36.2254618 ], [ 136.83377944, 36.22536903 ], [ 136.833452780000016, 36.22500569 ], [ 136.833447760000013, 36.225 ], [ 136.83344713, 36.22499931 ], [ 136.83339222, 36.22493708 ], [ 136.83334389, 36.22482431 ], [ 136.83333611, 36.22481264 ], [ 136.833333330000016, 36.22480847 ], [ 136.83326528, 36.22470653 ], [ 136.832818050000014, 36.22423541 ], [ 136.83258805, 36.22399959 ], [ 136.832301530000024, 36.22362041 ], [ 136.832291670000018, 36.22360736 ], [ 136.83230389000002, 36.22343569 ], [ 136.832297780000033, 36.2231018 ], [ 136.83234, 36.22288097 ], [ 136.83242472, 36.22261597 ], [ 136.832418610000019, 36.22239041 ], [ 136.83230973, 36.22207153 ], [ 136.832273610000016, 36.22184097 ], [ 136.832195010000021, 36.22139931 ], [ 136.832249440000027, 36.22098708 ], [ 136.8322675, 36.22048153 ], [ 136.83223722, 36.22033459 ], [ 136.8322675, 36.2201482 ], [ 136.832249440000027, 36.21999125 ], [ 136.832037500000013, 36.21964764 ], [ 136.831838050000016, 36.21936292 ], [ 136.83165667, 36.21877431 ], [ 136.83158416, 36.21860764 ], [ 136.83155389, 36.21839153 ], [ 136.83168083000001, 36.2177832 ], [ 136.83168083000001, 36.21766513 ], [ 136.831644720000014, 36.21759653 ], [ 136.83152973, 36.21748375 ], [ 136.830906670000019, 36.21703736 ], [ 136.830713060000022, 36.21684597 ], [ 136.8303617, 36.21666667 ], [ 136.830360360000014, 36.21666597 ], [ 136.83033805, 36.21665459 ], [ 136.82921306, 36.2162032 ], [ 136.82850528000003, 36.21590375 ], [ 136.8282375, 36.21579013 ], [ 136.82747722, 36.21546736 ], [ 136.82728361, 36.21539375 ], [ 136.82713861000002, 36.21532013 ], [ 136.826660560000022, 36.21489322 ], [ 136.82646112, 36.21467239 ], [ 136.826358340000013, 36.21452017 ], [ 136.826352500000013, 36.21439739 ], [ 136.82630389000002, 36.21411295 ], [ 136.82618306, 36.21398517 ], [ 136.825910830000026, 36.21369572 ], [ 136.825735280000032, 36.21351433 ], [ 136.825451110000017, 36.21334267 ], [ 136.825221140000025, 36.2133035 ], [ 136.8250028, 36.21320103 ], [ 136.825, 36.21319969 ], [ 136.824948910000018, 36.21317572 ], [ 136.82444725000002, 36.21295017 ], [ 136.824168910000026, 36.21285684 ], [ 136.823666980000013, 36.21271933 ], [ 136.823467250000022, 36.21265572 ], [ 136.82307828, 36.21239392 ], [ 136.823044190000019, 36.212371 ], [ 136.822826420000013, 36.21213544 ], [ 136.822711410000011, 36.21206184 ], [ 136.822602530000012, 36.21190489 ], [ 136.82252392, 36.21179184 ], [ 136.82225781, 36.21159072 ], [ 136.821997520000025, 36.21144851 ], [ 136.821918910000022, 36.21136989 ], [ 136.821822240000017, 36.21126211 ], [ 136.821701410000031, 36.21116877 ], [ 136.821344470000014, 36.21094323 ], [ 136.821054190000012, 36.21078128 ], [ 136.820993640000012, 36.21074184 ], [ 136.820957250000021, 36.21062905 ], [ 136.821096420000032, 36.21050156 ], [ 136.821102530000019, 36.21043767 ], [ 136.82089086, 36.20993211 ], [ 136.82087808, 36.20986489 ], [ 136.82086669, 36.20980461 ], [ 136.820878640000018, 36.20959851 ], [ 136.82084837, 36.20943684 ], [ 136.820781970000013, 36.20934851 ], [ 136.82040086, 36.20892156 ], [ 136.820285860000013, 36.20877433 ], [ 136.820189200000016, 36.20856823 ], [ 136.82013423, 36.20833333 ], [ 136.820134060000015, 36.20833267 ], [ 136.82012253000002, 36.2082835 ], [ 136.82011058, 36.20775377 ], [ 136.82013475, 36.20752323 ], [ 136.820086130000021, 36.20734656 ], [ 136.8199717, 36.20714544 ], [ 136.819844470000021, 36.20697351 ], [ 136.81980224, 36.20687544 ], [ 136.819717520000012, 36.20679684 ], [ 136.8196328, 36.20671351 ], [ 136.819566420000029, 36.20663017 ], [ 136.819551140000016, 36.20655933 ], [ 136.819584470000024, 36.20623739 ], [ 136.819711410000025, 36.20600211 ], [ 136.81978586, 36.20583908 ], [ 136.82001392, 36.20533961 ], [ 136.820165300000014, 36.20503044 ], [ 136.820364470000015, 36.20468684 ], [ 136.820485580000025, 36.20451044 ], [ 136.82077586, 36.20420128 ], [ 136.8209392, 36.20401489 ], [ 136.82133253, 36.20373517 ], [ 136.82154419, 36.20349461 ], [ 136.82160475, 36.203431 ], [ 136.82228222, 36.20310739 ], [ 136.822487780000017, 36.20297961 ], [ 136.822632780000021, 36.20285211 ], [ 136.82283222, 36.20246933 ], [ 136.822840830000018, 36.20211322 ], [ 136.822844450000019, 36.20196378 ], [ 136.82280805000002, 36.20183128 ], [ 136.822723330000031, 36.20166933 ], [ 136.822602500000016, 36.20149767 ], [ 136.82213667, 36.20099739 ], [ 136.821574160000011, 36.20047239 ], [ 136.82122917, 36.20022211 ], [ 136.821174720000016, 36.20021211 ], [ 136.820933060000016, 36.20023684 ], [ 136.82011058, 36.20046239 ], [ 136.819832240000011, 36.200541 ], [ 136.819529750000015, 36.2006735 ], [ 136.819233640000022, 36.20082044 ], [ 136.818668910000014, 36.20109351 ], [ 136.818586420000031, 36.20111489 ], [ 136.818465300000014, 36.20110017 ], [ 136.81794503, 36.20088905 ], [ 136.81765475, 36.20072239 ], [ 136.81735837, 36.20060933 ], [ 136.816892530000018, 36.20035905 ], [ 136.816717520000026, 36.20018239 ], [ 136.816669470000022, 36.20015131 ], [ 136.816666670000018, 36.2001495 ], [ 136.816596420000025, 36.20010405 ], [ 136.81647558, 36.20006461 ], [ 136.816221410000026, 36.200001 ], [ 136.81621934, 36.2 ], [ 136.81621795, 36.19999933 ], [ 136.81602781, 36.19990767 ], [ 136.81584031, 36.19978489 ], [ 136.81553781, 36.19959377 ], [ 136.815374470000023, 36.19946628 ], [ 136.815247520000014, 36.19929933 ], [ 136.81502975, 36.19911295 ], [ 136.81479975000002, 36.19892628 ], [ 136.814678910000026, 36.19877433 ], [ 136.81453975, 36.19861711 ], [ 136.814468080000012, 36.19856711 ], [ 136.814279470000031, 36.19843572 ], [ 136.813983090000022, 36.19825405 ], [ 136.813693090000015, 36.19812156 ], [ 136.81323336, 36.19786628 ], [ 136.812955030000012, 36.19763572 ], [ 136.81276141, 36.19740017 ], [ 136.812676690000018, 36.19733156 ], [ 136.812295580000011, 36.19714489 ], [ 136.811751410000028, 36.19689961 ], [ 136.81124309, 36.19663461 ], [ 136.81095475, 36.19639572 ], [ 136.810806420000034, 36.19630295 ], [ 136.81067920000001, 36.19618961 ], [ 136.810615860000013, 36.19607961 ], [ 136.810518370000011, 36.19557795 ], [ 136.810496980000011, 36.19549877 ], [ 136.810429200000016, 36.19545767 ], [ 136.810331970000021, 36.19541961 ], [ 136.81029365, 36.19537156 ], [ 136.81024725, 36.19526851 ], [ 136.8102217, 36.19517905 ], [ 136.810175030000011, 36.19506239 ], [ 136.809976160000019, 36.19481489 ], [ 136.8097345, 36.19450211 ], [ 136.80943367, 36.19417214 ], [ 136.809348950000015, 36.19401741 ], [ 136.809323670000026, 36.19374297 ], [ 136.80928117000002, 36.19345075 ], [ 136.809222, 36.19323769 ], [ 136.809111730000012, 36.19310713 ], [ 136.80901423, 36.19304059 ], [ 136.80890005, 36.19296269 ], [ 136.808671170000025, 36.19292131 ], [ 136.808340890000011, 36.19285964 ], [ 136.80833616000001, 36.19285789 ], [ 136.808333330000011, 36.19285684 ], [ 136.808154230000014, 36.19279075 ], [ 136.807553110000015, 36.19252269 ], [ 136.807341170000029, 36.19234408 ], [ 136.807248110000018, 36.1922752 ], [ 136.807212, 36.19220187 ], [ 136.807095620000013, 36.19196603 ], [ 136.806921360000018, 36.19166667 ], [ 136.806921, 36.19166603 ], [ 136.806883670000019, 36.19160187 ], [ 136.806595620000024, 36.19086659 ], [ 136.806477, 36.19069464 ], [ 136.806400610000026, 36.19042659 ], [ 136.80637533, 36.19024103 ], [ 136.806324500000017, 36.19008297 ], [ 136.80609562, 36.18973936 ], [ 136.805765330000014, 36.18951269 ], [ 136.805705890000013, 36.18943686 ], [ 136.805688950000018, 36.1893202 ], [ 136.80568477, 36.18922741 ], [ 136.80563394, 36.18912436 ], [ 136.805549220000017, 36.18903131 ], [ 136.805367, 36.18896603 ], [ 136.804303670000024, 36.18861214 ], [ 136.804104920000015, 36.1885385 ], [ 136.804062280000011, 36.18852269 ], [ 136.803532830000023, 36.18824103 ], [ 136.803037280000012, 36.18798325 ], [ 136.802876160000011, 36.18790408 ], [ 136.80273645, 36.18781131 ], [ 136.802338110000022, 36.18744047 ], [ 136.8021645, 36.18715853 ], [ 136.802058660000029, 36.18705908 ], [ 136.801999220000027, 36.18695936 ], [ 136.80196533, 36.18680797 ], [ 136.80198228, 36.18642659 ], [ 136.80199506, 36.18604853 ], [ 136.802016160000022, 36.18580464 ], [ 136.801999220000027, 36.18567047 ], [ 136.801906160000016, 36.18553659 ], [ 136.80171117, 36.18531325 ], [ 136.801615890000022, 36.18522325 ], [ 136.801558660000012, 36.18516908 ], [ 136.801152, 36.18484936 ], [ 136.800881170000025, 36.18464659 ], [ 136.800745620000015, 36.18452631 ], [ 136.80060144, 36.18433047 ], [ 136.80039394, 36.18407936 ], [ 136.800398110000032, 36.18376325 ], [ 136.800372830000015, 36.18367741 ], [ 136.80025839000001, 36.18354713 ], [ 136.800182, 36.18340603 ], [ 136.800155280000013, 36.18333333 ], [ 136.800155030000013, 36.18333269 ], [ 136.800012550000019, 36.18294547 ], [ 136.800002830000011, 36.18290336 ], [ 136.8, 36.18289105 ], [ 136.799936450000018, 36.18261575 ], [ 136.79989394, 36.1824852 ], [ 136.799877, 36.18217908 ], [ 136.79979645, 36.1819488 ], [ 136.7996145, 36.18162269 ], [ 136.79952117000002, 36.18148853 ], [ 136.79943645, 36.18130659 ], [ 136.799483110000011, 36.1809902 ], [ 136.799518690000014, 36.18087697 ], [ 136.799648390000016, 36.18046436 ], [ 136.79967783, 36.18028908 ], [ 136.799767, 36.18010714 ], [ 136.79989394, 36.17983217 ], [ 136.8, 36.17964922 ], [ 136.800002830000011, 36.17964433 ], [ 136.800025330000011, 36.1796055 ], [ 136.800029490000014, 36.17955744 ], [ 136.80004645, 36.17936828 ], [ 136.80005922, 36.17932384 ], [ 136.80017783, 36.17910022 ], [ 136.800300610000022, 36.17879772 ], [ 136.800245620000027, 36.17843022 ], [ 136.80025839000001, 36.17826856 ], [ 136.80027117000003, 36.17783577 ], [ 136.800224500000013, 36.17748522 ], [ 136.800165060000012, 36.17709689 ], [ 136.80009783, 36.17686856 ], [ 136.80009311, 36.17685272 ], [ 136.800002830000011, 36.17669789 ], [ 136.8, 36.17669303 ], [ 136.799910900000015, 36.17654022 ], [ 136.799771170000014, 36.17639911 ], [ 136.79955922000002, 36.17610356 ], [ 136.79944477, 36.17585605 ], [ 136.799360050000018, 36.17538217 ], [ 136.799360050000018, 36.17533744 ], [ 136.79938562000001, 36.17516217 ], [ 136.799402550000025, 36.17505217 ], [ 136.799394690000014, 36.175 ], [ 136.799394580000012, 36.17499939 ], [ 136.799355890000015, 36.174743 ], [ 136.79925423, 36.17449884 ], [ 136.799101730000018, 36.17427217 ], [ 136.79888144, 36.17386661 ], [ 136.798716160000026, 36.17352995 ], [ 136.79856394, 36.17290105 ], [ 136.79845394, 36.17266384 ], [ 136.798441170000018, 36.1726055 ], [ 136.798407280000021, 36.17256411 ], [ 136.79827173000001, 36.17251605 ], [ 136.79798367, 36.17241995 ], [ 136.79790995, 36.17237261 ], [ 136.797882, 36.17235467 ], [ 136.79750895, 36.1720005 ], [ 136.797284500000018, 36.17179439 ], [ 136.79719144, 36.171698 ], [ 136.79703034000002, 36.17161911 ], [ 136.796827, 36.17155384 ], [ 136.796564500000017, 36.17151939 ], [ 136.796458660000013, 36.17148856 ], [ 136.796242550000017, 36.17138189 ], [ 136.79618756, 36.17136133 ], [ 136.795649489999988, 36.17120328 ], [ 136.79526815, 36.17111411 ], [ 136.7949337, 36.17105217 ], [ 136.79437008, 36.17092161 ], [ 136.793933970000012, 36.170853 ], [ 136.79376453, 36.17080828 ], [ 136.79361008, 36.17077133 ], [ 136.793031750000011, 36.170633 ], [ 136.792599530000018, 36.17054023 ], [ 136.79244287, 36.1704955 ], [ 136.792256470000012, 36.17042689 ], [ 136.791875080000011, 36.17023078 ], [ 136.79166953, 36.17014969 ], [ 136.791666670000012, 36.17014859 ], [ 136.791561750000028, 36.17010717 ], [ 136.79132453, 36.17000411 ], [ 136.791104250000018, 36.16990105 ], [ 136.790957030000015, 36.16977495 ], [ 136.79088397000001, 36.16964133 ], [ 136.790714810000026, 36.16947078 ], [ 136.790358420000018, 36.16915578 ], [ 136.790056740000011, 36.16894831 ], [ 136.789777860000015, 36.16878887 ], [ 136.78953564, 36.16859969 ], [ 136.78941674, 36.16847359 ], [ 136.789266200000014, 36.16832914 ], [ 136.78906064, 36.16818441 ], [ 136.788777300000021, 36.16798775 ], [ 136.788521190000012, 36.16779887 ], [ 136.78834314, 36.16763192 ], [ 136.78811287000002, 36.16740997 ], [ 136.78797759, 36.16727969 ], [ 136.787739800000026, 36.1670422 ], [ 136.78760258, 36.16694997 ], [ 136.787365110000025, 36.16679053 ], [ 136.78718558, 36.16666667 ], [ 136.78718475, 36.16666608 ], [ 136.786849, 36.16643441 ], [ 136.78667511, 36.16632331 ], [ 136.78644205, 36.16618969 ], [ 136.78622733, 36.16612303 ], [ 136.78596678, 36.1660858 ], [ 136.78571095, 36.16607859 ], [ 136.785532610000018, 36.16607859 ], [ 136.78502538, 36.16607108 ], [ 136.78451372, 36.16611553 ], [ 136.784390390000027, 36.16613775 ], [ 136.784257890000021, 36.16615636 ], [ 136.784143450000016, 36.16621941 ], [ 136.78396983, 36.1663122 ], [ 136.783837330000011, 36.16635275 ], [ 136.78357234, 36.16642692 ], [ 136.78354219000002, 36.16644222 ], [ 136.78333623, 36.16654678 ], [ 136.78333333, 36.16654825 ], [ 136.78331623, 36.16655692 ], [ 136.78310608000001, 36.16666608 ], [ 136.783104940000015, 36.16666667 ], [ 136.783087890000019, 36.16667553 ], [ 136.78300095000003, 36.16669025 ], [ 136.78284095, 36.16671608 ], [ 136.782658170000019, 36.16671608 ], [ 136.78215122, 36.16669387 ], [ 136.78183594, 36.16669387 ], [ 136.781456500000019, 36.16670859 ], [ 136.78104983, 36.16669387 ], [ 136.78064353000002, 36.16666667 ], [ 136.78063481, 36.16666608 ], [ 136.78032761, 36.16664553 ], [ 136.779669829999989, 36.16661969 ], [ 136.779327060000014, 36.16660469 ], [ 136.778572890000021, 36.16653053 ], [ 136.778339860000017, 36.16651941 ], [ 136.77798791, 36.1665158 ], [ 136.77783014000002, 36.16649441 ], [ 136.77765876, 36.16647136 ], [ 136.777307080000014, 36.16641941 ], [ 136.77718847, 36.1663822 ], [ 136.77706486, 36.16631164 ], [ 136.77687764, 36.1661672 ], [ 136.776649030000016, 36.16594497 ], [ 136.776438750000011, 36.1657372 ], [ 136.776210420000012, 36.16549247 ], [ 136.776045690000018, 36.16535525 ], [ 136.77586292, 36.16521803 ], [ 136.775684860000013, 36.16508831 ], [ 136.77556597, 36.16502525 ], [ 136.775392360000012, 36.16492136 ], [ 136.775141240000011, 36.16476941 ], [ 136.77500292, 36.1646988 ], [ 136.775, 36.16469733 ], [ 136.774981240000017, 36.16468775 ], [ 136.7747893, 36.16461359 ], [ 136.77457431000002, 36.16450608 ], [ 136.774286520000032, 36.16437636 ], [ 136.77387514000003, 36.16424303 ], [ 136.773623750000013, 36.16419469 ], [ 136.773317640000016, 36.16413525 ], [ 136.773015969999989, 36.1640872 ], [ 136.772691800000018, 36.16406497 ], [ 136.772339860000017, 36.16404275 ], [ 136.772097640000027, 36.16399803 ], [ 136.771827910000013, 36.16393887 ], [ 136.77161791, 36.16393331 ], [ 136.771544580000011, 36.16393136 ], [ 136.77136625, 36.16392775 ], [ 136.77126125, 36.16390164 ], [ 136.7709093, 36.16377553 ], [ 136.77059847000001, 36.16368303 ], [ 136.770420700000017, 36.1636422 ], [ 136.770201250000014, 36.16363859 ], [ 136.76995431, 36.1636608 ], [ 136.769712090000013, 36.1637572 ], [ 136.76967097, 36.16381636 ], [ 136.769693750000016, 36.16388692 ], [ 136.769753190000017, 36.16399441 ], [ 136.76978542, 36.1640908 ], [ 136.76978986, 36.16417997 ], [ 136.769771530000014, 36.1642022 ], [ 136.76956125000001, 36.16417997 ], [ 136.769172920000017, 36.16415025 ], [ 136.768939860000017, 36.16415025 ], [ 136.76870209, 36.16415387 ], [ 136.76852431, 36.16417025 ], [ 136.768418750000023, 36.16417997 ], [ 136.768359300000014, 36.16416497 ], [ 136.768030700000025, 36.16402413 ], [ 136.767829580000011, 36.1638758 ], [ 136.767742630000015, 36.16380914 ], [ 136.767509580000024, 36.16350136 ], [ 136.767386250000015, 36.1632972 ], [ 136.767267370000013, 36.16311941 ], [ 136.767066230000012, 36.16297831 ], [ 136.766669560000025, 36.16272589 ], [ 136.76666667, 36.16272405 ], [ 136.766600120000021, 36.16268164 ], [ 136.76644927000001, 36.1625558 ], [ 136.76642623, 36.16247025 ], [ 136.766394280000014, 36.16228859 ], [ 136.766367060000022, 36.16216275 ], [ 136.76634872, 36.16198831 ], [ 136.76618872, 36.16155108 ], [ 136.76605623, 36.16120247 ], [ 136.76599678, 36.1610172 ], [ 136.76599317, 36.16090997 ], [ 136.765992050000023, 36.16087608 ], [ 136.76605623, 36.1605722 ], [ 136.76620234, 36.16033472 ], [ 136.76627095, 36.16030139 ], [ 136.76636234, 36.16029389 ], [ 136.766405670000012, 36.16029167 ], [ 136.766508720000019, 36.16028667 ], [ 136.76666667, 36.160222 ], [ 136.766669560000025, 36.16022084 ], [ 136.76698844, 36.16009028 ], [ 136.767194280000012, 36.16001611 ], [ 136.767252050000025, 36.15997611 ], [ 136.767409, 36.15986778 ], [ 136.767482050000012, 36.15980472 ], [ 136.76762545, 36.1596302 ], [ 136.76767399000002, 36.15957111 ], [ 136.76793455, 36.15930805 ], [ 136.76810372, 36.15911139 ], [ 136.76817234, 36.15902251 ], [ 136.76824428, 36.15897056 ], [ 136.76833678, 36.15890361 ], [ 136.768561340000019, 36.15881472 ], [ 136.76856956, 36.15881139 ], [ 136.76885289, 36.15873333 ], [ 136.769090660000018, 36.15869277 ], [ 136.769506520000022, 36.15869639 ], [ 136.770434310000013, 36.15870751 ], [ 136.770626250000021, 36.15870751 ], [ 136.770749580000029, 36.15870361 ], [ 136.77088681, 36.15868889 ], [ 136.771019030000019, 36.15867028 ], [ 136.771284030000032, 36.15862223 ], [ 136.771444030000026, 36.15860722 ], [ 136.77155375000001, 36.15857028 ], [ 136.771745690000017, 36.15842944 ], [ 136.771827910000013, 36.15835889 ], [ 136.771855720000019, 36.15833333 ], [ 136.77185633000002, 36.15833277 ], [ 136.771873, 36.15831744 ], [ 136.77196514000002, 36.15823278 ], [ 136.77209292, 36.15809584 ], [ 136.772257640000021, 36.15798833 ], [ 136.77241292, 36.15794751 ], [ 136.772700970000017, 36.15789195 ], [ 136.772902090000031, 36.15780667 ], [ 136.77315791, 36.15763611 ], [ 136.773372630000011, 36.15744333 ], [ 136.773463750000019, 36.157295 ], [ 136.77350708000003, 36.15720611 ], [ 136.773502630000024, 36.15718389 ], [ 136.773473750000022, 36.15716972 ], [ 136.77337737000002, 36.15714277 ], [ 136.773162360000015, 36.15709111 ], [ 136.77296597, 36.15699084 ], [ 136.77271012, 36.15680167 ], [ 136.772536230000014, 36.15662751 ], [ 136.772431220000016, 36.15649389 ], [ 136.772405940000027, 36.156435 ], [ 136.772353450000026, 36.15631251 ], [ 136.772070120000024, 36.15569695 ], [ 136.77203372, 36.15563778 ], [ 136.77195122, 36.15551167 ], [ 136.77186455, 36.15536333 ], [ 136.77185995, 36.15534469 ], [ 136.77181872, 36.15517777 ], [ 136.771827890000026, 36.15502223 ], [ 136.771933170000011, 36.15487751 ], [ 136.772001500000016, 36.15477361 ], [ 136.772125110000019, 36.15466611 ], [ 136.772289560000019, 36.154555 ], [ 136.772412890000027, 36.15443277 ], [ 136.77259122000001, 36.15425111 ], [ 136.772732890000015, 36.15406944 ], [ 136.77302538, 36.15360223 ], [ 136.77327205, 36.15312389 ], [ 136.77342289, 36.15285695 ], [ 136.773560120000013, 36.15261584 ], [ 136.773599860000019, 36.15249475 ], [ 136.773637890000032, 36.15237889 ], [ 136.773674250000028, 36.15215639 ], [ 136.773683410000018, 36.15193 ], [ 136.77360564, 36.15155195 ], [ 136.773573700000014, 36.15115139 ], [ 136.77358759, 36.15095861 ], [ 136.773623970000017, 36.15086584 ], [ 136.77374759, 36.15073611 ], [ 136.7738937, 36.15065084 ], [ 136.774062870000023, 36.15058417 ], [ 136.774409800000029, 36.15047277 ], [ 136.774825640000017, 36.15039861 ], [ 136.775, 36.150356 ], [ 136.77500287, 36.15035531 ], [ 136.775022310000026, 36.15035056 ], [ 136.77534674, 36.15024667 ], [ 136.77564397, 36.15007223 ], [ 136.775721480000016, 36.15000917 ], [ 136.77572706, 36.15 ], [ 136.775727390000014, 36.14999944 ], [ 136.775820080000017, 36.14984695 ], [ 136.77587703, 36.14975361 ], [ 136.77599591, 36.14960528 ], [ 136.7762837, 36.14926056 ], [ 136.77633759, 36.14917805 ], [ 136.77640703, 36.14907139 ], [ 136.776452870000014, 36.14891944 ], [ 136.77646202, 36.14876361 ], [ 136.776425360000019, 36.14859305 ], [ 136.776270080000018, 36.14837417 ], [ 136.775982, 36.14811833 ], [ 136.77568506, 36.14790333 ], [ 136.77555061000001, 36.14777861 ], [ 136.77549756, 36.14772917 ], [ 136.775483940000015, 36.14765861 ], [ 136.775488390000021, 36.14758444 ], [ 136.77552506, 36.14748805 ], [ 136.77561173, 36.14731389 ], [ 136.77565311, 36.14718777 ], [ 136.775707830000016, 36.14682444 ], [ 136.77568506, 36.14628305 ], [ 136.77568034, 36.14594584 ], [ 136.77568949, 36.14564167 ], [ 136.77568949, 36.14554167 ], [ 136.775662, 36.14530805 ], [ 136.775657560000013, 36.14500751 ], [ 136.77568949, 36.14477028 ], [ 136.775730610000011, 36.14465528 ], [ 136.77579922000001, 36.14458861 ], [ 136.77580839, 36.14453667 ], [ 136.775790050000012, 36.14440305 ], [ 136.775808660000024, 36.14413639 ], [ 136.775831440000019, 36.14391389 ], [ 136.775918390000015, 36.14379528 ], [ 136.776018640000018, 36.14371361 ], [ 136.776105300000012, 36.14365441 ], [ 136.776210580000026, 36.14364331 ], [ 136.776448080000023, 36.14359136 ], [ 136.776603640000019, 36.14354692 ], [ 136.77674975, 36.14354692 ], [ 136.77678781, 36.14354887 ], [ 136.776973640000023, 36.14355803 ], [ 136.777065030000017, 36.14355053 ], [ 136.777280030000014, 36.14347275 ], [ 136.77738058, 36.14342441 ], [ 136.777540580000021, 36.14329469 ], [ 136.777727810000016, 36.14301664 ], [ 136.77788781000001, 36.14276441 ], [ 136.77798837, 36.14266803 ], [ 136.778093360000014, 36.14258636 ], [ 136.7782717, 36.14250859 ], [ 136.77853224, 36.14243803 ], [ 136.779016420000033, 36.14238608 ], [ 136.779116980000026, 36.14236025 ], [ 136.779177520000019, 36.14233803 ], [ 136.77929975, 36.14229387 ], [ 136.779514480000017, 36.14219359 ], [ 136.779743090000011, 36.14214164 ], [ 136.77990309, 36.14214164 ], [ 136.78009031000002, 36.14215664 ], [ 136.780305310000017, 36.14217136 ], [ 136.780364750000018, 36.14216387 ], [ 136.780391970000011, 36.14216025 ], [ 136.780442240000013, 36.14211941 ], [ 136.780547520000027, 36.14197108 ], [ 136.780721140000026, 36.14176359 ], [ 136.78076224, 36.1416672 ], [ 136.780762330000016, 36.14166667 ], [ 136.780762440000018, 36.14166608 ], [ 136.78078503, 36.14154469 ], [ 136.78077586, 36.14148164 ], [ 136.78073475, 36.14137775 ], [ 136.780579470000021, 36.1411072 ], [ 136.780405840000014, 36.14084747 ], [ 136.78029139, 36.14058803 ], [ 136.78012694, 36.14023941 ], [ 136.779871110000016, 36.13976497 ], [ 136.77982083, 36.13966497 ], [ 136.779797780000024, 36.13954997 ], [ 136.779793330000018, 36.13945359 ], [ 136.779871110000016, 36.13928303 ], [ 136.7799075, 36.13923108 ], [ 136.77991667, 36.13916803 ], [ 136.77991667, 36.1390308 ], [ 136.77991222, 36.13871192 ], [ 136.77991925, 36.13861461 ], [ 136.77993501, 36.13839664 ], [ 136.779935280000018, 36.13815192 ], [ 136.77989861, 36.13789997 ], [ 136.779853060000022, 36.13764775 ], [ 136.779853060000022, 36.1375922 ], [ 136.779935280000018, 36.1373622 ], [ 136.77999917, 36.13722136 ], [ 136.780013060000016, 36.13711025 ], [ 136.77999472, 36.13700275 ], [ 136.77992167, 36.13674331 ], [ 136.779862220000012, 36.13655775 ], [ 136.779789170000015, 36.13641331 ], [ 136.779679440000024, 36.13622025 ], [ 136.77965635000001, 36.13613887 ], [ 136.779665530000017, 36.13589775 ], [ 136.779729690000011, 36.13568275 ], [ 136.779752480000013, 36.13558636 ], [ 136.77983942, 36.13545636 ], [ 136.779898590000016, 36.13535275 ], [ 136.779935250000023, 36.13520803 ], [ 136.77997636, 36.1348558 ], [ 136.779991920000015, 36.13456497 ], [ 136.779994690000024, 36.1345108 ], [ 136.779990250000026, 36.1341922 ], [ 136.779935250000023, 36.13395497 ], [ 136.77985747, 36.1338622 ], [ 136.779747760000021, 36.1337622 ], [ 136.77961525, 36.13366941 ], [ 136.779455250000012, 36.13360636 ], [ 136.7792272, 36.13352469 ], [ 136.7789208, 36.13338387 ], [ 136.778854920000015, 36.13333333 ], [ 136.77885416, 36.13333275 ], [ 136.77883859, 36.1333208 ], [ 136.77879302, 36.13322831 ], [ 136.778779140000012, 36.13314664 ], [ 136.778802190000022, 36.1329908 ], [ 136.778802190000022, 36.13291303 ], [ 136.778765530000015, 36.13274608 ], [ 136.778701630000029, 36.1325608 ], [ 136.778614690000012, 36.13244192 ], [ 136.778514140000027, 36.13236414 ], [ 136.778322190000011, 36.13230108 ], [ 136.778084690000014, 36.13223441 ], [ 136.77789275, 36.13214913 ], [ 136.777723870000017, 36.13201553 ], [ 136.77753192, 36.13181525 ], [ 136.777413020000012, 36.1316708 ], [ 136.7773583, 36.13155941 ], [ 136.777349140000013, 36.13142608 ], [ 136.77738553, 36.13123692 ], [ 136.77744053, 36.1311222 ], [ 136.77762772, 36.13092941 ], [ 136.77790662000001, 36.13075886 ], [ 136.777978970000021, 36.13070644 ], [ 136.778034670000011, 36.13066608 ], [ 136.778112170000014, 36.13056608 ], [ 136.778199100000023, 36.13040275 ], [ 136.77834078, 36.13004331 ], [ 136.778423, 36.12987997 ], [ 136.77857384, 36.12967608 ], [ 136.77861966, 36.1295872 ], [ 136.778614940000011, 36.12949441 ], [ 136.77858745, 36.12939803 ], [ 136.77850523, 36.12930525 ], [ 136.77841856, 36.12927941 ], [ 136.77826772, 36.12927941 ], [ 136.77810772, 36.12929775 ], [ 136.77782438, 36.12934247 ], [ 136.77770995, 36.12934247 ], [ 136.777508830000016, 36.12931636 ], [ 136.777344380000017, 36.1292422 ], [ 136.77720272000002, 36.1291272 ], [ 136.77695606, 36.12894553 ], [ 136.77681883, 36.12888997 ], [ 136.776659100000018, 36.12883053 ], [ 136.776489950000013, 36.12871192 ], [ 136.776042170000011, 36.12842636 ], [ 136.776005770000012, 36.12840247 ], [ 136.775850220000024, 36.12830025 ], [ 136.77569939, 36.12817803 ], [ 136.775484670000026, 36.12796664 ], [ 136.77530633, 36.12776997 ], [ 136.775141890000015, 36.12757025 ], [ 136.775073280000015, 36.12746247 ], [ 136.77501411, 36.12733664 ], [ 136.77500272, 36.12731508 ], [ 136.775, 36.12730995 ], [ 136.77490438, 36.12712887 ], [ 136.774694110000013, 36.12681747 ], [ 136.77455717, 36.12663192 ], [ 136.77442910000002, 36.12650969 ], [ 136.77419606, 36.12638359 ], [ 136.77398577, 36.12630553 ], [ 136.773643, 36.12620553 ], [ 136.773364110000017, 36.12616469 ], [ 136.77308577, 36.1261572 ], [ 136.772992440000024, 36.12616247 ], [ 136.772825230000024, 36.1261722 ], [ 136.77249606, 36.12616469 ], [ 136.77241856, 36.1261572 ], [ 136.772318, 36.12613497 ], [ 136.772290510000033, 36.12611664 ], [ 136.77227689, 36.1260608 ], [ 136.77228134, 36.12596441 ], [ 136.77231328000002, 36.12578275 ], [ 136.77233633, 36.12569747 ], [ 136.772339750000015, 36.12568136 ], [ 136.772359100000017, 36.12558997 ], [ 136.77233161, 36.12545636 ], [ 136.77227217, 36.12531553 ], [ 136.771940170000022, 36.125 ], [ 136.77193953, 36.12499941 ], [ 136.77192492, 36.12498553 ], [ 136.771737420000022, 36.12477414 ], [ 136.77154103, 36.12454053 ], [ 136.771143530000018, 36.12408441 ], [ 136.771056860000016, 36.12396941 ], [ 136.770956300000023, 36.12378414 ], [ 136.77088769, 36.12365441 ], [ 136.770750640000017, 36.12340997 ], [ 136.77065908, 36.12323913 ], [ 136.77064547, 36.12315747 ], [ 136.77068659, 36.12266441 ], [ 136.770649920000011, 36.12254969 ], [ 136.770549360000018, 36.12237164 ], [ 136.770476300000013, 36.12220831 ], [ 136.77043519, 36.12204164 ], [ 136.77040326, 36.12181914 ], [ 136.77038575, 36.12168747 ], [ 136.770334640000016, 36.12130359 ], [ 136.770288810000011, 36.12099969 ], [ 136.770288810000011, 36.12080664 ], [ 136.770334640000016, 36.12043969 ], [ 136.77037128, 36.12023941 ], [ 136.77037128, 36.12011692 ], [ 136.77035294, 36.11990553 ], [ 136.770343770000011, 36.11974997 ], [ 136.770316550000018, 36.11957553 ], [ 136.770216010000013, 36.1193308 ], [ 136.77014739, 36.11912359 ], [ 136.770042390000015, 36.11888997 ], [ 136.769882390000021, 36.11861192 ], [ 136.769681280000015, 36.11829303 ], [ 136.76962183, 36.1181558 ], [ 136.76958073000003, 36.11797775 ], [ 136.769576280000024, 36.11777747 ], [ 136.76964934, 36.11753636 ], [ 136.76972711, 36.1173472 ], [ 136.769794420000011, 36.11722844 ], [ 136.76983211000001, 36.11716192 ], [ 136.770124620000018, 36.1168058 ], [ 136.770252670000019, 36.11668359 ], [ 136.770262280000026, 36.11666667 ], [ 136.77026261, 36.11666608 ], [ 136.77036239, 36.1164908 ], [ 136.770458220000023, 36.11632747 ], [ 136.77049489, 36.11620525 ], [ 136.770549609999989, 36.11598636 ], [ 136.770558780000016, 36.11587136 ], [ 136.770549609999989, 36.1157458 ], [ 136.770344030000018, 36.11528969 ], [ 136.770193190000015, 36.11508941 ], [ 136.769982920000018, 36.11476664 ], [ 136.76993737, 36.11468525 ], [ 136.76985486, 36.11442941 ], [ 136.769827640000017, 36.11429941 ], [ 136.76981403000002, 36.11409192 ], [ 136.769718200000028, 36.11389164 ], [ 136.76966791000001, 36.11382859 ], [ 136.769466810000011, 36.11368775 ], [ 136.769320420000014, 36.11358387 ], [ 136.76918791, 36.11343192 ], [ 136.7691207, 36.11331886 ], [ 136.76906458000002, 36.11322414 ], [ 136.76898236, 36.11299803 ], [ 136.768936520000011, 36.11281636 ], [ 136.768932090000021, 36.11261608 ], [ 136.768909300000018, 36.11240831 ], [ 136.768831530000028, 36.11191136 ], [ 136.76881319, 36.11186692 ], [ 136.76875847, 36.11184108 ], [ 136.76855737, 36.11177803 ], [ 136.768379300000021, 36.11171859 ], [ 136.768224030000027, 36.1116258 ], [ 136.768073190000024, 36.11150359 ], [ 136.76802292, 36.11142941 ], [ 136.76791319, 36.11122914 ], [ 136.767885690000014, 36.11112913 ], [ 136.767817080000015, 36.11103636 ], [ 136.767593190000014, 36.11088469 ], [ 136.76739681, 36.11077331 ], [ 136.76714542, 36.1105658 ], [ 136.76704927, 36.11042859 ], [ 136.76702178, 36.11027636 ], [ 136.767019030000029, 36.11024936 ], [ 136.76700817, 36.11014303 ], [ 136.767026500000014, 36.11001331 ], [ 136.76708122, 36.10987969 ], [ 136.76714983, 36.1096758 ], [ 136.767145380000017, 36.10958664 ], [ 136.767063160000021, 36.10939775 ], [ 136.766944280000018, 36.10921969 ], [ 136.76683484, 36.10908387 ], [ 136.766702870000017, 36.10891977 ], [ 136.76666927, 36.10888169 ], [ 136.76666667, 36.10887872 ], [ 136.766300120000011, 36.10846331 ], [ 136.766196060000027, 36.10833333 ], [ 136.766195580000016, 36.10833275 ], [ 136.76601205, 36.10810359 ], [ 136.76565567, 36.10762136 ], [ 136.765513990000017, 36.10740275 ], [ 136.765445380000017, 36.10728775 ], [ 136.76537678, 36.10706525 ], [ 136.76534039, 36.10685025 ], [ 136.76534039, 36.10676859 ], [ 136.765363160000021, 36.10663522 ], [ 136.765408720000011, 36.10639439 ], [ 136.765450120000025, 36.10620133 ], [ 136.765440950000027, 36.10599744 ], [ 136.765335940000028, 36.10586411 ], [ 136.765262890000031, 36.10578244 ], [ 136.76510761, 36.10566384 ], [ 136.76495678, 36.10560828 ], [ 136.76468144, 36.10551556 ], [ 136.764636780000018, 36.10550051 ], [ 136.764051780000017, 36.10534497 ], [ 136.76378205, 36.10530413 ], [ 136.76364511, 36.10524469 ], [ 136.763393990000026, 36.10508525 ], [ 136.762955080000012, 36.1048108 ], [ 136.762699250000026, 36.10456997 ], [ 136.762461480000013, 36.10437331 ], [ 136.76226508, 36.10421025 ], [ 136.762054810000024, 36.10408414 ], [ 136.761753410000011, 36.10394692 ], [ 136.761584250000027, 36.10384303 ], [ 136.76145175000002, 36.10374303 ], [ 136.761008420000024, 36.10336108 ], [ 136.76075703, 36.10318664 ], [ 136.76050564, 36.10300497 ], [ 136.760217860000012, 36.10267136 ], [ 136.759911750000015, 36.1023672 ], [ 136.759896740000016, 36.10235608 ], [ 136.759719800000028, 36.10222275 ], [ 136.75958287, 36.10207441 ], [ 136.75934508, 36.10175164 ], [ 136.75921258, 36.10144025 ], [ 136.75917591000001, 36.10135859 ], [ 136.7590662, 36.10123997 ], [ 136.75895202, 36.10109913 ], [ 136.758705360000022, 36.10082859 ], [ 136.758417300000019, 36.1006172 ], [ 136.75833591, 36.10056389 ], [ 136.758333330000028, 36.1005622 ], [ 136.758179800000022, 36.10046164 ], [ 136.757868980000012, 36.10023914 ], [ 136.757677300000012, 36.10003136 ], [ 136.75764594, 36.1 ], [ 136.757645360000026, 36.09999941 ], [ 136.757540080000012, 36.09989413 ], [ 136.75743508, 36.09983497 ], [ 136.757302580000015, 36.09980525 ], [ 136.757101480000017, 36.0997608 ], [ 136.756950640000014, 36.09969025 ], [ 136.756639800000016, 36.0995272 ], [ 136.756457, 36.09940469 ], [ 136.756328950000011, 36.0992972 ], [ 136.756232830000016, 36.0991822 ], [ 136.75617811, 36.09911192 ], [ 136.75617811, 36.09893387 ], [ 136.75618728, 36.09847053 ], [ 136.756168950000017, 36.09832969 ], [ 136.75610949, 36.09823331 ], [ 136.755853670000022, 36.09788108 ], [ 136.7557945, 36.0977958 ], [ 136.755757830000022, 36.09756941 ], [ 136.755748660000023, 36.09735441 ], [ 136.755757830000022, 36.09717636 ], [ 136.75584034000002, 36.09684636 ], [ 136.755908660000017, 36.09646108 ], [ 136.756023110000029, 36.09604941 ], [ 136.756117830000022, 36.09577053 ], [ 136.756349780000022, 36.0952408 ], [ 136.75639895, 36.09505275 ], [ 136.75640589, 36.09493859 ], [ 136.75638394, 36.09480775 ], [ 136.75637061, 36.09472775 ], [ 136.75623031, 36.09434636 ], [ 136.75583031, 36.0935372 ], [ 136.755591410000022, 36.09300136 ], [ 136.755401700000021, 36.09251136 ], [ 136.75527531, 36.09206692 ], [ 136.755067200000013, 36.09166667 ], [ 136.75506689, 36.09166608 ], [ 136.755029470000011, 36.09159414 ], [ 136.75491725, 36.09141192 ], [ 136.754734470000017, 36.09120664 ], [ 136.754537810000016, 36.09101859 ], [ 136.75429947, 36.09082497 ], [ 136.75414475, 36.09064831 ], [ 136.754018370000011, 36.09040887 ], [ 136.7539692, 36.09019803 ], [ 136.7539692, 36.0900158 ], [ 136.754004470000012, 36.08975359 ], [ 136.75413781, 36.08914413 ], [ 136.75419389000001, 36.08897887 ], [ 136.754334450000016, 36.08869969 ], [ 136.754629170000015, 36.08818108 ], [ 136.75472056000001, 36.0879758 ], [ 136.754776670000012, 36.08782775 ], [ 136.75478361, 36.0874858 ], [ 136.75478361, 36.08694467 ], [ 136.754741390000021, 36.08681939 ], [ 136.75455917, 36.08658578 ], [ 136.75443722, 36.08644995 ], [ 136.75428445, 36.08629022 ], [ 136.754028340000019, 36.08607997 ], [ 136.75376361, 36.08586275 ], [ 136.75326501, 36.08555803 ], [ 136.75306611000002, 36.0854608 ], [ 136.75290222000001, 36.08546331 ], [ 136.752756940000012, 36.08552997 ], [ 136.75226167, 36.08583969 ], [ 136.75207789000001, 36.08593992 ], [ 136.7520125, 36.08597553 ], [ 136.75176, 36.0860472 ], [ 136.75159278000001, 36.08606747 ], [ 136.751125550000012, 36.08607275 ], [ 136.750336940000011, 36.08603441 ], [ 136.750002500000022, 36.08599425 ], [ 136.75, 36.08599395 ], [ 136.74997389, 36.0859908 ], [ 136.74971195, 36.08590887 ], [ 136.749494160000012, 36.08581164 ], [ 136.748992500000014, 36.08562969 ], [ 136.748462500000016, 36.08554275 ], [ 136.74790389, 36.08551192 ], [ 136.74704472, 36.08548859 ], [ 136.745954720000015, 36.08532692 ], [ 136.745605840000025, 36.08522969 ], [ 136.74529861000002, 36.08514525 ], [ 136.74526283, 36.08512608 ], [ 136.74503834, 36.0850058 ], [ 136.744746670000012, 36.0848072 ], [ 136.744496670000018, 36.08454108 ], [ 136.743997220000011, 36.0840508 ], [ 136.74372112, 36.08367913 ], [ 136.743477610000014, 36.08333333 ], [ 136.743477219999988, 36.08333275 ], [ 136.743346390000028, 36.08314692 ], [ 136.74309109, 36.08270775 ] ] ], [ [ [ 136.538734310000024, 36.54839008 ], [ 136.53871397, 36.54836133 ], [ 136.53868764, 36.54834344 ], [ 136.538626980000032, 36.54833275 ], [ 136.53855547, 36.54830867 ], [ 136.53840086, 36.54825587 ], [ 136.538332630000014, 36.548238 ], [ 136.53823947, 36.5482248 ], [ 136.538197670000017, 36.5482282 ], [ 136.53817694, 36.54824872 ], [ 136.538183190000012, 36.54826408 ], [ 136.53824419, 36.54826467 ], [ 136.538299780000017, 36.54826975 ], [ 136.538428760000016, 36.5483125 ], [ 136.538489950000013, 36.54834239 ], [ 136.538606030000011, 36.54838175 ], [ 136.538680610000029, 36.54841405 ], [ 136.53874625, 36.54845784 ], [ 136.538781700000015, 36.54845333 ], [ 136.53876467, 36.54843369 ], [ 136.53875348, 36.54842208 ], [ 136.538734310000024, 36.54839008 ] ] ] ] } }
]
}
