{
"type": "FeatureCollection",
"name": "city_18_坂井市",
"crs": { "type": "name", "properties": { "name": "urn:ogc:def:crs:OGC:1.3:CRS84" } },
"features": [
{ "type": "Feature", "properties": { }, "geometry": { "type": "MultiPolygon", "coordinates": [ [ [ [ 136.13067781, 36.22509644 ], [ 136.130601410000025, 36.22510756 ], [ 136.130573640000023, 36.22513589 ], [ 136.13055975, 36.22518644 ], [ 136.130527170000022, 36.22522072 ], [ 136.130371970000027, 36.22529922 ], [ 136.130344190000017, 36.22533867 ], [ 136.130358640000026, 36.22539978 ], [ 136.13033725, 36.22545144 ], [ 136.130344190000017, 36.22546839 ], [ 136.130371970000027, 36.22549089 ], [ 136.13048781, 36.22549867 ], [ 136.130531970000021, 36.22547951 ], [ 136.13060837, 36.22538951 ], [ 136.130705580000011, 36.22538951 ], [ 136.13074031, 36.22536117 ], [ 136.130823920000012, 36.22517533 ], [ 136.130823920000012, 36.22510756 ], [ 136.13078558, 36.22505395 ], [ 136.13076837, 36.22504561 ], [ 136.13072642000003, 36.22505117 ], [ 136.13067781, 36.22509644 ] ] ], [ [ [ 136.13076837, 36.22559228 ], [ 136.13075419, 36.22556977 ], [ 136.130705580000011, 36.22555284 ], [ 136.13067086, 36.22555839 ], [ 136.13062224, 36.22563172 ], [ 136.130594480000013, 36.22565422 ], [ 136.130538910000013, 36.22565977 ], [ 136.130504190000011, 36.22568811 ], [ 136.13047642, 36.22575561 ], [ 136.13035808, 36.22582867 ], [ 136.13032192, 36.22595417 ], [ 136.13022584, 36.2260072 ], [ 136.130170580000026, 36.22604839 ], [ 136.130142800000016, 36.22608228 ], [ 136.130142800000016, 36.22609895 ], [ 136.130163650000014, 36.22613284 ], [ 136.13020531, 36.22615533 ], [ 136.130305580000027, 36.22613867 ], [ 136.13036503, 36.22614978 ], [ 136.130448640000026, 36.22608228 ], [ 136.13048336, 36.22600895 ], [ 136.130573640000023, 36.225992 ], [ 136.130601410000025, 36.22596951 ], [ 136.130594480000013, 36.22588505 ], [ 136.130656980000026, 36.22583977 ], [ 136.13067781, 36.22577256 ], [ 136.130747250000013, 36.22572756 ], [ 136.13076837, 36.22559228 ] ] ], [ [ [ 136.130018660000019, 36.23072089 ], [ 136.1300245, 36.23074728 ], [ 136.130066160000013, 36.23076978 ], [ 136.1301009, 36.23076978 ], [ 136.130135620000033, 36.23074172 ], [ 136.130156450000015, 36.230657 ], [ 136.13014949, 36.2305895 ], [ 136.130052550000016, 36.23052172 ], [ 136.130017830000014, 36.23053867 ], [ 136.13000394, 36.23060644 ], [ 136.12996895, 36.23064005 ], [ 136.129962, 36.23066839 ], [ 136.12996895, 36.23068533 ], [ 136.130018660000019, 36.23072089 ] ] ], [ [ [ 136.129600340000025, 36.23158117 ], [ 136.129517280000016, 36.23163756 ], [ 136.129482560000014, 36.23169951 ], [ 136.12949645, 36.23173339 ], [ 136.129593380000017, 36.23182339 ], [ 136.129690900000014, 36.23180089 ], [ 136.12976728000001, 36.231722 ], [ 136.12982034, 36.23169728 ], [ 136.129878390000016, 36.23167144 ], [ 136.129878390000016, 36.23160367 ], [ 136.12985756, 36.23155867 ], [ 136.12985756, 36.23145728 ], [ 136.12976728000001, 36.23141228 ], [ 136.129690900000014, 36.23140644 ], [ 136.129635620000016, 36.23142895 ], [ 136.12959367000002, 36.23146284 ], [ 136.129607560000011, 36.23156422 ], [ 136.129600340000025, 36.23158117 ] ] ], [ [ [ 136.124699780000014, 36.23681395 ], [ 136.12466978, 36.23683839 ], [ 136.12470423000002, 36.23687339 ], [ 136.124755890000017, 36.23686284 ], [ 136.124755890000017, 36.23682784 ], [ 136.124699780000014, 36.23681395 ] ] ], [ [ [ 136.124042280000026, 36.23694617 ], [ 136.123943110000027, 36.23697784 ], [ 136.123909489999988, 36.23701228 ], [ 136.123909489999988, 36.23705172 ], [ 136.123958110000018, 36.23708561 ], [ 136.124085330000014, 36.23705089 ], [ 136.12414533, 36.23701784 ], [ 136.12412423, 36.23694978 ], [ 136.124042280000026, 36.23694617 ] ] ], [ [ [ 136.12687066, 36.23868236 ], [ 136.126868340000016, 36.23868605 ], [ 136.12686525, 36.23869169 ], [ 136.126862280000012, 36.2386972 ], [ 136.126859530000019, 36.23870253 ], [ 136.1268575, 36.23870733 ], [ 136.12685667, 36.23871067 ], [ 136.126856590000017, 36.23871322 ], [ 136.126856980000014, 36.23871553 ], [ 136.12685783, 36.23871756 ], [ 136.126858880000015, 36.23871903 ], [ 136.12686, 36.2387198 ], [ 136.126861500000018, 36.23872028 ], [ 136.126863970000016, 36.23872036 ], [ 136.126869340000013, 36.23871941 ], [ 136.12687956000002, 36.23871633 ], [ 136.126892020000014, 36.23871172 ], [ 136.12690458000003, 36.23870828 ], [ 136.12692125, 36.23870653 ], [ 136.12694453, 36.23870567 ], [ 136.126970250000028, 36.23870547 ], [ 136.12698278000002, 36.23870517 ], [ 136.126987860000014, 36.23870467 ], [ 136.12699163000002, 36.23870384 ], [ 136.12699489000002, 36.23870256 ], [ 136.12699791, 36.23870067 ], [ 136.127001700000022, 36.23869733 ], [ 136.1270072, 36.23869136 ], [ 136.12701314, 36.23868505 ], [ 136.12701861, 36.23868008 ], [ 136.12702511, 36.23867533 ], [ 136.1270328, 36.23867067 ], [ 136.127037950000016, 36.23866803 ], [ 136.127040610000023, 36.2386665 ], [ 136.127044190000021, 36.23866456 ], [ 136.127047300000015, 36.23866247 ], [ 136.127048910000013, 36.23866131 ], [ 136.12704986, 36.23866039 ], [ 136.12705083000003, 36.23865925 ], [ 136.127051750000021, 36.23865825 ], [ 136.127052530000014, 36.23865705 ], [ 136.127053330000024, 36.23865567 ], [ 136.12705431, 36.23865344 ], [ 136.12705538000003, 36.23865061 ], [ 136.127056110000012, 36.23864836 ], [ 136.127056420000031, 36.23864625 ], [ 136.127056720000013, 36.23864247 ], [ 136.127056830000015, 36.23863678 ], [ 136.127056720000013, 36.23862997 ], [ 136.127055970000015, 36.23862547 ], [ 136.127054750000013, 36.23862233 ], [ 136.127052920000011, 36.23861956 ], [ 136.127050340000011, 36.2386168 ], [ 136.127046690000014, 36.23861395 ], [ 136.12704224, 36.23861136 ], [ 136.12703725, 36.23860913 ], [ 136.127031860000017, 36.23860733 ], [ 136.127026500000028, 36.23860595 ], [ 136.12702134, 36.23860505 ], [ 136.12701623000001, 36.23860447 ], [ 136.12701039, 36.23860439 ], [ 136.127004450000015, 36.238605 ], [ 136.12699988, 36.23860592 ], [ 136.126995250000022, 36.23860764 ], [ 136.12699025, 36.23860975 ], [ 136.12698742, 36.23861117 ], [ 136.12698616, 36.2386118 ], [ 136.12698506000001, 36.23861261 ], [ 136.12698214, 36.23861525 ], [ 136.126975940000023, 36.23862108 ], [ 136.12696949, 36.23862733 ], [ 136.126963280000012, 36.23863175 ], [ 136.12695616000002, 36.23863556 ], [ 136.126951240000011, 36.23863767 ], [ 136.12694817000002, 36.23863856 ], [ 136.126945840000019, 36.23863889 ], [ 136.126943330000017, 36.23863877 ], [ 136.12694031, 36.23863853 ], [ 136.12693711, 36.23863817 ], [ 136.12693436, 36.23863825 ], [ 136.12693066, 36.23863917 ], [ 136.126925520000015, 36.23864097 ], [ 136.12692056, 36.23864317 ], [ 136.12691652, 36.23864525 ], [ 136.126911410000019, 36.23864859 ], [ 136.126902280000024, 36.23865523 ], [ 136.1268909, 36.23866403 ], [ 136.12688053, 36.23867264 ], [ 136.126873750000016, 36.23867895 ], [ 136.12687066, 36.23868236 ] ] ], [ [ [ 136.128107590000013, 36.23903247 ], [ 136.12808555, 36.23903272 ], [ 136.128068300000024, 36.23904186 ], [ 136.12805423, 36.23907405 ], [ 136.12805986, 36.23908217 ], [ 136.128061800000012, 36.23908808 ], [ 136.128052920000016, 36.23910384 ], [ 136.12804236, 36.23912703 ], [ 136.128042530000016, 36.23913595 ], [ 136.12804628, 36.23914039 ], [ 136.128056360000016, 36.23914025 ], [ 136.128091110000014, 36.23913314 ], [ 136.128128590000017, 36.2391245 ], [ 136.12814683000002, 36.23911905 ], [ 136.12815031, 36.23910859 ], [ 136.128152050000011, 36.23910411 ], [ 136.12816380000001, 36.23909431 ], [ 136.128174770000015, 36.2390912 ], [ 136.128197660000012, 36.23908941 ], [ 136.12820122, 36.23908195 ], [ 136.128199140000021, 36.23906931 ], [ 136.128177810000011, 36.23905764 ], [ 136.128164920000017, 36.23905484 ], [ 136.12815550000002, 36.23904231 ], [ 136.128148050000021, 36.23903644 ], [ 136.128130560000017, 36.23903367 ], [ 136.128107590000013, 36.23903247 ] ] ], [ [ [ 136.13081202, 36.24096036 ], [ 136.13079331, 36.2409655 ], [ 136.13078192, 36.24097297 ], [ 136.130777780000017, 36.24097895 ], [ 136.13076333, 36.24098469 ], [ 136.13074047, 36.24099617 ], [ 136.13071825, 36.24099859 ], [ 136.130703450000027, 36.24100575 ], [ 136.130691410000026, 36.24102261 ], [ 136.13066914, 36.241041 ], [ 136.130657, 36.24105403 ], [ 136.130629810000016, 36.24106384 ], [ 136.130609220000025, 36.24106275 ], [ 136.130587780000013, 36.24106097 ], [ 136.13057361, 36.2410598 ], [ 136.130565530000013, 36.24106272 ], [ 136.13055073000001, 36.24106953 ], [ 136.13054195, 36.24107975 ], [ 136.130530580000027, 36.24108789 ], [ 136.13050014, 36.24108697 ], [ 136.1304835, 36.24109 ], [ 136.130467470000013, 36.241101 ], [ 136.13046508, 36.24110764 ], [ 136.130462280000017, 36.24111705 ], [ 136.130458050000016, 36.2411192 ], [ 136.13044564, 36.24111939 ], [ 136.130434920000027, 36.24111956 ], [ 136.130430750000016, 36.24112377 ], [ 136.130417500000021, 36.24114344 ], [ 136.13039163000002, 36.24121086 ], [ 136.130388340000025, 36.24123487 ], [ 136.130393990000016, 36.24123825 ], [ 136.130400830000013, 36.24123814 ], [ 136.13043825, 36.24122541 ], [ 136.13044961, 36.24121659 ], [ 136.13045717, 36.24120987 ], [ 136.13046691, 36.24120625 ], [ 136.13047497, 36.24120195 ], [ 136.130477470000017, 36.24119877 ], [ 136.130496250000022, 36.24119572 ], [ 136.13050601, 36.24119211 ], [ 136.130517500000025, 36.2411888 ], [ 136.130528170000019, 36.24118725 ], [ 136.130544, 36.24118703 ], [ 136.130552920000014, 36.24118341 ], [ 136.130564280000016, 36.24117387 ], [ 136.130572410000013, 36.24117441 ], [ 136.130589080000021, 36.24117278 ], [ 136.130597170000016, 36.24117025 ], [ 136.13060442, 36.24116944 ], [ 136.130616840000016, 36.24116925 ], [ 136.130624940000018, 36.24116775 ], [ 136.13063003000002, 36.24116489 ], [ 136.130641390000022, 36.24115603 ], [ 136.13071825, 36.24109947 ], [ 136.13076222, 36.2410745 ], [ 136.13080672000001, 36.24106289 ], [ 136.13081528, 36.24106275 ], [ 136.130830120000013, 36.24107469 ], [ 136.13084348000001, 36.24107795 ], [ 136.13085365, 36.24107295 ], [ 136.130934110000027, 36.24099741 ], [ 136.13093387, 36.24098664 ], [ 136.13092895, 36.24097733 ], [ 136.130921950000015, 36.24097087 ], [ 136.130900340000011, 36.2409632 ], [ 136.13086241000002, 36.24095369 ], [ 136.130844920000015, 36.24095603 ], [ 136.13081202, 36.24096036 ] ] ], [ [ [ 136.12470231, 36.24342867 ], [ 136.124687030000018, 36.243547 ], [ 136.124772580000013, 36.24357144 ], [ 136.12482287, 36.24355117 ], [ 136.124852870000012, 36.24344089 ], [ 136.12482287, 36.24330256 ], [ 136.12477759, 36.243282 ], [ 136.12470231, 36.24342867 ] ] ], [ [ [ 136.12547258, 36.24485505 ], [ 136.125521190000029, 36.24493395 ], [ 136.125625360000015, 36.24496228 ], [ 136.125668690000026, 36.24492589 ], [ 136.12565258, 36.24487284 ], [ 136.12556287000001, 36.24479311 ], [ 136.12550730000001, 36.24481561 ], [ 136.12547258, 36.24485505 ] ] ], [ [ [ 136.125576740000014, 36.24508061 ], [ 136.12561148, 36.24514811 ], [ 136.12560453, 36.24523839 ], [ 136.125660080000017, 36.24528339 ], [ 136.12571564000001, 36.24526644 ], [ 136.12569898000001, 36.24516256 ], [ 136.125681750000012, 36.24507867 ], [ 136.12563925, 36.24505228 ], [ 136.125576740000014, 36.24508061 ] ] ], [ [ [ 136.122338690000021, 36.24811756 ], [ 136.122268970000022, 36.24812311 ], [ 136.122241190000011, 36.24815672 ], [ 136.122269250000016, 36.24821617 ], [ 136.122248140000011, 36.24835395 ], [ 136.122275910000013, 36.24836505 ], [ 136.12233014, 36.24835925 ], [ 136.12239503, 36.24831569 ], [ 136.1224162, 36.24829589 ], [ 136.122470360000023, 36.24826923 ], [ 136.122477300000014, 36.24824117 ], [ 136.12245647, 36.24820172 ], [ 136.122463410000023, 36.24811172 ], [ 136.12243564, 36.24808367 ], [ 136.122400920000018, 36.24808367 ], [ 136.122338690000021, 36.24811756 ] ] ], [ [ [ 136.12300536, 36.25035978 ], [ 136.12285119, 36.25027784 ], [ 136.12278314, 36.25026978 ], [ 136.122650920000012, 36.25036533 ], [ 136.122643970000013, 36.25039923 ], [ 136.122678980000018, 36.25043311 ], [ 136.12286703, 36.25048867 ], [ 136.122901190000022, 36.2504895 ], [ 136.12294287, 36.25041061 ], [ 136.12300536, 36.25035978 ] ] ], [ [ [ 136.12163508, 36.25076895 ], [ 136.121682310000011, 36.25076172 ], [ 136.12175258, 36.25070756 ], [ 136.12178119, 36.25059533 ], [ 136.121759250000025, 36.25055339 ], [ 136.121694530000013, 36.25053395 ], [ 136.121589250000028, 36.25056589 ], [ 136.12152341, 36.25064423 ], [ 136.1215573, 36.25067895 ], [ 136.121589250000028, 36.25072867 ], [ 136.12163508, 36.25076895 ] ] ], [ [ [ 136.128410120000012, 36.25104031 ], [ 136.128432340000018, 36.25099086 ], [ 136.128401500000024, 36.25092836 ], [ 136.128254810000016, 36.25092839 ], [ 136.128203140000011, 36.25092895 ], [ 136.12816842, 36.25097977 ], [ 136.12821012, 36.25101922 ], [ 136.128217060000026, 36.25106977 ], [ 136.128258720000019, 36.25109808 ], [ 136.128314280000012, 36.2510528 ], [ 136.128410120000012, 36.25104031 ] ] ], [ [ [ 136.122991480000024, 36.25121617 ], [ 136.123019250000027, 36.25124977 ], [ 136.12313759, 36.25126117 ], [ 136.123170360000017, 36.25124311 ], [ 136.1231862, 36.25118784 ], [ 136.12315842000001, 36.25114284 ], [ 136.123164190000011, 36.25107284 ], [ 136.123160360000014, 36.25101372 ], [ 136.123144530000019, 36.25098505 ], [ 136.123102870000025, 36.25094561 ], [ 136.122997590000011, 36.25095617 ], [ 136.12292202, 36.251047 ], [ 136.12296314, 36.25110311 ], [ 136.122998420000016, 36.25114839 ], [ 136.122991480000024, 36.25121617 ] ] ], [ [ [ 136.128960660000018, 36.25112059 ], [ 136.128919, 36.25112613 ], [ 136.12888428, 36.25117113 ], [ 136.128880950000024, 36.25121503 ], [ 136.12882844, 36.25128392 ], [ 136.12885706, 36.25136864 ], [ 136.12899066, 36.25141059 ], [ 136.129023170000011, 36.25145308 ], [ 136.129284, 36.25140364 ], [ 136.129333160000016, 36.25130975 ], [ 136.12933594, 36.25122753 ], [ 136.129418140000013, 36.25116564 ], [ 136.129447060000018, 36.25112613 ], [ 136.129433160000019, 36.25107531 ], [ 136.129315110000022, 36.25104725 ], [ 136.12925956, 36.25108113 ], [ 136.12917594000001, 36.25108113 ], [ 136.12913791, 36.25111878 ], [ 136.129099560000014, 36.2511542 ], [ 136.129064840000012, 36.2511542 ], [ 136.128960660000018, 36.25112059 ] ] ], [ [ [ 136.12857234, 36.25129836 ], [ 136.128559270000011, 36.25118975 ], [ 136.128481780000016, 36.25116892 ], [ 136.128424920000015, 36.25120733 ], [ 136.128342050000015, 36.25123308 ], [ 136.128352330000013, 36.25125641 ], [ 136.128520660000021, 36.25139641 ], [ 136.12861122000001, 36.25144892 ], [ 136.12865428, 36.25140336 ], [ 136.12857234, 36.25129836 ] ] ], [ [ [ 136.12665961, 36.25129633 ], [ 136.126670830000023, 36.25129831 ], [ 136.12668772, 36.25130877 ], [ 136.12671211, 36.25132528 ], [ 136.126733380000019, 36.25133728 ], [ 136.126750860000016, 36.25134575 ], [ 136.126762110000016, 36.25135325 ], [ 136.12677217000001, 36.25136478 ], [ 136.12677603, 36.25138139 ], [ 136.126775620000018, 36.25140908 ], [ 136.126762870000022, 36.25145247 ], [ 136.12675192, 36.25148225 ], [ 136.12674825, 36.25149284 ], [ 136.12674834, 36.25150492 ], [ 136.12675153, 36.251516 ], [ 136.126758420000016, 36.25152351 ], [ 136.12677027, 36.25152547 ], [ 136.12679825, 36.2515218 ], [ 136.126922440000016, 36.25148241 ], [ 136.12702662, 36.25143003 ], [ 136.127050200000014, 36.25141933 ], [ 136.12707372, 36.25140561 ], [ 136.12707927, 36.25139903 ], [ 136.12708358, 36.25139095 ], [ 136.127095030000021, 36.25134053 ], [ 136.12709547, 36.25131684 ], [ 136.127093480000013, 36.25130075 ], [ 136.1270838, 36.25125444 ], [ 136.12707486, 36.25122628 ], [ 136.127069200000022, 36.25121775 ], [ 136.12706234, 36.25121325 ], [ 136.127052970000022, 36.25120978 ], [ 136.127039270000012, 36.25120884 ], [ 136.12702497, 36.25121092 ], [ 136.126997030000013, 36.25121961 ], [ 136.12696847, 36.25123084 ], [ 136.12692694, 36.2512532 ], [ 136.12690711, 36.25126439 ], [ 136.12689778, 36.25126695 ], [ 136.12688287, 36.25127005 ], [ 136.126825620000034, 36.25127084 ], [ 136.126781390000019, 36.25126703 ], [ 136.1267527, 36.25125708 ], [ 136.126728300000025, 36.25124311 ], [ 136.126723890000022, 36.25123556 ], [ 136.126722550000011, 36.25122247 ], [ 136.12672497, 36.25121289 ], [ 136.12672608, 36.25119425 ], [ 136.12671973, 36.25117513 ], [ 136.12671086, 36.25115656 ], [ 136.12670639000001, 36.25114147 ], [ 136.126697520000022, 36.25112439 ], [ 136.12668438, 36.25111336 ], [ 136.126665030000026, 36.25110641 ], [ 136.126653840000017, 36.25110495 ], [ 136.126642630000021, 36.25110653 ], [ 136.126627110000015, 36.25111313 ], [ 136.126575670000022, 36.25114059 ], [ 136.12656759, 36.25114417 ], [ 136.12651969, 36.25114741 ], [ 136.12649423000002, 36.25115308 ], [ 136.12646322, 36.25116786 ], [ 136.12642667, 36.25119069 ], [ 136.12640625, 36.25120892 ], [ 136.12638462000001, 36.25122667 ], [ 136.12637533, 36.25123528 ], [ 136.1263735, 36.25124133 ], [ 136.12637419, 36.25125089 ], [ 136.126378, 36.25126044 ], [ 136.126395500000029, 36.25126841 ], [ 136.12643044, 36.25127884 ], [ 136.12646224, 36.25128975 ], [ 136.126491580000021, 36.25129717 ], [ 136.12650531, 36.25130413 ], [ 136.12651406, 36.25130964 ], [ 136.126525969999989, 36.25131964 ], [ 136.126544700000011, 36.25132611 ], [ 136.126561510000016, 36.25132603 ], [ 136.126583260000018, 36.25132289 ], [ 136.126601890000018, 36.25131625 ], [ 136.12664842, 36.25129639 ], [ 136.12665961, 36.25129633 ] ] ], [ [ [ 136.12537078, 36.25156964 ], [ 136.12538261, 36.25157108 ], [ 136.125394420000021, 36.251569 ], [ 136.12541306, 36.25156489 ], [ 136.12542922, 36.2515618 ], [ 136.12544975, 36.2515622 ], [ 136.12547842, 36.25156608 ], [ 136.125506450000017, 36.25156744 ], [ 136.12551389, 36.25156592 ], [ 136.12551636, 36.25156136 ], [ 136.125521850000013, 36.25154925 ], [ 136.125526160000021, 36.25154317 ], [ 136.125537330000014, 36.25153961 ], [ 136.12554667, 36.25153703 ], [ 136.125587130000014, 36.25153887 ], [ 136.12566927, 36.25153592 ], [ 136.125679220000023, 36.25153487 ], [ 136.125686060000021, 36.25153031 ], [ 136.125695910000019, 36.25151917 ], [ 136.125731850000022, 36.25149836 ], [ 136.125749860000013, 36.25149172 ], [ 136.12577034, 36.25148405 ], [ 136.125808830000011, 36.25147128 ], [ 136.12584236, 36.25145851 ], [ 136.12587772, 36.25144422 ], [ 136.12588639, 36.25143867 ], [ 136.125893800000028, 36.25143056 ], [ 136.125895620000023, 36.25142451 ], [ 136.125894940000023, 36.25141695 ], [ 136.125896360000013, 36.25135953 ], [ 136.12589306000001, 36.25133184 ], [ 136.125888560000021, 36.25131423 ], [ 136.12587597000001, 36.25129517 ], [ 136.12586217, 36.25127911 ], [ 136.125844700000016, 36.25127313 ], [ 136.12580236, 36.25127084 ], [ 136.12576377000002, 36.25127253 ], [ 136.12570464, 36.25127333 ], [ 136.12565428, 36.25127911 ], [ 136.12563689000001, 36.25128677 ], [ 136.125617060000025, 36.25129795 ], [ 136.125598490000016, 36.25131214 ], [ 136.125547860000012, 36.25136628 ], [ 136.125537420000029, 36.25138144 ], [ 136.12552817, 36.25139408 ], [ 136.125517660000014, 36.2514042 ], [ 136.12549601, 36.25142195 ], [ 136.12544908000001, 36.25147303 ], [ 136.12544044, 36.25148113 ], [ 136.12541872, 36.25149031 ], [ 136.125382020000018, 36.25149503 ], [ 136.125352170000014, 36.25149769 ], [ 136.125328560000014, 36.25150133 ], [ 136.125304920000019, 36.25150347 ], [ 136.125278150000014, 36.25150159 ], [ 136.125262530000015, 36.25149511 ], [ 136.125244450000025, 36.25148917 ], [ 136.12521949, 36.25148475 ], [ 136.125195160000033, 36.25147784 ], [ 136.125147130000016, 36.25146547 ], [ 136.125123450000018, 36.25145903 ], [ 136.12509978, 36.25145361 ], [ 136.125083550000028, 36.25145017 ], [ 136.12507109, 36.25144972 ], [ 136.12506178000001, 36.25145128 ], [ 136.125056280000024, 36.25146389 ], [ 136.12505572, 36.2514765 ], [ 136.125059530000016, 36.25148503 ], [ 136.12506769, 36.25149305 ], [ 136.1250908, 36.25150353 ], [ 136.125133890000029, 36.25152295 ], [ 136.12515073000003, 36.25152739 ], [ 136.125173800000027, 36.25153233 ], [ 136.125232410000024, 36.25154564 ], [ 136.1252785, 36.25155144 ], [ 136.12532022000002, 36.25155428 ], [ 136.125352670000012, 36.25156067 ], [ 136.12537078, 36.25156964 ] ] ], [ [ [ 136.129690120000021, 36.25118253 ], [ 136.129607060000012, 36.25118253 ], [ 136.12953733, 36.25119947 ], [ 136.129545380000025, 36.2512792 ], [ 136.129523450000022, 36.25133475 ], [ 136.129578720000012, 36.2514192 ], [ 136.12964150000002, 36.25145864 ], [ 136.12966234000001, 36.25148113 ], [ 136.12967623, 36.25154864 ], [ 136.129703990000024, 36.25158808 ], [ 136.129759560000025, 36.25162197 ], [ 136.129773450000016, 36.25170086 ], [ 136.129840390000027, 36.2517492 ], [ 136.129995940000015, 36.25175725 ], [ 136.13008205, 36.25169336 ], [ 136.13010706, 36.25164447 ], [ 136.130065380000019, 36.25150364 ], [ 136.129974840000017, 36.25143031 ], [ 136.12994706, 36.2513628 ], [ 136.129891500000014, 36.25132892 ], [ 136.129835940000021, 36.25132892 ], [ 136.12981511000001, 36.25131197 ], [ 136.12980195, 36.25127905 ], [ 136.12978733, 36.25124447 ], [ 136.129731780000014, 36.25119947 ], [ 136.129690120000021, 36.25118253 ] ] ], [ [ [ 136.12338064, 36.25152589 ], [ 136.1233737, 36.25161617 ], [ 136.123422310000024, 36.25167811 ], [ 136.123436200000015, 36.25177951 ], [ 136.123464250000012, 36.25181895 ], [ 136.123498970000014, 36.25184144 ], [ 136.1235562, 36.25184228 ], [ 136.123711480000026, 36.25194728 ], [ 136.12384064, 36.25193311 ], [ 136.12391564, 36.25185839 ], [ 136.12392258, 36.25179089 ], [ 136.12388092, 36.25171756 ], [ 136.123780360000012, 36.25171617 ], [ 136.12374202, 36.25163311 ], [ 136.123651750000022, 36.25158228 ], [ 136.12361008, 36.25140756 ], [ 136.1235737, 36.25137311 ], [ 136.12350591, 36.25136811 ], [ 136.123366740000023, 36.251447 ], [ 136.123359810000011, 36.25148089 ], [ 136.12338064, 36.25152589 ] ] ], [ [ [ 136.118448110000031, 36.24993017 ], [ 136.11842662, 36.24992061 ], [ 136.11840895, 36.24991647 ], [ 136.118387300000023, 36.24991372 ], [ 136.11837005000001, 36.24991425 ], [ 136.11835012, 36.2499155 ], [ 136.11824586, 36.2499338 ], [ 136.11820462, 36.2499402 ], [ 136.118157170000018, 36.24994653 ], [ 136.118143410000016, 36.24994853 ], [ 136.118133640000025, 36.24995167 ], [ 136.11813003, 36.24995631 ], [ 136.118130340000022, 36.24996347 ], [ 136.11813336, 36.24996892 ], [ 136.118147170000015, 36.24999095 ], [ 136.118149640000013, 36.2499995 ], [ 136.11814978000001, 36.25 ], [ 136.118157670000016, 36.250027 ], [ 136.11815825, 36.25004567 ], [ 136.11815883, 36.25006364 ], [ 136.118159580000025, 36.25007228 ], [ 136.11816167, 36.25008125 ], [ 136.11816547, 36.25009172 ], [ 136.118172360000017, 36.25010364 ], [ 136.11818148, 36.25011487 ], [ 136.11819017000002, 36.25012431 ], [ 136.11820236, 36.25013556 ], [ 136.118224770000012, 36.25014587 ], [ 136.118241050000023, 36.25015141 ], [ 136.118248560000012, 36.25015364 ], [ 136.118253800000019, 36.25015764 ], [ 136.118255910000016, 36.25016341 ], [ 136.118254470000011, 36.25016986 ], [ 136.11824508, 36.25017553 ], [ 136.118230440000019, 36.25017895 ], [ 136.118211850000023, 36.25017841 ], [ 136.11819861, 36.25017792 ], [ 136.118192390000019, 36.25017964 ], [ 136.118188780000025, 36.2501832 ], [ 136.11818545, 36.25019825 ], [ 136.11818306, 36.25020936 ], [ 136.11817983, 36.2502165 ], [ 136.11817492000003, 36.25021969 ], [ 136.118163800000019, 36.2502228 ], [ 136.11814834, 36.250223 ], [ 136.118135530000018, 36.25022178 ], [ 136.118107220000013, 36.25022041 ], [ 136.118092610000019, 36.25022097 ], [ 136.11807934, 36.25022192 ], [ 136.11806737, 36.25022286 ], [ 136.118056280000019, 36.2502242 ], [ 136.118040730000018, 36.25022905 ], [ 136.11802205, 36.25023353 ], [ 136.11800611000001, 36.25023553 ], [ 136.117983940000016, 36.25023744 ], [ 136.1179627, 36.25023831 ], [ 136.117944110000025, 36.2502392 ], [ 136.117926860000011, 36.25023828 ], [ 136.117911390000017, 36.25023705 ], [ 136.117896420000022, 36.25023331 ], [ 136.11788322000001, 36.25022741 ], [ 136.117870860000011, 36.25022513 ], [ 136.11785803, 36.250225 ], [ 136.11783942, 36.25022695 ], [ 136.117816300000015, 36.25023461 ], [ 136.11779761, 36.25024089 ], [ 136.117787860000021, 36.25024295 ], [ 136.11777681, 36.25024247 ], [ 136.117764470000026, 36.25023944 ], [ 136.117743750000017, 36.25023277 ], [ 136.117726590000018, 36.25022831 ], [ 136.117709, 36.25022128 ], [ 136.117693190000011, 36.25021251 ], [ 136.117672530000021, 36.25020584 ], [ 136.117643, 36.25019833 ], [ 136.117612630000025, 36.25018831 ], [ 136.11758348, 36.25018478 ], [ 136.11756764, 36.25017887 ], [ 136.11752764000002, 36.25016264 ], [ 136.11751141000002, 36.25015277 ], [ 136.117501850000025, 36.25014225 ], [ 136.117495840000032, 36.25013214 ], [ 136.11748947000001, 36.25011484 ], [ 136.11747861, 36.25010251 ], [ 136.11746328000001, 36.25009228 ], [ 136.11744966, 36.25008605 ], [ 136.117421440000015, 36.25008 ], [ 136.11739319, 36.25007503 ], [ 136.11738, 36.25007167 ], [ 136.117369360000026, 36.25007192 ], [ 136.11735694, 36.25007467 ], [ 136.117335450000013, 36.25008953 ], [ 136.11731895, 36.25009905 ], [ 136.117302020000011, 36.25010425 ], [ 136.11728964, 36.2501052 ], [ 136.1172755, 36.25010289 ], [ 136.117267170000019, 36.2500985 ], [ 136.117258030000016, 36.25009013 ], [ 136.11724633, 36.25007351 ], [ 136.1172372, 36.25006405 ], [ 136.117228440000019, 36.25005751 ], [ 136.11721706, 36.25005056 ], [ 136.11720341, 36.25004611 ], [ 136.11717778000002, 36.25004369 ], [ 136.11714416, 36.25004405 ], [ 136.11709905, 36.2500418 ], [ 136.1170818, 36.25004233 ], [ 136.11707211, 36.25004008 ], [ 136.117060660000021, 36.25003564 ], [ 136.117047520000028, 36.25002725 ], [ 136.117021240000014, 36.2500108 ], [ 136.11700589, 36.25000311 ], [ 136.116990730000026, 36.25 ], [ 136.11698825, 36.2499995 ], [ 136.11698737, 36.24999931 ], [ 136.11697322, 36.24999844 ], [ 136.116961240000023, 36.24999941 ], [ 136.116960920000025, 36.2499995 ], [ 136.11695917, 36.25 ], [ 136.11695058, 36.25000253 ], [ 136.116934970000017, 36.25001097 ], [ 136.116923360000015, 36.25001769 ], [ 136.11691163, 36.25003014 ], [ 136.116903, 36.25004586 ], [ 136.116899170000011, 36.25006375 ], [ 136.11690034, 36.25007384 ], [ 136.11690542, 36.25008753 ], [ 136.116914090000023, 36.25009947 ], [ 136.11693331, 36.25011405 ], [ 136.116943330000026, 36.25012025 ], [ 136.11694689, 36.2501228 ], [ 136.11694917, 36.25012456 ], [ 136.11695297, 36.25012887 ], [ 136.116954330000027, 36.25013567 ], [ 136.116954420000013, 36.25014084 ], [ 136.11695211, 36.25014708 ], [ 136.11694997, 36.25015141 ], [ 136.11694717, 36.25015531 ], [ 136.11694431, 36.25015756 ], [ 136.116938910000016, 36.25016047 ], [ 136.11693341, 36.25016253 ], [ 136.11692545, 36.2501648 ], [ 136.11691878000002, 36.25016561 ], [ 136.11690328, 36.25016725 ], [ 136.116898140000018, 36.25016887 ], [ 136.116893890000028, 36.25017184 ], [ 136.116889750000013, 36.25017584 ], [ 136.116886250000022, 36.25018036 ], [ 136.11688511, 36.25019472 ], [ 136.116885250000024, 36.25021375 ], [ 136.116882339999989, 36.25023133 ], [ 136.116875470000025, 36.25024489 ], [ 136.116848520000019, 36.25027084 ], [ 136.116841190000031, 36.25028587 ], [ 136.11684058, 36.25029661 ], [ 136.116843140000015, 36.25030275 ], [ 136.11684811, 36.25030513 ], [ 136.11685411000002, 36.25030825 ], [ 136.11686597, 36.25031244 ], [ 136.116880510000016, 36.25031823 ], [ 136.116886030000018, 36.25032225 ], [ 136.116890120000022, 36.25032623 ], [ 136.116892550000017, 36.25033039 ], [ 136.11689438, 36.25033453 ], [ 136.116893990000023, 36.25033895 ], [ 136.116892940000014, 36.25034241 ], [ 136.116889970000017, 36.25034772 ], [ 136.11688659, 36.25035205 ], [ 136.11688192, 36.25035553 ], [ 136.11687781, 36.25035969 ], [ 136.11687297, 36.25037417 ], [ 136.116872780000023, 36.25038531 ], [ 136.11687661000002, 36.25039578 ], [ 136.116890120000022, 36.2504092 ], [ 136.11692949, 36.25043547 ], [ 136.116950140000029, 36.25044539 ], [ 136.116979110000017, 36.25045933 ], [ 136.11699484, 36.25047277 ], [ 136.117002219999989, 36.25048078 ], [ 136.117005190000015, 36.25048941 ], [ 136.11700547, 36.25049841 ], [ 136.1170027, 36.25050805 ], [ 136.116996810000018, 36.25051556 ], [ 136.116983450000021, 36.25052222 ], [ 136.11697005000002, 36.2505282 ], [ 136.116959800000018, 36.25053347 ], [ 136.116951280000023, 36.25053987 ], [ 136.11694358, 36.25055056 ], [ 136.11694394, 36.25055631 ], [ 136.116948720000011, 36.25056211 ], [ 136.11696803000001, 36.25057272 ], [ 136.11698428, 36.25057936 ], [ 136.11698905, 36.25058478 ], [ 136.1169907, 36.25059308 ], [ 136.11698659000001, 36.250602 ], [ 136.116974470000031, 36.25061231 ], [ 136.11696455, 36.25062369 ], [ 136.11695409, 36.25064153 ], [ 136.116936910000021, 36.25066397 ], [ 136.116925230000021, 36.2506768 ], [ 136.116920560000011, 36.25069003 ], [ 136.116922610000017, 36.25070084 ], [ 136.11693348, 36.25071387 ], [ 136.11694442000001, 36.2507208 ], [ 136.116959800000018, 36.2507278 ], [ 136.11698311, 36.25073559 ], [ 136.117009560000014, 36.25074161 ], [ 136.11704180000001, 36.25074625 ], [ 136.11706075, 36.25075111 ], [ 136.11706597, 36.2507555 ], [ 136.117068500000016, 36.25076341 ], [ 136.11706756000001, 36.25076841 ], [ 136.117058110000016, 36.25077695 ], [ 136.11704608, 36.25078223 ], [ 136.117026110000012, 36.25078522 ], [ 136.11700975, 36.25078577 ], [ 136.116987560000013, 36.25078987 ], [ 136.11696219000001, 36.25079822 ], [ 136.116940390000025, 36.25080553 ], [ 136.11692302, 36.25081361 ], [ 136.116914, 36.250825 ], [ 136.116910730000029, 36.25083575 ], [ 136.11691056, 36.25084653 ], [ 136.116913550000021, 36.25085267 ], [ 136.11693326, 36.25086653 ], [ 136.116984140000028, 36.25089364 ], [ 136.11703986, 36.25092187 ], [ 136.11708597, 36.25094389 ], [ 136.11712953, 36.25095944 ], [ 136.117178880000012, 36.25097253 ], [ 136.117195190000018, 36.25097631 ], [ 136.11721234, 36.25098292 ], [ 136.11721975, 36.2509902 ], [ 136.117224060000012, 36.25099705 ], [ 136.11722484, 36.25100353 ], [ 136.11721903000003, 36.25100777 ], [ 136.117210560000018, 36.25101167 ], [ 136.117194580000017, 36.25101436 ], [ 136.117173800000018, 36.25101305 ], [ 136.117162830000012, 36.25100756 ], [ 136.117157500000019, 36.25100822 ], [ 136.11715214, 36.25101284 ], [ 136.117150660000021, 36.25102217 ], [ 136.11715233000001, 36.2510272 ], [ 136.11715756000001, 36.251033 ], [ 136.11716895, 36.25104103 ], [ 136.117176840000013, 36.25104505 ], [ 136.11717722, 36.25104831 ], [ 136.11717409000002, 36.2510515 ], [ 136.11716611, 36.25105178 ], [ 136.11714717000001, 36.25104656 ], [ 136.117112670000012, 36.2510462 ], [ 136.11709536, 36.25104853 ], [ 136.117056890000015, 36.25104775 ], [ 136.117046250000016, 36.25104872 ], [ 136.1170409, 36.25105189 ], [ 136.117036360000014, 36.25105833 ], [ 136.11703394, 36.25107159 ], [ 136.117033390000017, 36.25107839 ], [ 136.117035470000019, 36.25108597 ], [ 136.117044640000017, 36.25109361 ], [ 136.11706003, 36.25110025 ], [ 136.117079860000018, 36.25110584 ], [ 136.11709353, 36.25110705 ], [ 136.117121390000023, 36.25110986 ], [ 136.11715239, 36.25110767 ], [ 136.117163890000029, 36.25110778 ], [ 136.11717311000001, 36.25111111 ], [ 136.11717834, 36.2511162 ], [ 136.117180470000022, 36.25112195 ], [ 136.11717944, 36.25112987 ], [ 136.117174940000012, 36.25113447 ], [ 136.11716825, 36.25113872 ], [ 136.117148080000021, 36.25115431 ], [ 136.1171328, 36.25117031 ], [ 136.117123310000011, 36.25118313 ], [ 136.11711864, 36.25119744 ], [ 136.1171185, 36.25120644 ], [ 136.117124530000012, 36.25121656 ], [ 136.11713805, 36.25122928 ], [ 136.11717234, 36.251244 ], [ 136.117193390000011, 36.251255 ], [ 136.11722287, 36.2512668 ], [ 136.117234700000012, 36.25127303 ], [ 136.117242090000019, 36.251281 ], [ 136.117246350000016, 36.25129039 ], [ 136.11724659, 36.25130367 ], [ 136.117245060000016, 36.25131659 ], [ 136.11724092, 36.25132731 ], [ 136.117237280000012, 36.25133303 ], [ 136.117227470000017, 36.25133761 ], [ 136.11721058, 36.25134172 ], [ 136.117202140000018, 36.25134489 ], [ 136.11719847, 36.25135203 ], [ 136.11719467, 36.25136777 ], [ 136.11718467, 36.25138564 ], [ 136.11717525, 36.2513938 ], [ 136.117168140000018, 36.25139517 ], [ 136.11715752, 36.25139397 ], [ 136.117147860000017, 36.25139064 ], [ 136.117139080000015, 36.25138695 ], [ 136.117124580000024, 36.25138069 ], [ 136.11710872, 36.2513755 ], [ 136.11710075, 36.25137651 ], [ 136.117093110000013, 36.25138433 ], [ 136.11708852000001, 36.25139289 ], [ 136.117080969999989, 36.25139533 ], [ 136.117066350000016, 36.25139589 ], [ 136.117046860000016, 36.2513982 ], [ 136.11703795, 36.25140205 ], [ 136.11703214000002, 36.25140559 ], [ 136.11702803, 36.25141308 ], [ 136.117027520000022, 36.25141814 ], [ 136.11703051, 36.25142569 ], [ 136.117056720000022, 36.25144608 ], [ 136.11707167, 36.251452 ], [ 136.11707783, 36.25145277 ], [ 136.11708625, 36.25145286 ], [ 136.11709647, 36.2514508 ], [ 136.1171085, 36.25144447 ], [ 136.11712497000002, 36.25143817 ], [ 136.117137, 36.251434 ], [ 136.11714942, 36.25143231 ], [ 136.117195380000027, 36.25143497 ], [ 136.11720772000001, 36.25143725 ], [ 136.1172245, 36.25144103 ], [ 136.11722927, 36.25144536 ], [ 136.117233640000023, 36.25145044 ], [ 136.11723394, 36.25145872 ], [ 136.117232050000013, 36.25146587 ], [ 136.117228, 36.25147013 ], [ 136.117217760000017, 36.25147541 ], [ 136.11720306, 36.25148103 ], [ 136.117185280000029, 36.25148514 ], [ 136.1171808, 36.25148833 ], [ 136.11717409000002, 36.25149472 ], [ 136.11717131, 36.25150117 ], [ 136.117171220000017, 36.25150797 ], [ 136.117176420000021, 36.25151486 ], [ 136.117184330000015, 36.25151817 ], [ 136.11720331, 36.25152053 ], [ 136.11721655, 36.25152284 ], [ 136.117227520000029, 36.25152725 ], [ 136.117242890000028, 36.25153603 ], [ 136.11725031, 36.2515415 ], [ 136.11725589, 36.25155197 ], [ 136.11726008, 36.25156744 ], [ 136.117266420000021, 36.25158475 ], [ 136.11726805, 36.25159411 ], [ 136.1172683, 36.25160561 ], [ 136.11726708, 36.25162714 ], [ 136.1172673, 36.2516408 ], [ 136.117262190000019, 36.25165547 ], [ 136.1172563, 36.25166511 ], [ 136.11724956, 36.25167259 ], [ 136.117237030000013, 36.25168036 ], [ 136.117219580000011, 36.25169239 ], [ 136.117205470000016, 36.25170808 ], [ 136.117204, 36.2517182 ], [ 136.117204690000023, 36.25172823 ], [ 136.11720625000001, 36.25173839 ], [ 136.117210140000026, 36.25174995 ], [ 136.117227300000025, 36.25176908 ], [ 136.11724375, 36.25178611 ], [ 136.11726017, 36.25180422 ], [ 136.11727328, 36.25181703 ], [ 136.117280530000016, 36.25182064 ], [ 136.11729725, 36.25182472 ], [ 136.11731047, 36.2518312 ], [ 136.117319800000018, 36.25183764 ], [ 136.117327760000023, 36.25185003 ], [ 136.11733647, 36.2518645 ], [ 136.117339250000015, 36.25187611 ], [ 136.117339030000011, 36.25188697 ], [ 136.117334450000016, 36.25190022 ], [ 136.117326780000013, 36.2519152 ], [ 136.117318300000022, 36.25192872 ], [ 136.11730942, 36.25194123 ], [ 136.11729756, 36.25195264 ], [ 136.11728703, 36.25196056 ], [ 136.117282970000019, 36.25196892 ], [ 136.11728195, 36.25197659 ], [ 136.117295230000025, 36.25202059 ], [ 136.117298560000023, 36.25202695 ], [ 136.117308220000012, 36.25203795 ], [ 136.11732131, 36.25205108 ], [ 136.117343260000013, 36.25207417 ], [ 136.11735553, 36.25208413 ], [ 136.11736436000001, 36.2520955 ], [ 136.117368880000015, 36.25210431 ], [ 136.117369170000018, 36.25211272 ], [ 136.117359100000016, 36.25213887 ], [ 136.117354580000011, 36.25214897 ], [ 136.11734361, 36.25215864 ], [ 136.117329610000013, 36.25216825 ], [ 136.11731691, 36.2521772 ], [ 136.11730891000002, 36.25218795 ], [ 136.11730384, 36.25220433 ], [ 136.117301700000013, 36.25222359 ], [ 136.117297590000021, 36.25223544 ], [ 136.117290890000021, 36.25224553 ], [ 136.117285970000012, 36.25225492 ], [ 136.117285330000016, 36.25226367 ], [ 136.117287300000015, 36.25227175 ], [ 136.117292310000011, 36.25228128 ], [ 136.117306720000016, 36.25229131 ], [ 136.117316110000019, 36.25229669 ], [ 136.11732978, 36.25230284 ], [ 136.117343450000021, 36.25230828 ], [ 136.11735791000001, 36.25231725 ], [ 136.117365080000013, 36.25232539 ], [ 136.117368270000014, 36.25233631 ], [ 136.11737272000002, 36.25235144 ], [ 136.117383640000014, 36.25236456 ], [ 136.117391630000014, 36.25237341 ], [ 136.11739742, 36.25238578 ], [ 136.11739805000002, 36.25239631 ], [ 136.117397200000028, 36.25241697 ], [ 136.117396520000028, 36.25242747 ], [ 136.11739934000002, 36.25243767 ], [ 136.11740986, 36.25244939 ], [ 136.117415720000025, 36.25245753 ], [ 136.117420270000025, 36.25246636 ], [ 136.117421800000017, 36.25247584 ], [ 136.117422410000017, 36.25248739 ], [ 136.117422630000021, 36.25249722 ], [ 136.11742372, 36.25250739 ], [ 136.117429470000019, 36.25252113 ], [ 136.117436590000011, 36.25253036 ], [ 136.117448520000011, 36.25253647 ], [ 136.117481850000019, 36.25255095 ], [ 136.11749248000001, 36.2525588 ], [ 136.117501340000018, 36.25256805 ], [ 136.117505810000011, 36.25257967 ], [ 136.117510700000025, 36.25259341 ], [ 136.1175163, 36.25261311 ], [ 136.117521110000013, 36.25263069 ], [ 136.117529640000015, 36.252655 ], [ 136.11752995, 36.25266167 ], [ 136.11752623000001, 36.25267495 ], [ 136.117513800000012, 36.25269089 ], [ 136.11749927, 36.25270433 ], [ 136.11748394, 36.25271641 ], [ 136.11747294, 36.2527278 ], [ 136.117458780000021, 36.25274444 ], [ 136.117441720000016, 36.25275577 ], [ 136.11741942, 36.25277053 ], [ 136.117411050000015, 36.25277884 ], [ 136.11740789000001, 36.25278651 ], [ 136.11741156, 36.252796 ], [ 136.117421730000018, 36.25280386 ], [ 136.1174335, 36.25281908 ], [ 136.11744134, 36.25283497 ], [ 136.11744844, 36.25284592 ], [ 136.11746409, 36.2528605 ], [ 136.117484500000018, 36.25287272 ], [ 136.11749859, 36.25287956 ], [ 136.11751139, 36.25288536 ], [ 136.117522550000018, 36.25288725 ], [ 136.11753808, 36.25288784 ], [ 136.1175475, 36.25289075 ], [ 136.117553, 36.25289469 ], [ 136.117556330000014, 36.25290103 ], [ 136.117556230000019, 36.25290664 ], [ 136.11755258, 36.25291467 ], [ 136.11754722, 36.25292405 ], [ 136.11754667, 36.25292964 ], [ 136.11754961, 36.25293353 ], [ 136.11755689, 36.25293611 ], [ 136.11758361, 36.25293541 ], [ 136.117595280000018, 36.25293417 ], [ 136.11761031, 36.25293684 ], [ 136.11762097, 36.25294225 ], [ 136.117629920000013, 36.25294797 ], [ 136.117643550000025, 36.25295553 ], [ 136.117655140000011, 36.25295744 ], [ 136.117665940000023, 36.2529562 ], [ 136.11767978, 36.25295392 ], [ 136.117694920000019, 36.25295203 ], [ 136.11771214, 36.25295333 ], [ 136.117732280000013, 36.25295992 ], [ 136.117745160000027, 36.25296147 ], [ 136.11775597, 36.25296025 ], [ 136.11776856000003, 36.2529562 ], [ 136.11777769, 36.25295214 ], [ 136.11778691, 36.25294387 ], [ 136.117793550000016, 36.25293553 ], [ 136.11779589, 36.25292786 ], [ 136.117795230000013, 36.25291803 ], [ 136.117789470000019, 36.25290497 ], [ 136.11777908000002, 36.25288628 ], [ 136.117771170000026, 36.2528732 ], [ 136.117766640000013, 36.25286331 ], [ 136.11776597, 36.25285456 ], [ 136.11776745, 36.25284613 ], [ 136.11777361, 36.25283887 ], [ 136.117780170000032, 36.25283511 ], [ 136.117791, 36.25283317 ], [ 136.11780263, 36.25283297 ], [ 136.117811250000017, 36.25283308 ], [ 136.11781898000001, 36.25283531 ], [ 136.117827060000025, 36.25283928 ], [ 136.11783086, 36.25284422 ], [ 136.117848340000023, 36.25287323 ], [ 136.117857660000027, 36.25288 ], [ 136.117872670000025, 36.25288475 ], [ 136.117893360000011, 36.25288539 ], [ 136.11790761, 36.25288313 ], [ 136.117921530000018, 36.25287808 ], [ 136.117935500000016, 36.2528695 ], [ 136.117945500000019, 36.25286544 ], [ 136.117955030000019, 36.25286384 ], [ 136.11796881, 36.25286436 ], [ 136.117980360000018, 36.25286733 ], [ 136.11800645, 36.25287856 ], [ 136.118031630000019, 36.25288941 ], [ 136.118041480000016, 36.25289341 ], [ 136.118048660000028, 36.25290017 ], [ 136.118058280000014, 36.25291361 ], [ 136.118067640000021, 36.25291969 ], [ 136.118080580000026, 36.25291953 ], [ 136.11809097, 36.25291759 ], [ 136.118100560000016, 36.25291317 ], [ 136.118109340000018, 36.25290486 ], [ 136.11811, 36.25289403 ], [ 136.118115690000025, 36.25288989 ], [ 136.118126500000017, 36.25288864 ], [ 136.1181325, 36.25288978 ], [ 136.11814014, 36.25289514 ], [ 136.118146810000013, 36.25290644 ], [ 136.11815292, 36.252923 ], [ 136.11815808, 36.25294339 ], [ 136.11816567, 36.25295297 ], [ 136.118171190000027, 36.25295584 ], [ 136.118181140000019, 36.25295492 ], [ 136.11820542000001, 36.25294825 ], [ 136.11821538, 36.25294525 ], [ 136.118222800000012, 36.25294147 ], [ 136.11822895, 36.25293703 ], [ 136.118233920000023, 36.25292623 ], [ 136.11824175000001, 36.2529018 ], [ 136.11824453, 36.25289308 ], [ 136.118248490000013, 36.25288892 ], [ 136.118255450000021, 36.25288692 ], [ 136.11826489, 36.25288811 ], [ 136.118274750000012, 36.25289139 ], [ 136.118280270000014, 36.25289461 ], [ 136.11828786, 36.25290244 ], [ 136.11829917, 36.252918 ], [ 136.118304530000017, 36.25293 ], [ 136.118317250000018, 36.25296031 ], [ 136.11832462000001, 36.25297933 ], [ 136.118333670000027, 36.25299875 ], [ 136.118347060000019, 36.25301751 ], [ 136.118354550000021, 36.25303092 ], [ 136.118367300000017, 36.25303847 ], [ 136.11838025, 36.253039 ], [ 136.118399660000023, 36.25303822 ], [ 136.11841698, 36.25303389 ], [ 136.118430390000015, 36.25303233 ], [ 136.118441250000018, 36.25302792 ], [ 136.118449560000016, 36.25302241 ], [ 136.118461500000024, 36.25300859 ], [ 136.11846983, 36.25300133 ], [ 136.118478150000016, 36.25299689 ], [ 136.118487640000012, 36.25299564 ], [ 136.11850345000002, 36.25299325 ], [ 136.118516030000023, 36.25298761 ], [ 136.118544860000014, 36.25297278 ], [ 136.1185575, 36.25296569 ], [ 136.11857903, 36.25295872 ], [ 136.11859691, 36.2529568 ], [ 136.118606280000023, 36.25295867 ], [ 136.11864302, 36.25297761 ], [ 136.118687130000012, 36.25299341 ], [ 136.11869934, 36.25299367 ], [ 136.118715810000026, 36.25299003 ], [ 136.11872969, 36.25298603 ], [ 136.118741410000013, 36.25298128 ], [ 136.118823220000024, 36.25294631 ], [ 136.11888844, 36.25291989 ], [ 136.118938970000016, 36.252895 ], [ 136.1189517, 36.25288431 ], [ 136.11895659000001, 36.25287808 ], [ 136.1189593, 36.25287075 ], [ 136.118961220000017, 36.25286167 ], [ 136.11896092, 36.25285569 ], [ 136.11896103, 36.2528508 ], [ 136.118965030000027, 36.25284525 ], [ 136.11897380000002, 36.25283731 ], [ 136.118982970000019, 36.25283217 ], [ 136.11898815, 36.25283259 ], [ 136.118993280000012, 36.25283441 ], [ 136.118997950000022, 36.25283869 ], [ 136.11899908, 36.25284503 ], [ 136.118992190000029, 36.25286525 ], [ 136.118990170000018, 36.25287922 ], [ 136.11898822, 36.25289041 ], [ 136.118988780000024, 36.2529048 ], [ 136.118991970000025, 36.25291678 ], [ 136.118996079999988, 36.25292628 ], [ 136.119007329999988, 36.25294431 ], [ 136.11902122, 36.25296028 ], [ 136.11903817000001, 36.25297417 ], [ 136.11904783, 36.25298586 ], [ 136.119065230000018, 36.25299941 ], [ 136.11909728, 36.25301251 ], [ 136.119108720000014, 36.25302247 ], [ 136.11911805, 36.2530282 ], [ 136.119132630000024, 36.25303225 ], [ 136.11914511, 36.25303278 ], [ 136.11915586, 36.25303469 ], [ 136.11916317, 36.25303584 ], [ 136.11916786, 36.25303836 ], [ 136.119170780000019, 36.25304295 ], [ 136.11917348, 36.25305841 ], [ 136.119173610000018, 36.25307208 ], [ 136.119174230000027, 36.25308331 ], [ 136.119174, 36.25309417 ], [ 136.11917205, 36.25310464 ], [ 136.11916761, 36.25311161 ], [ 136.119161, 36.2531178 ], [ 136.119150030000014, 36.25312711 ], [ 136.11914167, 36.25313577 ], [ 136.119133770000019, 36.25314161 ], [ 136.11912711, 36.253151 ], [ 136.11911691, 36.2531638 ], [ 136.119104940000028, 36.25317908 ], [ 136.11909961, 36.25318636 ], [ 136.11909689, 36.25319297 ], [ 136.11909455, 36.25320169 ], [ 136.119094250000018, 36.25321675 ], [ 136.11909419, 36.2532392 ], [ 136.11909681, 36.25325887 ], [ 136.11909272, 36.25328789 ], [ 136.119090560000018, 36.25330889 ], [ 136.119087520000022, 36.25332953 ], [ 136.119087200000024, 36.25334564 ], [ 136.11908603, 36.25335997 ], [ 136.119089800000012, 36.25340525 ], [ 136.11908997, 36.25341856 ], [ 136.11909144, 36.2534305 ], [ 136.11909419, 36.25344244 ], [ 136.119099200000022, 36.25345059 ], [ 136.119113220000031, 36.25346025 ], [ 136.11912942, 36.25346853 ], [ 136.119169100000022, 36.25348731 ], [ 136.11918805000002, 36.25348792 ], [ 136.119203220000031, 36.25348497 ], [ 136.119218860000018, 36.25347959 ], [ 136.119230730000027, 36.25346889 ], [ 136.11924073000003, 36.2534648 ], [ 136.119257640000029, 36.2534605 ], [ 136.11927531, 36.25346003 ], [ 136.119298110000017, 36.25346211 ], [ 136.11932525, 36.25346389 ], [ 136.119372530000021, 36.25347084 ], [ 136.119390220000014, 36.25347005 ], [ 136.11940747, 36.25346889 ], [ 136.11942739, 36.25346531 ], [ 136.119437330000011, 36.25346264 ], [ 136.119446470000014, 36.25345892 ], [ 136.119457860000011, 36.25345136 ], [ 136.11946942, 36.253434 ], [ 136.11947713, 36.25341553 ], [ 136.11948197000001, 36.25340256 ], [ 136.119490140000011, 36.25339189 ], [ 136.11950769, 36.25337808 ], [ 136.11952786, 36.25336225 ], [ 136.119537520000023, 36.25335364 ], [ 136.119546690000021, 36.25334814 ], [ 136.11955837, 36.25334692 ], [ 136.119572530000028, 36.25334853 ], [ 136.11958066, 36.25335141 ], [ 136.119593920000028, 36.25335723 ], [ 136.119605770000021, 36.25336651 ], [ 136.119618200000019, 36.25337087 ], [ 136.119627690000016, 36.25337031 ], [ 136.11963423, 36.25336725 ], [ 136.119637300000022, 36.25336377 ], [ 136.119660170000031, 36.25332239 ], [ 136.119683310000028, 36.25326908 ], [ 136.119700610000024, 36.25322553 ], [ 136.119712670000013, 36.25320503 ], [ 136.11971533000002, 36.25320192 ], [ 136.119719660000015, 36.25319987 ], [ 136.119727860000012, 36.25320067 ], [ 136.11973297, 36.25320389 ], [ 136.11973501, 36.25320953 ], [ 136.119735720000023, 36.2532162 ], [ 136.119733, 36.25322178 ], [ 136.11972455, 36.25323428 ], [ 136.11971122, 36.25325372 ], [ 136.119699140000023, 36.25327353 ], [ 136.119695380000024, 36.25328784 ], [ 136.119696550000015, 36.25329487 ], [ 136.119699489999988, 36.25329769 ], [ 136.119705080000017, 36.25329917 ], [ 136.11971109000001, 36.25329961 ], [ 136.11971803, 36.25329867 ], [ 136.119726250000014, 36.25329633 ], [ 136.119734110000024, 36.25329223 ], [ 136.11974511, 36.25328153 ], [ 136.119765770000015, 36.25326217 ], [ 136.11978986, 36.25323928 ], [ 136.119801750000022, 36.25322508 ], [ 136.119812560000014, 36.25320441 ], [ 136.11981506, 36.25317175 ], [ 136.11981659, 36.25312864 ], [ 136.119822390000024, 36.25305636 ], [ 136.119824670000014, 36.25303559 ], [ 136.119830220000011, 36.2530322 ], [ 136.11983759, 36.25303031 ], [ 136.119845450000014, 36.25303339 ], [ 136.119850860000014, 36.25303695 ], [ 136.11985852, 36.25304844 ], [ 136.119871860000018, 36.25308033 ], [ 136.11989358, 36.25312078 ], [ 136.11991791, 36.25315233 ], [ 136.11993458, 36.25317041 ], [ 136.119953970000012, 36.25317664 ], [ 136.11997348, 36.25317641 ], [ 136.1199937, 36.25317223 ], [ 136.120031720000014, 36.25316187 ], [ 136.120059950000012, 36.25315233 ], [ 136.120072310000012, 36.25314459 ], [ 136.12008058, 36.25312733 ], [ 136.120081750000026, 36.25310259 ], [ 136.120073970000021, 36.25306631 ], [ 136.120067980000016, 36.253033 ], [ 136.120069300000011, 36.25299833 ], [ 136.12007345, 36.25297559 ], [ 136.12007942, 36.25295336 ], [ 136.120093020000013, 36.25291439 ], [ 136.120108, 36.2528705 ], [ 136.120148660000012, 36.25276303 ], [ 136.120161140000022, 36.25272105 ], [ 136.120170920000021, 36.25269097 ], [ 136.120176690000022, 36.25267817 ], [ 136.12018470000001, 36.2526748 ], [ 136.12019258, 36.25267541 ], [ 136.120199250000013, 36.25267797 ], [ 136.120202800000015, 36.25268297 ], [ 136.120204480000012, 36.25269095 ], [ 136.120187300000026, 36.25275217 ], [ 136.120175640000014, 36.25278469 ], [ 136.120163390000016, 36.25281675 ], [ 136.12014553, 36.25285417 ], [ 136.120139640000019, 36.25287341 ], [ 136.120133650000014, 36.25289811 ], [ 136.12012694, 36.25295353 ], [ 136.12012861, 36.25299022 ], [ 136.1201328, 36.25302351 ], [ 136.12014689, 36.25307722 ], [ 136.120160360000028, 36.25310367 ], [ 136.120180340000019, 36.25313913 ], [ 136.12020092, 36.25317461 ], [ 136.120226420000023, 36.25320867 ], [ 136.12023652000002, 36.2532202 ], [ 136.12024861, 36.25322584 ], [ 136.12026927, 36.25322859 ], [ 136.12030883, 36.25323261 ], [ 136.12032097, 36.25323377 ], [ 136.120336230000021, 36.25323447 ], [ 136.12034781, 36.25323364 ], [ 136.12035886000001, 36.2532308 ], [ 136.120367500000015, 36.253225 ], [ 136.120376250000021, 36.25321569 ], [ 136.12038239, 36.2532138 ], [ 136.12038966, 36.25321489 ], [ 136.12039508, 36.25321844 ], [ 136.120398420000015, 36.25323384 ], [ 136.120398110000025, 36.25324823 ], [ 136.12039336, 36.25327044 ], [ 136.120389970000019, 36.25328675 ], [ 136.120387860000022, 36.25329961 ], [ 136.12038501, 36.25331992 ], [ 136.12038336, 36.2533402 ], [ 136.12038411, 36.25339125 ], [ 136.120382, 36.25340411 ], [ 136.12037988, 36.25341747 ], [ 136.120378970000019, 36.25343133 ], [ 136.12037611, 36.25345211 ], [ 136.1203745, 36.25347041 ], [ 136.120373410000013, 36.25349272 ], [ 136.12037608, 36.25351059 ], [ 136.120384230000013, 36.25352903 ], [ 136.12040086, 36.25355008 ], [ 136.12041772, 36.25356072 ], [ 136.120445940000025, 36.25357995 ], [ 136.120472550000017, 36.25359023 ], [ 136.12048891, 36.25359541 ], [ 136.120502890000012, 36.25359659 ], [ 136.12051209, 36.25359525 ], [ 136.120528690000015, 36.25358853 ], [ 136.120544030000019, 36.25358328 ], [ 136.120558220000021, 36.25357505 ], [ 136.120575620000011, 36.25356044 ], [ 136.120588, 36.25355169 ], [ 136.120605160000025, 36.25354597 ], [ 136.120619250000033, 36.2535442 ], [ 136.12063633, 36.25354344 ], [ 136.120652800000016, 36.25354317 ], [ 136.12067411000001, 36.25354397 ], [ 136.120683860000014, 36.25354408 ], [ 136.120693110000019, 36.25353925 ], [ 136.120704890000013, 36.25353 ], [ 136.120718440000019, 36.25352328 ], [ 136.12073577000001, 36.25351111 ], [ 136.12074438, 36.25350775 ], [ 136.120753550000018, 36.25350639 ], [ 136.120766420000024, 36.25350361 ], [ 136.12078416, 36.25349989 ], [ 136.120796500000012, 36.25349361 ], [ 136.12080455, 36.25348728 ], [ 136.120810270000021, 36.25347695 ], [ 136.12081294, 36.25346559 ], [ 136.12081859, 36.25345922 ], [ 136.12082475, 36.25345533 ], [ 136.12083949, 36.25344961 ], [ 136.120862890000012, 36.25343953 ], [ 136.12087458000002, 36.25343375 ], [ 136.120880170000021, 36.25342936 ], [ 136.12088577, 36.25342397 ], [ 136.12088591, 36.25341705 ], [ 136.12088431, 36.25340711 ], [ 136.12088148, 36.25339617 ], [ 136.120882280000018, 36.25338775 ], [ 136.120888, 36.25337641 ], [ 136.12090659, 36.2533628 ], [ 136.12092322, 36.25335461 ], [ 136.12094436000001, 36.25333408 ], [ 136.120953970000016, 36.25331192 ], [ 136.120958660000014, 36.25329267 ], [ 136.12095645, 36.25328272 ], [ 136.12094944, 36.25326775 ], [ 136.120944970000011, 36.25324786 ], [ 136.12094453, 36.2532112 ], [ 136.120944330000015, 36.25316359 ], [ 136.120944470000012, 36.25315717 ], [ 136.120938810000013, 36.25313628 ], [ 136.12093608, 36.25312036 ], [ 136.12093572, 36.25310944 ], [ 136.12093722, 36.25309561 ], [ 136.120942970000016, 36.25308377 ], [ 136.120951280000014, 36.25306508 ], [ 136.120962870000028, 36.25303747 ], [ 136.12096815000001, 36.25301772 ], [ 136.120978200000025, 36.253004 ], [ 136.120981970000031, 36.25299808 ], [ 136.120982170000019, 36.25298867 ], [ 136.120975030000011, 36.25298064 ], [ 136.12096545, 36.25297308 ], [ 136.12095389000001, 36.25297044 ], [ 136.120934940000012, 36.25297317 ], [ 136.120921480000021, 36.25297595 ], [ 136.12091234, 36.2529758 ], [ 136.1209045, 36.25297223 ], [ 136.12090158, 36.25296525 ], [ 136.120902340000015, 36.25295833 ], [ 136.120916130000012, 36.25294017 ], [ 136.120930610000016, 36.25291859 ], [ 136.12094506, 36.25289895 ], [ 136.120954690000019, 36.25287531 ], [ 136.120969590000016, 36.25283436 ], [ 136.120989580000014, 36.25278261 ], [ 136.12099691, 36.25275347 ], [ 136.121001730000017, 36.25272775 ], [ 136.121006810000011, 36.25271841 ], [ 136.121012090000022, 36.25269867 ], [ 136.121012480000019, 36.25268033 ], [ 136.121008750000016, 36.252654 ], [ 136.121003530000024, 36.25264253 ], [ 136.120991530000026, 36.25263344 ], [ 136.12098608, 36.25263139 ], [ 136.12097936, 36.25263228 ], [ 136.120970610000029, 36.25264159 ], [ 136.12096431, 36.25265241 ], [ 136.120958660000014, 36.25265877 ], [ 136.12095066, 36.25266311 ], [ 136.120943330000017, 36.25266351 ], [ 136.120933650000012, 36.25266039 ], [ 136.12093017, 36.25265241 ], [ 136.120924700000018, 36.25262211 ], [ 136.12092125, 36.25258392 ], [ 136.12092489, 36.25255572 ], [ 136.12092569, 36.2525458 ], [ 136.12093092, 36.252531 ], [ 136.1209392, 36.25251377 ], [ 136.120949490000015, 36.25248767 ], [ 136.120957300000015, 36.25246447 ], [ 136.120962780000013, 36.25243677 ], [ 136.120975030000011, 36.252376 ], [ 136.12097975, 36.25235425 ], [ 136.120983750000022, 36.25233895 ], [ 136.12098708000002, 36.25232561 ], [ 136.121000900000013, 36.25230647 ], [ 136.121013990000023, 36.25229128 ], [ 136.12102772, 36.25227661 ], [ 136.121039560000014, 36.25226489 ], [ 136.121050250000025, 36.25224967 ], [ 136.121054110000017, 36.25224031 ], [ 136.12105678, 36.25222995 ], [ 136.121057, 36.25221853 ], [ 136.12105416, 36.25220908 ], [ 136.121048270000017, 36.25219908 ], [ 136.121040170000015, 36.25217867 ], [ 136.121038, 36.25216623 ], [ 136.121038750000025, 36.2521598 ], [ 136.121045690000017, 36.252148 ], [ 136.12105073, 36.25214164 ], [ 136.12105384, 36.25213722 ], [ 136.121054640000011, 36.25212931 ], [ 136.12105114000002, 36.2521218 ], [ 136.12104577, 36.25211578 ], [ 136.1210345, 36.25210125 ], [ 136.1210228, 36.2520768 ], [ 136.1210082, 36.25204786 ], [ 136.12098409, 36.25200639 ], [ 136.120965110000014, 36.25198087 ], [ 136.120953860000014, 36.25196484 ], [ 136.12094389, 36.25195492 ], [ 136.120940730000029, 36.25195178 ], [ 136.120928220000025, 36.25193823 ], [ 136.120921830000015, 36.25192277 ], [ 136.120918500000016, 36.25190786 ], [ 136.12091511, 36.25189392 ], [ 136.12091228, 36.25188447 ], [ 136.120893170000016, 36.25186636 ], [ 136.12087825, 36.25185078 ], [ 136.120867060000023, 36.25183231 ], [ 136.120862190000025, 36.25181539 ], [ 136.1208617, 36.25179072 ], [ 136.120858690000034, 36.25177028 ], [ 136.12085302, 36.25175256 ], [ 136.120846640000025, 36.25173597 ], [ 136.120842050000022, 36.25171903 ], [ 136.12084008, 36.25170286 ], [ 136.12083949, 36.25168417 ], [ 136.120843870000016, 36.25166159 ], [ 136.120843650000012, 36.25164686 ], [ 136.120845140000029, 36.25163684 ], [ 136.12084586, 36.25161814 ], [ 136.12084406, 36.25159297 ], [ 136.12084167, 36.25157572 ], [ 136.120839440000026, 36.25154875 ], [ 136.120839800000027, 36.25152687 ], [ 136.12084601, 36.25149925 ], [ 136.12086317, 36.25144953 ], [ 136.120870170000018, 36.25142625 ], [ 136.12087538000003, 36.25140403 ], [ 136.12088283, 36.25138039 ], [ 136.120892, 36.25136003 ], [ 136.12090973, 36.25133147 ], [ 136.12092103, 36.25131614 ], [ 136.120926610000026, 36.25129933 ], [ 136.12092737, 36.25128064 ], [ 136.12092725, 36.25125911 ], [ 136.120927670000015, 36.25123303 ], [ 136.12092616000001, 36.25120686 ], [ 136.12092339, 36.25116922 ], [ 136.12092117, 36.25114333 ], [ 136.12091859, 36.25110364 ], [ 136.12091872000002, 36.25109041 ], [ 136.120919080000021, 36.251086 ], [ 136.120927030000018, 36.25106333 ], [ 136.120933160000021, 36.25104717 ], [ 136.120943650000015, 36.25101272 ], [ 136.120949780000018, 36.25099539 ], [ 136.120955190000018, 36.25097714 ], [ 136.120961890000018, 36.25096156 ], [ 136.12096514000001, 36.25094861 ], [ 136.12097128000002, 36.25093361 ], [ 136.12097669000002, 36.25091595 ], [ 136.12098086, 36.25090331 ], [ 136.12098737, 36.25088684 ], [ 136.12099314, 36.2508692 ], [ 136.12100073000002, 36.25084859 ], [ 136.12100722, 36.25083211 ], [ 136.12101031, 36.25082241 ], [ 136.121011360000011, 36.25080417 ], [ 136.12101241000002, 36.2507818 ], [ 136.121015250000028, 36.25074389 ], [ 136.121019220000022, 36.25073095 ], [ 136.121027200000015, 36.25070703 ], [ 136.1210302, 36.2506855 ], [ 136.121036230000016, 36.25066725 ], [ 136.121041280000014, 36.25065617 ], [ 136.121044110000014, 36.25064433 ], [ 136.121044450000028, 36.25062313 ], [ 136.12104231, 36.25061517 ], [ 136.12103944, 36.25060441 ], [ 136.12102834, 36.25058389 ], [ 136.12101834, 36.25057036 ], [ 136.121007610000021, 36.25055705 ], [ 136.12098781, 36.25053244 ], [ 136.120980140000029, 36.25052256 ], [ 136.12097689, 36.25051833 ], [ 136.120972530000017, 36.25051484 ], [ 136.120955840000022, 36.25051161 ], [ 136.1209337, 36.25051633 ], [ 136.120928970000023, 36.25051761 ], [ 136.12089455, 36.25052695 ], [ 136.120873890000013, 36.25053169 ], [ 136.12084667, 36.25053789 ], [ 136.12081258, 36.25054556 ], [ 136.120786110000012, 36.2505512 ], [ 136.12074983, 36.25055269 ], [ 136.12072189, 36.25055389 ], [ 136.12070248, 36.2505545 ], [ 136.120690510000031, 36.25055539 ], [ 136.120672720000016, 36.25055305 ], [ 136.120658220000024, 36.25055131 ], [ 136.12063244, 36.25054869 ], [ 136.120601240000013, 36.25054431 ], [ 136.120570390000012, 36.25054053 ], [ 136.120540800000015, 36.25053525 ], [ 136.120521950000011, 36.25053644 ], [ 136.12049837, 36.25054089 ], [ 136.12046752, 36.25054472 ], [ 136.120434530000011, 36.25055211 ], [ 136.120406620000011, 36.25056008 ], [ 136.12038302, 36.25056628 ], [ 136.120360560000023, 36.25057278 ], [ 136.12032564, 36.25058441 ], [ 136.1203017, 36.25058847 ], [ 136.12028078, 36.25059508 ], [ 136.12024872, 36.25060767 ], [ 136.12021275, 36.25061592 ], [ 136.120181240000022, 36.25062205 ], [ 136.120171, 36.25062344 ], [ 136.120166610000012, 36.25062405 ], [ 136.120154250000013, 36.25062177 ], [ 136.12013189000001, 36.25060825 ], [ 136.120104810000015, 36.25058641 ], [ 136.12008645, 36.25057331 ], [ 136.12007553, 36.25056347 ], [ 136.120066420000029, 36.25055261 ], [ 136.1200608, 36.25054323 ], [ 136.120054810000028, 36.25053239 ], [ 136.12004547, 36.25050605 ], [ 136.12003601, 36.2504898 ], [ 136.12002438, 36.25046887 ], [ 136.120014810000015, 36.25045978 ], [ 136.11999516000003, 36.25044267 ], [ 136.11997820000002, 36.25042597 ], [ 136.119951110000017, 36.25040378 ], [ 136.11994017, 36.25039578 ], [ 136.11992569, 36.25038772 ], [ 136.119913450000013, 36.25037933 ], [ 136.119901670000019, 36.25036808 ], [ 136.11988947, 36.25035717 ], [ 136.119878050000011, 36.25034986 ], [ 136.119864030000031, 36.25034292 ], [ 136.119852190000017, 36.25033631 ], [ 136.119824940000029, 36.25032525 ], [ 136.11981173, 36.2503208 ], [ 136.11979678, 36.25031528 ], [ 136.119780050000031, 36.25030969 ], [ 136.11975492000002, 36.25030405 ], [ 136.119736350000011, 36.25030241 ], [ 136.119715140000011, 36.25030111 ], [ 136.11968547, 36.25030189 ], [ 136.11966733, 36.25030314 ], [ 136.11965097, 36.25030189 ], [ 136.11963642, 36.25029922 ], [ 136.11961353, 36.25029144 ], [ 136.119568080000022, 36.25028414 ], [ 136.119540700000016, 36.25028061 ], [ 136.11951645000002, 36.250275 ], [ 136.119473700000015, 36.25026484 ], [ 136.11945477, 36.25025889 ], [ 136.119428270000014, 36.25025467 ], [ 136.11939956, 36.25025295 ], [ 136.119378300000022, 36.25025308 ], [ 136.119365500000015, 36.25025187 ], [ 136.119348780000024, 36.25024703 ], [ 136.11933384, 36.25024111 ], [ 136.11932289, 36.25023275 ], [ 136.11930358, 36.25022284 ], [ 136.119279800000015, 36.25021469 ], [ 136.11925564, 36.25020475 ], [ 136.119224480000014, 36.25018969 ], [ 136.119198560000029, 36.25017864 ], [ 136.11917745, 36.25017017 ], [ 136.119159420000017, 36.25016317 ], [ 136.11914667, 36.25015728 ], [ 136.11910538, 36.25013744 ], [ 136.119085620000021, 36.25012861 ], [ 136.11906761, 36.25012053 ], [ 136.119052310000029, 36.25010959 ], [ 136.119026830000024, 36.2500982 ], [ 136.119004030000013, 36.25008503 ], [ 136.11896134, 36.25007167 ], [ 136.11894292, 36.25006103 ], [ 136.11892536000002, 36.25005117 ], [ 136.11890248, 36.25004444 ], [ 136.118852630000021, 36.25003317 ], [ 136.118821850000018, 36.25002169 ], [ 136.11880431, 36.25001325 ], [ 136.118791610000017, 36.25000417 ], [ 136.11878533, 36.25 ], [ 136.118784550000015, 36.2499995 ], [ 136.118781110000015, 36.24999723 ], [ 136.118776740000015, 36.24999359 ], [ 136.11870339, 36.24998741 ], [ 136.118670190000017, 36.24998853 ], [ 136.118652920000017, 36.24998833 ], [ 136.11861761, 36.24998259 ], [ 136.118584160000012, 36.24997289 ], [ 136.11855861, 36.24996544 ], [ 136.118515910000013, 36.24995136 ], [ 136.11848817, 36.24994459 ], [ 136.118463060000011, 36.2499375 ], [ 136.118448110000031, 36.24993017 ] ] ], [ [ [ 136.127270340000024, 36.25242033 ], [ 136.127259360000011, 36.25242625 ], [ 136.12723839, 36.25243347 ], [ 136.127219100000019, 36.25244141 ], [ 136.12719064, 36.25245492 ], [ 136.12716217000002, 36.25246664 ], [ 136.127147330000014, 36.25247075 ], [ 136.127129360000026, 36.25247764 ], [ 136.12710365, 36.25248269 ], [ 136.12709397, 36.25248789 ], [ 136.127087780000011, 36.25249561 ], [ 136.12708287000001, 36.25250403 ], [ 136.127080510000013, 36.25251672 ], [ 136.127080390000032, 36.25252589 ], [ 136.127085470000026, 36.2525362 ], [ 136.127097390000017, 36.252555 ], [ 136.12714949, 36.2525922 ], [ 136.12716372, 36.25260222 ], [ 136.127172750000028, 36.25261078 ], [ 136.12718769, 36.25263069 ], [ 136.12720217, 36.25265269 ], [ 136.12721156, 36.25266656 ], [ 136.127221530000014, 36.2526702 ], [ 136.12723066, 36.25267028 ], [ 136.12723986, 36.25266611 ], [ 136.127248720000011, 36.25265597 ], [ 136.127251500000028, 36.25264259 ], [ 136.12725258, 36.25262741 ], [ 136.127251410000014, 36.25261717 ], [ 136.12725278000002, 36.25261328 ], [ 136.127259830000014, 36.25260736 ], [ 136.127266830000025, 36.25260564 ], [ 136.12727725000002, 36.25260787 ], [ 136.1272937, 36.25261472 ], [ 136.12732047, 36.25262803 ], [ 136.127356300000031, 36.25264884 ], [ 136.127383940000016, 36.25266392 ], [ 136.127437720000017, 36.25267751 ], [ 136.12745501, 36.25268611 ], [ 136.127465300000011, 36.25269644 ], [ 136.127474690000014, 36.25270856 ], [ 136.127477130000017, 36.25272059 ], [ 136.127476520000016, 36.25273328 ], [ 136.12747250000001, 36.25274205 ], [ 136.127460950000028, 36.2527582 ], [ 136.127453, 36.25276484 ], [ 136.127447720000021, 36.25276972 ], [ 136.12744416000001, 36.25277569 ], [ 136.127442340000016, 36.25278239 ], [ 136.127443530000022, 36.25279017 ], [ 136.12744905, 36.25279833 ], [ 136.12746875000002, 36.25282039 ], [ 136.12748253, 36.25283111 ], [ 136.12749467, 36.25283441 ], [ 136.127504250000015, 36.25283661 ], [ 136.127536860000021, 36.25283692 ], [ 136.127552580000014, 36.25283284 ], [ 136.12757528000003, 36.25282811 ], [ 136.127591500000023, 36.2528212 ], [ 136.12760997, 36.25280617 ], [ 136.127614030000018, 36.25279739 ], [ 136.12761516, 36.25277869 ], [ 136.127608690000017, 36.25274369 ], [ 136.127596420000032, 36.25271814 ], [ 136.127582390000015, 36.25269651 ], [ 136.12757044, 36.25267872 ], [ 136.127564580000012, 36.25266241 ], [ 136.12755997, 36.25265003 ], [ 136.12755389, 36.25261786 ], [ 136.127548420000011, 36.25260544 ], [ 136.12754031, 36.25259372 ], [ 136.12752484, 36.25258053 ], [ 136.12750713, 36.25256975 ], [ 136.12747472, 36.25255464 ], [ 136.127459250000015, 36.25254141 ], [ 136.12744292, 36.25252467 ], [ 136.127421, 36.25250647 ], [ 136.127389490000013, 36.2524878 ], [ 136.127379580000024, 36.25247997 ], [ 136.127361, 36.25247061 ], [ 136.127348970000014, 36.25246061 ], [ 136.12733516000003, 36.25245167 ], [ 136.127329590000016, 36.25243625 ], [ 136.127331140000024, 36.25242939 ], [ 136.12733655, 36.25241497 ], [ 136.12734501, 36.25240408 ], [ 136.127357830000022, 36.25238761 ], [ 136.127363190000011, 36.2523792 ], [ 136.12736283000001, 36.25237356 ], [ 136.127359829999989, 36.25237 ], [ 136.127355060000014, 36.25236889 ], [ 136.12734939, 36.25236847 ], [ 136.12734022, 36.25237159 ], [ 136.12732883000001, 36.2523778 ], [ 136.12730289000001, 36.25239522 ], [ 136.12728, 36.25241408 ], [ 136.127270340000024, 36.25242033 ] ] ], [ [ [ 136.130982530000011, 36.22479617 ], [ 136.130921970000031, 36.22477867 ], [ 136.13084475, 36.22483144 ], [ 136.13086558, 36.22488784 ], [ 136.130921970000031, 36.22486617 ], [ 136.13097808, 36.22483117 ], [ 136.130982530000011, 36.22479617 ] ] ], [ [ [ 136.130680580000018, 36.24140547 ], [ 136.13076905, 36.24132356 ], [ 136.130783650000012, 36.24130528 ], [ 136.130792219999989, 36.24128847 ], [ 136.130798110000029, 36.24126408 ], [ 136.130795330000012, 36.24125544 ], [ 136.130786280000024, 36.24125317 ], [ 136.13077983, 36.24125187 ], [ 136.13076745, 36.24125413 ], [ 136.13074864, 36.24125617 ], [ 136.13073645, 36.24126572 ], [ 136.130727780000029, 36.24128008 ], [ 136.130723750000016, 36.24129092 ], [ 136.130716690000014, 36.24130108 ], [ 136.13068798, 36.2413182 ], [ 136.13065878, 36.24133286 ], [ 136.130639270000017, 36.24134187 ], [ 136.13059031, 36.2413728 ], [ 136.13057917, 36.24139172 ], [ 136.13056756, 36.24140789 ], [ 136.13056523, 36.24141867 ], [ 136.13056205, 36.2414302 ], [ 136.13055409, 36.24147372 ], [ 136.130549950000017, 36.24149808 ], [ 136.13055472, 36.24150044 ], [ 136.130563170000016, 36.24149511 ], [ 136.130573640000023, 36.24148559 ], [ 136.130611050000027, 36.24147356 ], [ 136.130680580000018, 36.24140547 ] ] ], [ [ [ 136.13861927, 36.25103059 ], [ 136.138591500000018, 36.2509178 ], [ 136.13853678000001, 36.25087892 ], [ 136.13844623, 36.25087892 ], [ 136.138369, 36.25093475 ], [ 136.13840289, 36.25099447 ], [ 136.138431500000024, 36.25104197 ], [ 136.13851956000002, 36.25108197 ], [ 136.13861927, 36.25103059 ] ] ], [ [ [ 136.13782733, 36.25117725 ], [ 136.13789345, 36.25112141 ], [ 136.137889270000016, 36.25104808 ], [ 136.137897890000033, 36.25093253 ], [ 136.13782455, 36.25090447 ], [ 136.13778278, 36.25094214 ], [ 136.13773817, 36.25101308 ], [ 136.137695380000025, 36.25105308 ], [ 136.137720950000016, 36.25109697 ], [ 136.137757890000017, 36.25112641 ], [ 136.13778567, 36.25117697 ], [ 136.13782733, 36.25117725 ] ] ], [ [ [ 136.135193720000018, 36.25135141 ], [ 136.13521455, 36.2513742 ], [ 136.13528122, 36.25136947 ], [ 136.135362610000016, 36.25139725 ], [ 136.13542983, 36.25138531 ], [ 136.13544234, 36.25133031 ], [ 136.135409, 36.25128947 ], [ 136.13532623, 36.25109587 ], [ 136.13522844000002, 36.25108113 ], [ 136.135170120000026, 36.25111392 ], [ 136.13517872, 36.25116113 ], [ 136.135171500000013, 36.25121669 ], [ 136.13522844000002, 36.25125003 ], [ 136.13522844000002, 36.25127836 ], [ 136.135193720000018, 36.25131197 ], [ 136.135193720000018, 36.25135141 ] ] ], [ [ [ 136.13724484, 36.25129253 ], [ 136.13722511, 36.25119272 ], [ 136.137180120000011, 36.25111059 ], [ 136.137049, 36.25119364 ], [ 136.137042050000019, 36.25125586 ], [ 136.13706817000002, 36.25127141 ], [ 136.13705594000001, 36.2513742 ], [ 136.137111510000011, 36.25141364 ], [ 136.13719733, 36.25137308 ], [ 136.13724484, 36.25129253 ] ] ], [ [ [ 136.13601345, 36.25138531 ], [ 136.136073450000026, 36.25132586 ], [ 136.13617345000003, 36.25134031 ], [ 136.13620817, 36.2513178 ], [ 136.13620817, 36.25128947 ], [ 136.13612455, 36.25123892 ], [ 136.13612455, 36.25120503 ], [ 136.136075940000012, 36.25119947 ], [ 136.13604122000001, 36.25122197 ], [ 136.135916230000021, 36.25120503 ], [ 136.13588844, 36.25123892 ], [ 136.13597872, 36.25138531 ], [ 136.13601345, 36.25138531 ] ] ], [ [ [ 136.130676780000016, 36.25157697 ], [ 136.130733970000023, 36.25161944 ], [ 136.13073927, 36.2516728 ], [ 136.130781220000017, 36.25171225 ], [ 136.130827610000011, 36.25173059 ], [ 136.130864550000013, 36.25179669 ], [ 136.13090623, 36.25183059 ], [ 136.130989560000017, 36.25178531 ], [ 136.131009, 36.25167725 ], [ 136.131038170000011, 36.25162197 ], [ 136.131038170000011, 36.25154864 ], [ 136.13097567, 36.25152059 ], [ 136.130947890000016, 36.25153753 ], [ 136.13087844, 36.25152613 ], [ 136.130815940000019, 36.2514642 ], [ 136.13077428, 36.2514642 ], [ 136.130676780000016, 36.25154308 ], [ 136.130676780000016, 36.25157697 ] ] ], [ [ [ 136.136492890000028, 36.25220808 ], [ 136.13653484, 36.25224169 ], [ 136.13661122000002, 36.2522192 ], [ 136.136632610000021, 36.25205253 ], [ 136.13661122000002, 36.25199392 ], [ 136.136639, 36.25185308 ], [ 136.13652066, 36.25180225 ], [ 136.136479, 36.25180808 ], [ 136.13644428, 36.25184753 ], [ 136.136465110000017, 36.25190364 ], [ 136.136465110000017, 36.25194308 ], [ 136.136416500000024, 36.2520278 ], [ 136.136506780000019, 36.2521178 ], [ 136.136492890000028, 36.25220808 ] ] ], [ [ [ 136.139640950000029, 36.2527828 ], [ 136.13969817, 36.25283669 ], [ 136.13975012, 36.25284003 ], [ 136.139789, 36.25279808 ], [ 136.139780390000027, 36.25272113 ], [ 136.13974567, 36.25263364 ], [ 136.139693990000012, 36.25265113 ], [ 136.13962706, 36.2527378 ], [ 136.139640950000029, 36.2527828 ] ] ], [ [ [ 136.139267610000019, 36.25330169 ], [ 136.139295380000021, 36.2533228 ], [ 136.139340390000029, 36.2533342 ], [ 136.13940817, 36.25332003 ], [ 136.139420120000011, 36.25329613 ], [ 136.139399270000013, 36.25323003 ], [ 136.139368170000012, 36.25317669 ], [ 136.13937178, 36.2531642 ], [ 136.13942538, 36.25315836 ], [ 136.139454840000013, 36.25312614 ], [ 136.139509560000022, 36.25308141 ], [ 136.13952151, 36.25302753 ], [ 136.139451220000012, 36.25289836 ], [ 136.139453160000016, 36.25277725 ], [ 136.139391500000016, 36.25268197 ], [ 136.139340120000014, 36.25268613 ], [ 136.13930428, 36.25272225 ], [ 136.13929927, 36.25278753 ], [ 136.139286500000026, 36.25283336 ], [ 136.13932309, 36.25291684 ], [ 136.13927872, 36.25301364 ], [ 136.13928511, 36.25308141 ], [ 136.13923817, 36.25314725 ], [ 136.13922623000002, 36.25319225 ], [ 136.139224550000023, 36.25323725 ], [ 136.139267610000019, 36.25330169 ] ] ], [ [ [ 136.136365110000014, 36.25321031 ], [ 136.13638261, 36.25318086 ], [ 136.13638261, 36.25313447 ], [ 136.1363565, 36.25312475 ], [ 136.136297610000014, 36.25314447 ], [ 136.136290660000014, 36.25315836 ], [ 136.136302890000024, 36.25320059 ], [ 136.13633066, 36.25321753 ], [ 136.136365110000014, 36.25321031 ] ] ], [ [ [ 136.13673927, 36.25341836 ], [ 136.136756500000018, 36.25339725 ], [ 136.136737610000012, 36.2533678 ], [ 136.13669594000001, 36.25333975 ], [ 136.136659560000027, 36.25335087 ], [ 136.13664927, 36.25338336 ], [ 136.13666484, 36.25341141 ], [ 136.136692610000011, 36.25342531 ], [ 136.13673927, 36.25341836 ] ] ], [ [ [ 136.143302, 36.25354984 ], [ 136.143301220000012, 36.2535408 ], [ 136.14330042, 36.25353189 ], [ 136.14330275, 36.25352575 ], [ 136.143318490000013, 36.25350869 ], [ 136.143330050000031, 36.25350159 ], [ 136.14333776, 36.25349553 ], [ 136.143342190000027, 36.25349228 ], [ 136.143347980000016, 36.25349128 ], [ 136.14335331, 36.25349136 ], [ 136.143360410000014, 36.253491 ], [ 136.143365330000023, 36.25349 ], [ 136.143379660000022, 36.25347933 ], [ 136.14338597, 36.25347113 ], [ 136.1433883, 36.25346608 ], [ 136.143388750000014, 36.25345959 ], [ 136.1433893, 36.25345356 ], [ 136.143392530000028, 36.25345031 ], [ 136.14339564, 36.25344895 ], [ 136.143403090000021, 36.25345075 ], [ 136.143409780000013, 36.25345192 ], [ 136.143417780000021, 36.25345128 ], [ 136.143421780000011, 36.25344767 ], [ 136.14342589, 36.25344089 ], [ 136.143430420000016, 36.25343451 ], [ 136.14343141, 36.25342439 ], [ 136.143430610000024, 36.25341611 ], [ 136.14343027000001, 36.25340933 ], [ 136.14342781000002, 36.253396 ], [ 136.14342689, 36.25339133 ], [ 136.14342027, 36.25335572 ], [ 136.143416910000013, 36.25334203 ], [ 136.143408560000012, 36.25333484 ], [ 136.1433993, 36.2533315 ], [ 136.143390050000022, 36.25332711 ], [ 136.143377250000015, 36.25332487 ], [ 136.143367470000015, 36.25332478 ], [ 136.143359920000023, 36.25332686 ], [ 136.14335847000001, 36.25333192 ], [ 136.14335481, 36.25333869 ], [ 136.1433508, 36.25334195 ], [ 136.1433437, 36.25334187 ], [ 136.14333267, 36.25334069 ], [ 136.143322970000014, 36.25333339 ], [ 136.14330795, 36.2533272 ], [ 136.14328189, 36.25331517 ], [ 136.14326997, 36.25331147 ], [ 136.14326606000003, 36.25330859 ], [ 136.14326472, 36.25330428 ], [ 136.14326302, 36.25329705 ], [ 136.14326236, 36.25328805 ], [ 136.14325589, 36.25328769 ], [ 136.143246330000011, 36.25328797 ], [ 136.143237890000023, 36.25329041 ], [ 136.14323031, 36.25329323 ], [ 136.1432192, 36.25329169 ], [ 136.143210830000015, 36.25329128 ], [ 136.143204060000016, 36.25329731 ], [ 136.143197200000031, 36.2533138 ], [ 136.14319358, 36.25334753 ], [ 136.143193310000015, 36.2533752 ], [ 136.143197110000017, 36.253386 ], [ 136.143201440000013, 36.25339214 ], [ 136.14320625000002, 36.25339897 ], [ 136.143207500000017, 36.25340511 ], [ 136.143205280000018, 36.25340969 ], [ 136.143198500000011, 36.25342044 ], [ 136.14319217000002, 36.253429 ], [ 136.14319075, 36.25343623 ], [ 136.143189200000023, 36.25344803 ], [ 136.14319178, 36.25345413 ], [ 136.14319577, 36.25345603 ], [ 136.14320903, 36.25345936 ], [ 136.143221950000026, 36.2534598 ], [ 136.1432245, 36.25346159 ], [ 136.14322708, 36.25346953 ], [ 136.143224310000022, 36.25347853 ], [ 136.14321934, 36.25349025 ], [ 136.14321992, 36.25351008 ], [ 136.143219390000013, 36.25352008 ], [ 136.14321795, 36.25352261 ], [ 136.143210830000015, 36.25352541 ], [ 136.143198470000016, 36.25352569 ], [ 136.143194470000026, 36.25352705 ], [ 136.143191700000017, 36.25353608 ], [ 136.143187200000028, 36.253568 ], [ 136.143174250000015, 36.25360172 ], [ 136.143077420000026, 36.25408187 ], [ 136.143057130000017, 36.25418236 ], [ 136.143109660000022, 36.25418636 ], [ 136.143130950000028, 36.25408178 ], [ 136.14322733, 36.25360786 ], [ 136.14323567, 36.25360541 ], [ 136.14325070000001, 36.25360153 ], [ 136.14328372, 36.25358564 ], [ 136.143290510000014, 36.25358067 ], [ 136.14329584, 36.25357633 ], [ 136.14329992, 36.2535692 ], [ 136.143302700000021, 36.25356172 ], [ 136.143302, 36.25354984 ] ] ], [ [ [ 136.145292550000022, 36.253797 ], [ 136.14529969000003, 36.25380536 ], [ 136.14530837, 36.2538068 ], [ 136.14531872, 36.2538048 ], [ 136.14541564000001, 36.25382144 ], [ 136.14549058, 36.25383433 ], [ 136.14551608, 36.25383556 ], [ 136.145522530000022, 36.25383528 ], [ 136.145529860000011, 36.25383222 ], [ 136.14554064, 36.25382987 ], [ 136.145552220000013, 36.25382959 ], [ 136.145563920000029, 36.25383108 ], [ 136.14557416, 36.25383675 ], [ 136.145574940000017, 36.2538455 ], [ 136.14557475, 36.25385559 ], [ 136.145571750000016, 36.25385975 ], [ 136.14556131, 36.25386417 ], [ 136.145546720000027, 36.25386689 ], [ 136.145536720000024, 36.2538678 ], [ 136.145527720000018, 36.25387161 ], [ 136.14551728, 36.25387956 ], [ 136.14549514, 36.25388986 ], [ 136.14548647, 36.253895 ], [ 136.14547525, 36.25390113 ], [ 136.145473800000019, 36.25390672 ], [ 136.145473360000011, 36.25391195 ], [ 136.145478490000016, 36.25391897 ], [ 136.14549086, 36.25392356 ], [ 136.145502890000017, 36.25392536 ], [ 136.145530390000033, 36.25393225 ], [ 136.14555966, 36.2539352 ], [ 136.14557822, 36.253935 ], [ 136.145613060000017, 36.25393253 ], [ 136.145623090000015, 36.2539298 ], [ 136.145632530000029, 36.25392708 ], [ 136.14568302, 36.25391908 ], [ 136.145709660000023, 36.25391195 ], [ 136.14575, 36.25390117 ], [ 136.145761670000013, 36.2538988 ], [ 136.14578581, 36.25389833 ], [ 136.145805620000033, 36.25389569 ], [ 136.14581464, 36.25389541 ], [ 136.14582630000001, 36.25389828 ], [ 136.145835230000017, 36.25390459 ], [ 136.14583769, 36.25391089 ], [ 136.14583939, 36.25392133 ], [ 136.145837950000015, 36.25393214 ], [ 136.14583095, 36.25393631 ], [ 136.145817610000023, 36.25393859 ], [ 136.145814160000015, 36.25394028 ], [ 136.14581372, 36.25394308 ], [ 136.1458182, 36.25395947 ], [ 136.14582589, 36.25396687 ], [ 136.145835810000023, 36.2539718 ], [ 136.145845690000016, 36.25397125 ], [ 136.145856060000028, 36.2539678 ], [ 136.145861720000028, 36.25396367 ], [ 136.14587047, 36.25395159 ], [ 136.14588569, 36.25393597 ], [ 136.14592589, 36.25388923 ], [ 136.14592689, 36.25388023 ], [ 136.14592564, 36.25386761 ], [ 136.14592636, 36.25384777 ], [ 136.14592367000003, 36.25382092 ], [ 136.145922870000021, 36.25381361 ], [ 136.145922970000015, 36.25380695 ], [ 136.145927280000024, 36.25380044 ], [ 136.14593341, 36.25379836 ], [ 136.14594630000002, 36.25379603 ], [ 136.14595064, 36.25379467 ], [ 136.14596533, 36.25379447 ], [ 136.145974360000025, 36.25379725 ], [ 136.145980800000018, 36.25379661 ], [ 136.145984700000014, 36.25379525 ], [ 136.145993260000012, 36.25379289 ], [ 136.146000250000014, 36.25378775 ], [ 136.14605361, 36.25375811 ], [ 136.14605706, 36.25375092 ], [ 136.14605936000001, 36.25373936 ], [ 136.146059470000012, 36.25373072 ], [ 136.14606, 36.25371953 ], [ 136.14605708000002, 36.25371214 ], [ 136.14605119, 36.2537055 ], [ 136.146042170000015, 36.2536992 ], [ 136.146031030000017, 36.25369461 ], [ 136.14600956000001, 36.25369131 ], [ 136.145999640000014, 36.25369013 ], [ 136.14596914, 36.25368539 ], [ 136.14595455, 36.25368389 ], [ 136.145942870000027, 36.25368308 ], [ 136.14593475, 36.25368167 ], [ 136.1459265, 36.25367987 ], [ 136.14591761, 36.25367592 ], [ 136.145909030000013, 36.25367169 ], [ 136.145904770000016, 36.25366647 ], [ 136.14589575, 36.25365989 ], [ 136.145887390000013, 36.2536538 ], [ 136.14588669, 36.25365328 ], [ 136.14586949, 36.25366056 ], [ 136.145794110000026, 36.25370023 ], [ 136.14579156, 36.2537012 ], [ 136.145788340000024, 36.25370095 ], [ 136.14578555, 36.25369861 ], [ 136.14578519, 36.25369131 ], [ 136.145785750000016, 36.25368011 ], [ 136.145784940000027, 36.25366939 ], [ 136.145779030000028, 36.25366131 ], [ 136.14576756, 36.25364941 ], [ 136.145746160000016, 36.25363564 ], [ 136.14572655, 36.25362467 ], [ 136.145701700000018, 36.25360984 ], [ 136.145689340000018, 36.25360031 ], [ 136.145666620000014, 36.25359175 ], [ 136.14564214, 36.25358467 ], [ 136.14562097000001, 36.25358236 ], [ 136.14559949, 36.25357941 ], [ 136.145579250000026, 36.25358033 ], [ 136.145538750000014, 36.25358633 ], [ 136.14546711, 36.2535948 ], [ 136.14542706, 36.25359764 ], [ 136.1454137, 36.25359792 ], [ 136.145401140000018, 36.2535992 ], [ 136.145392550000025, 36.25360084 ], [ 136.145389, 36.253605 ], [ 136.14538601000001, 36.2536095 ], [ 136.145381220000019, 36.25361364 ], [ 136.145374670000024, 36.25361817 ], [ 136.145366450000012, 36.2536198 ], [ 136.145344530000017, 36.25361831 ], [ 136.145335500000016, 36.25361859 ], [ 136.145325620000023, 36.25361887 ], [ 136.145319050000012, 36.2536205 ], [ 136.145272800000015, 36.25364317 ], [ 136.14524289000002, 36.25365547 ], [ 136.14523678, 36.25365889 ], [ 136.14523545, 36.25366205 ], [ 136.145236330000017, 36.25366728 ], [ 136.14524058, 36.25367113 ], [ 136.145244360000021, 36.25367467 ], [ 136.14524481, 36.253676 ], [ 136.145243920000013, 36.25367708 ], [ 136.14524058, 36.253678 ], [ 136.144630950000021, 36.25370413 ], [ 136.144636060000011, 36.25376444 ], [ 136.145288780000016, 36.2537422 ], [ 136.145292670000032, 36.253743 ], [ 136.14529613000002, 36.25374508 ], [ 136.145297810000017, 36.25374751 ], [ 136.14529859000001, 36.25375272 ], [ 136.14529805, 36.25376356 ], [ 136.14529406, 36.25377292 ], [ 136.1452892, 36.25378617 ], [ 136.14528997, 36.25379141 ], [ 136.145292550000022, 36.253797 ] ] ], [ [ [ 136.142773190000014, 36.25351141 ], [ 136.142716520000022, 36.25346697 ], [ 136.14265791, 36.25345725 ], [ 136.142590970000015, 36.25348503 ], [ 136.14254847, 36.25353613 ], [ 136.14252597, 36.25355253 ], [ 136.14249569, 36.25358225 ], [ 136.14249375, 36.25361669 ], [ 136.14249375, 36.25365947 ], [ 136.142532090000032, 36.25371864 ], [ 136.14251791, 36.25375141 ], [ 136.14250791, 36.25378613 ], [ 136.14251597, 36.25384531 ], [ 136.142509860000018, 36.25388975 ], [ 136.14251791, 36.25392253 ], [ 136.14258292, 36.25400475 ], [ 136.142570700000022, 36.25407225 ], [ 136.1426193, 36.25410003 ], [ 136.14266375, 36.25408864 ], [ 136.142728760000011, 36.2540442 ], [ 136.14273925, 36.25397778 ], [ 136.142724580000021, 36.25390447 ], [ 136.142742920000018, 36.25386669 ], [ 136.142742920000018, 36.25383197 ], [ 136.14272263, 36.25377947 ], [ 136.14272263, 36.25373003 ], [ 136.14268625, 36.2536578 ], [ 136.14278348, 36.25359864 ], [ 136.1428018, 36.25355253 ], [ 136.142773190000014, 36.25351141 ] ] ], [ [ [ 136.14085791, 36.25376975 ], [ 136.14074431, 36.25388169 ], [ 136.14068791, 36.25392253 ], [ 136.14068180000001, 36.25396197 ], [ 136.1407182, 36.25401613 ], [ 136.140746520000022, 36.2540392 ], [ 136.14078097, 36.2540442 ], [ 136.140835690000017, 36.2540278 ], [ 136.14088236, 36.25397669 ], [ 136.14087236, 36.25394392 ], [ 136.140843750000016, 36.25388808 ], [ 136.14085791, 36.25385169 ], [ 136.140916810000022, 36.2537942 ], [ 136.140916810000022, 36.2537728 ], [ 136.14089458, 36.25376308 ], [ 136.14085791, 36.25376975 ] ] ], [ [ [ 136.14527175, 36.254004 ], [ 136.14523949, 36.25403511 ], [ 136.145237300000019, 36.2540665 ], [ 136.14527591, 36.25408456 ], [ 136.145328690000014, 36.25406317 ], [ 136.14534672000002, 36.25402705 ], [ 136.14532258, 36.25400233 ], [ 136.14527175, 36.254004 ] ] ], [ [ [ 136.145704110000025, 36.25407156 ], [ 136.14570333, 36.25406805 ], [ 136.145699080000014, 36.25406067 ], [ 136.14569652000003, 36.25405408 ], [ 136.145696640000011, 36.25405059 ], [ 136.145697500000011, 36.25404605 ], [ 136.145700170000026, 36.25404192 ], [ 136.14570494000003, 36.25403811 ], [ 136.145710170000029, 36.25403433 ], [ 136.145712280000026, 36.2540308 ], [ 136.14571239, 36.25402731 ], [ 136.14570859, 36.25401828 ], [ 136.145706030000014, 36.25401333 ], [ 136.14570189, 36.25400703 ], [ 136.14569497, 36.25400144 ], [ 136.145684280000012, 36.25399651 ], [ 136.1456775, 36.25399292 ], [ 136.14567148, 36.25398905 ], [ 136.14566625, 36.25398797 ], [ 136.14566034, 36.25398617 ], [ 136.14565511, 36.25398717 ], [ 136.145652, 36.25399239 ], [ 136.145651140000012, 36.25399897 ], [ 136.14565103000001, 36.25400495 ], [ 136.145649690000027, 36.25400872 ], [ 136.14564662, 36.25401567 ], [ 136.14563872, 36.25402433 ], [ 136.14563361, 36.25402711 ], [ 136.14562361, 36.25403533 ], [ 136.14561795, 36.25404059 ], [ 136.14560927, 36.25404464 ], [ 136.145586330000015, 36.25404556 ], [ 136.145574770000025, 36.25404684 ], [ 136.145567860000028, 36.25404614 ], [ 136.14555542, 36.25404633 ], [ 136.145547610000023, 36.25404769 ], [ 136.145540610000012, 36.25405075 ], [ 136.145536280000016, 36.25405456 ], [ 136.14552927, 36.25406359 ], [ 136.14552575, 36.25407439 ], [ 136.145525530000015, 36.25407889 ], [ 136.14552519, 36.25408517 ], [ 136.14552852, 36.25409564 ], [ 136.14553577, 36.25410092 ], [ 136.14554397, 36.25410203 ], [ 136.145553480000018, 36.25409895 ], [ 136.145562550000022, 36.2540952 ], [ 136.145569490000014, 36.25409036 ], [ 136.14557686, 36.25408695 ], [ 136.145584190000022, 36.25408595 ], [ 136.145591090000011, 36.254086 ], [ 136.145594940000024, 36.25408672 ], [ 136.145600120000012, 36.25408923 ], [ 136.145602630000013, 36.25409269 ], [ 136.14560345000001, 36.25409759 ], [ 136.145602530000019, 36.25410141 ], [ 136.145599920000024, 36.25410523 ], [ 136.14559467, 36.25411217 ], [ 136.145590250000026, 36.25411978 ], [ 136.14558847, 36.254125 ], [ 136.145591, 36.25413095 ], [ 136.145596980000022, 36.25413587 ], [ 136.14560384, 36.25413767 ], [ 136.14561674, 36.25413987 ], [ 136.14563314, 36.25413789 ], [ 136.14564306, 36.25413587 ], [ 136.14565601000001, 36.25413284 ], [ 136.145675940000018, 36.25412184 ], [ 136.145685110000016, 36.25411287 ], [ 136.145691670000019, 36.25410347 ], [ 136.14569652000003, 36.25409203 ], [ 136.145701410000015, 36.25407953 ], [ 136.145701950000017, 36.25407869 ], [ 136.14570314, 36.25407678 ], [ 136.145704110000025, 36.25407156 ] ] ], [ [ [ 136.145472580000018, 36.25415844 ], [ 136.14547453, 36.25413567 ], [ 136.14540756, 36.25413872 ], [ 136.14533258, 36.25417011 ], [ 136.14537536, 36.25420123 ], [ 136.14542591, 36.25420123 ], [ 136.145472580000018, 36.25415844 ] ] ], [ [ [ 136.142487640000013, 36.25426113 ], [ 136.14246319, 36.2542778 ], [ 136.142479300000019, 36.25430225 ], [ 136.14250569, 36.25431559 ], [ 136.142532090000032, 36.25431225 ], [ 136.142540140000023, 36.25427947 ], [ 136.142528200000015, 36.25425475 ], [ 136.142487640000013, 36.25426113 ] ] ], [ [ [ 136.145679300000012, 36.25430392 ], [ 136.145707640000012, 36.25435836 ], [ 136.145750140000018, 36.25436641 ], [ 136.145770410000011, 36.25433864 ], [ 136.14575403, 36.2542992 ], [ 136.145724030000025, 36.25427114 ], [ 136.145691530000022, 36.25427447 ], [ 136.145679300000012, 36.25430392 ] ] ], [ [ [ 136.14567820000002, 36.25457531 ], [ 136.14565486, 36.25454697 ], [ 136.14561597, 36.25453253 ], [ 136.14557708000001, 36.25455475 ], [ 136.1455693, 36.25457836 ], [ 136.145590700000014, 36.25462753 ], [ 136.145621530000028, 36.25464808 ], [ 136.1456507, 36.25464169 ], [ 136.14567236000002, 36.25461475 ], [ 136.14567820000002, 36.25457531 ] ] ], [ [ [ 136.14531764, 36.25473364 ], [ 136.14535097000001, 36.25472725 ], [ 136.14537236000001, 36.25469559 ], [ 136.145360700000026, 36.25466225 ], [ 136.145327370000018, 36.25464031 ], [ 136.145304030000034, 36.25463697 ], [ 136.14525348, 36.2546592 ], [ 136.145235970000016, 36.25467975 ], [ 136.145245690000024, 36.25471614 ], [ 136.145278750000017, 36.25473197 ], [ 136.14531764, 36.25473364 ] ] ], [ [ [ 136.14506236, 36.25575975 ], [ 136.14504876, 36.2557692 ], [ 136.144999860000013, 36.25584197 ], [ 136.1450193, 36.25588308 ], [ 136.1450193, 36.25592113 ], [ 136.14502737, 36.25595892 ], [ 136.14506236, 36.2559828 ], [ 136.14513014000002, 36.25597947 ], [ 136.1451907, 36.2559478 ], [ 136.14520042, 36.25592892 ], [ 136.1452007, 36.25571392 ], [ 136.14519292, 36.25566475 ], [ 136.14513847, 36.25562697 ], [ 136.145089580000018, 36.25563169 ], [ 136.145060410000013, 36.25565697 ], [ 136.14506236, 36.25575975 ] ] ], [ [ [ 136.120990080000013, 36.16508095 ], [ 136.12040453, 36.16534733 ], [ 136.120137590000013, 36.16549205 ], [ 136.11975092, 36.1657015 ], [ 136.11960842000002, 36.16576956 ], [ 136.11937287, 36.16585484 ], [ 136.11894314, 36.16599789 ], [ 136.117992870000023, 36.16631456 ], [ 136.11791064, 36.16634205 ], [ 136.11728231, 36.16655095 ], [ 136.116912870000021, 36.16666567 ], [ 136.116911050000027, 36.16666623 ], [ 136.116909640000017, 36.16666667 ], [ 136.116668980000014, 36.16674125 ], [ 136.11666667, 36.16674197 ], [ 136.116494250000017, 36.16679539 ], [ 136.11574287000002, 36.16702844 ], [ 136.114627860000013, 36.16736261 ], [ 136.1134662, 36.16767178 ], [ 136.1129862, 36.16779233 ], [ 136.112301480000013, 36.16800623 ], [ 136.111369250000024, 36.16829511 ], [ 136.1110673, 36.16837177 ], [ 136.110120920000014, 36.1686115 ], [ 136.10952008000001, 36.16877233 ], [ 136.10855036000001, 36.16906651 ], [ 136.10833564, 36.16912859 ], [ 136.108333330000022, 36.16912925 ], [ 136.107689530000016, 36.16931539 ], [ 136.107299250000011, 36.16942844 ], [ 136.10702674, 36.1695315 ], [ 136.106512580000015, 36.16975678 ], [ 136.10592564, 36.16995956 ], [ 136.105584810000011, 36.17013178 ], [ 136.105577300000022, 36.17013539 ], [ 136.10512258, 36.17036539 ], [ 136.10489536, 36.17048011 ], [ 136.10378953, 36.17102872 ], [ 136.100029, 36.17289341 ], [ 136.10010756, 36.17300277 ], [ 136.100156030000022, 36.17310336 ], [ 136.100693870000015, 36.17386995 ], [ 136.10106234, 36.17436577 ], [ 136.101496060000017, 36.17499956 ], [ 136.101496350000019, 36.175 ], [ 136.101509030000017, 36.17501853 ], [ 136.10173236, 36.17533422 ], [ 136.102067370000015, 36.17579792 ], [ 136.10259222, 36.17653095 ], [ 136.10327336, 36.17742084 ], [ 136.103396300000014, 36.17765987 ], [ 136.103735770000014, 36.17810033 ], [ 136.10389659, 36.17832505 ], [ 136.1039585, 36.17841389 ], [ 136.104183870000014, 36.1787275 ], [ 136.10433927, 36.17894375 ], [ 136.10445031, 36.17911925 ], [ 136.104721190000021, 36.17949856 ], [ 136.104874380000012, 36.17972544 ], [ 136.104987560000012, 36.1798495 ], [ 136.10509416, 36.18002144 ], [ 136.105169640000014, 36.18011539 ], [ 136.105280580000027, 36.18022525 ], [ 136.105300610000029, 36.18029264 ], [ 136.105378340000016, 36.1803972 ], [ 136.105604840000012, 36.18073753 ], [ 136.1058002, 36.18100872 ], [ 136.106008910000014, 36.18132247 ], [ 136.10624205000002, 36.18165217 ], [ 136.106466160000025, 36.18192117 ], [ 136.10660630000001, 36.18214808 ], [ 136.10673214000002, 36.18228313 ], [ 136.107033890000025, 36.18269814 ], [ 136.10703394, 36.18273675 ], [ 136.107275640000012, 36.18305469 ], [ 136.10730326, 36.18308041 ], [ 136.1073375, 36.18311069 ], [ 136.107369200000022, 36.18316336 ], [ 136.107409140000016, 36.18322928 ], [ 136.107452440000031, 36.18333289 ], [ 136.107452630000012, 36.18333333 ], [ 136.10745986, 36.18335061 ], [ 136.10756348000001, 36.18350314 ], [ 136.107786060000024, 36.18381828 ], [ 136.107895380000031, 36.18396522 ], [ 136.108087660000024, 36.18423289 ], [ 136.108274380000012, 36.18453487 ], [ 136.108333330000022, 36.18460895 ], [ 136.108335690000018, 36.18461192 ], [ 136.10859105000003, 36.18493289 ], [ 136.10883992, 36.18526913 ], [ 136.109142440000028, 36.18564659 ], [ 136.109272630000021, 36.18589825 ], [ 136.10954128, 36.18623908 ], [ 136.10981564, 36.18664859 ], [ 136.10995983, 36.18682013 ], [ 136.11020025000002, 36.18717931 ], [ 136.1104209, 36.18746408 ], [ 136.11059591, 36.18771353 ], [ 136.110773330000029, 36.18797728 ], [ 136.110978440000025, 36.18827992 ], [ 136.111167, 36.18854472 ], [ 136.111313380000013, 36.18875133 ], [ 136.11141236, 36.18889305 ], [ 136.111550560000012, 36.18909144 ], [ 136.11163842000002, 36.18922253 ], [ 136.11181086, 36.18930589 ], [ 136.11197139, 36.18940656 ], [ 136.112136060000012, 36.18963756 ], [ 136.11229645, 36.18986241 ], [ 136.11232092, 36.189895 ], [ 136.112476250000014, 36.19011344 ], [ 136.112596200000013, 36.19028251 ], [ 136.112781860000013, 36.19054339 ], [ 136.11293161, 36.19075289 ], [ 136.11312586, 36.19102464 ], [ 136.11327934000002, 36.19123933 ], [ 136.11346036, 36.19149339 ], [ 136.113584450000019, 36.1916662 ], [ 136.113584770000017, 36.19166667 ], [ 136.11365158000001, 36.19175969 ], [ 136.11385689, 36.19204656 ], [ 136.114045300000015, 36.19231184 ], [ 136.11412759000001, 36.19242733 ], [ 136.114257890000033, 36.19261031 ], [ 136.114211480000023, 36.19293908 ], [ 136.11417319, 36.1931998 ], [ 136.1141427, 36.19342747 ], [ 136.11409158, 36.19379503 ], [ 136.11406008, 36.19401508 ], [ 136.11405222, 36.19407469 ], [ 136.11403542, 36.19419613 ], [ 136.114015450000011, 36.19435011 ], [ 136.11398628, 36.19455775 ], [ 136.113976160000021, 36.19462805 ], [ 136.113932670000025, 36.19493105 ], [ 136.113885280000034, 36.1952742 ], [ 136.11383158000001, 36.19564714 ], [ 136.11377920000001, 36.1960228 ], [ 136.113724890000015, 36.19641875 ], [ 136.113688200000013, 36.19669939 ], [ 136.113569829999989, 36.19754847 ], [ 136.11340506, 36.19872584 ], [ 136.11325211, 36.199827 ], [ 136.11322834, 36.19999953 ], [ 136.113228280000016, 36.2 ], [ 136.113223260000012, 36.20003653 ], [ 136.11309745, 36.20094992 ], [ 136.113072970000019, 36.20111653 ], [ 136.113005840000028, 36.20161203 ], [ 136.112920410000015, 36.2022308 ], [ 136.11284713, 36.20274078 ], [ 136.11281348, 36.20297503 ], [ 136.112778170000013, 36.20323753 ], [ 136.112624550000021, 36.20433433 ], [ 136.11262012, 36.20436603 ], [ 136.11259791, 36.20452456 ], [ 136.11250475, 36.20523544 ], [ 136.11250458, 36.20523667 ], [ 136.112500470000015, 36.20523628 ], [ 136.1124337, 36.20522978 ], [ 136.11243031, 36.20524553 ], [ 136.112428110000025, 36.20525872 ], [ 136.112426840000012, 36.20527089 ], [ 136.112426450000015, 36.2052802 ], [ 136.11242669, 36.2052908 ], [ 136.11242759000001, 36.20529947 ], [ 136.112429100000014, 36.2053082 ], [ 136.11243131, 36.20531692 ], [ 136.11243475, 36.2053272 ], [ 136.112438520000012, 36.20533623 ], [ 136.11244258, 36.20534444 ], [ 136.11244837000001, 36.20535439 ], [ 136.11245322000002, 36.20536172 ], [ 136.112459100000024, 36.20536961 ], [ 136.112465470000018, 36.20537725 ], [ 136.11247384, 36.20538611 ], [ 136.112481800000012, 36.20539356 ], [ 136.11248964, 36.20540008 ], [ 136.112499860000014, 36.20540761 ], [ 136.112508080000026, 36.20541292 ], [ 136.112517950000012, 36.20541856 ], [ 136.112526420000023, 36.20542275 ], [ 136.112536060000025, 36.20542695 ], [ 136.11254711, 36.20543095 ], [ 136.11255689, 36.20543389 ], [ 136.11256703, 36.20543633 ], [ 136.11257949, 36.20543861 ], [ 136.112590800000021, 36.20544003 ], [ 136.112601190000021, 36.20544078 ], [ 136.112614, 36.20544105 ], [ 136.11262384, 36.20544072 ], [ 136.112635110000014, 36.2054398 ], [ 136.112644330000023, 36.20543859 ], [ 136.112654330000026, 36.20543675 ], [ 136.112665110000023, 36.2054342 ], [ 136.112676610000022, 36.20543064 ], [ 136.11268628000002, 36.20542697 ], [ 136.112695550000012, 36.2054228 ], [ 136.1127062, 36.20541717 ], [ 136.11271536000001, 36.20541156 ], [ 136.11272341, 36.20540595 ], [ 136.11273287, 36.2053985 ], [ 136.11273961, 36.20539253 ], [ 136.112746940000022, 36.20538531 ], [ 136.112754700000011, 36.20537669 ], [ 136.11276061, 36.20536931 ], [ 136.112766610000023, 36.20536089 ], [ 136.112772580000012, 36.20535133 ], [ 136.11277834, 36.20534053 ], [ 136.112781860000013, 36.20533275 ], [ 136.11278306, 36.20532984 ], [ 136.11278625, 36.20532111 ], [ 136.11278973, 36.20530933 ], [ 136.11279289, 36.20529503 ], [ 136.112794940000015, 36.20528225 ], [ 136.112796910000014, 36.20526508 ], [ 136.112724550000024, 36.20525805 ], [ 136.112761850000027, 36.20498913 ], [ 136.11275258, 36.20498875 ], [ 136.112756940000025, 36.20494987 ], [ 136.112768440000025, 36.20495028 ], [ 136.11278859, 36.2047958 ], [ 136.11280317, 36.2046902 ], [ 136.112824330000024, 36.20453617 ], [ 136.112831560000018, 36.20448941 ], [ 136.11285652, 36.20430369 ], [ 136.11289, 36.20405233 ], [ 136.11291519, 36.20388664 ], [ 136.112954480000013, 36.20359603 ], [ 136.113003970000022, 36.20325097 ], [ 136.11303713, 36.20300653 ], [ 136.113064690000016, 36.20281133 ], [ 136.113053160000021, 36.20281025 ], [ 136.11306306, 36.20274059 ], [ 136.113091970000028, 36.20253714 ], [ 136.11313530000001, 36.20223275 ], [ 136.113163220000018, 36.20202267 ], [ 136.11319158, 36.20183108 ], [ 136.11322034, 36.20162792 ], [ 136.113250170000015, 36.20140495 ], [ 136.11328508, 36.20116611 ], [ 136.113275860000016, 36.20116722 ], [ 136.11327828, 36.20113403 ], [ 136.11329222, 36.20101239 ], [ 136.11333772, 36.20068377 ], [ 136.11338519, 36.20034892 ], [ 136.11342825, 36.20003633 ], [ 136.11342944, 36.20002769 ], [ 136.113433220000019, 36.2 ], [ 136.11343328000001, 36.19999953 ], [ 136.11346817, 36.1997448 ], [ 136.113523610000016, 36.19934897 ], [ 136.11358008000002, 36.19893856 ], [ 136.11366436000003, 36.19834741 ], [ 136.11373484, 36.19785095 ], [ 136.11372681, 36.19784947 ], [ 136.113763260000013, 36.19756811 ], [ 136.113872720000018, 36.19678453 ], [ 136.113944090000018, 36.19626561 ], [ 136.11393462, 36.19626456 ], [ 136.11398703, 36.19590111 ], [ 136.114062280000013, 36.19535225 ], [ 136.114123310000025, 36.19491769 ], [ 136.11411136000001, 36.19491767 ], [ 136.11415195, 36.19462789 ], [ 136.114162610000022, 36.19455175 ], [ 136.11417584000003, 36.19445159 ], [ 136.1142145, 36.19418244 ], [ 136.114243610000017, 36.19396353 ], [ 136.11428575, 36.19366353 ], [ 136.11431214000001, 36.19348431 ], [ 136.114330530000018, 36.19334731 ], [ 136.11435309, 36.19319736 ], [ 136.114368220000017, 36.19307728 ], [ 136.114382050000017, 36.19298586 ], [ 136.1144027, 36.19283744 ], [ 136.11441756, 36.19273078 ], [ 136.1144237, 36.1926868 ], [ 136.11445817, 36.19267097 ], [ 136.114496640000027, 36.19264608 ], [ 136.114501750000017, 36.19265089 ], [ 136.11470348, 36.192555 ], [ 136.11492292, 36.1924528 ], [ 136.114951500000018, 36.1924928 ], [ 136.11495825, 36.19250222 ], [ 136.11519109, 36.19239356 ], [ 136.115523380000013, 36.19223695 ], [ 136.115640900000017, 36.19218236 ], [ 136.11584326, 36.19208831 ], [ 136.115933770000026, 36.192045 ], [ 136.11592331, 36.19203023 ], [ 136.115899, 36.19199595 ], [ 136.115974310000013, 36.19195875 ], [ 136.11621141, 36.19184867 ], [ 136.1164665, 36.19172775 ], [ 136.116498880000023, 36.19177175 ], [ 136.11650051, 36.19177395 ], [ 136.11666667, 36.1916962 ], [ 136.116669050000013, 36.19169505 ], [ 136.11672973, 36.19166667 ], [ 136.116730730000029, 36.1916662 ], [ 136.116912970000016, 36.19158089 ], [ 136.117282530000011, 36.19140728 ], [ 136.11727958000003, 36.19140305 ], [ 136.117250440000021, 36.1913608 ], [ 136.1173383, 36.19131959 ], [ 136.117602670000025, 36.19119464 ], [ 136.117821530000015, 36.191093 ], [ 136.117854250000022, 36.19113805 ], [ 136.1178545, 36.19113841 ], [ 136.11812136, 36.19101261 ], [ 136.118346160000016, 36.19090725 ], [ 136.118638590000018, 36.19077064 ], [ 136.118635550000022, 36.19076641 ], [ 136.118605230000014, 36.19072414 ], [ 136.11877311, 36.19064636 ], [ 136.11876958000002, 36.19063731 ], [ 136.11882519, 36.19061169 ], [ 136.11923034, 36.19042159 ], [ 136.119333, 36.19037339 ], [ 136.11951803, 36.19028639 ], [ 136.11952112, 36.19029017 ], [ 136.119559440000018, 36.19033708 ], [ 136.11957419, 36.19035239 ], [ 136.11958361, 36.19035641 ], [ 136.119597950000013, 36.1903608 ], [ 136.119635690000024, 36.19036344 ], [ 136.11964961000001, 36.19036164 ], [ 136.11966358, 36.19035805 ], [ 136.11976805, 36.19031284 ], [ 136.11978475, 36.19030267 ], [ 136.11979105, 36.19029905 ], [ 136.119795580000016, 36.19029433 ], [ 136.119797420000026, 36.19028417 ], [ 136.119796160000021, 36.19026925 ], [ 136.11978326, 36.19024522 ], [ 136.11976278000003, 36.19021097 ], [ 136.11974170000002, 36.19018017 ], [ 136.12000988, 36.19004251 ], [ 136.12031567, 36.18990433 ], [ 136.12031939, 36.18990922 ], [ 136.12033150000002, 36.18991472 ], [ 136.12034717, 36.18991817 ], [ 136.120374090000013, 36.18992044 ], [ 136.12038934, 36.18991869 ], [ 136.12064652, 36.1897918 ], [ 136.120908340000028, 36.18967944 ], [ 136.12103769, 36.18961975 ], [ 136.121055330000019, 36.18960861 ], [ 136.121058780000027, 36.18961075 ], [ 136.121088970000017, 36.18962103 ], [ 136.121110640000012, 36.18962605 ], [ 136.121153330000027, 36.18963986 ], [ 136.12119694, 36.18965492 ], [ 136.12123416, 36.18966669 ], [ 136.12126102000002, 36.18967277 ], [ 136.12128635000002, 36.18967808 ], [ 136.12133, 36.18968967 ], [ 136.12136358, 36.18969551 ], [ 136.121406330000013, 36.18970261 ], [ 136.121432890000023, 36.1897072 ], [ 136.121465250000028, 36.18971525 ], [ 136.121487810000019, 36.18972351 ], [ 136.12151681, 36.1897298 ], [ 136.12155406, 36.18973641 ], [ 136.12160047, 36.18974725 ], [ 136.12163555, 36.18975608 ], [ 136.121674330000019, 36.18976195 ], [ 136.121715250000022, 36.1897688 ], [ 136.121728080000025, 36.18977184 ], [ 136.121742720000015, 36.18977608 ], [ 136.12180558, 36.18979197 ], [ 136.121835160000018, 36.18980075 ], [ 136.12188642000001, 36.18981659 ], [ 136.12189956, 36.18981911 ], [ 136.121927910000011, 36.18982692 ], [ 136.12194623000002, 36.18983295 ], [ 136.1219618, 36.18983795 ], [ 136.12197949, 36.18984297 ], [ 136.12200053, 36.18984925 ], [ 136.122021610000019, 36.18985356 ], [ 136.12209306, 36.18986675 ], [ 136.12217302, 36.18988341 ], [ 136.12220511000001, 36.18988505 ], [ 136.122260080000018, 36.18989172 ], [ 136.122276590000013, 36.18989377 ], [ 136.122296420000026, 36.18989731 ], [ 136.122311700000012, 36.18989911 ], [ 136.12235966, 36.18990205 ], [ 136.122382890000011, 36.18990389 ], [ 136.122407950000024, 36.1899062 ], [ 136.12249075, 36.189912 ], [ 136.122511850000024, 36.18991087 ], [ 136.122523160000014, 36.18991067 ], [ 136.122532940000013, 36.18991044 ], [ 136.12257419, 36.18991286 ], [ 136.12260569, 36.18991251 ], [ 136.12265611, 36.18991344 ], [ 136.122696470000022, 36.18991064 ], [ 136.122783890000022, 36.18991397 ], [ 136.12279917, 36.18991305 ], [ 136.12285667, 36.18991033 ], [ 136.12291567, 36.18990661 ], [ 136.122936160000023, 36.1899062 ], [ 136.12295205, 36.18990677 ], [ 136.122965810000011, 36.1899078 ], [ 136.12301531, 36.18990828 ], [ 136.123044670000013, 36.18990864 ], [ 136.123067890000016, 36.18990825 ], [ 136.12312936, 36.18990728 ], [ 136.12317153, 36.1899082 ], [ 136.123204230000027, 36.18990733 ], [ 136.123256520000012, 36.18990284 ], [ 136.12329263, 36.18989831 ], [ 136.123347390000021, 36.1898948 ], [ 136.123439100000013, 36.18988925 ], [ 136.12346297000002, 36.18988787 ], [ 136.12351075, 36.18987297 ], [ 136.12352820000001, 36.18986808 ], [ 136.12360983, 36.18986669 ], [ 136.12362361000001, 36.18986377 ], [ 136.123633110000014, 36.18986008 ], [ 136.12364202, 36.18985247 ], [ 136.123648200000019, 36.18984431 ], [ 136.123655010000022, 36.18983047 ], [ 136.1236618, 36.18982008 ], [ 136.12366947000001, 36.18981395 ], [ 136.123678080000019, 36.18980928 ], [ 136.12368942, 36.18980536 ], [ 136.123731280000015, 36.18980578 ], [ 136.123753890000017, 36.18980761 ], [ 136.123772530000025, 36.18980992 ], [ 136.123805810000022, 36.18981228 ], [ 136.123815010000015, 36.18981008 ], [ 136.12382542, 36.18980592 ], [ 136.123831850000016, 36.189801 ], [ 136.12383988000002, 36.18979311 ], [ 136.12384911, 36.18978325 ], [ 136.12385713, 36.18977361 ], [ 136.12387125, 36.18976203 ], [ 136.12388872, 36.18975541 ], [ 136.123901860000018, 36.18975447 ], [ 136.12391808000001, 36.1897558 ], [ 136.12393144, 36.18975789 ], [ 136.124034920000014, 36.18990475 ], [ 136.12409711, 36.18998784 ], [ 136.12416406, 36.19008311 ], [ 136.1242502, 36.19020439 ], [ 136.12443567, 36.1904658 ], [ 136.12453367, 36.19060192 ], [ 136.12458306000002, 36.19067053 ], [ 136.124655530000013, 36.19077192 ], [ 136.124717590000017, 36.19085997 ], [ 136.1247927, 36.1909618 ], [ 136.124828080000015, 36.19101453 ], [ 136.124853700000017, 36.19104867 ], [ 136.124877420000018, 36.19108178 ], [ 136.124965300000014, 36.19120447 ], [ 136.125, 36.19125433 ], [ 136.12500239000002, 36.19125777 ], [ 136.12504125000001, 36.19131361 ], [ 136.12529608, 36.19119284 ], [ 136.125693770000026, 36.19100611 ], [ 136.12634467, 36.19070061 ], [ 136.126923, 36.19042884 ], [ 136.12719336, 36.19030244 ], [ 136.12738214, 36.19021386 ], [ 136.1275885, 36.19011786 ], [ 136.12763805, 36.19009428 ], [ 136.12765219000002, 36.19008759 ], [ 136.12768756, 36.19014431 ], [ 136.127713380000017, 36.19019203 ], [ 136.127728640000015, 36.19022003 ], [ 136.127747, 36.19024797 ], [ 136.127767980000016, 36.19027408 ], [ 136.12780333, 36.19032967 ], [ 136.127812530000028, 36.19034472 ], [ 136.127875640000013, 36.19043378 ], [ 136.12788486, 36.1904468 ], [ 136.12791092, 36.19048117 ], [ 136.127931030000013, 36.19050836 ], [ 136.127946620000017, 36.19053131 ], [ 136.12801384, 36.19064133 ], [ 136.128173480000015, 36.19080328 ], [ 136.12834956, 36.19097164 ], [ 136.128561280000014, 36.19123133 ], [ 136.128673640000017, 36.19137664 ], [ 136.12883202, 36.19159941 ], [ 136.128865750000017, 36.1916662 ], [ 136.12886597, 36.19166667 ], [ 136.12892739, 36.19178828 ], [ 136.12898372, 36.19198847 ], [ 136.129007300000012, 36.19210451 ], [ 136.129011140000017, 36.192215 ], [ 136.128995770000017, 36.19239439 ], [ 136.12899311000001, 36.19253822 ], [ 136.12902022, 36.19272931 ], [ 136.129066810000012, 36.19288361 ], [ 136.129106550000017, 36.19296922 ], [ 136.129119730000014, 36.19299761 ], [ 136.129202440000029, 36.193193 ], [ 136.129231050000016, 36.19330144 ], [ 136.12923514000002, 36.19332422 ], [ 136.129245720000029, 36.19336047 ], [ 136.129273800000021, 36.19342892 ], [ 136.12929645, 36.19347284 ], [ 136.129325890000018, 36.19354164 ], [ 136.129328110000017, 36.19356053 ], [ 136.12932859, 36.1935805 ], [ 136.12932591, 36.19359803 ], [ 136.12931978, 36.19365347 ], [ 136.12932109, 36.1936888 ], [ 136.12932047000001, 36.19371772 ], [ 136.12931791, 36.19373956 ], [ 136.12931222, 36.1937582 ], [ 136.12929022, 36.19379569 ], [ 136.129261140000011, 36.1938315 ], [ 136.129240270000025, 36.1938618 ], [ 136.129230510000014, 36.19387625 ], [ 136.12922776000002, 36.19388951 ], [ 136.12922776000002, 36.19390772 ], [ 136.129224140000019, 36.19392277 ], [ 136.129216, 36.19393111 ], [ 136.1291965, 36.19394428 ], [ 136.129172110000013, 36.19395608 ], [ 136.129137110000016, 36.19396628 ], [ 136.129116420000031, 36.19396628 ], [ 136.128997890000022, 36.19396459 ], [ 136.12894953, 36.19396859 ], [ 136.128922190000026, 36.19396795 ], [ 136.128889, 36.19396097 ], [ 136.128854470000022, 36.19395331 ], [ 136.12881859, 36.19394567 ], [ 136.12878025, 36.19394487 ], [ 136.12876842, 36.1939472 ], [ 136.128729220000025, 36.19396639 ], [ 136.12868219, 36.1939882 ], [ 136.12857847, 36.19403414 ], [ 136.12848445, 36.19407956 ], [ 136.128398690000012, 36.19412161 ], [ 136.128322440000034, 36.19415569 ], [ 136.12827844, 36.19417672 ], [ 136.128182190000018, 36.19422075 ], [ 136.128126080000015, 36.19424561 ], [ 136.128016590000016, 36.19429411 ], [ 136.127928170000018, 36.19433478 ], [ 136.127545360000028, 36.19451511 ], [ 136.1274392, 36.19436559 ], [ 136.127431340000015, 36.1943545 ], [ 136.12736795, 36.1943835 ], [ 136.12726231000002, 36.19443184 ], [ 136.12739302, 36.19461453 ], [ 136.127461220000015, 36.19470984 ], [ 136.127536670000012, 36.19481611 ], [ 136.127715470000027, 36.19506517 ], [ 136.12782761, 36.19522292 ], [ 136.12831386000002, 36.19590253 ], [ 136.12851053, 36.19617778 ], [ 136.12880995, 36.19659628 ], [ 136.12911936, 36.19702895 ], [ 136.129539100000017, 36.19761059 ], [ 136.129914250000013, 36.19813472 ], [ 136.130165380000022, 36.19848728 ], [ 136.130409360000016, 36.19882889 ], [ 136.13071333000002, 36.19925184 ], [ 136.13104117, 36.19971087 ], [ 136.13124776, 36.19999953 ], [ 136.13124808, 36.2 ], [ 136.13126105, 36.20001811 ], [ 136.13136008, 36.20015647 ], [ 136.131650900000011, 36.20056331 ], [ 136.13209733, 36.201189 ], [ 136.132151610000022, 36.20126503 ], [ 136.132764970000011, 36.20212539 ], [ 136.13283497, 36.20222322 ], [ 136.133190250000013, 36.20271987 ], [ 136.133333330000028, 36.20291984 ], [ 136.13333577, 36.20292328 ], [ 136.133449970000015, 36.20308292 ], [ 136.13398747, 36.20383033 ], [ 136.13369728, 36.20396489 ], [ 136.134253700000016, 36.2047452 ], [ 136.13424397, 36.20474959 ], [ 136.134149030000032, 36.20479203 ], [ 136.133453480000014, 36.20512025 ], [ 136.13333581, 36.20517536 ], [ 136.133333330000028, 36.2051765 ], [ 136.133281510000018, 36.2052008 ], [ 136.13309783, 36.20528764 ], [ 136.132655500000027, 36.20466805 ], [ 136.132541850000024, 36.20450889 ], [ 136.132501670000011, 36.20452613 ], [ 136.13224484, 36.20464869 ], [ 136.13204694, 36.20474103 ], [ 136.131584230000016, 36.20495861 ], [ 136.131284420000014, 36.20509792 ], [ 136.13109664000001, 36.20518541 ], [ 136.13096428, 36.20499992 ], [ 136.130643750000019, 36.20455075 ], [ 136.13044438, 36.20427153 ], [ 136.13022397, 36.2039632 ], [ 136.129863530000023, 36.20346051 ], [ 136.12970575, 36.2032352 ], [ 136.12874234, 36.20368741 ], [ 136.12833501, 36.20311723 ], [ 136.12805486000002, 36.20272547 ], [ 136.127556640000023, 36.20202867 ], [ 136.127557860000024, 36.20202744 ], [ 136.12800594, 36.20182992 ], [ 136.12836747, 36.20165705 ], [ 136.12837117, 36.20165572 ], [ 136.128657890000028, 36.20206014 ], [ 136.12881134, 36.20198741 ], [ 136.12866575000001, 36.2017822 ], [ 136.128313390000017, 36.20129144 ], [ 136.12801536, 36.20087311 ], [ 136.127771530000018, 36.20052969 ], [ 136.1276627, 36.20037859 ], [ 136.12760031000002, 36.20029192 ], [ 136.12740689, 36.20002228 ], [ 136.12740636, 36.20002156 ], [ 136.12739097, 36.2 ], [ 136.127390640000016, 36.19999953 ], [ 136.127243990000011, 36.19979413 ], [ 136.127235330000019, 36.19979611 ], [ 136.127207810000016, 36.19975711 ], [ 136.127175280000017, 36.19971103 ], [ 136.12711647, 36.19970933 ], [ 136.12707925, 36.1996465 ], [ 136.12701433, 36.19967692 ], [ 136.12697075, 36.19962711 ], [ 136.12691039, 36.19957084 ], [ 136.126842780000032, 36.19950769 ], [ 136.126789200000019, 36.19945072 ], [ 136.126762360000015, 36.19941469 ], [ 136.126743190000013, 36.19938172 ], [ 136.12673078, 36.19934669 ], [ 136.12672905, 36.19932811 ], [ 136.12673575, 36.199303 ], [ 136.12674633, 36.19928856 ], [ 136.12677211, 36.19926341 ], [ 136.126802560000016, 36.19923517 ], [ 136.126821170000028, 36.19922069 ], [ 136.126824140000025, 36.19921589 ], [ 136.126824530000022, 36.19920728 ], [ 136.126804250000021, 36.19917184 ], [ 136.1267502, 36.19909777 ], [ 136.126743310000023, 36.19908836 ], [ 136.1266793, 36.19900067 ], [ 136.12668195, 36.19899989 ], [ 136.126623860000024, 36.19892103 ], [ 136.12660419, 36.198894 ], [ 136.12658553, 36.19890161 ], [ 136.126514230000026, 36.19880139 ], [ 136.12647511, 36.19874636 ], [ 136.12645939, 36.19872436 ], [ 136.12640148, 36.19864333 ], [ 136.126398880000011, 36.19860505 ], [ 136.12637189, 36.19856841 ], [ 136.12627372, 36.19843075 ], [ 136.12597922, 36.19836467 ], [ 136.12548411, 36.19825303 ], [ 136.12500241, 36.19814647 ], [ 136.125, 36.19814595 ], [ 136.12490044, 36.19812392 ], [ 136.124545470000015, 36.19804347 ], [ 136.12319467, 36.19773739 ], [ 136.12320083000003, 36.1977218 ], [ 136.123045030000014, 36.19768336 ], [ 136.12302008, 36.19775053 ], [ 136.12318553, 36.19778784 ], [ 136.124545550000022, 36.19809441 ], [ 136.12488706000002, 36.19817139 ], [ 136.125, 36.19819656 ], [ 136.12500241, 36.19819708 ], [ 136.12580302, 36.19837533 ], [ 136.126234720000014, 36.19847113 ], [ 136.12634558000002, 36.19862672 ], [ 136.126441340000014, 36.19876231 ], [ 136.12655361, 36.19891789 ], [ 136.125566500000019, 36.19938286 ], [ 136.125431500000019, 36.19944911 ], [ 136.125132220000012, 36.1995898 ], [ 136.12506, 36.19962389 ], [ 136.12500241, 36.19965105 ], [ 136.125, 36.1996522 ], [ 136.12494411, 36.19967856 ], [ 136.124864030000026, 36.19971636 ], [ 136.124849360000013, 36.19972328 ], [ 136.124773450000021, 36.199609 ], [ 136.12454811, 36.19971595 ], [ 136.124541920000013, 36.19971889 ], [ 136.12439477, 36.19978689 ], [ 136.124441780000012, 36.19985259 ], [ 136.12447506, 36.19989844 ], [ 136.124465140000012, 36.19990305 ], [ 136.124382240000017, 36.19994161 ], [ 136.12436781, 36.19994839 ], [ 136.124359360000028, 36.19995236 ], [ 136.124259360000025, 36.19999953 ], [ 136.12425837, 36.2 ], [ 136.124203990000012, 36.20002564 ], [ 136.124183500000015, 36.20003531 ], [ 136.123896030000026, 36.20017092 ], [ 136.12388389, 36.20015105 ], [ 136.123868640000012, 36.20012311 ], [ 136.123851920000021, 36.20011133 ], [ 136.12383528, 36.20010239 ], [ 136.123821280000016, 36.20009623 ], [ 136.123802550000022, 36.20009328 ], [ 136.12377908000002, 36.20009177 ], [ 136.12375572000002, 36.20009628 ], [ 136.1237355, 36.20010636 ], [ 136.1237145, 36.20012208 ], [ 136.12369995, 36.20013456 ], [ 136.123695840000011, 36.20014656 ], [ 136.12369562, 36.20015992 ], [ 136.123700360000015, 36.20018272 ], [ 136.123712940000019, 36.20020684 ], [ 136.123734330000019, 36.2002472 ], [ 136.123405250000019, 36.20040241 ], [ 136.12338961, 36.20036684 ], [ 136.123375840000023, 36.20034905 ], [ 136.123363090000026, 36.20034005 ], [ 136.12335214, 36.20033492 ], [ 136.12333725000002, 36.20032769 ], [ 136.123323310000018, 36.20032433 ], [ 136.12329725, 36.20032428 ], [ 136.12328034, 36.20032553 ], [ 136.123269100000016, 36.20032884 ], [ 136.123253670000025, 36.20033887 ], [ 136.12323433, 36.20035033 ], [ 136.123224920000013, 36.20035853 ], [ 136.123217300000022, 36.2003695 ], [ 136.12321406, 36.20038117 ], [ 136.12321431, 36.20039592 ], [ 136.12321886, 36.20040889 ], [ 136.12323003, 36.20042597 ], [ 136.123240660000022, 36.20043922 ], [ 136.12326686000003, 36.20046769 ], [ 136.12307114, 36.20056 ], [ 136.123019470000031, 36.20048877 ], [ 136.12300319000002, 36.20049653 ], [ 136.12305484, 36.20056778 ], [ 136.123046360000018, 36.20057175 ], [ 136.12284939, 36.20066431 ], [ 136.122794030000023, 36.20058692 ], [ 136.12277669, 36.20059505 ], [ 136.122832090000031, 36.20067244 ], [ 136.122631, 36.20076686 ], [ 136.12250409, 36.20082647 ], [ 136.12218895, 36.20097444 ], [ 136.12196484, 36.20107967 ], [ 136.121944360000015, 36.20108931 ], [ 136.12183214, 36.2011372 ], [ 136.121644920000023, 36.20109484 ], [ 136.121293110000011, 36.20101608 ], [ 136.121076980000026, 36.20096822 ], [ 136.120563800000014, 36.20085336 ], [ 136.119997470000015, 36.20072772 ], [ 136.119712670000013, 36.20066397 ], [ 136.119636360000015, 36.20064689 ], [ 136.119567640000014, 36.20063131 ], [ 136.11934217000001, 36.20058023 ], [ 136.11895039, 36.20049425 ], [ 136.118948250000017, 36.20050195 ], [ 136.11889450000001, 36.20049089 ], [ 136.11889659000002, 36.20048067 ], [ 136.11887859, 36.20047684 ], [ 136.11880922, 36.20046211 ], [ 136.1188175, 36.2004318 ], [ 136.118594700000017, 36.20038805 ], [ 136.11855591, 36.20051417 ], [ 136.11877949, 36.20056592 ], [ 136.11883372, 36.20057733 ], [ 136.118976980000014, 36.20060997 ], [ 136.11907095, 36.20063041 ], [ 136.11915005000003, 36.20064847 ], [ 136.119498030000017, 36.20072584 ], [ 136.11975472, 36.20078305 ], [ 136.11982975, 36.20080005 ], [ 136.120047170000021, 36.20084828 ], [ 136.120206250000024, 36.200884 ], [ 136.120247830000011, 36.200893 ], [ 136.120491050000027, 36.20094822 ], [ 136.120799800000015, 36.20101689 ], [ 136.121029470000025, 36.20106859 ], [ 136.12129995, 36.20112839 ], [ 136.121306280000027, 36.2011298 ], [ 136.121458280000013, 36.20116356 ], [ 136.121451170000029, 36.20119605 ], [ 136.121445620000031, 36.20122008 ], [ 136.12143728, 36.2012518 ], [ 136.12143895, 36.20125633 ], [ 136.12146438, 36.20126425 ], [ 136.121660470000023, 36.20131592 ], [ 136.121709110000012, 36.20132947 ], [ 136.12172647, 36.20133533 ], [ 136.12174044, 36.20134303 ], [ 136.121755580000013, 36.20135661 ], [ 136.121788910000021, 36.20139387 ], [ 136.12181547, 36.20141953 ], [ 136.12184467, 36.20145222 ], [ 136.121899, 36.20150656 ], [ 136.12200436, 36.2016518 ], [ 136.122016160000015, 36.20168017 ], [ 136.12202986, 36.20171833 ], [ 136.12205044000001, 36.20175395 ], [ 136.122068720000016, 36.20178047 ], [ 136.12209575, 36.2018118 ], [ 136.122159360000012, 36.20187331 ], [ 136.1221727, 36.20189141 ], [ 136.12217497, 36.20189703 ], [ 136.122173770000018, 36.20190372 ], [ 136.12217175, 36.20191253 ], [ 136.122171700000024, 36.20193397 ], [ 136.12216842, 36.20194353 ], [ 136.12214056000002, 36.20196495 ], [ 136.12208861000002, 36.20199789 ], [ 136.12193075, 36.20208233 ], [ 136.12182306, 36.20212928 ], [ 136.121627860000018, 36.20221347 ], [ 136.121433170000017, 36.20229975 ], [ 136.12132348, 36.20235728 ], [ 136.1211625, 36.20243789 ], [ 136.12102564, 36.20250453 ], [ 136.120973500000019, 36.20252764 ], [ 136.120905940000029, 36.2025535 ], [ 136.12051542, 36.20273331 ], [ 136.120501830000023, 36.20273956 ], [ 136.11994261000001, 36.20301041 ], [ 136.119618340000017, 36.20316113 ], [ 136.119493840000018, 36.20324311 ], [ 136.119460050000015, 36.20326408 ], [ 136.119460700000019, 36.20328741 ], [ 136.11948781000001, 36.20332641 ], [ 136.11952222, 36.20334587 ], [ 136.119620920000017, 36.20331914 ], [ 136.120879050000013, 36.20273295 ], [ 136.12100633, 36.20267364 ], [ 136.12115681, 36.20260639 ], [ 136.121391890000012, 36.20249503 ], [ 136.12170538, 36.20234936 ], [ 136.12202525, 36.20219656 ], [ 136.12227109, 36.20205447 ], [ 136.12228017000001, 36.20205369 ], [ 136.12229066, 36.20205777 ], [ 136.12232953, 36.20211992 ], [ 136.122398980000014, 36.20221756 ], [ 136.12244647, 36.20230105 ], [ 136.12254302, 36.2024332 ], [ 136.122637810000015, 36.20256467 ], [ 136.122687720000016, 36.20263756 ], [ 136.12275489000001, 36.20273103 ], [ 136.123747200000025, 36.20411147 ], [ 136.12455691, 36.20525559 ], [ 136.12468241000002, 36.20543292 ], [ 136.124772780000029, 36.20555069 ], [ 136.12488633000001, 36.20570656 ], [ 136.124976520000018, 36.20582489 ], [ 136.125, 36.20585495 ], [ 136.125002440000031, 36.20585808 ], [ 136.12507409, 36.20594987 ], [ 136.12514442, 36.2060642 ], [ 136.125190660000015, 36.20613597 ], [ 136.125274470000022, 36.20622905 ], [ 136.125359440000011, 36.20634189 ], [ 136.12543886, 36.20645622 ], [ 136.12549064000001, 36.20653492 ], [ 136.12555878, 36.20663087 ], [ 136.125651950000019, 36.20677322 ], [ 136.12597097, 36.20720797 ], [ 136.12603328, 36.20730153 ], [ 136.126112550000016, 36.20741864 ], [ 136.126255750000013, 36.20760397 ], [ 136.12643591, 36.20784589 ], [ 136.126692610000021, 36.20820461 ], [ 136.12678109, 36.20833287 ], [ 136.12678141, 36.20833333 ], [ 136.12690949, 36.20851897 ], [ 136.127060700000015, 36.2087562 ], [ 136.127218660000011, 36.20896617 ], [ 136.12732531, 36.20908769 ], [ 136.127496910000019, 36.20925417 ], [ 136.127523450000012, 36.20928703 ], [ 136.127645030000025, 36.20944095 ], [ 136.12779244, 36.20958841 ], [ 136.12789508, 36.20970953 ], [ 136.128019560000013, 36.20984103 ], [ 136.12811134, 36.20992995 ], [ 136.128190030000013, 36.21001417 ], [ 136.128270640000011, 36.21009487 ], [ 136.1283985, 36.21021769 ], [ 136.128503330000029, 36.21032303 ], [ 136.128588910000019, 36.21041344 ], [ 136.128665380000029, 36.21047928 ], [ 136.12874431, 36.21055231 ], [ 136.1288318, 36.21064425 ], [ 136.128932890000016, 36.21075772 ], [ 136.128999220000026, 36.21083608 ], [ 136.12900542, 36.21084344 ], [ 136.129106160000021, 36.210936 ], [ 136.129172550000021, 36.211013 ], [ 136.129203610000019, 36.21104331 ], [ 136.129291240000015, 36.2111322 ], [ 136.129373390000012, 36.21120933 ], [ 136.12947639, 36.21133047 ], [ 136.12958949, 36.21144617 ], [ 136.12965209, 36.21151628 ], [ 136.129672390000025, 36.21153517 ], [ 136.129700220000018, 36.21155992 ], [ 136.12972966000001, 36.21160272 ], [ 136.129788080000026, 36.21163703 ], [ 136.129803190000018, 36.21164036 ], [ 136.12981292, 36.21164836 ], [ 136.129853450000013, 36.21169811 ], [ 136.12989355000002, 36.21174636 ], [ 136.1299907, 36.21183544 ], [ 136.130078520000012, 36.21192811 ], [ 136.13016975, 36.21202686 ], [ 136.13038555, 36.21225259 ], [ 136.13068425000003, 36.21253967 ], [ 136.13097597, 36.21284692 ], [ 136.131256690000015, 36.21313531 ], [ 136.131297610000018, 36.21318928 ], [ 136.13131608, 36.21321361 ], [ 136.13139464, 36.21316295 ], [ 136.13152070000001, 36.21329656 ], [ 136.13143761, 36.21335075 ], [ 136.13145674, 36.21336953 ], [ 136.131760970000016, 36.21366861 ], [ 136.131997520000027, 36.21390244 ], [ 136.132017080000026, 36.21392205 ], [ 136.13202805, 36.213943 ], [ 136.132048, 36.21402177 ], [ 136.132060610000025, 36.21415764 ], [ 136.13205844, 36.21421261 ], [ 136.13205306, 36.21434628 ], [ 136.13205022, 36.21436113 ], [ 136.132049140000021, 36.21437361 ], [ 136.132051410000031, 36.21442197 ], [ 136.132069780000023, 36.21453739 ], [ 136.13210564, 36.21476967 ], [ 136.13215044, 36.21498028 ], [ 136.132174920000011, 36.2151462 ], [ 136.13219392000002, 36.215364 ], [ 136.13221747, 36.21553567 ], [ 136.13221783, 36.21573831 ], [ 136.13221927, 36.21587097 ], [ 136.1322173, 36.21594525 ], [ 136.13220558, 36.21600364 ], [ 136.132182090000015, 36.21615289 ], [ 136.132169440000013, 36.21623361 ], [ 136.132168, 36.21624033 ], [ 136.1321718, 36.21629553 ], [ 136.13216839, 36.21632895 ], [ 136.132163280000015, 36.21635972 ], [ 136.13216263000001, 36.21638113 ], [ 136.13215438, 36.21640867 ], [ 136.132140890000016, 36.21645125 ], [ 136.132140780000015, 36.21645144 ], [ 136.1321317, 36.21646984 ], [ 136.13211684, 36.21649992 ], [ 136.132103700000016, 36.21652425 ], [ 136.13208837, 36.21654787 ], [ 136.132073890000015, 36.21657186 ], [ 136.13205639, 36.21660086 ], [ 136.132030510000021, 36.21663595 ], [ 136.132017780000012, 36.21665456 ], [ 136.132010190000017, 36.21666617 ], [ 136.13200988, 36.21666667 ], [ 136.13200728000001, 36.21667067 ], [ 136.13199058, 36.21669144 ], [ 136.13197302, 36.21671403 ], [ 136.13195636, 36.21673692 ], [ 136.13193795, 36.21676056 ], [ 136.131919080000017, 36.21678456 ], [ 136.131894500000016, 36.21681714 ], [ 136.131883970000018, 36.21683075 ], [ 136.131873, 36.21684508 ], [ 136.13185808, 36.21686228 ], [ 136.13182472, 36.21690097 ], [ 136.131806250000011, 36.21691711 ], [ 136.1317865, 36.21693789 ], [ 136.131763220000011, 36.21696011 ], [ 136.131727200000029, 36.21699631 ], [ 136.13170876, 36.21701495 ], [ 136.13168898, 36.21703572 ], [ 136.13167361, 36.21705113 ], [ 136.13163053, 36.21708628 ], [ 136.131611190000029, 36.21710597 ], [ 136.13159275000001, 36.21712353 ], [ 136.13158175, 36.21713608 ], [ 136.131566390000017, 36.21715469 ], [ 136.13152294, 36.21720236 ], [ 136.13149789000002, 36.21722744 ], [ 136.131486060000015, 36.21724392 ], [ 136.13147594000003, 36.21725539 ], [ 136.131447830000013, 36.21728011 ], [ 136.131428910000011, 36.21729375 ], [ 136.13141263, 36.21730631 ], [ 136.131386280000015, 36.21732639 ], [ 136.13136538, 36.21734639 ], [ 136.131328170000018, 36.21732408 ], [ 136.13132097, 36.21731867 ], [ 136.13128219, 36.21727375 ], [ 136.130606280000023, 36.2168878 ], [ 136.130576980000029, 36.21692153 ], [ 136.131303, 36.21733613 ], [ 136.13047287, 36.21824117 ], [ 136.129659, 36.21903414 ], [ 136.12791711, 36.21800578 ], [ 136.12789075, 36.21796808 ], [ 136.12744577, 36.21771417 ], [ 136.127369140000013, 36.21780025 ], [ 136.129757760000018, 36.219197 ], [ 136.129821850000013, 36.21923405 ], [ 136.130053800000013, 36.21937003 ], [ 136.130334550000015, 36.21953447 ], [ 136.130527170000022, 36.21964711 ], [ 136.13076167, 36.21978441 ], [ 136.130924640000018, 36.21988 ], [ 136.131077760000011, 36.21996841 ], [ 136.131139640000015, 36.21990053 ], [ 136.131135140000026, 36.21989656 ], [ 136.131218500000017, 36.21985753 ], [ 136.13122608, 36.21985397 ], [ 136.1312327, 36.21985072 ], [ 136.131236550000011, 36.21984905 ], [ 136.13123733, 36.21984872 ], [ 136.131256520000022, 36.21984467 ], [ 136.13133842000002, 36.21982744 ], [ 136.131409030000015, 36.21987597 ], [ 136.13152267000001, 36.2199288 ], [ 136.13161438, 36.21997759 ], [ 136.13175664000002, 36.22005041 ], [ 136.131878, 36.22011153 ], [ 136.132001850000023, 36.22017061 ], [ 136.132123190000016, 36.22022675 ], [ 136.13221572, 36.22026825 ], [ 136.132420310000015, 36.22035108 ], [ 136.132468690000024, 36.22037108 ], [ 136.13263462, 36.22043239 ], [ 136.13272584, 36.22046253 ], [ 136.132848220000028, 36.22049789 ], [ 136.132913090000017, 36.22051728 ], [ 136.13299752, 36.2205425 ], [ 136.133127810000019, 36.22057536 ], [ 136.13321586, 36.22059461 ], [ 136.133261730000015, 36.22060325 ], [ 136.133308809999988, 36.22061286 ], [ 136.133333330000028, 36.22061722 ], [ 136.133335860000017, 36.22061767 ], [ 136.133408440000011, 36.22063056 ], [ 136.13347988000001, 36.22064375 ], [ 136.13352519, 36.22065214 ], [ 136.13358936000003, 36.22066164 ], [ 136.13364986000002, 36.2206692 ], [ 136.13365117, 36.22066933 ], [ 136.133733450000022, 36.22067944 ], [ 136.133834090000022, 36.22069286 ], [ 136.133923870000018, 36.22070487 ], [ 136.13401905, 36.22071389 ], [ 136.134088110000022, 36.22071917 ], [ 136.134179100000011, 36.22072603 ], [ 136.134262530000029, 36.22073217 ], [ 136.13435494, 36.22073461 ], [ 136.134471850000011, 36.22073617 ], [ 136.13456431, 36.22073714 ], [ 136.13464672, 36.22073522 ], [ 136.134710800000022, 36.22074553 ], [ 136.134725620000012, 36.22075117 ], [ 136.13473464, 36.22075892 ], [ 136.134753640000014, 36.22077613 ], [ 136.13476097, 36.2207842 ], [ 136.13477608, 36.22080359 ], [ 136.13480353, 36.22083286 ], [ 136.134897200000012, 36.22097059 ], [ 136.1349175, 36.22101311 ], [ 136.13493603, 36.22106153 ], [ 136.134950950000018, 36.2211085 ], [ 136.13496791, 36.22118931 ], [ 136.134981360000012, 36.22127744 ], [ 136.13498934, 36.22136417 ], [ 136.134999100000016, 36.22144941 ], [ 136.134999490000013, 36.22146667 ], [ 136.134997890000022, 36.22161756 ], [ 136.13499791000001, 36.22164492 ], [ 136.134997950000013, 36.22166877 ], [ 136.135003650000016, 36.22183922 ], [ 136.13500319000002, 36.22200695 ], [ 136.13499689, 36.22218384 ], [ 136.134976450000011, 36.22234267 ], [ 136.13492869000001, 36.2225692 ], [ 136.134874920000016, 36.22274877 ], [ 136.134806520000012, 36.22293484 ], [ 136.134732970000016, 36.22311956 ], [ 136.134688250000011, 36.22322433 ], [ 136.134635840000016, 36.22333936 ], [ 136.13460403000002, 36.22340928 ], [ 136.134563090000029, 36.22349372 ], [ 136.13453949, 36.2235365 ], [ 136.13451258, 36.22358008 ], [ 136.134462500000012, 36.22366677 ], [ 136.13437589, 36.2238092 ], [ 136.134338469999989, 36.22386323 ], [ 136.13426623, 36.22396203 ], [ 136.134225330000021, 36.22401308 ], [ 136.13417942, 36.22405231 ], [ 136.13413309, 36.22409192 ], [ 136.13408031, 36.2241388 ], [ 136.134032870000027, 36.2241822 ], [ 136.13398195000002, 36.22422247 ], [ 136.13393586, 36.22425911 ], [ 136.133886140000016, 36.22429356 ], [ 136.133835940000012, 36.22432397 ], [ 136.13374633, 36.22436997 ], [ 136.133689250000032, 36.22438828 ], [ 136.13366384, 36.22439317 ], [ 136.13363616, 36.2243955 ], [ 136.133598, 36.22439456 ], [ 136.133540270000026, 36.22438747 ], [ 136.133486230000017, 36.22437847 ], [ 136.133484360000011, 36.22437814 ], [ 136.13344475, 36.22437189 ], [ 136.133486060000024, 36.22427425 ], [ 136.133489030000021, 36.2242672 ], [ 136.13348603, 36.22426295 ], [ 136.13345834, 36.22422372 ], [ 136.13346691000001, 36.22422 ], [ 136.133335860000017, 36.22405461 ], [ 136.133333330000028, 36.22405141 ], [ 136.13326311000003, 36.2239628 ], [ 136.13298939, 36.22385692 ], [ 136.13291949, 36.22379153 ], [ 136.13289647000002, 36.22381113 ], [ 136.13297326, 36.22388108 ], [ 136.13298053, 36.22388364 ], [ 136.13324144, 36.22398551 ], [ 136.133333330000028, 36.22410341 ], [ 136.133335860000017, 36.22410667 ], [ 136.133463190000015, 36.22427005 ], [ 136.13335455, 36.22452261 ], [ 136.133335860000017, 36.22451747 ], [ 136.133333330000028, 36.22451677 ], [ 136.13301966, 36.22443064 ], [ 136.132917760000026, 36.22440567 ], [ 136.132954470000016, 36.2243168 ], [ 136.13242888000002, 36.22416777 ], [ 136.132544940000031, 36.22384495 ], [ 136.13254756, 36.2238355 ], [ 136.13254795, 36.22382464 ], [ 136.13254769, 36.22370984 ], [ 136.132546640000015, 36.22370669 ], [ 136.132546140000017, 36.22369728 ], [ 136.132533450000011, 36.22369731 ], [ 136.132531920000019, 36.22369611 ], [ 136.13253097, 36.22369133 ], [ 136.1325275, 36.22364536 ], [ 136.13252655, 36.22364095 ], [ 136.132522920000014, 36.22363656 ], [ 136.132515620000021, 36.22363253 ], [ 136.132504250000011, 36.22363075 ], [ 136.13246519, 36.22363128 ], [ 136.13244523, 36.22363505 ], [ 136.132437110000012, 36.22364097 ], [ 136.13242944000001, 36.22365059 ], [ 136.132421830000027, 36.2236668 ], [ 136.13241267, 36.22372095 ], [ 136.13241258, 36.22377575 ], [ 136.132413220000018, 36.22380444 ], [ 136.132410640000018, 36.22382361 ], [ 136.132405280000029, 36.22383872 ], [ 136.132351340000014, 36.22398653 ], [ 136.132298080000027, 36.22410413 ], [ 136.13229411, 36.22411778 ], [ 136.132294230000014, 36.22413656 ], [ 136.132299390000014, 36.22416044 ], [ 136.132301750000011, 36.22417331 ], [ 136.132300969999989, 36.22419133 ], [ 136.132298030000015, 36.22422595 ], [ 136.13228575, 36.22429003 ], [ 136.132273890000022, 36.22430159 ], [ 136.13226236, 36.22430684 ], [ 136.13224567, 36.224309 ], [ 136.132205230000011, 36.22431023 ], [ 136.13209669, 36.22431175 ], [ 136.132083220000027, 36.22431441 ], [ 136.132059530000021, 36.22432597 ], [ 136.132041030000011, 36.22434269 ], [ 136.13200272, 36.22437669 ], [ 136.13198861, 36.22438197 ], [ 136.131969360000028, 36.22438361 ], [ 136.131949490000011, 36.22438197 ], [ 136.131935140000024, 36.22437731 ], [ 136.131925620000032, 36.22437184 ], [ 136.131915280000015, 36.224362 ], [ 136.13190506, 36.22435323 ], [ 136.131900120000012, 36.22435217 ], [ 136.13189519, 36.2243518 ], [ 136.131890270000014, 36.224354 ], [ 136.131874720000013, 36.22436931 ], [ 136.131865810000022, 36.22437297 ], [ 136.13185497, 36.2243732 ], [ 136.13184852, 36.22437008 ], [ 136.13183486, 36.22436153 ], [ 136.13182047, 36.22435105 ], [ 136.131804330000023, 36.22434533 ], [ 136.1317918, 36.22434322 ], [ 136.13175523000001, 36.22434033 ], [ 136.131722390000022, 36.22433664 ], [ 136.131713890000015, 36.22433522 ], [ 136.13170506, 36.22433222 ], [ 136.1316928, 36.22432603 ], [ 136.131679800000029, 36.22432161 ], [ 136.13166769, 36.22432128 ], [ 136.13165611, 36.22432605 ], [ 136.13161464, 36.2243498 ], [ 136.131609340000011, 36.22435853 ], [ 136.131607590000016, 36.22436761 ], [ 136.13160898000001, 36.22437559 ], [ 136.131612170000011, 36.22438097 ], [ 136.131620310000017, 36.22439584 ], [ 136.1316208, 36.22440561 ], [ 136.13161728, 36.22441433 ], [ 136.131607520000017, 36.22442597 ], [ 136.131595080000011, 36.22444161 ], [ 136.13158489, 36.22445725 ], [ 136.131576500000023, 36.22447251 ], [ 136.13157078, 36.22448847 ], [ 136.131564110000028, 36.224508 ], [ 136.131555720000023, 36.22455172 ], [ 136.13155409, 36.22456747 ], [ 136.131555060000011, 36.22458356 ], [ 136.131556890000013, 36.22459928 ], [ 136.13156261, 36.22462092 ], [ 136.131582410000021, 36.22468305 ], [ 136.131589420000012, 36.2246998 ], [ 136.131595500000032, 36.22471203 ], [ 136.13160248, 36.22472108 ], [ 136.131611140000018, 36.22473014 ], [ 136.131631530000021, 36.22474544 ], [ 136.13165014, 36.22475867 ], [ 136.13166616, 36.22476908 ], [ 136.131689100000017, 36.22478123 ], [ 136.13171202, 36.22478986 ], [ 136.131776840000015, 36.22480541 ], [ 136.13180234, 36.22481156 ], [ 136.131815280000012, 36.22481603 ], [ 136.131823090000012, 36.22482161 ], [ 136.131831340000019, 36.22482997 ], [ 136.13183484000001, 36.22483728 ], [ 136.13183616, 36.22484392 ], [ 136.131834920000017, 36.22485303 ], [ 136.13183239, 36.22486105 ], [ 136.131828110000015, 36.22486739 ], [ 136.131798560000021, 36.22490525 ], [ 136.131795580000016, 36.22491295 ], [ 136.131794750000012, 36.22491995 ], [ 136.13179484, 36.22493147 ], [ 136.13179492, 36.22494441 ], [ 136.131794110000016, 36.22495595 ], [ 136.131789030000022, 36.2249682 ], [ 136.131774470000011, 36.22498561 ], [ 136.131763310000025, 36.2249995 ], [ 136.13176292, 36.225 ], [ 136.131757760000028, 36.22500641 ], [ 136.13174917, 36.22501556 ], [ 136.131743160000013, 36.22502292 ], [ 136.13174064, 36.22502922 ], [ 136.131741120000015, 36.22503553 ], [ 136.131742, 36.22504286 ], [ 136.131746350000014, 36.22504984 ], [ 136.13175591000001, 36.22505853 ], [ 136.13176239, 36.22506236 ], [ 136.13178922, 36.22507484 ], [ 136.13179789000003, 36.22508003 ], [ 136.13182956, 36.22511208 ], [ 136.131836060000012, 36.22511625 ], [ 136.13184472, 36.22512075 ], [ 136.131853800000016, 36.2251235 ], [ 136.13186934, 36.22512556 ], [ 136.131886590000022, 36.22512477 ], [ 136.13195214000001, 36.22512033 ], [ 136.131963360000015, 36.22512203 ], [ 136.13197462, 36.2251255 ], [ 136.131982390000019, 36.22512967 ], [ 136.13199713, 36.22514359 ], [ 136.13200494000003, 36.22515125 ], [ 136.13213436, 36.22529441 ], [ 136.132136980000013, 36.22529895 ], [ 136.132137, 36.22530313 ], [ 136.132110610000012, 36.22536336 ], [ 136.132107170000012, 36.22536584 ], [ 136.132103310000019, 36.22536831 ], [ 136.13209988, 36.22537111 ], [ 136.132097760000022, 36.22537531 ], [ 136.132095640000017, 36.22538405 ], [ 136.13209353000002, 36.22539 ], [ 136.132090080000012, 36.22539387 ], [ 136.132082780000019, 36.22539808 ], [ 136.132067300000017, 36.22540759 ], [ 136.13206258, 36.22541389 ], [ 136.13205964, 36.22542089 ], [ 136.13205966000001, 36.22542964 ], [ 136.132072390000019, 36.22553517 ], [ 136.13207248, 36.2255502 ], [ 136.13207258, 36.22556836 ], [ 136.13207326, 36.22561136 ], [ 136.13206655, 36.22564425 ], [ 136.132064860000014, 36.2256495 ], [ 136.132064470000017, 36.22565789 ], [ 136.132066690000016, 36.22566664 ], [ 136.13207148, 36.22567256 ], [ 136.13207756, 36.22567705 ], [ 136.132097890000011, 36.22568923 ], [ 136.132103090000015, 36.22569339 ], [ 136.13210655, 36.22569897 ], [ 136.13210706000001, 36.22570456 ], [ 136.13210623, 36.22570944 ], [ 136.132104090000013, 36.225714 ], [ 136.13208219, 36.22573439 ], [ 136.132077470000013, 36.22573964 ], [ 136.132075360000016, 36.22574595 ], [ 136.13207455, 36.22575364 ], [ 136.13207589000001, 36.22576203 ], [ 136.13208025, 36.22577108 ], [ 136.132102870000011, 36.22580072 ], [ 136.132108500000015, 36.2258042 ], [ 136.13211411, 36.22580556 ], [ 136.13212316000002, 36.22580484 ], [ 136.132136520000017, 36.22580267 ], [ 136.13214431, 36.22580333 ], [ 136.132159, 36.22580853 ], [ 136.132166360000014, 36.22581269 ], [ 136.13221058000002, 36.22584853 ], [ 136.13224134, 36.22587008 ], [ 136.132261700000015, 36.2258805 ], [ 136.13229542, 36.22589505 ], [ 136.13233949, 36.22591061 ], [ 136.13235205, 36.2259158 ], [ 136.132360270000021, 36.22592067 ], [ 136.13237375, 36.22593389 ], [ 136.13239589, 36.22596072 ], [ 136.132402870000021, 36.22597259 ], [ 136.132408110000029, 36.22598514 ], [ 136.132412500000015, 36.22599841 ], [ 136.132415620000017, 36.22601239 ], [ 136.13242403000001, 36.22604661 ], [ 136.13242711, 36.22605814 ], [ 136.13243148, 36.22606686 ], [ 136.13243756, 36.22607417 ], [ 136.1324445, 36.22607975 ], [ 136.13245489000002, 36.22608705 ], [ 136.132485620000011, 36.22610056 ], [ 136.13249428, 36.22610611 ], [ 136.132504230000023, 36.22611411 ], [ 136.13251377, 36.22612667 ], [ 136.13251947, 36.22613853 ], [ 136.13255620000001, 36.22622159 ], [ 136.13256236, 36.226238 ], [ 136.132566740000016, 36.22625369 ], [ 136.132569440000026, 36.22626905 ], [ 136.132570860000016, 36.22629003 ], [ 136.132567130000012, 36.22631803 ], [ 136.132555360000026, 36.22636875 ], [ 136.132536110000018, 36.22646705 ], [ 136.1325055, 36.22661608 ], [ 136.132506010000014, 36.22662728 ], [ 136.13250822, 36.22663811 ], [ 136.13251345, 36.22664859 ], [ 136.132547720000019, 36.22668095 ], [ 136.13255555, 36.22668967 ], [ 136.13256078, 36.22669839 ], [ 136.132566030000021, 36.22671197 ], [ 136.132569580000023, 36.22672911 ], [ 136.132571860000013, 36.22675078 ], [ 136.13258263, 36.2268888 ], [ 136.132585280000029, 36.22697131 ], [ 136.13258667, 36.22700472 ], [ 136.132588270000014, 36.22704295 ], [ 136.132589140000022, 36.22705536 ], [ 136.13259725, 36.22717192 ], [ 136.132579640000017, 36.22723313 ], [ 136.132568750000019, 36.22729239 ], [ 136.132564920000021, 36.22737375 ], [ 136.13256453, 36.22744356 ], [ 136.132556830000027, 36.22752944 ], [ 136.13254742, 36.22763347 ], [ 136.132535420000011, 36.22772423 ], [ 136.132538, 36.22774517 ], [ 136.132542340000015, 36.22775951 ], [ 136.132547500000015, 36.2277682 ], [ 136.13255783, 36.22777413 ], [ 136.132573330000014, 36.22777831 ], [ 136.132628440000019, 36.22777447 ], [ 136.13264781, 36.22777759 ], [ 136.132662, 36.22778317 ], [ 136.1326702, 36.22779084 ], [ 136.13267966, 36.22780725 ], [ 136.13268756, 36.22782067 ], [ 136.132688300000012, 36.22782192 ], [ 136.132696060000029, 36.22782853 ], [ 136.13270209, 36.22783203 ], [ 136.13271713, 36.22783167 ], [ 136.132779100000022, 36.22782989 ], [ 136.13279419, 36.22783164 ], [ 136.132807110000016, 36.22783653 ], [ 136.132812700000017, 36.22784244 ], [ 136.132813990000017, 36.22785189 ], [ 136.132811850000024, 36.2278648 ], [ 136.132813160000012, 36.227877 ], [ 136.13283297000001, 36.22790389 ], [ 136.1328528, 36.22791925 ], [ 136.13285969, 36.22792097 ], [ 136.132867, 36.22792133 ], [ 136.132879920000022, 36.22791503 ], [ 136.13290056, 36.22790908 ], [ 136.13291092, 36.22791084 ], [ 136.132917780000014, 36.22791431 ], [ 136.132926420000018, 36.22792689 ], [ 136.1329445, 36.22795933 ], [ 136.132981120000011, 36.22799459 ], [ 136.13298586, 36.22800469 ], [ 136.13298545, 36.22801308 ], [ 136.132981560000019, 36.22802111 ], [ 136.13297725000001, 36.22803125 ], [ 136.132977690000018, 36.22803997 ], [ 136.13297942, 36.22804939 ], [ 136.13298764000001, 36.22805741 ], [ 136.132995810000011, 36.22806056 ], [ 136.13300141000002, 36.22805917 ], [ 136.13301689, 36.22804064 ], [ 136.13302163000003, 36.22804133 ], [ 136.13302553, 36.22804695 ], [ 136.1330475, 36.2280958 ], [ 136.133067760000017, 36.22814361 ], [ 136.133095770000011, 36.2281928 ], [ 136.13312034, 36.22823575 ], [ 136.13314189, 36.22828705 ], [ 136.133163020000012, 36.22834639 ], [ 136.13316905, 36.22837851 ], [ 136.1331725, 36.22840013 ], [ 136.133168660000024, 36.22842108 ], [ 136.133159200000023, 36.22844169 ], [ 136.13313942000002, 36.22848497 ], [ 136.133105030000024, 36.22854503 ], [ 136.13307319, 36.22860997 ], [ 136.13304438, 36.22865295 ], [ 136.13301472, 36.22870041 ], [ 136.13298183, 36.22874911 ], [ 136.132943360000013, 36.2288252 ], [ 136.132932310000029, 36.22884831 ], [ 136.132918610000019, 36.22887069 ], [ 136.132880250000028, 36.22892005 ], [ 136.132846740000019, 36.2289602 ], [ 136.13281939, 36.22899608 ], [ 136.1327828, 36.22903905 ], [ 136.13274353, 36.22909803 ], [ 136.13272717000001, 36.22913039 ], [ 136.13270326, 36.229188 ], [ 136.13265103, 36.22930141 ], [ 136.13263737, 36.22931811 ], [ 136.13262462, 36.22932556 ], [ 136.132608370000014, 36.22933013 ], [ 136.13259475000001, 36.22932972 ], [ 136.13257722, 36.22932613 ], [ 136.13254239, 36.22931225 ], [ 136.13253253000002, 36.22931031 ], [ 136.132519800000011, 36.22931044 ], [ 136.13250861, 36.22931244 ], [ 136.132495580000011, 36.22931736 ], [ 136.13247856000001, 36.22933011 ], [ 136.13245501, 36.22934817 ], [ 136.132447470000017, 36.22935664 ], [ 136.132441280000023, 36.22936728 ], [ 136.132433110000022, 36.22937897 ], [ 136.13242822, 36.22939008 ], [ 136.13242431, 36.22940028 ], [ 136.132424970000017, 36.22941286 ], [ 136.132426620000018, 36.22942436 ], [ 136.132431560000015, 36.22943405 ], [ 136.132449300000019, 36.22945897 ], [ 136.132482970000012, 36.22948975 ], [ 136.13249711, 36.22949964 ], [ 136.13252158, 36.22952284 ], [ 136.132541240000023, 36.22954211 ], [ 136.132550800000018, 36.22956351 ], [ 136.132563480000016, 36.22958097 ], [ 136.13258711, 36.22959597 ], [ 136.13260506, 36.22960456 ], [ 136.132624360000023, 36.22960961 ], [ 136.13263706, 36.22961069 ], [ 136.132656810000015, 36.22960756 ], [ 136.13267438, 36.2296058 ], [ 136.132683550000024, 36.22961153 ], [ 136.13268659000002, 36.22962328 ], [ 136.13268477, 36.22963608 ], [ 136.132679470000028, 36.22964925 ], [ 136.132671970000018, 36.22965992 ], [ 136.13266973, 36.22967272 ], [ 136.13266837, 36.22968695 ], [ 136.132668270000011, 36.22970761 ], [ 136.13266601, 36.22972503 ], [ 136.13265795, 36.22975914 ], [ 136.132654420000023, 36.22977411 ], [ 136.132646810000011, 36.22980544 ], [ 136.132643670000022, 36.22982714 ], [ 136.132637860000017, 36.22984956 ], [ 136.132631700000019, 36.22986164 ], [ 136.13261798000002, 36.229889 ], [ 136.132609950000017, 36.22990222 ], [ 136.13260825, 36.229905 ], [ 136.13260075, 36.22991317 ], [ 136.13258406, 36.22992239 ], [ 136.13255942, 36.22993656 ], [ 136.13253477, 36.22995641 ], [ 136.13251983, 36.229961 ], [ 136.132496130000021, 36.22996236 ], [ 136.13246589000002, 36.22995872 ], [ 136.13243341, 36.22995936 ], [ 136.13241234, 36.22996217 ], [ 136.132403110000013, 36.22996428 ], [ 136.132399140000018, 36.22997136 ], [ 136.132396450000016, 36.22998811 ], [ 136.13239805, 36.23002192 ], [ 136.132394940000012, 36.23003687 ], [ 136.13239708, 36.23004897 ], [ 136.13240317, 36.23006039 ], [ 136.132414110000013, 36.23006931 ], [ 136.132428590000018, 36.23007147 ], [ 136.13243825, 36.23006828 ], [ 136.13244703, 36.23006689 ], [ 136.13245889, 36.23006656 ], [ 136.132470250000011, 36.23007336 ], [ 136.13247942000001, 36.23008478 ], [ 136.13248156, 36.23009689 ], [ 136.132481480000024, 36.23012286 ], [ 136.132468610000018, 36.23015417 ], [ 136.132460190000018, 36.23017692 ], [ 136.132443800000033, 36.23021069 ], [ 136.132427, 36.23024695 ], [ 136.132400510000025, 36.23028747 ], [ 136.13238772, 36.23030239 ], [ 136.132378910000028, 36.23031056 ], [ 136.13237331000002, 36.23031369 ], [ 136.132367500000015, 36.23031692 ], [ 136.132339800000011, 36.23032647 ], [ 136.13230861, 36.23034061 ], [ 136.132297610000023, 36.23034595 ], [ 136.13229365, 36.23035125 ], [ 136.132290080000018, 36.23036231 ], [ 136.13228608, 36.230379 ], [ 136.1322825, 36.23039536 ], [ 136.13226355, 36.23041489 ], [ 136.13224066, 36.23043228 ], [ 136.1322235, 36.23044575 ], [ 136.132200220000016, 36.23045284 ], [ 136.13217345000001, 36.23045631 ], [ 136.13214844, 36.23045695 ], [ 136.13213263, 36.23045692 ], [ 136.132036130000017, 36.23044884 ], [ 136.132012020000019, 36.23044628 ], [ 136.131998440000018, 36.23044161 ], [ 136.13199189, 36.230432 ], [ 136.13196825, 36.23031484 ], [ 136.1319138, 36.23031967 ], [ 136.131919340000024, 36.23036559 ], [ 136.13189345, 36.23036695 ], [ 136.131874940000017, 36.23038256 ], [ 136.13185034, 36.23039567 ], [ 136.131821340000016, 36.23040522 ], [ 136.13181789, 36.23040647 ], [ 136.131806830000016, 36.23041051 ], [ 136.13178224, 36.23041756 ], [ 136.13175458, 36.2304232 ], [ 136.13172431000001, 36.23042384 ], [ 136.131665500000025, 36.23042508 ], [ 136.131640950000019, 36.23042539 ], [ 136.13162908000001, 36.23042641 ], [ 136.13161326, 36.23043636 ], [ 136.131599170000015, 36.23044951 ], [ 136.13158464, 36.23045764 ], [ 136.131564890000021, 36.23046222 ], [ 136.131545580000022, 36.23046431 ], [ 136.131529340000014, 36.23046425 ], [ 136.131513550000022, 36.23046244 ], [ 136.131496450000014, 36.23045884 ], [ 136.13147669, 36.23046056 ], [ 136.13142883, 36.23047147 ], [ 136.131415190000013, 36.2304782 ], [ 136.131407280000019, 36.23048564 ], [ 136.131403310000024, 36.23049347 ], [ 136.131403260000013, 36.23050344 ], [ 136.13140453, 36.23051305 ], [ 136.131406670000018, 36.23052836 ], [ 136.13140572, 36.23054653 ], [ 136.131403450000022, 36.23056467 ], [ 136.131399440000024, 36.23057889 ], [ 136.13138883, 36.23060092 ], [ 136.13138261, 36.23061695 ], [ 136.13138167, 36.23063936 ], [ 136.131388, 36.2306988 ], [ 136.131388340000029, 36.23072125 ], [ 136.131390440000018, 36.23074403 ], [ 136.131399110000018, 36.23077039 ], [ 136.13140647, 36.23079925 ], [ 136.131409030000015, 36.23081741 ], [ 136.131414230000019, 36.23083167 ], [ 136.131426010000013, 36.23084805 ], [ 136.13144219000003, 36.23086341 ], [ 136.13145750000001, 36.2308752 ], [ 136.131480440000018, 36.23088717 ], [ 136.13149253, 36.23089375 ], [ 136.131498810000011, 36.23089995 ], [ 136.131500140000014, 36.2309065 ], [ 136.131498780000015, 36.23091411 ], [ 136.13149202, 36.2309232 ], [ 136.13147759, 36.23093839 ], [ 136.131454030000015, 36.23096344 ], [ 136.13142414, 36.2309932 ], [ 136.13139750000002, 36.23100875 ], [ 136.131380340000021, 36.23101814 ], [ 136.131346520000022, 36.23102859 ], [ 136.13127713, 36.23105159 ], [ 136.131262670000012, 36.23105992 ], [ 136.13125545, 36.23106533 ], [ 136.131253140000013, 36.23107261 ], [ 136.13125309, 36.23107992 ], [ 136.131277690000019, 36.23115853 ], [ 136.13127895, 36.2311738 ], [ 136.131279730000017, 36.23119603 ], [ 136.131277760000017, 36.23122036 ], [ 136.13126589, 36.23124364 ], [ 136.131246810000022, 36.23127308 ], [ 136.13124134, 36.23128689 ], [ 136.131240780000013, 36.23130111 ], [ 136.13124961, 36.23132123 ], [ 136.131265160000027, 36.23135044 ], [ 136.131286520000032, 36.23138225 ], [ 136.13129942, 36.23140564 ], [ 136.13130197000001, 36.23141261 ], [ 136.131305140000023, 36.23142133 ], [ 136.131303670000023, 36.23144175 ], [ 136.13128986000001, 36.23148505 ], [ 136.131263860000018, 36.23153961 ], [ 136.13118925, 36.23166214 ], [ 136.13108309, 36.2317958 ], [ 136.13106725, 36.23181247 ], [ 136.131058200000012, 36.23181756 ], [ 136.131048750000019, 36.23181933 ], [ 136.13104114, 36.23181528 ], [ 136.131020510000013, 36.23180753 ], [ 136.131009730000017, 36.23180567 ], [ 136.13099263, 36.23180633 ], [ 136.130987640000029, 36.23181139 ], [ 136.13098761, 36.23181761 ], [ 136.130993390000015, 36.23182711 ], [ 136.131028140000012, 36.23187136 ], [ 136.131031220000011, 36.23188269 ], [ 136.131030270000025, 36.23189033 ], [ 136.131023020000015, 36.23189759 ], [ 136.13100681, 36.23190189 ], [ 136.13099195, 36.23190328 ], [ 136.13097847, 36.23190214 ], [ 136.13093856, 36.23188628 ], [ 136.130904030000011, 36.23187189 ], [ 136.13089326, 36.23187039 ], [ 136.13088467, 36.23187253 ], [ 136.13087927, 36.23187469 ], [ 136.130877890000022, 36.23187944 ], [ 136.130878270000011, 36.23188564 ], [ 136.130881860000017, 36.23189147 ], [ 136.13090827000002, 36.23190764 ], [ 136.13092616, 36.23192195 ], [ 136.13092927, 36.23192778 ], [ 136.130924250000021, 36.23194053 ], [ 136.130904690000023, 36.23196959 ], [ 136.13089969, 36.23197686 ], [ 136.130892440000025, 36.23198703 ], [ 136.130885620000015, 36.23199759 ], [ 136.130876590000014, 36.23200372 ], [ 136.13086711, 36.23200697 ], [ 136.1308545, 36.23200836 ], [ 136.1308482, 36.23201236 ], [ 136.130844110000027, 36.23201672 ], [ 136.130844530000019, 36.23202072 ], [ 136.130846250000019, 36.2320302 ], [ 136.13084577, 36.23203567 ], [ 136.130841700000019, 36.23204075 ], [ 136.130833990000014, 36.23204584 ], [ 136.130829030000029, 36.232052 ], [ 136.13082581, 36.23205964 ], [ 136.130823970000023, 36.23206911 ], [ 136.130823, 36.23207675 ], [ 136.130820700000015, 36.23208403 ], [ 136.130815720000015, 36.23208947 ], [ 136.13080492, 36.23209125 ], [ 136.130791410000029, 36.23209008 ], [ 136.1307802, 36.23208677 ], [ 136.130773480000016, 36.232086 ], [ 136.130769690000022, 36.23208741 ], [ 136.130767610000021, 36.23208889 ], [ 136.130766280000017, 36.23209108 ], [ 136.130762630000021, 36.23209722 ], [ 136.130758500000013, 36.23210417 ], [ 136.130746250000016, 36.23211905 ], [ 136.130741700000016, 36.23212961 ], [ 136.13073645, 36.23217259 ], [ 136.13073361, 36.23219156 ], [ 136.130729, 36.2322072 ], [ 136.130721310000013, 36.23221664 ], [ 136.13070817000002, 36.23222897 ], [ 136.130689170000011, 36.23224456 ], [ 136.13068056, 36.23225692 ], [ 136.13067601, 36.232262 ], [ 136.130671580000012, 36.23226978 ], [ 136.13066769, 36.23227867 ], [ 136.130663380000016, 36.23228939 ], [ 136.130657470000017, 36.23229844 ], [ 136.13064639000001, 36.23231617 ], [ 136.130628270000017, 36.23233613 ], [ 136.130607860000026, 36.23236011 ], [ 136.130591970000012, 36.23238153 ], [ 136.130572890000025, 36.23241133 ], [ 136.13055745, 36.23243169 ], [ 136.13054564, 36.23244803 ], [ 136.13052769, 36.23246536 ], [ 136.130521190000024, 36.23247161 ], [ 136.130515770000017, 36.23247413 ], [ 136.130507670000014, 36.23247631 ], [ 136.13049597, 36.23247733 ], [ 136.13048472, 36.23247803 ], [ 136.130477980000023, 36.23247944 ], [ 136.130473890000019, 36.23248272 ], [ 136.13047025, 36.23248925 ], [ 136.130467470000013, 36.23249908 ], [ 136.130464280000012, 36.23250856 ], [ 136.13045791, 36.23251617 ], [ 136.130445720000012, 36.23252413 ], [ 136.13042406, 36.23253389 ], [ 136.130401950000021, 36.2325458 ], [ 136.13038703, 36.23255522 ], [ 136.130367760000013, 36.23256775 ], [ 136.13035542, 36.23257403 ], [ 136.1303392, 36.23257941 ], [ 136.130320970000014, 36.232582 ], [ 136.130306780000012, 36.23258403 ], [ 136.130293280000018, 36.23258541 ], [ 136.13025822000003, 36.23258417 ], [ 136.130233940000011, 36.23257967 ], [ 136.13020659, 36.23256897 ], [ 136.13019005000001, 36.23255361 ], [ 136.13017713, 36.23253495 ], [ 136.130169170000016, 36.23251889 ], [ 136.130159780000014, 36.23251117 ], [ 136.130141830000014, 36.23250308 ], [ 136.13013197, 36.23249792 ], [ 136.13011717, 36.23249531 ], [ 136.130103670000011, 36.23249597 ], [ 136.130091030000017, 36.23250356 ], [ 136.13007927000001, 36.23251008 ], [ 136.130062580000015, 36.23251947 ], [ 136.130050360000013, 36.23252708 ], [ 136.1300328, 36.23253356 ], [ 136.130023750000021, 36.23254008 ], [ 136.130016940000019, 36.23254989 ], [ 136.130010140000024, 36.23255533 ], [ 136.130005160000024, 36.23255969 ], [ 136.12999027, 36.23256764 ], [ 136.12998711, 36.2325698 ], [ 136.1299835, 36.23257417 ], [ 136.129983, 36.23258 ], [ 136.129986520000017, 36.23258911 ], [ 136.12999761, 36.23261141 ], [ 136.13000789000003, 36.23262347 ], [ 136.130023500000021, 36.23263887 ], [ 136.13003333, 36.23265131 ], [ 136.13004, 36.23266192 ], [ 136.13004263000002, 36.23266995 ], [ 136.130043410000013, 36.23268708 ], [ 136.13004733, 36.23270677 ], [ 136.130046350000015, 36.2327188 ], [ 136.13004178, 36.23273153 ], [ 136.13003586, 36.23273989 ], [ 136.13002136, 36.23275441 ], [ 136.130012780000015, 36.23276167 ], [ 136.12998837, 36.23277941 ], [ 136.12996394000001, 36.23279897 ], [ 136.129946300000029, 36.23281203 ], [ 136.129929590000017, 36.23282289 ], [ 136.1299093, 36.23283156 ], [ 136.12988361, 36.23283908 ], [ 136.129864700000013, 36.23284372 ], [ 136.129836300000022, 36.23284908 ], [ 136.129827300000017, 36.23285378 ], [ 136.129813330000019, 36.23285592 ], [ 136.12979445000002, 36.23285692 ], [ 136.129780950000026, 36.23285575 ], [ 136.12976925000001, 36.23285641 ], [ 136.129759800000016, 36.23285895 ], [ 136.12975031000002, 36.23286544 ], [ 136.12973947, 36.23287269 ], [ 136.12971195, 36.23288569 ], [ 136.129691630000025, 36.23289325 ], [ 136.129641670000012, 36.23290105 ], [ 136.12960834, 36.23290856 ], [ 136.129556550000018, 36.23291853 ], [ 136.12953314, 36.23291953 ], [ 136.129513800000012, 36.23291978 ], [ 136.129498970000014, 36.232919 ], [ 136.129481, 36.23291564 ], [ 136.12946258, 36.23291189 ], [ 136.129443720000012, 36.23291072 ], [ 136.1294293, 36.23291103 ], [ 136.129411750000031, 36.23291423 ], [ 136.12939236, 36.23292141 ], [ 136.12937795000002, 36.23292684 ], [ 136.129359920000013, 36.23293075 ], [ 136.129338780000012, 36.23293211 ], [ 136.12931355, 36.23293564 ], [ 136.129300050000012, 36.23293851 ], [ 136.12929372, 36.23294211 ], [ 136.129289200000017, 36.23294647 ], [ 136.129281, 36.232961 ], [ 136.12927278, 36.23297884 ], [ 136.12926636, 36.23299595 ], [ 136.12925725, 36.23301559 ], [ 136.129247640000017, 36.23303705 ], [ 136.129235380000011, 36.23305487 ], [ 136.129230170000028, 36.23305987 ], [ 136.129221340000015, 36.23306828 ], [ 136.12920781, 36.23307661 ], [ 136.12916669, 36.23310156 ], [ 136.129149080000019, 36.23311133 ], [ 136.12912061000003, 36.23313089 ], [ 136.129092550000024, 36.23315592 ], [ 136.129074920000022, 36.23317041 ], [ 136.129054110000027, 36.2331878 ], [ 136.129036, 36.23320741 ], [ 136.12902105, 36.23322011 ], [ 136.128998, 36.23323823 ], [ 136.12897852, 36.23325784 ], [ 136.128958560000029, 36.23328178 ], [ 136.12894409, 36.23329631 ], [ 136.12893772000001, 36.23330211 ], [ 136.12892783, 36.23330461 ], [ 136.128916590000017, 36.23330528 ], [ 136.128905770000017, 36.23330489 ], [ 136.128896350000019, 36.23330375 ], [ 136.128884700000015, 36.23329859 ], [ 136.128869440000017, 36.23329195 ], [ 136.128850610000029, 36.23328386 ], [ 136.12883625, 36.23328123 ], [ 136.128824970000011, 36.23328192 ], [ 136.12881328, 36.23328514 ], [ 136.128799750000013, 36.23328908 ], [ 136.12877180000001, 36.23329589 ], [ 136.12873306, 36.23330884 ], [ 136.128719530000012, 36.23331241 ], [ 136.12870872000002, 36.23331564 ], [ 136.12870014, 36.23331889 ], [ 136.128685250000018, 36.23332684 ], [ 136.12867477, 36.23333284 ], [ 136.128673890000016, 36.23333333 ], [ 136.12867105, 36.23333495 ], [ 136.12866628, 36.23333769 ], [ 136.12863783, 36.23335361 ], [ 136.12861752, 36.23336336 ], [ 136.128599030000032, 36.23337456 ], [ 136.128585890000011, 36.23338544 ], [ 136.12857642000003, 36.23339269 ], [ 136.128557450000017, 36.23340464 ], [ 136.128528500000016, 36.2334242 ], [ 136.128505470000022, 36.23343867 ], [ 136.12847844, 36.23344692 ], [ 136.12845458000001, 36.233449 ], [ 136.12842667000001, 36.23345508 ], [ 136.128411280000023, 36.23346559 ], [ 136.12840628, 36.23347723 ], [ 136.128401170000018, 36.23349905 ], [ 136.12839567, 36.23351397 ], [ 136.12838747, 36.23352925 ], [ 136.12837783, 36.23355764 ], [ 136.12836689, 36.23357764 ], [ 136.128347390000016, 36.23360125 ], [ 136.12832742, 36.23362778 ], [ 136.12831112, 36.2336452 ], [ 136.128296620000015, 36.23366008 ], [ 136.12828747, 36.23367933 ], [ 136.128282870000021, 36.233695 ], [ 136.12827511, 36.23371136 ], [ 136.12826783, 36.23372444 ], [ 136.128259690000021, 36.2337335 ], [ 136.128246110000021, 36.23374078 ], [ 136.128217690000014, 36.23375267 ], [ 136.12821089000002, 36.23375505 ], [ 136.128170360000013, 36.23376923 ], [ 136.12812886, 36.23378653 ], [ 136.12811217, 36.23379556 ], [ 136.12810128000001, 36.23380792 ], [ 136.12808856, 36.2338268 ], [ 136.128084550000011, 36.2338368 ], [ 136.128084160000014, 36.23385631 ], [ 136.12808375, 36.23387544 ], [ 136.128079110000016, 36.23389017 ], [ 136.12807192, 36.23389905 ], [ 136.128055890000013, 36.23391208 ], [ 136.12801489, 36.23393503 ], [ 136.127992090000021, 36.23394189 ], [ 136.127975580000026, 36.23394839 ], [ 136.127956590000025, 36.23395833 ], [ 136.127934190000019, 36.23397133 ], [ 136.12792278, 36.23398469 ], [ 136.127916030000023, 36.23399667 ], [ 136.127909690000024, 36.23401411 ], [ 136.127899580000019, 36.23404731 ], [ 136.127890730000018, 36.23406133 ], [ 136.127876360000016, 36.23407675 ], [ 136.127857370000015, 36.23408975 ], [ 136.127829470000023, 36.23411064 ], [ 136.127807500000017, 36.23412947 ], [ 136.127793170000018, 36.23415514 ], [ 136.12777964, 36.23418251 ], [ 136.12776234, 36.23419825 ], [ 136.127731050000023, 36.23421777 ], [ 136.127707, 36.23424277 ], [ 136.127693060000013, 36.23426228 ], [ 136.127681670000015, 36.23428417 ], [ 136.1276618, 36.23429992 ], [ 136.12765253, 36.23430403 ], [ 136.12763433, 36.23431259 ], [ 136.127608150000015, 36.23431911 ], [ 136.127590390000023, 36.23432905 ], [ 136.127567590000012, 36.23434308 ], [ 136.127550250000013, 36.23436053 ], [ 136.127538030000011, 36.23437936 ], [ 136.12752875000001, 36.2343975 ], [ 136.127521560000019, 36.23442077 ], [ 136.127513970000024, 36.23444389 ], [ 136.127513970000024, 36.23444403 ], [ 136.12750341, 36.23445908 ], [ 136.127487810000019, 36.23448169 ], [ 136.12747092, 36.23450153 ], [ 136.127456130000013, 36.23451489 ], [ 136.12742531, 36.23454705 ], [ 136.127410950000012, 36.23455905 ], [ 136.127383920000028, 36.2345878 ], [ 136.127381390000011, 36.23460628 ], [ 136.12738558, 36.23463795 ], [ 136.127386980000011, 36.23466325 ], [ 136.1273883, 36.23467505 ], [ 136.12739086, 36.23468197 ], [ 136.127396160000018, 36.23468595 ], [ 136.127411310000014, 36.23468747 ], [ 136.127439690000017, 36.23468744 ], [ 136.127483190000021, 36.23468464 ], [ 136.12750022, 36.23468553 ], [ 136.127511970000029, 36.23469933 ], [ 136.12750519, 36.234711 ], [ 136.127491190000029, 36.23471992 ], [ 136.127475300000015, 36.23472513 ], [ 136.127445060000014, 36.23473392 ], [ 136.127433060000016, 36.23473839 ], [ 136.127401280000015, 36.23474631 ], [ 136.12738844, 36.23474931 ], [ 136.127342280000022, 36.23475733 ], [ 136.127296590000014, 36.23479139 ], [ 136.127286450000014, 36.23479587 ], [ 136.127275890000021, 36.23480203 ], [ 136.12727039, 36.2348068 ], [ 136.127264890000021, 36.23481877 ], [ 136.12725942, 36.23483556 ], [ 136.12725183, 36.23485336 ], [ 136.127247200000028, 36.23487389 ], [ 136.12724467000001, 36.23488414 ], [ 136.12724086, 36.23489167 ], [ 136.12723581, 36.23489611 ], [ 136.12721636, 36.23490536 ], [ 136.127206640000026, 36.23491017 ], [ 136.12719567000002, 36.23491975 ], [ 136.12718934, 36.23493105 ], [ 136.127188500000017, 36.23494303 ], [ 136.12718597, 36.23495261 ], [ 136.127176250000019, 36.23496286 ], [ 136.127148780000027, 36.23497861 ], [ 136.127127660000014, 36.2349872 ], [ 136.127110750000014, 36.23499541 ], [ 136.12706553000001, 36.23501939 ], [ 136.12704272000002, 36.23502931 ], [ 136.127020750000014, 36.23503959 ], [ 136.12699158, 36.23505261 ], [ 136.12698484, 36.23505739 ], [ 136.12698314, 36.23506186 ], [ 136.126985250000018, 36.23506631 ], [ 136.12699075, 36.23507075 ], [ 136.12700725000002, 36.23507277 ], [ 136.127028390000021, 36.23507208 ], [ 136.12705628, 36.23507172 ], [ 136.12710322, 36.23507033 ], [ 136.12711506, 36.23506931 ], [ 136.127124770000023, 36.23506656 ], [ 136.127133220000019, 36.23506108 ], [ 136.127142530000015, 36.23505459 ], [ 136.12714969000001, 36.2350532 ], [ 136.12715606, 36.23505389 ], [ 136.127161560000019, 36.23505867 ], [ 136.127166610000017, 36.23506347 ], [ 136.127172530000024, 36.23507372 ], [ 136.12717508, 36.23508022 ], [ 136.127172550000012, 36.23509013 ], [ 136.127164940000029, 36.23509664 ], [ 136.12715567, 36.23510075 ], [ 136.12713453, 36.23510522 ], [ 136.127123110000014, 36.23510692 ], [ 136.127112970000013, 36.23510897 ], [ 136.12709647, 36.23510933 ], [ 136.12707533, 36.23510797 ], [ 136.127049560000017, 36.23510389 ], [ 136.12703983, 36.23510356 ], [ 136.1270318, 36.23510561 ], [ 136.127023330000014, 36.23510939 ], [ 136.126999690000019, 36.23512411 ], [ 136.126990800000016, 36.23513197 ], [ 136.12698236, 36.23513644 ], [ 136.12697350000002, 36.23513917 ], [ 136.126966300000021, 36.23513953 ], [ 136.126957440000012, 36.23513987 ], [ 136.126942219999989, 36.2351378 ], [ 136.12692698, 36.23513441 ], [ 136.12691811000002, 36.23513405 ], [ 136.126909660000024, 36.23513578 ], [ 136.12690078, 36.23513989 ], [ 136.126886420000034, 36.23514984 ], [ 136.12688302, 36.23515905 ], [ 136.12688431, 36.23516523 ], [ 136.126888980000018, 36.235169 ], [ 136.1269025, 36.2351748 ], [ 136.1269173, 36.23518061 ], [ 136.12693633, 36.23518708 ], [ 136.12694586, 36.23519272 ], [ 136.126947780000023, 36.23519659 ], [ 136.126948590000012, 36.23520233 ], [ 136.126947980000011, 36.23520667 ], [ 136.126943110000013, 36.23521239 ], [ 136.12693425, 36.23522097 ], [ 136.12690805, 36.23523841 ], [ 136.126898340000025, 36.23524595 ], [ 136.126881020000013, 36.23525897 ], [ 136.126875110000015, 36.2352665 ], [ 136.126871310000013, 36.23527267 ], [ 136.12686964, 36.23528189 ], [ 136.12687047, 36.23529113 ], [ 136.12687134, 36.23530003 ], [ 136.12686964, 36.23530447 ], [ 136.12686414, 36.23530756 ], [ 136.126852750000012, 36.23531064 ], [ 136.126840470000019, 36.235312 ], [ 136.12682949, 36.23531269 ], [ 136.126822310000023, 36.23531408 ], [ 136.126816390000016, 36.23531784 ], [ 136.12681387, 36.23532161 ], [ 136.12681283, 36.23532753 ], [ 136.12681280000001, 36.23533251 ], [ 136.126813640000023, 36.23533695 ], [ 136.126815140000019, 36.23534077 ], [ 136.12681674000001, 36.23534231 ], [ 136.126818830000019, 36.23534323 ], [ 136.12685192, 36.23534692 ], [ 136.12686503, 36.23534759 ], [ 136.12687263, 36.23534689 ], [ 136.12687728, 36.23534417 ], [ 136.126887, 36.23533389 ], [ 136.126916130000012, 36.23530684 ], [ 136.12692458, 36.23530136 ], [ 136.12692966, 36.23529453 ], [ 136.126932610000011, 36.23528869 ], [ 136.12693389, 36.2352822 ], [ 136.12693895000001, 36.23528117 ], [ 136.12694486, 36.23528253 ], [ 136.126949950000011, 36.23528528 ], [ 136.126959250000027, 36.23529175 ], [ 136.12697153000002, 36.23530372 ], [ 136.126979140000032, 36.23531228 ], [ 136.12698294, 36.23532117 ], [ 136.126984670000013, 36.23533108 ], [ 136.126984670000013, 36.23533964 ], [ 136.126981700000016, 36.23534651 ], [ 136.12697664, 36.23534956 ], [ 136.126970310000019, 36.23535231 ], [ 136.126954250000011, 36.23535267 ], [ 136.12692339, 36.23535267 ], [ 136.126914920000019, 36.23535508 ], [ 136.126907300000028, 36.23536159 ], [ 136.12689423, 36.23537664 ], [ 136.12688239000002, 36.23538659 ], [ 136.12687394, 36.23539205 ], [ 136.126859170000017, 36.2353972 ], [ 136.12683508, 36.23540508 ], [ 136.126820700000025, 36.23540953 ], [ 136.126813090000013, 36.23541569 ], [ 136.126807610000014, 36.23542322 ], [ 136.12680633, 36.23542939 ], [ 136.12680720000003, 36.23544067 ], [ 136.12681397, 36.23545811 ], [ 136.126821170000028, 36.23546803 ], [ 136.126830050000024, 36.23547351 ], [ 136.126839780000012, 36.23547692 ], [ 136.126847390000023, 36.23547692 ], [ 136.126856690000011, 36.23547487 ], [ 136.12687698000002, 36.23546833 ], [ 136.12689642, 36.23545978 ], [ 136.126905720000025, 36.23545633 ], [ 136.12691881, 36.23545497 ], [ 136.12692852, 36.23545567 ], [ 136.126935300000014, 36.235456 ], [ 136.126938690000031, 36.23545803 ], [ 136.1269408, 36.23546147 ], [ 136.126942500000013, 36.23546695 ], [ 136.126941250000016, 36.23547584 ], [ 136.126937030000022, 36.23548405 ], [ 136.126930270000031, 36.23549295 ], [ 136.126921800000019, 36.23549875 ], [ 136.126915060000016, 36.2355008 ], [ 136.126904920000015, 36.23550084 ], [ 136.126896860000016, 36.2354998 ], [ 136.12689136, 36.23549741 ], [ 136.12688713, 36.23549125 ], [ 136.126883330000027, 36.2354868 ], [ 136.126878660000017, 36.23548544 ], [ 136.12687531, 36.23548544 ], [ 136.12686686, 36.23548887 ], [ 136.126849780000015, 36.23549472 ], [ 136.126837810000012, 36.23549892 ], [ 136.126829610000016, 36.23550869 ], [ 136.12682597, 36.23551505 ], [ 136.12682511, 36.23552069 ], [ 136.126828390000014, 36.23552628 ], [ 136.1268335, 36.23552961 ], [ 136.126868110000032, 36.23553013 ], [ 136.12689258, 36.23552961 ], [ 136.12691519, 36.23552911 ], [ 136.126926740000016, 36.23553313 ], [ 136.12693606000002, 36.2355398 ], [ 136.126943579999988, 36.23555287 ], [ 136.126945080000013, 36.23556633 ], [ 136.126942, 36.23558205 ], [ 136.12693425, 36.23559147 ], [ 136.12691733, 36.23560803 ], [ 136.126901340000018, 36.23562311 ], [ 136.12688664, 36.23563217 ], [ 136.126875580000018, 36.23563375 ], [ 136.126864500000011, 36.23563156 ], [ 136.12685708, 36.235629 ], [ 136.12685239000001, 36.23562192 ], [ 136.12685228, 36.23560995 ], [ 136.12684986, 36.23559986 ], [ 136.126846590000014, 36.2355935 ], [ 136.126839140000016, 36.23558944 ], [ 136.12682852, 36.23558913 ], [ 136.126813770000012, 36.23559033 ], [ 136.126796250000012, 36.23559195 ], [ 136.12677922, 36.23559505 ], [ 136.12673092, 36.23561184 ], [ 136.12671114, 36.23562056 ], [ 136.12669462, 36.23562889 ], [ 136.126679920000015, 36.23563684 ], [ 136.12666662, 36.23564441 ], [ 136.12665555, 36.23564747 ], [ 136.126643550000011, 36.23564867 ], [ 136.126625580000024, 36.23564914 ], [ 136.12660664, 36.23564813 ], [ 136.12658866000001, 36.23564939 ], [ 136.12657667, 36.23564984 ], [ 136.12656608, 36.23565328 ], [ 136.126552780000026, 36.23566195 ], [ 136.12653124000002, 36.23567744 ], [ 136.126512440000027, 36.23569103 ], [ 136.1265028, 36.23569705 ], [ 136.12649737000001, 36.23570533 ], [ 136.12649475, 36.2357222 ], [ 136.12649667, 36.23573078 ], [ 136.126499030000019, 36.23573675 ], [ 136.126509250000026, 36.23574456 ], [ 136.12651577, 36.23574786 ], [ 136.12652781, 36.23575153 ], [ 136.126536140000013, 36.23575447 ], [ 136.126539880000024, 36.23576008 ], [ 136.126541800000012, 36.23576717 ], [ 136.12654, 36.23577317 ], [ 136.12653497, 36.2357788 ], [ 136.12651209, 36.23579653 ], [ 136.126497450000016, 36.23580972 ], [ 136.12648044, 36.23581805 ], [ 136.126460660000021, 36.23582567 ], [ 136.126431190000034, 36.23583223 ], [ 136.126411830000023, 36.23583608 ], [ 136.126389250000017, 36.23583847 ], [ 136.12636433, 36.23584011 ], [ 136.126321, 36.23584339 ], [ 136.12630672, 36.23584684 ], [ 136.12629659000001, 36.23584953 ], [ 136.12628464, 36.23585522 ], [ 136.12627501, 36.2358605 ], [ 136.12626309, 36.23587031 ], [ 136.12625713, 36.23587633 ], [ 136.126250780000021, 36.23588422 ], [ 136.126246720000012, 36.23589436 ], [ 136.12624134, 36.23590936 ], [ 136.126240030000019, 36.23591947 ], [ 136.126236420000026, 36.23592847 ], [ 136.126231410000031, 36.23593451 ], [ 136.126225010000013, 36.23593978 ], [ 136.1262135, 36.23594433 ], [ 136.126199690000021, 36.23594741 ], [ 136.126156830000014, 36.23595441 ], [ 136.12613472000001, 36.23596053 ], [ 136.12611128, 36.23596931 ], [ 136.12609197, 36.23597728 ], [ 136.12608691, 36.23598031 ], [ 136.12608053, 36.23598633 ], [ 136.126077370000019, 36.23599269 ], [ 136.126078340000021, 36.23599831 ], [ 136.126080660000014, 36.23600205 ], [ 136.126085750000016, 36.2360035 ], [ 136.12609039000003, 36.23600387 ], [ 136.12616047, 36.2359978 ], [ 136.12617248, 36.23599697 ], [ 136.126183110000028, 36.23599917 ], [ 136.126190080000015, 36.23600361 ], [ 136.12619847, 36.23601292 ], [ 136.12620689, 36.23602369 ], [ 136.12621905, 36.23603972 ], [ 136.12622328, 36.23604941 ], [ 136.12622525, 36.23606175 ], [ 136.12622536, 36.23607111 ], [ 136.12622263, 36.23607822 ], [ 136.12621852, 36.23608239 ], [ 136.126209800000026, 36.23608692 ], [ 136.12619966, 36.23608997 ], [ 136.126175250000017, 36.23609351 ], [ 136.12614577, 36.23610117 ], [ 136.126130580000023, 36.23610539 ], [ 136.126120470000018, 36.23610695 ], [ 136.126113090000018, 36.23610625 ], [ 136.126105670000015, 36.23610403 ], [ 136.126100050000019, 36.23609847 ], [ 136.12609027000002, 36.23608917 ], [ 136.12607917, 36.23608586 ], [ 136.12606717, 36.2360852 ], [ 136.126056550000015, 36.236086 ], [ 136.126040470000021, 36.23609172 ], [ 136.125981170000017, 36.23611792 ], [ 136.12597064, 36.23612508 ], [ 136.12596008, 36.23613039 ], [ 136.1259537, 36.23614092 ], [ 136.12595012, 36.23614992 ], [ 136.12594973, 36.23615739 ], [ 136.125952050000024, 36.236163 ], [ 136.125954920000027, 36.23616972 ], [ 136.125961410000031, 36.23617492 ], [ 136.12596603, 36.236176 ], [ 136.12597667, 36.23617595 ], [ 136.125985860000014, 36.236174 ], [ 136.12599555, 36.23617395 ], [ 136.126003890000021, 36.23617578 ], [ 136.126018690000024, 36.23617905 ], [ 136.12602795, 36.23618011 ], [ 136.126042220000016, 36.23617853 ], [ 136.12606431, 36.23617089 ], [ 136.12607445, 36.23616784 ], [ 136.12608136, 36.23616967 ], [ 136.126084640000016, 36.23617189 ], [ 136.126085580000023, 36.23617713 ], [ 136.12608241, 36.23618239 ], [ 136.12607922, 36.23618539 ], [ 136.12603458000001, 36.23619877 ], [ 136.126018500000015, 36.23620636 ], [ 136.126005620000029, 36.23621092 ], [ 136.125984860000017, 36.23621295 ], [ 136.12597012, 36.23621378 ], [ 136.125962720000018, 36.23621569 ], [ 136.12595908, 36.23621869 ], [ 136.12595725, 36.23622169 ], [ 136.12595914000002, 36.23622656 ], [ 136.125963770000027, 36.23622914 ], [ 136.125969340000012, 36.2362295 ], [ 136.125978560000021, 36.23623017 ], [ 136.126003020000013, 36.23622967 ], [ 136.126015030000019, 36.2362292 ], [ 136.12602798, 36.23623025 ], [ 136.126037670000017, 36.2362332 ], [ 136.1260502, 36.23623797 ], [ 136.1260618, 36.236245 ], [ 136.12607158, 36.23625505 ], [ 136.12607997, 36.23626472 ], [ 136.126083310000013, 36.23627331 ], [ 136.126083380000011, 36.23628303 ], [ 136.126079800000014, 36.23629317 ], [ 136.126074360000018, 36.23630292 ], [ 136.12606614, 36.23631159 ], [ 136.12605975, 36.23631911 ], [ 136.12605747, 36.23632397 ], [ 136.12605939, 36.23633069 ], [ 136.126063140000014, 36.23633517 ], [ 136.126065940000018, 36.23634039 ], [ 136.12606645, 36.2363445 ], [ 136.126064190000022, 36.23634939 ], [ 136.126053610000014, 36.23635395 ], [ 136.126025059999989, 36.23636123 ], [ 136.126019110000016, 36.23636351 ], [ 136.126014060000017, 36.23636728 ], [ 136.126006300000029, 36.23637705 ], [ 136.125991670000019, 36.23639025 ], [ 136.12598112, 36.23639667 ], [ 136.1259655, 36.2364065 ], [ 136.12595772, 36.23641217 ], [ 136.125954090000022, 36.23641741 ], [ 136.125953650000014, 36.23642192 ], [ 136.12595464, 36.23642714 ], [ 136.12595883, 36.23643236 ], [ 136.12596302, 36.23643497 ], [ 136.125982890000017, 36.23643784 ], [ 136.12599261, 36.23644075 ], [ 136.125999560000025, 36.23644408 ], [ 136.12600287, 36.2364508 ], [ 136.126001090000017, 36.23645941 ], [ 136.125995140000015, 36.23646469 ], [ 136.12597997, 36.23647078 ], [ 136.12595973, 36.23647578 ], [ 136.125937610000022, 36.23648075 ], [ 136.125929800000023, 36.23648492 ], [ 136.12592523, 36.23648869 ], [ 136.125919300000021, 36.23649587 ], [ 136.125912, 36.236506 ], [ 136.12589872, 36.23651731 ], [ 136.125881780000014, 36.23652939 ], [ 136.12586572, 36.23654147 ], [ 136.12585336, 36.23655014 ], [ 136.125844160000014, 36.23655356 ], [ 136.12583586, 36.23655511 ], [ 136.12582156000002, 36.23655484 ], [ 136.125801240000015, 36.23655495 ], [ 136.125776810000019, 36.23655623 ], [ 136.125760220000018, 36.23655969 ], [ 136.125748720000018, 36.23656351 ], [ 136.125740950000022, 36.23657141 ], [ 136.12573642000001, 36.23658005 ], [ 136.125735140000018, 36.23659053 ], [ 136.125735720000023, 36.236604 ], [ 136.12573859, 36.23661333 ], [ 136.12573869000002, 36.2366268 ], [ 136.12573326, 36.2366362 ], [ 136.125722750000023, 36.23664564 ], [ 136.12570711, 36.23665284 ], [ 136.12569514, 36.23665439 ], [ 136.12568263, 36.23665261 ], [ 136.12567353, 36.2366512 ], [ 136.12566322, 36.23665011 ], [ 136.125652630000019, 36.23665092 ], [ 136.125638370000019, 36.23665439 ], [ 136.12561861, 36.23666422 ], [ 136.12559837, 36.23667072 ], [ 136.125584090000018, 36.2366738 ], [ 136.12556158000001, 36.23668741 ], [ 136.12553506, 36.23671077 ], [ 136.125516740000023, 36.23672887 ], [ 136.12550761, 36.23673603 ], [ 136.12549934, 36.23673984 ], [ 136.125489640000012, 36.23674025 ], [ 136.125479470000016, 36.23673844 ], [ 136.125472020000018, 36.23673286 ], [ 136.12546733, 36.23672356 ], [ 136.125448200000022, 36.23670272 ], [ 136.12543331, 36.23668897 ], [ 136.12542122, 36.23668156 ], [ 136.125406390000023, 36.23667492 ], [ 136.125392530000028, 36.23667239 ], [ 136.125372630000015, 36.23666989 ], [ 136.12534864, 36.23667003 ], [ 136.1253293, 36.23667428 ], [ 136.12530956, 36.23668225 ], [ 136.12525438, 36.23670653 ], [ 136.125232780000033, 36.23671453 ], [ 136.125205670000014, 36.23672705 ], [ 136.125195140000017, 36.23673797 ], [ 136.12519061, 36.23674547 ], [ 136.125188830000013, 36.23675297 ], [ 136.12518756, 36.23676497 ], [ 136.12518861, 36.23677917 ], [ 136.125191050000012, 36.2367915 ], [ 136.125192090000013, 36.23680123 ], [ 136.12520244000001, 36.23682547 ], [ 136.12520577, 36.23683595 ], [ 136.125207250000017, 36.23684377 ], [ 136.125212870000013, 36.23685236 ], [ 136.125218910000029, 36.2368572 ], [ 136.12522633, 36.23686013 ], [ 136.12523511, 36.23686008 ], [ 136.125245230000019, 36.23685777 ], [ 136.125259030000024, 36.23685208 ], [ 136.125287980000024, 36.2368388 ], [ 136.12530866, 36.23682969 ], [ 136.125326130000019, 36.23682397 ], [ 136.12534964, 36.23681969 ], [ 136.125376390000014, 36.23681841 ], [ 136.125390700000025, 36.23681608 ], [ 136.125406810000015, 36.23681411 ], [ 136.12541883, 36.23681739 ], [ 136.12542861, 36.23682408 ], [ 136.12543469000002, 36.23683264 ], [ 136.125444970000018, 36.23684531 ], [ 136.12545942, 36.23685905 ], [ 136.125473310000018, 36.23686347 ], [ 136.12549178, 36.23686559 ], [ 136.12551073000003, 36.23686659 ], [ 136.125525940000017, 36.2368665 ], [ 136.12553839, 36.23686603 ], [ 136.125548520000024, 36.23686447 ], [ 136.12556326, 36.23685803 ], [ 136.12558711, 36.23684328 ], [ 136.12560503, 36.23683644 ], [ 136.125615160000024, 36.23683414 ], [ 136.12562533000002, 36.23683369 ], [ 136.12563781, 36.23683475 ], [ 136.12564889, 36.23683728 ], [ 136.12566328, 36.23684469 ], [ 136.12567852, 36.23684759 ], [ 136.12569514, 36.23684561 ], [ 136.12570939, 36.23683953 ], [ 136.125721309999989, 36.23683087 ], [ 136.12575978000001, 36.23679992 ], [ 136.12577438, 36.236783 ], [ 136.12578761, 36.23676869 ], [ 136.12579722000001, 36.23675964 ], [ 136.125805970000016, 36.23675586 ], [ 136.125814690000027, 36.2367532 ], [ 136.125829, 36.23675123 ], [ 136.12583594000003, 36.23675231 ], [ 136.12584289000003, 36.23675675 ], [ 136.12584616, 36.23676123 ], [ 136.12584623, 36.23676684 ], [ 136.12584211, 36.23677208 ], [ 136.12582975, 36.23678117 ], [ 136.12582058000001, 36.23678833 ], [ 136.12581742, 36.23679433 ], [ 136.12581842, 36.23680292 ], [ 136.12582078, 36.23680964 ], [ 136.125825030000016, 36.23681823 ], [ 136.125832480000014, 36.23682492 ], [ 136.12584361, 36.23683084 ], [ 136.12585472, 36.2368345 ], [ 136.125866280000025, 36.23683669 ], [ 136.125878270000015, 36.23683661 ], [ 136.125888420000024, 36.23683431 ], [ 136.12590728, 36.23682895 ], [ 136.12592706, 36.23682169 ], [ 136.125960580000026, 36.23680317 ], [ 136.12598309, 36.23679328 ], [ 136.126001950000017, 36.23678605 ], [ 136.126015250000023, 36.23677811 ], [ 136.12602722, 36.2367758 ], [ 136.126034620000013, 36.2367765 ], [ 136.126043410000023, 36.23677795 ], [ 136.126050830000025, 36.23678203 ], [ 136.12605597000001, 36.23678761 ], [ 136.126060200000012, 36.23679505 ], [ 136.126061670000013, 36.23680253 ], [ 136.12605944, 36.23681228 ], [ 136.12605442, 36.23681867 ], [ 136.126043410000023, 36.23682547 ], [ 136.12602733, 36.23683344 ], [ 136.126010340000022, 36.23684253 ], [ 136.12598044, 36.23685317 ], [ 136.125940470000018, 36.23687325 ], [ 136.12591611000002, 36.23688164 ], [ 136.125876590000018, 36.23689986 ], [ 136.12585728000002, 36.23690784 ], [ 136.125843480000015, 36.23691241 ], [ 136.12583564, 36.23691359 ], [ 136.125822240000019, 36.23691367 ], [ 136.125808420000027, 36.236913 ], [ 136.125797780000028, 36.23691195 ], [ 136.12578253, 36.23691167 ], [ 136.12575261, 36.23692008 ], [ 136.125700200000011, 36.23693986 ], [ 136.125651480000016, 36.23695964 ], [ 136.125611, 36.23697633 ], [ 136.12559772, 36.23698578 ], [ 136.125588560000011, 36.23699444 ], [ 136.125581720000014, 36.23700347 ], [ 136.125578110000021, 36.23701097 ], [ 136.12557586, 36.23701736 ], [ 136.125575500000025, 36.23702559 ], [ 136.12557647, 36.23703156 ], [ 136.125582090000023, 36.23703939 ], [ 136.125587670000016, 36.23704459 ], [ 136.12559694, 36.23704903 ], [ 136.125609420000018, 36.2370512 ], [ 136.12567633, 36.23704853 ], [ 136.125688340000011, 36.23705033 ], [ 136.125697170000024, 36.23705475 ], [ 136.12570462, 36.2370622 ], [ 136.125711630000012, 36.23707225 ], [ 136.12572189, 36.23708267 ], [ 136.125725620000026, 36.23708753 ], [ 136.125733530000019, 36.23709195 ], [ 136.125742780000024, 36.23709375 ], [ 136.125754310000019, 36.23709295 ], [ 136.125767640000021, 36.2370895 ], [ 136.12578511000001, 36.23708189 ], [ 136.125806690000019, 36.23707092 ], [ 136.125831020000021, 36.23705767 ], [ 136.1258517, 36.2370448 ], [ 136.12586406, 36.237035 ], [ 136.125874580000016, 36.23702708 ], [ 136.12588241, 36.2370248 ], [ 136.125891170000017, 36.23702361 ], [ 136.125899, 36.23702356 ], [ 136.125905030000013, 36.23702503 ], [ 136.12591244, 36.23702908 ], [ 136.125922670000023, 36.23703578 ], [ 136.125928720000019, 36.23704208 ], [ 136.125932530000028, 36.2370518 ], [ 136.125933530000026, 36.23705964 ], [ 136.12593314, 36.237069 ], [ 136.12592949, 36.237075 ], [ 136.125923090000015, 36.23707841 ], [ 136.125912920000019, 36.23707887 ], [ 136.125902780000018, 36.23707741 ], [ 136.12589674000003, 36.23707633 ], [ 136.12589122, 36.23707636 ], [ 136.12588525000001, 36.23707828 ], [ 136.125878809999989, 36.23708205 ], [ 136.125872, 36.23709259 ], [ 136.12586934, 36.23710344 ], [ 136.125870360000022, 36.23711541 ], [ 136.12587148, 36.23713411 ], [ 136.125871580000023, 36.23714459 ], [ 136.12587025000002, 36.23715133 ], [ 136.12586431, 36.23715811 ], [ 136.125855140000027, 36.23716341 ], [ 136.12583995, 36.23716686 ], [ 136.12582889, 36.23716844 ], [ 136.125815940000024, 36.23716853 ], [ 136.125803500000018, 36.23716747 ], [ 136.12579008, 36.23716605 ], [ 136.125776230000014, 36.23716503 ], [ 136.12576008, 36.23716625 ], [ 136.12570525000001, 36.23717669 ], [ 136.12565828000001, 36.23718784 ], [ 136.125640340000018, 36.23719356 ], [ 136.125633, 36.23719772 ], [ 136.125626590000024, 36.23720189 ], [ 136.125623390000015, 36.23720603 ], [ 136.1256175, 36.23721689 ], [ 136.12561297000002, 36.23722628 ], [ 136.12560703, 36.23723231 ], [ 136.125599220000026, 36.23723611 ], [ 136.12559, 36.23723653 ], [ 136.12558167, 36.23723547 ], [ 136.125571, 36.23723177 ], [ 136.12556036, 36.23722736 ], [ 136.12554645, 36.23722184 ], [ 136.125531190000032, 36.23721856 ], [ 136.12551367, 36.23721941 ], [ 136.12550586, 36.23722323 ], [ 136.125495300000011, 36.23723039 ], [ 136.125482480000016, 36.23723984 ], [ 136.12546733, 36.23725003 ], [ 136.12542739, 36.23726936 ], [ 136.12540761, 36.2372792 ], [ 136.125389250000012, 36.23728831 ], [ 136.12536903000003, 36.23729667 ], [ 136.12534514, 36.23730767 ], [ 136.125325380000021, 36.23731939 ], [ 136.12531436, 36.23732505 ], [ 136.12530239, 36.23732813 ], [ 136.125289470000013, 36.23732897 ], [ 136.12527241, 36.23732905 ], [ 136.125257170000026, 36.23732803 ], [ 136.12524375000001, 36.23732475 ], [ 136.125233110000011, 36.23732259 ], [ 136.1252225, 36.23732228 ], [ 136.1251727, 36.23732669 ], [ 136.125157980000012, 36.23733092 ], [ 136.125150170000012, 36.23733656 ], [ 136.125144690000013, 36.23734372 ], [ 136.12513973, 36.23735347 ], [ 136.12513608, 36.23736023 ], [ 136.12512783, 36.23736664 ], [ 136.12511175000003, 36.23737272 ], [ 136.125086, 36.23738451 ], [ 136.125074550000022, 36.23739203 ], [ 136.12505988, 36.23740336 ], [ 136.12505489, 36.23741161 ], [ 136.125052220000015, 36.2374225 ], [ 136.125051830000018, 36.23742847 ], [ 136.1250528, 36.23743559 ], [ 136.125055670000023, 36.23744456 ], [ 136.125062670000034, 36.237452 ], [ 136.12507058, 36.23745867 ], [ 136.12508538000003, 36.2374642 ], [ 136.12513808, 36.23747211 ], [ 136.125202280000025, 36.23747544 ], [ 136.12522167, 36.23747605 ], [ 136.125240580000025, 36.23747295 ], [ 136.12526589, 36.23746644 ], [ 136.125292550000012, 36.23745767 ], [ 136.125330250000019, 36.23743947 ], [ 136.12533939, 36.23743005 ], [ 136.12534484, 36.23742103 ], [ 136.125351750000021, 36.23741875 ], [ 136.12535822000001, 36.23741984 ], [ 136.125362390000021, 36.23742167 ], [ 136.125366110000016, 36.23742577 ], [ 136.125367080000018, 36.23743025 ], [ 136.12536531, 36.23743661 ], [ 136.125361670000018, 36.23744375 ], [ 136.125361240000018, 36.23744786 ], [ 136.12536358, 36.23745123 ], [ 136.125369140000032, 36.2374538 ], [ 136.125375160000033, 36.23745377 ], [ 136.125385720000025, 36.23744884 ], [ 136.12540178, 36.23743789 ], [ 136.1254137, 36.23742922 ], [ 136.125424720000012, 36.23742541 ], [ 136.125435330000016, 36.23742422 ], [ 136.125447330000014, 36.23742489 ], [ 136.12545703, 36.23742633 ], [ 136.125468150000017, 36.2374285 ], [ 136.125478340000029, 36.2374318 ], [ 136.12548713000001, 36.237434 ], [ 136.12549311, 36.23743433 ], [ 136.12550511, 36.23743314 ], [ 136.125517520000017, 36.23742895 ], [ 136.125529030000024, 36.23742289 ], [ 136.12553594000002, 36.23742284 ], [ 136.12554289000002, 36.23742505 ], [ 136.125548470000012, 36.23742951 ], [ 136.12555083, 36.23743695 ], [ 136.12555136, 36.23744333 ], [ 136.125547720000014, 36.23744784 ], [ 136.12554083, 36.23745125 ], [ 136.12551414, 36.23745853 ], [ 136.12549572, 36.23746461 ], [ 136.12548655, 36.23746992 ], [ 136.125478750000013, 36.23747559 ], [ 136.12547511, 36.23748084 ], [ 136.12547472, 36.23748833 ], [ 136.125476640000016, 36.23749505 ], [ 136.12548224, 36.23750325 ], [ 136.12549109, 36.23751031 ], [ 136.12549808, 36.23751625 ], [ 136.125505940000011, 36.2375188 ], [ 136.125519360000027, 36.23752136 ], [ 136.12553134, 36.23751978 ], [ 136.12553964, 36.23751747 ], [ 136.12555387, 36.23751141 ], [ 136.1255635, 36.23750347 ], [ 136.12557178, 36.2375008 ], [ 136.125579610000017, 36.23750078 ], [ 136.125588420000014, 36.23750297 ], [ 136.12559908, 36.23750961 ], [ 136.125612090000033, 36.23751777 ], [ 136.12562044, 36.23752147 ], [ 136.12563061000003, 36.23752364 ], [ 136.125643090000011, 36.23752359 ], [ 136.12565737, 36.23752236 ], [ 136.12567672, 36.23751925 ], [ 136.12570484, 36.23751347 ], [ 136.12576791, 36.23749922 ], [ 136.12580745, 36.23748214 ], [ 136.125829970000012, 36.237473 ], [ 136.125838660000028, 36.23746547 ], [ 136.12584511, 36.2374632 ], [ 136.12585202, 36.23746313 ], [ 136.12585988, 36.23746461 ], [ 136.125869640000019, 36.23746903 ], [ 136.12587475, 36.23747387 ], [ 136.12587761, 36.23748205 ], [ 136.125877660000015, 36.23748841 ], [ 136.125875450000024, 36.23749741 ], [ 136.125865840000017, 36.23750497 ], [ 136.12584419, 36.23751184 ], [ 136.12580416, 36.23752369 ], [ 136.125776550000012, 36.23753247 ], [ 136.125744770000011, 36.23754164 ], [ 136.125711170000017, 36.23754822 ], [ 136.12567983, 36.23755478 ], [ 136.125649440000018, 36.23756284 ], [ 136.12563523, 36.23756928 ], [ 136.125623220000023, 36.23757272 ], [ 136.12561122, 36.23757205 ], [ 136.125601970000019, 36.23756947 ], [ 136.12558623000001, 36.23756323 ], [ 136.125568610000016, 36.23755659 ], [ 136.12556214, 36.23755439 ], [ 136.125540410000013, 36.23755153 ], [ 136.12552795000002, 36.23755161 ], [ 136.125513650000016, 36.23755244 ], [ 136.12550353, 36.23755436 ], [ 136.125480970000012, 36.23756089 ], [ 136.125466250000017, 36.23756733 ], [ 136.125461480000013, 36.23757084 ], [ 136.125455720000019, 36.23757375 ], [ 136.125447470000012, 36.23758092 ], [ 136.125438300000013, 36.23758733 ], [ 136.125413450000025, 36.23759497 ], [ 136.125397780000014, 36.23759659 ], [ 136.12539039, 36.23759625 ], [ 136.12538394, 36.23759777 ], [ 136.12537477, 36.23760569 ], [ 136.125364690000026, 36.23761287 ], [ 136.125356860000011, 36.23761553 ], [ 136.12531453, 36.23762667 ], [ 136.125267080000015, 36.2376378 ], [ 136.12522239, 36.23764667 ], [ 136.125190190000012, 36.23765661 ], [ 136.12517961, 36.23765931 ], [ 136.12517409, 36.23766195 ], [ 136.125172750000019, 36.23766644 ], [ 136.12517419, 36.2376732 ], [ 136.12517745, 36.23767728 ], [ 136.12518348, 36.23767947 ], [ 136.125200580000012, 36.23768011 ], [ 136.125232410000024, 36.23767992 ], [ 136.125346330000013, 36.23767172 ], [ 136.125360140000026, 36.23766678 ], [ 136.12537114, 36.23766036 ], [ 136.12537942, 36.23765505 ], [ 136.125384920000016, 36.23765241 ], [ 136.12539275, 36.23765123 ], [ 136.125400610000014, 36.23765192 ], [ 136.125406640000023, 36.23765453 ], [ 136.125410360000018, 36.23765751 ], [ 136.12541224, 36.23766423 ], [ 136.125410950000031, 36.23766908 ], [ 136.12540866, 36.23767247 ], [ 136.12539623, 36.23767667 ], [ 136.12535711000001, 36.23768739 ], [ 136.125300050000021, 36.23770644 ], [ 136.12521261, 36.2377328 ], [ 136.12520803000001, 36.23773508 ], [ 136.125205280000017, 36.23773733 ], [ 136.1252035, 36.23774408 ], [ 136.125204920000016, 36.23774784 ], [ 136.12520953, 36.23774892 ], [ 136.12521691, 36.23774811 ], [ 136.125361530000021, 36.23771467 ], [ 136.125404840000016, 36.23770653 ], [ 136.12548178, 36.23769369 ], [ 136.12553567, 36.23768177 ], [ 136.12555778, 36.23767677 ], [ 136.125578500000017, 36.23767253 ], [ 136.125598780000018, 36.23766828 ], [ 136.125605230000019, 36.23766675 ], [ 136.125612140000015, 36.23766669 ], [ 136.125617690000013, 36.23766853 ], [ 136.12562189, 36.23767225 ], [ 136.12562331, 36.23767487 ], [ 136.12562241, 36.23767972 ], [ 136.125616010000016, 36.23768313 ], [ 136.125604970000012, 36.23768733 ], [ 136.125580610000014, 36.23769833 ], [ 136.125557200000031, 36.23771044 ], [ 136.12553881, 36.23771841 ], [ 136.125516280000028, 36.23772941 ], [ 136.12549236000001, 36.23773667 ], [ 136.125484530000023, 36.23773784 ], [ 136.125479, 36.23774014 ], [ 136.1254735, 36.23774353 ], [ 136.12546294, 36.23775108 ], [ 136.125454250000018, 36.23775786 ], [ 136.125445970000015, 36.23776092 ], [ 136.12543122, 36.23776325 ], [ 136.125412360000013, 36.23776787 ], [ 136.125397640000017, 36.2377732 ], [ 136.12538014, 36.23777817 ], [ 136.125356690000018, 36.23778767 ], [ 136.125349810000017, 36.2377922 ], [ 136.12534525, 36.23779897 ], [ 136.12534302, 36.2378072 ], [ 136.12534263, 36.23781469 ], [ 136.12534272000002, 36.23782141 ], [ 136.125344190000021, 36.23783153 ], [ 136.125347080000012, 36.23784311 ], [ 136.125352310000011, 36.23785917 ], [ 136.125356110000013, 36.23787072 ], [ 136.125360340000015, 36.23787669 ], [ 136.125363800000031, 36.23787861 ], [ 136.125367760000017, 36.23788075 ], [ 136.125377, 36.23788408 ], [ 136.12538623, 36.23788364 ], [ 136.125394530000023, 36.23788172 ], [ 136.125400050000025, 36.23787856 ], [ 136.12540051000002, 36.23787831 ], [ 136.125407810000013, 36.23787077 ], [ 136.125416500000028, 36.237864 ], [ 136.125422970000017, 36.23786284 ], [ 136.125430360000024, 36.23786353 ], [ 136.12543453, 36.23786725 ], [ 136.12543506, 36.23787247 ], [ 136.12543095, 36.23787739 ], [ 136.125429560000015, 36.23787853 ], [ 136.12542086, 36.23788567 ], [ 136.125413990000027, 36.23789208 ], [ 136.125405810000018, 36.23790372 ], [ 136.12540406, 36.23791122 ], [ 136.1254092, 36.23791941 ], [ 136.12541572, 36.23792611 ], [ 136.12542224, 36.23793205 ], [ 136.12542966, 36.23793539 ], [ 136.125440270000013, 36.23793605 ], [ 136.12548458, 36.23793541 ], [ 136.125496590000012, 36.23793533 ], [ 136.12550815, 36.23793714 ], [ 136.125518340000013, 36.23794044 ], [ 136.12552623000002, 36.237946 ], [ 136.12553506, 36.23795195 ], [ 136.125556350000011, 36.23796003 ], [ 136.125579470000019, 36.23796289 ], [ 136.12559703, 36.23796464 ], [ 136.125613190000024, 36.23796717 ], [ 136.12562939, 36.23796931 ], [ 136.125648300000023, 36.23796805 ], [ 136.12567134, 36.23796269 ], [ 136.125688340000011, 36.23795733 ], [ 136.125710920000017, 36.23795159 ], [ 136.125736780000011, 36.23794508 ], [ 136.125739440000018, 36.23794431 ], [ 136.125767520000011, 36.23793664 ], [ 136.12578455000002, 36.23793131 ], [ 136.125796060000027, 36.23792597 ], [ 136.125814420000012, 36.23791539 ], [ 136.125821950000017, 36.23791044 ], [ 136.12584375, 36.23789613 ], [ 136.12585433000001, 36.23789159 ], [ 136.12586214000001, 36.23788703 ], [ 136.12586808, 36.23788175 ], [ 136.125871390000015, 36.23787808 ], [ 136.12587586, 36.23787311 ], [ 136.12588453, 36.23786405 ], [ 136.12589183, 36.23785617 ], [ 136.125904250000019, 36.23785084 ], [ 136.125922670000023, 36.23784697 ], [ 136.12594017, 36.23784313 ], [ 136.125954450000023, 36.23783967 ], [ 136.12596783, 36.23783808 ], [ 136.125981190000033, 36.23783689 ], [ 136.125992240000016, 36.23783459 ], [ 136.126003750000024, 36.23783039 ], [ 136.12601433, 36.23782584 ], [ 136.126026720000027, 36.23781978 ], [ 136.126050580000026, 36.23780653 ], [ 136.126062550000029, 36.23780159 ], [ 136.12607589000001, 36.23779553 ], [ 136.126084640000016, 36.23779433 ], [ 136.12609433, 36.23779464 ], [ 136.126104030000022, 36.23779647 ], [ 136.12611564, 36.237802 ], [ 136.1261245, 36.2378102 ], [ 136.126126840000012, 36.23781353 ], [ 136.12612642000002, 36.23781953 ], [ 136.126120950000029, 36.23782741 ], [ 136.12611458, 36.23783644 ], [ 136.126112780000028, 36.23784205 ], [ 136.12611428, 36.23785213 ], [ 136.12611849000001, 36.23786036 ], [ 136.12613467, 36.2378778 ], [ 136.12614231, 36.23788603 ], [ 136.126147420000024, 36.23789161 ], [ 136.126159030000025, 36.23789978 ], [ 136.126172970000027, 36.23790641 ], [ 136.126185940000028, 36.23791344 ], [ 136.126195720000027, 36.2379205 ], [ 136.12620222000001, 36.23792533 ], [ 136.126205500000026, 36.23793092 ], [ 136.126206060000015, 36.23793913 ], [ 136.12620333000001, 36.23794553 ], [ 136.12619783, 36.23795041 ], [ 136.12618361, 36.23795797 ], [ 136.126168910000018, 36.23796595 ], [ 136.12615377, 36.23797389 ], [ 136.12612944, 36.23798864 ], [ 136.126017, 36.23803805 ], [ 136.126011170000027, 36.23804333 ], [ 136.12600214, 36.23806539 ], [ 136.12598703, 36.23807447 ], [ 136.1259645, 36.2380755 ], [ 136.12594217, 36.23807033 ], [ 136.12592564, 36.23807336 ], [ 136.125910410000017, 36.238084 ], [ 136.12588864, 36.2380948 ], [ 136.125867950000014, 36.23809617 ], [ 136.125849220000021, 36.238091 ], [ 136.12579908, 36.23808425 ], [ 136.125762110000011, 36.23809208 ], [ 136.12571445, 36.23809553 ], [ 136.12568375, 36.23810267 ], [ 136.125605910000019, 36.23813356 ], [ 136.125489030000011, 36.23818895 ], [ 136.125473310000018, 36.23820092 ], [ 136.12546136, 36.23821539 ], [ 136.125461120000011, 36.23822697 ], [ 136.125464530000016, 36.23823641 ], [ 136.125464360000024, 36.23824513 ], [ 136.12546061, 36.23825384 ], [ 136.125459660000018, 36.238256 ], [ 136.125451530000021, 36.23825959 ], [ 136.12544614, 36.23825956 ], [ 136.12543445, 36.23826097 ], [ 136.125427200000019, 36.23826456 ], [ 136.125425330000013, 36.23826892 ], [ 136.12542528000003, 36.23827108 ], [ 136.125427890000026, 36.23827544 ], [ 136.12543949, 36.23827767 ], [ 136.125453860000022, 36.238277 ], [ 136.125461, 36.23827995 ], [ 136.12546183, 36.23828284 ], [ 136.125461390000027, 36.23829344 ], [ 136.125440610000027, 36.23830133 ], [ 136.125388300000026, 36.23831561 ], [ 136.125377470000018, 36.23831847 ], [ 136.12536659, 36.23832569 ], [ 136.125359250000031, 36.23833292 ], [ 136.125358300000016, 36.23833508 ], [ 136.125357330000014, 36.23834014 ], [ 136.12535711000001, 36.23835103 ], [ 136.12536236, 36.23835903 ], [ 136.12536947000001, 36.23836195 ], [ 136.12545689, 36.23833984 ], [ 136.125459580000012, 36.23833984 ], [ 136.125482, 36.23834067 ], [ 136.125509640000018, 36.23834875 ], [ 136.125529300000011, 36.23835244 ], [ 136.12559131, 36.2383462 ], [ 136.12570236000002, 36.23831259 ], [ 136.125858890000018, 36.23825228 ], [ 136.125867910000011, 36.23825086 ], [ 136.125876810000022, 36.23825453 ], [ 136.12588012, 36.23826617 ], [ 136.125879200000014, 36.23826761 ], [ 136.125855520000016, 36.23828275 ], [ 136.12569384, 36.23836884 ], [ 136.12560234, 36.23840231 ], [ 136.12552983, 36.23842789 ], [ 136.12548464, 36.23844584 ], [ 136.125467250000014, 36.23846241 ], [ 136.125456160000027, 36.23847905 ], [ 136.12545416, 36.2384892 ], [ 136.125461170000023, 36.23849864 ], [ 136.125479970000015, 36.23850017 ], [ 136.12550231000003, 36.23850389 ], [ 136.125538050000017, 36.23850984 ], [ 136.125581860000011, 36.23851725 ], [ 136.125605080000014, 36.23852241 ], [ 136.125620950000012, 36.2385348 ], [ 136.12563606, 36.23854139 ], [ 136.12564769, 36.23854289 ], [ 136.12566039, 36.23853569 ], [ 136.12566222, 36.23853497 ], [ 136.125677640000021, 36.23852633 ], [ 136.12576986000002, 36.23849195 ], [ 136.125815500000016, 36.23845517 ], [ 136.12620272, 36.23821436 ], [ 136.126217130000015, 36.23821225 ], [ 136.12622969, 36.23821375 ], [ 136.126237590000017, 36.23822251 ], [ 136.1262417, 36.23823705 ], [ 136.12624403, 36.23825156 ], [ 136.126243890000012, 36.23825739 ], [ 136.126243530000011, 36.23827189 ], [ 136.126240470000027, 36.23828714 ], [ 136.126237640000028, 36.23829223 ], [ 136.126227450000016, 36.23830451 ], [ 136.12622558000001, 36.23830813 ], [ 136.12622553, 36.23831031 ], [ 136.12622542, 36.23831467 ], [ 136.126227, 36.23832267 ], [ 136.12622783, 36.23832556 ], [ 136.126225190000014, 36.238332 ], [ 136.12621445000002, 36.23834164 ], [ 136.12619064, 36.23835356 ], [ 136.126160200000015, 36.23837405 ], [ 136.12613042000001, 36.23840403 ], [ 136.12611942, 36.23841456 ], [ 136.126105810000013, 36.23842822 ], [ 136.12609608, 36.23843559 ], [ 136.126086390000012, 36.23844033 ], [ 136.126076860000012, 36.2384432 ], [ 136.126073280000014, 36.23844392 ], [ 136.126058809999989, 36.2384482 ], [ 136.126056080000012, 36.23844964 ], [ 136.126046980000012, 36.23845539 ], [ 136.126042410000025, 36.238459 ], [ 136.126035140000027, 36.23846333 ], [ 136.126031500000011, 36.23846475 ], [ 136.12601795, 36.23846978 ], [ 136.125992700000012, 36.23847547 ], [ 136.125974500000012, 36.23848628 ], [ 136.12596506, 36.23850653 ], [ 136.12595761, 36.2385188 ], [ 136.125953970000012, 36.23852097 ], [ 136.125944030000028, 36.23852384 ], [ 136.12594042, 36.23852453 ], [ 136.125924140000023, 36.23852717 ], [ 136.125919610000011, 36.23852933 ], [ 136.12591326, 36.23853364 ], [ 136.12590861000001, 36.23853941 ], [ 136.12590022, 36.23855461 ], [ 136.12590008, 36.23855969 ], [ 136.125899050000015, 36.2385662 ], [ 136.12590516000003, 36.23857275 ], [ 136.125908720000012, 36.2385742 ], [ 136.125916720000021, 36.23857714 ], [ 136.1259283, 36.2385808 ], [ 136.12594433000001, 36.23858595 ], [ 136.12597462, 36.23859547 ], [ 136.125989800000013, 36.23859772 ], [ 136.12600053, 36.23859923 ], [ 136.12600494000003, 36.23860214 ], [ 136.126006500000017, 36.238613 ], [ 136.126006890000014, 36.23861328 ], [ 136.126005060000011, 36.23863384 ], [ 136.12597789000003, 36.23868369 ], [ 136.125976420000029, 36.23870903 ], [ 136.12598477, 36.23873284 ], [ 136.12599248, 36.23874877 ], [ 136.125995140000015, 36.23875022 ], [ 136.12600131, 36.23875389 ], [ 136.126003990000015, 36.23875461 ], [ 136.12601564, 36.23875467 ], [ 136.126066080000015, 36.23874403 ], [ 136.126110440000019, 36.23872611 ], [ 136.12615384, 36.23871108 ], [ 136.12616309, 36.23869953 ], [ 136.126169080000011, 36.23867347 ], [ 136.12617097, 36.23867059 ], [ 136.126177500000011, 36.23866047 ], [ 136.126262700000012, 36.23862461 ], [ 136.12632647, 36.238583 ], [ 136.12636742, 36.23853889 ], [ 136.126397, 36.23848464 ], [ 136.126409, 36.23844941 ], [ 136.12641217, 36.23843875 ], [ 136.12641531, 36.23842995 ], [ 136.12641711, 36.23842664 ], [ 136.12642119000003, 36.23842441 ], [ 136.12642528, 36.23842331 ], [ 136.126428910000016, 36.23842441 ], [ 136.126431630000013, 36.23842772 ], [ 136.126431630000013, 36.2384358 ], [ 136.12643484, 36.2384435 ], [ 136.126440270000018, 36.23844828 ], [ 136.126443920000014, 36.23845159 ], [ 136.126451170000024, 36.23845378 ], [ 136.126455720000024, 36.2384545 ], [ 136.12645661000002, 36.23845672 ], [ 136.126456640000015, 36.23845964 ], [ 136.126453, 36.2384648 ], [ 136.12644895, 36.23846811 ], [ 136.12644531, 36.23847141 ], [ 136.12644397, 36.2384762 ], [ 136.126444860000021, 36.2384828 ], [ 136.126446250000015, 36.23848941 ], [ 136.126448080000017, 36.238492 ], [ 136.126447610000014, 36.23849531 ], [ 136.126445360000019, 36.23850117 ], [ 136.12644083, 36.2385078 ], [ 136.126435860000015, 36.23851367 ], [ 136.12643222, 36.23851553 ], [ 136.126424970000016, 36.23851628 ], [ 136.12641772, 36.23851811 ], [ 136.126412280000011, 36.23852031 ], [ 136.12640822000003, 36.23852325 ], [ 136.126405940000012, 36.23852695 ], [ 136.126405940000012, 36.23852989 ], [ 136.126408690000034, 36.23853356 ], [ 136.12641231, 36.23853464 ], [ 136.12641639, 36.23853428 ], [ 136.126422720000022, 36.23853205 ], [ 136.12642772, 36.23853241 ], [ 136.12643272, 36.23853425 ], [ 136.126435010000023, 36.23853572 ], [ 136.12643545, 36.2385372 ], [ 136.12643455, 36.23854305 ], [ 136.12643047, 36.23855041 ], [ 136.126429100000024, 36.23855225 ], [ 136.12643183, 36.23855408 ], [ 136.12643728, 36.23855153 ], [ 136.126443170000016, 36.23854895 ], [ 136.12644769, 36.23854895 ], [ 136.12645222, 36.23855003 ], [ 136.1264545, 36.23855333 ], [ 136.12645361, 36.23855664 ], [ 136.1264509, 36.23855923 ], [ 136.126446360000017, 36.2385618 ], [ 136.12644319, 36.23856472 ], [ 136.12644183, 36.23856841 ], [ 136.126444580000026, 36.2385765 ], [ 136.126447300000024, 36.23858678 ], [ 136.12644645, 36.23860403 ], [ 136.12644372, 36.23861984 ], [ 136.12643742000003, 36.23863305 ], [ 136.126435620000024, 36.23863969 ], [ 136.126436520000027, 36.23864411 ], [ 136.126439250000033, 36.23864739 ], [ 136.12644606, 36.23865253 ], [ 136.126454250000023, 36.23865987 ], [ 136.126455360000023, 36.23866389 ], [ 136.1264538, 36.23867017 ], [ 136.12644986, 36.23868028 ], [ 136.12644778, 36.23868741 ], [ 136.12644567000001, 36.23869561 ], [ 136.126442890000021, 36.23870431 ], [ 136.12643553, 36.23871964 ], [ 136.126422240000011, 36.23874211 ], [ 136.1264162, 36.23875539 ], [ 136.126418590000014, 36.23876644 ], [ 136.126422670000011, 36.23876975 ], [ 136.12643355, 36.23877011 ], [ 136.12644839, 36.23876575 ], [ 136.126528910000019, 36.23873784 ], [ 136.12667825, 36.23868211 ], [ 136.12692114, 36.23858617 ], [ 136.12705083000003, 36.23852964 ], [ 136.12709798, 36.23851389 ], [ 136.127126840000017, 36.23850895 ], [ 136.12714739, 36.23851192 ], [ 136.1271509, 36.23851411 ], [ 136.12715416, 36.238525 ], [ 136.127153920000012, 36.23853297 ], [ 136.12715075, 36.23854817 ], [ 136.127148780000027, 36.23855397 ], [ 136.127143530000012, 36.23857859 ], [ 136.12714241, 36.2385858 ], [ 136.12713876, 36.23861695 ], [ 136.127136330000013, 36.23865864 ], [ 136.127134720000015, 36.2386818 ], [ 136.127137170000026, 36.23868977 ], [ 136.12714431, 36.23869128 ], [ 136.127146079999989, 36.23869128 ], [ 136.12715248, 36.23868839 ], [ 136.127157, 36.23868697 ], [ 136.127215550000017, 36.23866636 ], [ 136.127303110000014, 36.23862036 ], [ 136.127327720000011, 36.23860814 ], [ 136.12734394, 36.23860603 ], [ 136.127346640000013, 36.23860605 ], [ 136.12735372, 36.23860825 ], [ 136.127360610000011, 36.23861769 ], [ 136.127361510000014, 36.23864522 ], [ 136.12736114, 36.2386568 ], [ 136.12735597, 36.23867777 ], [ 136.127344310000012, 36.23870525 ], [ 136.127342390000024, 36.23870959 ], [ 136.12733314, 36.23871825 ], [ 136.12732859, 36.23872111 ], [ 136.127309640000021, 36.23872464 ], [ 136.12728189, 36.2387238 ], [ 136.12725136, 36.23872514 ], [ 136.12721747, 36.23873572 ], [ 136.1272128, 36.23873717 ], [ 136.127190830000018, 36.23875228 ], [ 136.12718611, 36.2387595 ], [ 136.12718949, 36.238766 ], [ 136.12719567000002, 36.23876967 ], [ 136.127203580000014, 36.23877403 ], [ 136.12720536, 36.23877478 ], [ 136.12720791000001, 36.23877839 ], [ 136.12720859, 36.23878636 ], [ 136.12720672, 36.23878853 ], [ 136.12719575, 36.238795 ], [ 136.12716837, 36.23881153 ], [ 136.12713944, 36.23883084 ], [ 136.12709167, 36.23884936 ], [ 136.127056079999988, 36.23887022 ], [ 136.127028, 36.23889028 ], [ 136.127003920000021, 36.23891622 ], [ 136.126996250000019, 36.23893211 ], [ 136.1269925, 36.23893789 ], [ 136.126985840000032, 36.23895161 ], [ 136.126988220000015, 36.23896172 ], [ 136.126995280000017, 36.23896467 ], [ 136.127025840000016, 36.23896189 ], [ 136.1271073, 36.23893475 ], [ 136.127140140000023, 36.23891677 ], [ 136.12714678, 36.23890453 ], [ 136.12714886, 36.23889511 ], [ 136.127162630000015, 36.23888503 ], [ 136.127186810000012, 36.23887508 ], [ 136.127268750000013, 36.23886241 ], [ 136.12742258, 36.23884567 ], [ 136.12747575, 36.2388372 ], [ 136.127526300000028, 36.23882656 ], [ 136.12757416, 36.23881661 ], [ 136.12761769, 36.23880231 ], [ 136.12765131, 36.23878941 ], [ 136.127675280000034, 36.23877069 ], [ 136.12770742, 36.238734 ], [ 136.12776394, 36.23868208 ], [ 136.127798660000025, 36.23864833 ], [ 136.127819690000024, 36.23863753 ], [ 136.12784326, 36.23863039 ], [ 136.127858520000018, 36.23862972 ], [ 136.12787189, 36.23863267 ], [ 136.127881410000015, 36.23864214 ], [ 136.12788397, 36.23864578 ], [ 136.127893480000012, 36.23865595 ], [ 136.127905840000011, 36.2386618 ], [ 136.127919360000021, 36.23865969 ], [ 136.127962, 36.23864684 ], [ 136.12800678, 36.23862384 ], [ 136.12804961, 36.23860589 ], [ 136.128074090000013, 36.23859944 ], [ 136.12807949, 36.23859875 ], [ 136.12812756, 36.23859113 ], [ 136.12817406, 36.23859569 ], [ 136.12818027000003, 36.23859717 ], [ 136.128203330000019, 36.2386045 ], [ 136.128231410000012, 36.23862056 ], [ 136.128235580000023, 36.23862853 ], [ 136.128239470000011, 36.23864451 ], [ 136.128241850000023, 36.23865175 ], [ 136.128236140000013, 36.23868431 ], [ 136.128231340000013, 36.23869297 ], [ 136.12822895, 36.23870369 ], [ 136.128228520000022, 36.23871456 ], [ 136.12823472, 36.23871675 ], [ 136.128252800000013, 36.23871247 ], [ 136.128303550000027, 36.23869769 ], [ 136.12835078, 36.23868392 ], [ 136.128424140000021, 36.23867084 ], [ 136.12846178, 36.23867039 ], [ 136.128486230000021, 36.23867753 ], [ 136.1285085, 36.23869139 ], [ 136.128531410000022, 36.2387138 ], [ 136.12854406, 36.23872705 ], [ 136.12854558, 36.23873636 ], [ 136.12852795, 36.23874884 ], [ 136.128491530000019, 36.23876453 ], [ 136.12843156, 36.23879764 ], [ 136.12840442000001, 36.2388192 ], [ 136.128379580000029, 36.23886561 ], [ 136.128362780000032, 36.23889931 ], [ 136.12834756, 36.23894453 ], [ 136.128357200000011, 36.23896823 ], [ 136.1283718, 36.23899 ], [ 136.12837786, 36.23899403 ], [ 136.12839803, 36.23899267 ], [ 136.12843109, 36.2389688 ], [ 136.12847542, 36.23893553 ], [ 136.128515420000014, 36.23891423 ], [ 136.12857817, 36.23888367 ], [ 136.12867978, 36.23886941 ], [ 136.12877986, 36.23884664 ], [ 136.12889309000002, 36.23884078 ], [ 136.12893075, 36.2388422 ], [ 136.128958860000012, 36.23884856 ], [ 136.12897747, 36.23886244 ], [ 136.12899250000001, 36.23888125 ], [ 136.12899678, 36.23888903 ], [ 136.12899966, 36.23889678 ], [ 136.12900044, 36.23891241 ], [ 136.12899711, 36.23893105 ], [ 136.128975420000017, 36.23894956 ], [ 136.12895508, 36.23896541 ], [ 136.12892553, 36.23897992 ], [ 136.128908220000028, 36.23898833 ], [ 136.128900360000017, 36.23900925 ], [ 136.12889361, 36.23904097 ], [ 136.12890034, 36.2390818 ], [ 136.1289102, 36.23911817 ], [ 136.12892428, 36.23916041 ], [ 136.128933390000014, 36.2391888 ], [ 136.12893331, 36.23922653 ], [ 136.12893348, 36.23924384 ], [ 136.128938780000027, 36.23924841 ], [ 136.12895988, 36.23924928 ], [ 136.12900667, 36.23924647 ], [ 136.12906214, 36.23924359 ], [ 136.129127720000014, 36.23922617 ], [ 136.129178170000017, 36.23920495 ], [ 136.129221750000028, 36.23919067 ], [ 136.12926514000003, 36.23917241 ], [ 136.129293500000017, 36.23914886 ], [ 136.12933153000003, 36.23909741 ], [ 136.129340120000023, 36.23906456 ], [ 136.12934789000002, 36.23903992 ], [ 136.129355030000028, 36.23902867 ], [ 136.12937326, 36.23902139 ], [ 136.129433190000015, 36.23901284 ], [ 136.12954283000002, 36.23901039 ], [ 136.129590120000017, 36.23901056 ], [ 136.129620220000021, 36.2390258 ], [ 136.12965202, 36.23905744 ], [ 136.129689970000015, 36.23907444 ], [ 136.12976433, 36.23907653 ], [ 136.129864360000028, 36.23907495 ], [ 136.1299583, 36.23906859 ], [ 136.130064230000016, 36.23906284 ], [ 136.130158750000021, 36.23906205 ], [ 136.13022326, 36.2390758 ], [ 136.130301170000024, 36.23909495 ], [ 136.1303982, 36.23913061 ], [ 136.13047997000001, 36.23915975 ], [ 136.130536620000015, 36.23919441 ], [ 136.130616280000027, 36.239234 ], [ 136.130661730000014, 36.23926061 ], [ 136.13072255000003, 36.2392982 ], [ 136.130783160000021, 36.23934992 ], [ 136.130839580000014, 36.23942217 ], [ 136.130915620000025, 36.23951167 ], [ 136.13093847, 36.23953764 ], [ 136.13100795, 36.23961659 ], [ 136.13105689, 36.23968111 ], [ 136.131113840000012, 36.23975708 ], [ 136.131159340000011, 36.23980972 ], [ 136.13119586, 36.23984947 ], [ 136.131233260000016, 36.23991005 ], [ 136.131274860000019, 36.23998553 ], [ 136.13129927, 36.24002944 ], [ 136.1313345, 36.24010247 ], [ 136.13135594000002, 36.24014772 ], [ 136.13138859, 36.24021736 ], [ 136.13141472, 36.24029036 ], [ 136.131424690000017, 36.24031905 ], [ 136.13144949, 36.24039159 ], [ 136.131468830000017, 36.24046769 ], [ 136.131477300000029, 36.24057489 ], [ 136.13147575, 36.24067356 ], [ 136.13147878, 36.24069295 ], [ 136.131473840000012, 36.24070164 ], [ 136.131468470000016, 36.24071113 ], [ 136.1314562, 36.24071725 ], [ 136.131442310000011, 36.24072753 ], [ 136.13144258, 36.24073967 ], [ 136.131448050000017, 36.24075417 ], [ 136.13145178, 36.24076697 ], [ 136.131462530000022, 36.24076889 ], [ 136.131468910000024, 36.24076741 ], [ 136.13147497, 36.24076939 ], [ 136.13147597, 36.24077528 ], [ 136.131471, 36.24078336 ], [ 136.131465640000016, 36.24079211 ], [ 136.13145348, 36.24080236 ], [ 136.13143477, 36.24080959 ], [ 136.13142416, 36.24081359 ], [ 136.131417, 36.24083661 ], [ 136.131390470000014, 36.24089328 ], [ 136.131378970000014, 36.24091567 ], [ 136.131370410000017, 36.24093692 ], [ 136.131363280000016, 36.24095861 ], [ 136.13135241, 36.24098008 ], [ 136.131333550000022, 36.24098789 ], [ 136.13130917, 36.24098897 ], [ 136.13127922000001, 36.2409908 ], [ 136.13124713000002, 36.24099336 ], [ 136.131224090000018, 36.2409965 ], [ 136.131198970000014, 36.24100277 ], [ 136.131133890000029, 36.24104059 ], [ 136.13111817, 36.24104636 ], [ 136.13111003, 36.2410465 ], [ 136.13109294, 36.24104847 ], [ 136.131057810000016, 36.24106741 ], [ 136.13100345, 36.24110575 ], [ 136.13098503, 36.24112408 ], [ 136.130969530000016, 36.24113823 ], [ 136.130951830000015, 36.24115133 ], [ 136.13092691, 36.24118575 ], [ 136.130922340000012, 36.24119136 ], [ 136.13092078, 36.241198 ], [ 136.130919080000012, 36.24120903 ], [ 136.13091553000001, 36.24122195 ], [ 136.130909660000015, 36.2412348 ], [ 136.13090231000001, 36.24124608 ], [ 136.130891280000014, 36.24125808 ], [ 136.130876390000026, 36.24126728 ], [ 136.130837860000014, 36.2412798 ], [ 136.130821280000021, 36.24128528 ], [ 136.13080722, 36.24130703 ], [ 136.130803190000023, 36.24131784 ], [ 136.1307928, 36.2413312 ], [ 136.13077506, 36.24134222 ], [ 136.13075895, 36.24136747 ], [ 136.13074333000003, 36.24139584 ], [ 136.130718170000023, 36.2414372 ], [ 136.13070542, 36.24146067 ], [ 136.13069167, 36.241514 ], [ 136.130682330000013, 36.24153603 ], [ 136.130681190000018, 36.24156175 ], [ 136.130677660000032, 36.241575 ], [ 136.130668, 36.24158241 ], [ 136.130655840000031, 36.24159475 ], [ 136.130645360000017, 36.24160431 ], [ 136.13064737000002, 36.24161641 ], [ 136.13065828, 36.24162564 ], [ 136.130663920000018, 36.24162903 ], [ 136.13066419, 36.24164084 ], [ 136.130663110000029, 36.24164917 ], [ 136.130657219999989, 36.24165447 ], [ 136.130645030000011, 36.24166403 ], [ 136.130641970000028, 36.24166617 ], [ 136.13064122, 36.24166667 ], [ 136.130635330000018, 36.24167078 ], [ 136.13062733000001, 36.24167717 ], [ 136.130625110000011, 36.24169247 ], [ 136.13063073, 36.24171184 ], [ 136.13063997, 36.24172244 ], [ 136.130650270000018, 36.24174244 ], [ 136.130667760000023, 36.24178223 ], [ 136.13068601, 36.24179656 ], [ 136.13070597, 36.24180572 ], [ 136.13072394, 36.24180551 ], [ 136.130767780000014, 36.24179541 ], [ 136.13081442, 36.24179189 ], [ 136.13082886, 36.24179461 ], [ 136.130840730000017, 36.24180389 ], [ 136.130883220000015, 36.24186011 ], [ 136.130902, 36.24189841 ], [ 136.13092222, 36.24192 ], [ 136.13094616, 36.24199172 ], [ 136.130962110000013, 36.24206792 ], [ 136.130961140000011, 36.24210361 ], [ 136.13096109, 36.24210508 ], [ 136.130950120000023, 36.24212425 ], [ 136.130929080000016, 36.24213684 ], [ 136.130895280000033, 36.24215492 ], [ 136.13087601, 36.24216351 ], [ 136.13085, 36.24217067 ], [ 136.130787130000016, 36.242169 ], [ 136.13074097, 36.24216169 ], [ 136.13068616000001, 36.24214959 ], [ 136.130636330000016, 36.24213647 ], [ 136.130588690000025, 36.24210987 ], [ 136.130560660000015, 36.24207922 ], [ 136.130548050000016, 36.24207795 ], [ 136.130508890000016, 36.24209522 ], [ 136.13046209, 36.24213513 ], [ 136.13041103, 36.24218605 ], [ 136.130411170000031, 36.24219336 ], [ 136.13041669, 36.24220056 ], [ 136.13048978, 36.24225705 ], [ 136.13050547, 36.24227723 ], [ 136.13050411, 36.24229908 ], [ 136.130499860000015, 36.24231078 ], [ 136.13047542000001, 36.24234533 ], [ 136.13046523, 36.24237314 ], [ 136.13045163000001, 36.24241189 ], [ 136.13043406, 36.24243105 ], [ 136.13041375, 36.2424488 ], [ 136.130388830000015, 36.24246005 ], [ 136.130353140000011, 36.2424722 ], [ 136.130329, 36.24247833 ], [ 136.13030747000002, 36.24248008 ], [ 136.130278660000016, 36.24247759 ], [ 136.13024348, 36.24247078 ], [ 136.13022722, 36.24246664 ], [ 136.130214670000015, 36.24246825 ], [ 136.130188, 36.24248172 ], [ 136.130171890000014, 36.24248487 ], [ 136.130155670000022, 36.24248361 ], [ 136.130118880000026, 36.24248703 ], [ 136.13008514, 36.24250495 ], [ 136.130061360000013, 36.24252856 ], [ 136.13001917, 36.242575 ], [ 136.13000881, 36.24259405 ], [ 136.130000420000016, 36.24262403 ], [ 136.12999542, 36.24264303 ], [ 136.129977130000015, 36.24267092 ], [ 136.129966720000027, 36.24268928 ], [ 136.129967060000013, 36.24270528 ], [ 136.129967500000021, 36.24271564 ], [ 136.12996684, 36.24272695 ], [ 136.12996128, 36.24274047 ], [ 136.129955250000023, 36.24275259 ], [ 136.129948560000031, 36.24275523 ], [ 136.12993781, 36.24275756 ], [ 136.129931610000028, 36.242762 ], [ 136.129921720000027, 36.24277214 ], [ 136.12990506, 36.24278164 ], [ 136.129892550000022, 36.24278544 ], [ 136.129870610000012, 36.24278792 ], [ 136.12985839000001, 36.24278408 ], [ 136.129849140000033, 36.24278186 ], [ 136.129834890000012, 36.24277751 ], [ 136.12982628, 36.24277361 ], [ 136.12982008, 36.24276769 ], [ 136.129810470000024, 36.24274797 ], [ 136.129807860000028, 36.24274236 ], [ 136.12980314, 36.24274117 ], [ 136.12979776, 36.24274161 ], [ 136.129791050000023, 36.24274317 ], [ 136.129786390000021, 36.24274703 ], [ 136.129774140000023, 36.24276022 ], [ 136.12975828, 36.24277725 ], [ 136.12975689000001, 36.24277961 ], [ 136.1297408, 36.24281261 ], [ 136.129721780000011, 36.24284817 ], [ 136.129695500000025, 36.24290428 ], [ 136.129689610000014, 36.24291314 ], [ 136.12967949, 36.24291689 ], [ 136.129673770000011, 36.24291689 ], [ 136.12966655, 36.2429148 ], [ 136.129657470000012, 36.24290941 ], [ 136.129649030000024, 36.24290078 ], [ 136.129641780000014, 36.24288853 ], [ 136.12964034, 36.24287928 ], [ 136.12964034, 36.24286495 ], [ 136.12965302, 36.24284823 ], [ 136.12966047, 36.24283887 ], [ 136.129668470000013, 36.24282639 ], [ 136.129670170000026, 36.24281659 ], [ 136.129669140000033, 36.242813 ], [ 136.129662310000015, 36.24280486 ], [ 136.129643, 36.2427938 ], [ 136.129634690000017, 36.24279187 ], [ 136.129625550000014, 36.24279072 ], [ 136.12961689, 36.24279108 ], [ 136.129606250000023, 36.24279841 ], [ 136.129592050000014, 36.24281817 ], [ 136.12958681, 36.24282908 ], [ 136.129577110000014, 36.24283331 ], [ 136.129568830000011, 36.24283341 ], [ 136.129559880000016, 36.24283097 ], [ 136.129552780000012, 36.24282539 ], [ 136.12954117000001, 36.24281577 ], [ 136.129529780000013, 36.2428095 ], [ 136.129513410000015, 36.24280097 ], [ 136.129496890000013, 36.24279475 ], [ 136.12947908000001, 36.242795 ], [ 136.12946222, 36.24280167 ], [ 136.129441480000025, 36.2428192 ], [ 136.12942713000001, 36.24284364 ], [ 136.1294082, 36.2428832 ], [ 136.129372190000026, 36.24292372 ], [ 136.129349140000016, 36.24293859 ], [ 136.129329440000021, 36.24294177 ], [ 136.129307780000033, 36.24293769 ], [ 136.129289530000023, 36.24292339 ], [ 136.129277520000016, 36.24290828 ], [ 136.129273579999989, 36.24289231 ], [ 136.1292607, 36.24287647 ], [ 136.129239, 36.24287095 ], [ 136.12920484, 36.24286995 ], [ 136.12916992000001, 36.24287625 ], [ 136.12913058, 36.24288697 ], [ 136.12908872, 36.24290356 ], [ 136.12898908, 36.24299664 ], [ 136.128977030000016, 36.24302153 ], [ 136.12897897000002, 36.24302703 ], [ 136.12898275, 36.24303747 ], [ 136.12898486, 36.24305347 ], [ 136.1289837, 36.24306847 ], [ 136.128980700000028, 36.24307669 ], [ 136.12897462, 36.24308695 ], [ 136.128965250000022, 36.24309014 ], [ 136.12895645, 36.24308975 ], [ 136.12894895, 36.24309292 ], [ 136.12893139000002, 36.24311751 ], [ 136.128905620000012, 36.24317536 ], [ 136.12888486, 36.24321861 ], [ 136.12885236, 36.24320667 ], [ 136.128839, 36.24321339 ], [ 136.128817420000019, 36.24321223 ], [ 136.12879917, 36.24319864 ], [ 136.128779080000015, 36.24318436 ], [ 136.128763920000011, 36.24318895 ], [ 136.128746420000027, 36.24321247 ], [ 136.12870464, 36.24327784 ], [ 136.12870202000002, 36.24328277 ], [ 136.128643260000018, 36.24339367 ], [ 136.12864883, 36.24339669 ], [ 136.12865503, 36.2433982 ], [ 136.12865939, 36.24339875 ], [ 136.128664250000014, 36.24339903 ], [ 136.128672280000018, 36.24340005 ], [ 136.12868178, 36.2434015 ], [ 136.12869224, 36.2434042 ], [ 136.12869358, 36.24340675 ], [ 136.128692090000015, 36.24340997 ], [ 136.128688610000012, 36.24341308 ], [ 136.12868364000002, 36.24341551 ], [ 136.12865358, 36.24342428 ], [ 136.128625310000018, 36.24343192 ], [ 136.12861328, 36.24343767 ], [ 136.128608469999989, 36.24344089 ], [ 136.12860333, 36.24344869 ], [ 136.12859803, 36.24346164 ], [ 136.128592090000012, 36.24347933 ], [ 136.12858538, 36.24349689 ], [ 136.128571, 36.24351856 ], [ 136.128562, 36.24353905 ], [ 136.128558270000013, 36.24355513 ], [ 136.128558560000016, 36.24356822 ], [ 136.1285618, 36.24357328 ], [ 136.12857175000002, 36.24357569 ], [ 136.128592, 36.24357725 ], [ 136.128595640000015, 36.24357936 ], [ 136.128597110000015, 36.2435848 ], [ 136.12859859, 36.24359136 ], [ 136.12860161, 36.24360731 ], [ 136.128601410000016, 36.24362041 ], [ 136.128596830000021, 36.24363759 ], [ 136.128575860000012, 36.24368736 ], [ 136.1285665, 36.24371369 ], [ 136.128561750000017, 36.24374433 ], [ 136.128564360000013, 36.24376178 ], [ 136.128570950000011, 36.24377553 ], [ 136.12857481, 36.24378892 ], [ 136.128578520000019, 36.24381617 ], [ 136.128576720000012, 36.24383767 ], [ 136.128575860000012, 36.24386169 ], [ 136.128577060000026, 36.24387625 ], [ 136.12857908, 36.24388678 ], [ 136.12858144, 36.2438922 ], [ 136.12858205, 36.24389595 ], [ 136.128583060000011, 36.2439028 ], [ 136.12858272, 36.24390969 ], [ 136.12858209, 36.24391453 ], [ 136.12857925000003, 36.24391925 ], [ 136.12857545, 36.24392264 ], [ 136.128571610000023, 36.24392425 ], [ 136.12856464, 36.243926 ], [ 136.12854872, 36.24392875 ], [ 136.128540250000015, 36.24392992 ], [ 136.1285302, 36.24393122 ], [ 136.128522170000025, 36.24393525 ], [ 136.12851713, 36.24394005 ], [ 136.128512630000017, 36.24394413 ], [ 136.128492170000015, 36.24397897 ], [ 136.128456450000016, 36.24403661 ], [ 136.12845275, 36.24404261 ], [ 136.128451950000027, 36.24405164 ], [ 136.128452580000015, 36.24406164 ], [ 136.12845228, 36.24407775 ], [ 136.128450250000014, 36.24408467 ], [ 136.12844372, 36.24409514 ], [ 136.12844034, 36.24409941 ], [ 136.128425890000017, 36.24411097 ], [ 136.128422280000024, 36.24411456 ], [ 136.12841319, 36.24412797 ], [ 136.128408470000011, 36.24413608 ], [ 136.12840639, 36.24414189 ], [ 136.128405360000016, 36.24414639 ], [ 136.12840567, 36.24415072 ], [ 136.12840764, 36.24415505 ], [ 136.12841241000001, 36.24415887 ], [ 136.128414890000016, 36.24416089 ], [ 136.128424380000013, 36.24416331 ], [ 136.128432890000028, 36.24416136 ], [ 136.128463090000025, 36.24414939 ], [ 136.128504310000011, 36.24413472 ], [ 136.128512410000013, 36.24413297 ], [ 136.128515310000012, 36.24413303 ], [ 136.128516860000019, 36.24413403 ], [ 136.128518, 36.24413623 ], [ 136.128518300000025, 36.24414014 ], [ 136.128513750000025, 36.2441562 ], [ 136.128504280000016, 36.24418331 ], [ 136.128502630000014, 36.24419005 ], [ 136.128502750000024, 36.24419508 ], [ 136.12850581, 36.2442012 ], [ 136.128508910000022, 36.24420672 ], [ 136.12851387, 36.24421169 ], [ 136.12853031, 36.24422459 ], [ 136.128542610000011, 36.24423328 ], [ 136.12855983, 36.24424531 ], [ 136.12858112, 36.24426325 ], [ 136.12859051, 36.24427408 ], [ 136.128596030000011, 36.24428556 ], [ 136.12859717, 36.24429097 ], [ 136.128596980000026, 36.24429751 ], [ 136.12859370000001, 36.24430567 ], [ 136.12858222, 36.24432017 ], [ 136.128565380000026, 36.24433922 ], [ 136.128553650000015, 36.24435189 ], [ 136.128549580000026, 36.24435792 ], [ 136.128547450000013, 36.24436584 ], [ 136.128546200000017, 36.24437236 ], [ 136.128546740000019, 36.24437887 ], [ 136.128551110000018, 36.24439008 ], [ 136.128576360000011, 36.24444141 ], [ 136.12858209, 36.24445369 ], [ 136.128584500000017, 36.24445887 ], [ 136.128586980000023, 36.24447103 ], [ 136.12858681, 36.24447241 ], [ 136.128585160000029, 36.24448467 ], [ 136.128577780000029, 36.24449567 ], [ 136.128572870000028, 36.24449831 ], [ 136.12856747, 36.24449836 ], [ 136.1285607, 36.24449664 ], [ 136.12854131, 36.24449308 ], [ 136.12853501, 36.24449297 ], [ 136.12852786000002, 36.24449564 ], [ 136.128524030000023, 36.24450005 ], [ 136.128517860000017, 36.24451177 ], [ 136.128509220000012, 36.24452792 ], [ 136.12849922, 36.24454572 ], [ 136.128478370000011, 36.24457089 ], [ 136.12845214, 36.24460256 ], [ 136.128428660000026, 36.24462678 ], [ 136.12839908, 36.24465089 ], [ 136.12837328, 36.24466969 ], [ 136.12834555, 36.24469097 ], [ 136.128307980000017, 36.24471969 ], [ 136.12827341000002, 36.24473769 ], [ 136.12822691, 36.24475414 ], [ 136.128176060000015, 36.24477739 ], [ 136.12808365, 36.24484153 ], [ 136.12806713, 36.24486172 ], [ 136.12805789, 36.24488264 ], [ 136.12804377, 36.2449085 ], [ 136.128027520000018, 36.244943 ], [ 136.128017640000024, 36.24497103 ], [ 136.128013330000016, 36.24498531 ], [ 136.128008490000013, 36.24502639 ], [ 136.128011610000016, 36.24504489 ], [ 136.1280145, 36.2450565 ], [ 136.12801453, 36.24506564 ], [ 136.12801, 36.245081 ], [ 136.127999580000022, 36.24509311 ], [ 136.12797808000002, 36.24511436 ], [ 136.127888610000014, 36.24519123 ], [ 136.12784611, 36.24522933 ], [ 136.12782586, 36.24524405 ], [ 136.127802670000023, 36.24525617 ], [ 136.12777472, 36.24526639 ], [ 136.12775464, 36.24527125 ], [ 136.12771156, 36.24527764 ], [ 136.12765730000001, 36.24527667 ], [ 136.127601560000016, 36.24527797 ], [ 136.12759083, 36.24527678 ], [ 136.12756944, 36.2452748 ], [ 136.12755453, 36.24527328 ], [ 136.127533060000019, 36.24527328 ], [ 136.127509800000013, 36.24527478 ], [ 136.127486550000015, 36.24528059 ], [ 136.12746689, 36.24528639 ], [ 136.127451700000023, 36.24529584 ], [ 136.127441, 36.24530672 ], [ 136.1274285, 36.24531978 ], [ 136.127424030000014, 36.24532775 ], [ 136.12741689, 36.24534005 ], [ 136.127401720000023, 36.24535675 ], [ 136.12739012, 36.24536472 ], [ 136.12737747, 36.24537447 ], [ 136.127366810000012, 36.24538392 ], [ 136.127344670000014, 36.24540356 ], [ 136.127331390000023, 36.24542087 ], [ 136.127309140000023, 36.24544059 ], [ 136.12724272, 36.24548369 ], [ 136.127193580000011, 36.24551636 ], [ 136.127174060000016, 36.24553439 ], [ 136.127098890000013, 36.24559384 ], [ 136.12702803, 36.24565753 ], [ 136.126976830000018, 36.24570805 ], [ 136.126953640000011, 36.24572928 ], [ 136.12687331, 36.24578731 ], [ 136.1268135, 36.24582933 ], [ 136.126735810000014, 36.24588144 ], [ 136.12670219, 36.24590469 ], [ 136.12664328, 36.24594431 ], [ 136.126547280000011, 36.24600959 ], [ 136.12651678, 36.24602587 ], [ 136.12648581000002, 36.24604459 ], [ 136.12646733, 36.24605353 ], [ 136.12645464000002, 36.24603947 ], [ 136.12644348, 36.24603169 ], [ 136.126430510000034, 36.246026 ], [ 136.126417980000014, 36.24602208 ], [ 136.12640109, 36.24601987 ], [ 136.12637462, 36.24602356 ], [ 136.12635591, 36.24602869 ], [ 136.126325010000016, 36.24604356 ], [ 136.126227, 36.24608989 ], [ 136.12619569, 36.24610056 ], [ 136.12616005000001, 36.24610875 ], [ 136.12612453, 36.24610992 ], [ 136.12607811, 36.24611136 ], [ 136.125962410000028, 36.24610853 ], [ 136.12588141, 36.24610344 ], [ 136.12581078, 36.24610159 ], [ 136.12576, 36.24610861 ], [ 136.12565053, 36.24613175 ], [ 136.125583550000016, 36.24615444 ], [ 136.12555703000001, 36.246162 ], [ 136.12552484, 36.246173 ], [ 136.12546655, 36.24619472 ], [ 136.12539781000001, 36.24622128 ], [ 136.125345110000012, 36.24624547 ], [ 136.1253072, 36.24626592 ], [ 136.12528058, 36.24628256 ], [ 136.125271410000011, 36.2462888 ], [ 136.125267, 36.24629544 ], [ 136.125266079999989, 36.24630244 ], [ 136.12526667, 36.24631272 ], [ 136.125124230000011, 36.24636625 ], [ 136.12500258, 36.24641164 ], [ 136.125, 36.24641259 ], [ 136.124948390000014, 36.24643186 ], [ 136.124901750000021, 36.24644928 ], [ 136.124887910000012, 36.24646069 ], [ 136.124878780000017, 36.24645489 ], [ 136.124855890000021, 36.24644703 ], [ 136.124838970000013, 36.24644553 ], [ 136.12482294, 36.24644613 ], [ 136.12480686, 36.24644953 ], [ 136.12478859, 36.24645853 ], [ 136.12476713, 36.24647836 ], [ 136.12472158, 36.24652575 ], [ 136.12470005000003, 36.24655295 ], [ 136.124684190000011, 36.2465788 ], [ 136.124673110000032, 36.24660361 ], [ 136.12466244, 36.24662987 ], [ 136.124659920000028, 36.24663969 ], [ 136.124652090000012, 36.24667008 ], [ 136.12464431, 36.24671 ], [ 136.124629, 36.24676775 ], [ 136.12462667, 36.24678247 ], [ 136.12462786, 36.246793 ], [ 136.12463341, 36.24680144 ], [ 136.124641610000026, 36.24680605 ], [ 136.124659560000026, 36.24681241 ], [ 136.12469, 36.2468225 ], [ 136.12468961, 36.24682439 ], [ 136.124687610000024, 36.24683047 ], [ 136.12468689, 36.24683403 ], [ 136.124665140000019, 36.24690739 ], [ 136.1246285, 36.2470328 ], [ 136.124643610000021, 36.2470378 ], [ 136.12465438000001, 36.24704277 ], [ 136.12465567000001, 36.24704736 ], [ 136.12465258, 36.2470505 ], [ 136.12464302, 36.24705323 ], [ 136.124623360000015, 36.24706147 ], [ 136.124612550000023, 36.247066 ], [ 136.124598110000022, 36.24707922 ], [ 136.124596810000014, 36.24708097 ], [ 136.124578220000018, 36.2470742 ], [ 136.124561340000014, 36.24707233 ], [ 136.12454442, 36.24707397 ], [ 136.12452964000002, 36.24707913 ], [ 136.12451608, 36.24708887 ], [ 136.12442397, 36.24719697 ], [ 136.124393750000024, 36.24722797 ], [ 136.124363140000014, 36.24725547 ], [ 136.12428623, 36.24731841 ], [ 136.12428309, 36.24732717 ], [ 136.12428492, 36.24733605 ], [ 136.124288880000023, 36.24735456 ], [ 136.124212700000015, 36.24744503 ], [ 136.12417536000001, 36.24743587 ], [ 136.124153260000014, 36.24743817 ], [ 136.1241393, 36.24744367 ], [ 136.124129220000015, 36.24745695 ], [ 136.124125620000029, 36.24747128 ], [ 136.124130700000023, 36.24752567 ], [ 136.12414883, 36.24761833 ], [ 136.12415988, 36.24768325 ], [ 136.124163610000011, 36.24770525 ], [ 136.12416725, 36.24772677 ], [ 136.12417044, 36.24773208 ], [ 136.12418747000001, 36.247742 ], [ 136.124169250000023, 36.24778536 ], [ 136.12416012, 36.2477895 ], [ 136.12415092, 36.2477982 ], [ 136.12413722, 36.24782475 ], [ 136.12410533000002, 36.24788439 ], [ 136.12410263000001, 36.24789372 ], [ 136.124101310000015, 36.24790497 ], [ 136.12405591000001, 36.24789047 ], [ 136.124032559999989, 36.24788822 ], [ 136.12398355000002, 36.24789003 ], [ 136.12395575, 36.24789508 ], [ 136.12393830000002, 36.24790656 ], [ 136.12390639, 36.24793439 ], [ 136.12388178, 36.24795244 ], [ 136.123623670000029, 36.24811536 ], [ 136.123407470000018, 36.24825805 ], [ 136.12324992, 36.24836697 ], [ 136.12323131, 36.24834636 ], [ 136.123031390000023, 36.24847964 ], [ 136.122684330000027, 36.24869684 ], [ 136.12250608, 36.24880836 ], [ 136.122330800000015, 36.24898503 ], [ 136.12223122, 36.24910856 ], [ 136.122231280000022, 36.249125 ], [ 136.12224550000002, 36.24914361 ], [ 136.122266810000013, 36.24916505 ], [ 136.12231112, 36.2491858 ], [ 136.122376550000013, 36.24919653 ], [ 136.122388640000025, 36.24917139 ], [ 136.12253103, 36.24898256 ], [ 136.122578200000021, 36.24891703 ], [ 136.122633310000026, 36.24888064 ], [ 136.122702170000025, 36.24883556 ], [ 136.122795520000011, 36.24877439 ], [ 136.122883450000018, 36.24871677 ], [ 136.122914110000011, 36.24869659 ], [ 136.12319394, 36.24851256 ], [ 136.123611720000014, 36.2482392 ], [ 136.12384886000001, 36.24828728 ], [ 136.123925720000017, 36.248303 ], [ 136.12384547000002, 36.24848113 ], [ 136.123802, 36.24857597 ], [ 136.123747950000023, 36.24869572 ], [ 136.12373531, 36.24872375 ], [ 136.123701950000026, 36.24882195 ], [ 136.123640030000018, 36.24899717 ], [ 136.12357241, 36.24919103 ], [ 136.12351178, 36.24924608 ], [ 136.12330975, 36.24931531 ], [ 136.122997560000016, 36.24942431 ], [ 136.122977500000019, 36.24942859 ], [ 136.12296156, 36.24938359 ], [ 136.12294472, 36.24933372 ], [ 136.12284097, 36.24928572 ], [ 136.122834470000015, 36.24926375 ], [ 136.12282973, 36.24925508 ], [ 136.12282317, 36.24925313 ], [ 136.12280711, 36.24925217 ], [ 136.122799970000017, 36.24925603 ], [ 136.122795810000014, 36.2492618 ], [ 136.12278805, 36.24927625 ], [ 136.12277733, 36.24928733 ], [ 136.122769, 36.24930223 ], [ 136.12276961, 36.24931669 ], [ 136.122774940000028, 36.24932678 ], [ 136.12278151000001, 36.249347 ], [ 136.12279575, 36.24937203 ], [ 136.122822500000012, 36.24938744 ], [ 136.122831410000032, 36.24939805 ], [ 136.12283739, 36.249412 ], [ 136.12284331, 36.2494332 ], [ 136.122863530000018, 36.24948375 ], [ 136.12287659, 36.24951405 ], [ 136.122893840000017, 36.24955692 ], [ 136.122912870000022, 36.24958484 ], [ 136.12294377, 36.24962384 ], [ 136.12295745, 36.24964211 ], [ 136.122963670000019, 36.24964872 ], [ 136.122974700000015, 36.24966041 ], [ 136.12299669, 36.2496715 ], [ 136.12301514, 36.24967392 ], [ 136.12303239000002, 36.24967103 ], [ 136.12308783, 36.24964859 ], [ 136.12309425, 36.249646 ], [ 136.12316328, 36.24962867 ], [ 136.123174810000023, 36.24964851 ], [ 136.123180220000023, 36.24965787 ], [ 136.12319681, 36.24968639 ], [ 136.123304140000016, 36.24987131 ], [ 136.123368950000014, 36.24998347 ], [ 136.12337883, 36.2499995 ], [ 136.123379140000026, 36.25 ], [ 136.12339750000001, 36.25002969 ], [ 136.12374917, 36.25011156 ], [ 136.123742140000019, 36.25012328 ], [ 136.123746980000021, 36.25014041 ], [ 136.12376083, 36.25017839 ], [ 136.123770390000033, 36.25020341 ], [ 136.12378326000001, 36.2502158 ], [ 136.12379694, 36.25022253 ], [ 136.123825620000019, 36.25023164 ], [ 136.12385297, 36.25023756 ], [ 136.123869690000021, 36.25024033 ], [ 136.123886030000023, 36.2502438 ], [ 136.12389747, 36.25024695 ], [ 136.123917370000015, 36.25025647 ], [ 136.124003890000012, 36.25029413 ], [ 136.124046780000015, 36.25031675 ], [ 136.124067950000011, 36.25032447 ], [ 136.12408689, 36.25032831 ], [ 136.1241235, 36.25033917 ], [ 136.12415837, 36.25034967 ], [ 136.124178660000013, 36.25035705 ], [ 136.124196720000015, 36.25036159 ], [ 136.124214380000012, 36.25036541 ], [ 136.124237280000017, 36.25036922 ], [ 136.124259750000022, 36.25037197 ], [ 136.124285750000013, 36.25037469 ], [ 136.12430645, 36.25037672 ], [ 136.124391410000015, 36.25038164 ], [ 136.12441608, 36.25038295 ], [ 136.12445484, 36.25038492 ], [ 136.124628640000026, 36.25038351 ], [ 136.124673550000011, 36.25038311 ], [ 136.124699530000015, 36.2503862 ], [ 136.124713650000018, 36.25038933 ], [ 136.124749800000018, 36.250397 ], [ 136.12476433, 36.25040156 ], [ 136.124780220000019, 36.25040789 ], [ 136.124795300000017, 36.25042311 ], [ 136.12480772, 36.25043339 ], [ 136.124818340000019, 36.25043975 ], [ 136.124837720000016, 36.25044072 ], [ 136.124856610000023, 36.25044028 ], [ 136.124884770000023, 36.25043941 ], [ 136.12489364000001, 36.2504465 ], [ 136.124891030000015, 36.25045113 ], [ 136.124884920000028, 36.2504558 ], [ 136.12486433, 36.25047123 ], [ 136.12485167, 36.25048339 ], [ 136.12484645, 36.25049089 ], [ 136.124842550000011, 36.25050161 ], [ 136.124841800000013, 36.25051905 ], [ 136.124847250000016, 36.25053933 ], [ 136.12484778000001, 36.25055144 ], [ 136.12484569, 36.25056711 ], [ 136.124840080000013, 36.25058247 ], [ 136.124838440000019, 36.2505992 ], [ 136.12484163000002, 36.25061236 ], [ 136.12484659, 36.25062589 ], [ 136.124847080000023, 36.25063728 ], [ 136.124847660000029, 36.25065259 ], [ 136.12483953, 36.25068289 ], [ 136.12483445, 36.25071 ], [ 136.124835890000014, 36.2507278 ], [ 136.124839970000011, 36.25074167 ], [ 136.124848390000011, 36.25075017 ], [ 136.12485722, 36.25075441 ], [ 136.12487442, 36.25075825 ], [ 136.124884550000019, 36.2507582 ], [ 136.12489686, 36.25075811 ], [ 136.12490872, 36.25075595 ], [ 136.124921020000016, 36.25075231 ], [ 136.124939, 36.25074189 ], [ 136.12495872, 36.25073075 ], [ 136.125, 36.25070251 ], [ 136.125001170000019, 36.25070169 ], [ 136.12500258, 36.25070067 ], [ 136.125016940000023, 36.25069022 ], [ 136.12504189, 36.25067195 ], [ 136.1250528, 36.2506612 ], [ 136.125069420000017, 36.25064472 ], [ 136.125089560000021, 36.25063039 ], [ 136.125109660000021, 36.25061213 ], [ 136.12515908, 36.25057233 ], [ 136.12517442, 36.25056231 ], [ 136.12518934000002, 36.25055689 ], [ 136.12520516, 36.25055217 ], [ 136.12522625, 36.25054708 ], [ 136.125259660000012, 36.25054478 ], [ 136.125272440000032, 36.25054436 ], [ 136.12527859, 36.25054539 ], [ 136.125283450000012, 36.25054717 ], [ 136.125285250000019, 36.25055072 ], [ 136.125284420000014, 36.25055569 ], [ 136.12528047, 36.25055928 ], [ 136.12527523, 36.25056217 ], [ 136.12526514000001, 36.25056684 ], [ 136.125253720000018, 36.25057331 ], [ 136.125224840000016, 36.25059375 ], [ 136.125206500000019, 36.25061236 ], [ 136.12518419, 36.25063241 ], [ 136.125155330000013, 36.25065605 ], [ 136.1251282, 36.2506765 ], [ 136.12509713, 36.250703 ], [ 136.12507969, 36.25072233 ], [ 136.125070530000016, 36.2507352 ], [ 136.125064470000012, 36.25074661 ], [ 136.125060170000012, 36.25076125 ], [ 136.125057200000015, 36.25077372 ], [ 136.12505558, 36.25079403 ], [ 136.125057060000017, 36.25081539 ], [ 136.125060250000018, 36.25083175 ], [ 136.125062140000011, 36.2508492 ], [ 136.12506278, 36.25087378 ], [ 136.12506375000001, 36.25088661 ], [ 136.12506689, 36.25089441 ], [ 136.12507489, 36.250904 ], [ 136.125086830000015, 36.25091533 ], [ 136.125095720000019, 36.25092311 ], [ 136.12510497, 36.25092628 ], [ 136.12512039, 36.25092728 ], [ 136.125149, 36.25092786 ], [ 136.125158220000031, 36.25092744 ], [ 136.125165720000012, 36.25092669 ], [ 136.125172750000019, 36.25092559 ], [ 136.125179340000017, 36.25092272 ], [ 136.125188080000015, 36.25091733 ], [ 136.125202530000024, 36.25090336 ], [ 136.125212550000015, 36.25089228 ], [ 136.12523, 36.25087047 ], [ 136.125239100000016, 36.25085369 ], [ 136.125249490000016, 36.25082978 ], [ 136.125256830000012, 36.25081156 ], [ 136.125263330000024, 36.25079728 ], [ 136.12526986, 36.25078764 ], [ 136.125279920000025, 36.25077975 ], [ 136.125293090000014, 36.25077113 ], [ 136.125298340000029, 36.25076792 ], [ 136.12530486, 36.25076147 ], [ 136.125313160000019, 36.25075217 ], [ 136.12532536, 36.250735 ], [ 136.12534367, 36.25070964 ], [ 136.12536283, 36.25068353 ], [ 136.125375030000015, 36.25066603 ], [ 136.12538375, 36.25065672 ], [ 136.12540039000001, 36.2506438 ], [ 136.12541134, 36.25063628 ], [ 136.125424470000013, 36.25062839 ], [ 136.12545053, 36.25061636 ], [ 136.125853670000026, 36.25079731 ], [ 136.126140470000024, 36.25092631 ], [ 136.12610645, 36.25095447 ], [ 136.12610458, 36.25096161 ], [ 136.12621805, 36.25107853 ], [ 136.12626341, 36.25104908 ], [ 136.12629908, 36.25105041 ], [ 136.12632416, 36.25105205 ], [ 136.12633781, 36.25105059 ], [ 136.126353640000019, 36.25104872 ], [ 136.126365530000015, 36.25104759 ], [ 136.12638003, 36.25104786 ], [ 136.12639328, 36.25105064 ], [ 136.126416620000015, 36.25105267 ], [ 136.12643202000001, 36.25105475 ], [ 136.12644258, 36.25105469 ], [ 136.12645711, 36.25105353 ], [ 136.1264725, 36.25105028 ], [ 136.12655064, 36.25102531 ], [ 136.126607220000011, 36.25099831 ], [ 136.126621730000011, 36.25099397 ], [ 136.126633990000016, 36.25098828 ], [ 136.12664978, 36.25098208 ], [ 136.12666117, 36.25097667 ], [ 136.126666860000029, 36.250972 ], [ 136.12670803, 36.25096903 ], [ 136.12675397000001, 36.2509638 ], [ 136.126892530000021, 36.25094256 ], [ 136.126921190000019, 36.2509338 ], [ 136.126960420000017, 36.25091931 ], [ 136.12699477000001, 36.25090339 ], [ 136.12702558, 36.2508882 ], [ 136.12710361, 36.25084647 ], [ 136.12728051000002, 36.25075036 ], [ 136.1274008, 36.25068628 ], [ 136.127475620000013, 36.25064905 ], [ 136.12752691, 36.25062756 ], [ 136.12760659, 36.25060013 ], [ 136.12763453, 36.25059153 ], [ 136.12773908, 36.25056947 ], [ 136.12776073, 36.25056541 ], [ 136.127810170000032, 36.25055767 ], [ 136.127851240000012, 36.2505535 ], [ 136.127900730000022, 36.25054756 ], [ 136.12794713, 36.25054375 ], [ 136.12798737, 36.25054175 ], [ 136.128025810000025, 36.2505412 ], [ 136.128066500000017, 36.25054172 ], [ 136.128115190000017, 36.25054397 ], [ 136.128196640000027, 36.25055325 ], [ 136.12831742000003, 36.2505728 ], [ 136.128290780000015, 36.25058959 ], [ 136.12826747, 36.25060808 ], [ 136.128256420000014, 36.25061784 ], [ 136.128255470000028, 36.25062384 ], [ 136.128257170000012, 36.25062808 ], [ 136.12826148000002, 36.25063203 ], [ 136.128267560000012, 36.25063241 ], [ 136.128277130000015, 36.25062969 ], [ 136.1283017, 36.25061686 ], [ 136.12831219, 36.25061413 ], [ 136.128323060000014, 36.25061459 ], [ 136.12832997000001, 36.25061784 ], [ 136.12833508, 36.25062669 ], [ 136.12833669, 36.25064308 ], [ 136.1283372, 36.25066025 ], [ 136.12834394, 36.2506755 ], [ 136.128360730000026, 36.25069084 ], [ 136.128383610000014, 36.25070236 ], [ 136.12842224, 36.25070941 ], [ 136.128452630000027, 36.25071464 ], [ 136.12852, 36.25072233 ], [ 136.128639640000017, 36.25072447 ], [ 136.12866667, 36.25072331 ], [ 136.128681020000016, 36.25072344 ], [ 136.1286945, 36.25072533 ], [ 136.12875825, 36.25074108 ], [ 136.128798500000016, 36.25075667 ], [ 136.12881908, 36.25077872 ], [ 136.128825910000018, 36.25078692 ], [ 136.128838, 36.25079372 ], [ 136.12885623, 36.2507985 ], [ 136.12888053, 36.25080225 ], [ 136.128917, 36.25080964 ], [ 136.128937420000028, 36.25081125 ], [ 136.12897669, 36.25080492 ], [ 136.128994140000032, 36.25080261 ], [ 136.12901328, 36.25080208 ], [ 136.12903545, 36.25080475 ], [ 136.129051920000023, 36.25080878 ], [ 136.1290692, 36.25081705 ], [ 136.12908783, 36.25082431 ], [ 136.12910864, 36.25082872 ], [ 136.12913608, 36.25082792 ], [ 136.129165720000032, 36.25082397 ], [ 136.12919105, 36.2508182 ], [ 136.12923109, 36.25081892 ], [ 136.129267640000023, 36.25082064 ], [ 136.129288520000017, 36.25082186 ], [ 136.12931674, 36.25082395 ], [ 136.12934328, 36.25082597 ], [ 136.12937492, 36.25083544 ], [ 136.12941053, 36.25083964 ], [ 136.12943789000002, 36.25084308 ], [ 136.129479590000017, 36.25084877 ], [ 136.129503020000016, 36.25085428 ], [ 136.12953250000001, 36.25086161 ], [ 136.129564140000014, 36.25087144 ], [ 136.12959189, 36.25087841 ], [ 136.129618780000015, 36.25088572 ], [ 136.12964134, 36.25089192 ], [ 136.129679470000013, 36.25090217 ], [ 136.129704160000017, 36.2509098 ], [ 136.12972975, 36.25091605 ], [ 136.129780340000025, 36.25094053 ], [ 136.12980008, 36.25095905 ], [ 136.129811250000017, 36.25096939 ], [ 136.129828590000017, 36.25097487 ], [ 136.129847200000029, 36.25098139 ], [ 136.129859340000024, 36.25098503 ], [ 136.129865810000013, 36.25099003 ], [ 136.129870440000019, 36.25100031 ], [ 136.129875450000014, 36.25101484 ], [ 136.1298783, 36.25102828 ], [ 136.12988167, 36.25103641 ], [ 136.129886840000012, 36.25104141 ], [ 136.12989375, 36.25104467 ], [ 136.12992073, 36.25104597 ], [ 136.129968110000021, 36.25104817 ], [ 136.130015140000012, 36.2510465 ], [ 136.13003261, 36.25104241 ], [ 136.13004706000001, 36.25103689 ], [ 136.130058910000031, 36.2510282 ], [ 136.130072190000021, 36.25101453 ], [ 136.130082830000021, 36.25100017 ], [ 136.130091720000024, 36.25098647 ], [ 136.13010012, 36.25097844 ], [ 136.130111530000022, 36.25097147 ], [ 136.13012419, 36.25096667 ], [ 136.13014214, 36.25096189 ], [ 136.130175380000026, 36.25094841 ], [ 136.130215670000013, 36.2509315 ], [ 136.130283330000026, 36.25091695 ], [ 136.130310800000018, 36.25091297 ], [ 136.13033475, 36.25091356 ], [ 136.13035514, 36.2509162 ], [ 136.1304365, 36.250918 ], [ 136.130464360000019, 36.25091933 ], [ 136.130496060000013, 36.25092317 ], [ 136.130518560000013, 36.25093289 ], [ 136.13052803, 36.25094039 ], [ 136.130538370000011, 36.2509472 ], [ 136.13055173, 36.25095686 ], [ 136.13056642, 36.25096478 ], [ 136.130585520000011, 36.25096775 ], [ 136.130606860000029, 36.25096761 ], [ 136.130627370000013, 36.25096214 ], [ 136.13067949, 36.25096828 ], [ 136.130709530000019, 36.25096856 ], [ 136.13075519, 36.25097075 ], [ 136.13079564, 36.25097431 ], [ 136.13080647000001, 36.25097617 ], [ 136.130815110000015, 36.25098084 ], [ 136.13082764, 36.25098872 ], [ 136.130844940000031, 36.25099417 ], [ 136.130861050000021, 36.25099572 ], [ 136.130876280000024, 36.25099517 ], [ 136.130897640000029, 36.25099361 ], [ 136.130953, 36.25098741 ], [ 136.130979200000013, 36.25098095 ], [ 136.13100319, 36.25097553 ], [ 136.131021050000015, 36.25097461 ], [ 136.13103847, 36.25097513 ], [ 136.131051500000012, 36.25097561 ], [ 136.1310607, 36.25097323 ], [ 136.131067300000012, 36.25096728 ], [ 136.13107442, 36.25095641 ], [ 136.13108745, 36.25092831 ], [ 136.131096830000018, 36.25091072 ], [ 136.13110258, 36.25090303 ], [ 136.131108760000018, 36.25089814 ], [ 136.13111756, 36.25089114 ], [ 136.131125030000021, 36.25088628 ], [ 136.131143870000017, 36.25087728 ], [ 136.131163110000017, 36.25086969 ], [ 136.131193280000019, 36.25086008 ], [ 136.13123608, 36.25085022 ], [ 136.131261020000011, 36.25084095 ], [ 136.131306450000011, 36.25082831 ], [ 136.131341890000016, 36.25081628 ], [ 136.13136764, 36.2508098 ], [ 136.131386390000017, 36.2508075 ], [ 136.131449100000026, 36.25080387 ], [ 136.131482670000025, 36.25080028 ], [ 136.13152317, 36.25079853 ], [ 136.13156927, 36.25080108 ], [ 136.131596230000014, 36.25080275 ], [ 136.131629660000016, 36.25080764 ], [ 136.13165533, 36.25080931 ], [ 136.131671, 36.25080944 ], [ 136.131729200000024, 36.25081844 ], [ 136.131760440000022, 36.25082297 ], [ 136.13179392, 36.25082717 ], [ 136.13182131, 36.25082953 ], [ 136.13184783, 36.25083086 ], [ 136.13192462, 36.25084887 ], [ 136.131958880000013, 36.25085553 ], [ 136.131992750000023, 36.25086078 ], [ 136.13201795, 36.25086492 ], [ 136.13207872000001, 36.25087569 ], [ 136.132137780000022, 36.25088436 ], [ 136.132164690000025, 36.25088956 ], [ 136.132175470000021, 36.25089741 ], [ 136.132209250000017, 36.25090869 ], [ 136.13224261000002, 36.25091922 ], [ 136.132308810000012, 36.25094703 ], [ 136.1323408, 36.25096039 ], [ 136.13236287, 36.25097047 ], [ 136.132384030000026, 36.25098197 ], [ 136.132401720000018, 36.25099236 ], [ 136.132425330000018, 36.25101484 ], [ 136.132449880000024, 36.25103411 ], [ 136.13246881, 36.25104984 ], [ 136.13248944, 36.25106872 ], [ 136.132507890000028, 36.25108725 ], [ 136.13252380000003, 36.25110047 ], [ 136.132546640000015, 36.25111622 ], [ 136.13256, 36.25112692 ], [ 136.132581110000018, 36.25114053 ], [ 136.13260484, 36.25115733 ], [ 136.13261942, 36.25117161 ], [ 136.13263956, 36.25119333 ], [ 136.132663260000015, 36.25121051 ], [ 136.132676520000018, 36.25122684 ], [ 136.132686690000014, 36.25124531 ], [ 136.132691240000014, 36.25126195 ], [ 136.132693190000026, 36.2512782 ], [ 136.13269263, 36.25128736 ], [ 136.13269283, 36.25130289 ], [ 136.132697470000011, 36.2513132 ], [ 136.132707780000032, 36.25132317 ], [ 136.132722890000025, 36.25133425 ], [ 136.13274438, 36.25135067 ], [ 136.13276553, 36.25136395 ], [ 136.13278542, 36.25137367 ], [ 136.132801480000012, 36.25137592 ], [ 136.132854920000028, 36.25138347 ], [ 136.13288706, 36.25138695 ], [ 136.1329062, 36.25138925 ], [ 136.132922220000012, 36.25139364 ], [ 136.132967300000018, 36.25140569 ], [ 136.132997610000018, 36.25141692 ], [ 136.133022780000033, 36.2514228 ], [ 136.13304231, 36.25142759 ], [ 136.13306097, 36.25143092 ], [ 136.133142550000031, 36.25144756 ], [ 136.133167300000025, 36.25145028 ], [ 136.13318905, 36.25145259 ], [ 136.133242, 36.25146331 ], [ 136.133267610000019, 36.25146636 ], [ 136.133288890000017, 36.25147011 ], [ 136.1333227, 36.25147959 ], [ 136.133333330000028, 36.25148295 ], [ 136.133335940000023, 36.25148375 ], [ 136.133340030000028, 36.25148505 ], [ 136.133373580000011, 36.25150917 ], [ 136.133403, 36.25152764 ], [ 136.133432410000012, 36.25155011 ], [ 136.133452050000017, 36.25156728 ], [ 136.133482610000016, 36.25157339 ], [ 136.13351864, 36.25157514 ], [ 136.133532550000012, 36.25157367 ], [ 136.133541700000023, 36.25157367 ], [ 136.133557760000031, 36.25157159 ], [ 136.133578910000011, 36.25156747 ], [ 136.13360341, 36.25155441 ], [ 136.13363131, 36.25154341 ], [ 136.133666810000022, 36.25153036 ], [ 136.133701480000013, 36.25151251 ], [ 136.13372798, 36.25150347 ], [ 136.13374986, 36.2514952 ], [ 136.13378258, 36.2514888 ], [ 136.13380616, 36.25148336 ], [ 136.133821830000016, 36.25148244 ], [ 136.13384703, 36.25148761 ], [ 136.133864250000016, 36.25150084 ], [ 136.13388508, 36.25150528 ], [ 136.13391078, 36.25150303 ], [ 136.13395655, 36.25149817 ], [ 136.133976140000016, 36.251498 ], [ 136.133985450000011, 36.25149564 ], [ 136.13399211, 36.25148775 ], [ 136.133997560000012, 36.25147495 ], [ 136.13399691, 36.25146217 ], [ 136.133993260000011, 36.25144444 ], [ 136.13399261, 36.25143113 ], [ 136.133994420000022, 36.25142033 ], [ 136.13400292, 36.25141195 ], [ 136.13401625, 36.251407 ], [ 136.1340992, 36.25140423 ], [ 136.1341845, 36.25140511 ], [ 136.134195840000018, 36.25140269 ], [ 136.134209340000012, 36.251396 ], [ 136.13422244000003, 36.25138547 ], [ 136.134237250000012, 36.25137844 ], [ 136.13425511, 36.25137108 ], [ 136.13427647, 36.25136692 ], [ 136.13430477, 36.25136169 ], [ 136.13432394, 36.25136175 ], [ 136.134352220000011, 36.25136497 ], [ 136.13436655000001, 36.25136959 ], [ 136.13438394, 36.2513742 ], [ 136.13439876000001, 36.25137705 ], [ 136.134410950000017, 36.25137603 ], [ 136.134422280000024, 36.25137253 ], [ 136.13442358, 36.25136689 ], [ 136.13442361, 36.25136092 ], [ 136.134423640000023, 36.25134997 ], [ 136.134426720000022, 36.25134084 ], [ 136.134435060000015, 36.25132708 ], [ 136.13444292, 36.2513155 ], [ 136.13445908, 36.25129895 ], [ 136.13447525, 36.25128347 ], [ 136.134494470000021, 36.2512638 ], [ 136.13450756, 36.25125605 ], [ 136.134526300000033, 36.25125011 ], [ 136.134542870000018, 36.25124347 ], [ 136.13455375, 36.25123925 ], [ 136.134565080000016, 36.25123328 ], [ 136.134579950000017, 36.25122028 ], [ 136.134600440000014, 36.25120377 ], [ 136.13464761, 36.25116369 ], [ 136.134662920000011, 36.25114295 ], [ 136.134680390000028, 36.25112323 ], [ 136.13469828, 36.251106 ], [ 136.134726230000012, 36.2510828 ], [ 136.1347437, 36.25106453 ], [ 136.13475766000002, 36.25105328 ], [ 136.134778610000012, 36.25104133 ], [ 136.13479737, 36.25103364 ], [ 136.134803920000024, 36.2510252 ], [ 136.13480655, 36.25101814 ], [ 136.134807450000011, 36.25100933 ], [ 136.134806160000011, 36.25100297 ], [ 136.134804920000022, 36.25099169 ], [ 136.13480536, 36.25098184 ], [ 136.134810610000017, 36.25097375 ], [ 136.13481934, 36.25096917 ], [ 136.13482891000001, 36.25096567 ], [ 136.134843750000016, 36.250965 ], [ 136.134865940000026, 36.25095941 ], [ 136.13487597, 36.25095275 ], [ 136.13488558, 36.25094217 ], [ 136.134893890000029, 36.25093761 ], [ 136.13490564, 36.25093695 ], [ 136.134916940000011, 36.2509398 ], [ 136.13492825, 36.25094086 ], [ 136.134941750000024, 36.25094125 ], [ 136.134950030000027, 36.25094056 ], [ 136.13495655, 36.25093636 ], [ 136.134960950000021, 36.25092756 ], [ 136.13496358, 36.25091769 ], [ 136.134966250000019, 36.25090889 ], [ 136.134970190000018, 36.25090292 ], [ 136.134975420000018, 36.25089903 ], [ 136.13498064, 36.25089622 ], [ 136.134991970000016, 36.25089061 ], [ 136.13499722, 36.25088289 ], [ 136.135007280000025, 36.25086986 ], [ 136.135022140000018, 36.25085439 ], [ 136.135032630000012, 36.25084241 ], [ 136.13504659, 36.25083259 ], [ 136.135060970000012, 36.25082697 ], [ 136.13506533, 36.250821 ], [ 136.13507322000001, 36.2508122 ], [ 136.135087640000023, 36.25079497 ], [ 136.13510248, 36.25078513 ], [ 136.135117760000014, 36.25077811 ], [ 136.135131240000021, 36.25077039 ], [ 136.13515261, 36.25076059 ], [ 136.13516875000002, 36.25075569 ], [ 136.135180050000031, 36.25075325 ], [ 136.135190530000017, 36.25074797 ], [ 136.13520144, 36.25074095 ], [ 136.135216250000013, 36.25073675 ], [ 136.13522975, 36.25073714 ], [ 136.135246280000018, 36.25074033 ], [ 136.13525844000003, 36.25074672 ], [ 136.135283220000019, 36.25075769 ], [ 136.13529148, 36.25075877 ], [ 136.135298880000022, 36.25075808 ], [ 136.135305860000017, 36.25075564 ], [ 136.135311530000024, 36.25074897 ], [ 136.13532244000001, 36.25073769 ], [ 136.135337720000024, 36.25072892 ], [ 136.13535472, 36.25071944 ], [ 136.135376520000023, 36.25070539 ], [ 136.135390050000012, 36.25069944 ], [ 136.13541272, 36.25068822 ], [ 136.135426670000015, 36.25068156 ], [ 136.135438890000017, 36.25067417 ], [ 136.135453720000015, 36.25066997 ], [ 136.135477220000013, 36.25066861 ], [ 136.135492890000023, 36.25066831 ], [ 136.135502020000018, 36.25066656 ], [ 136.135505530000017, 36.25066447 ], [ 136.13551209000002, 36.25065672 ], [ 136.13551905, 36.25065003 ], [ 136.13552908, 36.25064867 ], [ 136.1355417, 36.25064867 ], [ 136.135566940000018, 36.25065051 ], [ 136.135585670000012, 36.25064984 ], [ 136.135603530000026, 36.25064884 ], [ 136.135613090000021, 36.25064744 ], [ 136.135626160000015, 36.25064395 ], [ 136.135633550000023, 36.25064114 ], [ 136.13564012, 36.25063444 ], [ 136.13564711, 36.25062811 ], [ 136.13565975, 36.25062464 ], [ 136.135682800000012, 36.25062256 ], [ 136.13570066, 36.2506205 ], [ 136.13571983, 36.25061489 ], [ 136.135745110000016, 36.25060967 ], [ 136.135766030000013, 36.25060408 ], [ 136.13577822000002, 36.25059986 ], [ 136.13580044, 36.25059533 ], [ 136.135819590000011, 36.25059539 ], [ 136.13583394, 36.25059505 ], [ 136.13586837, 36.25059372 ], [ 136.13590536000001, 36.25059064 ], [ 136.135946280000013, 36.25058333 ], [ 136.13599331, 36.25058239 ], [ 136.136075550000015, 36.25058644 ], [ 136.136090780000018, 36.2505872 ], [ 136.13610995, 36.25058795 ], [ 136.13612211, 36.25058867 ], [ 136.13613737, 36.25058731 ], [ 136.13614956, 36.2505845 ], [ 136.13616436, 36.25058525 ], [ 136.13617131, 36.25058667 ], [ 136.136176520000021, 36.25059197 ], [ 136.136188660000016, 36.25060117 ], [ 136.136211700000018, 36.25061531 ], [ 136.136233870000012, 36.250627 ], [ 136.136240800000024, 36.25062878 ], [ 136.136247780000019, 36.25062987 ], [ 136.13625822000003, 36.25062987 ], [ 136.136281310000015, 36.2506278 ], [ 136.13629261, 36.25062641 ], [ 136.13631136, 36.25062153 ], [ 136.13633228, 36.25061595 ], [ 136.13634969, 36.25060892 ], [ 136.136371090000011, 36.25059169 ], [ 136.13637895, 36.25058467 ], [ 136.1363925, 36.25056567 ], [ 136.136401480000018, 36.25055153 ], [ 136.136404310000017, 36.25054703 ], [ 136.136408280000012, 36.25053647 ], [ 136.136415720000031, 36.25052697 ], [ 136.13642662, 36.25051784 ], [ 136.13644453, 36.25050305 ], [ 136.13645503, 36.25048933 ], [ 136.136463750000019, 36.25047736 ], [ 136.136469880000021, 36.25046964 ], [ 136.136482550000011, 36.25045908 ], [ 136.136491700000022, 36.25045595 ], [ 136.136501720000012, 36.25045384 ], [ 136.13650956, 36.2504528 ], [ 136.136524770000022, 36.25045178 ], [ 136.136552630000011, 36.25045395 ], [ 136.1365792, 36.25045684 ], [ 136.13659486, 36.25045686 ], [ 136.13663403000001, 36.25045731 ], [ 136.136657980000024, 36.25045631 ], [ 136.13667756000001, 36.25045564 ], [ 136.136693220000012, 36.25045464 ], [ 136.136710640000018, 36.25045431 ], [ 136.136786350000023, 36.25045451 ], [ 136.1368917, 36.2504572 ], [ 136.136928250000011, 36.25045833 ], [ 136.136955250000028, 36.250457 ], [ 136.13697572, 36.25045564 ], [ 136.136995750000011, 36.25045356 ], [ 136.13701577, 36.25045113 ], [ 136.137080200000014, 36.25044987 ], [ 136.13709891000002, 36.25044675 ], [ 136.13710895, 36.25044359 ], [ 136.13711942, 36.25043833 ], [ 136.137129, 36.25043589 ], [ 136.13713815, 36.25043484 ], [ 136.137149030000018, 36.25043417 ], [ 136.13716034, 36.25043561 ], [ 136.13717645, 36.25043847 ], [ 136.137202090000017, 36.2504438 ], [ 136.13720992, 36.25044417 ], [ 136.137216030000019, 36.2504442 ], [ 136.13722472, 36.25044208 ], [ 136.137236500000029, 36.25043613 ], [ 136.13725044, 36.25042841 ], [ 136.13726136, 36.25042351 ], [ 136.137272700000011, 36.25041964 ], [ 136.137294030000021, 36.25041689 ], [ 136.13732103000001, 36.25041061 ], [ 136.137347170000027, 36.25040503 ], [ 136.137388970000018, 36.25039841 ], [ 136.137410750000015, 36.25039495 ], [ 136.137442550000031, 36.25039008 ], [ 136.137464310000013, 36.25038767 ], [ 136.13749, 36.25038561 ], [ 136.137533530000013, 36.25038817 ], [ 136.13758445000002, 36.2503918 ], [ 136.137625360000015, 36.25039189 ], [ 136.1376902, 36.25038995 ], [ 136.137801170000017, 36.25040392 ], [ 136.13783511, 36.25040505 ], [ 136.137916890000014, 36.25041336 ], [ 136.13794825, 36.25041484 ], [ 136.138066590000022, 36.25043131 ], [ 136.13810616, 36.25043811 ], [ 136.138141390000015, 36.25044241 ], [ 136.1381662, 36.25044633 ], [ 136.138199690000022, 36.25045384 ], [ 136.1382275, 36.2504648 ], [ 136.13826056000002, 36.25047751 ], [ 136.13828211, 36.25048644 ], [ 136.138293160000018, 36.25049389 ], [ 136.138304770000019, 36.25050689 ], [ 136.138311360000017, 36.25051605 ], [ 136.138313360000012, 36.25051792 ], [ 136.13831436000001, 36.25051895 ], [ 136.138311250000015, 36.25053831 ], [ 136.13830905, 36.25054889 ], [ 136.138307280000021, 36.25055911 ], [ 136.13830508, 36.25056687 ], [ 136.138286670000014, 36.25059817 ], [ 136.138274380000013, 36.250626 ], [ 136.138259050000016, 36.25065769 ], [ 136.13825508, 36.25067036 ], [ 136.13825681, 36.25067705 ], [ 136.138261140000026, 36.25068164 ], [ 136.138265030000014, 36.25068484 ], [ 136.138270700000021, 36.25068697 ], [ 136.13827591, 36.25068697 ], [ 136.138282890000028, 36.25068347 ], [ 136.138289440000023, 36.25067784 ], [ 136.138305160000016, 36.25066167 ], [ 136.138319170000017, 36.25064547 ], [ 136.138329270000014, 36.25062159 ], [ 136.13833222, 36.2506092 ], [ 136.13833698000002, 36.25058777 ], [ 136.13833681, 36.25057433 ], [ 136.13833553, 36.25056623 ], [ 136.138336010000017, 36.25056022 ], [ 136.13833864, 36.25055425 ], [ 136.13834431, 36.25054686 ], [ 136.138351730000011, 36.25054369 ], [ 136.13835914, 36.25054231 ], [ 136.13836372, 36.25054267 ], [ 136.13838783, 36.25054625 ], [ 136.13841611, 36.25055231 ], [ 136.13844481000001, 36.25056117 ], [ 136.13849263, 36.25057292 ], [ 136.13851438, 36.2505772 ], [ 136.138537, 36.25058041 ], [ 136.138581830000021, 36.2505865 ], [ 136.13861183, 36.25059575 ], [ 136.13864966, 36.25060217 ], [ 136.13868839, 36.25061108 ], [ 136.138761, 36.25063413 ], [ 136.138791850000018, 36.25064303 ], [ 136.13882056, 36.25065508 ], [ 136.13884489, 36.25066641 ], [ 136.138888340000022, 36.25069084 ], [ 136.138910050000021, 36.25070108 ], [ 136.13893092, 36.25070856 ], [ 136.13895484, 36.25071811 ], [ 136.138978300000019, 36.25072417 ], [ 136.13901397, 36.25073659 ], [ 136.139047440000013, 36.25075005 ], [ 136.139093090000017, 36.25076847 ], [ 136.139118270000012, 36.2507798 ], [ 136.13912872, 36.25078441 ], [ 136.139146079999989, 36.25079186 ], [ 136.139155640000013, 36.25079753 ], [ 136.13916953, 36.25081025 ], [ 136.139173410000012, 36.25082117 ], [ 136.13917294, 36.25083353 ], [ 136.139167660000027, 36.25085005 ], [ 136.139164110000024, 36.25086592 ], [ 136.139163670000016, 36.25087508 ], [ 136.13916581, 36.25088251 ], [ 136.139169690000017, 36.25088636 ], [ 136.139176670000012, 36.2508885 ], [ 136.139186250000023, 36.25088995 ], [ 136.13919365000001, 36.2508882 ], [ 136.139200610000017, 36.25088256 ], [ 136.13920678, 36.25087061 ], [ 136.139214230000022, 36.25084984 ], [ 136.139220360000024, 36.2508382 ], [ 136.13922997, 36.25082941 ], [ 136.13923739, 36.25082486 ], [ 136.139246520000029, 36.25082133 ], [ 136.139258720000015, 36.25082103 ], [ 136.139293970000011, 36.25082675 ], [ 136.13934706, 36.2508325 ], [ 136.1394075, 36.25084322 ], [ 136.139442310000021, 36.25084997 ], [ 136.13949058, 36.25086208 ], [ 136.13956103000001, 36.25087987 ], [ 136.13960148000001, 36.25089333 ], [ 136.1396445, 36.25091072 ], [ 136.139673610000017, 36.25092523 ], [ 136.13969837, 36.25094256 ], [ 136.13971964000001, 36.25095953 ], [ 136.13975134, 36.25098286 ], [ 136.139758950000015, 36.25098892 ], [ 136.13977477, 36.25100159 ], [ 136.139796890000014, 36.25102561 ], [ 136.13981555, 36.25104361 ], [ 136.13982594, 36.25105456 ], [ 136.13982678, 36.25106587 ], [ 136.139826740000018, 36.25107572 ], [ 136.139823220000011, 36.25108947 ], [ 136.139822310000028, 36.25110251 ], [ 136.13982662, 36.25111447 ], [ 136.13983613000002, 36.25113214 ], [ 136.139849100000021, 36.25115189 ], [ 136.139855580000017, 36.25117272 ], [ 136.13985686, 36.25118295 ], [ 136.139855910000023, 36.25119913 ], [ 136.13985545, 36.25120831 ], [ 136.139843550000023, 36.2512488 ], [ 136.13983348, 36.25126853 ], [ 136.1398217, 36.2512812 ], [ 136.139809, 36.25129841 ], [ 136.13980372, 36.25131605 ], [ 136.13980497, 36.25133087 ], [ 136.13981322, 36.25134039 ], [ 136.13982708, 36.25135453 ], [ 136.13983969, 36.25136195 ], [ 136.13985445, 36.25137503 ], [ 136.13986655, 36.25139867 ], [ 136.139870390000027, 36.25141805 ], [ 136.139871670000019, 36.25143111 ], [ 136.13987542000001, 36.25147975 ], [ 136.13987927, 36.25149667 ], [ 136.139876500000014, 36.25154636 ], [ 136.13987645, 36.25155869 ], [ 136.13987377, 36.25157633 ], [ 136.139875470000021, 36.25158725 ], [ 136.13987713, 36.2516158 ], [ 136.139881440000011, 36.25162075 ], [ 136.139889690000018, 36.2516278 ], [ 136.139903160000017, 36.25163631 ], [ 136.139917950000012, 36.2516448 ], [ 136.13994445, 36.25166178 ], [ 136.139958760000013, 36.25167097 ], [ 136.139968300000021, 36.25168156 ], [ 136.1399735, 36.25169251 ], [ 136.139973890000022, 36.25170341 ], [ 136.139973, 36.25170908 ], [ 136.139967760000019, 36.25171259 ], [ 136.139959920000024, 36.25171433 ], [ 136.139949920000021, 36.25171395 ], [ 136.13992425, 36.25171 ], [ 136.13990161000001, 36.25170713 ], [ 136.139893770000015, 36.25170641 ], [ 136.139889860000011, 36.25170784 ], [ 136.139874580000026, 36.2517212 ], [ 136.13986017000002, 36.25173561 ], [ 136.139847950000018, 36.25174756 ], [ 136.1398427, 36.25175636 ], [ 136.13984224, 36.25176164 ], [ 136.13984394, 36.25177011 ], [ 136.13984111000002, 36.25180028 ], [ 136.13984008, 36.25185147 ], [ 136.13984553, 36.2518658 ], [ 136.139851030000017, 36.25187387 ], [ 136.139863330000026, 36.25188997 ], [ 136.13990586, 36.25193631 ], [ 136.13992042000001, 36.25194339 ], [ 136.13993506, 36.25194489 ], [ 136.139962670000017, 36.25193989 ], [ 136.14003519, 36.25192511 ], [ 136.140067660000028, 36.25191072 ], [ 136.14009406, 36.2519008 ], [ 136.140110470000025, 36.25189744 ], [ 136.14012377, 36.25189964 ], [ 136.140134500000016, 36.25190495 ], [ 136.1401409, 36.25191092 ], [ 136.14015236, 36.25192425 ], [ 136.140165060000015, 36.25194284 ], [ 136.1401825, 36.25196072 ], [ 136.14018844, 36.25196844 ], [ 136.140206280000029, 36.25199225 ], [ 136.14021258, 36.25200344 ], [ 136.14022664, 36.25201856 ], [ 136.140238610000011, 36.25202422 ], [ 136.14025752, 36.2520282 ], [ 136.140276450000016, 36.25202972 ], [ 136.140287200000017, 36.25203331 ], [ 136.14032739000001, 36.25205695 ], [ 136.14034365, 36.25206823 ], [ 136.140357640000019, 36.25208436 ], [ 136.14036438, 36.25209695 ], [ 136.14037231, 36.25212036 ], [ 136.140371110000018, 36.25214892 ], [ 136.140378520000013, 36.25217789 ], [ 136.140379250000024, 36.25219113 ], [ 136.140382090000031, 36.25220475 ], [ 136.14038628000003, 36.25221595 ], [ 136.140400780000022, 36.25222859 ], [ 136.1404192, 36.25223675 ], [ 136.140462440000022, 36.25225972 ], [ 136.140479950000014, 36.25227169 ], [ 136.14049445, 36.25228367 ], [ 136.14050633, 36.25229908 ], [ 136.14051394, 36.25231064 ], [ 136.14051942, 36.25232253 ], [ 136.140521410000019, 36.25233475 ], [ 136.14053, 36.25237313 ], [ 136.14053044000002, 36.25241078 ], [ 136.1405272, 36.25243095 ], [ 136.140525360000026, 36.25244069 ], [ 136.140520510000016, 36.25244972 ], [ 136.140508340000025, 36.25245939 ], [ 136.140493170000013, 36.25246797 ], [ 136.14048097, 36.25247833 ], [ 136.14047394, 36.25249256 ], [ 136.14046428, 36.25250747 ], [ 136.140450730000026, 36.2525255 ], [ 136.140444550000012, 36.25253659 ], [ 136.14044272000001, 36.252546 ], [ 136.140443920000024, 36.25255403 ], [ 136.14045852000001, 36.25259559 ], [ 136.140468220000031, 36.25261272 ], [ 136.140480950000011, 36.25263025 ], [ 136.14049538, 36.25264675 ], [ 136.14052056, 36.2526675 ], [ 136.140538890000016, 36.252684 ], [ 136.140558, 36.25270786 ], [ 136.140563860000015, 36.25272113 ], [ 136.14057148, 36.25273408 ], [ 136.14057956000002, 36.25274287 ], [ 136.14058897000001, 36.25274813 ], [ 136.140598, 36.25274928 ], [ 136.140608750000013, 36.25275039 ], [ 136.14062689, 36.252746 ], [ 136.14064034, 36.25273947 ], [ 136.14065156, 36.25273678 ], [ 136.14065973000001, 36.2527372 ], [ 136.14066664, 36.2527362 ], [ 136.140672310000014, 36.25272892 ], [ 136.140678, 36.25272061 ], [ 136.140688, 36.25271267 ], [ 136.140697980000027, 36.25270684 ], [ 136.140708750000016, 36.25270553 ], [ 136.14072601, 36.25270564 ], [ 136.140750920000016, 36.25270897 ], [ 136.140759560000021, 36.25270731 ], [ 136.140768220000012, 36.25270353 ], [ 136.140781750000031, 36.25268761 ], [ 136.140796670000015, 36.25266508 ], [ 136.140804160000016, 36.25265014 ], [ 136.140815500000031, 36.25263769 ], [ 136.140823330000018, 36.25263113 ], [ 136.140829810000014, 36.25262908 ], [ 136.140837590000018, 36.25262913 ], [ 136.140845720000016, 36.252632 ], [ 136.140854690000026, 36.25263833 ], [ 136.140865360000021, 36.25264505 ], [ 136.14087988, 36.252657 ], [ 136.140891410000023, 36.25266613 ], [ 136.14090939, 36.25267536 ], [ 136.1409227, 36.25267892 ], [ 136.140939440000011, 36.25268253 ], [ 136.14095789000001, 36.25269 ], [ 136.140969829999989, 36.25269984 ], [ 136.14097956, 36.25271456 ], [ 136.140989690000026, 36.25273344 ], [ 136.141006690000012, 36.25275169 ], [ 136.141022440000029, 36.25276714 ], [ 136.14103911, 36.25277841 ], [ 136.141055380000012, 36.25278656 ], [ 136.141081580000019, 36.25279441 ], [ 136.141104330000019, 36.25280123 ], [ 136.141125840000029, 36.25280347 ], [ 136.141135280000015, 36.25280669 ], [ 136.141139080000016, 36.25281264 ], [ 136.141141120000015, 36.25282172 ], [ 136.141143640000024, 36.25282661 ], [ 136.14115222, 36.25282984 ], [ 136.14116128, 36.25282989 ], [ 136.14117292, 36.25282823 ], [ 136.141188910000011, 36.25282277 ], [ 136.141202780000015, 36.25281628 ], [ 136.14121361, 36.25281008 ], [ 136.14122058, 36.2528028 ], [ 136.141234090000012, 36.25278933 ], [ 136.141246280000018, 36.25277897 ], [ 136.14126234, 36.25276795 ], [ 136.141273610000013, 36.25276244 ], [ 136.14128224000001, 36.25275972 ], [ 136.14129949, 36.25275777 ], [ 136.141312410000012, 36.25275753 ], [ 136.141324920000017, 36.25275761 ], [ 136.14135678, 36.2527582 ], [ 136.141399830000012, 36.2527582 ], [ 136.14143772, 36.25275987 ], [ 136.141501, 36.2527628 ], [ 136.14152769, 36.25276336 ], [ 136.141561280000019, 36.25276361 ], [ 136.141621970000017, 36.2527672 ], [ 136.14164309, 36.25276597 ], [ 136.14166667, 36.25276347 ], [ 136.14166927, 36.2527632 ], [ 136.141676720000021, 36.25276239 ], [ 136.14169745, 36.25276151 ], [ 136.141712110000014, 36.25276023 ], [ 136.141728110000031, 36.25275372 ], [ 136.14175409, 36.25274208 ], [ 136.14177747, 36.2527318 ], [ 136.141789140000014, 36.25272808 ], [ 136.14180389, 36.25271808 ], [ 136.141813090000028, 36.25270664 ], [ 136.14181837000001, 36.25269659 ], [ 136.141820200000012, 36.25268789 ], [ 136.141817060000022, 36.25265895 ], [ 136.14181167000001, 36.25264078 ], [ 136.14180847, 36.2526188 ], [ 136.141811140000016, 36.2526115 ], [ 136.14181636, 36.25260667 ], [ 136.14183234, 36.25260225 ], [ 136.141847470000016, 36.25259714 ], [ 136.141864810000015, 36.25258961 ], [ 136.14189128000001, 36.25257241 ], [ 136.14189822000003, 36.25256828 ], [ 136.14190389, 36.25256239 ], [ 136.141906550000016, 36.25255475 ], [ 136.14190703, 36.25254113 ], [ 136.14190647, 36.25252547 ], [ 136.141907910000015, 36.25251225 ], [ 136.14191141, 36.25250808 ], [ 136.14191872, 36.25250675 ], [ 136.141930800000011, 36.25250687 ], [ 136.14194025, 36.25250903 ], [ 136.14195222, 36.25251539 ], [ 136.14195905, 36.25252067 ], [ 136.141965380000016, 36.25253256 ], [ 136.141970390000012, 36.25254897 ], [ 136.14197316000002, 36.2525692 ], [ 136.14197861, 36.25258247 ], [ 136.14198756, 36.25259161 ], [ 136.141999920000018, 36.25260147 ], [ 136.142020920000022, 36.25261139 ], [ 136.14202778, 36.2526142 ], [ 136.14203895, 36.252615 ], [ 136.142048890000012, 36.25261195 ], [ 136.14207224, 36.25260444 ], [ 136.142088660000013, 36.25259933 ], [ 136.142099920000021, 36.25259525 ], [ 136.14210728, 36.25259184 ], [ 136.142118560000029, 36.25258425 ], [ 136.142125530000015, 36.25257697 ], [ 136.142130800000018, 36.25256831 ], [ 136.14213486, 36.25255372 ], [ 136.142144550000012, 36.25253531 ], [ 136.14215501000001, 36.25252528 ], [ 136.1421602, 36.25252256 ], [ 136.142169250000023, 36.25252156 ], [ 136.142223530000024, 36.25252197 ], [ 136.142245910000014, 36.2525218 ], [ 136.14226442, 36.252523 ], [ 136.142289800000015, 36.25252528 ], [ 136.14232633, 36.25253113 ], [ 136.1423427, 36.25253369 ], [ 136.14236248, 36.25253523 ], [ 136.142418420000013, 36.2525388 ], [ 136.14243633000001, 36.2525388 ], [ 136.142522219999989, 36.25253889 ], [ 136.14255961, 36.25254128 ], [ 136.142590120000023, 36.25254808 ], [ 136.142626640000032, 36.25255814 ], [ 136.14264936, 36.25256425 ], [ 136.142659690000016, 36.25256611 ], [ 136.14266706, 36.25256892 ], [ 136.142669610000013, 36.25257205 ], [ 136.14266949, 36.25257559 ], [ 136.142667300000028, 36.25258459 ], [ 136.14266090000001, 36.25261136 ], [ 136.14266239, 36.25263056 ], [ 136.142672090000019, 36.25265047 ], [ 136.14268961, 36.25266875 ], [ 136.142700640000015, 36.25267856 ], [ 136.14270830000001, 36.25268141 ], [ 136.142714, 36.2526815 ], [ 136.142719100000022, 36.2526805 ], [ 136.142725230000025, 36.25267917 ], [ 136.142735140000013, 36.25267717 ], [ 136.142742920000018, 36.25267617 ], [ 136.142748910000023, 36.25267686 ], [ 136.142751510000011, 36.25267931 ], [ 136.142750950000021, 36.25268633 ], [ 136.14274136, 36.252735 ], [ 136.14272817, 36.25275928 ], [ 136.14270939, 36.25278003 ], [ 136.14268708000003, 36.25280953 ], [ 136.14267387000001, 36.2528282 ], [ 136.142666890000015, 36.25283964 ], [ 136.142666, 36.2528428 ], [ 136.142666780000013, 36.25284803 ], [ 136.142732, 36.25291123 ], [ 136.142783580000014, 36.25295272 ], [ 136.142797640000026, 36.25296397 ], [ 136.14280542, 36.25296756 ], [ 136.142812670000012, 36.25296728 ], [ 136.1428209, 36.25296592 ], [ 136.14283737, 36.25296014 ], [ 136.14284211, 36.25295356 ], [ 136.14284355, 36.25294553 ], [ 136.142843640000024, 36.25293336 ], [ 136.14284694, 36.25291631 ], [ 136.14285436000003, 36.2529 ], [ 136.14285713000001, 36.25288844 ], [ 136.14286056, 36.2528758 ], [ 136.143228110000024, 36.25287367 ], [ 136.14323328, 36.25287367 ], [ 136.143232780000034, 36.25287711 ], [ 136.143230220000021, 36.25287917 ], [ 136.143225770000015, 36.25288503 ], [ 136.14321934, 36.25289056 ], [ 136.14321322, 36.25289192 ], [ 136.14320501, 36.252894 ], [ 136.14320078, 36.25289561 ], [ 136.143196, 36.25289913 ], [ 136.14319423, 36.25290159 ], [ 136.143193330000031, 36.25290428 ], [ 136.143193220000029, 36.25291095 ], [ 136.14319569, 36.25291933 ], [ 136.143198720000015, 36.25292492 ], [ 136.14320416000001, 36.25293051 ], [ 136.143208860000016, 36.25293753 ], [ 136.143206640000017, 36.25294408 ], [ 136.14320397, 36.25294933 ], [ 136.14320222, 36.25295564 ], [ 136.14320211, 36.25296464 ], [ 136.14320158000001, 36.25297303 ], [ 136.14320361, 36.25298447 ], [ 136.143203840000012, 36.25299467 ], [ 136.143203410000012, 36.25300269 ], [ 136.143200220000011, 36.25301656 ], [ 136.14319533, 36.25302803 ], [ 136.143190030000028, 36.25303911 ], [ 136.143183920000013, 36.25304959 ], [ 136.14317859, 36.25305544 ], [ 136.143171140000021, 36.25306544 ], [ 136.143169050000012, 36.25306961 ], [ 136.143169270000016, 36.25308005 ], [ 136.14317053, 36.25308808 ], [ 136.143173, 36.25309889 ], [ 136.143175360000015, 36.25311395 ], [ 136.143179050000015, 36.25312961 ], [ 136.143178950000021, 36.25313411 ], [ 136.1431785, 36.25313656 ], [ 136.143176830000016, 36.253139 ], [ 136.14317372, 36.25314044 ], [ 136.14316939, 36.25314144 ], [ 136.14316428, 36.25314205 ], [ 136.143159489999988, 36.25314478 ], [ 136.14315639, 36.25315072 ], [ 136.143154190000018, 36.25315867 ], [ 136.143153650000016, 36.2531685 ], [ 136.14315733, 36.25318172 ], [ 136.14316195, 36.25319851 ], [ 136.14316438, 36.25320895 ], [ 136.143166740000026, 36.25322184 ], [ 136.143169660000012, 36.2532302 ], [ 136.143175250000013, 36.25323686 ], [ 136.14318036, 36.25324084 ], [ 136.1431885, 36.25324641 ], [ 136.14319575, 36.25324928 ], [ 136.14320131, 36.25325108 ], [ 136.143210340000024, 36.25325359 ], [ 136.143215890000022, 36.25325431 ], [ 136.143219, 36.25325295 ], [ 136.143222, 36.25324944 ], [ 136.14322377000002, 36.25324636 ], [ 136.143229, 36.25324356 ], [ 136.14323289, 36.25324364 ], [ 136.143237590000012, 36.2532468 ], [ 136.14325231, 36.25326931 ], [ 136.143259340000014, 36.25327436 ], [ 136.143275030000012, 36.25328614 ], [ 136.143286980000028, 36.25329497 ], [ 136.143294640000022, 36.2532992 ], [ 136.143298080000022, 36.2532992 ], [ 136.143305890000022, 36.25329928 ], [ 136.143308440000027, 36.25329853 ], [ 136.143310220000018, 36.25329611 ], [ 136.14331066, 36.25329511 ], [ 136.143312, 36.25328953 ], [ 136.14331031, 36.25328359 ], [ 136.14330783, 36.25327311 ], [ 136.143306720000027, 36.25326717 ], [ 136.143308500000018, 36.25326159 ], [ 136.143311510000018, 36.25325853 ], [ 136.14331761, 36.25325436 ], [ 136.14332406, 36.25324995 ], [ 136.143332390000012, 36.25324164 ], [ 136.14334761, 36.25323197 ], [ 136.143355380000031, 36.25322403 ], [ 136.14336283, 36.25321636 ], [ 136.143368150000015, 36.25320492 ], [ 136.14337214, 36.25319456 ], [ 136.143372670000019, 36.25318203 ], [ 136.14336942, 36.25317111 ], [ 136.143364280000014, 36.25316725 ], [ 136.14335706, 36.25316239 ], [ 136.143345470000014, 36.253157 ], [ 136.1433283, 36.25314889 ], [ 136.14332275000001, 36.25314297 ], [ 136.143320610000018, 36.25313836 ], [ 136.143320270000032, 36.25313351 ], [ 136.1433208, 36.2531262 ], [ 136.14332525, 36.25311647 ], [ 136.143353550000029, 36.25308633 ], [ 136.143418520000012, 36.25301505 ], [ 136.143446520000026, 36.25298428 ], [ 136.14344953, 36.25297841 ], [ 136.14344961, 36.25297489 ], [ 136.14344927, 36.25297003 ], [ 136.143446690000019, 36.25296444 ], [ 136.143444250000016, 36.25295851 ], [ 136.143422940000022, 36.2529315 ], [ 136.14342095, 36.25292664 ], [ 136.1434227, 36.25291969 ], [ 136.143426590000018, 36.25291347 ], [ 136.14347722, 36.25285977 ], [ 136.143501110000017, 36.25283972 ], [ 136.143512890000011, 36.25283008 ], [ 136.143528, 36.25282187 ], [ 136.143539690000011, 36.25281669 ], [ 136.143578500000018, 36.25277169 ], [ 136.143962500000015, 36.25298439 ], [ 136.14395353, 36.25299639 ], [ 136.144526720000016, 36.25330544 ], [ 136.14453616, 36.25329336 ], [ 136.144541920000023, 36.25328589 ], [ 136.14455647, 36.25326847 ], [ 136.14455569, 36.25326305 ], [ 136.144552550000014, 36.25325911 ], [ 136.144546890000015, 36.25325659 ], [ 136.14377442, 36.25283753 ], [ 136.14406739, 36.25228225 ], [ 136.14402339, 36.25226603 ], [ 136.144615620000025, 36.25195911 ], [ 136.144599200000016, 36.25194 ], [ 136.14440144, 36.25168951 ], [ 136.144409100000018, 36.25168492 ], [ 136.14451872, 36.25162072 ], [ 136.14456322, 36.2516102 ], [ 136.144573990000026, 36.25160892 ], [ 136.1445818, 36.251609 ], [ 136.1445917, 36.25161078 ], [ 136.14459983, 36.25161223 ], [ 136.14461531, 36.25161811 ], [ 136.14461678, 36.25163031 ], [ 136.14461725000001, 36.25164761 ], [ 136.14462837, 36.25164617 ], [ 136.144628, 36.25162759 ], [ 136.144626280000011, 36.25161392 ], [ 136.14463131, 36.251613 ], [ 136.144647660000032, 36.25161025 ], [ 136.1446472, 36.2515972 ], [ 136.144862500000016, 36.25158253 ], [ 136.14502195, 36.25157575 ], [ 136.145041750000019, 36.25157469 ], [ 136.145042360000019, 36.25155887 ], [ 136.145119200000011, 36.25157022 ], [ 136.14521603, 36.25158567 ], [ 136.1452117, 36.2515965 ], [ 136.14536591000001, 36.25164644 ], [ 136.14537442, 36.25162297 ], [ 136.145400470000027, 36.251632 ], [ 136.145471410000027, 36.25166367 ], [ 136.14546397, 36.25167541 ], [ 136.14554311, 36.25170889 ], [ 136.145584230000026, 36.25173392 ], [ 136.14562795, 36.25177805 ], [ 136.145674470000017, 36.25183372 ], [ 136.145673610000017, 36.25183541 ], [ 136.145645280000025, 36.25185744 ], [ 136.145832050000024, 36.25202089 ], [ 136.14586508, 36.25199751 ], [ 136.145931500000017, 36.25206277 ], [ 136.14590949, 36.25207641 ], [ 136.14597722, 36.25217492 ], [ 136.146004840000018, 36.2522352 ], [ 136.146021850000011, 36.25229141 ], [ 136.14602747, 36.25232908 ], [ 136.14603881, 36.25238097 ], [ 136.14603105, 36.25239072 ], [ 136.14602672, 36.25239522 ], [ 136.14602105, 36.25239939 ], [ 136.146014580000013, 36.25240039 ], [ 136.14600092, 36.25239978 ], [ 136.145984420000019, 36.25244487 ], [ 136.14593822, 36.25244267 ], [ 136.145936550000016, 36.25244472 ], [ 136.145934810000028, 36.25244997 ], [ 136.145937690000011, 36.25245761 ], [ 136.145937950000018, 36.25247159 ], [ 136.14594003000002, 36.25251828 ], [ 136.1459393, 36.25254197 ], [ 136.14593964, 36.25255036 ], [ 136.145941780000015, 36.25255487 ], [ 136.145948590000017, 36.25255944 ], [ 136.145958470000011, 36.25256161 ], [ 136.145966610000016, 36.25256339 ], [ 136.14597387, 36.25256941 ], [ 136.14598064, 36.25257717 ], [ 136.146001110000014, 36.25263095 ], [ 136.14601144, 36.2526742 ], [ 136.14601292, 36.25269267 ], [ 136.14601095, 36.25271187 ], [ 136.146011610000016, 36.25276451 ], [ 136.146016160000016, 36.25282444 ], [ 136.14601772, 36.25287805 ], [ 136.14601786, 36.25289969 ], [ 136.146015230000017, 36.25290941 ], [ 136.146012110000015, 36.25291359 ], [ 136.14600733, 36.25291639 ], [ 136.146001190000021, 36.25291872 ], [ 136.1459982, 36.25292117 ], [ 136.145994670000022, 36.25292775 ], [ 136.145991580000015, 36.25294767 ], [ 136.145947420000027, 36.25295647 ], [ 136.145942970000021, 36.25295747 ], [ 136.14577477, 36.25299128 ], [ 136.14577859, 36.25300605 ], [ 136.145814230000013, 36.25301359 ], [ 136.145823670000027, 36.25301467 ], [ 136.14595503000001, 36.25298753 ], [ 136.14596083, 36.25299125 ], [ 136.14596508, 36.25299584 ], [ 136.14596842, 36.25300314 ], [ 136.14596878, 36.25301151 ], [ 136.14597014, 36.25308092 ], [ 136.145976890000014, 36.25312453 ], [ 136.145981580000011, 36.25313144 ], [ 136.14599406, 36.2531365 ], [ 136.14601844, 36.25314953 ], [ 136.14602348, 36.25315728 ], [ 136.14602591000002, 36.25316808 ], [ 136.146025380000026, 36.25317575 ], [ 136.14602450000001, 36.25318377 ], [ 136.146017300000011, 36.25320559 ], [ 136.146012, 36.25322056 ], [ 136.146011030000011, 36.253231 ], [ 136.146011360000017, 36.25323903 ], [ 136.14601339, 36.25324741 ], [ 136.146036080000016, 36.25329911 ], [ 136.14603686, 36.2533065 ], [ 136.146034640000011, 36.25331067 ], [ 136.146032440000027, 36.25331408 ], [ 136.146028880000017, 36.25332139 ], [ 136.146023110000016, 36.2533332 ], [ 136.14602136000002, 36.25333878 ], [ 136.146022140000014, 36.25334644 ], [ 136.146025620000017, 36.25335059 ], [ 136.14603205, 36.25335175 ], [ 136.146038050000016, 36.25335039 ], [ 136.146044530000012, 36.25334939 ], [ 136.14604886, 36.25334875 ], [ 136.146054860000021, 36.25334803 ], [ 136.14606042, 36.25334911 ], [ 136.146063, 36.25335164 ], [ 136.14606423, 36.25335759 ], [ 136.14606581000001, 36.25336975 ], [ 136.14606616, 36.25337775 ], [ 136.14606597, 36.2533938 ], [ 136.146068660000026, 36.25341714 ], [ 136.14602464, 36.25349147 ], [ 136.146029030000022, 36.25349314 ], [ 136.146039100000024, 36.25349703 ], [ 136.146047370000019, 36.25350017 ], [ 136.146117890000028, 36.25337087 ], [ 136.146121780000016, 36.25336951 ], [ 136.14612567, 36.25336987 ], [ 136.14612781, 36.25337164 ], [ 136.146127370000016, 36.25337617 ], [ 136.146127690000014, 36.25338236 ], [ 136.146130610000029, 36.25338903 ], [ 136.14613917, 36.25339084 ], [ 136.14614997000001, 36.25338847 ], [ 136.14615397, 36.25338333 ], [ 136.1461545, 36.25337459 ], [ 136.14615591, 36.25336105 ], [ 136.14616036000001, 36.25334953 ], [ 136.146170360000013, 36.25334303 ], [ 136.146186350000022, 36.25333931 ], [ 136.14621086, 36.25333847 ], [ 136.14624837, 36.2533415 ], [ 136.14631158, 36.25334484 ], [ 136.146369100000015, 36.25334956 ], [ 136.146433550000012, 36.25335461 ], [ 136.14648097, 36.25335841 ], [ 136.14653236, 36.25336041 ], [ 136.146597720000017, 36.25336792 ], [ 136.146623410000018, 36.25337295 ], [ 136.146687080000021, 36.25338511 ], [ 136.146722830000016, 36.25339356 ], [ 136.14678575, 36.25341167 ], [ 136.146853, 36.25343222 ], [ 136.14691711, 36.25344928 ], [ 136.146961190000013, 36.2534622 ], [ 136.14702859, 36.253487 ], [ 136.147107300000016, 36.25351969 ], [ 136.14714842, 36.25353911 ], [ 136.14720667, 36.25356961 ], [ 136.147266840000015, 36.25360639 ], [ 136.14731986000001, 36.25364184 ], [ 136.14735798000001, 36.2536765 ], [ 136.147400120000015, 36.25370717 ], [ 136.147433870000015, 36.25373525 ], [ 136.14743866, 36.25373956 ], [ 136.14744, 36.25374461 ], [ 136.1474418, 36.25375003 ], [ 136.147444030000031, 36.25375759 ], [ 136.14744839, 36.25376478 ], [ 136.147454190000019, 36.25376984 ], [ 136.14748817, 36.25379603 ], [ 136.147495420000013, 36.25380159 ], [ 136.147516720000027, 36.25382175 ], [ 136.14753847, 36.25384914 ], [ 136.14755922, 36.25387831 ], [ 136.147580080000012, 36.25391117 ], [ 136.147600860000011, 36.25394639 ], [ 136.14761895, 36.25398856 ], [ 136.147628590000011, 36.25401775 ], [ 136.14763611, 36.2540555 ], [ 136.147635580000014, 36.25407353 ], [ 136.14763523000002, 36.25407631 ], [ 136.147632870000024, 36.25409511 ], [ 136.14762611, 36.25412064 ], [ 136.14761805, 36.25414187 ], [ 136.14760601, 36.25416308 ], [ 136.14758769, 36.25418497 ], [ 136.147577, 36.25419539 ], [ 136.14757431000001, 36.25420295 ], [ 136.14757248, 36.25421805 ], [ 136.14757419, 36.25423533 ], [ 136.14757597, 36.25424397 ], [ 136.14758261, 36.25424975 ], [ 136.14759061, 36.25425408 ], [ 136.147605280000022, 36.25425877 ], [ 136.147623940000017, 36.25426097 ], [ 136.14764261000002, 36.25426353 ], [ 136.14766394, 36.254265 ], [ 136.147684810000015, 36.25426936 ], [ 136.147699030000012, 36.25427228 ], [ 136.147711030000011, 36.25427841 ], [ 136.14771633, 36.25428525 ], [ 136.14772253000001, 36.25429786 ], [ 136.14772339000001, 36.25430541 ], [ 136.147718640000022, 36.25431469 ], [ 136.147700250000014, 36.25433053 ], [ 136.147670560000023, 36.25435964 ], [ 136.14765811, 36.25437572 ], [ 136.14764883, 36.25439059 ], [ 136.14763822, 36.25441022 ], [ 136.14763228000001, 36.25442672 ], [ 136.14761956000001, 36.25446213 ], [ 136.147615140000028, 36.25447541 ], [ 136.147614840000017, 36.25448764 ], [ 136.147617030000021, 36.25449522 ], [ 136.147619420000012, 36.25450187 ], [ 136.14762803, 36.25451592 ], [ 136.147598640000012, 36.25455636 ], [ 136.14759908000002, 36.25455677 ], [ 136.147609970000019, 36.25456723 ], [ 136.14761253, 36.25456969 ], [ 136.147641780000015, 36.25454672 ], [ 136.14764711, 36.25455033 ], [ 136.147649780000023, 36.25455392 ], [ 136.147651500000023, 36.25456761 ], [ 136.147651920000015, 36.25457875 ], [ 136.147650560000017, 36.25458703 ], [ 136.14765097, 36.25459205 ], [ 136.147655860000015, 36.2545982 ], [ 136.14766205, 36.25460325 ], [ 136.14769533, 36.25462813 ], [ 136.1477202, 36.25464292 ], [ 136.14774817, 36.25465703 ], [ 136.14776372, 36.25466386 ], [ 136.147770800000018, 36.25466713 ], [ 136.147774810000016, 36.2546718 ], [ 136.147777890000015, 36.2546765 ], [ 136.14777966, 36.25468369 ], [ 136.147792410000022, 36.25473123 ], [ 136.14780294000002, 36.25477911 ], [ 136.14780511, 36.25479459 ], [ 136.147805550000015, 36.25480323 ], [ 136.147805500000032, 36.25481689 ], [ 136.14780547, 36.25482517 ], [ 136.147800050000029, 36.25485969 ], [ 136.147794670000025, 36.25487697 ], [ 136.14779017, 36.25489639 ], [ 136.147780730000022, 36.25493413 ], [ 136.147773530000023, 36.25496005 ], [ 136.147770340000022, 36.25498451 ], [ 136.14777075, 36.25499925 ], [ 136.147772480000015, 36.25501472 ], [ 136.1477782, 36.25502914 ], [ 136.147790610000015, 36.2550468 ], [ 136.147799470000024, 36.25505761 ], [ 136.14780878000002, 36.25506589 ], [ 136.147821670000013, 36.25506989 ], [ 136.14783189, 36.25507025 ], [ 136.14784078, 36.25506992 ], [ 136.147867500000018, 36.25506061 ], [ 136.14787594, 36.25505559 ], [ 136.14788798, 36.25504805 ], [ 136.14789689, 36.25504159 ], [ 136.1479165, 36.25502436 ], [ 136.147925860000015, 36.25501395 ], [ 136.147932560000015, 36.25500711 ], [ 136.14795620000001, 36.2549852 ], [ 136.147962870000015, 36.2549802 ], [ 136.14797044, 36.25497372 ], [ 136.14797847, 36.25496475 ], [ 136.147981610000016, 36.25495359 ], [ 136.147984770000022, 36.25494064 ], [ 136.147985690000013, 36.25492553 ], [ 136.14798572, 36.25491222 ], [ 136.147982219999989, 36.25489639 ], [ 136.147976030000024, 36.25488772 ], [ 136.147968490000011, 36.25487764 ], [ 136.14796453, 36.25486972 ], [ 136.14796411, 36.25485856 ], [ 136.147966780000019, 36.25485425 ], [ 136.147972610000011, 36.25484489 ], [ 136.147988640000023, 36.25482947 ], [ 136.148025500000017, 36.25484859 ], [ 136.148053920000024, 36.25485908 ], [ 136.14807348, 36.25486272 ], [ 136.14809481, 36.25486239 ], [ 136.148109050000016, 36.25485595 ], [ 136.14812778000001, 36.25483905 ], [ 136.14816302, 36.25480208 ], [ 136.148169250000024, 36.25479847 ], [ 136.148179920000018, 36.25479777 ], [ 136.148190140000025, 36.25480069 ], [ 136.148201700000016, 36.25480608 ], [ 136.148211, 36.25481439 ], [ 136.14821852, 36.25482447 ], [ 136.148218500000013, 36.25483203 ], [ 136.14821803000001, 36.2548432 ], [ 136.148218440000022, 36.25485075 ], [ 136.148222870000012, 36.25486405 ], [ 136.14822817000001, 36.25487667 ], [ 136.14823791, 36.25488244 ], [ 136.148249920000012, 36.25488641 ], [ 136.148259250000024, 36.25488897 ], [ 136.14827348, 36.254889 ], [ 136.1482828, 36.25488864 ], [ 136.148293020000011, 36.25488975 ], [ 136.148304140000022, 36.25489264 ], [ 136.14831747, 36.25489805 ], [ 136.14834278, 36.25490747 ], [ 136.14836406, 36.25492586 ], [ 136.148365330000019, 36.2549532 ], [ 136.14834575, 36.25495605 ], [ 136.1483373, 36.25496072 ], [ 136.148331950000028, 36.25496789 ], [ 136.148327, 36.25497939 ], [ 136.14832519, 36.25499128 ], [ 136.148326060000016, 36.25500422 ], [ 136.148331360000014, 36.25501431 ], [ 136.148341110000018, 36.25502153 ], [ 136.148353550000024, 36.25502372 ], [ 136.148379800000015, 36.25502375 ], [ 136.14838423, 36.2550252 ], [ 136.148386890000012, 36.25502989 ], [ 136.14838508, 36.25503925 ], [ 136.148378830000013, 36.25504787 ], [ 136.14837258, 36.25506153 ], [ 136.14837075, 36.25507089 ], [ 136.14837519, 36.25507808 ], [ 136.14838586, 36.25508064 ], [ 136.14840053, 36.25507887 ], [ 136.148410800000022, 36.255067 ], [ 136.14841927, 36.25505369 ], [ 136.14842375, 36.25503967 ], [ 136.14843314, 36.25503069 ], [ 136.148437590000015, 36.25502889 ], [ 136.14844781, 36.25502856 ], [ 136.148460250000028, 36.25502714 ], [ 136.14847361, 36.25502286 ], [ 136.14848611, 36.25500956 ], [ 136.14849189, 36.25499951 ], [ 136.148494160000013, 36.25498511 ], [ 136.148497780000014, 36.25496675 ], [ 136.148498340000032, 36.25492575 ], [ 136.148498860000018, 36.25490272 ], [ 136.148501580000016, 36.25488508 ], [ 136.148510120000026, 36.25485308 ], [ 136.148520830000024, 36.2548362 ], [ 136.148535110000012, 36.25481786 ], [ 136.148551170000019, 36.25479956 ], [ 136.14857261, 36.25476575 ], [ 136.14858733, 36.25474708 ], [ 136.14860336000001, 36.25474205 ], [ 136.14861314, 36.25474028 ], [ 136.148623390000012, 36.25473995 ], [ 136.14866336, 36.25474759 ], [ 136.148715810000027, 36.25475703 ], [ 136.14874781, 36.25476392 ], [ 136.148754890000021, 36.25476572 ], [ 136.148761120000017, 36.25476969 ], [ 136.1487673, 36.25477941 ], [ 136.14877436, 36.25480067 ], [ 136.148776520000013, 36.25482011 ], [ 136.14877064, 36.25486147 ], [ 136.148763920000022, 36.25487872 ], [ 136.14876075, 36.25489528 ], [ 136.148755810000011, 36.25491541 ], [ 136.14874864, 36.25493484 ], [ 136.14874236, 36.25495569 ], [ 136.148738760000015, 36.25497439 ], [ 136.148738690000016, 36.25499203 ], [ 136.148740410000016, 36.25501505 ], [ 136.14873859, 36.25502656 ], [ 136.148733640000017, 36.25504311 ], [ 136.148727830000013, 36.25505533 ], [ 136.148713970000017, 36.25508375 ], [ 136.148692550000021, 36.255106 ], [ 136.148677860000021, 36.25511533 ], [ 136.14866584, 36.25512467 ], [ 136.14861586, 36.25517964 ], [ 136.148607860000027, 36.25519005 ], [ 136.148601580000019, 36.2552048 ], [ 136.14859302, 36.2552368 ], [ 136.148589, 36.25525513 ], [ 136.14858847, 36.25527278 ], [ 136.148586670000014, 36.25529222 ], [ 136.14858659, 36.25531344 ], [ 136.148585670000017, 36.25532389 ], [ 136.148583450000018, 36.25533144 ], [ 136.148578970000017, 36.25533753 ], [ 136.148566500000015, 36.25534975 ], [ 136.148562020000014, 36.25535731 ], [ 136.14855886, 36.25536736 ], [ 136.14855750000001, 36.25537925 ], [ 136.148557470000014, 36.25539328 ], [ 136.148556830000018, 36.25545984 ], [ 136.14855628, 36.25549475 ], [ 136.148555360000017, 36.25551022 ], [ 136.14855664000001, 36.2555142 ], [ 136.148558880000024, 36.255521 ], [ 136.148563750000022, 36.25552569 ], [ 136.14856864, 36.25552786 ], [ 136.148596640000022, 36.25553547 ], [ 136.14860506, 36.25553695 ], [ 136.1486162, 36.25553803 ], [ 136.14863086, 36.25553733 ], [ 136.148657110000016, 36.25553595 ], [ 136.14866645, 36.25553128 ], [ 136.148675360000027, 36.25552123 ], [ 136.148680270000028, 36.25551405 ], [ 136.148682090000023, 36.25550433 ], [ 136.148682550000018, 36.25549569 ], [ 136.148682580000013, 36.25548633 ], [ 136.14868039000001, 36.25547123 ], [ 136.14868131, 36.25546113 ], [ 136.148684450000019, 36.25545144 ], [ 136.148690250000016, 36.25544425 ], [ 136.14870228, 36.25543528 ], [ 136.14871297000002, 36.25542992 ], [ 136.148722310000011, 36.25542775 ], [ 136.14873567, 36.255426 ], [ 136.148766350000017, 36.25542208 ], [ 136.148772580000013, 36.25541959 ], [ 136.148780610000017, 36.25541456 ], [ 136.14878508000001, 36.25540592 ], [ 136.148789560000012, 36.25539586 ], [ 136.148808270000018, 36.25537322 ], [ 136.148816300000021, 36.25536495 ], [ 136.148831950000016, 36.25534339 ], [ 136.148858750000016, 36.25529595 ], [ 136.14887575, 36.25526431 ], [ 136.148891830000025, 36.25523628 ], [ 136.148896740000026, 36.2552262 ], [ 136.14890341, 36.25522228 ], [ 136.148913220000026, 36.25521472 ], [ 136.148920800000013, 36.25520828 ], [ 136.148926610000018, 36.25519964 ], [ 136.14893064, 36.25518669 ], [ 136.148936500000019, 36.25516044 ], [ 136.14893652, 36.25515286 ], [ 136.14893523, 36.25513956 ], [ 136.148934810000014, 36.25512841 ], [ 136.148940190000019, 36.25511331 ], [ 136.14896431, 36.25507736 ], [ 136.148979489999988, 36.25505147 ], [ 136.148983550000025, 36.25503567 ], [ 136.148990700000013, 36.25502739 ], [ 136.14900051, 36.25501987 ], [ 136.149005840000029, 36.25501736 ], [ 136.1490125, 36.25501484 ], [ 136.149025420000015, 36.25500984 ], [ 136.14903031, 36.25500444 ], [ 136.149033890000027, 36.25499653 ], [ 136.14903394000001, 36.25498717 ], [ 136.149038420000011, 36.25497531 ], [ 136.149041970000013, 36.25497028 ], [ 136.149047780000018, 36.2549638 ], [ 136.14906339, 36.25494656 ], [ 136.14906786, 36.25493722 ], [ 136.149071, 36.25492931 ], [ 136.14907012, 36.25492428 ], [ 136.149068809999989, 36.254916 ], [ 136.14906484, 36.25491095 ], [ 136.149056420000022, 36.25489186 ], [ 136.149022800000012, 36.25483639 ], [ 136.14901394, 36.25482341 ], [ 136.14901131, 36.25481623 ], [ 136.149010410000017, 36.25481008 ], [ 136.149011340000015, 36.25480039 ], [ 136.149012310000018, 36.25477913 ], [ 136.149009220000011, 36.2547615 ], [ 136.149004360000021, 36.25475467 ], [ 136.14899416, 36.25474925 ], [ 136.148973720000015, 36.25474128 ], [ 136.14896484, 36.25473803 ], [ 136.148960830000021, 36.25473731 ], [ 136.14895597, 36.25473261 ], [ 136.148955520000015, 36.25472436 ], [ 136.148958220000026, 36.25471825 ], [ 136.148967590000012, 36.25470856 ], [ 136.14897516000002, 36.254701 ], [ 136.148981850000013, 36.25469131 ], [ 136.14898992000002, 36.25468089 ], [ 136.148996610000012, 36.2546708 ], [ 136.14900061000003, 36.25466469 ], [ 136.149001530000021, 36.25465714 ], [ 136.149002, 36.25464384 ], [ 136.149000270000016, 36.25462908 ], [ 136.148997220000012, 36.25461395 ], [ 136.148994110000018, 36.25460317 ], [ 136.148985690000018, 36.25459341 ], [ 136.148970170000013, 36.25458656 ], [ 136.14895239, 36.25458259 ], [ 136.148944840000013, 36.25458184 ], [ 136.14893594000003, 36.25458075 ], [ 136.14893061, 36.25457605 ], [ 136.148918660000021, 36.25455914 ], [ 136.148884230000021, 36.25450364 ], [ 136.148877520000013, 36.25449284 ], [ 136.1488607, 36.25446761 ], [ 136.14884917, 36.25445356 ], [ 136.148842090000016, 36.2544478 ], [ 136.148835420000012, 36.25444597 ], [ 136.14882742, 36.25444667 ], [ 136.148814500000015, 36.2544492 ], [ 136.148795810000024, 36.25445456 ], [ 136.148764230000012, 36.25446387 ], [ 136.148749080000016, 36.25446923 ], [ 136.148737980000021, 36.25446992 ], [ 136.14872908000001, 36.25446847 ], [ 136.14871930000001, 36.25446375 ], [ 136.148709100000019, 36.25445656 ], [ 136.148703800000021, 36.25444503 ], [ 136.14870339, 36.25443387 ], [ 136.148707420000022, 36.25442595 ], [ 136.14871722, 36.25441556 ], [ 136.148728370000015, 36.25440764 ], [ 136.148741730000012, 36.25439867 ], [ 136.14875914000001, 36.25437784 ], [ 136.148766280000018, 36.25436308 ], [ 136.14877302, 36.25434189 ], [ 136.148776160000011, 36.25432461 ], [ 136.14877672, 36.25429331 ], [ 136.14877542, 36.25427928 ], [ 136.148773260000013, 36.25426703 ], [ 136.148769690000023, 36.25426056 ], [ 136.14876039, 36.25425513 ], [ 136.14874973, 36.25425295 ], [ 136.148727470000011, 36.25424967 ], [ 136.14871414000001, 36.25425 ], [ 136.14870703, 36.25425 ], [ 136.14867725000002, 36.25424995 ], [ 136.148659440000017, 36.25424884 ], [ 136.148634110000017, 36.25424808 ], [ 136.14862211, 36.25424733 ], [ 136.14861144, 36.2542455 ], [ 136.148607, 36.25424297 ], [ 136.14859684000001, 36.25422677 ], [ 136.148572550000011, 36.25416411 ], [ 136.148539360000029, 36.25411728 ], [ 136.148513190000017, 36.25409311 ], [ 136.148493890000026, 36.25407525 ], [ 136.14848752, 36.25406931 ], [ 136.148526810000021, 36.25401005 ], [ 136.148569110000011, 36.2539615 ], [ 136.14861776, 36.2539145 ], [ 136.148697560000016, 36.25385456 ], [ 136.14877820000001, 36.2537845 ], [ 136.14884852, 36.25372853 ], [ 136.148899780000022, 36.25369333 ], [ 136.148918660000021, 36.25368556 ], [ 136.14894080000002, 36.2536765 ], [ 136.14895458, 36.2536718 ], [ 136.148970610000021, 36.25366889 ], [ 136.14897839, 36.25366897 ], [ 136.14898586000001, 36.25366905 ], [ 136.149022020000018, 36.25367514 ], [ 136.14902992, 36.25367577 ], [ 136.14903684, 36.25367531 ], [ 136.149042940000015, 36.25367241 ], [ 136.149046280000022, 36.25366889 ], [ 136.149051360000016, 36.25365861 ], [ 136.149064110000012, 36.25363428 ], [ 136.14909664000001, 36.25359447 ], [ 136.14912064, 36.25357139 ], [ 136.149145380000022, 36.25353241 ], [ 136.149159810000015, 36.25350661 ], [ 136.14916689, 36.25348253 ], [ 136.14916886, 36.2534692 ], [ 136.14916713, 36.25344522 ], [ 136.14915776, 36.2534228 ], [ 136.149143, 36.25339333 ], [ 136.149134090000018, 36.2533765 ], [ 136.14912859, 36.25335505 ], [ 136.149128780000012, 36.25333747 ], [ 136.14913438, 36.25330395 ], [ 136.149142220000016, 36.25327572 ], [ 136.149144770000021, 36.25326653 ], [ 136.1491402, 36.25325492 ], [ 136.14913224, 36.25324095 ], [ 136.149122440000014, 36.25322547 ], [ 136.14911394, 36.25321113 ], [ 136.149113840000012, 36.25320131 ], [ 136.14911859, 36.25319492 ], [ 136.149128500000018, 36.25319059 ], [ 136.149145840000017, 36.25318687 ], [ 136.14915453, 36.2531872 ], [ 136.149168440000011, 36.25318844 ], [ 136.149178440000014, 36.25318836 ], [ 136.14919058000001, 36.25318717 ], [ 136.149194920000014, 36.25318608 ], [ 136.14921136000001, 36.25317714 ], [ 136.149239360000024, 36.25315475 ], [ 136.14928791, 36.25311764 ], [ 136.149365750000015, 36.25307925 ], [ 136.14938131, 36.25307633 ], [ 136.14938387, 36.25307589 ], [ 136.149387300000029, 36.25307344 ], [ 136.149389860000014, 36.25306884 ], [ 136.1493935, 36.25304803 ], [ 136.149398030000015, 36.25303069 ], [ 136.14940103, 36.2530215 ], [ 136.14940611, 36.25301303 ], [ 136.14953988000002, 36.25296608 ], [ 136.149518910000012, 36.25293313 ], [ 136.149468300000024, 36.25294769 ], [ 136.149461170000023, 36.25293933 ], [ 136.14928581, 36.2529965 ], [ 136.14925, 36.25301403 ], [ 136.14916939, 36.25281261 ], [ 136.149152720000018, 36.25276739 ], [ 136.14920516, 36.25272569 ], [ 136.14921053, 36.25273092 ], [ 136.149413450000026, 36.25259005 ], [ 136.14942425000001, 36.25260428 ], [ 136.14964136, 36.25255336 ], [ 136.149709950000016, 36.25274569 ], [ 136.149641750000029, 36.25281408 ], [ 136.149659690000021, 36.25282561 ], [ 136.14973756, 36.25275069 ], [ 136.14967189, 36.25256744 ], [ 136.14968, 36.25256575 ], [ 136.149704719999988, 36.25256347 ], [ 136.15, 36.25253575 ], [ 136.150002630000017, 36.2525355 ], [ 136.15026633, 36.25251075 ], [ 136.15026438000001, 36.2524772 ], [ 136.15034211, 36.25244775 ], [ 136.150387130000013, 36.25243472 ], [ 136.150477810000012, 36.252418 ], [ 136.15052419, 36.25240911 ], [ 136.15059489, 36.2524888 ], [ 136.150606860000011, 36.25248808 ], [ 136.15066872, 36.25248436 ], [ 136.15094869, 36.25246753 ], [ 136.15095064, 36.25248808 ], [ 136.151046080000015, 36.25248092 ], [ 136.151050310000016, 36.25246361 ], [ 136.151073770000011, 36.25246269 ], [ 136.151113800000019, 36.25250247 ], [ 136.151158, 36.25251972 ], [ 136.1512462, 36.25267067 ], [ 136.151234970000019, 36.25267744 ], [ 136.15125611000002, 36.25272375 ], [ 136.15126905, 36.25274967 ], [ 136.151271410000021, 36.25276444 ], [ 136.15127501, 36.25277536 ], [ 136.15127992, 36.25278131 ], [ 136.15128647, 36.2527858 ], [ 136.15129694, 36.25278931 ], [ 136.15130575, 36.25279344 ], [ 136.15131234, 36.2528 ], [ 136.15131725, 36.25280775 ], [ 136.151333500000021, 36.25282097 ], [ 136.151338970000012, 36.2528245 ], [ 136.15134667, 36.25282933 ], [ 136.151359360000015, 36.25283625 ], [ 136.151365059999989, 36.25283903 ], [ 136.151380390000014, 36.252847 ], [ 136.151471390000012, 36.25285497 ], [ 136.151504030000012, 36.25285714 ], [ 136.15153752, 36.25285753 ], [ 136.15157839, 36.25285611 ], [ 136.15163572000003, 36.25285244 ], [ 136.15170224, 36.25285111 ], [ 136.15180745, 36.25284664 ], [ 136.151841750000017, 36.25284389 ], [ 136.151874310000011, 36.25284005 ], [ 136.15190297, 36.25283628 ], [ 136.151934690000019, 36.25283425 ], [ 136.151986860000022, 36.25283341 ], [ 136.15203645, 36.25283367 ], [ 136.15208297, 36.25283467 ], [ 136.15213173, 36.25283564 ], [ 136.15217217, 36.25283736 ], [ 136.15221569000002, 36.25284051 ], [ 136.152262310000026, 36.25284397 ], [ 136.15231975, 36.25284839 ], [ 136.152429470000015, 36.25285795 ], [ 136.152445160000013, 36.25286028 ], [ 136.152470030000018, 36.25286569 ], [ 136.15247326, 36.25286675 ], [ 136.15248083000003, 36.25287075 ], [ 136.152486610000011, 36.25287597 ], [ 136.15249183, 36.25288313 ], [ 136.15249361, 36.2528895 ], [ 136.152494470000022, 36.25289839 ], [ 136.15249394, 36.25289969 ], [ 136.15248986, 36.25291475 ], [ 136.15248986, 36.252922 ], [ 136.152492630000012, 36.25292811 ], [ 136.15249681, 36.25294261 ], [ 136.152507860000014, 36.25296711 ], [ 136.152512020000017, 36.25297267 ], [ 136.152518910000026, 36.252976 ], [ 136.152532, 36.25297656 ], [ 136.152540950000031, 36.25297544 ], [ 136.152548490000015, 36.25297208 ], [ 136.15255678, 36.25296705 ], [ 136.15256367, 36.25296536 ], [ 136.15256847, 36.25296759 ], [ 136.152576740000029, 36.25297428 ], [ 136.152593990000014, 36.25298928 ], [ 136.152604360000026, 36.25300767 ], [ 136.152609220000016, 36.25302269 ], [ 136.15261270000002, 36.25303164 ], [ 136.15262375, 36.2530422 ], [ 136.15264167, 36.25304886 ], [ 136.152661630000011, 36.25305164 ], [ 136.15268781, 36.25305047 ], [ 136.152711220000015, 36.2530432 ], [ 136.15272497, 36.25303369 ], [ 136.15274217000001, 36.25301808 ], [ 136.152753610000019, 36.25302113 ], [ 136.15276842, 36.25302456 ], [ 136.15278927, 36.25302895 ], [ 136.15281217, 36.25303695 ], [ 136.15284703, 36.25304953 ], [ 136.15286061, 36.25305328 ], [ 136.15288292, 36.25305692 ], [ 136.152900050000028, 36.25305911 ], [ 136.152931780000017, 36.2530618 ], [ 136.152939590000017, 36.25306228 ], [ 136.15295083, 36.25306497 ], [ 136.152961630000021, 36.25306903 ], [ 136.152983190000015, 36.25307684 ], [ 136.153013860000016, 36.25308551 ], [ 136.153043750000023, 36.25309097 ], [ 136.15307669, 36.25309687 ], [ 136.15310881, 36.25310167 ], [ 136.15314781, 36.25310839 ], [ 136.15318503, 36.25311717 ], [ 136.153225670000012, 36.25312744 ], [ 136.153245140000024, 36.25313236 ], [ 136.15326328, 36.25313764 ], [ 136.153270580000026, 36.25314131 ], [ 136.153284750000012, 36.25314933 ], [ 136.15329886, 36.25315839 ], [ 136.1533138, 36.25316925 ], [ 136.15332652, 36.25318147 ], [ 136.15333917000001, 36.25319756 ], [ 136.1533483, 36.25321292 ], [ 136.153358640000022, 36.2532332 ], [ 136.15337066, 36.25325564 ], [ 136.15337888000002, 36.25327236 ], [ 136.15338717, 36.25328803 ], [ 136.153399880000023, 36.25330131 ], [ 136.153422530000029, 36.25331725 ], [ 136.15343883, 36.253326 ], [ 136.1534565, 36.25333339 ], [ 136.153484330000026, 36.25335011 ], [ 136.153494920000014, 36.25336159 ], [ 136.15350075, 36.25337053 ], [ 136.153526840000012, 36.25342036 ], [ 136.153529420000012, 36.25343736 ], [ 136.15352866, 36.25344756 ], [ 136.15352859, 36.25345103 ], [ 136.15353144, 36.25346603 ], [ 136.153535190000014, 36.25347344 ], [ 136.15353808, 36.253479 ], [ 136.153542970000018, 36.25348311 ], [ 136.153548050000012, 36.253485 ], [ 136.15355725, 36.25348608 ], [ 136.15356623, 36.25348608 ], [ 136.15357481, 36.25348686 ], [ 136.153577370000022, 36.25348811 ], [ 136.153583990000016, 36.25349125 ], [ 136.153588110000015, 36.25349236 ], [ 136.15359552000001, 36.253493 ], [ 136.15360217, 36.25349297 ], [ 136.153607640000018, 36.25349172 ], [ 136.15361261000001, 36.25348905 ], [ 136.15361594, 36.25348741 ], [ 136.15362453, 36.2534792 ], [ 136.153635450000024, 36.25346841 ], [ 136.15364377, 36.25345975 ], [ 136.153649050000013, 36.25345717 ], [ 136.15366769, 36.25344444 ], [ 136.1536762, 36.25343647 ], [ 136.15369117000003, 36.25343041 ], [ 136.153704330000011, 36.25342711 ], [ 136.15371564, 36.25342697 ], [ 136.153722550000026, 36.25342992 ], [ 136.15372589, 36.25343492 ], [ 136.153727060000023, 36.25343986 ], [ 136.153728660000013, 36.25344484 ], [ 136.15373341, 36.25344633 ], [ 136.15374386000002, 36.25344689 ], [ 136.1537509, 36.25344453 ], [ 136.15375706, 36.25344147 ], [ 136.15376336, 36.25343384 ], [ 136.15376878, 36.25342723 ], [ 136.15377375, 36.25342131 ], [ 136.153786130000015, 36.25341377 ], [ 136.153799390000017, 36.25340697 ], [ 136.153815160000022, 36.25340336 ], [ 136.15383438, 36.25340089 ], [ 136.153852310000019, 36.25339908 ], [ 136.15386837, 36.25340117 ], [ 136.15388442, 36.25340322 ], [ 136.153892580000019, 36.25340725 ], [ 136.15389553, 36.25341084 ], [ 136.153902440000024, 36.25341272 ], [ 136.15390986, 36.25341213 ], [ 136.153919100000024, 36.25340913 ], [ 136.15392358, 36.25340392 ], [ 136.153935640000014, 36.25339392 ], [ 136.153980530000013, 36.25336156 ], [ 136.15403486, 36.25331811 ], [ 136.154089470000031, 36.25327992 ], [ 136.154121410000016, 36.253259 ], [ 136.154140800000022, 36.2532498 ], [ 136.154147860000023, 36.25324711 ], [ 136.154156590000014, 36.25324659 ], [ 136.15416878000002, 36.25324714 ], [ 136.15417577, 36.25324586 ], [ 136.15418236, 36.25324387 ], [ 136.154187300000018, 36.25323831 ], [ 136.154222530000027, 36.25320825 ], [ 136.15423562, 36.25319225 ], [ 136.154240140000013, 36.25318636 ], [ 136.15424253, 36.25317864 ], [ 136.15424633, 36.253166 ], [ 136.154247030000022, 36.25314097 ], [ 136.15424569000001, 36.25312684 ], [ 136.154246390000026, 36.25311697 ], [ 136.15424927, 36.25310717 ], [ 136.15425436000001, 36.25309595 ], [ 136.15426333000002, 36.25308695 ], [ 136.15428603, 36.25307008 ], [ 136.15432125000001, 36.25303931 ], [ 136.154346520000018, 36.2530232 ], [ 136.154371280000021, 36.25301059 ], [ 136.15440745, 36.25299361 ], [ 136.154423330000014, 36.25298647 ], [ 136.154439640000021, 36.25297972 ], [ 136.15445766000002, 36.25297264 ], [ 136.15447759, 36.25296172 ], [ 136.154487760000023, 36.25295625 ], [ 136.15449569, 36.2529518 ], [ 136.154503310000024, 36.25294489 ], [ 136.15451189, 36.25293375 ], [ 136.154517, 36.25292186 ], [ 136.154520830000024, 36.25290959 ], [ 136.154522090000029, 36.2528955 ], [ 136.154523360000013, 36.25288105 ], [ 136.154520830000024, 36.25286161 ], [ 136.15451859, 36.25284853 ], [ 136.154516550000011, 36.25282731 ], [ 136.154512580000016, 36.25279761 ], [ 136.15450481000002, 36.25276431 ], [ 136.15450078, 36.25275261 ], [ 136.154497500000019, 36.25272925 ], [ 136.154498280000013, 36.25271656 ], [ 136.15450053, 36.25269828 ], [ 136.15450569, 36.25268461 ], [ 136.15451674000002, 36.25266223 ], [ 136.154551920000017, 36.25260289 ], [ 136.1545872, 36.25255592 ], [ 136.154620920000013, 36.25251772 ], [ 136.154635230000025, 36.25250387 ], [ 136.154647660000023, 36.25249528 ], [ 136.1546635, 36.25248922 ], [ 136.15467584000001, 36.25248487 ], [ 136.15471156000001, 36.25246856 ], [ 136.154795300000018, 36.25243197 ], [ 136.154908200000023, 36.25238075 ], [ 136.155006160000028, 36.2523342 ], [ 136.1550535, 36.25230825 ], [ 136.1550627, 36.25230559 ], [ 136.155067950000017, 36.25230497 ], [ 136.15507711, 36.2523048 ], [ 136.155083640000015, 36.25230492 ], [ 136.15510538, 36.25230567 ], [ 136.15511109, 36.25230469 ], [ 136.15511859, 36.25230131 ], [ 136.155122580000011, 36.25229856 ], [ 136.15513236000001, 36.25229133 ], [ 136.15518837, 36.25223377 ], [ 136.1552327, 36.25219013 ], [ 136.155250470000027, 36.25216853 ], [ 136.15525980000001, 36.25215051 ], [ 136.1552685, 36.25212744 ], [ 136.15527506, 36.2520932 ], [ 136.155276690000022, 36.25206897 ], [ 136.15527745, 36.25204672 ], [ 136.155276300000025, 36.2520312 ], [ 136.15527633, 36.25201805 ], [ 136.15528222, 36.25200336 ], [ 136.155290190000017, 36.25198969 ], [ 136.155304160000014, 36.25197011 ], [ 136.15532667, 36.251945 ], [ 136.155353, 36.25191725 ], [ 136.155432530000013, 36.25183033 ], [ 136.15547905, 36.2517838 ], [ 136.155492940000016, 36.25176625 ], [ 136.155500859999989, 36.25175428 ], [ 136.155510610000022, 36.25173664 ], [ 136.15557791, 36.25164136 ], [ 136.15561484, 36.25159597 ], [ 136.155643770000012, 36.25156425 ], [ 136.15565066000002, 36.25155767 ], [ 136.155656740000012, 36.25155039 ], [ 136.15566236, 36.25154441 ], [ 136.155665450000015, 36.25153944 ], [ 136.155667670000014, 36.25153478 ], [ 136.155708980000014, 36.2514578 ], [ 136.15576078, 36.25135341 ], [ 136.15576533, 36.25134205 ], [ 136.15577, 36.25133944 ], [ 136.155774580000013, 36.25133956 ], [ 136.155778690000034, 36.25134067 ], [ 136.155784450000027, 36.2513428 ], [ 136.15578847, 36.25134728 ], [ 136.15579888000002, 36.25135897 ], [ 136.155804280000012, 36.25136044 ], [ 136.15581051, 36.25136059 ], [ 136.15581606, 36.251357 ], [ 136.15582497, 36.25135111 ], [ 136.155831950000021, 36.25134217 ], [ 136.155837760000026, 36.25133017 ], [ 136.155847780000016, 36.251267 ], [ 136.155849780000011, 36.25125692 ], [ 136.155854140000031, 36.25125164 ], [ 136.155858810000012, 36.25124903 ], [ 136.15586597, 36.25124617 ], [ 136.155943190000016, 36.25121584 ], [ 136.15599477, 36.251192 ], [ 136.15600669, 36.25118487 ], [ 136.156013530000024, 36.25117928 ], [ 136.156018750000015, 36.25117231 ], [ 136.1560237, 36.25116128 ], [ 136.15603066, 36.25115233 ], [ 136.15603761, 36.25114372 ], [ 136.156044970000011, 36.25113547 ], [ 136.156053090000029, 36.25112992 ], [ 136.15606148, 36.25112741 ], [ 136.156070340000014, 36.25112456 ], [ 136.15615803, 36.25110422 ], [ 136.156251700000013, 36.25109214 ], [ 136.15626136, 36.25108964 ], [ 136.156276140000017, 36.25108323 ], [ 136.15629481000002, 36.25107353 ], [ 136.15631645000002, 36.2510612 ], [ 136.15633394, 36.25104875 ], [ 136.156388690000028, 36.25100511 ], [ 136.15651044, 36.25091272 ], [ 136.15660234, 36.25084192 ], [ 136.15681086, 36.25068297 ], [ 136.15685314000001, 36.25065189 ], [ 136.15686158, 36.25064769 ], [ 136.156867890000029, 36.2506458 ], [ 136.156875860000014, 36.25064397 ], [ 136.157014620000012, 36.25059172 ], [ 136.157023870000017, 36.25058922 ], [ 136.157038950000015, 36.25058584 ], [ 136.157114810000024, 36.25057747 ], [ 136.1571227, 36.25057786 ], [ 136.157129560000016, 36.25058064 ], [ 136.157137950000021, 36.250589 ], [ 136.15714287000003, 36.25059656 ], [ 136.157145840000027, 36.25060331 ], [ 136.157149730000015, 36.25061053 ], [ 136.157155030000013, 36.25061367 ], [ 136.15716156000002, 36.25061484 ], [ 136.15716706, 36.25061461 ], [ 136.157174670000018, 36.25061105 ], [ 136.157184840000014, 36.25060659 ], [ 136.157209490000014, 36.25059061 ], [ 136.15721722, 36.25058403 ], [ 136.15722112, 36.25057972 ], [ 136.15722438, 36.25057097 ], [ 136.157224190000022, 36.2505615 ], [ 136.157221920000012, 36.25055095 ], [ 136.157219950000012, 36.25054403 ], [ 136.157215940000015, 36.25053436 ], [ 136.157215940000015, 36.25052839 ], [ 136.157221, 36.25052139 ], [ 136.15722575, 36.25051577 ], [ 136.157231280000019, 36.2505122 ], [ 136.157240610000031, 36.250507 ], [ 136.157299560000013, 36.25047525 ], [ 136.157311, 36.25046911 ], [ 136.157322530000016, 36.25046125 ], [ 136.1573285, 36.25045667 ], [ 136.157335690000025, 36.2504498 ], [ 136.157342310000018, 36.2504418 ], [ 136.157353990000018, 36.25042823 ], [ 136.157358720000019, 36.25042141 ], [ 136.15736114, 36.25041639 ], [ 136.157361800000018, 36.25041097 ], [ 136.15735903, 36.25040186 ], [ 136.15735681000001, 36.25039022 ], [ 136.15735795, 36.25038336 ], [ 136.157360830000016, 36.25037872 ], [ 136.15736866, 36.25037236 ], [ 136.15737501000001, 36.25037069 ], [ 136.1573808, 36.25037047 ], [ 136.157387890000024, 36.25037278 ], [ 136.15739489, 36.25037689 ], [ 136.157400920000015, 36.25038308 ], [ 136.15741183, 36.25039241 ], [ 136.15742445, 36.25040111 ], [ 136.15743756, 36.2504078 ], [ 136.15744458, 36.25040967 ], [ 136.157449610000015, 36.25040875 ], [ 136.15745472, 36.25040551 ], [ 136.15745983, 36.25040156 ], [ 136.157462410000022, 36.25039925 ], [ 136.157468780000016, 36.25039536 ], [ 136.157473410000023, 36.25039377 ], [ 136.15748131, 36.25039428 ], [ 136.157484230000023, 36.25039433 ], [ 136.15749, 36.2503965 ], [ 136.157494810000031, 36.25040133 ], [ 136.157498660000016, 36.25041084 ], [ 136.15749883, 36.25041859 ], [ 136.157499800000011, 36.25042636 ], [ 136.15750377, 36.25043187 ], [ 136.157512020000013, 36.25043405 ], [ 136.15751497, 36.25043377 ], [ 136.157522530000023, 36.25043195 ], [ 136.15753017000003, 36.25042805 ], [ 136.15754333000001, 36.25041992 ], [ 136.15756380000002, 36.2504052 ], [ 136.157570360000022, 36.25039589 ], [ 136.15757414, 36.2503825 ], [ 136.157574450000027, 36.25037339 ], [ 136.15757348, 36.25036561 ], [ 136.15757211, 36.25035617 ], [ 136.157572, 36.25034672 ], [ 136.157573770000027, 36.25034117 ], [ 136.157575720000011, 36.250335 ], [ 136.157579250000026, 36.25032933 ], [ 136.15758406, 36.25032303 ], [ 136.15760112000001, 36.25031095 ], [ 136.15760533, 36.25030867 ], [ 136.157611280000026, 36.25030578 ], [ 136.15761722, 36.25030186 ], [ 136.157621050000017, 36.25029925 ], [ 136.15762516, 36.2502882 ], [ 136.157625380000013, 36.2502818 ], [ 136.157621440000014, 36.25027531 ], [ 136.157615720000024, 36.25026036 ], [ 136.157608760000016, 36.25025717 ], [ 136.157604330000026, 36.25025203 ], [ 136.15760248, 36.25024522 ], [ 136.15760348, 36.2502402 ], [ 136.157607830000018, 36.25023389 ], [ 136.157618690000021, 36.25022064 ], [ 136.15762464, 36.25021705 ], [ 136.15766564, 36.25018661 ], [ 136.15772564, 36.25016028 ], [ 136.157779660000017, 36.25013886 ], [ 136.157815380000017, 36.25013108 ], [ 136.157881, 36.25012189 ], [ 136.15793034, 36.25012317 ], [ 136.157996420000018, 36.2501265 ], [ 136.158040660000012, 36.25013544 ], [ 136.158079750000013, 36.25014997 ], [ 136.15812445, 36.25017075 ], [ 136.15817, 36.25019497 ], [ 136.158192360000015, 36.25021267 ], [ 136.158198810000016, 36.25021647 ], [ 136.158199250000024, 36.25021822 ], [ 136.15819756, 36.25022205 ], [ 136.158192870000022, 36.25022833 ], [ 136.158189, 36.2502318 ], [ 136.15817103, 36.25024541 ], [ 136.158165890000021, 36.250251 ], [ 136.15816805, 36.2502562 ], [ 136.158181360000015, 36.25025931 ], [ 136.1581917, 36.25026031 ], [ 136.15819597, 36.25026239 ], [ 136.15819645000002, 36.25027214 ], [ 136.158193860000011, 36.25027528 ], [ 136.158187890000022, 36.25027911 ], [ 136.15810514, 36.25029947 ], [ 136.15810131, 36.25030017 ], [ 136.158097890000022, 36.25030747 ], [ 136.15809725, 36.25032695 ], [ 136.15809973, 36.25033064 ], [ 136.15810428, 36.25033764 ], [ 136.158109420000017, 36.25034147 ], [ 136.15811628000003, 36.25034425 ], [ 136.158127080000014, 36.25034603 ], [ 136.158150660000018, 36.25034795 ], [ 136.158177640000019, 36.25035003 ], [ 136.15818908, 36.25035156 ], [ 136.15820861, 36.25035405 ], [ 136.158221750000024, 36.25035692 ], [ 136.15822881, 36.25035841 ], [ 136.158245030000018, 36.25036386 ], [ 136.15826601, 36.25037172 ], [ 136.158277170000019, 36.25037472 ], [ 136.158290730000033, 36.2503762 ], [ 136.158300030000021, 36.25037641 ], [ 136.158314640000015, 36.2503738 ], [ 136.158330580000012, 36.25036856 ], [ 136.15833333, 36.25036764 ], [ 136.15833597, 36.25036675 ], [ 136.158347390000017, 36.25036292 ], [ 136.15836564, 36.25035633 ], [ 136.158370420000011, 36.25035547 ], [ 136.15838022, 36.25035503 ], [ 136.15838713, 36.25035672 ], [ 136.15839358, 36.2503592 ], [ 136.158397520000022, 36.25036059 ], [ 136.15840659, 36.25036467 ], [ 136.158413020000012, 36.25036508 ], [ 136.15841852, 36.25036531 ], [ 136.15842545000001, 36.25036389 ], [ 136.158430730000021, 36.25036289 ], [ 136.15844411, 36.25035611 ], [ 136.158466640000029, 36.25033814 ], [ 136.15847122, 36.25032833 ], [ 136.15847205, 36.25031647 ], [ 136.1584708, 36.25030728 ], [ 136.15846837, 36.25029814 ], [ 136.15846317, 36.2502902 ], [ 136.15845944, 36.25028469 ], [ 136.15845803, 36.25028177 ], [ 136.158455300000014, 36.25027623 ], [ 136.15845436, 36.25027161 ], [ 136.15845436, 36.25027011 ], [ 136.15845558, 36.25025808 ], [ 136.158457520000013, 36.25024467 ], [ 136.15845973, 36.25023708 ], [ 136.158464810000027, 36.25022797 ], [ 136.15847292, 36.25022197 ], [ 136.158483610000019, 36.25021595 ], [ 136.158491340000012, 36.25021308 ], [ 136.158500800000013, 36.25021405 ], [ 136.158506860000017, 36.25021644 ], [ 136.158511280000027, 36.25022375 ], [ 136.158513090000014, 36.25023036 ], [ 136.158513450000015, 36.25023203 ], [ 136.158516030000015, 36.25023797 ], [ 136.158519860000013, 36.25024723 ], [ 136.15852725000002, 36.25026292 ], [ 136.15853292, 36.2502698 ], [ 136.158537450000011, 36.25027364 ], [ 136.15854195, 36.2502765 ], [ 136.158547390000024, 36.25027764 ], [ 136.158552360000016, 36.25027764 ], [ 136.15855708, 36.25027686 ], [ 136.15856464, 36.2502732 ], [ 136.158568200000019, 36.25026995 ], [ 136.158570560000015, 36.25026556 ], [ 136.158571970000025, 36.25025941 ], [ 136.15857336, 36.25025328 ], [ 136.158575250000013, 36.25024408 ], [ 136.158576160000024, 36.25024161 ], [ 136.158580200000017, 36.25023778 ], [ 136.15858659, 36.25023431 ], [ 136.15859533, 36.25023067 ], [ 136.15860036, 36.25022839 ], [ 136.158605280000018, 36.25022544 ], [ 136.15863239, 36.25019417 ], [ 136.158643410000025, 36.25017941 ], [ 136.158649340000011, 36.25017067 ], [ 136.158651850000012, 36.25016575 ], [ 136.158652170000011, 36.25015495 ], [ 136.15864625, 36.25012986 ], [ 136.15863672, 36.25008875 ], [ 136.15863353, 36.25007589 ], [ 136.158632970000014, 36.25006541 ], [ 136.158634230000018, 36.25006053 ], [ 136.158637200000015, 36.250057 ], [ 136.15864575, 36.25005239 ], [ 136.15866467, 36.2500512 ], [ 136.158703890000027, 36.25005089 ], [ 136.158734940000016, 36.25005341 ], [ 136.15892603, 36.25007284 ], [ 136.15895999, 36.25007683 ], [ 136.15898905, 36.25008025 ], [ 136.158998220000029, 36.2501368 ], [ 136.159008340000014, 36.2501965 ], [ 136.159018420000024, 36.2502562 ], [ 136.15909808, 36.25070731 ], [ 136.159213330000028, 36.25069984 ], [ 136.15914167, 36.25024736 ], [ 136.159127860000012, 36.25015425 ], [ 136.15913, 36.2501518 ], [ 136.15913769, 36.25014623 ], [ 136.159150970000013, 36.2501382 ], [ 136.159160390000011, 36.25013297 ], [ 136.159213500000021, 36.25011161 ], [ 136.159276060000025, 36.25009028 ], [ 136.15930864, 36.25007803 ], [ 136.15934761, 36.2500588 ], [ 136.15939173000001, 36.25003403 ], [ 136.15943883, 36.25001305 ], [ 136.159477830000014, 36.25 ], [ 136.15947939, 36.24999947 ], [ 136.15949326, 36.24999484 ], [ 136.159509970000016, 36.24998889 ], [ 136.159520250000014, 36.24998711 ], [ 136.15964112, 36.24995592 ], [ 136.15978214, 36.24991975 ], [ 136.15987859, 36.24989139 ], [ 136.15996044000002, 36.24987205 ], [ 136.16001189, 36.24986361 ], [ 136.160018340000022, 36.2498615 ], [ 136.160024750000019, 36.24985836 ], [ 136.16003031, 36.24985522 ], [ 136.16003803000001, 36.24984964 ], [ 136.16004958000002, 36.24984369 ], [ 136.160058140000018, 36.2498388 ], [ 136.16006586, 36.24983567 ], [ 136.16009886, 36.24982759 ], [ 136.16012244, 36.24982613 ], [ 136.16013275, 36.24982717 ], [ 136.160139610000016, 36.24982925 ], [ 136.16016109, 36.24983128 ], [ 136.16017394, 36.24983125 ], [ 136.16018639, 36.24982913 ], [ 136.160203110000026, 36.24982389 ], [ 136.16023497, 36.24981728 ], [ 136.16024898, 36.24981439 ], [ 136.160269100000022, 36.24981123 ], [ 136.160303, 36.24981008 ], [ 136.16034847, 36.24980686 ], [ 136.16043876, 36.24979533 ], [ 136.160540200000014, 36.24979287 ], [ 136.160632, 36.24978847 ], [ 136.160722530000015, 36.24978897 ], [ 136.160820340000015, 36.24978633 ], [ 136.160928860000013, 36.24978887 ], [ 136.161077780000028, 36.24979477 ], [ 136.16129956, 36.24978836 ], [ 136.16145056000002, 36.24979013 ], [ 136.161580969999989, 36.24978392 ], [ 136.161666740000015, 36.24977851 ], [ 136.161864970000011, 36.24977703 ], [ 136.162033990000026, 36.2497815 ], [ 136.16215462, 36.24979513 ], [ 136.16235031, 36.24981731 ], [ 136.16243703, 36.2498265 ], [ 136.16246791, 36.24983025 ], [ 136.16259847, 36.2498665 ], [ 136.162712750000026, 36.24990275 ], [ 136.162764720000013, 36.2499228 ], [ 136.162829610000017, 36.24995292 ], [ 136.16289837, 36.24997956 ], [ 136.16292759000001, 36.24999477 ], [ 136.162932, 36.24999947 ], [ 136.16293248, 36.25 ], [ 136.162939640000019, 36.25000761 ], [ 136.162956830000013, 36.25001628 ], [ 136.162998890000011, 36.25002 ], [ 136.16301905, 36.25001997 ], [ 136.1630637, 36.25002925 ], [ 136.16311353, 36.25004584 ], [ 136.16316978, 36.25005859 ], [ 136.16323331000001, 36.25007025 ], [ 136.163296450000018, 36.25008195 ], [ 136.16340241, 36.25009284 ], [ 136.163540580000017, 36.25009808 ], [ 136.16368825, 36.25012175 ], [ 136.16380331000002, 36.25013784 ], [ 136.16393205, 36.25015423 ], [ 136.1639973, 36.25016731 ], [ 136.164067760000023, 36.25018869 ], [ 136.1641773, 36.25023367 ], [ 136.16423061, 36.25025895 ], [ 136.164260250000012, 36.25027277 ], [ 136.16427361, 36.25028561 ], [ 136.1642827, 36.25030472 ], [ 136.164285770000021, 36.25032592 ], [ 136.16427986, 36.25035239 ], [ 136.16426934, 36.25040769 ], [ 136.16425623, 36.25046339 ], [ 136.164235940000026, 36.25054656 ], [ 136.16422542, 36.25060536 ], [ 136.164211850000015, 36.25065756 ], [ 136.164199640000021, 36.25071322 ], [ 136.164189470000025, 36.25075256 ], [ 136.164172, 36.25082636 ], [ 136.16416795, 36.25086147 ], [ 136.16419339, 36.25087072 ], [ 136.16424109, 36.25087613 ], [ 136.164272720000014, 36.25087308 ], [ 136.164297660000017, 36.25086303 ], [ 136.164351830000015, 36.25070033 ], [ 136.1643673, 36.25069292 ], [ 136.16439467, 36.25069189 ], [ 136.16448348, 36.25068953 ], [ 136.16458756, 36.25069078 ], [ 136.16468986000001, 36.25069684 ], [ 136.164839420000021, 36.25068556 ], [ 136.165036110000017, 36.25066311 ], [ 136.165142090000018, 36.25065611 ], [ 136.16523597, 36.2506552 ], [ 136.165386720000015, 36.25067356 ], [ 136.165603770000018, 36.25070441 ], [ 136.16570569000001, 36.25073186 ], [ 136.16577442000002, 36.25075475 ], [ 136.165856500000018, 36.25079364 ], [ 136.165942750000028, 36.25083811 ], [ 136.166029110000011, 36.25087636 ], [ 136.166071410000029, 36.25089687 ], [ 136.166127980000027, 36.25093133 ], [ 136.166187300000018, 36.25095341 ], [ 136.166264720000015, 36.25096605 ], [ 136.1664393, 36.25098678 ], [ 136.166549300000014, 36.25099225 ], [ 136.166666670000012, 36.25100195 ], [ 136.166669340000027, 36.25100217 ], [ 136.1666763, 36.25100272 ], [ 136.166798809999989, 36.25102353 ], [ 136.166917860000012, 36.251047 ], [ 136.167025720000026, 36.25107659 ], [ 136.16716222, 36.25112647 ], [ 136.167253720000019, 36.25116341 ], [ 136.167328110000028, 36.25120428 ], [ 136.167415810000023, 36.25126256 ], [ 136.167463750000024, 36.25130033 ], [ 136.167521890000017, 36.25134308 ], [ 136.167583990000026, 36.25139967 ], [ 136.16763942, 36.25145136 ], [ 136.167669470000021, 36.25148686 ], [ 136.16770148, 36.25151067 ], [ 136.16774136, 36.25152359 ], [ 136.167777130000019, 36.25152744 ], [ 136.16782661000002, 36.25152872 ], [ 136.167908610000012, 36.25152559 ], [ 136.168017080000027, 36.25152 ], [ 136.168142550000027, 36.25152013 ], [ 136.16825759, 36.25153117 ], [ 136.16837747, 36.25155536 ], [ 136.16849553, 36.2515878 ], [ 136.168596330000014, 36.25162831 ], [ 136.168679340000011, 36.25166517 ], [ 136.16874353, 36.25170039 ], [ 136.168806860000018, 36.25173905 ], [ 136.16886462, 36.25177353 ], [ 136.16897358, 36.25186217 ], [ 136.16900272, 36.25189689 ], [ 136.16903185000001, 36.25193161 ], [ 136.16904872, 36.25196331 ], [ 136.16905319, 36.25199489 ], [ 136.16905384, 36.25200559 ], [ 136.16899419, 36.25212295 ], [ 136.16900737, 36.25212775 ], [ 136.168965010000022, 36.25220222 ], [ 136.169035690000015, 36.2522262 ], [ 136.16906326, 36.25222141 ], [ 136.169141920000015, 36.25220705 ], [ 136.16941678, 36.25215684 ], [ 136.16950545, 36.25214497 ], [ 136.169567520000015, 36.25213859 ], [ 136.169620700000024, 36.25213347 ], [ 136.169661410000032, 36.25213251 ], [ 136.16971616, 36.2521318 ], [ 136.169931720000022, 36.25214005 ], [ 136.169995160000013, 36.25214653 ], [ 136.170037590000021, 36.25214992 ], [ 136.17008678, 36.25216336 ], [ 136.17086097, 36.25233459 ], [ 136.171346500000027, 36.25245431 ], [ 136.17159056, 36.25251451 ], [ 136.171594890000023, 36.25251559 ], [ 136.17161550000003, 36.25252423 ], [ 136.171654580000023, 36.25254056 ], [ 136.171693260000012, 36.2525568 ], [ 136.171742550000033, 36.25257036 ], [ 136.171781410000023, 36.25257364 ], [ 136.17181148, 36.25257692 ], [ 136.17189292, 36.25257211 ], [ 136.171926420000034, 36.25258108 ], [ 136.17199847, 36.25260495 ], [ 136.17203336, 36.25263123 ], [ 136.17206834000001, 36.25265317 ], [ 136.17209997, 36.25266789 ], [ 136.172168560000017, 36.25268736 ], [ 136.172605280000028, 36.25281039 ], [ 136.172627440000014, 36.25282161 ], [ 136.172656860000018, 36.25283853 ], [ 136.172690730000028, 36.25286172 ], [ 136.17270475, 36.25286478 ], [ 136.172724110000019, 36.25286572 ], [ 136.172748910000024, 36.25286244 ], [ 136.172766500000023, 36.25286125 ], [ 136.17278153, 36.25286214 ], [ 136.172793770000027, 36.25286653 ], [ 136.172806830000013, 36.25287669 ], [ 136.1728162, 36.25289184 ], [ 136.172827370000022, 36.25290984 ], [ 136.172834280000018, 36.25291413 ], [ 136.17285720000001, 36.25291656 ], [ 136.172888809999989, 36.25291984 ], [ 136.17293178, 36.25292672 ], [ 136.172945840000011, 36.25293408 ], [ 136.172988690000011, 36.25294953 ], [ 136.173054770000022, 36.25299531 ], [ 136.17306625, 36.252999 ], [ 136.17308728, 36.25300067 ], [ 136.173101530000025, 36.25299513 ], [ 136.17311464, 36.25299603 ], [ 136.173128780000013, 36.25299836 ], [ 136.173146280000026, 36.25300356 ], [ 136.173326590000016, 36.25307205 ], [ 136.173325580000011, 36.25307369 ], [ 136.174023940000012, 36.25331944 ], [ 136.174084530000016, 36.25334044 ], [ 136.174119170000012, 36.25335869 ], [ 136.174145160000023, 36.25338397 ], [ 136.17417817, 36.25341205 ], [ 136.174231850000012, 36.25343875 ], [ 136.1745108, 36.25353144 ], [ 136.174557610000022, 36.25355669 ], [ 136.174602610000022, 36.25358061 ], [ 136.174652870000017, 36.2536045 ], [ 136.174706640000011, 36.25361995 ], [ 136.17478109000001, 36.25361992 ], [ 136.174836520000014, 36.25362975 ], [ 136.174874690000024, 36.25363403 ], [ 136.174909340000028, 36.25364522 ], [ 136.17495433000002, 36.25366625 ], [ 136.175, 36.25369492 ], [ 136.175002670000026, 36.25369661 ], [ 136.175215970000011, 36.25383053 ], [ 136.17536156, 36.25389792 ], [ 136.17542047, 36.25391478 ], [ 136.175479360000026, 36.2539218 ], [ 136.175512340000012, 36.25393592 ], [ 136.175626670000014, 36.25396539 ], [ 136.17577044, 36.25401872 ], [ 136.17581438, 36.25403823 ], [ 136.175954140000016, 36.2541002 ], [ 136.17753167, 36.25489017 ], [ 136.177597660000032, 36.25491413 ], [ 136.17770178, 36.25495359 ], [ 136.177818880000018, 36.25499561 ], [ 136.177906300000018, 36.25502986 ], [ 136.177984920000029, 36.25506417 ], [ 136.17805053, 36.25509278 ], [ 136.17805309000002, 36.25509392 ], [ 136.178108440000017, 36.25511853 ], [ 136.178133410000015, 36.25512867 ], [ 136.178166130000022, 36.25513853 ], [ 136.17831214, 36.25518636 ], [ 136.178331410000027, 36.25519472 ], [ 136.178341, 36.25520056 ], [ 136.17835070000001, 36.25520767 ], [ 136.178360270000013, 36.25521803 ], [ 136.17841092, 36.25526931 ], [ 136.17842219000002, 36.25527767 ], [ 136.178433450000028, 36.25528413 ], [ 136.178448590000016, 36.25529197 ], [ 136.17864742, 36.25537684 ], [ 136.178830120000015, 36.25545669 ], [ 136.178914640000016, 36.25549308 ], [ 136.178980700000011, 36.25552208 ], [ 136.17904042, 36.25554939 ], [ 136.179153800000023, 36.255605 ], [ 136.179304550000012, 36.25568528 ], [ 136.17940898, 36.25574028 ], [ 136.179500750000017, 36.25578492 ], [ 136.179605470000013, 36.25583408 ], [ 136.17970839, 36.25588069 ], [ 136.1798492, 36.25594331 ], [ 136.17994477000002, 36.25598417 ], [ 136.180046130000022, 36.25602267 ], [ 136.180207200000012, 36.25608895 ], [ 136.18032728, 36.25613925 ], [ 136.18049603, 36.25621253 ], [ 136.180653090000021, 36.25627592 ], [ 136.18077839, 36.25632908 ], [ 136.180878880000023, 36.25637384 ], [ 136.180934690000015, 36.25640259 ], [ 136.18098161, 36.25642947 ], [ 136.18104234, 36.25646333 ], [ 136.18109192, 36.25648931 ], [ 136.181134470000018, 36.25650808 ], [ 136.18117781, 36.25652253 ], [ 136.18124472, 36.256542 ], [ 136.18129484, 36.25655461 ], [ 136.181329340000019, 36.25656431 ], [ 136.18136542, 36.25657661 ], [ 136.18139672, 36.2565908 ], [ 136.181436830000024, 36.2566122 ], [ 136.181484970000014, 36.25664131 ], [ 136.18153547, 36.25667044 ], [ 136.1815837, 36.25669569 ], [ 136.181642190000019, 36.25672344 ], [ 136.18170558, 36.25674995 ], [ 136.18176817, 36.25677717 ], [ 136.181805060000016, 36.25679531 ], [ 136.181856860000011, 36.25682036 ], [ 136.181938300000013, 36.25685928 ], [ 136.182018270000015, 36.256897 ], [ 136.182100830000024, 36.25693628 ], [ 136.18215486, 36.25695961 ], [ 136.18221503, 36.25698675 ], [ 136.182279170000015, 36.25701523 ], [ 136.18240361, 36.25707551 ], [ 136.182567300000017, 36.25716017 ], [ 136.182665110000016, 36.25721192 ], [ 136.182734090000025, 36.25724686 ], [ 136.182796250000024, 36.25727741 ], [ 136.182848050000018, 36.25730259 ], [ 136.182905080000012, 36.25732692 ], [ 136.18292983, 36.25733741 ], [ 136.18295711, 36.25734586 ], [ 136.182982050000021, 36.25735295 ], [ 136.183013330000023, 36.25736261 ], [ 136.1830462, 36.25737231 ], [ 136.183089100000018, 36.25739064 ], [ 136.18309776000001, 36.25739478 ], [ 136.183185110000011, 36.25761978 ], [ 136.183333330000011, 36.25742275 ], [ 136.183336030000021, 36.2574192 ], [ 136.18360433, 36.25706253 ], [ 136.18433988000001, 36.25616975 ], [ 136.18426073, 36.25597059 ], [ 136.18423156, 36.25589697 ], [ 136.18429433, 36.25515669 ], [ 136.18480739, 36.25474947 ], [ 136.183775720000028, 36.25385697 ], [ 136.18419183, 36.25352864 ], [ 136.18412988, 36.25348447 ], [ 136.183567110000013, 36.25308253 ], [ 136.183411, 36.25294253 ], [ 136.18333601, 36.2528578 ], [ 136.183333330000011, 36.25285478 ], [ 136.18330377, 36.25282141 ], [ 136.183257670000017, 36.2527692 ], [ 136.183333330000011, 36.25270595 ], [ 136.18333601, 36.25270372 ], [ 136.18340655, 36.25264475 ], [ 136.18351795, 36.25257336 ], [ 136.18346462, 36.25252475 ], [ 136.18333601, 36.25240695 ], [ 136.183333330000011, 36.25240451 ], [ 136.18329961, 36.25237364 ], [ 136.183216, 36.25232836 ], [ 136.1831335, 36.25222086 ], [ 136.18299294000002, 36.25203808 ], [ 136.18291406, 36.25185725 ], [ 136.182895450000018, 36.25170669 ], [ 136.182698390000013, 36.25161264 ], [ 136.18241533, 36.25147708 ], [ 136.181938780000024, 36.25118669 ], [ 136.181562670000034, 36.25095669 ], [ 136.18142703, 36.25086997 ], [ 136.18118881, 36.25071341 ], [ 136.181241850000021, 36.25067522 ], [ 136.181455450000016, 36.2505128 ], [ 136.18159044, 36.25041031 ], [ 136.18189711, 36.2501842 ], [ 136.18213119, 36.25 ], [ 136.182131850000019, 36.24999947 ], [ 136.182194330000016, 36.24995031 ], [ 136.182552109999989, 36.24970559 ], [ 136.18297462000001, 36.24936614 ], [ 136.183333330000011, 36.24910333 ], [ 136.18333601, 36.24910139 ], [ 136.183457660000016, 36.24901225 ], [ 136.183861830000012, 36.24870697 ], [ 136.184261280000015, 36.24841308 ], [ 136.18445183, 36.24838669 ], [ 136.18455377, 36.24845836 ], [ 136.18467988, 36.24858864 ], [ 136.18473961, 36.24865059 ], [ 136.18466516, 36.24880503 ], [ 136.18460961, 36.24898225 ], [ 136.18458156, 36.24920059 ], [ 136.1845585, 36.24942308 ], [ 136.18453044, 36.24983725 ], [ 136.185046280000023, 36.24987141 ], [ 136.185529340000016, 36.2499128 ], [ 136.18563850000001, 36.24992141 ], [ 136.186096, 36.24995808 ], [ 136.18657156, 36.24998086 ], [ 136.186648780000013, 36.24998447 ], [ 136.18690516, 36.24998697 ], [ 136.18702934, 36.24998808 ], [ 136.187076, 36.24956253 ], [ 136.187220170000018, 36.24945336 ], [ 136.18747073000003, 36.24928364 ], [ 136.18771211, 36.24951725 ], [ 136.187935160000023, 36.24969808 ], [ 136.18818044, 36.2499428 ], [ 136.188237300000026, 36.24999947 ], [ 136.18823783000002, 36.25 ], [ 136.18826017, 36.25002225 ], [ 136.18829012, 36.25 ], [ 136.188290830000028, 36.24999947 ], [ 136.18865044, 36.24973225 ], [ 136.18886878, 36.24957753 ], [ 136.18901739, 36.2495928 ], [ 136.18924961, 36.24979613 ], [ 136.189444620000017, 36.24989031 ], [ 136.189441720000019, 36.24999947 ], [ 136.1894417, 36.25 ], [ 136.18943511, 36.25025031 ], [ 136.18966294, 36.25043669 ], [ 136.190094890000012, 36.25077587 ], [ 136.19029462, 36.25090031 ], [ 136.19081017000002, 36.25094559 ], [ 136.19080073, 36.25121669 ], [ 136.19102988, 36.25128669 ], [ 136.19123294000002, 36.25134864 ], [ 136.191251280000017, 36.25143531 ], [ 136.191311830000018, 36.25154087 ], [ 136.191488220000025, 36.25167669 ], [ 136.191651, 36.25168031 ], [ 136.191666670000018, 36.2516672 ], [ 136.19166934, 36.25166497 ], [ 136.191842940000015, 36.25151975 ], [ 136.19209211, 36.25131113 ], [ 136.19254822000002, 36.2509442 ], [ 136.192617110000015, 36.2508892 ], [ 136.19299795, 36.25062169 ], [ 136.19347156, 36.25024836 ], [ 136.193824620000015, 36.25051225 ], [ 136.19398684, 36.25064753 ], [ 136.194149610000011, 36.25078364 ], [ 136.194233220000029, 36.25072336 ], [ 136.19456322000002, 36.25044836 ], [ 136.194646010000014, 36.25051947 ], [ 136.19512988, 36.25093447 ], [ 136.19548294, 36.25120197 ], [ 136.195589610000013, 36.25106641 ], [ 136.19582655, 36.25066308 ], [ 136.196031, 36.25033141 ], [ 136.19616572000001, 36.25013531 ], [ 136.19628197000003, 36.25 ], [ 136.19628241, 36.24999947 ], [ 136.196346840000018, 36.24992447 ], [ 136.19650017, 36.2496642 ], [ 136.19662545, 36.24947225 ], [ 136.19681128000002, 36.24932503 ], [ 136.19695988, 36.2491442 ], [ 136.19713406, 36.24900725 ], [ 136.19733414, 36.2489338 ], [ 136.197967660000018, 36.24873003 ], [ 136.19824183, 36.24869614 ], [ 136.19843211, 36.24869614 ], [ 136.198738780000014, 36.24869225 ], [ 136.198848220000031, 36.24865336 ], [ 136.19899433, 36.24860169 ], [ 136.19914294, 36.24843225 ], [ 136.199296280000027, 36.24822864 ], [ 136.199481830000025, 36.24788559 ], [ 136.199742110000017, 36.2475692 ], [ 136.2, 36.24734536 ], [ 136.200002670000032, 36.24734305 ], [ 136.20007655, 36.24727892 ], [ 136.200229880000023, 36.24715087 ], [ 136.200438750000018, 36.24690975 ], [ 136.200508469999988, 36.24678559 ], [ 136.200592090000015, 36.24656308 ], [ 136.2006618, 36.24637475 ], [ 136.20065263, 36.24623531 ], [ 136.20069903000001, 36.24609947 ], [ 136.20048847000001, 36.24611086 ], [ 136.200487080000016, 36.24611086 ], [ 136.2003507, 36.24611836 ], [ 136.20000263, 36.24613708 ], [ 136.2, 36.24613722 ], [ 136.19993263, 36.24614087 ], [ 136.19941681, 36.24610336 ], [ 136.199092090000022, 36.24613336 ], [ 136.198869030000026, 36.24620141 ], [ 136.19868791, 36.24622003 ], [ 136.19846486, 36.24607697 ], [ 136.1983582, 36.24589225 ], [ 136.198330140000024, 36.24579059 ], [ 136.19822348, 36.24563225 ], [ 136.19822348, 36.2455342 ], [ 136.198237370000015, 36.24542113 ], [ 136.198116520000013, 36.24524392 ], [ 136.19787514, 36.24519503 ], [ 136.1976707, 36.24509697 ], [ 136.197531240000018, 36.24496141 ], [ 136.197364030000017, 36.2447578 ], [ 136.197090140000029, 36.24472003 ], [ 136.196872090000028, 36.2447578 ], [ 136.19672319, 36.24474641 ], [ 136.196732630000014, 36.24465225 ], [ 136.196862630000027, 36.24447141 ], [ 136.19688124000001, 36.2442942 ], [ 136.196765140000025, 36.24415114 ], [ 136.1967093, 36.24404169 ], [ 136.196700140000019, 36.24390975 ], [ 136.196639590000018, 36.2437178 ], [ 136.196509580000026, 36.24353697 ], [ 136.1963982, 36.24340141 ], [ 136.19626820000002, 36.24332225 ], [ 136.19616597000001, 36.24328059 ], [ 136.1958918, 36.24319031 ], [ 136.195770970000012, 36.2429492 ], [ 136.195613190000017, 36.24265892 ], [ 136.195395140000016, 36.24247031 ], [ 136.19525569000001, 36.24227059 ], [ 136.195000140000019, 36.2419992 ], [ 136.194772630000017, 36.24183336 ], [ 136.19464192, 36.24166667 ], [ 136.194641500000017, 36.24166614 ], [ 136.19461014, 36.24162613 ], [ 136.19458681, 36.24148308 ], [ 136.194572920000013, 36.24138864 ], [ 136.19450791, 36.24131725 ], [ 136.194201240000012, 36.24117003 ], [ 136.193941240000015, 36.24109864 ], [ 136.193810970000015, 36.24104947 ], [ 136.193690410000016, 36.24095531 ], [ 136.1936718, 36.24084975 ], [ 136.193675970000015, 36.24084087 ], [ 136.19378319, 36.24060864 ], [ 136.193819580000024, 36.2404892 ], [ 136.193822360000013, 36.24048031 ], [ 136.19386681, 36.24033364 ], [ 136.194054030000018, 36.23988447 ], [ 136.194113190000024, 36.23974197 ], [ 136.194415140000018, 36.23907864 ], [ 136.19465681, 36.23856613 ], [ 136.194712630000026, 36.23853225 ], [ 136.19478458, 36.23855641 ], [ 136.19480791, 36.2385642 ], [ 136.195204580000023, 36.23869808 ], [ 136.19551597, 36.23882613 ], [ 136.19574348, 36.23886003 ], [ 136.195862670000025, 36.23880759 ], [ 136.19612903, 36.23869059 ], [ 136.19628236, 36.23859613 ], [ 136.196361240000016, 36.23847559 ], [ 136.196547080000016, 36.2381442 ], [ 136.19660737, 36.23790697 ], [ 136.196677080000029, 36.23774864 ], [ 136.196681800000022, 36.2376092 ], [ 136.19666319000001, 36.23751475 ], [ 136.19642153, 36.23743197 ], [ 136.19612458, 36.2373678 ], [ 136.196078200000017, 36.23733031 ], [ 136.196115420000012, 36.23725475 ], [ 136.196180410000011, 36.23700975 ], [ 136.19620348, 36.23683641 ], [ 136.19623153, 36.23664808 ], [ 136.19627791, 36.23655003 ], [ 136.196291800000012, 36.23644447 ], [ 136.196291800000012, 36.23630892 ], [ 136.196347640000027, 36.23620697 ], [ 136.19635681, 36.23610641 ], [ 136.196366250000011, 36.23600364 ], [ 136.19656122, 36.23588308 ], [ 136.196909560000023, 36.23565308 ], [ 136.19657066000002, 36.23540447 ], [ 136.196461500000026, 36.23532669 ], [ 136.19623150000001, 36.23516336 ], [ 136.19591567, 36.23494864 ], [ 136.195525380000021, 36.23467336 ], [ 136.19523261, 36.23446225 ], [ 136.194829, 36.23417586 ], [ 136.19463844, 36.23402892 ], [ 136.19442511, 36.23390503 ], [ 136.19435983, 36.23386697 ], [ 136.1942065, 36.23393475 ], [ 136.19409484, 36.23401392 ], [ 136.194057890000011, 36.23421364 ], [ 136.19413205, 36.23445475 ], [ 136.194452610000013, 36.23462447 ], [ 136.19465234, 36.23473003 ], [ 136.19456761, 36.23485141 ], [ 136.19455484, 36.23486947 ], [ 136.19440623, 36.23503892 ], [ 136.194197060000022, 36.23470364 ], [ 136.194085670000021, 36.23458308 ], [ 136.193616500000019, 36.23460947 ], [ 136.193435380000011, 36.23457531 ], [ 136.193425940000026, 36.23440197 ], [ 136.193421500000028, 36.23408559 ], [ 136.193105670000023, 36.23410059 ], [ 136.192669, 36.23411197 ], [ 136.19223234, 36.23412308 ], [ 136.19193983, 36.23410808 ], [ 136.191716500000013, 36.23409669 ], [ 136.19166927, 36.2341 ], [ 136.191666670000018, 36.2341002 ], [ 136.19139178, 36.23411947 ], [ 136.191099, 36.23418336 ], [ 136.19093178, 36.23415336 ], [ 136.190834280000018, 36.23409308 ], [ 136.19072761000001, 36.23400253 ], [ 136.190657890000011, 36.2338592 ], [ 136.19046261, 36.23341087 ], [ 136.190402330000012, 36.23337697 ], [ 136.19031872, 36.23338808 ], [ 136.19023511, 36.23344864 ], [ 136.1900865, 36.23356169 ], [ 136.189923990000011, 36.23375392 ], [ 136.189633750000013, 36.23396614 ], [ 136.189450140000019, 36.23410059 ], [ 136.18923652, 36.2340778 ], [ 136.188902090000028, 36.23401392 ], [ 136.188796250000024, 36.2338928 ], [ 136.188697640000015, 36.23378031 ], [ 136.18853511, 36.2335728 ], [ 136.18851650000002, 36.23336197 ], [ 136.18851036, 36.23333333 ], [ 136.18851025, 36.2333328 ], [ 136.188474550000024, 36.23316586 ], [ 136.188474550000024, 36.23300392 ], [ 136.18847012, 36.23277392 ], [ 136.18859095000002, 36.23243086 ], [ 136.188781510000013, 36.23205392 ], [ 136.18890234, 36.23185836 ], [ 136.188953450000014, 36.23168503 ], [ 136.18896261, 36.2315342 ], [ 136.18895178, 36.23143169 ], [ 136.18893484, 36.23127031 ], [ 136.188800120000025, 36.23095392 ], [ 136.18867455, 36.23084447 ], [ 136.1883865, 36.23071641 ], [ 136.18821484, 36.23062587 ], [ 136.187996500000025, 36.2305242 ], [ 136.187736230000013, 36.23035086 ], [ 136.187573720000017, 36.2302942 ], [ 136.18726261, 36.23025669 ], [ 136.186913990000022, 36.23017753 ], [ 136.186784280000012, 36.23014725 ], [ 136.18661706, 36.23016613 ], [ 136.186700390000027, 36.23056947 ], [ 136.18674678, 36.23089364 ], [ 136.186653990000025, 36.23115725 ], [ 136.18651455, 36.23141753 ], [ 136.186268440000021, 36.23170003 ], [ 136.1859665, 36.23195225 ], [ 136.185567060000011, 36.23226503 ], [ 136.185241780000013, 36.23250641 ], [ 136.184907370000019, 36.23275503 ], [ 136.1847682, 36.2328342 ], [ 136.18441986000002, 36.23294364 ], [ 136.18415042, 36.23292086 ], [ 136.18385791, 36.23283059 ], [ 136.18366737, 36.23274753 ], [ 136.183583750000025, 36.23263836 ], [ 136.183588469999989, 36.23251003 ], [ 136.18360236, 36.23236308 ], [ 136.18365817, 36.23190197 ], [ 136.183660660000015, 36.23188169 ], [ 136.183704550000016, 36.23151892 ], [ 136.18371844, 36.23145864 ], [ 136.18364872, 36.23137975 ], [ 136.18354678, 36.23133086 ], [ 136.18339789, 36.23130059 ], [ 136.18333594, 36.23129433 ], [ 136.183333330000011, 36.23129408 ], [ 136.18317511, 36.23127808 ], [ 136.182896230000011, 36.23130059 ], [ 136.18274317, 36.23133808 ], [ 136.18265428, 36.23137586 ], [ 136.182547890000023, 36.23142086 ], [ 136.18222289000002, 36.23153392 ], [ 136.181944, 36.23161697 ], [ 136.181712050000016, 36.23164697 ], [ 136.181544840000015, 36.23165086 ], [ 136.181345110000024, 36.2315792 ], [ 136.18122428, 36.23139087 ], [ 136.181187060000013, 36.23111947 ], [ 136.181168720000016, 36.23090114 ], [ 136.181177890000015, 36.23071641 ], [ 136.18135428, 36.23057697 ], [ 136.18144261, 36.2305092 ], [ 136.18147066, 36.23037336 ], [ 136.181544840000015, 36.23017753 ], [ 136.181609830000014, 36.23000031 ], [ 136.181684280000013, 36.22981559 ], [ 136.18180511, 36.22963836 ], [ 136.18195817, 36.22950669 ], [ 136.18216261, 36.22942003 ], [ 136.182297330000011, 36.22933336 ], [ 136.182367060000018, 36.22927669 ], [ 136.182371780000011, 36.22919392 ], [ 136.182371780000011, 36.22908059 ], [ 136.18242733, 36.22888475 ], [ 136.182677250000012, 36.22885036 ], [ 136.183333330000011, 36.22889869 ], [ 136.18333594, 36.22889889 ], [ 136.18436189, 36.2289745 ], [ 136.184529270000013, 36.22878947 ], [ 136.18471261000002, 36.22859475 ], [ 136.184726500000011, 36.22833475 ], [ 136.184772890000033, 36.22828947 ], [ 136.184870390000015, 36.22831586 ], [ 136.184953990000025, 36.22831975 ], [ 136.184972610000017, 36.22801059 ], [ 136.18492623, 36.22767141 ], [ 136.18489872, 36.22723059 ], [ 136.184852050000018, 36.22691003 ], [ 136.18477316000002, 36.2264728 ], [ 136.184768440000028, 36.22620197 ], [ 136.18474927, 36.22606364 ], [ 136.18474261, 36.2260142 ], [ 136.184731500000026, 36.2259342 ], [ 136.18439706, 36.22596447 ], [ 136.18422983, 36.22598336 ], [ 136.18422039, 36.22579475 ], [ 136.18417872, 36.22538392 ], [ 136.18412261, 36.225 ], [ 136.184122550000012, 36.22499947 ], [ 136.18411817, 36.22496947 ], [ 136.184086470000011, 36.22464669 ], [ 136.18407647, 36.22454364 ], [ 136.18400202, 36.22376753 ], [ 136.18396481000002, 36.22333031 ], [ 136.183909530000022, 36.22299113 ], [ 136.183791750000012, 36.2230078 ], [ 136.1833473, 36.22307031 ], [ 136.183335910000011, 36.223072 ], [ 136.183333330000011, 36.22307239 ], [ 136.182868970000015, 36.22314169 ], [ 136.18251591, 36.22318697 ], [ 136.18213036, 36.22316447 ], [ 136.18213508, 36.22343586 ], [ 136.18213508, 36.22363892 ], [ 136.18215287000001, 36.22395836 ], [ 136.182162870000013, 36.22414031 ], [ 136.18196314, 36.22404613 ], [ 136.181452310000026, 36.22389141 ], [ 136.18098759, 36.22372559 ], [ 136.18081564, 36.2236728 ], [ 136.18047202, 36.22356753 ], [ 136.179998150000017, 36.22341669 ], [ 136.17956647, 36.22326614 ], [ 136.178962580000018, 36.22307031 ], [ 136.17871786, 36.22299836 ], [ 136.178525910000019, 36.22294197 ], [ 136.17758759, 36.2226442 ], [ 136.17747341, 36.22261087 ], [ 136.17703481, 36.22248225 ], [ 136.176528970000021, 36.22233141 ], [ 136.176073699999989, 36.22219587 ], [ 136.17575647000001, 36.2220942 ], [ 136.175451190000018, 36.22199613 ], [ 136.17511202, 36.22190197 ], [ 136.175002580000012, 36.22186539 ], [ 136.175, 36.22186453 ], [ 136.1747962, 36.22179641 ], [ 136.174844810000025, 36.22166697 ], [ 136.174893700000013, 36.22153641 ], [ 136.175, 36.22130428 ], [ 136.175002580000012, 36.22129861 ], [ 136.17501453, 36.22127253 ], [ 136.175167860000016, 36.22091059 ], [ 136.17531175000002, 36.22058644 ], [ 136.17544647, 36.22025895 ], [ 136.17507508, 36.22016478 ], [ 136.17507953, 36.21990478 ], [ 136.17507953, 36.21952784 ], [ 136.175047300000017, 36.21883423 ], [ 136.17503815, 36.21855533 ], [ 136.175002580000012, 36.21853623 ], [ 136.175, 36.21853484 ], [ 136.174982310000019, 36.21852533 ], [ 136.174908140000014, 36.21853284 ], [ 136.174763970000015, 36.21858923 ], [ 136.17449453, 36.21870228 ], [ 136.174215910000015, 36.2186195 ], [ 136.174146160000021, 36.21855172 ], [ 136.174085890000015, 36.21841228 ], [ 136.174006720000023, 36.2181295 ], [ 136.174039220000026, 36.21778284 ], [ 136.174062280000015, 36.21759339 ], [ 136.17406728, 36.21755284 ], [ 136.174085890000015, 36.21739867 ], [ 136.174059780000022, 36.217342 ], [ 136.17401616, 36.21724784 ], [ 136.173625890000011, 36.21713117 ], [ 136.173180050000013, 36.21686339 ], [ 136.17286506, 36.21669284 ], [ 136.172832, 36.21667505 ], [ 136.17281961, 36.21666667 ], [ 136.17281886, 36.21666617 ], [ 136.172581170000029, 36.21650533 ], [ 136.172112, 36.21633589 ], [ 136.17179589, 36.21620756 ], [ 136.171638110000032, 36.21618895 ], [ 136.171350050000029, 36.21620756 ], [ 136.171145620000033, 36.21622284 ], [ 136.170880900000014, 36.21622644 ], [ 136.170815330000011, 36.21623728 ], [ 136.170421170000026, 36.216302 ], [ 136.170232280000022, 36.21636284 ], [ 136.17012839, 36.21639617 ], [ 136.169654770000022, 36.21641339 ], [ 136.169506160000026, 36.21641867 ], [ 136.16934645, 36.21631367 ], [ 136.169311170000014, 36.21629061 ], [ 136.16918562, 36.21617367 ], [ 136.168851170000011, 36.21578561 ], [ 136.168688660000015, 36.21563117 ], [ 136.168502830000023, 36.21545395 ], [ 136.168317, 36.2153445 ], [ 136.168145330000016, 36.21525423 ], [ 136.168043110000013, 36.21514117 ], [ 136.16788506, 36.21498284 ], [ 136.167620340000013, 36.21463978 ], [ 136.16748117000003, 36.21428172 ], [ 136.167458110000013, 36.21406311 ], [ 136.16743005, 36.21389367 ], [ 136.167286140000016, 36.21352839 ], [ 136.167118910000028, 36.21312505 ], [ 136.166964470000011, 36.212862 ], [ 136.16692837, 36.21280089 ], [ 136.16680309, 36.21260478 ], [ 136.166775300000012, 36.21232978 ], [ 136.166738080000016, 36.21198311 ], [ 136.16676586, 36.21152311 ], [ 136.166775300000012, 36.21119923 ], [ 136.16672864, 36.21080367 ], [ 136.166711140000018, 36.21070395 ], [ 136.1666692, 36.21046259 ], [ 136.166666670000012, 36.21044803 ], [ 136.166663640000024, 36.21043061 ], [ 136.16660808, 36.21001978 ], [ 136.16657558, 36.20977089 ], [ 136.166561410000014, 36.20928561 ], [ 136.166557250000011, 36.20914144 ], [ 136.166605300000015, 36.20913395 ], [ 136.166666670000012, 36.20912422 ], [ 136.1666692, 36.20912384 ], [ 136.16674752, 36.20911144 ], [ 136.166905580000019, 36.20910395 ], [ 136.167064190000019, 36.20910284 ], [ 136.167336980000016, 36.20910117 ], [ 136.167504470000011, 36.20910005 ], [ 136.167699470000031, 36.20910005 ], [ 136.16787808, 36.20931117 ], [ 136.167925030000021, 36.20936644 ], [ 136.168066420000031, 36.20953367 ], [ 136.168133410000024, 36.2098615 ], [ 136.16818475, 36.21011367 ], [ 136.16827086, 36.21040033 ], [ 136.168337520000023, 36.210697 ], [ 136.168363920000019, 36.21081505 ], [ 136.168475300000011, 36.21136144 ], [ 136.168619200000023, 36.21196784 ], [ 136.168707520000027, 36.21212617 ], [ 136.168721410000018, 36.21223922 ], [ 136.169241410000012, 36.21215644 ], [ 136.16958058, 36.21210367 ], [ 136.16984224, 36.21206478 ], [ 136.17013781, 36.21202061 ], [ 136.170541970000016, 36.211957 ], [ 136.171034470000023, 36.21187784 ], [ 136.1713828, 36.21182867 ], [ 136.17191698000002, 36.211742 ], [ 136.172160030000015, 36.21171089 ], [ 136.17229781, 36.21169311 ], [ 136.17280392, 36.21161005 ], [ 136.173259200000018, 36.21153477 ], [ 136.17333725, 36.21152367 ], [ 136.17370503, 36.21147061 ], [ 136.173932800000017, 36.21143672 ], [ 136.174332240000012, 36.21137644 ], [ 136.174346140000011, 36.2114745 ], [ 136.174629470000013, 36.21142923 ], [ 136.175, 36.21136664 ], [ 136.175002530000029, 36.21136623 ], [ 136.175075310000011, 36.21135395 ], [ 136.17548419000002, 36.21128977 ], [ 136.175433090000013, 36.21115033 ], [ 136.175349470000015, 36.21080756 ], [ 136.175238080000014, 36.21034756 ], [ 136.17521475, 36.21020089 ], [ 136.175165030000016, 36.21000839 ], [ 136.17511725, 36.20982395 ], [ 136.17542586, 36.209842 ], [ 136.17550725000001, 36.20984672 ], [ 136.175610580000011, 36.20984172 ], [ 136.175818640000017, 36.20983144 ], [ 136.17614837, 36.20969977 ], [ 136.17652003, 36.20958644 ], [ 136.17645031, 36.209432 ], [ 136.176329470000013, 36.209187 ], [ 136.17615781, 36.20889311 ], [ 136.17597197, 36.20855395 ], [ 136.176153090000014, 36.20846339 ], [ 136.17633419, 36.20836533 ], [ 136.17632672000002, 36.20833333 ], [ 136.176326610000018, 36.20833284 ], [ 136.176291970000023, 36.2081845 ], [ 136.176250580000016, 36.20800728 ], [ 136.17620864, 36.20782672 ], [ 136.175976420000012, 36.20777395 ], [ 136.17586336, 36.20778867 ], [ 136.17551669, 36.20783395 ], [ 136.17529837, 36.20784144 ], [ 136.17518698, 36.20772089 ], [ 136.175140310000018, 36.20755533 ], [ 136.175056690000019, 36.20717089 ], [ 136.175002530000029, 36.2070062 ], [ 136.175, 36.20699853 ], [ 136.174954470000017, 36.20686005 ], [ 136.174950030000019, 36.206847 ], [ 136.1748617, 36.20652284 ], [ 136.174801700000017, 36.20633061 ], [ 136.174541410000018, 36.20642089 ], [ 136.17420224, 36.20650395 ], [ 136.173681970000018, 36.20655284 ], [ 136.173143360000012, 36.206617 ], [ 136.172919200000024, 36.20652144 ], [ 136.172878640000022, 36.20650395 ], [ 136.172878640000022, 36.20637284 ], [ 136.172878340000011, 36.20607061 ], [ 136.17286, 36.20566728 ], [ 136.17279027, 36.20524505 ], [ 136.172794720000013, 36.205102 ], [ 136.172779170000013, 36.20486228 ], [ 136.17277167, 36.20474422 ], [ 136.172757780000012, 36.20445395 ], [ 136.172756390000018, 36.20441811 ], [ 136.17273917, 36.20401284 ], [ 136.17270222, 36.20353061 ], [ 136.172674450000017, 36.20316505 ], [ 136.172892780000012, 36.20310839 ], [ 136.172988340000018, 36.20308311 ], [ 136.173078340000018, 36.2030595 ], [ 136.173055280000028, 36.20296533 ], [ 136.173171390000022, 36.20284451 ], [ 136.17334306, 36.20278811 ], [ 136.17371917, 36.20269756 ], [ 136.173658890000013, 36.20241117 ], [ 136.173551950000018, 36.20201951 ], [ 136.173468610000015, 36.20163505 ], [ 136.17333861, 36.20114895 ], [ 136.17333611, 36.201132 ], [ 136.173287500000015, 36.20081339 ], [ 136.173171390000022, 36.20046284 ], [ 136.17308302, 36.20004089 ], [ 136.173071240000013, 36.2 ], [ 136.17307109, 36.19999951 ], [ 136.1729808, 36.19968644 ], [ 136.172864690000011, 36.19923839 ], [ 136.172827470000016, 36.19904617 ], [ 136.172762480000017, 36.19880117 ], [ 136.17325969, 36.19872951 ], [ 136.17371942, 36.19863533 ], [ 136.17385053000001, 36.19861395 ], [ 136.17427691, 36.19854478 ], [ 136.17473192, 36.19845811 ], [ 136.175, 36.19841264 ], [ 136.175002480000018, 36.1984122 ], [ 136.175331090000014, 36.19835644 ], [ 136.176018590000012, 36.19824339 ], [ 136.176014970000011, 36.19823061 ], [ 136.175976640000016, 36.19808895 ], [ 136.17592553, 36.19793811 ], [ 136.17585581, 36.19759533 ], [ 136.175749140000022, 36.19719978 ], [ 136.1756608, 36.19694339 ], [ 136.17591163000003, 36.19689811 ], [ 136.176306360000012, 36.19681895 ], [ 136.176803580000012, 36.19673617 ], [ 136.177402750000027, 36.19661561 ], [ 136.177616350000022, 36.19658922 ], [ 136.178187760000014, 36.19648728 ], [ 136.178145810000018, 36.19620839 ], [ 136.17801581, 36.19582784 ], [ 136.17793691, 36.19545505 ], [ 136.17789969, 36.19534951 ], [ 136.17816442, 36.19527784 ], [ 136.17856859, 36.19521756 ], [ 136.178534690000021, 36.19503478 ], [ 136.17848497, 36.19476533 ], [ 136.178350250000022, 36.194377 ], [ 136.17874053, 36.19423756 ], [ 136.17931608, 36.19405284 ], [ 136.179487200000011, 36.19401728 ], [ 136.179622750000021, 36.19398895 ], [ 136.180198860000019, 36.19402284 ], [ 136.180482190000021, 36.19403033 ], [ 136.18060275000002, 36.19395117 ], [ 136.18062136, 36.19352561 ], [ 136.180621340000016, 36.19327311 ], [ 136.180542440000011, 36.19316008 ], [ 136.180486620000011, 36.19297536 ], [ 136.18049022, 36.1929048 ], [ 136.18115966000002, 36.19289397 ], [ 136.181815500000027, 36.19287203 ], [ 136.18232244, 36.19285533 ], [ 136.183018560000022, 36.19286089 ], [ 136.183333330000011, 36.19285722 ], [ 136.183335770000014, 36.19285717 ], [ 136.18349189, 36.19285533 ], [ 136.183890780000013, 36.1928445 ], [ 136.184038, 36.192842 ], [ 136.184573840000013, 36.19283339 ], [ 136.18488467, 36.1928445 ], [ 136.18550633000001, 36.19285005 ], [ 136.186581610000019, 36.19285005 ], [ 136.18714272, 36.19287728 ], [ 136.187825500000031, 36.19289395 ], [ 136.18828523000002, 36.19294311 ], [ 136.18854217, 36.19293367 ], [ 136.18902189, 36.19291589 ], [ 136.189262720000016, 36.19291839 ], [ 136.189542440000025, 36.19292117 ], [ 136.19014438, 36.19291033 ], [ 136.19029995, 36.19291033 ], [ 136.190475500000019, 36.1928445 ], [ 136.19065828, 36.19263589 ], [ 136.19065828, 36.19230172 ], [ 136.190622440000027, 36.19202144 ], [ 136.190583840000016, 36.19172005 ], [ 136.19058125, 36.19166667 ], [ 136.190581220000013, 36.19166617 ], [ 136.190556610000016, 36.19116061 ], [ 136.190502720000012, 36.19079839 ], [ 136.190482440000011, 36.19039231 ], [ 136.19045523, 36.19018397 ], [ 136.19083384000001, 36.1900412 ], [ 136.19156411, 36.18978925 ], [ 136.191666670000018, 36.18976875 ], [ 136.191669100000013, 36.18976828 ], [ 136.19194939, 36.18971231 ], [ 136.192497170000024, 36.18963008 ], [ 136.193044940000021, 36.18953675 ], [ 136.19349105, 36.18946564 ], [ 136.193828, 36.18942008 ], [ 136.19422105000001, 36.18936675 ], [ 136.194822720000019, 36.18933925 ], [ 136.19519467, 36.18931203 ], [ 136.19531633, 36.18931731 ], [ 136.19549883000002, 36.18942175 ], [ 136.195640780000019, 36.18953147 ], [ 136.195803, 36.18964117 ], [ 136.195965230000013, 36.18963561 ], [ 136.19595189, 36.18986589 ], [ 136.195965230000013, 36.19040923 ], [ 136.196215500000022, 36.19038728 ], [ 136.19658745000001, 36.19038589 ], [ 136.19669883, 36.19088478 ], [ 136.19676272, 36.19115367 ], [ 136.197229390000018, 36.19114811 ], [ 136.19723577000002, 36.19114839 ], [ 136.19745939, 36.19115644 ], [ 136.197861610000018, 36.19117839 ], [ 136.19836523, 36.19121395 ], [ 136.198835230000014, 36.19122756 ], [ 136.199362440000016, 36.19125256 ], [ 136.19982189000001, 36.19127451 ], [ 136.2, 36.19128305 ], [ 136.20000244000002, 36.19128317 ], [ 136.200278270000013, 36.19129644 ], [ 136.20070772, 36.19132117 ], [ 136.201245230000012, 36.191357 ], [ 136.201711610000018, 36.19135951 ], [ 136.201734940000023, 36.19136117 ], [ 136.20182606000003, 36.19136811 ], [ 136.20225939, 36.19140089 ], [ 136.20274939, 36.19142533 ], [ 136.203232720000017, 36.19146672 ], [ 136.203739660000025, 36.19148033 ], [ 136.20402078, 36.19149117 ], [ 136.20418523, 36.19149728 ], [ 136.20431438, 36.19150228 ], [ 136.20475384, 36.191527 ], [ 136.20522717, 36.1915545 ], [ 136.205666330000014, 36.19156811 ], [ 136.20618689, 36.19159284 ], [ 136.20668745, 36.19161756 ], [ 136.20679689, 36.19162284 ], [ 136.20719105, 36.19164228 ], [ 136.20761725, 36.19166617 ], [ 136.20762597, 36.19166667 ], [ 136.207627170000023, 36.19166672 ], [ 136.20791022, 36.19168811 ], [ 136.20817134, 36.19170811 ], [ 136.208294670000015, 36.19171395 ], [ 136.208333330000016, 36.1917158 ], [ 136.208335770000019, 36.19171592 ], [ 136.208684940000012, 36.19173256 ], [ 136.209164940000022, 36.19177395 ], [ 136.20933856000002, 36.19178451 ], [ 136.20970577, 36.19180672 ], [ 136.210186060000012, 36.19184505 ], [ 136.210594940000021, 36.19186978 ], [ 136.21060497000002, 36.19166667 ], [ 136.210605010000023, 36.19166617 ], [ 136.21060523, 36.19166144 ], [ 136.21062189, 36.19148311 ], [ 136.210652440000018, 36.1910195 ], [ 136.210696330000019, 36.19061117 ], [ 136.21072328, 36.19035422 ], [ 136.210730220000016, 36.19028728 ], [ 136.21084577000002, 36.19029117 ], [ 136.210866610000011, 36.190292 ], [ 136.211129100000022, 36.19030117 ], [ 136.211369100000013, 36.190312 ], [ 136.211828560000015, 36.19033395 ], [ 136.21183883, 36.19004867 ], [ 136.21184883, 36.18985395 ], [ 136.212450510000025, 36.18984561 ], [ 136.212457450000016, 36.18955756 ], [ 136.212456060000022, 36.18946339 ], [ 136.21245384, 36.18932451 ], [ 136.212660780000022, 36.18933033 ], [ 136.21286523, 36.18933617 ], [ 136.213035500000018, 36.18934089 ], [ 136.213072720000014, 36.18923117 ], [ 136.213086060000023, 36.18896811 ], [ 136.21354577, 36.18899561 ], [ 136.213738560000024, 36.18902589 ], [ 136.21403272, 36.18903117 ], [ 136.21433689, 36.18905311 ], [ 136.21432689, 36.18915756 ], [ 136.214309390000011, 36.189247 ], [ 136.21428606, 36.18936589 ], [ 136.21464438000001, 36.18940422 ], [ 136.214867450000014, 36.18942367 ], [ 136.215202170000026, 36.18947005 ], [ 136.215148, 36.18965644 ], [ 136.215134670000026, 36.18968728 ], [ 136.21507689, 36.18982089 ], [ 136.215073550000028, 36.18999923 ], [ 136.21498917, 36.19027031 ], [ 136.21589603000001, 36.19044272 ], [ 136.2156683, 36.19166617 ], [ 136.215668220000026, 36.19166667 ], [ 136.215652550000016, 36.19175078 ], [ 136.215533640000018, 36.1924282 ], [ 136.215789950000016, 36.19245144 ], [ 136.21612411000001, 36.19240256 ], [ 136.21637134, 36.19236644 ], [ 136.21666667, 36.19242259 ], [ 136.216669100000018, 36.19242303 ], [ 136.21774384, 36.19262728 ], [ 136.218024110000016, 36.19255311 ], [ 136.21818995000001, 36.19243784 ], [ 136.21836217, 36.19234756 ], [ 136.218595500000021, 36.19226784 ], [ 136.218727450000017, 36.19244339 ], [ 136.218815230000018, 36.19263533 ], [ 136.219024940000025, 36.19292339 ], [ 136.219118830000014, 36.19317867 ], [ 136.219221340000018, 36.19345811 ], [ 136.219271610000021, 36.19359533 ], [ 136.219268270000015, 36.19374339 ], [ 136.21938022, 36.193747 ], [ 136.21968078, 36.193757 ], [ 136.21994411, 36.19374617 ], [ 136.220400510000019, 36.19376256 ], [ 136.220802720000023, 36.19374061 ], [ 136.22115577, 36.19375451 ], [ 136.221218560000011, 36.193757 ], [ 136.221401050000026, 36.193757 ], [ 136.221575770000015, 36.19378533 ], [ 136.221705500000013, 36.19380644 ], [ 136.221914940000033, 36.193897 ], [ 136.222117450000013, 36.19403423 ], [ 136.222297450000013, 36.19411339 ], [ 136.222509660000014, 36.194207 ], [ 136.222685500000011, 36.19421784 ], [ 136.222871340000012, 36.19422617 ], [ 136.22307078, 36.19440451 ], [ 136.22314523, 36.19455256 ], [ 136.223219660000012, 36.19495311 ], [ 136.223260220000014, 36.19528505 ], [ 136.22326691, 36.19566367 ], [ 136.22326691, 36.19601756 ], [ 136.223287200000016, 36.19640672 ], [ 136.223280530000011, 36.19665617 ], [ 136.223363870000014, 36.19665784 ], [ 136.22412997, 36.19667395 ], [ 136.22431025, 36.19667784 ], [ 136.224358860000024, 36.19667728 ], [ 136.224816080000011, 36.19667144 ], [ 136.225, 36.19677569 ], [ 136.22500248, 36.19677708 ], [ 136.225402750000029, 36.19700395 ], [ 136.22552997, 36.19707617 ], [ 136.22572997, 36.19722617 ], [ 136.226485250000025, 36.19725061 ], [ 136.22703302, 36.19725978 ], [ 136.227493580000015, 36.197272 ], [ 136.22795414, 36.1972845 ], [ 136.22845881, 36.19730992 ], [ 136.228631800000016, 36.19731428 ], [ 136.228660250000019, 36.19723228 ], [ 136.22871691, 36.19712505 ], [ 136.228818860000018, 36.19705172 ], [ 136.22895109000001, 36.1970395 ], [ 136.229026640000029, 36.197012 ], [ 136.22903803, 36.19679144 ], [ 136.229034970000015, 36.19673977 ], [ 136.22901914000002, 36.19645728 ], [ 136.22900772, 36.19621561 ], [ 136.22899633, 36.19597005 ], [ 136.228981340000018, 36.195477 ], [ 136.229173840000016, 36.19540033 ], [ 136.229404110000019, 36.195382 ], [ 136.229902720000013, 36.19532672 ], [ 136.230106620000015, 36.19526533 ], [ 136.230269100000015, 36.19514284 ], [ 136.230288, 36.19492561 ], [ 136.230197440000012, 36.19449367 ], [ 136.230178560000013, 36.19430672 ], [ 136.230193550000024, 36.19408617 ], [ 136.23025772, 36.19400644 ], [ 136.23035606000002, 36.19395728 ], [ 136.23039523, 36.1939495 ], [ 136.230450220000023, 36.19393895 ], [ 136.230631610000017, 36.19392672 ], [ 136.230922440000029, 36.19392061 ], [ 136.231285500000013, 36.19390228 ], [ 136.231409660000025, 36.19389617 ], [ 136.23191189, 36.19389923 ], [ 136.23239494, 36.193887 ], [ 136.23294995, 36.19386533 ], [ 136.233278560000031, 36.19372756 ], [ 136.233286060000012, 36.19335672 ], [ 136.233333330000022, 36.19334741 ], [ 136.23333577, 36.19334692 ], [ 136.233513, 36.193312 ], [ 136.233720510000012, 36.19327089 ], [ 136.234502170000013, 36.19325284 ], [ 136.235642440000021, 36.19325284 ], [ 136.236133280000018, 36.19325589 ], [ 136.236352440000019, 36.19325284 ], [ 136.23634856000001, 36.19312728 ], [ 136.23630717, 36.19282395 ], [ 136.236216330000019, 36.19271672 ], [ 136.236129660000017, 36.19261561 ], [ 136.236054110000026, 36.19245922 ], [ 136.23596355, 36.19228477 ], [ 136.235920780000015, 36.19221033 ], [ 136.235884380000016, 36.19214672 ], [ 136.235899390000014, 36.19207617 ], [ 136.236026060000029, 36.19204144 ], [ 136.23608384000002, 36.19202589 ], [ 136.236189950000011, 36.19199672 ], [ 136.236559950000014, 36.19194756 ], [ 136.23674883000001, 36.19188505 ], [ 136.236949110000012, 36.19181895 ], [ 136.23721328000002, 36.19176367 ], [ 136.23738219, 36.19166667 ], [ 136.237383060000013, 36.19166617 ], [ 136.237394670000015, 36.1916595 ], [ 136.23731161, 36.19152172 ], [ 136.237134110000028, 36.19139005 ], [ 136.23701717, 36.19119117 ], [ 136.23698244000002, 36.19112589 ], [ 136.23689995, 36.19097033 ], [ 136.23650745, 36.19061811 ], [ 136.23619772, 36.19031477 ], [ 136.2359155, 36.19023978 ], [ 136.235873, 36.19022839 ], [ 136.235748560000019, 36.19019533 ], [ 136.235491610000025, 36.19014617 ], [ 136.23552577000001, 36.18997478 ], [ 136.23554464, 36.18977561 ], [ 136.235540750000013, 36.18969589 ], [ 136.235673530000014, 36.18937728 ], [ 136.23578992000003, 36.18909839 ], [ 136.23580131, 36.1889145 ], [ 136.235835190000017, 36.18874311 ], [ 136.23591464, 36.18849505 ], [ 136.236046860000016, 36.18826505 ], [ 136.23619409, 36.18795561 ], [ 136.23633769, 36.1874962 ], [ 136.236421580000012, 36.18718647 ], [ 136.236447130000016, 36.18709175 ], [ 136.236534090000021, 36.18661369 ], [ 136.236613260000013, 36.18626759 ], [ 136.23671908, 36.18579287 ], [ 136.23679825, 36.18544953 ], [ 136.236904090000024, 36.1849562 ], [ 136.236983260000017, 36.18464064 ], [ 136.237040190000016, 36.1841998 ], [ 136.237115750000015, 36.1839762 ], [ 136.237221580000011, 36.18385036 ], [ 136.23742908, 36.18383508 ], [ 136.237901030000017, 36.18387814 ], [ 136.238488440000026, 36.18392647 ], [ 136.23950492000003, 36.18401008 ], [ 136.239762970000015, 36.1840312 ], [ 136.2396827, 36.1841398 ], [ 136.23955881, 36.18430703 ], [ 136.239445750000016, 36.18454897 ], [ 136.2394827, 36.18459203 ], [ 136.2395702, 36.18469314 ], [ 136.239634360000025, 36.18473897 ], [ 136.239698520000019, 36.18473897 ], [ 136.239815470000025, 36.18471759 ], [ 136.24016659, 36.18462259 ], [ 136.24074825, 36.18452453 ], [ 136.24111464, 36.18443564 ], [ 136.241526300000032, 36.18435897 ], [ 136.24166667, 36.18432789 ], [ 136.24166908, 36.18432736 ], [ 136.241864920000012, 36.18428397 ], [ 136.24213409, 36.18422425 ], [ 136.24247409, 36.18423647 ], [ 136.243149640000013, 36.18437759 ], [ 136.24364825, 36.18447259 ], [ 136.24379769, 36.1844948 ], [ 136.244142970000013, 36.18454592 ], [ 136.24473214, 36.18462259 ], [ 136.245672410000026, 36.18474814 ], [ 136.24662769, 36.18489536 ], [ 136.247001580000017, 36.18495953 ], [ 136.247093260000014, 36.18498036 ], [ 136.247246300000029, 36.18502175 ], [ 136.247644090000023, 36.18511564 ], [ 136.24812241, 36.18520147 ], [ 136.24860547, 36.18523008 ], [ 136.24899825, 36.18525869 ], [ 136.249511860000013, 36.18529147 ], [ 136.25, 36.18531361 ], [ 136.25000241, 36.18531372 ], [ 136.250050470000019, 36.18531592 ], [ 136.250596590000015, 36.18536092 ], [ 136.251112410000019, 36.18538731 ], [ 136.251627980000023, 36.18541341 ], [ 136.25182297, 36.18542008 ], [ 136.25185547000001, 36.1847548 ], [ 136.251852410000026, 36.18439175 ], [ 136.25185131, 36.18423731 ], [ 136.251924620000011, 36.18399341 ], [ 136.25245239, 36.18398341 ], [ 136.252494330000019, 36.18398231 ], [ 136.252947950000021, 36.18397036 ], [ 136.253431280000029, 36.18396369 ], [ 136.253951280000024, 36.18395397 ], [ 136.25471489, 36.18393397 ], [ 136.25500294, 36.18393092 ], [ 136.25516239000001, 36.18390231 ], [ 136.255279050000013, 36.18388147 ], [ 136.255309340000025, 36.18379064 ], [ 136.25533601, 36.18371008 ], [ 136.25575433, 36.18370341 ], [ 136.25608739, 36.18368036 ], [ 136.256842940000013, 36.18362786 ], [ 136.257022670000026, 36.18358869 ], [ 136.257236830000011, 36.18354231 ], [ 136.25709358, 36.18333333 ], [ 136.25709326, 36.18333286 ], [ 136.25705822, 36.18328172 ], [ 136.256777950000014, 36.18296228 ], [ 136.25671462, 36.18282311 ], [ 136.25666406000002, 36.18271172 ], [ 136.25692822000002, 36.18263923 ], [ 136.256871280000013, 36.18239867 ], [ 136.256814330000026, 36.18203284 ], [ 136.25676988, 36.18178228 ], [ 136.256960730000031, 36.18175256 ], [ 136.257488780000017, 36.18173951 ], [ 136.25792322, 36.181697 ], [ 136.258333330000028, 36.1816892 ], [ 136.258335720000019, 36.18168913 ], [ 136.25844711, 36.181687 ], [ 136.258483770000026, 36.18140033 ], [ 136.25853655, 36.18088284 ], [ 136.25852156000002, 36.18076311 ], [ 136.25850406, 36.18062256 ], [ 136.25847156, 36.18043478 ], [ 136.25845934, 36.18010839 ], [ 136.258561, 36.17989089 ], [ 136.258601560000017, 36.17981033 ], [ 136.258630440000019, 36.17975311 ], [ 136.258727390000018, 36.17956172 ], [ 136.258800730000019, 36.17943644 ], [ 136.258954890000012, 36.179242 ], [ 136.259008220000027, 36.17916617 ], [ 136.259008780000016, 36.17916505 ], [ 136.25905655, 36.179097 ], [ 136.259373220000015, 36.17929811 ], [ 136.25957628, 36.17943644 ], [ 136.25964905, 36.17944005 ], [ 136.2598835, 36.179452 ], [ 136.25990128, 36.17945311 ], [ 136.260161, 36.17946617 ], [ 136.26024128, 36.17946505 ], [ 136.26066044, 36.1794595 ], [ 136.26139156, 36.17943978 ], [ 136.261643500000019, 36.17940033 ], [ 136.261688220000025, 36.17911672 ], [ 136.261688220000025, 36.17900144 ], [ 136.26176128000003, 36.17896533 ], [ 136.261936, 36.17896533 ], [ 136.26234628, 36.17895867 ], [ 136.26232988000001, 36.17879395 ], [ 136.262337950000017, 36.17847756 ], [ 136.262423220000016, 36.17841478 ], [ 136.262577670000013, 36.17839839 ], [ 136.26306489000001, 36.17837561 ], [ 136.263609050000014, 36.17838867 ], [ 136.264116840000014, 36.17837895 ], [ 136.264596, 36.17837561 ], [ 136.265225720000018, 36.17837228 ], [ 136.26589961, 36.17838867 ], [ 136.26635044, 36.178392 ], [ 136.26666667, 36.17837617 ], [ 136.266669050000019, 36.17837603 ], [ 136.2669435, 36.17836228 ], [ 136.26786961, 36.17832617 ], [ 136.268260170000019, 36.17832478 ], [ 136.26877905, 36.17832284 ], [ 136.268771, 36.17809867 ], [ 136.26986961, 36.17810867 ], [ 136.26987628, 36.178052 ], [ 136.269894060000013, 36.17790422 ], [ 136.269918220000022, 36.17751561 ], [ 136.27016211, 36.17748923 ], [ 136.270405720000014, 36.17750256 ], [ 136.270771280000019, 36.17750256 ], [ 136.27116905, 36.17747617 ], [ 136.271883770000017, 36.177397 ], [ 136.27272044, 36.17725867 ], [ 136.272874890000026, 36.177252 ], [ 136.27280183000002, 36.17762784 ], [ 136.27330489000002, 36.17821005 ], [ 136.27350211000001, 36.17843839 ], [ 136.273701280000012, 36.17902478 ], [ 136.273835160000033, 36.17933784 ], [ 136.27396934, 36.17955533 ], [ 136.27406267, 36.17967728 ], [ 136.274318490000013, 36.17990144 ], [ 136.27458655, 36.18007617 ], [ 136.27478156, 36.18020117 ], [ 136.27498462, 36.18031005 ], [ 136.275, 36.180317 ], [ 136.275002390000026, 36.18031805 ], [ 136.275130730000029, 36.18037589 ], [ 136.275244330000021, 36.18037589 ], [ 136.275337660000019, 36.18033311 ], [ 136.27542711000001, 36.18018144 ], [ 136.275540730000017, 36.18002339 ], [ 136.27561795, 36.17985839 ], [ 136.27570739, 36.17966395 ], [ 136.275825160000011, 36.17946644 ], [ 136.275861830000025, 36.17933117 ], [ 136.275898220000016, 36.17917005 ], [ 136.275821, 36.17901172 ], [ 136.27581294, 36.17888005 ], [ 136.27587377, 36.17874811 ], [ 136.275963220000023, 36.178557 ], [ 136.276011830000016, 36.17841589 ], [ 136.276012110000011, 36.17841533 ], [ 136.27618655, 36.17824061 ], [ 136.27633683000002, 36.17811533 ], [ 136.27658462, 36.17801339 ], [ 136.276836550000013, 36.17778922 ], [ 136.27693406, 36.17771339 ], [ 136.27703545, 36.17769367 ], [ 136.277197950000016, 36.17770033 ], [ 136.277437660000032, 36.17776951 ], [ 136.27781128, 36.17794422 ], [ 136.27811183, 36.17801672 ], [ 136.27833905, 36.17810561 ], [ 136.27856655, 36.17818478 ], [ 136.278887390000023, 36.17838895 ], [ 136.279179880000015, 36.17858339 ], [ 136.279748500000011, 36.17883728 ], [ 136.279825720000019, 36.17884061 ], [ 136.279934310000016, 36.17875225 ], [ 136.28008961, 36.17862617 ], [ 136.28024406, 36.17843505 ], [ 136.28030905, 36.1783495 ], [ 136.280374060000014, 36.17813867 ], [ 136.28039655, 36.17806728 ], [ 136.280447110000011, 36.17790811 ], [ 136.280475450000012, 36.17768728 ], [ 136.280629880000021, 36.17723922 ], [ 136.280674620000013, 36.17704144 ], [ 136.280772110000015, 36.176702 ], [ 136.280780170000014, 36.17658672 ], [ 136.28081655, 36.17653061 ], [ 136.28092239, 36.17648784 ], [ 136.28118211, 36.17649756 ], [ 136.281673500000011, 36.17635256 ], [ 136.28198211, 36.17613867 ], [ 136.28233961, 36.17583895 ], [ 136.28259545, 36.17576644 ], [ 136.282863500000019, 36.17569395 ], [ 136.283070700000025, 36.17560477 ], [ 136.28333333, 36.17552728 ], [ 136.28333569, 36.17552659 ], [ 136.283383190000023, 36.17551256 ], [ 136.283619030000011, 36.17539061 ], [ 136.283830420000015, 36.17531561 ], [ 136.28384236, 36.17531144 ], [ 136.28400876, 36.17526867 ], [ 136.28413070000002, 36.175282 ], [ 136.284252630000026, 36.17530811 ], [ 136.284398470000014, 36.17538089 ], [ 136.284479590000018, 36.17535117 ], [ 136.284524310000023, 36.1751895 ], [ 136.28456097, 36.17502477 ], [ 136.28457508, 36.175 ], [ 136.284575360000019, 36.17499951 ], [ 136.284703190000016, 36.17477478 ], [ 136.28482097, 36.17467589 ], [ 136.285015969999989, 36.17463951 ], [ 136.285332630000028, 36.17460339 ], [ 136.285470700000019, 36.17462311 ], [ 136.28557236, 36.17468561 ], [ 136.28565348, 36.17477144 ], [ 136.285738760000015, 36.17492284 ], [ 136.285962090000027, 36.17496589 ], [ 136.28613336, 36.17499951 ], [ 136.28613589, 36.175 ], [ 136.28646597, 36.17506478 ], [ 136.28666905, 36.17518005 ], [ 136.286778490000017, 36.175302 ], [ 136.286887950000022, 36.17554561 ], [ 136.28694489, 36.17560144 ], [ 136.28722905, 36.17564117 ], [ 136.287452670000022, 36.17572339 ], [ 136.287667950000014, 36.17578617 ], [ 136.287915720000029, 36.17590144 ], [ 136.288147110000011, 36.176007 ], [ 136.288358220000021, 36.17611228 ], [ 136.288545160000012, 36.17626728 ], [ 136.28874406, 36.17634644 ], [ 136.289016010000012, 36.17638256 ], [ 136.28943433, 36.17637284 ], [ 136.289982670000029, 36.17632978 ], [ 136.290210170000023, 36.17635284 ], [ 136.290726010000014, 36.17653422 ], [ 136.29090462, 36.17658367 ], [ 136.291095720000015, 36.17667922 ], [ 136.291517660000011, 36.17692977 ], [ 136.291666670000012, 36.17698603 ], [ 136.29166905, 36.17698692 ], [ 136.29175322, 36.17701867 ], [ 136.29191183, 36.17710756 ], [ 136.292460170000027, 36.177302 ], [ 136.29264294, 36.17738117 ], [ 136.29302961, 36.17760728 ], [ 136.29319516000001, 36.17770422 ], [ 136.293406010000012, 36.17786228 ], [ 136.29359711, 36.17799422 ], [ 136.29375128, 36.17812922 ], [ 136.293828500000018, 36.17813923 ], [ 136.2940235, 36.17810617 ], [ 136.29424683000002, 36.17807978 ], [ 136.294506830000017, 36.17810951 ], [ 136.294665160000022, 36.17822477 ], [ 136.294774890000014, 36.17835977 ], [ 136.294791280000027, 36.17849839 ], [ 136.294774890000014, 36.17857089 ], [ 136.294567660000013, 36.17876867 ], [ 136.294697660000026, 36.17909144 ], [ 136.294791280000027, 36.17929228 ], [ 136.29489684, 36.17943061 ], [ 136.295116010000015, 36.17956256 ], [ 136.295274330000012, 36.17962505 ], [ 136.295416, 36.179652 ], [ 136.295448780000015, 36.17965811 ], [ 136.29572711, 36.17961089 ], [ 136.296136280000013, 36.17954117 ], [ 136.296456280000029, 36.179487 ], [ 136.296825720000015, 36.179332 ], [ 136.297148490000012, 36.17919784 ], [ 136.297158780000018, 36.17919367 ], [ 136.297168780000021, 36.17919339 ], [ 136.297337660000011, 36.17919033 ], [ 136.297479610000011, 36.17922672 ], [ 136.29767462, 36.17937172 ], [ 136.297812390000018, 36.17952005 ], [ 136.29793433, 36.17969784 ], [ 136.29809683000002, 36.17982644 ], [ 136.29827545, 36.17997784 ], [ 136.29840961, 36.18007672 ], [ 136.29862073000001, 36.180182 ], [ 136.298775160000019, 36.18038978 ], [ 136.298884890000011, 36.18056422 ], [ 136.29899850000001, 36.18068284 ], [ 136.299071560000016, 36.18087422 ], [ 136.29915294, 36.18105867 ], [ 136.299303220000013, 36.18122339 ], [ 136.299530440000012, 36.18138477 ], [ 136.2997335, 36.18144756 ], [ 136.3, 36.18157077 ], [ 136.30000239, 36.18157189 ], [ 136.30013961, 36.18163533 ], [ 136.30031822, 36.18176728 ], [ 136.300436, 36.18188256 ], [ 136.300477950000015, 36.18201561 ], [ 136.30048489, 36.18203728 ], [ 136.30068380000003, 36.18224811 ], [ 136.301094090000021, 36.18245561 ], [ 136.30147575, 36.18272256 ], [ 136.30182492000003, 36.18302922 ], [ 136.30197908, 36.18318728 ], [ 136.30204341000001, 36.18333284 ], [ 136.30204361, 36.18333333 ], [ 136.302056300000032, 36.183362 ], [ 136.302125470000021, 36.18352672 ], [ 136.302198520000019, 36.18382978 ], [ 136.302259360000022, 36.18392533 ], [ 136.302426030000021, 36.18397478 ], [ 136.30267769, 36.18391895 ], [ 136.30284852, 36.18385951 ], [ 136.303059640000015, 36.18378367 ], [ 136.303352140000015, 36.18374089 ], [ 136.30368519000001, 36.18374089 ], [ 136.30392852, 36.18379367 ], [ 136.30437519, 36.18392533 ], [ 136.304724640000018, 36.18411339 ], [ 136.304871670000011, 36.18429813 ], [ 136.30488713, 36.18431756 ], [ 136.30502519, 36.18447922 ], [ 136.30511852, 36.1845845 ], [ 136.30523241, 36.18489395 ], [ 136.30523241, 36.18551033 ], [ 136.30516742, 36.18573784 ], [ 136.30516742, 36.18596505 ], [ 136.305191580000013, 36.18632089 ], [ 136.30526881, 36.18650228 ], [ 136.305406590000018, 36.18671311 ], [ 136.30550409, 36.18692728 ], [ 136.3056463, 36.18728644 ], [ 136.30570326, 36.18747089 ], [ 136.30570326, 36.18793561 ], [ 136.30571131, 36.18819589 ], [ 136.30569158, 36.18830561 ], [ 136.30567464, 36.18840033 ], [ 136.305666590000016, 36.18848256 ], [ 136.30568686, 36.18854533 ], [ 136.305756030000026, 36.18862756 ], [ 136.30593464, 36.18871339 ], [ 136.306182410000019, 36.18875617 ], [ 136.30640575000001, 36.18883533 ], [ 136.30653575, 36.18893422 ], [ 136.306767420000028, 36.18915811 ], [ 136.306941850000015, 36.18935589 ], [ 136.307274920000026, 36.18960284 ], [ 136.307437130000011, 36.18978728 ], [ 136.30753464, 36.19001144 ], [ 136.307551030000013, 36.19019284 ], [ 136.30756713, 36.190262 ], [ 136.307656590000022, 36.19030144 ], [ 136.307766300000026, 36.19030811 ], [ 136.308030190000011, 36.19022561 ], [ 136.308249640000014, 36.19018617 ], [ 136.308333330000011, 36.19016051 ], [ 136.30833575, 36.19015975 ], [ 136.308399920000028, 36.19014005 ], [ 136.308607130000013, 36.19010367 ], [ 136.308984360000011, 36.19010367 ], [ 136.30919964, 36.19006422 ], [ 136.309447420000026, 36.19002144 ], [ 136.309922700000016, 36.189962 ], [ 136.31023131, 36.18998172 ], [ 136.31085686000003, 36.18997867 ], [ 136.311027420000016, 36.19001172 ], [ 136.31119798, 36.19013672 ], [ 136.311266860000018, 36.19023561 ], [ 136.31158769000001, 36.19043339 ], [ 136.311851890000014, 36.19056839 ], [ 136.31211577000002, 36.19059144 ], [ 136.31240022, 36.19056505 ], [ 136.312477170000022, 36.19057505 ], [ 136.31254217, 36.1906145 ], [ 136.312635770000014, 36.19073977 ], [ 136.312822440000019, 36.19086505 ], [ 136.312993, 36.19094728 ], [ 136.31336244000002, 36.191122 ], [ 136.31363467, 36.19126367 ], [ 136.313858, 36.19130005 ], [ 136.31412606, 36.19134617 ], [ 136.31432494, 36.19144172 ], [ 136.314495500000021, 36.19157672 ], [ 136.31454105, 36.19166505 ], [ 136.31454163, 36.19166617 ], [ 136.314541890000015, 36.19166667 ], [ 136.314568830000013, 36.19171867 ], [ 136.314586060000011, 36.19174561 ], [ 136.314816620000016, 36.19210423 ], [ 136.31494244000001, 36.19224256 ], [ 136.315088560000021, 36.19247644 ], [ 136.315129110000015, 36.19262144 ], [ 136.315173550000026, 36.19274339 ], [ 136.315250780000014, 36.19280617 ], [ 136.31548633, 36.19283895 ], [ 136.315742170000021, 36.19281922 ], [ 136.315908830000012, 36.19284228 ], [ 136.316217450000011, 36.19295117 ], [ 136.316432720000023, 36.19306977 ], [ 136.316644110000027, 36.19314228 ], [ 136.316666670000018, 36.19314978 ], [ 136.316669100000013, 36.19315059 ], [ 136.31687134, 36.19321784 ], [ 136.317025770000015, 36.19332311 ], [ 136.31719189, 36.1934945 ], [ 136.317565770000016, 36.19396922 ], [ 136.31771189, 36.19412061 ], [ 136.318268280000012, 36.19472367 ], [ 136.318447170000013, 36.19496425 ], [ 136.31861772000002, 36.19518508 ], [ 136.318759950000015, 36.19541925 ], [ 136.31880411, 36.19562341 ], [ 136.318828560000014, 36.19621314 ], [ 136.31882438, 36.19679647 ], [ 136.318840780000016, 36.19698425 ], [ 136.318812440000016, 36.19718203 ], [ 136.318788, 36.19728731 ], [ 136.318808280000013, 36.19736314 ], [ 136.318946330000017, 36.19754453 ], [ 136.319060220000011, 36.1976962 ], [ 136.31918189000001, 36.19786425 ], [ 136.319458270000013, 36.19823286 ], [ 136.319644940000018, 36.19842397 ], [ 136.319880510000019, 36.1986448 ], [ 136.319985230000015, 36.19871147 ], [ 136.320180780000015, 36.19883592 ], [ 136.320335230000012, 36.19894814 ], [ 136.320550510000032, 36.19908647 ], [ 136.322511890000015, 36.19904703 ], [ 136.322938560000011, 36.19895147 ], [ 136.323190220000015, 36.19892841 ], [ 136.32355189, 36.19889869 ], [ 136.323884940000028, 36.1989448 ], [ 136.32411633000001, 36.19907008 ], [ 136.32432355, 36.19928092 ], [ 136.32457939, 36.19941925 ], [ 136.32494078000002, 36.19950841 ], [ 136.325, 36.1995388 ], [ 136.32500244000002, 36.19954008 ], [ 136.325306330000018, 36.1996962 ], [ 136.32553776, 36.19987731 ], [ 136.325672440000034, 36.19999953 ], [ 136.32567294, 36.2 ], [ 136.32567581, 36.20000259 ], [ 136.3257772, 36.20013787 ], [ 136.32590331, 36.2002498 ], [ 136.32619969000001, 36.20034203 ], [ 136.326463860000018, 36.20041786 ], [ 136.32720691, 36.20052675 ], [ 136.3274508, 36.2005298 ], [ 136.32775136, 36.20056953 ], [ 136.327877200000017, 36.2006848 ], [ 136.32801942, 36.20089564 ], [ 136.32814109, 36.20100453 ], [ 136.328490250000016, 36.20140647 ], [ 136.32876248, 36.20161425 ], [ 136.32904664000003, 36.20183814 ], [ 136.329400530000015, 36.20201869 ], [ 136.329635520000011, 36.20167008 ], [ 136.33023302, 36.20131064 ], [ 136.330825810000022, 36.20106008 ], [ 136.331214140000014, 36.2008862 ], [ 136.33133859, 36.20074897 ], [ 136.331667470000014, 36.20032453 ], [ 136.33183372000002, 36.2 ], [ 136.331833970000019, 36.19999953 ], [ 136.33196136, 36.19975092 ], [ 136.3321008, 36.19939953 ], [ 136.332319970000015, 36.19872869 ], [ 136.332354690000017, 36.19835286 ], [ 136.332404420000017, 36.19802564 ], [ 136.33232966, 36.19738731 ], [ 136.33224995, 36.19676092 ], [ 136.332314940000032, 36.19658313 ], [ 136.33247911, 36.19638117 ], [ 136.33255384, 36.19615477 ], [ 136.332753, 36.19569811 ], [ 136.333026890000014, 36.19547228 ], [ 136.33322134, 36.19527839 ], [ 136.333333330000016, 36.19519484 ], [ 136.333335770000019, 36.195193 ], [ 136.33346523, 36.19509644 ], [ 136.33359694, 36.19505723 ], [ 136.333763840000017, 36.19500756 ], [ 136.334082440000032, 36.19497117 ], [ 136.334385770000011, 36.194887 ], [ 136.33439883, 36.19488672 ], [ 136.33474494, 36.19487811 ], [ 136.334933, 36.19486617 ], [ 136.335322720000022, 36.19484172 ], [ 136.335601610000026, 36.19479728 ], [ 136.335890510000013, 36.19468839 ], [ 136.33597995, 36.19463172 ], [ 136.336014940000013, 36.19446617 ], [ 136.336094670000023, 36.19428839 ], [ 136.33613939, 36.19407811 ], [ 136.33618438, 36.19359339 ], [ 136.336229100000025, 36.193432 ], [ 136.336259110000015, 36.19300756 ], [ 136.33633355, 36.19277311 ], [ 136.336622440000014, 36.19206617 ], [ 136.336813940000013, 36.19166667 ], [ 136.336814160000017, 36.19166617 ], [ 136.33682189000001, 36.19165005 ], [ 136.33690134, 36.19127033 ], [ 136.33696606, 36.19104005 ], [ 136.336961340000016, 36.19079339 ], [ 136.336647450000015, 36.190062 ], [ 136.336562720000018, 36.18960533 ], [ 136.33659272, 36.18945617 ], [ 136.33681189, 36.18909256 ], [ 136.336851610000025, 36.18881367 ], [ 136.336846620000017, 36.18866005 ], [ 136.33674217, 36.18842978 ], [ 136.336538, 36.18806617 ], [ 136.33642828, 36.18782756 ], [ 136.336219100000022, 36.18729033 ], [ 136.336192440000019, 36.18725589 ], [ 136.336059660000018, 36.18708422 ], [ 136.33594022, 36.18690672 ], [ 136.335815770000011, 36.18670061 ], [ 136.335766060000026, 36.18649033 ], [ 136.335770780000018, 36.18612672 ], [ 136.335780780000022, 36.18589228 ], [ 136.335776060000029, 36.18576311 ], [ 136.33563856, 36.18540728 ], [ 136.335611050000011, 36.185132 ], [ 136.335666620000012, 36.18487033 ], [ 136.33588577, 36.18457533 ], [ 136.336049949999989, 36.18448228 ], [ 136.336294110000011, 36.18434505 ], [ 136.336578, 36.18425617 ], [ 136.33721523, 36.18407005 ], [ 136.33741939, 36.18395311 ], [ 136.33760856, 36.18372672 ], [ 136.337866640000016, 36.18333333 ], [ 136.33786698000003, 36.18333284 ], [ 136.33802189, 36.18309672 ], [ 136.338246810000015, 36.18272517 ], [ 136.338430510000023, 36.18242172 ], [ 136.338853840000013, 36.18193697 ], [ 136.339108200000027, 36.18155889 ], [ 136.339268270000019, 36.18132113 ], [ 136.339296890000014, 36.18127836 ], [ 136.339341890000014, 36.1810278 ], [ 136.339341890000014, 36.18078947 ], [ 136.33923217, 36.18046225 ], [ 136.33928189, 36.18021197 ], [ 136.33941189, 36.17998169 ], [ 136.33972022, 36.17982808 ], [ 136.33977328, 36.17979141 ], [ 136.339959390000018, 36.17966225 ], [ 136.34023328, 36.17942392 ], [ 136.340522170000014, 36.17904808 ], [ 136.340646610000022, 36.17886641 ], [ 136.340646610000022, 36.17864836 ], [ 136.340681580000023, 36.17844225 ], [ 136.340766030000026, 36.17822003 ], [ 136.340960470000027, 36.17807059 ], [ 136.341119640000016, 36.17772697 ], [ 136.341164920000011, 36.17748864 ], [ 136.341349080000015, 36.17724613 ], [ 136.341602970000025, 36.17691087 ], [ 136.341636030000018, 36.17657031 ], [ 136.34166667, 36.17626936 ], [ 136.341667980000011, 36.17625641 ], [ 136.34166908, 36.17624413 ], [ 136.341702700000013, 36.17587253 ], [ 136.341842140000011, 36.1755978 ], [ 136.342011580000019, 36.17532697 ], [ 136.34212603, 36.17516141 ], [ 136.342113579999989, 36.175 ], [ 136.34211353, 36.17499947 ], [ 136.342111030000012, 36.17496725 ], [ 136.3420863, 36.1749028 ], [ 136.342479640000022, 36.17445836 ], [ 136.342972700000018, 36.17410697 ], [ 136.343151850000027, 36.17395753 ], [ 136.343809360000023, 36.17337559 ], [ 136.3439438, 36.17318975 ], [ 136.34411825, 36.17297975 ], [ 136.344372140000019, 36.17282613 ], [ 136.344919920000024, 36.17260392 ], [ 136.345246590000016, 36.1725278 ], [ 136.345248520000013, 36.17252725 ], [ 136.345676860000026, 36.17243836 ], [ 136.34618964, 36.17226447 ], [ 136.34654326, 36.17209892 ], [ 136.347265470000025, 36.17171889 ], [ 136.347524360000023, 36.17155751 ], [ 136.347967690000019, 36.17127889 ], [ 136.348176860000024, 36.17108084 ], [ 136.348321309999989, 36.17086251 ], [ 136.34844075, 36.17068889 ], [ 136.348859080000011, 36.17048695 ], [ 136.34910825, 36.17040195 ], [ 136.35, 36.17012223 ], [ 136.35000241, 36.17012144 ], [ 136.35000964, 36.17011917 ], [ 136.350243800000015, 36.17001 ], [ 136.350714360000012, 36.16976251 ], [ 136.350938250000013, 36.16959528 ], [ 136.35119964, 36.16944028 ], [ 136.35143603, 36.16934944 ], [ 136.351709920000019, 36.16930611 ], [ 136.35199603, 36.16930611 ], [ 136.352286610000021, 36.16933472 ], [ 136.352718, 36.16938167 ], [ 136.35298355, 36.16940167 ], [ 136.353290510000022, 36.169375 ], [ 136.35379633, 36.16931444 ], [ 136.35403689, 36.16929417 ], [ 136.354335500000019, 36.16923361 ], [ 136.354626060000015, 36.16913278 ], [ 136.354866610000016, 36.16899805 ], [ 136.35509883, 36.16883639 ], [ 136.355331340000021, 36.16858056 ], [ 136.355638270000014, 36.16813611 ], [ 136.35572939, 36.16791417 ], [ 136.355829100000022, 36.16773917 ], [ 136.355978280000016, 36.1675775 ], [ 136.356169100000017, 36.16716028 ], [ 136.356285500000013, 36.166945 ], [ 136.356418, 36.16676972 ], [ 136.356529810000012, 36.16666667 ], [ 136.356530420000013, 36.16666611 ], [ 136.356658830000015, 36.16654777 ], [ 136.35674161, 36.16640639 ], [ 136.356808, 36.16629195 ], [ 136.35704883, 36.16606972 ], [ 136.357330780000012, 36.16584751 ], [ 136.357546610000014, 36.16562528 ], [ 136.357695770000021, 36.16542997 ], [ 136.357836890000016, 36.16528192 ], [ 136.35796966, 36.16514053 ], [ 136.35804438, 36.16510025 ], [ 136.35819355000001, 36.16509331 ], [ 136.358296060000015, 36.16509013 ], [ 136.358333330000022, 36.16509661 ], [ 136.35833577, 36.16509703 ], [ 136.358379220000018, 36.16510459 ], [ 136.35859022, 36.16518831 ], [ 136.35871986, 36.16526967 ], [ 136.358822170000025, 36.16530387 ], [ 136.359006890000018, 36.16532914 ], [ 136.35930328, 36.16533414 ], [ 136.359558490000012, 36.16530175 ], [ 136.359698200000025, 36.16528036 ], [ 136.359786250000013, 36.1652982 ], [ 136.360006060000018, 36.16536905 ], [ 136.36036253, 36.16543639 ], [ 136.360601340000017, 36.16550303 ], [ 136.360709080000021, 36.16556784 ], [ 136.360943750000018, 36.16572011 ], [ 136.361112610000021, 36.16574392 ], [ 136.361173990000026, 36.16576317 ], [ 136.361238830000019, 36.16580508 ], [ 136.361339110000017, 36.16587878 ], [ 136.361474860000015, 36.16595453 ], [ 136.361566590000024, 36.16598867 ], [ 136.361711500000013, 36.16599608 ], [ 136.36180872, 36.16601095 ], [ 136.361955470000026, 36.16602875 ], [ 136.36208939, 36.16603025 ], [ 136.36220864, 36.16602284 ], [ 136.36246358, 36.16597175 ], [ 136.36266523, 36.1660022 ], [ 136.36286905, 36.16604659 ], [ 136.36306525, 36.16613667 ], [ 136.363203840000011, 36.16616833 ], [ 136.363310220000017, 36.16617872 ], [ 136.3634217, 36.16616392 ], [ 136.363568250000014, 36.16617514 ], [ 136.363772220000016, 36.16616069 ], [ 136.363871250000017, 36.16614789 ], [ 136.36403562000001, 36.16612223 ], [ 136.364152440000026, 36.16608697 ], [ 136.3642792, 36.16600841 ], [ 136.36435953, 36.16598125 ], [ 136.36452872000001, 36.16597156 ], [ 136.364728720000016, 36.16601003 ], [ 136.36486722, 36.16603089 ], [ 136.36503278, 36.16604508 ], [ 136.365230890000021, 36.16603913 ], [ 136.36534462, 36.16604208 ], [ 136.365475300000014, 36.16605811 ], [ 136.36556306, 36.16607747 ], [ 136.365667420000023, 36.16610139 ], [ 136.365917170000017, 36.16616387 ], [ 136.366182440000017, 36.16642636 ], [ 136.36643134000002, 36.16664859 ], [ 136.366451580000017, 36.16666608 ], [ 136.36645228, 36.16666667 ], [ 136.36666667, 36.16685189 ], [ 136.366669100000024, 36.166854 ], [ 136.366688560000028, 36.1668708 ], [ 136.366838, 36.16707941 ], [ 136.366954110000023, 36.16733525 ], [ 136.367020510000032, 36.16756413 ], [ 136.367136610000017, 36.16787359 ], [ 136.367211340000011, 36.16825747 ], [ 136.367286060000026, 36.16854692 ], [ 136.367352440000019, 36.16869497 ], [ 136.36742689, 36.16880941 ], [ 136.367533, 36.16886887 ], [ 136.367534940000013, 36.16886997 ], [ 136.367734110000015, 36.16894413 ], [ 136.368007440000014, 36.16907887 ], [ 136.36816525, 36.16919997 ], [ 136.368356080000012, 36.16942887 ], [ 136.36847219, 36.16955692 ], [ 136.368646360000014, 36.16969136 ], [ 136.368738300000018, 36.16976275 ], [ 136.36889553, 36.16983469 ], [ 136.369193310000014, 36.1698608 ], [ 136.36942192, 36.16987414 ], [ 136.36968636, 36.16988831 ], [ 136.37042302, 36.16990859 ], [ 136.37079997, 36.16986164 ], [ 136.371665810000025, 36.16980803 ], [ 136.37208136000001, 36.16982747 ], [ 136.37219192, 36.16986887 ], [ 136.37245747, 36.16992775 ], [ 136.37274886, 36.16996053 ], [ 136.373413020000015, 36.17006913 ], [ 136.3737208, 36.17005608 ], [ 136.37402025, 36.17004275 ], [ 136.374429140000018, 36.16990469 ], [ 136.374684140000028, 36.16981275 ], [ 136.37479525, 36.16976275 ], [ 136.375, 36.16968539 ], [ 136.37500248, 36.16968447 ], [ 136.375555530000014, 36.16947553 ], [ 136.37559497, 36.16946053 ], [ 136.376276640000015, 36.16931189 ], [ 136.37683942000001, 36.16921244 ], [ 136.377618860000013, 36.168908 ], [ 136.37831886, 36.16868578 ], [ 136.378709110000017, 36.16853653 ], [ 136.378809140000016, 36.16849828 ], [ 136.379054420000017, 36.16832856 ], [ 136.37919886, 36.16826995 ], [ 136.379444140000032, 36.16822911 ], [ 136.37966803, 36.16826995 ], [ 136.380634690000022, 36.16872689 ], [ 136.38079331, 36.16875605 ], [ 136.380923310000014, 36.16874439 ], [ 136.381904690000027, 36.16853356 ], [ 136.38208497, 36.16843995 ], [ 136.382243860000017, 36.16841633 ], [ 136.382481950000027, 36.16842828 ], [ 136.383261120000014, 36.16845744 ], [ 136.383333330000028, 36.16844631 ], [ 136.383335840000029, 36.16844592 ], [ 136.38341250000002, 36.16843411 ], [ 136.38355694, 36.16836384 ], [ 136.384336110000021, 36.16795384 ], [ 136.384458880000011, 36.16790717 ], [ 136.384761950000012, 36.16781911 ], [ 136.38538222, 36.16775522 ], [ 136.38559167, 36.16771411 ], [ 136.385815280000031, 36.167673 ], [ 136.385848340000024, 36.16765661 ], [ 136.386075010000013, 36.16754436 ], [ 136.386536940000013, 36.16730436 ], [ 136.386659440000017, 36.16724575 ], [ 136.38678944, 36.16727492 ], [ 136.38714306, 36.16746825 ], [ 136.387438880000019, 36.16752686 ], [ 136.387734450000011, 36.16757353 ], [ 136.3881675, 36.16763213 ], [ 136.388629440000017, 36.16767325 ], [ 136.388824160000013, 36.16770241 ], [ 136.38912722, 36.16764964 ], [ 136.389697220000016, 36.16749741 ], [ 136.389928340000012, 36.16742713 ], [ 136.390094160000018, 36.1674038 ], [ 136.390238340000025, 36.16741547 ], [ 136.390714450000019, 36.16752686 ], [ 136.390875670000014, 36.1676202 ], [ 136.39106805, 36.16773159 ], [ 136.391378340000017, 36.16786631 ], [ 136.391638050000012, 36.16798936 ], [ 136.39166667, 36.16799908 ], [ 136.39166917, 36.16799995 ], [ 136.39186195000002, 36.16806547 ], [ 136.39217222, 36.16818825 ], [ 136.39259056, 36.1682938 ], [ 136.39298, 36.16836992 ], [ 136.393434720000016, 36.16852214 ], [ 136.394011950000021, 36.1687388 ], [ 136.394567810000012, 36.16894936 ], [ 136.394885030000012, 36.16910159 ], [ 136.39510725, 36.16922436 ], [ 136.39531975, 36.16938186 ], [ 136.395593640000016, 36.1695602 ], [ 136.395861700000012, 36.16976297 ], [ 136.395986130000011, 36.16987659 ], [ 136.39630086, 36.17012186 ], [ 136.396532800000017, 36.17025631 ], [ 136.39683947, 36.17038741 ], [ 136.397170860000017, 36.17045464 ], [ 136.397415310000014, 36.17049159 ], [ 136.39769698, 36.1705288 ], [ 136.398181970000024, 36.17054213 ], [ 136.398691410000026, 36.1705488 ], [ 136.39930031, 36.17060267 ], [ 136.399975860000012, 36.17062628 ], [ 136.4, 36.17062628 ], [ 136.400002530000023, 36.17062628 ], [ 136.400390030000011, 36.17062628 ], [ 136.400705030000012, 36.17060933 ], [ 136.401264470000029, 36.17056572 ], [ 136.40168669000002, 36.17057267 ], [ 136.402254470000031, 36.17052211 ], [ 136.402523920000021, 36.17047184 ], [ 136.4030792, 36.17041461 ], [ 136.403476980000022, 36.17035405 ], [ 136.40380837, 36.17033405 ], [ 136.404098080000011, 36.17034072 ], [ 136.40481503, 36.17027684 ], [ 136.405092530000019, 36.17033739 ], [ 136.40538669, 36.17044156 ], [ 136.405991730000011, 36.17074072 ], [ 136.406182280000024, 36.17092239 ], [ 136.40627477000001, 36.17105823 ], [ 136.406314770000023, 36.17111739 ], [ 136.40662144, 36.17132905 ], [ 136.40691562, 36.17147378 ], [ 136.407209780000017, 36.17160822 ], [ 136.40749144, 36.17173933 ], [ 136.40776089000002, 36.17181989 ], [ 136.40817506, 36.17188711 ], [ 136.40833333, 36.17193225 ], [ 136.408335890000018, 36.171933 ], [ 136.40839895000002, 36.171951 ], [ 136.40871783, 36.17207544 ], [ 136.409090610000021, 36.17218295 ], [ 136.409306160000028, 36.1722268 ], [ 136.409393110000025, 36.17184347 ], [ 136.409459489999989, 36.17151736 ], [ 136.409612830000015, 36.17115764 ], [ 136.409716450000019, 36.17096597 ], [ 136.409811720000022, 36.17076125 ], [ 136.40996895, 36.17046875 ], [ 136.41015144, 36.17028375 ], [ 136.41030895, 36.17012569 ], [ 136.410404230000012, 36.1700418 ], [ 136.41062783000001, 36.16998125 ], [ 136.410905620000023, 36.16992403 ], [ 136.41120394, 36.16988041 ], [ 136.41144839, 36.1698432 ], [ 136.411648390000011, 36.16976347 ], [ 136.411709780000024, 36.16960736 ], [ 136.41175034, 36.16942959 ], [ 136.411827830000021, 36.16929013 ], [ 136.41201978, 36.16903041 ], [ 136.41224895000002, 36.16885013 ], [ 136.412336720000013, 36.16880097 ], [ 136.412488390000021, 36.16866153 ], [ 136.41261645, 36.16846459 ], [ 136.41318589, 36.16716153 ], [ 136.413208110000028, 36.16710459 ], [ 136.413267, 36.16695375 ], [ 136.413293940000017, 36.1667568 ], [ 136.413296910000014, 36.16666667 ], [ 136.41329694, 36.16666597 ], [ 136.413300610000022, 36.16655431 ], [ 136.41321283000002, 36.16636292 ], [ 136.41297728, 36.16589847 ], [ 136.41290311000003, 36.16570708 ], [ 136.412781720000027, 36.16505069 ], [ 136.412741440000019, 36.16481541 ], [ 136.412539220000014, 36.16458569 ], [ 136.412343670000013, 36.1643068 ], [ 136.41226283, 36.16413736 ], [ 136.41224922, 36.16401708 ], [ 136.41224922, 36.16380903 ], [ 136.412343640000017, 36.16319653 ], [ 136.412343640000017, 36.16307069 ], [ 136.412296420000018, 36.16289569 ], [ 136.412256420000034, 36.16277541 ], [ 136.412108080000024, 36.1625568 ], [ 136.412033920000027, 36.1623818 ], [ 136.41200031, 36.16222875 ], [ 136.41201365, 36.16180236 ], [ 136.412006980000029, 36.16158347 ], [ 136.41195975, 36.16147403 ], [ 136.411892240000014, 36.16139208 ], [ 136.41153503000001, 36.16098736 ], [ 136.41144086, 36.16085069 ], [ 136.411366690000023, 36.1607468 ], [ 136.41138224, 36.16057459 ], [ 136.41140698000001, 36.16048959 ], [ 136.41153503000001, 36.16024903 ], [ 136.411636140000013, 36.16007959 ], [ 136.411777810000018, 36.15998653 ], [ 136.412121410000026, 36.15993208 ], [ 136.412539470000013, 36.15980625 ], [ 136.412626980000027, 36.15976792 ], [ 136.41281586, 36.15962041 ], [ 136.412977520000027, 36.15947264 ], [ 136.41307642000001, 36.15922097 ], [ 136.413119200000011, 36.1591118 ], [ 136.413213360000015, 36.15885459 ], [ 136.41339756, 36.15833333 ], [ 136.41339781, 36.15833264 ], [ 136.413516690000023, 36.15799622 ], [ 136.41357086, 36.1578815 ], [ 136.41373253, 36.15764067 ], [ 136.413840310000012, 36.15749844 ], [ 136.413995300000011, 36.15732344 ], [ 136.414103360000013, 36.15712122 ], [ 136.414170580000018, 36.15678789 ], [ 136.414238080000018, 36.156684 ], [ 136.414285300000017, 36.15662372 ], [ 136.41439975, 36.15658539 ], [ 136.414649200000014, 36.15655817 ], [ 136.41512781, 36.15647595 ], [ 136.4152828, 36.15642678 ], [ 136.41541086, 36.15633928 ], [ 136.41566031, 36.15611511 ], [ 136.41597725, 36.15578705 ], [ 136.416125310000012, 36.15573761 ], [ 136.416212170000023, 36.15570564 ], [ 136.416421970000016, 36.15562844 ], [ 136.416666670000012, 36.15556764 ], [ 136.4166692, 36.155567 ], [ 136.41684003, 36.15552456 ], [ 136.417069200000014, 36.15551928 ], [ 136.41738586, 36.15561761 ], [ 136.41761503, 36.15567789 ], [ 136.41781058, 36.15566678 ], [ 136.418006140000017, 36.15563956 ], [ 136.418268910000023, 36.1555465 ], [ 136.41841725, 36.1554865 ], [ 136.418646420000016, 36.15553011 ], [ 136.418875580000019, 36.15553567 ], [ 136.41918558, 36.15549178 ], [ 136.41939419000002, 36.15536067 ], [ 136.419663920000033, 36.15511456 ], [ 136.41983253, 36.15494484 ], [ 136.419973920000018, 36.15488484 ], [ 136.420122240000012, 36.15484095 ], [ 136.42060752, 36.154759 ], [ 136.420971700000024, 36.15472067 ], [ 136.42105003, 36.15471317 ], [ 136.42130864, 36.15468789 ], [ 136.421571410000013, 36.15471539 ], [ 136.422454500000015, 36.15484123 ], [ 136.422683670000026, 36.15486872 ], [ 136.423378110000016, 36.15473203 ], [ 136.423937560000013, 36.15463341 ], [ 136.424193670000022, 36.15457869 ], [ 136.424348660000021, 36.15448036 ], [ 136.42453756, 36.15433259 ], [ 136.42460477, 36.15415231 ], [ 136.424625060000011, 36.15376925 ], [ 136.424652, 36.15364369 ], [ 136.42478005000001, 36.15352897 ], [ 136.424995890000019, 36.15335397 ], [ 136.425, 36.15335084 ], [ 136.425002550000016, 36.15334889 ], [ 136.42521144, 36.1531898 ], [ 136.425366450000013, 36.15304759 ], [ 136.425619220000016, 36.15256675 ], [ 136.425797830000022, 36.15222731 ], [ 136.425919220000026, 36.15204703 ], [ 136.426000050000027, 36.15191036 ], [ 136.42612144, 36.15180092 ], [ 136.42641144000001, 36.15157675 ], [ 136.4266809, 36.15130869 ], [ 136.42684949, 36.15105731 ], [ 136.426970900000015, 36.15074008 ], [ 136.426977560000012, 36.1506362 ], [ 136.426930310000017, 36.15042813 ], [ 136.426800800000024, 36.15 ], [ 136.42680056, 36.14999925 ], [ 136.42675503000001, 36.14984869 ], [ 136.42668752, 36.14965731 ], [ 136.426694470000029, 36.14959175 ], [ 136.42680224, 36.14925813 ], [ 136.42682253000001, 36.14907759 ], [ 136.426814190000016, 36.14896508 ], [ 136.42680891, 36.14889703 ], [ 136.42695058000001, 36.1487548 ], [ 136.42712586, 36.14867841 ], [ 136.42726725, 36.14857453 ], [ 136.4274628, 36.1484048 ], [ 136.42759086, 36.14823008 ], [ 136.427691970000012, 36.14803175 ], [ 136.427766140000017, 36.14788564 ], [ 136.427793090000023, 36.14767231 ], [ 136.427745860000016, 36.14739341 ], [ 136.427786420000018, 36.14730592 ], [ 136.42790086, 36.14720203 ], [ 136.428069470000025, 36.14709814 ], [ 136.42833224, 36.14698313 ], [ 136.428595300000012, 36.1469012 ], [ 136.428797520000018, 36.14681925 ], [ 136.429066980000016, 36.14661147 ], [ 136.42946475, 36.14640369 ], [ 136.42946956, 36.14640064 ], [ 136.429680580000024, 36.14626703 ], [ 136.42987586000001, 36.14608647 ], [ 136.430192800000015, 36.14575841 ], [ 136.43030725, 36.14551231 ], [ 136.43033997, 36.14537975 ], [ 136.43036114, 36.14529341 ], [ 136.430576980000012, 36.14512397 ], [ 136.430806140000016, 36.14488369 ], [ 136.43099475, 36.1446048 ], [ 136.43142642, 36.14387731 ], [ 136.431540860000013, 36.14374064 ], [ 136.43166864, 36.14354925 ], [ 136.43176309, 36.14347259 ], [ 136.43187086, 36.14345064 ], [ 136.432390030000022, 36.1433795 ], [ 136.43330669, 36.14322644 ], [ 136.433333330000011, 36.14322051 ], [ 136.43333586, 36.14321992 ], [ 136.43369752000001, 36.14313895 ], [ 136.43393336, 36.14308978 ], [ 136.433992530000012, 36.143062 ], [ 136.434438910000011, 36.14284922 ], [ 136.434648080000017, 36.1427945 ], [ 136.43485031, 36.14278367 ], [ 136.435140030000014, 36.14286561 ], [ 136.4353017, 36.14287117 ], [ 136.43554419, 36.14283839 ], [ 136.43634642, 36.1426195 ], [ 136.43695309, 36.14246089 ], [ 136.437222240000011, 36.14242811 ], [ 136.437363920000024, 36.14242811 ], [ 136.43755253, 36.14240089 ], [ 136.43783586, 36.14232423 ], [ 136.43825365, 36.14207284 ], [ 136.438503090000012, 36.14184339 ], [ 136.43861752, 36.141712 ], [ 136.43862633, 36.14166667 ], [ 136.43862647, 36.14166589 ], [ 136.43865781, 36.14150422 ], [ 136.438678080000017, 36.14111589 ], [ 136.438576980000022, 36.14044867 ], [ 136.438529750000015, 36.14022978 ], [ 136.438644470000014, 36.14006589 ], [ 136.438873640000025, 36.13983617 ], [ 136.439035030000014, 36.13961728 ], [ 136.43912253000002, 36.13944784 ], [ 136.439156420000018, 36.139262 ], [ 136.43929781, 36.13884089 ], [ 136.439358640000023, 36.13855117 ], [ 136.439385580000021, 36.13839784 ], [ 136.439446130000022, 36.138212 ], [ 136.43963503, 36.13799311 ], [ 136.4399717, 36.13775811 ], [ 136.44012003, 36.13765422 ], [ 136.44014031, 36.13763228 ], [ 136.440389470000014, 36.13735895 ], [ 136.440197250000011, 36.13714867 ], [ 136.44007808, 36.13701339 ], [ 136.4399828, 36.13680589 ], [ 136.43994698000003, 36.13672839 ], [ 136.439929200000023, 36.1365545 ], [ 136.43994336, 36.13645617 ], [ 136.43995891000003, 36.13634644 ], [ 136.439970860000017, 36.13628367 ], [ 136.439935030000015, 36.13620144 ], [ 136.439929200000023, 36.13614839 ], [ 136.43994114, 36.13606144 ], [ 136.44000058, 36.13593561 ], [ 136.440048080000025, 36.13577617 ], [ 136.44002419, 36.13557311 ], [ 136.439875300000011, 36.13536033 ], [ 136.43970253, 36.13495923 ], [ 136.43961306, 36.13481422 ], [ 136.439535550000016, 36.13476117 ], [ 136.4394225, 36.134737 ], [ 136.43927944, 36.134737 ], [ 136.439112500000022, 36.13472228 ], [ 136.43899944, 36.13467395 ], [ 136.43876112, 36.13450478 ], [ 136.438552500000014, 36.13438395 ], [ 136.43831416, 36.13424395 ], [ 136.437938880000019, 36.13401172 ], [ 136.437420560000021, 36.13380395 ], [ 136.437140560000017, 36.13375061 ], [ 136.43692027000003, 36.13376533 ], [ 136.436765280000031, 36.13380867 ], [ 136.43664611, 36.13386672 ], [ 136.436169440000015, 36.13407422 ], [ 136.435818340000026, 36.13419033 ], [ 136.435216390000022, 36.13435478 ], [ 136.43488278, 36.13440311 ], [ 136.43457917, 36.13440784 ], [ 136.4343825, 36.13440311 ], [ 136.43413805, 36.13438367 ], [ 136.4339, 36.13432089 ], [ 136.433709170000014, 36.13418061 ], [ 136.43351861, 36.13401144 ], [ 136.433335840000012, 36.133826 ], [ 136.433333330000011, 36.13382347 ], [ 136.433185010000017, 36.13367311 ], [ 136.43292888000002, 36.13344589 ], [ 136.43274416, 36.13333478 ], [ 136.432740170000017, 36.13333333 ], [ 136.432738050000012, 36.13333256 ], [ 136.432571390000021, 36.133272 ], [ 136.432350830000019, 36.13323311 ], [ 136.43227944, 36.13323811 ], [ 136.43220195, 36.13323811 ], [ 136.43187586, 36.13333259 ], [ 136.431873220000028, 36.13333333 ], [ 136.43179722, 36.13335536 ], [ 136.431785280000014, 36.13335897 ], [ 136.431350270000024, 36.13337341 ], [ 136.43101667000002, 36.1333348 ], [ 136.431010950000029, 36.13333333 ], [ 136.43100798, 36.13333259 ], [ 136.43080805, 36.13328147 ], [ 136.430599730000012, 36.1331898 ], [ 136.430391110000016, 36.13307369 ], [ 136.43020056, 36.13297231 ], [ 136.42994416, 36.13282759 ], [ 136.42979528, 36.13273564 ], [ 136.429622500000022, 36.13261953 ], [ 136.42946167, 36.13245536 ], [ 136.42933667, 36.13231036 ], [ 136.429187500000012, 36.13216036 ], [ 136.42905056, 36.13212175 ], [ 136.4289675, 36.13212175 ], [ 136.428836390000015, 36.13220397 ], [ 136.428592220000013, 36.13234397 ], [ 136.42838361, 36.13248897 ], [ 136.42811555, 36.13264869 ], [ 136.427746110000015, 36.13287592 ], [ 136.427388880000024, 36.13307869 ], [ 136.42716861, 36.13312231 ], [ 136.42696, 36.13313675 ], [ 136.426727780000022, 36.13314175 ], [ 136.42652501, 36.13314647 ], [ 136.426233060000015, 36.13314647 ], [ 136.426090270000032, 36.13318036 ], [ 136.42589361, 36.13326231 ], [ 136.425810860000013, 36.13333259 ], [ 136.425809970000017, 36.13333333 ], [ 136.425762780000014, 36.13337341 ], [ 136.42561973, 36.13353286 ], [ 136.425423330000029, 36.13367787 ], [ 136.42533973, 36.13367787 ], [ 136.425220560000014, 36.13360536 ], [ 136.4250025, 36.1334418 ], [ 136.425, 36.13343995 ], [ 136.42490497, 36.13336869 ], [ 136.424824420000022, 36.13333333 ], [ 136.4248227, 36.13333259 ], [ 136.42476192, 36.13330592 ], [ 136.424589140000023, 36.13323841 ], [ 136.42433302, 36.13320453 ], [ 136.42368969, 36.13309813 ], [ 136.42330859, 36.13305953 ], [ 136.42308219, 36.13305953 ], [ 136.422712750000017, 36.13298203 ], [ 136.42240302, 36.13290008 ], [ 136.42216525, 36.13284064 ], [ 136.42209302, 36.13282259 ], [ 136.42191442, 36.13276453 ], [ 136.42154525, 36.13267759 ], [ 136.4204372, 36.13251314 ], [ 136.419799690000019, 36.13237314 ], [ 136.41951358, 36.13230536 ], [ 136.419317200000023, 36.13220397 ], [ 136.41904331, 36.13202008 ], [ 136.418751360000016, 36.13188008 ], [ 136.41835219, 36.13168203 ], [ 136.418143860000015, 36.13159036 ], [ 136.41785776, 36.13153233 ], [ 136.41732747, 36.13144511 ], [ 136.41701222, 36.13141677 ], [ 136.41666914000001, 36.13138531 ], [ 136.416666670000012, 36.13138505 ], [ 136.41663664, 36.13138233 ], [ 136.416356640000032, 36.13134844 ], [ 136.416023020000011, 36.13130011 ], [ 136.41577275, 36.13129067 ], [ 136.41561192, 36.131194 ], [ 136.41533192, 36.13106817 ], [ 136.41487358, 36.13087484 ], [ 136.41457553, 36.13075872 ], [ 136.414146640000013, 36.130609 ], [ 136.413652190000022, 36.13041067 ], [ 136.413372190000018, 36.13032372 ], [ 136.41293747, 36.13013067 ], [ 136.412544380000014, 36.12997123 ], [ 136.412145230000021, 36.12984067 ], [ 136.411903280000018, 36.12975817 ], [ 136.411734110000026, 36.12970039 ], [ 136.411513550000024, 36.12961344 ], [ 136.41112078, 36.12948789 ], [ 136.410369949999989, 36.12929928 ], [ 136.40994717, 36.12918317 ], [ 136.409643280000012, 36.1290865 ], [ 136.409434670000024, 36.12898984 ], [ 136.408916620000014, 36.12881095 ], [ 136.40863662000001, 36.12873872 ], [ 136.40835078, 36.12869039 ], [ 136.40833577, 36.12868817 ], [ 136.40833333, 36.1286878 ], [ 136.40792772, 36.12862761 ], [ 136.40765355000002, 36.128584 ], [ 136.407308, 36.12849233 ], [ 136.407117450000015, 36.12841484 ], [ 136.40706756, 36.12840472 ], [ 136.406879100000026, 36.12836651 ], [ 136.406140780000015, 36.12826511 ], [ 136.405676060000019, 36.12820705 ], [ 136.405455500000016, 36.12818761 ], [ 136.40495494000001, 36.12812984 ], [ 136.40430606000001, 36.12808622 ], [ 136.40406772, 36.12806678 ], [ 136.403793550000017, 36.12800872 ], [ 136.403591050000017, 36.12793623 ], [ 136.403418280000011, 36.12788317 ], [ 136.40327523000002, 36.12786372 ], [ 136.40303105000001, 36.12786872 ], [ 136.402876060000011, 36.12788317 ], [ 136.40259606, 36.12790733 ], [ 136.402464940000016, 36.12790736 ], [ 136.40236966, 36.12787347 ], [ 136.40205384, 36.12768513 ], [ 136.401905230000011, 36.12756931 ], [ 136.401756330000012, 36.12740986 ], [ 136.40162523, 36.12727931 ], [ 136.401554940000011, 36.12720541 ], [ 136.40148217, 36.12712931 ], [ 136.401208270000012, 36.12681041 ], [ 136.401053280000014, 36.12663153 ], [ 136.40092217, 36.12651069 ], [ 136.40077939, 36.12638987 ], [ 136.400546890000015, 36.1261482 ], [ 136.400487450000014, 36.12609041 ], [ 136.40032659000002, 36.12596959 ], [ 136.400266860000016, 36.12589208 ], [ 136.400141850000011, 36.12573736 ], [ 136.400002410000013, 36.12552344 ], [ 136.4, 36.12551969 ], [ 136.39997492, 36.12548125 ], [ 136.39958798, 36.12516708 ], [ 136.39936158, 36.12501236 ], [ 136.39933815, 36.125 ], [ 136.399336810000023, 36.12499931 ], [ 136.39914131, 36.12489625 ], [ 136.398968520000011, 36.12483847 ], [ 136.398712140000015, 36.12484792 ], [ 136.39830713, 36.12492541 ], [ 136.39784655, 36.12499931 ], [ 136.39784219, 36.125 ], [ 136.39779464, 36.12500764 ], [ 136.397437420000017, 36.12508486 ], [ 136.39713964, 36.12510431 ], [ 136.39667492, 36.12514292 ], [ 136.396460470000022, 36.12514292 ], [ 136.39621630000002, 36.12507041 ], [ 136.396121030000018, 36.12504125 ], [ 136.39606995, 36.125 ], [ 136.396069080000018, 36.12499931 ], [ 136.396037420000027, 36.12497375 ], [ 136.395977980000026, 36.12490597 ], [ 136.3958527, 36.12476097 ], [ 136.395775470000018, 36.1245482 ], [ 136.39569185000002, 36.12449986 ], [ 136.395531020000021, 36.12456292 ], [ 136.395453530000026, 36.12464013 ], [ 136.395346300000028, 36.12477541 ], [ 136.395221310000011, 36.12489153 ], [ 136.395072410000012, 36.1249882 ], [ 136.395053220000023, 36.12499931 ], [ 136.39505202, 36.125 ], [ 136.39494713000002, 36.12506069 ], [ 136.394774360000014, 36.12513792 ], [ 136.39459575, 36.12515736 ], [ 136.394333530000011, 36.12522013 ], [ 136.394220470000022, 36.12527792 ], [ 136.39408936, 36.12534069 ], [ 136.393904640000017, 36.12536013 ], [ 136.393791850000014, 36.12536487 ], [ 136.393612970000021, 36.12532153 ], [ 136.393499920000011, 36.1252732 ], [ 136.39338075, 36.12520069 ], [ 136.39314825, 36.12507487 ], [ 136.39298112, 36.125 ], [ 136.392979560000015, 36.12499931 ], [ 136.392921850000022, 36.12497347 ], [ 136.39278131, 36.12493875 ], [ 136.392602970000013, 36.12492264 ], [ 136.392361850000015, 36.12490097 ], [ 136.39217713, 36.12484764 ], [ 136.391736300000019, 36.12474625 ], [ 136.391669080000014, 36.1247292 ], [ 136.39166667, 36.12472859 ], [ 136.391450470000024, 36.12467375 ], [ 136.391134640000018, 36.1247268 ], [ 136.39112825, 36.12472875 ], [ 136.390961850000025, 36.12478014 ], [ 136.390818810000013, 36.12488153 ], [ 136.390638750000022, 36.12499931 ], [ 136.39063769, 36.125 ], [ 136.390604360000026, 36.1250218 ], [ 136.390324360000022, 36.12520069 ], [ 136.39011603, 36.12532153 ], [ 136.39002075, 36.12541792 ], [ 136.38972881, 36.12563041 ], [ 136.38956214000001, 36.12568375 ], [ 136.38941908000001, 36.12569347 ], [ 136.389264090000012, 36.12569347 ], [ 136.38904964, 36.12565459 ], [ 136.38891270000002, 36.12561597 ], [ 136.388763800000021, 36.1255918 ], [ 136.38844214, 36.12557736 ], [ 136.38816798000002, 36.12556764 ], [ 136.387947420000017, 36.12556764 ], [ 136.38772713, 36.12552903 ], [ 136.3872327, 36.12557264 ], [ 136.38714908, 36.1255968 ], [ 136.38704798, 36.12564987 ], [ 136.386815470000016, 36.12580903 ], [ 136.38663075, 36.12593486 ], [ 136.38642852000001, 36.12617156 ], [ 136.386303530000021, 36.126336 ], [ 136.38621409000001, 36.12639877 ], [ 136.386005470000015, 36.12653433 ], [ 136.38570769, 36.12666461 ], [ 136.385278809999988, 36.12680461 ], [ 136.38501075, 36.12686267 ], [ 136.384754360000017, 36.126911 ], [ 136.38457603, 36.12690378 ], [ 136.384402970000025, 36.12689656 ], [ 136.38397992000003, 36.12687711 ], [ 136.38353908000002, 36.12685295 ], [ 136.383335750000015, 36.12685784 ], [ 136.383333330000028, 36.12685789 ], [ 136.38333047, 36.12685795 ], [ 136.38257436, 36.12679489 ], [ 136.38227047, 36.12675156 ], [ 136.381746030000016, 36.12670322 ], [ 136.38129326, 36.12664517 ], [ 136.38109936, 36.12661295 ], [ 136.38103131, 36.12660156 ], [ 136.38064409, 36.12656295 ], [ 136.3803402, 36.12651461 ], [ 136.37997655, 36.12646628 ], [ 136.379726550000015, 36.12642267 ], [ 136.379571560000016, 36.12637933 ], [ 136.37940462, 36.12631628 ], [ 136.378815160000016, 36.12620044 ], [ 136.37858294, 36.12614711 ], [ 136.378368490000014, 36.12606489 ], [ 136.37814211, 36.12599239 ], [ 136.37789183000001, 36.12599239 ], [ 136.377779340000018, 36.12602795 ], [ 136.37759988000002, 36.12608433 ], [ 136.377462940000015, 36.12612795 ], [ 136.37731377, 36.12612795 ], [ 136.37706377, 36.1261135 ], [ 136.376682390000013, 36.12602628 ], [ 136.376360730000016, 36.12594905 ], [ 136.37610433, 36.12591989 ], [ 136.3759435, 36.12591989 ], [ 136.375776840000015, 36.12592489 ], [ 136.375526550000018, 36.12602628 ], [ 136.375395450000013, 36.1261085 ], [ 136.375282390000024, 36.12620044 ], [ 136.375097660000023, 36.12636933 ], [ 136.37500239000002, 36.12646503 ], [ 136.375, 36.12646744 ], [ 136.374972670000034, 36.12649489 ], [ 136.374860730000023, 36.12659656 ], [ 136.37451406, 36.12691072 ], [ 136.37428183, 36.12712351 ], [ 136.37407905, 36.12737961 ], [ 136.37374545, 36.12775628 ], [ 136.373542940000021, 36.12797377 ], [ 136.373310730000014, 36.12822517 ], [ 136.373167670000015, 36.128351 ], [ 136.373006840000016, 36.12842823 ], [ 136.3727685, 36.128496 ], [ 136.372542110000012, 36.12857322 ], [ 136.372458780000017, 36.12859269 ], [ 136.372375160000018, 36.1286652 ], [ 136.372260440000019, 36.1288552 ], [ 136.372205450000024, 36.1290002 ], [ 136.37214739, 36.12909797 ], [ 136.372081830000013, 36.12917547 ], [ 136.372008220000026, 36.12935853 ], [ 136.371959340000018, 36.1295302 ], [ 136.371908220000023, 36.12968992 ], [ 136.37168183, 36.13005741 ], [ 136.37138988, 36.12998631 ], [ 136.371236830000015, 36.12990936 ], [ 136.37104711, 36.12984408 ], [ 136.370915720000028, 36.12976103 ], [ 136.37074044000002, 36.12963659 ], [ 136.370683500000013, 36.12961047 ], [ 136.370506830000011, 36.12952992 ], [ 136.370410730000032, 36.12949908 ], [ 136.37022934, 36.12944131 ], [ 136.370010170000029, 36.12938186 ], [ 136.369813220000026, 36.12932269 ], [ 136.369535720000016, 36.12926936 ], [ 136.369296830000025, 36.12925575 ], [ 136.369119610000013, 36.12924575 ], [ 136.368732670000014, 36.12923964 ], [ 136.368352940000022, 36.12926353 ], [ 136.368075450000021, 36.12929908 ], [ 136.367893220000013, 36.12931075 ], [ 136.367622940000018, 36.12925741 ], [ 136.367418500000014, 36.1292102 ], [ 136.367155720000028, 36.12913297 ], [ 136.366681280000023, 36.12899103 ], [ 136.366669050000013, 36.12898669 ], [ 136.36666667, 36.12898586 ], [ 136.36639655, 36.1288902 ], [ 136.366294330000017, 36.1288488 ], [ 136.366031280000016, 36.1287538 ], [ 136.36572462, 36.12861769 ], [ 136.365476550000011, 36.1285702 ], [ 136.36518433, 36.12856436 ], [ 136.36483406, 36.12858797 ], [ 136.364614890000013, 36.12859408 ], [ 136.364279340000024, 36.12854659 ], [ 136.364031, 36.12851103 ], [ 136.36373905, 36.1285052 ], [ 136.363461560000019, 36.12845187 ], [ 136.363176830000015, 36.12832741 ], [ 136.36298711, 36.12829769 ], [ 136.36280462, 36.12827992 ], [ 136.362578220000017, 36.12831547 ], [ 136.362351830000023, 36.12839853 ], [ 136.361906550000015, 36.12870047 ], [ 136.361760440000012, 36.12853436 ], [ 136.361490140000029, 36.12821492 ], [ 136.361285690000017, 36.1280488 ], [ 136.361125140000013, 36.12794825 ], [ 136.360935690000019, 36.12785353 ], [ 136.360809030000013, 36.12780436 ], [ 136.36076764, 36.12778825 ], [ 136.360570700000011, 36.12769353 ], [ 136.360387910000014, 36.12756908 ], [ 136.36036486, 36.12754853 ], [ 136.360234580000025, 36.12743269 ], [ 136.360161800000014, 36.12729047 ], [ 136.360103190000018, 36.12710103 ], [ 136.36006681, 36.1269352 ], [ 136.360061800000011, 36.12681436 ], [ 136.360059580000012, 36.12676325 ], [ 136.36006681, 36.12630741 ], [ 136.360088750000017, 36.12606436 ], [ 136.360154310000013, 36.12593408 ], [ 136.360198200000013, 36.1258038 ], [ 136.360264030000025, 36.12561408 ], [ 136.360300420000016, 36.1254602 ], [ 136.360315140000012, 36.12532992 ], [ 136.360329580000013, 36.12511687 ], [ 136.36030645, 36.125 ], [ 136.360306300000019, 36.12499936 ], [ 136.360293190000021, 36.12493325 ], [ 136.360242090000014, 36.12479686 ], [ 136.36021292, 36.12450659 ], [ 136.360154310000013, 36.12431686 ], [ 136.360052090000011, 36.12411547 ], [ 136.35994263, 36.12399103 ], [ 136.35981125, 36.1238488 ], [ 136.35974542, 36.12373047 ], [ 136.359716250000019, 36.12355269 ], [ 136.359643190000014, 36.12335159 ], [ 136.35956292, 36.1231502 ], [ 136.359446250000019, 36.12301964 ], [ 136.359358469999989, 36.1228952 ], [ 136.359300140000016, 36.12271159 ], [ 136.35921263, 36.12250436 ], [ 136.359066520000027, 36.1223088 ], [ 136.358935140000028, 36.12219631 ], [ 136.35864292, 36.12201269 ], [ 136.35849708, 36.1219238 ], [ 136.35845319, 36.12184075 ], [ 136.358387640000018, 36.12160992 ], [ 136.358335690000018, 36.12147525 ], [ 136.358333330000022, 36.12146913 ], [ 136.35827791, 36.12132547 ], [ 136.35820486, 36.12117159 ], [ 136.35811737, 36.1210352 ], [ 136.358000410000017, 36.12092853 ], [ 136.357832630000019, 36.1208338 ], [ 136.357621240000014, 36.12076269 ], [ 136.3574093, 36.12069769 ], [ 136.35726348, 36.12059687 ], [ 136.35708097, 36.12042492 ], [ 136.356978750000025, 36.12030659 ], [ 136.356817910000018, 36.12006964 ], [ 136.3566793, 36.1198388 ], [ 136.35662097, 36.11969659 ], [ 136.356603480000018, 36.11967575 ], [ 136.356482090000014, 36.11953075 ], [ 136.356328750000017, 36.11918103 ], [ 136.35620455, 36.1188552 ], [ 136.356139, 36.11869547 ], [ 136.35610234, 36.11848214 ], [ 136.35610983, 36.11814464 ], [ 136.35606594, 36.11795492 ], [ 136.35600761, 36.1178188 ], [ 136.35589066, 36.11767075 ], [ 136.355766500000016, 36.1174988 ], [ 136.355642610000018, 36.11736269 ], [ 136.35548927, 36.11703687 ], [ 136.355423450000018, 36.11686492 ], [ 136.35529205, 36.11677603 ], [ 136.35510234, 36.11669297 ], [ 136.355040700000018, 36.11666667 ], [ 136.355039200000022, 36.11666603 ], [ 136.35482511, 36.11657464 ], [ 136.354613160000014, 36.11646214 ], [ 136.35437234, 36.11636131 ], [ 136.354240950000019, 36.11633159 ], [ 136.354021780000011, 36.11629603 ], [ 136.353832050000022, 36.11623686 ], [ 136.35375178000001, 36.11617186 ], [ 136.353634840000012, 36.11590547 ], [ 136.353481500000015, 36.11570408 ], [ 136.35333567, 36.11559131 ], [ 136.35313122, 36.11554408 ], [ 136.352933990000025, 36.11553797 ], [ 136.352576500000026, 36.11556769 ], [ 136.35226261, 36.11559131 ], [ 136.35209455, 36.1156152 ], [ 136.351860950000031, 36.11558547 ], [ 136.35153983, 36.1154552 ], [ 136.351218440000025, 36.11534853 ], [ 136.351028720000016, 36.11530103 ], [ 136.350824280000012, 36.1152952 ], [ 136.35066372, 36.11531297 ], [ 136.350510390000011, 36.11536047 ], [ 136.35035733, 36.11534853 ], [ 136.350109, 36.11537186 ], [ 136.35000234, 36.11534887 ], [ 136.35, 36.11534836 ], [ 136.349999560000015, 36.11534825 ], [ 136.34982428, 36.11525964 ], [ 136.34967817, 36.11514714 ], [ 136.349517610000021, 36.11498131 ], [ 136.34933511, 36.11473241 ], [ 136.34926372000001, 36.11461297 ], [ 136.34922538, 36.1145488 ], [ 136.34908678, 36.11436492 ], [ 136.348919, 36.11424659 ], [ 136.348743720000016, 36.11416356 ], [ 136.348459, 36.11409244 ], [ 136.348312890000017, 36.114063 ], [ 136.348195940000011, 36.11398578 ], [ 136.34810872, 36.11387911 ], [ 136.348013720000012, 36.11376661 ], [ 136.34794066, 36.11364217 ], [ 136.347875110000018, 36.11354161 ], [ 136.347743720000011, 36.11347633 ], [ 136.347619560000027, 36.11344078 ], [ 136.347473450000024, 36.11343495 ], [ 136.347195910000011, 36.11345856 ], [ 136.346867590000016, 36.11351772 ], [ 136.346619250000032, 36.11357717 ], [ 136.346246740000026, 36.11370744 ], [ 136.346093700000011, 36.11377856 ], [ 136.345940360000014, 36.11381411 ], [ 136.34584564, 36.11376661 ], [ 136.345714250000015, 36.11363633 ], [ 136.345524250000011, 36.11344078 ], [ 136.345341750000017, 36.11332217 ], [ 136.345159250000023, 36.11312077 ], [ 136.34489647, 36.11286022 ], [ 136.344684810000018, 36.11255244 ], [ 136.34468314, 36.11254967 ], [ 136.344494810000015, 36.11224439 ], [ 136.344385640000013, 36.11209633 ], [ 136.34415202, 36.11187689 ], [ 136.343787030000016, 36.11142078 ], [ 136.3436337, 36.11127272 ], [ 136.343385360000013, 36.1111305 ], [ 136.343151750000033, 36.11098828 ], [ 136.343042310000016, 36.11095856 ], [ 136.342888970000018, 36.1109705 ], [ 136.342472870000023, 36.11107717 ], [ 136.342115080000013, 36.11119577 ], [ 136.34175008, 36.111243 ], [ 136.34166898, 36.11123572 ], [ 136.34166667, 36.11123551 ], [ 136.341487300000011, 36.11121939 ], [ 136.3410637, 36.11121356 ], [ 136.34070148, 36.11117522 ], [ 136.340560360000012, 36.11116022 ], [ 136.34020258000001, 36.11108911 ], [ 136.33981759, 36.11098022 ], [ 136.33972064, 36.11095272 ], [ 136.339530920000016, 36.11091717 ], [ 136.339384810000013, 36.11091717 ], [ 136.33919508, 36.11095856 ], [ 136.339049250000016, 36.11101189 ], [ 136.33876453000002, 36.111178 ], [ 136.338428690000029, 36.11133189 ], [ 136.338136470000023, 36.1115155 ], [ 136.337844530000012, 36.11171105 ], [ 136.33755258, 36.11191828 ], [ 136.337406470000019, 36.11202495 ], [ 136.33722397, 36.11208995 ], [ 136.336866470000018, 36.11218467 ], [ 136.336442870000013, 36.11232689 ], [ 136.336121750000018, 36.112398 ], [ 136.33592453, 36.11240995 ], [ 136.33567647000001, 36.11236856 ], [ 136.335508420000025, 36.11232689 ], [ 136.335223970000015, 36.11224995 ], [ 136.33499756, 36.11216689 ], [ 136.334815060000011, 36.11207828 ], [ 136.33458144, 36.11192995 ], [ 136.334384230000012, 36.11175828 ], [ 136.33431866, 36.11168133 ], [ 136.33431117, 36.1115805 ], [ 136.334296720000026, 36.111403 ], [ 136.33426756, 36.11131995 ], [ 136.3341945, 36.11125495 ], [ 136.33409949, 36.111178 ], [ 136.333968110000029, 36.11110689 ], [ 136.33386589, 36.111018 ], [ 136.33372728, 36.11082244 ], [ 136.333581440000017, 36.11057939 ], [ 136.333335620000014, 36.11015813 ], [ 136.333333330000016, 36.11015425 ], [ 136.33331866, 36.11012911 ], [ 136.333092280000017, 36.1097855 ], [ 136.332931730000013, 36.10963744 ], [ 136.33275645, 36.10956633 ], [ 136.332552, 36.10949523 ], [ 136.332259780000015, 36.10943636 ], [ 136.33209616000002, 36.10937331 ], [ 136.331982830000015, 36.10932969 ], [ 136.331800050000027, 36.10918747 ], [ 136.33164672, 36.10907497 ], [ 136.331449780000014, 36.10896247 ], [ 136.33124533, 36.10874331 ], [ 136.331121170000017, 36.10858914 ], [ 136.33096061, 36.10844108 ], [ 136.33087283, 36.1083758 ], [ 136.33076817, 36.10833333 ], [ 136.330766690000019, 36.10833275 ], [ 136.330727, 36.10831664 ], [ 136.330566160000018, 36.10828692 ], [ 136.330347280000012, 36.10826914 ], [ 136.33012839, 36.10822192 ], [ 136.32993866000001, 36.10816859 ], [ 136.32977811, 36.10807969 ], [ 136.329650610000016, 36.108022 ], [ 136.329500610000025, 36.10795525 ], [ 136.329223110000015, 36.10786636 ], [ 136.328901730000013, 36.10771831 ], [ 136.328609780000022, 36.10754636 ], [ 136.32842756, 36.10743386 ], [ 136.32823034, 36.10733303 ], [ 136.328018660000026, 36.10727387 ], [ 136.32777783, 36.10722053 ], [ 136.327726160000026, 36.10721441 ], [ 136.327580610000012, 36.10719692 ], [ 136.32744922, 36.1071908 ], [ 136.32729586, 36.10719692 ], [ 136.327105859999989, 36.10717303 ], [ 136.326704480000018, 36.10706664 ], [ 136.326384750000017, 36.10699497 ], [ 136.32628114000002, 36.10697164 ], [ 136.32611336, 36.10694803 ], [ 136.32590891000001, 36.10694803 ], [ 136.325609470000018, 36.10693608 ], [ 136.32533197, 36.10688887 ], [ 136.32500224, 36.106817 ], [ 136.325, 36.1068165 ], [ 136.32481365000001, 36.10677608 ], [ 136.32464975000002, 36.10673664 ], [ 136.3244928, 36.10669941 ], [ 136.324353920000021, 36.10662247 ], [ 136.324076420000011, 36.10642108 ], [ 136.32377725, 36.10621359 ], [ 136.323581410000031, 36.10613553 ], [ 136.32331725, 36.10602997 ], [ 136.323353640000022, 36.10579886 ], [ 136.32341224000001, 36.10553247 ], [ 136.323536140000016, 36.10518025 ], [ 136.3235728, 36.10507608 ], [ 136.32258725, 36.1049458 ], [ 136.322886690000018, 36.10414025 ], [ 136.323010860000011, 36.1037672 ], [ 136.32305392, 36.10357608 ], [ 136.32307642, 36.10347692 ], [ 136.32307642, 36.10335831 ], [ 136.323113090000021, 36.10317469 ], [ 136.323127520000014, 36.10293164 ], [ 136.323061970000026, 36.10281913 ], [ 136.323052530000012, 36.10281359 ], [ 136.323022800000018, 36.10279664 ], [ 136.32295975, 36.10275997 ], [ 136.32282837, 36.1027422 ], [ 136.32258725, 36.10271831 ], [ 136.32220558, 36.10269941 ], [ 136.32207725, 36.10269331 ], [ 136.321877590000014, 36.10268472 ], [ 136.321864480000016, 36.10268275 ], [ 136.321411970000014, 36.10265331 ], [ 136.321147810000014, 36.10262053 ], [ 136.32098141000003, 36.10259997 ], [ 136.320477520000026, 36.10252303 ], [ 136.3200928, 36.10245831 ], [ 136.32005419, 36.10245192 ], [ 136.319657220000011, 36.10239941 ], [ 136.319547780000022, 36.10238275 ], [ 136.319535550000012, 36.1023808 ], [ 136.319287780000025, 36.10236887 ], [ 136.319068610000016, 36.10235108 ], [ 136.318688880000025, 36.1022858 ], [ 136.318250830000011, 36.10225636 ], [ 136.31790056, 36.10225636 ], [ 136.317630270000024, 36.10227997 ], [ 136.317575010000013, 36.10229859 ], [ 136.317391110000017, 36.10236053 ], [ 136.31733112, 36.1023808 ], [ 136.31701, 36.10255859 ], [ 136.316668890000017, 36.10278741 ], [ 136.316666670000018, 36.10278892 ], [ 136.316630270000019, 36.10281331 ], [ 136.316272500000025, 36.10300887 ], [ 136.316024450000015, 36.10313913 ], [ 136.315841950000021, 36.10319251 ], [ 136.315710270000011, 36.10319251 ], [ 136.315615550000018, 36.10323389 ], [ 136.31557167, 36.10332251 ], [ 136.315556940000022, 36.10347056 ], [ 136.31546222, 36.10372528 ], [ 136.315140830000018, 36.10370167 ], [ 136.31484889, 36.10370751 ], [ 136.314600830000018, 36.10371361 ], [ 136.314514450000019, 36.10372251 ], [ 136.314172500000012, 36.10375805 ], [ 136.313973060000023, 36.10377861 ], [ 136.313538890000018, 36.10377084 ], [ 136.312644450000022, 36.103755 ], [ 136.312600560000021, 36.10368972 ], [ 136.31251, 36.10359278 ], [ 136.31249917, 36.10358111 ], [ 136.31244, 36.10351805 ], [ 136.31230861, 36.10342333 ], [ 136.312155280000013, 36.10340556 ], [ 136.312031110000021, 36.10341139 ], [ 136.311746390000025, 36.10342333 ], [ 136.31162361, 36.10343222 ], [ 136.31108917, 36.10347056 ], [ 136.31070445, 36.10350972 ], [ 136.31062222, 36.10351805 ], [ 136.310111120000016, 36.10353584 ], [ 136.30945416, 36.10355944 ], [ 136.30909639, 36.10360695 ], [ 136.30877501, 36.10360695 ], [ 136.30833555000001, 36.10364528 ], [ 136.308333330000011, 36.10364547 ], [ 136.308300560000021, 36.10364833 ], [ 136.307570560000016, 36.10371944 ], [ 136.30706694, 36.10373805 ], [ 136.3063075, 36.10376667 ], [ 136.30611027, 36.10386139 ], [ 136.30542445, 36.10424639 ], [ 136.30513973, 36.10441222 ], [ 136.30486944, 36.10453084 ], [ 136.30454803, 36.10463167 ], [ 136.304226910000011, 36.10474417 ], [ 136.30312691, 36.10517 ], [ 136.303080530000017, 36.10518805 ], [ 136.30276163000002, 36.10530889 ], [ 136.30254803, 36.10538972 ], [ 136.30028442, 36.10630197 ], [ 136.30008053, 36.10638031 ], [ 136.300002190000015, 36.10641028 ], [ 136.3, 36.10641111 ], [ 136.299218860000025, 36.10671059 ], [ 136.298890250000028, 36.10681725 ], [ 136.298539690000013, 36.10688225 ], [ 136.29788997, 36.10701864 ], [ 136.297595810000018, 36.10705308 ], [ 136.297284140000016, 36.10708975 ], [ 136.29624747, 36.10730892 ], [ 136.29624747, 36.10740364 ], [ 136.29627358, 36.10748169 ], [ 136.29629136, 36.1075342 ], [ 136.296346910000011, 36.1076528 ], [ 136.29637163000001, 36.10770587 ], [ 136.296743860000021, 36.10831587 ], [ 136.29675409, 36.1083328 ], [ 136.296754420000013, 36.10833333 ], [ 136.296919140000028, 36.10860614 ], [ 136.297014140000016, 36.1086892 ], [ 136.29727664, 36.10869503 ], [ 136.2971383, 36.1092578 ], [ 136.29715997, 36.10932308 ], [ 136.29724747, 36.10938808 ], [ 136.297254690000017, 36.10939087 ], [ 136.29736136, 36.10943087 ], [ 136.297532190000027, 36.10949475 ], [ 136.297685520000016, 36.10957197 ], [ 136.29772803, 36.1096428 ], [ 136.297740800000014, 36.10966392 ], [ 136.297783580000015, 36.10973503 ], [ 136.29783497, 36.10982003 ], [ 136.29800112, 36.11009613 ], [ 136.298043330000013, 36.11016613 ], [ 136.29808917, 36.11024253 ], [ 136.29810555, 36.11026947 ], [ 136.29815278, 36.11034808 ], [ 136.2984375, 36.11085141 ], [ 136.298530270000015, 36.11107364 ], [ 136.29854167, 36.11110141 ], [ 136.298620270000015, 36.11128975 ], [ 136.29867139000001, 36.11154447 ], [ 136.298262500000021, 36.11179336 ], [ 136.29770027, 36.11219031 ], [ 136.29758805, 36.11227475 ], [ 136.297386110000019, 36.11242697 ], [ 136.297298610000013, 36.11248613 ], [ 136.29634944, 36.11300169 ], [ 136.29416667000001, 36.1136178 ], [ 136.29388942, 36.11312003 ], [ 136.29215664000003, 36.11345033 ], [ 136.29252975, 36.11419047 ], [ 136.29171525000001, 36.1144542 ], [ 136.29224075, 36.11541978 ], [ 136.291668890000011, 36.11560123 ], [ 136.291666670000012, 36.11560192 ], [ 136.29040419, 36.11600253 ], [ 136.289906910000013, 36.11509587 ], [ 136.289844970000019, 36.11500975 ], [ 136.289670250000029, 36.11506808 ], [ 136.28927525, 36.1151992 ], [ 136.288864470000021, 36.11447123 ], [ 136.28712192, 36.11503336 ], [ 136.287083310000014, 36.11495559 ], [ 136.2865883, 36.11395697 ], [ 136.28655219, 36.1138842 ], [ 136.28679331, 36.11379531 ], [ 136.286782870000025, 36.11376814 ], [ 136.286336740000024, 36.11291864 ], [ 136.286851720000016, 36.1126932 ], [ 136.28675453, 36.11249539 ], [ 136.287256360000015, 36.11228697 ], [ 136.287180170000028, 36.11165531 ], [ 136.28712891, 36.11105767 ], [ 136.28400222, 36.1111555 ], [ 136.284002190000024, 36.11208497 ], [ 136.283973310000022, 36.11226575 ], [ 136.28393914000003, 36.11239613 ], [ 136.283933860000019, 36.11261239 ], [ 136.284364810000028, 36.11329295 ], [ 136.28463542, 36.11373317 ], [ 136.285076740000022, 36.11476475 ], [ 136.28453289, 36.11492431 ], [ 136.28490331, 36.11574103 ], [ 136.28466423, 36.1158155 ], [ 136.28505569, 36.11659392 ], [ 136.285082190000026, 36.11666614 ], [ 136.285082390000014, 36.11666667 ], [ 136.285105620000024, 36.11673003 ], [ 136.28488053, 36.11684587 ], [ 136.28517886, 36.11760197 ], [ 136.28523109, 36.11773447 ], [ 136.284595810000013, 36.1179478 ], [ 136.284911360000024, 36.11862641 ], [ 136.28520167, 36.11925086 ], [ 136.28534027, 36.11952364 ], [ 136.285303890000023, 36.11957087 ], [ 136.285193330000027, 36.11960169 ], [ 136.283593330000031, 36.12004867 ], [ 136.28333555, 36.12012064 ], [ 136.28333333, 36.12012125 ], [ 136.28331083, 36.12012756 ], [ 136.28217192, 36.12044144 ], [ 136.28111358000001, 36.12074367 ], [ 136.28048691, 36.12089756 ], [ 136.280485520000013, 36.12089784 ], [ 136.280131360000013, 36.12085505 ], [ 136.279843020000015, 36.12082061 ], [ 136.280054690000014, 36.12032311 ], [ 136.280100660000016, 36.120174 ], [ 136.280127760000028, 36.12008617 ], [ 136.280237200000016, 36.11972478 ], [ 136.280529420000022, 36.11860533 ], [ 136.28073025, 36.117627 ], [ 136.280927640000016, 36.11666667 ], [ 136.280927760000026, 36.11666617 ], [ 136.280960250000021, 36.11650811 ], [ 136.28109163000002, 36.11583284 ], [ 136.28111859, 36.11555533 ], [ 136.28113525, 36.11538256 ], [ 136.281209690000026, 36.115142 ], [ 136.281216350000022, 36.11511977 ], [ 136.281263860000024, 36.11496589 ], [ 136.281244970000017, 36.11477839 ], [ 136.28133969000001, 36.11422172 ], [ 136.28136942, 36.11349867 ], [ 136.28069747, 36.11350478 ], [ 136.280646350000012, 36.11348089 ], [ 136.280617200000023, 36.11338617 ], [ 136.28066608, 36.11196228 ], [ 136.277478, 36.11153811 ], [ 136.27716411, 36.11147867 ], [ 136.27695995, 36.11144923 ], [ 136.276675230000023, 36.11144923 ], [ 136.27640494000002, 36.11143144 ], [ 136.276171340000019, 36.11139589 ], [ 136.276032720000018, 36.11134256 ], [ 136.275726060000011, 36.11130117 ], [ 136.27566022000002, 36.1112595 ], [ 136.27564523, 36.11121839 ], [ 136.275492440000022, 36.11080339 ], [ 136.275207450000011, 36.11074422 ], [ 136.27562384, 36.10930478 ], [ 136.275222440000022, 36.10925728 ], [ 136.275002170000022, 36.10925017 ], [ 136.275, 36.10925008 ], [ 136.274492440000017, 36.10923367 ], [ 136.274587170000018, 36.10859978 ], [ 136.274558, 36.10846922 ], [ 136.274463, 36.10839228 ], [ 136.274342, 36.10833333 ], [ 136.27434097, 36.10833284 ], [ 136.27417105, 36.10825005 ], [ 136.27403328, 36.10812367 ], [ 136.273806060000027, 36.10762228 ], [ 136.27369662000001, 36.10735589 ], [ 136.27367467000002, 36.10724922 ], [ 136.27359438, 36.10720756 ], [ 136.27338272, 36.10717811 ], [ 136.273098, 36.10717228 ], [ 136.273010510000034, 36.1071545 ], [ 136.27290105, 36.10703005 ], [ 136.272733, 36.10685228 ], [ 136.272366330000011, 36.10641061 ], [ 136.271908, 36.10590423 ], [ 136.271739920000016, 36.10568533 ], [ 136.271514090000011, 36.10545423 ], [ 136.27114881, 36.10514617 ], [ 136.271039360000032, 36.10496839 ], [ 136.270477130000017, 36.10442922 ], [ 136.2702727, 36.10421005 ], [ 136.270148520000021, 36.10412117 ], [ 136.269969920000023, 36.10407256 ], [ 136.26939214, 36.10414533 ], [ 136.26925158, 36.10416311 ], [ 136.269198250000017, 36.10417089 ], [ 136.268338520000015, 36.10429367 ], [ 136.26784852, 36.10437505 ], [ 136.26705769, 36.10453784 ], [ 136.26666881, 36.10462141 ], [ 136.26666667, 36.10462189 ], [ 136.265776860000017, 36.10481311 ], [ 136.265391850000015, 36.10490953 ], [ 136.264746860000031, 36.10507064 ], [ 136.264446300000031, 36.10512953 ], [ 136.264134360000014, 36.10517008 ], [ 136.26375575, 36.10519731 ], [ 136.2633827, 36.10522397 ], [ 136.26306519, 36.10523759 ], [ 136.26253409, 36.10522092 ], [ 136.2624863, 36.10521953 ], [ 136.261973800000021, 36.10522397 ], [ 136.261205470000021, 36.10517897 ], [ 136.260876860000025, 36.1051562 ], [ 136.260225470000023, 36.10509313 ], [ 136.26013409, 36.10507953 ], [ 136.259793530000024, 36.10502841 ], [ 136.259651850000012, 36.10500731 ], [ 136.259278810000012, 36.10494814 ], [ 136.2589002, 36.10492564 ], [ 136.25833547000002, 36.10490141 ], [ 136.258333330000028, 36.10490133 ], [ 136.258265470000026, 36.10489841 ], [ 136.257892410000011, 36.10488953 ], [ 136.257691850000015, 36.10489397 ], [ 136.2574802, 36.10492092 ], [ 136.2571627, 36.10491647 ], [ 136.25693464, 36.10492092 ], [ 136.256856590000012, 36.10494369 ], [ 136.256778810000014, 36.10505675 ], [ 136.256772970000014, 36.10513341 ], [ 136.25681185000002, 36.10528703 ], [ 136.25683992, 36.10578425 ], [ 136.25681769, 36.10595092 ], [ 136.2567563, 36.10604592 ], [ 136.256644920000014, 36.10611369 ], [ 136.25596575, 36.10629453 ], [ 136.255793260000019, 36.1063398 ], [ 136.255564920000012, 36.10635313 ], [ 136.255080470000024, 36.10633064 ], [ 136.254774090000012, 36.1063262 ], [ 136.254490190000013, 36.1063398 ], [ 136.254139360000011, 36.10638925 ], [ 136.253721580000018, 36.10647064 ], [ 136.25366075, 36.10650647 ], [ 136.25366075, 36.10655759 ], [ 136.25366047, 36.10660147 ], [ 136.25367158, 36.10668731 ], [ 136.253716030000021, 36.10687703 ], [ 136.253925190000018, 36.10753703 ], [ 136.25406131, 36.1079662 ], [ 136.25414992, 36.10824397 ], [ 136.254178220000028, 36.10833286 ], [ 136.254178390000021, 36.10833333 ], [ 136.254484360000021, 36.10929425 ], [ 136.254490190000013, 36.10931259 ], [ 136.25453436, 36.10940369 ], [ 136.254573530000016, 36.10948425 ], [ 136.25457825, 36.10951786 ], [ 136.254596030000016, 36.10964231 ], [ 136.254641030000016, 36.10982508 ], [ 136.254702410000021, 36.11007453 ], [ 136.254746300000022, 36.11025231 ], [ 136.25475409, 36.11027036 ], [ 136.25482992000002, 36.11044203 ], [ 136.25485214, 36.11056869 ], [ 136.255019080000011, 36.11116925 ], [ 136.255124920000014, 36.11139536 ], [ 136.255224940000033, 36.1118698 ], [ 136.25529355, 36.11211564 ], [ 136.25533078, 36.11224925 ], [ 136.255431050000027, 36.11238953 ], [ 136.25545883, 36.11252953 ], [ 136.25550883, 36.11275536 ], [ 136.25551438, 36.1129498 ], [ 136.255475500000017, 36.11316203 ], [ 136.25533078, 36.11338341 ], [ 136.25513577000001, 36.11359564 ], [ 136.254918560000021, 36.11377203 ], [ 136.254612720000011, 36.11397064 ], [ 136.25432856, 36.11415147 ], [ 136.25421577, 36.11422203 ], [ 136.25413384, 36.11427341 ], [ 136.25410022, 36.11433231 ], [ 136.254078, 36.11445869 ], [ 136.254072720000011, 36.11455647 ], [ 136.254066890000018, 36.11466647 ], [ 136.25405577, 36.1149062 ], [ 136.254023, 36.11513786 ], [ 136.254000220000023, 36.11529897 ], [ 136.25401134, 36.11556092 ], [ 136.25401467, 36.11561592 ], [ 136.2540155, 36.11562703 ], [ 136.2540155, 36.11562814 ], [ 136.254019100000022, 36.11568536 ], [ 136.254023550000028, 36.11575286 ], [ 136.254038560000026, 36.11599453 ], [ 136.254049660000021, 36.11616897 ], [ 136.25405577, 36.11626592 ], [ 136.253996420000021, 36.1166662 ], [ 136.25399633, 36.11666667 ], [ 136.253962550000011, 36.11689467 ], [ 136.253964250000024, 36.11738064 ], [ 136.25397591, 36.11812728 ], [ 136.25423927, 36.11827764 ], [ 136.25432156, 36.11850031 ], [ 136.25440355, 36.11868813 ], [ 136.25445086, 36.11878192 ], [ 136.25463898000001, 36.11882759 ], [ 136.254796500000026, 36.11886567 ], [ 136.25485189, 36.11896341 ], [ 136.25502438, 36.11904008 ], [ 136.25520272, 36.11913953 ], [ 136.255280780000021, 36.11922536 ], [ 136.255341890000011, 36.11933397 ], [ 136.255392170000022, 36.11946036 ], [ 136.255392170000022, 36.11956897 ], [ 136.255358560000019, 36.11963675 ], [ 136.255252720000016, 36.11970453 ], [ 136.25491883, 36.11988036 ], [ 136.254863, 36.11994814 ], [ 136.25479633, 36.1200398 ], [ 136.254790510000021, 36.12004759 ], [ 136.254696060000015, 36.12016953 ], [ 136.25459577, 36.12030064 ], [ 136.25453438, 36.12044536 ], [ 136.254456620000013, 36.12074341 ], [ 136.254350800000026, 36.12129925 ], [ 136.25423942, 36.12216675 ], [ 136.254230800000016, 36.12229592 ], [ 136.25420581, 36.12266369 ], [ 136.25420581, 36.12288064 ], [ 136.254105810000027, 36.12359897 ], [ 136.254066640000019, 36.12364869 ], [ 136.25349302, 36.12364841 ], [ 136.25311442, 36.12357175 ], [ 136.252919690000027, 36.12349925 ], [ 136.252758300000011, 36.12347675 ], [ 136.252552190000017, 36.12346787 ], [ 136.25211803, 36.12345425 ], [ 136.25186747, 36.1233998 ], [ 136.25181163000002, 36.12332759 ], [ 136.25178969000001, 36.12327036 ], [ 136.251739140000012, 36.12313786 ], [ 136.251700250000027, 36.12299314 ], [ 136.25163914, 36.12285314 ], [ 136.251533310000013, 36.12260036 ], [ 136.251444140000018, 36.12248731 ], [ 136.251115520000013, 36.12246925 ], [ 136.25093192, 36.12241953 ], [ 136.250831630000022, 36.12233369 ], [ 136.250759140000014, 36.12223453 ], [ 136.25072053, 36.1220898 ], [ 136.250664700000016, 36.12162897 ], [ 136.25062022, 36.1214662 ], [ 136.25051438, 36.12138925 ], [ 136.250403870000014, 36.12133295 ], [ 136.25021114, 36.12130947 ], [ 136.250002170000016, 36.12129572 ], [ 136.25, 36.12129559 ], [ 136.249728440000013, 36.12127772 ], [ 136.24966022000001, 36.12108031 ], [ 136.24952328, 36.12101897 ], [ 136.249361610000022, 36.12099175 ], [ 136.24914438, 36.1209512 ], [ 136.24902745, 36.12090147 ], [ 136.248904940000017, 36.1207748 ], [ 136.248783550000013, 36.12068203 ], [ 136.24862134, 36.12055787 ], [ 136.24847105, 36.12044036 ], [ 136.24821467000001, 36.12031841 ], [ 136.248164670000023, 36.1202598 ], [ 136.248109100000022, 36.1199298 ], [ 136.248106620000016, 36.11990731 ], [ 136.248075500000027, 36.11961814 ], [ 136.248075500000027, 36.11830786 ], [ 136.247096060000018, 36.11825369 ], [ 136.24559105, 36.1182062 ], [ 136.24559577, 36.11866925 ], [ 136.245570220000019, 36.11946341 ], [ 136.24558411000001, 36.12026869 ], [ 136.245592720000019, 36.12065508 ], [ 136.24559577, 36.1207898 ], [ 136.24550523000002, 36.12078397 ], [ 136.24501577, 36.12075953 ], [ 136.24499384, 36.1207612 ], [ 136.24490717, 36.12076759 ], [ 136.24481633, 36.12077453 ], [ 136.24421328, 36.12074453 ], [ 136.24377966, 36.12072008 ], [ 136.24292828, 36.12071064 ], [ 136.242271890000012, 36.12059008 ], [ 136.24189633, 36.12050731 ], [ 136.24166883, 36.12043989 ], [ 136.24166667, 36.12043925 ], [ 136.241318830000012, 36.1203362 ], [ 136.241021890000013, 36.12024953 ], [ 136.240773550000029, 36.12019314 ], [ 136.24057633000001, 36.12011425 ], [ 136.240270220000014, 36.12003508 ], [ 136.239692720000022, 36.11989203 ], [ 136.239256610000012, 36.11977341 ], [ 136.23899911, 36.11969647 ], [ 136.238734670000014, 36.12008175 ], [ 136.238349660000011, 36.11992369 ], [ 136.238349660000011, 36.11958147 ], [ 136.23819717, 36.11953203 ], [ 136.238018, 36.11947425 ], [ 136.23784856, 36.11941787 ], [ 136.237628560000019, 36.11935203 ], [ 136.23729911, 36.11926731 ], [ 136.237257450000016, 36.1191662 ], [ 136.237248, 36.11914314 ], [ 136.237264110000012, 36.11875731 ], [ 136.237169560000012, 36.11869853 ], [ 136.236675750000018, 36.11866805 ], [ 136.235533, 36.11867508 ], [ 136.23522272, 36.11865759 ], [ 136.23514717, 36.11865341 ], [ 136.234617720000017, 36.11862341 ], [ 136.234248830000013, 36.1186462 ], [ 136.23388467, 36.1186612 ], [ 136.233536610000016, 36.11875897 ], [ 136.23333550000001, 36.11881623 ], [ 136.233333330000022, 36.11881686 ], [ 136.23309355, 36.11888511 ], [ 136.23279689, 36.11893039 ], [ 136.232585770000014, 36.11899789 ], [ 136.232317170000016, 36.11907844 ], [ 136.232170510000032, 36.11912233 ], [ 136.232105500000017, 36.11913344 ], [ 136.23171577, 36.11919928 ], [ 136.23132883, 36.11928817 ], [ 136.23110105, 36.11934039 ], [ 136.23089217, 36.11941761 ], [ 136.230873840000015, 36.11954567 ], [ 136.23089217, 36.11987289 ], [ 136.230941050000013, 36.12005344 ], [ 136.23094828, 36.12019651 ], [ 136.230950220000011, 36.12023595 ], [ 136.230883, 36.12049761 ], [ 136.23080633, 36.12066123 ], [ 136.23073217000001, 36.12073095 ], [ 136.230658, 36.12078344 ], [ 136.230412170000022, 36.12084011 ], [ 136.230010780000015, 36.12086817 ], [ 136.229809100000011, 36.12086705 ], [ 136.229688560000028, 36.12086623 ], [ 136.22919217, 36.12083428 ], [ 136.2286655, 36.1207815 ], [ 136.228412720000023, 36.12073261 ], [ 136.228009110000016, 36.12071623 ], [ 136.22772606, 36.12070456 ], [ 136.227368830000017, 36.12073456 ], [ 136.227109110000015, 36.12071761 ], [ 136.226898, 36.12078733 ], [ 136.22610939, 36.12077233 ], [ 136.22500217000001, 36.12078078 ], [ 136.225, 36.12078078 ], [ 136.224944940000029, 36.12078123 ], [ 136.224450780000012, 36.12080205 ], [ 136.224172440000018, 36.12078705 ], [ 136.222996610000024, 36.12080595 ], [ 136.22265550000003, 36.12081233 ], [ 136.221676620000011, 36.12083039 ], [ 136.221203550000013, 36.12085289 ], [ 136.220869100000016, 36.12085539 ], [ 136.22074189, 36.1208565 ], [ 136.22018745, 36.12086233 ], [ 136.220011050000011, 36.12086539 ], [ 136.21957272, 36.12087344 ], [ 136.21925995, 36.12090122 ], [ 136.219146060000014, 36.12091123 ], [ 136.218802720000014, 36.12089623 ], [ 136.21859078, 36.12089677 ], [ 136.21828105, 36.12089789 ], [ 136.21780772, 36.12090928 ], [ 136.21687995, 36.12093372 ], [ 136.216722170000025, 36.12092261 ], [ 136.21666883, 36.12091284 ], [ 136.21666667, 36.12091244 ], [ 136.21631134, 36.12084733 ], [ 136.215845500000029, 36.12075511 ], [ 136.21557411, 36.12073817 ], [ 136.215230780000013, 36.1207265 ], [ 136.214896610000011, 36.12072261 ], [ 136.21445828, 36.120719 ], [ 136.21358633, 36.12067761 ], [ 136.213305500000018, 36.12065123 ], [ 136.21271411, 36.1205815 ], [ 136.212275500000032, 36.12054761 ], [ 136.211614670000017, 36.12052928 ], [ 136.211609660000022, 36.120529 ], [ 136.210941890000015, 36.12050261 ], [ 136.210141610000022, 36.12048761 ], [ 136.20973328, 36.12046317 ], [ 136.209522170000014, 36.12048178 ], [ 136.20944105, 36.12053456 ], [ 136.20913022000002, 36.12073956 ], [ 136.20852022, 36.12114039 ], [ 136.208335500000032, 36.12126311 ], [ 136.208333330000016, 36.12126456 ], [ 136.207520510000023, 36.12180456 ], [ 136.206743280000012, 36.12230511 ], [ 136.206506890000014, 36.12223539 ], [ 136.20631577, 36.12217456 ], [ 136.20615189, 36.12212261 ], [ 136.205866610000015, 36.12206039 ], [ 136.205342170000023, 36.12192484 ], [ 136.20493633000001, 36.12180205 ], [ 136.204850780000015, 36.12177622 ], [ 136.204751050000027, 36.12168595 ], [ 136.204630220000013, 36.12157678 ], [ 136.204291610000013, 36.12127761 ], [ 136.20398078, 36.12106678 ], [ 136.203753550000016, 36.12089928 ], [ 136.20329189, 36.12088817 ], [ 136.20296467, 36.12090122 ], [ 136.20212523, 36.12097844 ], [ 136.201887450000015, 36.12100011 ], [ 136.20136438, 36.12104789 ], [ 136.200659100000024, 36.12111761 ], [ 136.20022523, 36.12114956 ], [ 136.20009189000001, 36.12112622 ], [ 136.20000217, 36.12111044 ], [ 136.2, 36.12111008 ], [ 136.19993438, 36.12109844 ], [ 136.19973384, 36.12106317 ], [ 136.199666620000016, 36.12107261 ], [ 136.199383550000022, 36.12109317 ], [ 136.199019390000018, 36.12116844 ], [ 136.19901438, 36.12116984 ], [ 136.19880189, 36.12122984 ], [ 136.198713, 36.12125511 ], [ 136.198467170000015, 36.12130761 ], [ 136.198263, 36.12136428 ], [ 136.19794078000001, 36.12150344 ], [ 136.19761577, 36.12167456 ], [ 136.19727717, 36.12184372 ], [ 136.19681577, 36.12210344 ], [ 136.19669995000001, 36.12216484 ], [ 136.195769660000025, 36.1226565 ], [ 136.195414670000019, 36.12282595 ], [ 136.19516189, 36.1229765 ], [ 136.194946890000011, 36.12309595 ], [ 136.19459577, 36.12329067 ], [ 136.194151050000016, 36.12353039 ], [ 136.194124940000023, 36.12354456 ], [ 136.19372776000003, 36.123781 ], [ 136.193459690000026, 36.12403605 ], [ 136.19319966, 36.12431595 ], [ 136.19306022, 36.12444205 ], [ 136.193053280000015, 36.12453067 ], [ 136.19305577, 36.12460011 ], [ 136.19306272, 36.12465677 ], [ 136.19309966, 36.12467178 ], [ 136.193241340000014, 36.12464317 ], [ 136.19346778000002, 36.12461241 ], [ 136.19366531, 36.12465239 ], [ 136.19382636, 36.12461811 ], [ 136.19422136, 36.12449251 ], [ 136.194220200000018, 36.12499956 ], [ 136.194220200000018, 36.125 ], [ 136.19421995, 36.12510456 ], [ 136.19423384000001, 36.12529261 ], [ 136.19415745, 36.12543956 ], [ 136.19414355, 36.12552428 ], [ 136.194122440000029, 36.12563484 ], [ 136.19411689, 36.12577011 ], [ 136.19411328000001, 36.12585511 ], [ 136.19412022, 36.12596233 ], [ 136.194164379999989, 36.12610539 ], [ 136.194185230000016, 36.126224 ], [ 136.194187450000015, 36.126459 ], [ 136.194171050000023, 36.12650456 ], [ 136.194069110000015, 36.1267865 ], [ 136.19397883, 36.12694844 ], [ 136.19390859, 36.126999 ], [ 136.193895250000025, 36.12700844 ], [ 136.193723580000011, 36.12704067 ], [ 136.19347997, 36.12703317 ], [ 136.19299745, 36.12702178 ], [ 136.19286438, 36.12701428 ], [ 136.192728280000011, 36.12700677 ], [ 136.192563580000012, 36.12716484 ], [ 136.192443020000013, 36.12737372 ], [ 136.192184700000013, 36.12778289 ], [ 136.19205331, 36.12799067 ], [ 136.19197219000003, 36.128079 ], [ 136.19186331, 36.12805651 ], [ 136.19183080000002, 36.12807511 ], [ 136.19181942, 36.12817678 ], [ 136.19182053, 36.1283615 ], [ 136.19182136, 36.12852123 ], [ 136.191851360000015, 36.12862289 ], [ 136.191835250000025, 36.12873567 ], [ 136.19180075, 36.12895092 ], [ 136.19178431, 36.12934872 ], [ 136.191850140000014, 36.13003767 ], [ 136.19190423, 36.13018803 ], [ 136.19189803, 36.13030289 ], [ 136.191786640000032, 36.1304215 ], [ 136.191668860000021, 36.13044941 ], [ 136.191666670000018, 36.13044995 ], [ 136.19165192, 36.13045344 ], [ 136.191192750000027, 36.13050984 ], [ 136.19037859, 36.13055122 ], [ 136.190258300000011, 36.13055233 ], [ 136.18992859, 36.13055511 ], [ 136.18948803, 36.13054372 ], [ 136.18879886000002, 36.13050067 ], [ 136.18846025000002, 36.13049289 ], [ 136.188142750000026, 36.13064344 ], [ 136.187725250000028, 36.13080733 ], [ 136.18723645, 36.13100464 ], [ 136.186730900000015, 36.1312178 ], [ 136.186394670000027, 36.13135675 ], [ 136.18588202, 36.13156797 ], [ 136.185611670000014, 36.13169547 ], [ 136.184391340000019, 36.13219605 ], [ 136.183335520000014, 36.13263961 ], [ 136.183333330000011, 36.13264056 ], [ 136.182343670000023, 36.13305631 ], [ 136.18163759, 36.13333289 ], [ 136.18163647, 36.13333333 ], [ 136.18133691, 36.13345067 ], [ 136.181122190000025, 36.13346678 ], [ 136.181061090000014, 36.13347123 ], [ 136.180841360000016, 36.13348428 ], [ 136.18066331, 36.13349511 ], [ 136.180527470000015, 36.13350317 ], [ 136.18005803, 36.13353039 ], [ 136.179802750000022, 36.13354511 ], [ 136.179780530000016, 36.1335465 ], [ 136.17939302, 36.133569 ], [ 136.179232190000022, 36.13358233 ], [ 136.17859747, 36.13363456 ], [ 136.17795442000002, 36.133674 ], [ 136.17782969000001, 36.13368177 ], [ 136.17781109, 36.13369677 ], [ 136.177815810000027, 36.13406761 ], [ 136.177839140000032, 36.13422733 ], [ 136.17780414, 36.13498761 ], [ 136.177815840000022, 36.13521539 ], [ 136.17774639000001, 36.13551067 ], [ 136.17763944, 36.13593956 ], [ 136.17760694, 36.136109 ], [ 136.177553610000018, 36.136299 ], [ 136.177472500000022, 36.136489 ], [ 136.17727306, 36.13693122 ], [ 136.177063890000028, 36.13735261 ], [ 136.17682278, 36.13773817 ], [ 136.176672500000024, 36.13793484 ], [ 136.176595280000015, 36.13803567 ], [ 136.17657222, 36.138059 ], [ 136.176455840000017, 36.13817705 ], [ 136.17625, 36.13838567 ], [ 136.176006390000026, 36.13863011 ], [ 136.175745280000029, 36.13885539 ], [ 136.175644450000021, 36.13894261 ], [ 136.17536139, 36.13916095 ], [ 136.17505306000001, 36.13941261 ], [ 136.17500222000001, 36.13944105 ], [ 136.175, 36.13944231 ], [ 136.17454501, 36.13969677 ], [ 136.17429973, 36.13982289 ], [ 136.17408333000003, 36.139934 ], [ 136.17378639, 36.14009205 ], [ 136.17326222, 36.14034233 ], [ 136.17279111000002, 36.14057011 ], [ 136.172266940000014, 36.14082177 ], [ 136.17179834, 36.14104956 ], [ 136.17146917, 36.14120372 ], [ 136.170993610000011, 36.14143539 ], [ 136.170490660000013, 36.14166623 ], [ 136.170489730000014, 36.14166667 ], [ 136.170411390000027, 36.14170261 ], [ 136.16987083, 36.14199595 ], [ 136.16930944, 36.14232705 ], [ 136.168887220000016, 36.14259233 ], [ 136.168451120000014, 36.14287067 ], [ 136.16808475000002, 36.14310595 ], [ 136.167854190000014, 36.1432815 ], [ 136.167555580000027, 36.14350872 ], [ 136.16705475, 36.14391872 ], [ 136.16679475, 36.144154 ], [ 136.166668910000027, 36.1442765 ], [ 136.166666670000012, 36.14427869 ], [ 136.166470030000028, 36.14447011 ], [ 136.166193920000012, 36.14480677 ], [ 136.165957250000019, 36.14510233 ], [ 136.16577419, 36.14537511 ], [ 136.1655792, 36.145674 ], [ 136.165396140000013, 36.14599205 ], [ 136.16522752, 36.14632123 ], [ 136.165085030000029, 36.14659984 ], [ 136.165003920000032, 36.14678623 ], [ 136.164931970000026, 36.14705705 ], [ 136.16479752, 36.14745789 ], [ 136.164670030000025, 36.14790539 ], [ 136.164576980000021, 36.14822928 ], [ 136.16453253, 36.14839233 ], [ 136.16440781, 36.14884817 ], [ 136.16430531, 36.14933761 ], [ 136.164254470000031, 36.14974567 ], [ 136.16421306, 36.14999956 ], [ 136.164212970000023, 36.15 ], [ 136.16417228, 36.15024928 ], [ 136.16410117, 36.15066956 ], [ 136.164045620000024, 36.15107984 ], [ 136.163997560000013, 36.15147039 ], [ 136.163973670000019, 36.15166511 ], [ 136.16389005000002, 36.15237789 ], [ 136.163776160000026, 36.15315317 ], [ 136.163720610000013, 36.15346733 ], [ 136.16364866, 36.15396567 ], [ 136.163560610000019, 36.15453456 ], [ 136.163558110000025, 36.15455095 ], [ 136.163488660000013, 36.15490678 ], [ 136.163277560000012, 36.15558789 ], [ 136.16306645, 36.15624622 ], [ 136.16288314, 36.15672233 ], [ 136.162632310000021, 36.15736761 ], [ 136.16242341, 36.1577965 ], [ 136.162300640000012, 36.15808817 ], [ 136.162159200000019, 36.15833289 ], [ 136.162158910000016, 36.15833333 ], [ 136.162108140000015, 36.15842122 ], [ 136.16189925, 36.15878456 ], [ 136.161609250000026, 36.15921344 ], [ 136.161377300000026, 36.15954844 ], [ 136.16124647, 36.15974178 ], [ 136.161032580000011, 36.160059 ], [ 136.1610037, 36.1601015 ], [ 136.160804250000012, 36.16037789 ], [ 136.16044258, 36.16084289 ], [ 136.16007564, 36.16127872 ], [ 136.160038690000022, 36.16132261 ], [ 136.159785910000011, 36.16160261 ], [ 136.15945202, 36.161934 ], [ 136.15917815, 36.16219928 ], [ 136.158811750000012, 36.162504 ], [ 136.158428970000017, 36.16285984 ], [ 136.158335640000018, 36.1629408 ], [ 136.15833333, 36.1629428 ], [ 136.15803231000001, 36.163204 ], [ 136.15781175, 36.16341122 ], [ 136.15747092, 36.16367067 ], [ 136.15719008, 36.16387011 ], [ 136.156733450000019, 36.16416177 ], [ 136.15620678, 36.16439872 ], [ 136.155735940000028, 36.1646265 ], [ 136.155200120000018, 36.16486539 ], [ 136.15507484, 36.16491872 ], [ 136.15487761, 36.16500289 ], [ 136.15435095, 36.16523789 ], [ 136.15390317, 36.16544123 ], [ 136.153541500000017, 36.16564623 ], [ 136.15337205, 36.16573817 ], [ 136.15331455, 36.16576928 ], [ 136.15280372, 36.16604677 ], [ 136.152488440000013, 36.16625011 ], [ 136.1521265, 36.16647595 ], [ 136.152017890000025, 36.16656011 ], [ 136.151881120000013, 36.16666623 ], [ 136.15188053, 36.16666667 ], [ 136.15181345000002, 36.16671872 ], [ 136.15155372000001, 36.16689567 ], [ 136.151166860000018, 36.16666667 ], [ 136.15116611000002, 36.16666623 ], [ 136.151133720000018, 36.16664705 ], [ 136.150270390000031, 36.16613761 ], [ 136.15012927, 36.16605428 ], [ 136.150002340000015, 36.16597684 ], [ 136.15, 36.16597541 ], [ 136.149719, 36.165804 ], [ 136.14944983, 36.16564067 ], [ 136.14929733, 36.16552289 ], [ 136.149104250000022, 36.16537344 ], [ 136.14898815, 36.16525678 ], [ 136.148911750000025, 36.16514956 ], [ 136.148913970000024, 36.16507233 ], [ 136.14894175, 36.16499151 ], [ 136.149152870000023, 36.164779 ], [ 136.149159810000015, 36.16474511 ], [ 136.14914815, 36.16468677 ], [ 136.149037030000017, 36.16458511 ], [ 136.14889064, 36.16445151 ], [ 136.14862869000001, 36.16429705 ], [ 136.14854564, 36.16424789 ], [ 136.14853341, 36.16424067 ], [ 136.148487030000013, 36.16417844 ], [ 136.14851144, 36.1641332 ], [ 136.14853997, 36.1641002 ], [ 136.148616080000011, 36.16403308 ], [ 136.14868397, 36.1639765 ], [ 136.1487792, 36.16387356 ], [ 136.14807514, 36.16379984 ], [ 136.147880750000013, 36.16379433 ], [ 136.14788008, 36.16341256 ], [ 136.14739258, 36.16341095 ], [ 136.14694481, 36.16339761 ], [ 136.1467337, 36.16339761 ], [ 136.14607953, 36.16338261 ], [ 136.145504530000011, 36.16337705 ], [ 136.14494536, 36.16336372 ], [ 136.14424008, 36.16335067 ], [ 136.14358119000002, 36.16333928 ], [ 136.143371750000028, 36.16333456 ], [ 136.142651480000012, 36.16331872 ], [ 136.14202258, 36.16330178 ], [ 136.141668970000012, 36.163291 ], [ 136.14166667, 36.16329092 ], [ 136.14140341, 36.16328289 ], [ 136.14049703, 36.16326261 ], [ 136.14014397, 36.16325456 ], [ 136.13973564, 36.16323761 ], [ 136.139494250000013, 36.16324344 ], [ 136.13951064, 36.16264123 ], [ 136.13924148000001, 36.16264123 ], [ 136.139215910000019, 36.16322817 ], [ 136.138738140000015, 36.1632365 ], [ 136.138239530000021, 36.16324511 ], [ 136.1382073, 36.16326789 ], [ 136.138194810000016, 36.16396789 ], [ 136.138192870000012, 36.16407872 ], [ 136.13815815000001, 36.16517928 ], [ 136.13815175000002, 36.165419 ], [ 136.13811881, 36.16666623 ], [ 136.13811881, 36.16666667 ], [ 136.13811647, 36.16675428 ], [ 136.138111190000018, 36.16686817 ], [ 136.13808591, 36.16742623 ], [ 136.13806205, 36.16818761 ], [ 136.138052890000012, 36.16828456 ], [ 136.13804234, 36.16839456 ], [ 136.137810660000014, 36.16839151 ], [ 136.137810660000014, 36.16853484 ], [ 136.137802890000017, 36.16890123 ], [ 136.13781789, 36.16901872 ], [ 136.137819830000012, 36.16903511 ], [ 136.137829830000015, 36.16911456 ], [ 136.137830390000033, 36.16911789 ], [ 136.13807623, 36.16911261 ], [ 136.13813289, 36.1691115 ], [ 136.138937890000022, 36.16909872 ], [ 136.13963289000003, 36.16908261 ], [ 136.13988817, 36.16908261 ], [ 136.13988733, 36.1690965 ], [ 136.139883990000016, 36.16914317 ], [ 136.139878440000018, 36.16916261 ], [ 136.139872890000021, 36.16918123 ], [ 136.13985261000002, 36.1692515 ], [ 136.139727060000013, 36.1695415 ], [ 136.139669270000013, 36.16975705 ], [ 136.139709830000015, 36.17027484 ], [ 136.13967150000002, 36.17045789 ], [ 136.13952455, 36.17062233 ], [ 136.139467060000015, 36.17082623 ], [ 136.139370950000028, 36.17107511 ], [ 136.13919844000003, 36.171509 ], [ 136.13913872, 36.17171317 ], [ 136.13911761, 36.17183928 ], [ 136.13907484, 36.17202261 ], [ 136.139051500000022, 36.17208484 ], [ 136.13881706, 36.17208817 ], [ 136.13818409000001, 36.1720808 ], [ 136.13803669, 36.17207728 ], [ 136.13804086, 36.17200361 ], [ 136.138071780000018, 36.17152123 ], [ 136.138080120000012, 36.171439 ], [ 136.13809095000002, 36.17132928 ], [ 136.138116500000024, 36.17105956 ], [ 136.138140390000018, 36.17078428 ], [ 136.13814844, 36.17069317 ], [ 136.13819122000001, 36.17034039 ], [ 136.138203990000022, 36.17013123 ], [ 136.13814317, 36.17003067 ], [ 136.13809095000002, 36.16994456 ], [ 136.13788872, 36.16991511 ], [ 136.13745817, 36.16987205 ], [ 136.13684261, 36.16984095 ], [ 136.136659560000027, 36.16983039 ], [ 136.13651538000002, 36.16981531 ], [ 136.136383060000014, 36.16980089 ], [ 136.136135380000013, 36.16975705 ], [ 136.135576500000013, 36.16965705 ], [ 136.135530390000014, 36.16963372 ], [ 136.135495670000012, 36.16961623 ], [ 136.135382890000017, 36.16955872 ], [ 136.13531706, 36.16952539 ], [ 136.135275380000024, 36.16948623 ], [ 136.13525956, 36.1694715 ], [ 136.135055110000025, 36.16928011 ], [ 136.134772890000022, 36.16901733 ], [ 136.134367030000021, 36.16863956 ], [ 136.134062310000019, 36.16833539 ], [ 136.13423370000001, 36.16820539 ], [ 136.134035080000018, 36.16799872 ], [ 136.13360842, 36.16759567 ], [ 136.13348202, 36.16744928 ], [ 136.13362759, 36.16734623 ], [ 136.13378674, 36.16723317 ], [ 136.133724810000018, 36.16714567 ], [ 136.133673970000018, 36.167074 ], [ 136.133335640000013, 36.16675892 ], [ 136.133333330000028, 36.16675675 ], [ 136.133236590000024, 36.16666667 ], [ 136.133236110000013, 36.16666623 ], [ 136.133168690000019, 36.16660344 ], [ 136.13237397, 36.16584011 ], [ 136.13239202, 36.16579428 ], [ 136.132624530000015, 36.16563317 ], [ 136.132832310000026, 36.16549595 ], [ 136.132702310000013, 36.16535761 ], [ 136.1325773, 36.16522484 ], [ 136.132482310000029, 36.16516261 ], [ 136.132022310000025, 36.16467761 ], [ 136.131891190000033, 36.16455289 ], [ 136.1317062, 36.16454928 ], [ 136.131175910000024, 36.16400733 ], [ 136.131024530000019, 36.16384456 ], [ 136.130099250000029, 36.16449817 ], [ 136.12998703, 36.16439511 ], [ 136.129724810000027, 36.164154 ], [ 136.129383970000021, 36.16382428 ], [ 136.129214530000013, 36.16366317 ], [ 136.129428970000021, 36.16353317 ], [ 136.129449250000022, 36.163504 ], [ 136.128857830000015, 36.16289039 ], [ 136.12863034, 36.162669 ], [ 136.12864144, 36.16263956 ], [ 136.12882645000002, 36.16250984 ], [ 136.129212560000013, 36.16224622 ], [ 136.12936367, 36.1621215 ], [ 136.12938311000002, 36.16210511 ], [ 136.12947645, 36.16202817 ], [ 136.129485330000023, 36.16202095 ], [ 136.130060900000018, 36.16210344 ], [ 136.130220340000022, 36.16212539 ], [ 136.13042672, 36.16215372 ], [ 136.13058005000002, 36.16217484 ], [ 136.130606160000013, 36.16208705 ], [ 136.13061005000003, 36.16207372 ], [ 136.130646720000016, 36.16195095 ], [ 136.130688390000017, 36.16181039 ], [ 136.13078117, 36.1613565 ], [ 136.13083533, 36.16123372 ], [ 136.130943660000014, 36.16084857 ], [ 136.13101488, 36.16060803 ], [ 136.129793980000017, 36.16036977 ], [ 136.129824230000025, 36.16026511 ], [ 136.129871720000011, 36.16008595 ], [ 136.129932560000015, 36.15990289 ], [ 136.130345620000014, 36.15864511 ], [ 136.130206160000029, 36.1586265 ], [ 136.129807559999989, 36.15857289 ], [ 136.12978616, 36.15857011 ], [ 136.129639489999988, 36.15852067 ], [ 136.12927839, 36.15844733 ], [ 136.128921720000022, 36.15836317 ], [ 136.12882922, 36.15834123 ], [ 136.12878486, 36.15833333 ], [ 136.128782410000014, 36.15833289 ], [ 136.128057, 36.15820372 ], [ 136.127608110000011, 36.15813233 ], [ 136.127565730000015, 36.15831434 ], [ 136.127561410000027, 36.15833289 ], [ 136.12756131, 36.15833333 ], [ 136.127540340000024, 36.15842344 ], [ 136.12753826, 36.15843708 ], [ 136.127116840000014, 36.15835118 ], [ 136.127095950000012, 36.15833333 ], [ 136.12707126, 36.15831223 ], [ 136.12664895, 36.15820372 ], [ 136.12649117, 36.15818095 ], [ 136.12636895, 36.15816344 ], [ 136.125818110000012, 36.15804456 ], [ 136.12561728, 36.15799705 ], [ 136.12549311, 36.15797678 ], [ 136.125366720000017, 36.15830456 ], [ 136.12532601, 36.15833289 ], [ 136.12532536, 36.15833333 ], [ 136.125256160000021, 36.1583815 ], [ 136.12521442000002, 36.15842532 ], [ 136.12518241, 36.15854288 ], [ 136.125330890000015, 36.15874872 ], [ 136.12540506, 36.15885011 ], [ 136.12552728, 36.1589515 ], [ 136.125640340000018, 36.15904539 ], [ 136.125698660000012, 36.15909372 ], [ 136.126042830000017, 36.15932956 ], [ 136.126517830000012, 36.15965539 ], [ 136.12644506, 36.15970651 ], [ 136.126118390000016, 36.15993567 ], [ 136.125840900000014, 36.16009317 ], [ 136.125712280000016, 36.15998705 ], [ 136.125660340000024, 36.1600015 ], [ 136.12554949, 36.16008205 ], [ 136.125833380000017, 36.16036844 ], [ 136.12588562000002, 36.16042095 ], [ 136.126610340000013, 36.16111123 ], [ 136.12671394, 36.16124844 ], [ 136.126650050000023, 36.16129651 ], [ 136.12656506, 36.16136011 ], [ 136.125915060000011, 36.16179039 ], [ 136.125522280000013, 36.162054 ], [ 136.125526720000011, 36.16207595 ], [ 136.125700610000024, 36.16224984 ], [ 136.125576450000011, 36.16234511 ], [ 136.12585311, 36.16259817 ], [ 136.126037, 36.16276623 ], [ 136.12579783000001, 36.16290761 ], [ 136.1255945, 36.16302789 ], [ 136.12522895, 36.16323317 ], [ 136.125002280000018, 36.16334892 ], [ 136.125, 36.16335008 ], [ 136.12475895, 36.16347317 ], [ 136.124107, 36.16380623 ], [ 136.123820610000024, 36.16393484 ], [ 136.12364645, 36.16401317 ], [ 136.122894770000016, 36.16434956 ], [ 136.12210647, 36.164729 ], [ 136.121999800000026, 36.16476677 ], [ 136.12178925, 36.16483956 ], [ 136.12158786, 36.16490984 ], [ 136.12135231000002, 36.16496011 ], [ 136.12119425000003, 36.16500344 ], [ 136.12115119, 36.16501539 ], [ 136.120990080000013, 36.16508095 ] ] ], [ [ [ 136.14983, 36.25297167 ], [ 136.149837390000016, 36.25298636 ], [ 136.14983872000002, 36.25299123 ], [ 136.149843310000023, 36.25299987 ], [ 136.15, 36.25295011 ], [ 136.150002630000017, 36.25294928 ], [ 136.15056973, 36.25276923 ], [ 136.150564250000031, 36.25275987 ], [ 136.15056292, 36.25275617 ], [ 136.150555520000012, 36.25273931 ], [ 136.150002630000017, 36.25291639 ], [ 136.15, 36.25291722 ], [ 136.14983, 36.25297167 ] ] ], [ [ [ 136.15460375, 36.25323031 ], [ 136.15463542, 36.25318169 ], [ 136.1546218, 36.25314613 ], [ 136.1546007, 36.25314503 ], [ 136.1545107, 36.25316086 ], [ 136.1544418, 36.25320475 ], [ 136.154429580000027, 36.2532278 ], [ 136.15441625, 36.2532742 ], [ 136.1544418, 36.25330808 ], [ 136.154476250000016, 36.25331559 ], [ 136.154525690000014, 36.25329725 ], [ 136.15460375, 36.25323031 ] ] ], [ [ [ 136.153287370000015, 36.25327059 ], [ 136.15322597, 36.25324364 ], [ 136.15312236, 36.25319753 ], [ 136.15307875000002, 36.25319253 ], [ 136.153024860000016, 36.25321808 ], [ 136.1530007, 36.25324613 ], [ 136.15298292, 36.25328641 ], [ 136.15297375, 36.2533192 ], [ 136.152979860000016, 36.25335808 ], [ 136.1529993, 36.25338253 ], [ 136.153042920000019, 36.25342392 ], [ 136.153024860000016, 36.25343864 ], [ 136.152975420000018, 36.25347141 ], [ 136.152954310000013, 36.25349336 ], [ 136.152951240000021, 36.25351641 ], [ 136.152948200000026, 36.25353725 ], [ 136.152921240000012, 36.25358586 ], [ 136.152916810000022, 36.2536078 ], [ 136.152934860000016, 36.25364059 ], [ 136.15294681, 36.25366003 ], [ 136.152939300000014, 36.25367975 ], [ 136.15287319, 36.25374531 ], [ 136.15285681, 36.25377836 ], [ 136.15285681, 36.25380753 ], [ 136.15287625000002, 36.25385003 ], [ 136.152900140000014, 36.25389392 ], [ 136.152954310000013, 36.25390975 ], [ 136.152997910000011, 36.25391087 ], [ 136.153051800000014, 36.25390003 ], [ 136.153131240000022, 36.25384169 ], [ 136.15318097, 36.25380864 ], [ 136.15319431, 36.25373308 ], [ 136.153200410000011, 36.25370531 ], [ 136.153249860000017, 36.25367725 ], [ 136.153285970000013, 36.25365531 ], [ 136.153299590000017, 36.25362836 ], [ 136.153307080000019, 36.2535992 ], [ 136.15337764, 36.25355059 ], [ 136.15337764, 36.25352503 ], [ 136.15335514, 36.25347503 ], [ 136.15336708000001, 36.25339225 ], [ 136.15332791, 36.25331308 ], [ 136.153287370000015, 36.25327059 ] ] ], [ [ [ 136.154201530000023, 36.25362114 ], [ 136.154255690000014, 36.25358475 ], [ 136.154284030000014, 36.25353836 ], [ 136.154276520000025, 36.25348975 ], [ 136.154248200000012, 36.25345197 ], [ 136.154198470000011, 36.25341892 ], [ 136.154135420000017, 36.25342031 ], [ 136.154104030000013, 36.25344587 ], [ 136.154085970000011, 36.25351031 ], [ 136.15406348, 36.2535128 ], [ 136.15403348000001, 36.25353475 ], [ 136.15401986, 36.25353836 ], [ 136.15398097, 36.25352753 ], [ 136.15394042, 36.25351169 ], [ 136.153844310000011, 36.25352613 ], [ 136.153754310000011, 36.25357364 ], [ 136.153770700000024, 36.25362114 ], [ 136.153791800000022, 36.25365169 ], [ 136.153833750000018, 36.25365531 ], [ 136.15390431, 36.25363836 ], [ 136.15392236, 36.25364669 ], [ 136.153954030000023, 36.25367475 ], [ 136.15398542, 36.25368808 ], [ 136.154022920000017, 36.25368808 ], [ 136.15406486, 36.25368947 ], [ 136.154111530000023, 36.25370141 ], [ 136.154175970000011, 36.25368808 ], [ 136.15420319, 36.25366753 ], [ 136.154201530000023, 36.25362114 ] ] ], [ [ [ 136.14724791, 36.25368197 ], [ 136.14723292, 36.25367253 ], [ 136.14720431, 36.25368113 ], [ 136.147178750000023, 36.25372336 ], [ 136.14718292, 36.25374669 ], [ 136.14719876, 36.2537528 ], [ 136.147230700000023, 36.25374503 ], [ 136.14724501, 36.25371036 ], [ 136.14724791, 36.25368197 ] ] ], [ [ [ 136.153689860000014, 36.25404364 ], [ 136.15372876, 36.2540742 ], [ 136.153761800000012, 36.25409613 ], [ 136.15381292, 36.25409864 ], [ 136.15389375, 36.25409475 ], [ 136.15393597, 36.25409253 ], [ 136.153949300000022, 36.2540778 ], [ 136.153950970000011, 36.25403892 ], [ 136.153910420000017, 36.25401697 ], [ 136.15377375, 36.25395113 ], [ 136.153718200000014, 36.25394141 ], [ 136.15365986, 36.25394753 ], [ 136.153650700000014, 36.2539828 ], [ 136.153689860000014, 36.25404364 ] ] ], [ [ [ 136.15324236, 36.25434336 ], [ 136.15323486, 36.25438225 ], [ 136.15324847, 36.25441641 ], [ 136.15322903, 36.25447975 ], [ 136.153247080000028, 36.25451975 ], [ 136.15329348, 36.25452725 ], [ 136.153380410000011, 36.25456864 ], [ 136.153424030000025, 36.25455641 ], [ 136.153461530000016, 36.25452586 ], [ 136.153461530000016, 36.25449308 ], [ 136.153439030000015, 36.25445641 ], [ 136.15346764, 36.25435169 ], [ 136.15345708000001, 36.25432003 ], [ 136.153415140000021, 36.25428725 ], [ 136.15338209, 36.25427503 ], [ 136.153311530000025, 36.25429447 ], [ 136.15324236, 36.25434336 ] ] ], [ [ [ 136.1474809, 36.25482744 ], [ 136.14747864, 36.2548458 ], [ 136.14747577, 36.25490803 ], [ 136.147484940000027, 36.254966 ], [ 136.14748623, 36.25498469 ], [ 136.147482170000018, 36.25500595 ], [ 136.147476300000022, 36.25502967 ], [ 136.147472280000017, 36.25504189 ], [ 136.147470030000022, 36.25505556 ], [ 136.14747, 36.25506672 ], [ 136.147473530000013, 36.25507717 ], [ 136.147481020000015, 36.255093 ], [ 136.147488110000012, 36.25510669 ], [ 136.14749384000001, 36.25511859 ], [ 136.14750092, 36.25512867 ], [ 136.147506250000021, 36.25513011 ], [ 136.147511580000014, 36.25513047 ], [ 136.147520050000026, 36.25513159 ], [ 136.147529360000021, 36.2551352 ], [ 136.147536910000014, 36.2551388 ], [ 136.14754625, 36.25514351 ], [ 136.147551560000011, 36.25515214 ], [ 136.14755728, 36.25516692 ], [ 136.147558590000017, 36.25517841 ], [ 136.14755409, 36.25519497 ], [ 136.147551850000013, 36.25519964 ], [ 136.14755051000003, 36.25520503 ], [ 136.147552280000014, 36.25521153 ], [ 136.14755980000001, 36.25522269 ], [ 136.14756377, 36.25523025 ], [ 136.14757173000001, 36.25524611 ], [ 136.14757484, 36.25525005 ], [ 136.14758151, 36.25525078 ], [ 136.147590390000033, 36.2552508 ], [ 136.147605520000013, 36.25524689 ], [ 136.147616640000024, 36.25524331 ], [ 136.147625550000015, 36.25523792 ], [ 136.147630890000016, 36.25523469 ], [ 136.14763536000001, 36.25522967 ], [ 136.14764073, 36.25522031 ], [ 136.147641610000022, 36.255216 ], [ 136.14764119000003, 36.25521061 ], [ 136.14763720000002, 36.25520592 ], [ 136.147631410000031, 36.25520484 ], [ 136.147626980000013, 36.25520339 ], [ 136.14761988, 36.25520086 ], [ 136.14761678, 36.25519617 ], [ 136.147616810000017, 36.25518897 ], [ 136.147620830000022, 36.25518105 ], [ 136.147626620000011, 36.25517567 ], [ 136.147632410000028, 36.2551728 ], [ 136.147638200000017, 36.25516959 ], [ 136.147643110000018, 36.25516456 ], [ 136.147643110000018, 36.25516275 ], [ 136.14764222, 36.25515951 ], [ 136.14763603, 36.25515408 ], [ 136.14763292, 36.25514584 ], [ 136.14763205, 36.25513969 ], [ 136.147635190000017, 36.25513072 ], [ 136.14763966000001, 36.25512172 ], [ 136.147644580000019, 36.25511453 ], [ 136.14764820000002, 36.25510159 ], [ 136.14764953, 36.2550962 ], [ 136.147651310000015, 36.25508972 ], [ 136.14765581, 36.25507967 ], [ 136.14766158, 36.2550732 ], [ 136.147666500000014, 36.25506817 ], [ 136.147669200000024, 36.25506277 ], [ 136.14766789, 36.25505414 ], [ 136.14766523, 36.25504872 ], [ 136.147661240000019, 36.25504511 ], [ 136.14765236, 36.25503897 ], [ 136.147649270000016, 36.25503322 ], [ 136.147651530000019, 36.25502136 ], [ 136.14765419, 36.25501739 ], [ 136.147662700000012, 36.25500484 ], [ 136.147664140000018, 36.2550008 ], [ 136.14768733, 36.25493722 ], [ 136.147690950000026, 36.25492103 ], [ 136.147692780000028, 36.25490269 ], [ 136.147694160000015, 36.25488577 ], [ 136.14769555, 36.2548638 ], [ 136.147695160000012, 36.25483792 ], [ 136.147698390000016, 36.25480267 ], [ 136.1476993, 36.2547915 ], [ 136.147698440000028, 36.25478322 ], [ 136.147696250000024, 36.25477961 ], [ 136.147688690000024, 36.25477097 ], [ 136.147667, 36.25474286 ], [ 136.14766036, 36.25473241 ], [ 136.14765817, 36.25471875 ], [ 136.147655970000017, 36.25470939 ], [ 136.14764888000002, 36.25469822 ], [ 136.147624940000014, 36.25467944 ], [ 136.1476125, 36.25467439 ], [ 136.147584060000014, 36.25467039 ], [ 136.14757294, 36.25466823 ], [ 136.147564500000016, 36.25466747 ], [ 136.14755428, 36.25466675 ], [ 136.147533870000018, 36.25466023 ], [ 136.14752586, 36.25465661 ], [ 136.14751834, 36.25465011 ], [ 136.147516060000015, 36.25464641 ], [ 136.14750903, 36.25463286 ], [ 136.14750769, 36.25463031 ], [ 136.147501050000017, 36.25462561 ], [ 136.147494380000012, 36.25462417 ], [ 136.147489050000019, 36.25462414 ], [ 136.147481950000014, 36.25462559 ], [ 136.14747791, 36.25462808 ], [ 136.14747703, 36.2546342 ], [ 136.14747655, 36.25464211 ], [ 136.147476250000011, 36.25464339 ], [ 136.14747319, 36.25465695 ], [ 136.14747294, 36.25465795 ], [ 136.147474690000024, 36.2546702 ], [ 136.147476420000032, 36.25469214 ], [ 136.14747947, 36.25470617 ], [ 136.14748567, 36.25471664 ], [ 136.147491850000023, 36.25472995 ], [ 136.14749538, 36.25473895 ], [ 136.14749355, 36.25475225 ], [ 136.14749131, 36.25477025 ], [ 136.147483170000015, 36.25481197 ], [ 136.1474809, 36.25482744 ] ] ], [ [ [ 136.146645910000018, 36.25590541 ], [ 136.146653920000034, 36.2559022 ], [ 136.14666148, 36.25590186 ], [ 136.14667036, 36.25590295 ], [ 136.146677470000014, 36.25590728 ], [ 136.146684110000024, 36.25591303 ], [ 136.14668988, 36.255917 ], [ 136.146705450000013, 36.25591884 ], [ 136.14671655, 36.25591741 ], [ 136.14672633, 36.25591564 ], [ 136.14677659, 36.25591572 ], [ 136.14678372, 36.25591286 ], [ 136.14679442000002, 36.25590856 ], [ 136.146804190000012, 36.25590139 ], [ 136.146812670000031, 36.25589384 ], [ 136.146841610000024, 36.25587733 ], [ 136.146855010000024, 36.25586836 ], [ 136.14686789000001, 36.25586444 ], [ 136.14688167, 36.25586013 ], [ 136.146895910000012, 36.25585764 ], [ 136.146931970000026, 36.2558498 ], [ 136.14695423, 36.25583833 ], [ 136.14696358, 36.25583186 ], [ 136.14697161, 36.25582361 ], [ 136.14698453, 36.25580997 ], [ 136.146991220000018, 36.25580495 ], [ 136.14700056, 36.25580314 ], [ 136.147011240000012, 36.25580244 ], [ 136.147020140000024, 36.25580211 ], [ 136.147028150000011, 36.25580211 ], [ 136.14703302, 36.25580323 ], [ 136.14703791, 36.25580644 ], [ 136.147040560000022, 36.25581259 ], [ 136.147041850000022, 36.25582195 ], [ 136.147041390000027, 36.25582913 ], [ 136.147043170000018, 36.25583453 ], [ 136.147048470000016, 36.25584067 ], [ 136.147059580000018, 36.25584536 ], [ 136.14707114, 36.25584431 ], [ 136.147089360000024, 36.2558418 ], [ 136.14712942, 36.25583361 ], [ 136.14719348, 36.25582077 ], [ 136.14720861, 36.25581541 ], [ 136.147217980000022, 36.25581217 ], [ 136.147224640000019, 36.25580825 ], [ 136.147230900000011, 36.25579495 ], [ 136.14723224, 36.25578956 ], [ 136.147228750000011, 36.25577513 ], [ 136.147225670000012, 36.2557622 ], [ 136.14722258, 36.25574995 ], [ 136.147221730000012, 36.25574131 ], [ 136.147221750000028, 36.25572547 ], [ 136.14722358, 36.2557082 ], [ 136.14722852, 36.25569384 ], [ 136.147234770000011, 36.25568556 ], [ 136.147247250000021, 36.2556755 ], [ 136.14728109, 36.2556565 ], [ 136.14729, 36.25564931 ], [ 136.14729581, 36.25564356 ], [ 136.14729983, 36.255636 ], [ 136.147304750000018, 36.25562344 ], [ 136.147304330000026, 36.25561336 ], [ 136.147301280000022, 36.25559967 ], [ 136.147296420000032, 36.25558528 ], [ 136.147292, 36.25557411 ], [ 136.14729158, 36.25556439 ], [ 136.147293860000019, 36.25554751 ], [ 136.147307780000034, 36.2555065 ], [ 136.1473182, 36.2554342 ], [ 136.14732139, 36.25541008 ], [ 136.14732766000003, 36.25538959 ], [ 136.14734114, 36.25534284 ], [ 136.147340730000025, 36.2553342 ], [ 136.14733852, 36.25532089 ], [ 136.14733722, 36.25531369 ], [ 136.14733547, 36.25530322 ], [ 136.147335059999989, 36.25529533 ], [ 136.14733462, 36.25528851 ], [ 136.14733508, 36.25527986 ], [ 136.147334230000013, 36.25527123 ], [ 136.14733292, 36.25526113 ], [ 136.14733161, 36.25525467 ], [ 136.147324060000017, 36.25524997 ], [ 136.147312050000011, 36.25524887 ], [ 136.147276060000024, 36.25525203 ], [ 136.14726536, 36.25525344 ], [ 136.14725825, 36.25525344 ], [ 136.147251580000017, 36.25525236 ], [ 136.147240510000017, 36.25524764 ], [ 136.147230270000023, 36.25524153 ], [ 136.14718326, 36.25520653 ], [ 136.147170390000014, 36.25519641 ], [ 136.147164190000012, 36.25518669 ], [ 136.147161110000013, 36.25517447 ], [ 136.14716202, 36.25516511 ], [ 136.147166500000026, 36.25515611 ], [ 136.147173650000013, 36.25514678 ], [ 136.14718034, 36.25514031 ], [ 136.14718837, 36.25513097 ], [ 136.14720309, 36.25510833 ], [ 136.147214750000018, 36.25507344 ], [ 136.14723397, 36.25504578 ], [ 136.14724601, 36.25502889 ], [ 136.14725761, 36.25501522 ], [ 136.147279, 36.25500089 ], [ 136.14728789000003, 36.25499731 ], [ 136.14729725, 36.25499336 ], [ 136.147303920000013, 36.25498978 ], [ 136.147310170000026, 36.25498475 ], [ 136.147316860000018, 36.25497467 ], [ 136.147319110000012, 36.25496317 ], [ 136.147320470000011, 36.25495203 ], [ 136.147315620000029, 36.25494123 ], [ 136.147313450000013, 36.25492861 ], [ 136.14731258, 36.2549178 ], [ 136.14731484, 36.25490631 ], [ 136.14731531000001, 36.25489803 ], [ 136.14731623, 36.25488759 ], [ 136.147314920000014, 36.25487392 ], [ 136.147317640000011, 36.25486133 ], [ 136.147319, 36.25485341 ], [ 136.147323, 36.25484803 ], [ 136.14733148000002, 36.25483797 ], [ 136.14733995, 36.254829 ], [ 136.14734798, 36.2548218 ], [ 136.147356910000013, 36.25480887 ], [ 136.14735472000001, 36.25479661 ], [ 136.147353, 36.25478295 ], [ 136.14735348, 36.25477217 ], [ 136.147354920000026, 36.25476869 ], [ 136.147362410000028, 36.25475095 ], [ 136.14737358, 36.25472972 ], [ 136.14737764, 36.25471536 ], [ 136.14738523, 36.25470384 ], [ 136.147391950000014, 36.25468911 ], [ 136.147397760000018, 36.2546758 ], [ 136.14740178, 36.25466431 ], [ 136.147404030000018, 36.25465997 ], [ 136.14740397, 36.25465759 ], [ 136.14740372, 36.25464405 ], [ 136.147403640000022, 36.25463947 ], [ 136.14740189, 36.25463228 ], [ 136.147401480000013, 36.25461861 ], [ 136.14740156000002, 36.25459269 ], [ 136.147397110000014, 36.25459017 ], [ 136.147352670000032, 36.25459117 ], [ 136.14735131, 36.25459836 ], [ 136.147289420000021, 36.25462344 ], [ 136.147281850000013, 36.254627 ], [ 136.14727564, 36.25462772 ], [ 136.14726808, 36.25462805 ], [ 136.1472592, 36.25462553 ], [ 136.14725608, 36.25462231 ], [ 136.147252090000023, 36.25461689 ], [ 136.147243670000023, 36.25461147 ], [ 136.147229440000018, 36.25460641 ], [ 136.14721078, 36.2546082 ], [ 136.14715562, 36.25461636 ], [ 136.147151170000029, 36.25462067 ], [ 136.14714711, 36.25463972 ], [ 136.147143090000014, 36.2546462 ], [ 136.147135500000019, 36.25465589 ], [ 136.14712791, 36.25466128 ], [ 136.14712080000001, 36.25466341 ], [ 136.147110560000016, 36.25466341 ], [ 136.14709769000001, 36.25466014 ], [ 136.14708969000003, 36.25465905 ], [ 136.14708214, 36.25465939 ], [ 136.147074550000013, 36.25466297 ], [ 136.147070120000024, 36.25466728 ], [ 136.14706608, 36.2546752 ], [ 136.147057610000019, 36.25468489 ], [ 136.14705314, 36.25468847 ], [ 136.147046030000013, 36.25469172 ], [ 136.147042020000015, 36.25469136 ], [ 136.14703759, 36.25468956 ], [ 136.1470318, 36.25468953 ], [ 136.14702467, 36.25469131 ], [ 136.147022, 36.25469311 ], [ 136.14702022, 36.25469741 ], [ 136.147018420000023, 36.25470569 ], [ 136.14701795000002, 36.25471325 ], [ 136.147018300000013, 36.25474061 ], [ 136.147019590000014, 36.25476578 ], [ 136.14701908, 36.25477659 ], [ 136.147021750000022, 36.25478414 ], [ 136.14702394, 36.25478667 ], [ 136.147028830000011, 36.25478992 ], [ 136.14703416, 36.25479461 ], [ 136.14704258, 36.25480184 ], [ 136.14704348, 36.25480723 ], [ 136.147042559999988, 36.25481333 ], [ 136.147033170000014, 36.25483705 ], [ 136.14701306, 36.25487228 ], [ 136.146990750000015, 36.25489851 ], [ 136.146969750000011, 36.25492833 ], [ 136.146951020000017, 36.25494595 ], [ 136.146922090000032, 36.25496208 ], [ 136.14690117, 36.25496853 ], [ 136.146870920000026, 36.25497351 ], [ 136.146844230000028, 36.25497705 ], [ 136.14683577, 36.25497884 ], [ 136.14682733, 36.25498097 ], [ 136.1468193, 36.254986 ], [ 136.14680594, 36.25499389 ], [ 136.146772560000016, 36.25501039 ], [ 136.14676053, 36.2550172 ], [ 136.146752500000019, 36.25502617 ], [ 136.14674803, 36.25503192 ], [ 136.14674625, 36.25503841 ], [ 136.146746230000019, 36.25504453 ], [ 136.146747080000011, 36.25505136 ], [ 136.14674839, 36.25506395 ], [ 136.146752750000019, 36.25508733 ], [ 136.146759800000012, 36.25510967 ], [ 136.146766, 36.25512192 ], [ 136.146773090000011, 36.25513056 ], [ 136.1467762, 36.2551338 ], [ 136.14677842, 36.25513814 ], [ 136.146778830000017, 36.25514353 ], [ 136.146777500000013, 36.25514714 ], [ 136.146775250000019, 36.25515217 ], [ 136.14675294, 36.25517947 ], [ 136.14674224, 36.25519061 ], [ 136.146720830000021, 36.2552082 ], [ 136.146715500000028, 36.25521431 ], [ 136.146711440000018, 36.25522436 ], [ 136.14671008000002, 36.25523408 ], [ 136.146709610000016, 36.25524417 ], [ 136.146710050000024, 36.25525208 ], [ 136.14671752000001, 36.25527944 ], [ 136.146724580000011, 36.255296 ], [ 136.14673167, 36.25530428 ], [ 136.14674234, 36.25531222 ], [ 136.146757420000029, 36.25531944 ], [ 136.146762700000011, 36.2553208 ], [ 136.14677297, 36.25532344 ], [ 136.146781410000017, 36.25532453 ], [ 136.146791630000024, 36.25532456 ], [ 136.146804090000018, 36.25532708 ], [ 136.14681163000003, 36.25532964 ], [ 136.146816520000016, 36.25533323 ], [ 136.14682095, 36.25534008 ], [ 136.14682536, 36.25535053 ], [ 136.14683856000002, 36.25540164 ], [ 136.146842530000015, 36.25541675 ], [ 136.14684781, 36.25542972 ], [ 136.146853990000011, 36.25544269 ], [ 136.146873450000015, 36.25548267 ], [ 136.14688891000003, 36.25551077 ], [ 136.14689866, 36.25552697 ], [ 136.14690442, 36.25553167 ], [ 136.146911970000019, 36.25553311 ], [ 136.14692008, 36.25553253 ], [ 136.14692667, 36.25552884 ], [ 136.146958760000018, 36.25550513 ], [ 136.146969440000021, 36.25550084 ], [ 136.14698322000001, 36.25550013 ], [ 136.146993450000025, 36.25549908 ], [ 136.14700144, 36.25549875 ], [ 136.14701034, 36.25549767 ], [ 136.147017910000017, 36.25549733 ], [ 136.14702236, 36.25549841 ], [ 136.14702589, 36.25550239 ], [ 136.14702589, 36.25550705 ], [ 136.14702409, 36.25551139 ], [ 136.147014720000016, 36.25551892 ], [ 136.146991110000016, 36.25553975 ], [ 136.146980860000014, 36.2555498 ], [ 136.146957640000011, 36.25557708 ], [ 136.14695586, 36.25557961 ], [ 136.146954530000016, 36.25558251 ], [ 136.1469545, 36.25558789 ], [ 136.146956280000012, 36.2555915 ], [ 136.14696158000001, 36.25559403 ], [ 136.146969610000014, 36.2555962 ], [ 136.146984250000031, 36.25559911 ], [ 136.14700961, 36.25559987 ], [ 136.14702205, 36.25559844 ], [ 136.14703542, 36.25559453 ], [ 136.147047860000015, 36.25558986 ], [ 136.147059440000021, 36.25558628 ], [ 136.14706433, 36.25558487 ], [ 136.147072330000015, 36.25558522 ], [ 136.14707988, 36.25558847 ], [ 136.147087860000028, 36.25559208 ], [ 136.147096300000015, 36.25559533 ], [ 136.147104750000011, 36.25559536 ], [ 136.147111, 36.25559286 ], [ 136.14711589, 36.25558856 ], [ 136.14711628, 36.25558822 ], [ 136.147125250000016, 36.255581 ], [ 136.147139970000012, 36.25556772 ], [ 136.147148890000011, 36.25556269 ], [ 136.14715689, 36.2555602 ], [ 136.14716711, 36.25555987 ], [ 136.14717689, 36.25556023 ], [ 136.14719467, 36.25556531 ], [ 136.14720445, 36.25556711 ], [ 136.147215530000011, 36.25557108 ], [ 136.14723953, 36.25558195 ], [ 136.14725372, 36.25559095 ], [ 136.14726572, 36.25559817 ], [ 136.14727148, 36.25560431 ], [ 136.147274110000012, 36.25560969 ], [ 136.147274110000012, 36.25561511 ], [ 136.14727008, 36.25562336 ], [ 136.147255840000014, 36.25563056 ], [ 136.147229110000012, 36.25564272 ], [ 136.14721978, 36.25564559 ], [ 136.147205110000016, 36.25564772 ], [ 136.14716908, 36.25565161 ], [ 136.147129030000031, 36.25565477 ], [ 136.147108590000016, 36.25565725 ], [ 136.14709302, 36.25566011 ], [ 136.14706988, 36.2556662 ], [ 136.147035620000025, 36.255678 ], [ 136.147019140000026, 36.25568336 ], [ 136.146999100000016, 36.25569267 ], [ 136.146963920000019, 36.25571205 ], [ 136.14694567, 36.25572028 ], [ 136.14692163, 36.25572817 ], [ 136.146897130000013, 36.25574108 ], [ 136.146880220000014, 36.25575075 ], [ 136.146865500000018, 36.25576584 ], [ 136.14685881, 36.25577484 ], [ 136.14685345, 36.25578272 ], [ 136.146847200000025, 36.25578884 ], [ 136.146828490000019, 36.25580031 ], [ 136.14681292, 36.25580641 ], [ 136.146798220000022, 36.25581214 ], [ 136.14678577, 36.25581572 ], [ 136.14677733, 36.25581641 ], [ 136.146764890000014, 36.25581423 ], [ 136.146743110000017, 36.25581167 ], [ 136.14672711, 36.25580984 ], [ 136.14671733, 36.2558102 ], [ 136.1467102, 36.25581233 ], [ 136.1466982, 36.25581484 ], [ 136.14669109, 36.2558148 ], [ 136.146681750000027, 36.25581156 ], [ 136.146665750000011, 36.25580505 ], [ 136.14663689, 36.2557942 ], [ 136.14661156, 36.25578839 ], [ 136.146603110000029, 36.25578875 ], [ 136.14657778000003, 36.25579087 ], [ 136.14655997, 36.25579622 ], [ 136.14654306, 36.25580375 ], [ 136.146518140000012, 36.25581341 ], [ 136.146497200000027, 36.25581987 ], [ 136.14647808, 36.25582413 ], [ 136.14646073000003, 36.25583059 ], [ 136.146450470000019, 36.25583775 ], [ 136.146444670000022, 36.25584639 ], [ 136.146441530000033, 36.25585539 ], [ 136.146438390000014, 36.25586653 ], [ 136.146433920000021, 36.25587697 ], [ 136.14643167, 36.25588486 ], [ 136.146434310000018, 36.25588739 ], [ 136.146438750000016, 36.25588847 ], [ 136.146464090000023, 36.25589644 ], [ 136.146477420000025, 36.25589756 ], [ 136.146494750000016, 36.25589939 ], [ 136.146504530000016, 36.2559012 ], [ 136.146523190000011, 36.25590447 ], [ 136.14652897000002, 36.25590411 ], [ 136.146537450000011, 36.25590125 ], [ 136.14654411, 36.25589623 ], [ 136.146549470000025, 36.25588869 ], [ 136.14655217, 36.25587861 ], [ 136.146558880000015, 36.255861 ], [ 136.14656514, 36.25585272 ], [ 136.146573610000019, 36.25584664 ], [ 136.146581170000019, 36.25584339 ], [ 136.146588720000011, 36.25584089 ], [ 136.146598970000014, 36.25584164 ], [ 136.14660075, 36.25584236 ], [ 136.146606500000019, 36.25584669 ], [ 136.146609580000018, 36.25585497 ], [ 136.146611340000021, 36.25586433 ], [ 136.14661131, 36.2558762 ], [ 136.14661039, 36.25588808 ], [ 136.14660988, 36.25590425 ], [ 136.146611630000024, 36.25591397 ], [ 136.146617420000013, 36.25591831 ], [ 136.14662365, 36.2559205 ], [ 136.146630750000014, 36.25592013 ], [ 136.14663475, 36.25591764 ], [ 136.14664012, 36.2559108 ], [ 136.146645910000018, 36.25590541 ] ] ], [ [ [ 136.147694360000031, 36.25527869 ], [ 136.147689, 36.25527941 ], [ 136.14768458, 36.25527941 ], [ 136.147677470000019, 36.25527617 ], [ 136.14767525000002, 36.2552722 ], [ 136.147674380000012, 36.25526572 ], [ 136.147673060000017, 36.25525995 ], [ 136.147670410000018, 36.25525672 ], [ 136.14766817, 36.25525636 ], [ 136.14766419, 36.25525633 ], [ 136.14765927, 36.25525959 ], [ 136.147638340000015, 36.255275 ], [ 136.14763163, 36.25528147 ], [ 136.14762986, 36.25528687 ], [ 136.147628950000012, 36.25529084 ], [ 136.14762939, 36.25529405 ], [ 136.147632500000014, 36.25529659 ], [ 136.147636060000025, 36.25529875 ], [ 136.147641830000026, 36.25530056 ], [ 136.14764492, 36.25530417 ], [ 136.147645360000013, 36.25531172 ], [ 136.14764577, 36.25531603 ], [ 136.14764711, 36.25532108 ], [ 136.14765241, 36.25532647 ], [ 136.147655970000017, 36.25532795 ], [ 136.14766397, 36.25532795 ], [ 136.14767197, 36.25532833 ], [ 136.14767508, 36.25532978 ], [ 136.147676860000018, 36.25533372 ], [ 136.147675940000028, 36.25533733 ], [ 136.147671950000017, 36.25534092 ], [ 136.14766348, 36.25534775 ], [ 136.147660340000016, 36.25535133 ], [ 136.147653670000011, 36.25535814 ], [ 136.147651850000017, 36.25536428 ], [ 136.147651390000021, 36.25537039 ], [ 136.14765361000002, 36.25537541 ], [ 136.14765628, 36.25537903 ], [ 136.147661170000021, 36.25538086 ], [ 136.147666500000014, 36.25538086 ], [ 136.147676720000021, 36.25537941 ], [ 136.147687390000016, 36.25537623 ], [ 136.14769453, 36.25537333 ], [ 136.14770341000002, 36.25537084 ], [ 136.147711890000011, 36.25536692 ], [ 136.14772348, 36.25536117 ], [ 136.14775419, 36.25534214 ], [ 136.147763990000016, 36.25533136 ], [ 136.14778139, 36.25531269 ], [ 136.147795230000014, 36.25529869 ], [ 136.14780772, 36.25528325 ], [ 136.14781664000003, 36.25526922 ], [ 136.147822890000015, 36.25525989 ], [ 136.14782781, 36.25525197 ], [ 136.14782825, 36.255248 ], [ 136.147828270000019, 36.25524189 ], [ 136.14782431, 36.25523397 ], [ 136.147817640000028, 36.25522964 ], [ 136.147782550000016, 36.25522275 ], [ 136.147771850000026, 36.255222 ], [ 136.14775097, 36.25522339 ], [ 136.14773986, 36.25522553 ], [ 136.14772739, 36.25523128 ], [ 136.14771625, 36.25523808 ], [ 136.147713580000016, 36.25524456 ], [ 136.147712190000021, 36.25525392 ], [ 136.147708170000016, 36.25526469 ], [ 136.14770239, 36.25527117 ], [ 136.147694360000031, 36.25527869 ] ] ], [ [ [ 136.14780844, 36.25534369 ], [ 136.14782309, 36.25534731 ], [ 136.147833750000018, 36.25535308 ], [ 136.14783416, 36.25535705 ], [ 136.14783372, 36.25536353 ], [ 136.14782703, 36.25536856 ], [ 136.14778428, 36.25539041 ], [ 136.14777358, 36.25540264 ], [ 136.147769110000013, 36.25540947 ], [ 136.147767300000027, 36.25541667 ], [ 136.147766830000023, 36.25542495 ], [ 136.14777039, 36.25543395 ], [ 136.147777890000015, 36.25544547 ], [ 136.147787640000018, 36.25546025 ], [ 136.14779341000002, 36.25546384 ], [ 136.14780095, 36.25546672 ], [ 136.147810310000011, 36.25546747 ], [ 136.147820530000018, 36.25546678 ], [ 136.14782986, 36.25546714 ], [ 136.14783742000003, 36.25546931 ], [ 136.1478485, 36.25547475 ], [ 136.14785516, 36.25547728 ], [ 136.147864060000018, 36.25547656 ], [ 136.14787431000002, 36.25547189 ], [ 136.14788189, 36.25546761 ], [ 136.14790722, 36.25546478 ], [ 136.14791969, 36.25546192 ], [ 136.14792859, 36.25545511 ], [ 136.147936640000012, 36.25544611 ], [ 136.147944670000015, 36.25543605 ], [ 136.14797501000001, 36.25539725 ], [ 136.1479808, 36.25539078 ], [ 136.14798438, 36.25538036 ], [ 136.147987520000015, 36.2553692 ], [ 136.14799158, 36.2553548 ], [ 136.14799253000001, 36.25533611 ], [ 136.14799122, 36.25531992 ], [ 136.14797983, 36.25526772 ], [ 136.147970120000025, 36.25524253 ], [ 136.147954160000012, 36.25522522 ], [ 136.14794394, 36.25521944 ], [ 136.147936390000012, 36.25521653 ], [ 136.14792927, 36.25521617 ], [ 136.14791861, 36.25521613 ], [ 136.147910170000017, 36.25521613 ], [ 136.147901280000013, 36.25521936 ], [ 136.147890140000015, 36.25522439 ], [ 136.14787859, 36.25522903 ], [ 136.147871440000017, 36.25523261 ], [ 136.147867, 36.25523584 ], [ 136.147861630000023, 36.25524375 ], [ 136.14785717, 36.25525239 ], [ 136.14785314, 36.25526244 ], [ 136.147850410000018, 36.25527108 ], [ 136.147843750000021, 36.2552772 ], [ 136.147792480000021, 36.25532278 ], [ 136.14779202, 36.25532675 ], [ 136.147793770000021, 36.25533575 ], [ 136.14779733, 36.25533828 ], [ 136.14780844, 36.25534369 ] ] ], [ [ [ 136.148328750000019, 36.25561308 ], [ 136.148340730000029, 36.25562208 ], [ 136.148355840000022, 36.25562536 ], [ 136.148361170000015, 36.255625 ], [ 136.148370050000011, 36.25562431 ], [ 136.14837717, 36.25562144 ], [ 136.148382530000021, 36.25561678 ], [ 136.148383890000019, 36.25561031 ], [ 136.148382170000019, 36.25558941 ], [ 136.148382630000015, 36.25557864 ], [ 136.14838445, 36.25556353 ], [ 136.14839161, 36.25555167 ], [ 136.14839964, 36.25554125 ], [ 136.14840411, 36.25553514 ], [ 136.14840992, 36.25552433 ], [ 136.14840684, 36.25551931 ], [ 136.14840328, 36.25551211 ], [ 136.14840197, 36.25550741 ], [ 136.14840197, 36.25549951 ], [ 136.14840202000002, 36.25549123 ], [ 136.14840114, 36.25548728 ], [ 136.148398910000026, 36.25548367 ], [ 136.148394920000015, 36.25547933 ], [ 136.148382500000025, 36.25547464 ], [ 136.14836827000002, 36.25547028 ], [ 136.1483585, 36.25546956 ], [ 136.14834248, 36.25547384 ], [ 136.14832691, 36.25547887 ], [ 136.14831711, 36.25548136 ], [ 136.148311340000021, 36.25548422 ], [ 136.148308660000026, 36.25548711 ], [ 136.14830419, 36.25549644 ], [ 136.148300120000016, 36.25551659 ], [ 136.148304450000012, 36.25555797 ], [ 136.14830484, 36.25557705 ], [ 136.14831326, 36.25559325 ], [ 136.148319440000023, 36.25560189 ], [ 136.148328750000019, 36.25561308 ] ] ], [ [ [ 136.147433870000015, 36.25556717 ], [ 136.147433840000019, 36.25557797 ], [ 136.147435550000012, 36.25559128 ], [ 136.14744131, 36.25561289 ], [ 136.147445690000012, 36.25562297 ], [ 136.14745148, 36.25562731 ], [ 136.147461670000013, 36.25563128 ], [ 136.147474140000014, 36.25563525 ], [ 136.14748302000001, 36.25563384 ], [ 136.147486140000012, 36.25563205 ], [ 136.14749414000002, 36.25562953 ], [ 136.14749905, 36.2556292 ], [ 136.14750881, 36.25563244 ], [ 136.147517250000021, 36.25563641 ], [ 136.14752525, 36.25563859 ], [ 136.147532360000014, 36.25563717 ], [ 136.147544360000012, 36.25563251 ], [ 136.14755464000001, 36.25562247 ], [ 136.14755464000001, 36.25561887 ], [ 136.14754978000002, 36.25560986 ], [ 136.147543550000023, 36.25560517 ], [ 136.147539140000021, 36.25560011 ], [ 136.147540030000016, 36.25559725 ], [ 136.147542720000018, 36.25559364 ], [ 136.14754849000002, 36.25559041 ], [ 136.147568560000025, 36.25557533 ], [ 136.14757302000001, 36.25556923 ], [ 136.14757438, 36.25556131 ], [ 136.147573500000021, 36.25555159 ], [ 136.147571340000013, 36.2555408 ], [ 136.14756603, 36.25552856 ], [ 136.147561610000025, 36.25551631 ], [ 136.147557200000023, 36.25550875 ], [ 136.147548340000014, 36.25549723 ], [ 136.14753633, 36.25548747 ], [ 136.147526590000012, 36.25548422 ], [ 136.14751236, 36.25548133 ], [ 136.14750258, 36.25548203 ], [ 136.14749633, 36.25548344 ], [ 136.14748655, 36.25548703 ], [ 136.14747319, 36.25549744 ], [ 136.147463359999989, 36.25551108 ], [ 136.147453090000027, 36.2555352 ], [ 136.147443260000017, 36.25554669 ], [ 136.147437450000012, 36.25555925 ], [ 136.147433870000015, 36.25556717 ] ] ], [ [ [ 136.14869986, 36.25582003 ], [ 136.14870514, 36.2558592 ], [ 136.14875097, 36.25588197 ], [ 136.14879134, 36.25587289 ], [ 136.148810420000018, 36.25583531 ], [ 136.14879708, 36.25580031 ], [ 136.148740410000016, 36.25579364 ], [ 136.14869986, 36.25582003 ] ] ], [ [ [ 136.1485218, 36.25585725 ], [ 136.148470410000016, 36.2558592 ], [ 136.14842708, 36.25589864 ], [ 136.148475690000026, 36.2559842 ], [ 136.1485082, 36.25600392 ], [ 136.148562090000013, 36.25600392 ], [ 136.1485893, 36.25597114 ], [ 136.148580970000012, 36.25590531 ], [ 136.1485218, 36.25585725 ] ] ], [ [ [ 136.14886458, 36.2560192 ], [ 136.14878625, 36.25599503 ], [ 136.14872681, 36.25600169 ], [ 136.148707910000013, 36.25602808 ], [ 136.14872681, 36.25605197 ], [ 136.148802360000019, 36.25609141 ], [ 136.148859030000011, 36.25611113 ], [ 136.14888348, 36.25609808 ], [ 136.148891530000014, 36.25605641 ], [ 136.14886458, 36.2560192 ] ] ], [ [ [ 136.147332480000017, 36.25610692 ], [ 136.14732523, 36.25615441 ], [ 136.14731358, 36.25618389 ], [ 136.147307300000023, 36.25620331 ], [ 136.147307220000016, 36.25623136 ], [ 136.14731519, 36.25623859 ], [ 136.147338280000014, 36.25625951 ], [ 136.147360470000024, 36.2562725 ], [ 136.147391530000021, 36.25628695 ], [ 136.14741375, 36.25629275 ], [ 136.14743597, 36.25629495 ], [ 136.14745822, 36.25629211 ], [ 136.14747872, 36.2562792 ], [ 136.14750097000001, 36.25626987 ], [ 136.14752411, 36.25625839 ], [ 136.14754639, 36.25624836 ], [ 136.14756508, 36.25624047 ], [ 136.147595360000025, 36.25622472 ], [ 136.14760161, 36.25621464 ], [ 136.14760345000002, 36.25620025 ], [ 136.14760438, 36.25617939 ], [ 136.14759822000002, 36.25615851 ], [ 136.147588470000017, 36.25614336 ], [ 136.14757961, 36.25613111 ], [ 136.14756986, 36.25612605 ], [ 136.147545940000015, 36.25608717 ], [ 136.14753886, 36.2560785 ], [ 136.1475345, 36.25605547 ], [ 136.14753636, 36.25602741 ], [ 136.147538200000014, 36.25600584 ], [ 136.147539140000021, 36.25599 ], [ 136.147537390000025, 36.255972 ], [ 136.147541890000014, 36.25595544 ], [ 136.147551750000019, 36.25592884 ], [ 136.147550890000019, 36.25592164 ], [ 136.147551780000015, 36.255913 ], [ 136.147549140000024, 36.2559058 ], [ 136.147518140000017, 36.25586833 ], [ 136.14750659, 36.25586903 ], [ 136.147497660000028, 36.25587405 ], [ 136.14749053, 36.255887 ], [ 136.14748691, 36.25590208 ], [ 136.147483330000028, 36.25591433 ], [ 136.147473500000018, 36.25592941 ], [ 136.14745389, 36.25594089 ], [ 136.14741114, 36.25596744 ], [ 136.147381720000027, 36.25599041 ], [ 136.147366590000019, 36.25600264 ], [ 136.14735586, 36.256017 ], [ 136.147347810000014, 36.25603641 ], [ 136.14734594, 36.25606592 ], [ 136.147332480000017, 36.25610692 ] ] ], [ [ [ 136.146960730000018, 36.25612856 ], [ 136.146957250000014, 36.25610264 ], [ 136.14695462, 36.25608678 ], [ 136.14694664000001, 36.25607384 ], [ 136.146930700000013, 36.25605508 ], [ 136.146903190000018, 36.25603489 ], [ 136.146875670000014, 36.25602189 ], [ 136.14684986, 36.25601967 ], [ 136.146827640000026, 36.25602253 ], [ 136.14679917, 36.25602533 ], [ 136.146747590000018, 36.25602597 ], [ 136.14672803, 36.25602953 ], [ 136.146711110000012, 36.25603525 ], [ 136.14670131, 36.25604387 ], [ 136.14668703000001, 36.2560568 ], [ 136.146660360000027, 36.25606105 ], [ 136.146644330000015, 36.25606247 ], [ 136.146623, 36.25605884 ], [ 136.146610580000015, 36.25605233 ], [ 136.146599030000033, 36.25604728 ], [ 136.146587470000014, 36.25604295 ], [ 136.14656969, 36.25604433 ], [ 136.14654837, 36.25604141 ], [ 136.146534140000028, 36.25603708 ], [ 136.146515500000021, 36.25602769 ], [ 136.146497690000018, 36.25602839 ], [ 136.146470140000019, 36.25603408 ], [ 136.146438080000024, 36.25604484 ], [ 136.146362410000023, 36.25607564 ], [ 136.146338390000011, 36.25608351 ], [ 136.146309, 36.25609713 ], [ 136.146276030000024, 36.25611577 ], [ 136.14626178, 36.25612653 ], [ 136.14624661000002, 36.25614233 ], [ 136.14623681, 36.25615239 ], [ 136.146234110000023, 36.25615889 ], [ 136.146232310000016, 36.25616823 ], [ 136.14624031, 36.25617256 ], [ 136.146250970000011, 36.25617259 ], [ 136.14626433, 36.256169 ], [ 136.14627678, 36.25616541 ], [ 136.14629278000001, 36.25616331 ], [ 136.146299920000018, 36.25616403 ], [ 136.146306110000012, 36.25616764 ], [ 136.146307, 36.25617556 ], [ 136.146306940000017, 36.25619356 ], [ 136.146309590000016, 36.2562022 ], [ 136.146319340000019, 36.25621087 ], [ 136.14633355, 36.25621447 ], [ 136.146347780000013, 36.25621305 ], [ 136.14636825, 36.2562052 ], [ 136.14638161000002, 36.25619587 ], [ 136.146439470000018, 36.25617508 ], [ 136.146454620000014, 36.25617223 ], [ 136.14647776000001, 36.25616725 ], [ 136.146503530000018, 36.25616587 ], [ 136.1465293, 36.25616805 ], [ 136.146557780000023, 36.25616739 ], [ 136.14657467, 36.25616453 ], [ 136.14658623, 36.256166 ], [ 136.146596, 36.2561682 ], [ 136.146606670000011, 36.25617325 ], [ 136.14660752, 36.25617972 ], [ 136.146608390000011, 36.25618978 ], [ 136.14660569, 36.25620347 ], [ 136.146561, 36.25627678 ], [ 136.146522630000021, 36.25632205 ], [ 136.14648073, 36.25636731 ], [ 136.146469140000022, 36.25637808 ], [ 136.146463770000025, 36.25638456 ], [ 136.1464655, 36.25640039 ], [ 136.14647703, 36.25641408 ], [ 136.14650455, 36.25642564 ], [ 136.146517, 36.25642495 ], [ 136.1465428, 36.25641853 ], [ 136.146588220000012, 36.25640133 ], [ 136.14659803, 36.25639631 ], [ 136.14661139, 36.25638769 ], [ 136.14662475, 36.25637333 ], [ 136.14663905, 36.25635395 ], [ 136.14664886, 36.25634169 ], [ 136.14666134, 36.2563338 ], [ 136.14667825, 36.25632595 ], [ 136.146740610000023, 36.25630908 ], [ 136.146768150000014, 36.25630164 ], [ 136.14681708, 36.256283 ], [ 136.146877640000014, 36.25625867 ], [ 136.14689988, 36.25624717 ], [ 136.14691328, 36.25623787 ], [ 136.146924, 36.25622131 ], [ 136.146933800000028, 36.2562055 ], [ 136.146950800000013, 36.25616811 ], [ 136.146961530000027, 36.25615589 ], [ 136.14696333, 36.25614656 ], [ 136.146960730000018, 36.25612856 ] ] ], [ [ [ 136.146969580000018, 36.25634753 ], [ 136.146969580000018, 36.2563892 ], [ 136.147029030000027, 36.25645697 ], [ 136.147072090000023, 36.25647447 ], [ 136.147126250000014, 36.25646587 ], [ 136.147161250000011, 36.25640892 ], [ 136.147134310000013, 36.25636725 ], [ 136.14711542, 36.25634308 ], [ 136.14712348, 36.25627531 ], [ 136.14708847, 36.25625113 ], [ 136.14705319, 36.25625559 ], [ 136.14697486, 36.25631697 ], [ 136.146969580000018, 36.25634753 ] ] ], [ [ [ 136.1469137, 36.2565128 ], [ 136.14691725, 36.25651728 ], [ 136.146926690000015, 36.25652217 ], [ 136.14693211, 36.25652333 ], [ 136.146937080000015, 36.25652377 ], [ 136.146942560000014, 36.25652272 ], [ 136.146944860000019, 36.25652203 ], [ 136.14695261, 36.2565188 ], [ 136.146956280000012, 36.25651667 ], [ 136.146959030000033, 36.25651559 ], [ 136.146962700000017, 36.25651489 ], [ 136.146964940000032, 36.25651603 ], [ 136.14696852, 36.2565168 ], [ 136.146973530000025, 36.25651725 ], [ 136.146979, 36.25651623 ], [ 136.14698309000002, 36.25651517 ], [ 136.14698586, 36.25651336 ], [ 136.14698633, 36.25651225 ], [ 136.146986840000011, 36.25650895 ], [ 136.146984620000012, 36.25650672 ], [ 136.14698103, 36.25650559 ], [ 136.1469783, 36.25650517 ], [ 136.1469783, 36.25650444 ], [ 136.14697973, 36.25650225 ], [ 136.14698339, 36.25650084 ], [ 136.14698703000002, 36.25650014 ], [ 136.1469907, 36.25649833 ], [ 136.146997559999988, 36.25649478 ], [ 136.147007200000019, 36.256489 ], [ 136.147010890000018, 36.256485 ], [ 136.14701328000001, 36.25647953 ], [ 136.147013360000017, 36.25647586 ], [ 136.147012500000017, 36.25647259 ], [ 136.147005330000013, 36.25646767 ], [ 136.146998560000014, 36.25646647 ], [ 136.14697175, 36.25646836 ], [ 136.146958970000014, 36.2564715 ], [ 136.14694895, 36.25647356 ], [ 136.146940730000011, 36.25647641 ], [ 136.146937080000015, 36.25647784 ], [ 136.14693384, 36.25648147 ], [ 136.14692039000002, 36.25649564 ], [ 136.14691575, 36.25650072 ], [ 136.14691292, 36.2565062 ], [ 136.146912870000023, 36.25650914 ], [ 136.1469137, 36.2565128 ] ] ], [ [ [ 136.146356810000015, 36.25664753 ], [ 136.146418760000017, 36.25664114 ], [ 136.14647589, 36.25662697 ], [ 136.146494580000024, 36.25659503 ], [ 136.146467370000011, 36.25655114 ], [ 136.146467370000011, 36.25651836 ], [ 136.146462090000028, 36.25648336 ], [ 136.146416250000016, 36.25644613 ], [ 136.146383750000012, 36.25644169 ], [ 136.14632708000002, 36.25647031 ], [ 136.146324310000011, 36.25654697 ], [ 136.146286520000018, 36.25660586 ], [ 136.146316250000012, 36.25664114 ], [ 136.146356810000015, 36.25664753 ] ] ], [ [ [ 136.14656414000001, 36.25712897 ], [ 136.14659953, 36.25712864 ], [ 136.146653750000013, 36.25710308 ], [ 136.14666986, 36.25702447 ], [ 136.146688760000018, 36.2569828 ], [ 136.146680700000019, 36.25693892 ], [ 136.146637640000023, 36.25692586 ], [ 136.146610360000011, 36.25692925 ], [ 136.14658097, 36.25694113 ], [ 136.146556520000019, 36.25697169 ], [ 136.146546640000025, 36.25702333 ], [ 136.14653236, 36.25709225 ], [ 136.14654891, 36.25710647 ], [ 136.14656414000001, 36.25712897 ] ] ] ] } }
]
}
