{
"type": "FeatureCollection",
"name": "city_17_羽咋市",
"crs": { "type": "name", "properties": { "name": "urn:ogc:def:crs:OGC:1.3:CRS84" } },
"features": [
{ "type": "Feature", "properties": { }, "geometry": { "type": "MultiPolygon", "coordinates": [ [ [ [ 136.748017510000011, 36.92827658 ], [ 136.747993090000023, 36.92831678 ], [ 136.74801833, 36.92834536 ], [ 136.748064700000015, 36.92835732 ], [ 136.7481123, 36.92834369 ], [ 136.7481065, 36.92828887 ], [ 136.74806634, 36.92827026 ], [ 136.748017510000011, 36.92827658 ] ] ], [ [ [ 136.748127090000025, 36.9294135 ], [ 136.74811313, 36.92940641 ], [ 136.748064700000015, 36.92941539 ], [ 136.748034890000014, 36.92942536 ], [ 136.74802868, 36.92948418 ], [ 136.748079600000011, 36.92951109 ], [ 136.748105590000023, 36.92951065 ], [ 136.748137860000014, 36.92949554 ], [ 136.748140550000016, 36.92947395 ], [ 136.748137860000014, 36.9294394 ], [ 136.748127090000025, 36.9294135 ] ] ], [ [ [ 136.753163550000011, 36.95025441 ], [ 136.753161050000017, 36.95029387 ], [ 136.75317189, 36.95032525 ], [ 136.75320939, 36.95033747 ], [ 136.75326217, 36.9503058 ], [ 136.75328134, 36.95022497 ], [ 136.753202440000024, 36.95019636 ], [ 136.753175500000026, 36.9502208 ], [ 136.753163550000011, 36.95025441 ] ] ], [ [ [ 136.75383939, 36.95043469 ], [ 136.753856610000014, 36.95047664 ], [ 136.753895230000012, 36.95051997 ], [ 136.75392328, 36.95055553 ], [ 136.75396939, 36.95052608 ], [ 136.75401438, 36.9505072 ], [ 136.754043280000019, 36.95050331 ], [ 136.754066060000014, 36.95046247 ], [ 136.75407966, 36.9504158 ], [ 136.754101610000021, 36.95031553 ], [ 136.75407966, 36.95029192 ], [ 136.754053, 36.95026636 ], [ 136.754018, 36.95025831 ], [ 136.753977720000023, 36.9502672 ], [ 136.75394384, 36.95028497 ], [ 136.753889110000017, 36.95037247 ], [ 136.75385051, 36.95041303 ], [ 136.75383939, 36.95043469 ] ] ], [ [ [ 136.75369661000002, 36.95043247 ], [ 136.753703, 36.95037441 ], [ 136.75366756, 36.95036928 ], [ 136.753612440000012, 36.95037053 ], [ 136.75358577, 36.95038136 ], [ 136.753564940000018, 36.95038497 ], [ 136.75353966, 36.95048164 ], [ 136.75355438, 36.95053969 ], [ 136.75359911000001, 36.95058108 ], [ 136.75362411, 36.9505908 ], [ 136.753663550000027, 36.95054303 ], [ 136.753663550000027, 36.95048497 ], [ 136.75369661000002, 36.95043247 ] ] ], [ [ [ 136.75232883000001, 36.95052387 ], [ 136.752390030000015, 36.95054133 ], [ 136.752405970000012, 36.95050878 ], [ 136.75239872, 36.95047161 ], [ 136.752372630000025, 36.95045536 ], [ 136.752322720000024, 36.95046192 ], [ 136.752311610000021, 36.95049553 ], [ 136.75232883000001, 36.95052387 ] ] ], [ [ [ 136.7541855, 36.95067275 ], [ 136.75416966, 36.95070331 ], [ 136.7541855, 36.95075053 ], [ 136.754213280000016, 36.9507722 ], [ 136.75424856, 36.9507772 ], [ 136.75429717, 36.95076136 ], [ 136.754337170000014, 36.95075136 ], [ 136.754369950000012, 36.95072692 ], [ 136.75440272, 36.95070331 ], [ 136.75441856, 36.95067164 ], [ 136.754435500000028, 36.95059387 ], [ 136.75440995, 36.95058803 ], [ 136.754373550000025, 36.95059692 ], [ 136.75434189, 36.95060192 ], [ 136.754286060000027, 36.95058692 ], [ 136.75425217, 36.95059775 ], [ 136.754228, 36.9506322 ], [ 136.7541855, 36.95067275 ] ] ], [ [ [ 136.753294940000018, 36.95074387 ], [ 136.75326883, 36.95071747 ], [ 136.75323577, 36.95072803 ], [ 136.75322272, 36.95076497 ], [ 136.753255500000023, 36.9508072 ], [ 136.753281890000011, 36.95078608 ], [ 136.753294940000018, 36.95074387 ] ] ], [ [ [ 136.75457384, 36.95114831 ], [ 136.75463467, 36.95116775 ], [ 136.754706060000018, 36.95115913 ], [ 136.754739950000015, 36.95115525 ], [ 136.754786060000015, 36.95117192 ], [ 136.75483717, 36.95116303 ], [ 136.754935500000016, 36.9511258 ], [ 136.75494272, 36.95105941 ], [ 136.754872440000014, 36.95098887 ], [ 136.754833280000014, 36.95098303 ], [ 136.754800780000011, 36.95092887 ], [ 136.75477523, 36.95084497 ], [ 136.754687720000021, 36.95081359 ], [ 136.754502170000023, 36.95083803 ], [ 136.75448633, 36.95087275 ], [ 136.75449244, 36.95092887 ], [ 136.75449355, 36.95097303 ], [ 136.754475500000012, 36.95102525 ], [ 136.754536060000021, 36.95107247 ], [ 136.754567720000011, 36.95112192 ], [ 136.75457384, 36.95114831 ] ] ], [ [ [ 136.754269100000016, 36.95106969 ], [ 136.75428856000002, 36.95110803 ], [ 136.75428883, 36.95112941 ], [ 136.75428883, 36.95120859 ], [ 136.754350250000016, 36.95122911 ], [ 136.75439438, 36.95120859 ], [ 136.754420510000017, 36.95114525 ], [ 136.75445122, 36.95111664 ], [ 136.75446328000001, 36.95107164 ], [ 136.75440995, 36.95101247 ], [ 136.754366330000011, 36.95101331 ], [ 136.754320220000011, 36.95100553 ], [ 136.754292170000014, 36.95102525 ], [ 136.75427883, 36.95104497 ], [ 136.754269100000016, 36.95106969 ] ] ], [ [ [ 136.754584670000014, 36.95129413 ], [ 136.754589660000022, 36.95132359 ], [ 136.754613840000019, 36.95134247 ], [ 136.754646620000017, 36.95133747 ], [ 136.75465384, 36.95127553 ], [ 136.75463577, 36.95126664 ], [ 136.754606610000025, 36.95127553 ], [ 136.754584670000014, 36.95129413 ] ] ], [ [ [ 136.75446317, 36.95160613 ], [ 136.754468270000018, 36.95163775 ], [ 136.75445883, 36.95165359 ], [ 136.75445217, 36.95167941 ], [ 136.754453, 36.95170525 ], [ 136.75447189, 36.95171275 ], [ 136.75449161, 36.95171497 ], [ 136.75450633, 36.95170192 ], [ 136.754526060000018, 36.95166247 ], [ 136.754526610000028, 36.95162692 ], [ 136.75450939000001, 36.95160497 ], [ 136.754491050000013, 36.95159803 ], [ 136.75446317, 36.95160613 ] ] ], [ [ [ 136.758054140000013, 36.86700561 ], [ 136.758060200000017, 36.86707592 ], [ 136.75807778, 36.86715559 ], [ 136.75809905, 36.8672072 ], [ 136.75823664, 36.86734531 ], [ 136.758333330000028, 36.86743814 ], [ 136.75833795, 36.86744256 ], [ 136.758354890000021, 36.86745887 ], [ 136.758479030000018, 36.86762692 ], [ 136.758504690000024, 36.86766205 ], [ 136.75851319, 36.86767369 ], [ 136.75860136, 36.86783817 ], [ 136.75870144000001, 36.86800092 ], [ 136.75878839, 36.86824917 ], [ 136.758858660000016, 36.8685232 ], [ 136.75889795, 36.86865097 ], [ 136.75895136, 36.8688498 ], [ 136.759035160000025, 36.86914286 ], [ 136.75907706000001, 36.86929256 ], [ 136.75910355000002, 36.86942453 ], [ 136.75914542000001, 36.86957933 ], [ 136.759166890000017, 36.86963925 ], [ 136.75917411, 36.86964875 ], [ 136.75921883, 36.86978628 ], [ 136.75922786000001, 36.8697965 ], [ 136.759239440000016, 36.86983814 ], [ 136.759268910000031, 36.86991313 ], [ 136.759271410000025, 36.86995617 ], [ 136.75928109, 36.87001456 ], [ 136.759318520000022, 36.87014456 ], [ 136.75936058000002, 36.87026528 ], [ 136.759381, 36.8703335 ], [ 136.759403390000017, 36.87040817 ], [ 136.75951752, 36.87080492 ], [ 136.759641860000016, 36.87115328 ], [ 136.759736810000021, 36.8714002 ], [ 136.759769, 36.87149536 ], [ 136.759817200000015, 36.87165286 ], [ 136.759842970000022, 36.8717558 ], [ 136.759856140000011, 36.87183728 ], [ 136.759860560000021, 36.87186456 ], [ 136.759930360000027, 36.87210644 ], [ 136.75993922, 36.87213111 ], [ 136.759949440000014, 36.87215613 ], [ 136.75995703000001, 36.87217251 ], [ 136.759991220000018, 36.87225925 ], [ 136.76000073000003, 36.8722898 ], [ 136.76001553, 36.87232764 ], [ 136.76003092000002, 36.87237251 ], [ 136.760041090000016, 36.87240369 ], [ 136.76005484, 36.87244847 ], [ 136.760075500000028, 36.87251756 ], [ 136.76008861, 36.87255975 ], [ 136.76009678, 36.87259164 ], [ 136.760106940000014, 36.87262231 ], [ 136.76013122, 36.87269553 ], [ 136.760143380000017, 36.87273067 ], [ 136.760151220000012, 36.8727595 ], [ 136.76015978, 36.87278339 ], [ 136.760170250000016, 36.87281556 ], [ 136.76018825, 36.87287125 ], [ 136.76021119, 36.87294428 ], [ 136.760221050000013, 36.87297217 ], [ 136.760235470000026, 36.87302159 ], [ 136.76024953000001, 36.87307236 ], [ 136.76026097, 36.873114 ], [ 136.76028453, 36.87318969 ], [ 136.76029044, 36.87320795 ], [ 136.760296300000022, 36.8732302 ], [ 136.76031533, 36.87328686 ], [ 136.76032158000001, 36.87330536 ], [ 136.76032387, 36.87331564 ], [ 136.76033239, 36.87334272 ], [ 136.760340580000019, 36.87336525 ], [ 136.760346840000011, 36.87338617 ], [ 136.760360580000025, 36.87342978 ], [ 136.760370420000015, 36.87346275 ], [ 136.760375970000013, 36.87348395 ], [ 136.760386470000014, 36.87351541 ], [ 136.760395010000025, 36.87354114 ], [ 136.76040905, 36.87358708 ], [ 136.760413640000024, 36.87360317 ], [ 136.76042114, 36.87363113 ], [ 136.760426720000027, 36.8736518 ], [ 136.76043689, 36.87368317 ], [ 136.76044178, 36.87370033 ], [ 136.760457170000024, 36.87375733 ], [ 136.760476110000013, 36.87382984 ], [ 136.760497760000021, 36.87389908 ], [ 136.76051214, 36.873952 ], [ 136.760529170000012, 36.87400778 ], [ 136.760537280000023, 36.87403922 ], [ 136.76055202, 36.87408705 ], [ 136.760576360000016, 36.8741828 ], [ 136.76058817, 36.87428864 ], [ 136.760594380000015, 36.87432041 ], [ 136.76059523, 36.87432464 ], [ 136.760612670000029, 36.87443078 ], [ 136.76062725, 36.8745128 ], [ 136.7606637, 36.87463956 ], [ 136.760725470000011, 36.87487508 ], [ 136.76075608, 36.87499887 ], [ 136.760756360000016, 36.875 ], [ 136.76076623, 36.87503977 ], [ 136.760805940000012, 36.87518933 ], [ 136.76083462, 36.87529884 ], [ 136.760889360000021, 36.87555275 ], [ 136.760914250000013, 36.87566917 ], [ 136.76092467, 36.87572084 ], [ 136.760930140000028, 36.87574572 ], [ 136.760945530000015, 36.87581587 ], [ 136.760951, 36.87585022 ], [ 136.76096217, 36.87591884 ], [ 136.76099503, 36.87608711 ], [ 136.761045620000033, 36.87634559 ], [ 136.76105591000001, 36.87640113 ], [ 136.76106472, 36.87643733 ], [ 136.761082280000011, 36.87652223 ], [ 136.761087420000024, 36.87656053 ], [ 136.761094550000024, 36.87659644 ], [ 136.76109681, 36.87661236 ], [ 136.761091390000018, 36.87668105 ], [ 136.76109406, 36.87671022 ], [ 136.76110105, 36.87673239 ], [ 136.761114640000017, 36.87676908 ], [ 136.761118110000012, 36.87678214 ], [ 136.761129080000018, 36.876811 ], [ 136.761140270000027, 36.87683656 ], [ 136.76114508, 36.87685139 ], [ 136.761162190000022, 36.87689425 ], [ 136.76117163, 36.87691731 ], [ 136.76119798000002, 36.87697823 ], [ 136.761204750000019, 36.87699467 ], [ 136.76120914, 36.87700792 ], [ 136.76121550000002, 36.87702425 ], [ 136.76122584, 36.87704751 ], [ 136.761241190000021, 36.87708675 ], [ 136.76125128000001, 36.87711161 ], [ 136.761262410000029, 36.87714059 ], [ 136.761270250000024, 36.87716805 ], [ 136.76127815000001, 36.87719128 ], [ 136.76128759, 36.87721723 ], [ 136.761294110000023, 36.87724241 ], [ 136.761302170000022, 36.87727272 ], [ 136.761308500000013, 36.87729667 ], [ 136.761311700000022, 36.87732103 ], [ 136.761315140000022, 36.87734336 ], [ 136.761319750000013, 36.87739584 ], [ 136.761322630000024, 36.87743761 ], [ 136.761327060000013, 36.8774838 ], [ 136.76133031, 36.87750114 ], [ 136.761337, 36.87753175 ], [ 136.76134092, 36.87754944 ], [ 136.76134392000003, 36.87756677 ], [ 136.76135331, 36.87760067 ], [ 136.761357660000016, 36.87761695 ], [ 136.76135983, 36.87762892 ], [ 136.761365910000023, 36.87765151 ], [ 136.76138053, 36.87770572 ], [ 136.76138336, 36.87771733 ], [ 136.76139036, 36.87773705 ], [ 136.761396280000014, 36.87775297 ], [ 136.761407030000015, 36.87778253 ], [ 136.76141272000001, 36.87779931 ], [ 136.761422970000012, 36.87782761 ], [ 136.761433260000018, 36.87786177 ], [ 136.7614455, 36.87789764 ], [ 136.76145317000001, 36.87792053 ], [ 136.761457300000018, 36.87793803 ], [ 136.761468200000024, 36.87797892 ], [ 136.761476470000019, 36.87801197 ], [ 136.76148516, 36.87804725 ], [ 136.761494470000031, 36.87809323 ], [ 136.761508390000017, 36.87814761 ], [ 136.76151662, 36.87819186 ], [ 136.76152117, 36.87821061 ], [ 136.761526590000017, 36.87823403 ], [ 136.76153353, 36.87826953 ], [ 136.761539200000016, 36.87829061 ], [ 136.76154528, 36.87831384 ], [ 136.761547440000015, 36.87832747 ], [ 136.76155248, 36.878345 ], [ 136.761558560000026, 36.878369 ], [ 136.76156423, 36.87838884 ], [ 136.76156597, 36.87839956 ], [ 136.76157075, 36.87842047 ], [ 136.761578250000014, 36.87845139 ], [ 136.76158511, 36.87847959 ], [ 136.76159078, 36.87849905 ], [ 136.761599250000017, 36.87853164 ], [ 136.761606200000017, 36.87856392 ], [ 136.76161231, 36.87858625 ], [ 136.76161815, 36.87861233 ], [ 136.76162681, 36.87865856 ], [ 136.76163306, 36.87869269 ], [ 136.761638420000025, 36.8787305 ], [ 136.761641850000018, 36.87875211 ], [ 136.761646140000011, 36.87878647 ], [ 136.761651950000015, 36.87882239 ], [ 136.761655940000026, 36.87886125 ], [ 136.76165939, 36.87888325 ], [ 136.76166394, 36.87890756 ], [ 136.76167025, 36.87893453 ], [ 136.761673450000018, 36.87895072 ], [ 136.761679800000024, 36.87897039 ], [ 136.761685250000028, 36.87898741 ], [ 136.761691610000014, 36.87900656 ], [ 136.761696420000021, 36.87902513 ], [ 136.761711530000014, 36.87906347 ], [ 136.76171611, 36.87907956 ], [ 136.761720270000012, 36.87909277 ], [ 136.761726420000031, 36.87910933 ], [ 136.76173409, 36.8791315 ], [ 136.76174372, 36.8791562 ], [ 136.76174678000001, 36.87916869 ], [ 136.761754380000013, 36.87919144 ], [ 136.761764230000011, 36.8792222 ], [ 136.761770080000019, 36.87924895 ], [ 136.76177597, 36.87927111 ], [ 136.761782090000025, 36.87929397 ], [ 136.761787280000021, 36.87931733 ], [ 136.7617918, 36.87934575 ], [ 136.761798950000014, 36.87938511 ], [ 136.761801280000014, 36.87940423 ], [ 136.76180453, 36.87942322 ], [ 136.761818, 36.87947831 ], [ 136.761927500000013, 36.87978247 ], [ 136.76193842, 36.87981167 ], [ 136.76238956, 36.88115759 ], [ 136.76241667, 36.88123847 ], [ 136.76263022, 36.88209417 ], [ 136.762654360000028, 36.88218608 ], [ 136.762699590000011, 36.88228086 ], [ 136.762777910000011, 36.88243233 ], [ 136.76281445, 36.88250761 ], [ 136.76293105000002, 36.882748 ], [ 136.76296027, 36.88288092 ], [ 136.762995720000021, 36.88310228 ], [ 136.763024140000027, 36.88327197 ], [ 136.76304353, 36.8833322 ], [ 136.76304389, 36.88333333 ], [ 136.76304722, 36.88334364 ], [ 136.763074860000017, 36.88343792 ], [ 136.763113, 36.8835408 ], [ 136.763178830000015, 36.88374925 ], [ 136.763203870000012, 36.8838638 ], [ 136.763209750000016, 36.88389072 ], [ 136.76323008, 36.88403205 ], [ 136.76326795, 36.88441569 ], [ 136.76328905, 36.88463708 ], [ 136.76336211, 36.88505017 ], [ 136.76338202, 36.88512684 ], [ 136.76350353, 36.88557364 ], [ 136.76374672, 36.88653877 ], [ 136.763754450000022, 36.88656911 ], [ 136.76376969, 36.88662925 ], [ 136.763784110000017, 36.88671408 ], [ 136.76379764, 36.88684375 ], [ 136.76379112, 36.88708251 ], [ 136.76380462, 36.88718847 ], [ 136.76381314, 36.88724078 ], [ 136.76391211, 36.88750133 ], [ 136.764151309999988, 36.88817767 ], [ 136.76420464, 36.88840389 ], [ 136.76425294, 36.88858064 ], [ 136.76425469000003, 36.88858703 ], [ 136.764313360000017, 36.88879839 ], [ 136.764461050000023, 36.88927495 ], [ 136.764500170000019, 36.889401 ], [ 136.764700510000011, 36.89010714 ], [ 136.76481942, 36.89059208 ], [ 136.764856980000019, 36.89080992 ], [ 136.764889340000025, 36.89101061 ], [ 136.76491837, 36.891176 ], [ 136.764959560000023, 36.89137111 ], [ 136.76502881, 36.89158761 ], [ 136.765047520000024, 36.89166553 ], [ 136.76504781, 36.89166667 ], [ 136.765123220000021, 36.89198059 ], [ 136.76513895, 36.89204597 ], [ 136.7653235, 36.89274177 ], [ 136.765437170000013, 36.89322275 ], [ 136.76550394, 36.89357205 ], [ 136.765558220000031, 36.89395508 ], [ 136.765600700000022, 36.89424356 ], [ 136.765645300000017, 36.89445703 ], [ 136.76568355, 36.89461814 ], [ 136.765712330000014, 36.894686 ], [ 136.76580475, 36.89490387 ], [ 136.76585922000001, 36.89501097 ], [ 136.765890700000028, 36.89510408 ], [ 136.76595205000001, 36.89558497 ], [ 136.76602236, 36.89606444 ], [ 136.766141750000031, 36.89665531 ], [ 136.766291390000021, 36.89718087 ], [ 136.76634708, 36.89739156 ], [ 136.76652988, 36.89808311 ], [ 136.76659883, 36.89848133 ], [ 136.766635080000015, 36.89867822 ], [ 136.76666667, 36.89877956 ], [ 136.766671410000015, 36.89879478 ], [ 136.766763640000022, 36.89909047 ], [ 136.76676372, 36.8990908 ], [ 136.766834140000014, 36.89931659 ], [ 136.76698703, 36.89989203 ], [ 136.7670062, 36.89999887 ], [ 136.76700639, 36.9 ], [ 136.767021560000018, 36.90008464 ], [ 136.767023640000019, 36.90009725 ], [ 136.767049080000021, 36.90025011 ], [ 136.767081280000014, 36.90088651 ], [ 136.76709109, 36.90104905 ], [ 136.767106520000027, 36.90114892 ], [ 136.767276470000013, 36.90192264 ], [ 136.76733192, 36.90218675 ], [ 136.767406980000032, 36.90243225 ], [ 136.76746122, 36.90258217 ], [ 136.767506670000017, 36.90266231 ], [ 136.767548910000016, 36.90273089 ], [ 136.76759128, 36.90278095 ], [ 136.767615230000018, 36.90280267 ], [ 136.76763545, 36.90282103 ], [ 136.767674360000029, 36.90285111 ], [ 136.76767188, 36.90304805 ], [ 136.767668660000027, 36.90330241 ], [ 136.76764678, 36.90334095 ], [ 136.767634970000017, 36.90337139 ], [ 136.76760667, 36.9034522 ], [ 136.76758691, 36.90352244 ], [ 136.76756178, 36.9035908 ], [ 136.767521970000018, 36.90367233 ], [ 136.76749769, 36.90372267 ], [ 136.7674383, 36.9038165 ], [ 136.767413330000011, 36.90384941 ], [ 136.767393840000011, 36.903873 ], [ 136.76726075, 36.90402328 ], [ 136.76723983, 36.90404751 ], [ 136.767212, 36.9040955 ], [ 136.767195250000015, 36.90412825 ], [ 136.767183110000019, 36.90418053 ], [ 136.76718066, 36.90422972 ], [ 136.767180270000011, 36.90430022 ], [ 136.76725486, 36.90473328 ], [ 136.76733189, 36.905045 ], [ 136.76735815, 36.90527428 ], [ 136.767358780000023, 36.90550522 ], [ 136.76735939, 36.90573353 ], [ 136.767371970000028, 36.90647639 ], [ 136.767364, 36.90730731 ], [ 136.767334690000013, 36.90766978 ], [ 136.76727202, 36.90810444 ], [ 136.76726302, 36.90820831 ], [ 136.76725228, 36.9083322 ], [ 136.76725217, 36.90833333 ], [ 136.76724672, 36.90839611 ], [ 136.76725148, 36.90853864 ], [ 136.767331250000012, 36.90902489 ], [ 136.76734973, 36.90969431 ], [ 136.767357440000012, 36.90996905 ], [ 136.76734, 36.91015408 ], [ 136.76733506, 36.91039941 ], [ 136.767332780000032, 36.91083633 ], [ 136.76733484, 36.91091197 ], [ 136.767337390000023, 36.91100531 ], [ 136.767329580000023, 36.91110075 ], [ 136.767245910000014, 36.91135022 ], [ 136.76721433, 36.91143828 ], [ 136.767213110000029, 36.91167128 ], [ 136.76720523, 36.91178144 ], [ 136.767171170000012, 36.91199436 ], [ 136.767144030000026, 36.91263864 ], [ 136.767110920000022, 36.91301903 ], [ 136.767118050000022, 36.91340808 ], [ 136.76710986, 36.91357111 ], [ 136.767095620000021, 36.91361461 ], [ 136.76706525, 36.91370731 ], [ 136.76703914, 36.91379978 ], [ 136.767023920000014, 36.91391431 ], [ 136.76702287, 36.91411528 ], [ 136.7670262, 36.91417553 ], [ 136.76701467, 36.91428572 ], [ 136.767010920000018, 36.91430186 ], [ 136.767017660000022, 36.91441061 ], [ 136.76703086, 36.91468539 ], [ 136.767009880000018, 36.91484925 ], [ 136.766972220000014, 36.91539803 ], [ 136.76690202, 36.91587817 ], [ 136.76681503, 36.91631708 ], [ 136.76679302, 36.91642817 ], [ 136.76672462, 36.91666553 ], [ 136.76672428, 36.91666667 ], [ 136.766673750000024, 36.91684205 ], [ 136.766671410000015, 36.91684847 ], [ 136.76666667, 36.91686159 ], [ 136.766436200000015, 36.91749708 ], [ 136.76616820000001, 36.91800741 ], [ 136.765955250000019, 36.91850711 ], [ 136.7657725, 36.918815 ], [ 136.76565847, 36.91901664 ], [ 136.76559703, 36.91912528 ], [ 136.76530112, 36.91969236 ], [ 136.765258780000011, 36.91977351 ], [ 136.76522953, 36.91980839 ], [ 136.76514462, 36.91990975 ], [ 136.76499594, 36.92001003 ], [ 136.764891410000018, 36.92005964 ], [ 136.764807080000026, 36.92008875 ], [ 136.764757520000018, 36.92011353 ], [ 136.764689780000026, 36.92012214 ], [ 136.764589270000016, 36.92009828 ], [ 136.764256520000032, 36.92007953 ], [ 136.764124720000012, 36.92008641 ], [ 136.764088660000027, 36.92012128 ], [ 136.7639445, 36.92026064 ], [ 136.763938810000013, 36.9202988 ], [ 136.76394044, 36.92033703 ], [ 136.76395844000001, 36.92039144 ], [ 136.764039640000021, 36.92060887 ], [ 136.764046470000011, 36.92070439 ], [ 136.764014450000019, 36.92087586 ], [ 136.763975640000012, 36.92094772 ], [ 136.76391872, 36.92098867 ], [ 136.76379209000001, 36.92106169 ], [ 136.76353372, 36.92112253 ], [ 136.763194770000013, 36.92120805 ], [ 136.76288728, 36.9212552 ], [ 136.762843260000011, 36.92127413 ], [ 136.76281019000001, 36.92130047 ], [ 136.762784230000022, 36.92136503 ], [ 136.762777950000014, 36.92151339 ], [ 136.76279224000001, 36.92157808 ], [ 136.762842940000013, 36.92167964 ], [ 136.762852630000026, 36.92171059 ], [ 136.762862750000011, 36.92174286 ], [ 136.762860580000023, 36.92180603 ], [ 136.76282889, 36.92191611 ], [ 136.762586500000026, 36.92208911 ], [ 136.76255803, 36.92212447 ], [ 136.7625262, 36.92216544 ], [ 136.762505030000028, 36.92218953 ], [ 136.762469440000018, 36.92222323 ], [ 136.76243545, 36.9222515 ], [ 136.76239694, 36.92228095 ], [ 136.76234811, 36.92232692 ], [ 136.762283060000016, 36.922394 ], [ 136.76224455000002, 36.92242225 ], [ 136.76218623, 36.92245411 ], [ 136.76214403000003, 36.92248689 ], [ 136.76214189, 36.92248833 ], [ 136.762067449999989, 36.92254147 ], [ 136.76200975, 36.92257577 ], [ 136.761998780000027, 36.92258231 ], [ 136.761965450000019, 36.9226055 ], [ 136.761878390000021, 36.92265339 ], [ 136.761834640000018, 36.9226768 ], [ 136.76179839, 36.92270203 ], [ 136.76175608, 36.92273331 ], [ 136.761680120000022, 36.92279186 ], [ 136.76162345000003, 36.9228418 ], [ 136.761567520000028, 36.92288811 ], [ 136.76147348, 36.92295386 ], [ 136.761404810000016, 36.92299167 ], [ 136.76131659, 36.92303486 ], [ 136.761231700000025, 36.9230708 ], [ 136.761157780000019, 36.923108 ], [ 136.76106306, 36.92315564 ], [ 136.76100575000001, 36.92318503 ], [ 136.76094842, 36.92321203 ], [ 136.76087684, 36.92323775 ], [ 136.760802220000016, 36.92326405 ], [ 136.76068189, 36.92331764 ], [ 136.760513310000022, 36.92339317 ], [ 136.76033419, 36.92346828 ], [ 136.76022414000002, 36.92350717 ], [ 136.76007297000001, 36.92356064 ], [ 136.759963700000014, 36.92359831 ], [ 136.759831390000016, 36.92364277 ], [ 136.759759050000014, 36.92366489 ], [ 136.75969881, 36.92367797 ], [ 136.75966341, 36.92368267 ], [ 136.75960472, 36.92383286 ], [ 136.759595720000021, 36.92382439 ], [ 136.75962711, 36.92372364 ], [ 136.75963411, 36.92367775 ], [ 136.75961472, 36.92364808 ], [ 136.759580560000018, 36.92362341 ], [ 136.759578980000015, 36.92362228 ], [ 136.75945508, 36.9235452 ], [ 136.759410170000024, 36.92349844 ], [ 136.75938467, 36.92346208 ], [ 136.7593338, 36.92341453 ], [ 136.75928822000003, 36.923383 ], [ 136.759246470000022, 36.92336405 ], [ 136.75920639, 36.92334956 ], [ 136.759161800000015, 36.92333733 ], [ 136.75912501000002, 36.92333136 ], [ 136.759069220000015, 36.92332984 ], [ 136.75900253, 36.9233318 ], [ 136.758990440000019, 36.9233172 ], [ 136.75839056, 36.9225912 ], [ 136.75838575, 36.92258536 ], [ 136.75837092, 36.92258056 ], [ 136.758355360000024, 36.92257275 ], [ 136.75833805000002, 36.92255084 ], [ 136.758333330000028, 36.92254487 ], [ 136.758239590000017, 36.92242631 ], [ 136.758089829999989, 36.92224756 ], [ 136.757855300000017, 36.92195528 ], [ 136.757640660000021, 36.9216928 ], [ 136.75752555, 36.92155892 ], [ 136.75749891000001, 36.92154272 ], [ 136.7556408, 36.9210952 ], [ 136.75561973, 36.92115117 ], [ 136.756711170000017, 36.92141364 ], [ 136.756703720000019, 36.92169122 ], [ 136.75670075, 36.92182908 ], [ 136.75669267, 36.92209611 ], [ 136.756131440000019, 36.92208344 ], [ 136.75613353, 36.92210847 ], [ 136.756694720000013, 36.92212472 ], [ 136.75668725, 36.92227313 ], [ 136.75667808, 36.92246147 ], [ 136.756080510000032, 36.92244451 ], [ 136.756081850000015, 36.92246953 ], [ 136.75667722, 36.92248351 ], [ 136.75665387, 36.92293569 ], [ 136.75686278, 36.92294223 ], [ 136.756856030000023, 36.92328887 ], [ 136.756658110000018, 36.92327864 ], [ 136.756658660000028, 36.92331559 ], [ 136.755513190000016, 36.92329613 ], [ 136.755092970000021, 36.92324044 ], [ 136.754652530000016, 36.9231805 ], [ 136.754210700000016, 36.92278433 ], [ 136.754173410000021, 36.92281284 ], [ 136.75483392000001, 36.92341597 ], [ 136.754872670000026, 36.92338989 ], [ 136.75468501, 36.92321875 ], [ 136.75509283, 36.92326667 ], [ 136.755513770000022, 36.92332236 ], [ 136.756654030000021, 36.92334659 ], [ 136.757001730000013, 36.92344495 ], [ 136.757322440000024, 36.92353775 ], [ 136.75743097, 36.92360225 ], [ 136.757739690000022, 36.92361513 ], [ 136.75791881, 36.92362595 ], [ 136.757905640000018, 36.92382472 ], [ 136.757886420000034, 36.92414084 ], [ 136.75787255000003, 36.92439703 ], [ 136.75786224, 36.92458728 ], [ 136.7572183, 36.92456517 ], [ 136.75697484, 36.92455777 ], [ 136.756981780000018, 36.92439397 ], [ 136.756999580000013, 36.92411731 ], [ 136.756431850000013, 36.92409044 ], [ 136.75594684, 36.92406889 ], [ 136.755502440000015, 36.92405331 ], [ 136.75508886, 36.92400284 ], [ 136.755084690000018, 36.92400208 ], [ 136.754936390000012, 36.92396711 ], [ 136.754682700000018, 36.92392213 ], [ 136.75359078, 36.92374667 ], [ 136.753531720000012, 36.92368328 ], [ 136.75350961, 36.92365459 ], [ 136.753498220000012, 36.92362828 ], [ 136.753487830000012, 36.92361175 ], [ 136.75347908, 36.92358925 ], [ 136.75347514, 36.92357111 ], [ 136.753473610000015, 36.92355525 ], [ 136.75347414, 36.92353344 ], [ 136.753478880000017, 36.92347356 ], [ 136.753482530000014, 36.92340061 ], [ 136.753489140000028, 36.92337053 ], [ 136.75349044, 36.92335436 ], [ 136.753491340000011, 36.92334044 ], [ 136.75349017000002, 36.92328872 ], [ 136.753486980000019, 36.92320928 ], [ 136.753484550000024, 36.92313211 ], [ 136.75348442, 36.92308128 ], [ 136.75348614, 36.92306011 ], [ 136.75348642000003, 36.92300887 ], [ 136.7534817, 36.92298717 ], [ 136.753475720000012, 36.92297289 ], [ 136.753462500000012, 36.92295925 ], [ 136.75346289, 36.92292984 ], [ 136.75346389, 36.92291592 ], [ 136.75347034, 36.92290277 ], [ 136.753469490000015, 36.92288961 ], [ 136.753455030000026, 36.92286836 ], [ 136.753444140000028, 36.9228632 ], [ 136.75342778000001, 36.92285408 ], [ 136.75343139, 36.922524 ], [ 136.753375910000017, 36.92250917 ], [ 136.75361211, 36.92205253 ], [ 136.75382317, 36.92167964 ], [ 136.753933530000012, 36.92145172 ], [ 136.754771850000026, 36.92087344 ], [ 136.75500628, 36.92035922 ], [ 136.754937370000022, 36.92033753 ], [ 136.754703, 36.920841 ], [ 136.7538937, 36.92140328 ], [ 136.753754110000017, 36.92167941 ], [ 136.75363361, 36.92185844 ], [ 136.753318780000029, 36.92247297 ], [ 136.753342170000025, 36.92290736 ], [ 136.75331859, 36.92290553 ], [ 136.75326125, 36.923852 ], [ 136.75319803, 36.92391786 ], [ 136.753151280000026, 36.92397328 ], [ 136.753121920000012, 36.92401339 ], [ 136.753106280000026, 36.92404141 ], [ 136.753087810000011, 36.92408961 ], [ 136.75303717, 36.92418744 ], [ 136.753021780000012, 36.92419851 ], [ 136.7529308, 36.9242645 ], [ 136.752898290000019, 36.9243515 ], [ 136.75271188, 36.92434803 ], [ 136.75256882, 36.92443852 ], [ 136.75256232000001, 36.9245673 ], [ 136.752382410000024, 36.92452553 ], [ 136.752263200000016, 36.92461429 ], [ 136.752245860000016, 36.9246752 ], [ 136.7522437, 36.92479527 ], [ 136.752081130000022, 36.92478657 ], [ 136.751938070000023, 36.92491186 ], [ 136.75193981000001, 36.925 ], [ 136.75194023, 36.9250215 ], [ 136.75179717, 36.9250389 ], [ 136.751682300000027, 36.92516942 ], [ 136.751761050000027, 36.92506625 ], [ 136.751680130000011, 36.92517116 ], [ 136.751662790000012, 36.92529646 ], [ 136.7514287, 36.92537129 ], [ 136.75128131, 36.92549659 ], [ 136.75124879, 36.9255923 ], [ 136.75117726000002, 36.92563406 ], [ 136.7511079, 36.92573848 ], [ 136.75110140000001, 36.92579417 ], [ 136.75110140000001, 36.92583071 ], [ 136.75097134, 36.92588814 ], [ 136.75092799, 36.92592468 ], [ 136.750860790000019, 36.92604303 ], [ 136.75088464000001, 36.92609871 ], [ 136.750781830000022, 36.92612203 ], [ 136.75074516, 36.926164 ], [ 136.750748080000022, 36.92619616 ], [ 136.750778430000025, 36.92624489 ], [ 136.750672220000013, 36.92630754 ], [ 136.750628870000014, 36.92638586 ], [ 136.75064187000001, 36.92643458 ], [ 136.750535650000018, 36.92651811 ], [ 136.75047497, 36.92666777 ], [ 136.75036805000002, 36.92669877 ], [ 136.75035519, 36.92671775 ], [ 136.750275720000019, 36.92681661 ], [ 136.75026309, 36.92683772 ], [ 136.750269050000014, 36.92690096 ], [ 136.750230030000012, 36.92691837 ], [ 136.75017986, 36.92695444 ], [ 136.750160670000014, 36.92698623 ], [ 136.75015633000001, 36.92704192 ], [ 136.75003783, 36.92709375 ], [ 136.75002803000001, 36.92710787 ], [ 136.750004690000026, 36.92714778 ], [ 136.750004140000016, 36.92714872 ], [ 136.75, 36.92715684 ], [ 136.749995320000011, 36.92726282 ], [ 136.749935850000014, 36.92729434 ], [ 136.74990234, 36.92733061 ], [ 136.749882720000016, 36.92736467 ], [ 136.749858890000013, 36.92739189 ], [ 136.74985984, 36.92746639 ], [ 136.74978243000001, 36.92751322 ], [ 136.74974161, 36.92755808 ], [ 136.749724970000017, 36.9276068 ], [ 136.749767850000012, 36.92773481 ], [ 136.74968034, 36.92781677 ], [ 136.749654060000012, 36.92784289 ], [ 136.749639950000017, 36.92794828 ], [ 136.74966014, 36.92803115 ], [ 136.74961077, 36.92806178 ], [ 136.749559340000019, 36.92821725 ], [ 136.749605160000016, 36.92827886 ], [ 136.74953560000003, 36.92832119 ], [ 136.74950643, 36.92840676 ], [ 136.749525500000033, 36.92851305 ], [ 136.74946073000001, 36.9285958 ], [ 136.749454230000026, 36.92866978 ], [ 136.74944986, 36.92869511 ], [ 136.74947053, 36.92873193 ], [ 136.749494100000021, 36.92879318 ], [ 136.74935048, 36.92891027 ], [ 136.749349360000025, 36.92895441 ], [ 136.749384140000018, 36.92901205 ], [ 136.749390870000013, 36.92910032 ], [ 136.749390870000013, 36.92915257 ], [ 136.749302230000012, 36.92936605 ], [ 136.749313450000017, 36.92941288 ], [ 136.749367310000025, 36.92946963 ], [ 136.74932798, 36.92959114 ], [ 136.74933389, 36.92962353 ], [ 136.749388340000024, 36.92972634 ], [ 136.74943995000001, 36.92977318 ], [ 136.74935847, 36.92989995 ], [ 136.749373220000024, 36.92997769 ], [ 136.749405380000013, 36.93009697 ], [ 136.74948595, 36.93021004 ], [ 136.74947352, 36.93027713 ], [ 136.749458560000022, 36.93032877 ], [ 136.749549800000011, 36.93041884 ], [ 136.74947585000001, 36.93059977 ], [ 136.749453970000019, 36.93065516 ], [ 136.74950783, 36.93078758 ], [ 136.749512880000026, 36.93098349 ], [ 136.749541490000013, 36.93104834 ], [ 136.749608810000012, 36.93115643 ], [ 136.749492690000011, 36.9312402 ], [ 136.74958188, 36.93137126 ], [ 136.749659300000019, 36.93156447 ], [ 136.74975018, 36.93161312 ], [ 136.74971625, 36.93179528 ], [ 136.74986632, 36.93186713 ], [ 136.74983266000001, 36.93194684 ], [ 136.749857890000015, 36.93210672 ], [ 136.74988317, 36.93215117 ], [ 136.74995567000002, 36.93228392 ], [ 136.75, 36.93236095 ], [ 136.750004690000026, 36.93236905 ], [ 136.750083280000013, 36.93240395 ], [ 136.750068110000029, 36.93247531 ], [ 136.75012881, 36.93255187 ], [ 136.750206850000012, 36.93257972 ], [ 136.75021192, 36.93266687 ], [ 136.75024713000002, 36.93272292 ], [ 136.750310900000017, 36.93279551 ], [ 136.75030007, 36.93284771 ], [ 136.750356420000031, 36.93298694 ], [ 136.75044531, 36.93301304 ], [ 136.750430130000012, 36.93306524 ], [ 136.75044531, 36.9331888 ], [ 136.75046703000001, 36.9332445 ], [ 136.75053022, 36.9333322 ], [ 136.750531020000011, 36.93333333 ], [ 136.750569580000018, 36.9333868 ], [ 136.75067508, 36.93343243 ], [ 136.75066424000002, 36.93349683 ], [ 136.75065633, 36.93351105 ], [ 136.75068898, 36.93354189 ], [ 136.750746, 36.9336068 ], [ 136.750801720000027, 36.93366186 ], [ 136.750894030000012, 36.93369347 ], [ 136.75093088, 36.93376308 ], [ 136.75090572000002, 36.93388753 ], [ 136.750916500000017, 36.93391828 ], [ 136.750938220000023, 36.93394469 ], [ 136.750970890000019, 36.93396784 ], [ 136.75106353000001, 36.93402013 ], [ 136.75109623, 36.9340378 ], [ 136.751124770000018, 36.93406095 ], [ 136.75118235, 36.93406936 ], [ 136.75117642, 36.93411597 ], [ 136.75121506, 36.93419441 ], [ 136.751314580000013, 36.93431648 ], [ 136.75132975, 36.93439479 ], [ 136.75137962, 36.93443656 ], [ 136.75140780000001, 36.93448877 ], [ 136.751427, 36.93457553 ], [ 136.7514445, 36.93462059 ], [ 136.751474230000014, 36.93468211 ], [ 136.75157255000002, 36.93472717 ], [ 136.751717790000015, 36.93472543 ], [ 136.751739480000026, 36.9347411 ], [ 136.75171563, 36.93484725 ], [ 136.751748140000018, 36.93490641 ], [ 136.75181318, 36.93494644 ], [ 136.75198444, 36.93499169 ], [ 136.752049470000031, 36.93511524 ], [ 136.75215975, 36.93517089 ], [ 136.752199860000019, 36.93519122 ], [ 136.752299140000019, 36.93524156 ], [ 136.752324690000023, 36.93527956 ], [ 136.75235462, 36.93530839 ], [ 136.75238601, 36.93532572 ], [ 136.75251122, 36.935338 ], [ 136.752543730000014, 36.93538324 ], [ 136.7526402, 36.93542887 ], [ 136.75270416, 36.93544937 ], [ 136.75286241, 36.9354894 ], [ 136.75287975, 36.93559381 ], [ 136.752983809999989, 36.93563906 ], [ 136.75303367, 36.93569127 ], [ 136.753133390000016, 36.93570693 ], [ 136.75331115, 36.93588269 ], [ 136.7534087, 36.93589487 ], [ 136.75342606000001, 36.93598537 ], [ 136.75346724, 36.93602191 ], [ 136.753545280000026, 36.93604279 ], [ 136.75359297, 36.93612981 ], [ 136.753731720000019, 36.93616461 ], [ 136.75375556, 36.93619071 ], [ 136.75380542, 36.93627599 ], [ 136.753819920000012, 36.936295 ], [ 136.753838910000013, 36.93631117 ], [ 136.75385506, 36.93632805 ], [ 136.75396802, 36.93636996 ], [ 136.753978860000018, 36.93644305 ], [ 136.754030880000016, 36.936497 ], [ 136.754126260000021, 36.93652136 ], [ 136.754154450000016, 36.93657704 ], [ 136.75421298, 36.93665884 ], [ 136.7543062, 36.93673019 ], [ 136.754405930000019, 36.93676674 ], [ 136.75447096000002, 36.93687637 ], [ 136.754546840000017, 36.93693031 ], [ 136.754629220000027, 36.93695294 ], [ 136.75465739, 36.93698252 ], [ 136.754620540000019, 36.93705387 ], [ 136.754624690000014, 36.93713205 ], [ 136.75481349, 36.93714437 ], [ 136.754791800000021, 36.93726967 ], [ 136.75486551000003, 36.93734623 ], [ 136.754999920000017, 36.93737408 ], [ 136.7550062, 36.93750584 ], [ 136.755015970000017, 36.93751692 ], [ 136.755071470000019, 36.93756551 ], [ 136.75517986, 36.93759857 ], [ 136.755227550000029, 36.93769602 ], [ 136.755264110000013, 36.93776672 ], [ 136.75539665, 36.93783524 ], [ 136.755476860000016, 36.93785264 ], [ 136.75550071, 36.93792748 ], [ 136.755524090000023, 36.93795947 ], [ 136.75555707, 36.93798838 ], [ 136.75562428, 36.93799013 ], [ 136.75558842, 36.93806003 ], [ 136.755612110000015, 36.93808844 ], [ 136.75570883, 36.93811716 ], [ 136.75571317, 36.93818503 ], [ 136.75577547, 36.93823489 ], [ 136.755847570000014, 36.93829118 ], [ 136.75593429, 36.93829814 ], [ 136.75596464, 36.9384217 ], [ 136.7560145, 36.93846868 ], [ 136.756135910000012, 36.93848435 ], [ 136.756161920000011, 36.93859747 ], [ 136.756257310000024, 36.93863923 ], [ 136.7563527, 36.93864619 ], [ 136.756374380000011, 36.93871928 ], [ 136.75645384, 36.93879569 ], [ 136.756510960000014, 36.938815 ], [ 136.7566237, 36.93883587 ], [ 136.75670044, 36.93898267 ], [ 136.756751590000022, 36.9390099 ], [ 136.756877340000017, 36.93902731 ], [ 136.756855660000014, 36.93910735 ], [ 136.756886020000024, 36.93916131 ], [ 136.756966230000018, 36.93921699 ], [ 136.757050780000014, 36.93922743 ], [ 136.757037770000011, 36.93933185 ], [ 136.757098470000017, 36.93936665 ], [ 136.75724589, 36.93937883 ], [ 136.75727624000001, 36.93953371 ], [ 136.7573803, 36.93960854 ], [ 136.757464850000019, 36.9396155 ], [ 136.75749438, 36.93973928 ], [ 136.757579530000015, 36.93981395 ], [ 136.75773368000003, 36.9398574 ], [ 136.757747450000011, 36.93999372 ], [ 136.75780161, 36.94003759 ], [ 136.757959140000025, 36.94000532 ], [ 136.757985160000032, 36.94010277 ], [ 136.758119580000027, 36.94015846 ], [ 136.75824748, 36.94014802 ], [ 136.758252090000013, 36.94026495 ], [ 136.7582662, 36.94030403 ], [ 136.75827211, 36.94033222 ], [ 136.758278750000017, 36.94036384 ], [ 136.758288560000011, 36.94040522 ], [ 136.75831531, 36.94049272 ], [ 136.758286640000023, 36.94051692 ], [ 136.7582983, 36.9405622 ], [ 136.75830776, 36.94058331 ], [ 136.758324140000013, 36.94060025 ], [ 136.758333330000028, 36.94060453 ], [ 136.75833803, 36.94060672 ], [ 136.75837302, 36.94062303 ], [ 136.758419690000011, 36.94063997 ], [ 136.75844053, 36.9406608 ], [ 136.75847553, 36.94069108 ], [ 136.75852691, 36.94070997 ], [ 136.758508300000017, 36.94074775 ], [ 136.758508300000017, 36.94078192 ], [ 136.75851053, 36.94083497 ], [ 136.75851997, 36.94087859 ], [ 136.758557200000013, 36.94091053 ], [ 136.75859691, 36.94097887 ], [ 136.758634140000026, 36.94102053 ], [ 136.75867163, 36.94104692 ], [ 136.758729970000019, 36.94105247 ], [ 136.75879053, 36.94106386 ], [ 136.75883248, 36.94108664 ], [ 136.758830250000017, 36.94111497 ], [ 136.758802190000011, 36.94116803 ], [ 136.75881859, 36.9412022 ], [ 136.75886275000002, 36.94123997 ], [ 136.75888387, 36.94136497 ], [ 136.75892109, 36.94141775 ], [ 136.758965530000012, 36.94142747 ], [ 136.75904248, 36.94145387 ], [ 136.75907497, 36.94149914 ], [ 136.75907275, 36.94158247 ], [ 136.75910997, 36.94163164 ], [ 136.759149690000015, 36.94166553 ], [ 136.759151050000014, 36.94166667 ], [ 136.75919886, 36.94170747 ], [ 136.759254700000014, 36.94170553 ], [ 136.759249970000013, 36.94180025 ], [ 136.759273310000026, 36.94182664 ], [ 136.75932942, 36.94184192 ], [ 136.75932942, 36.94186275 ], [ 136.75934331000002, 36.94190997 ], [ 136.75937608000001, 36.94194413 ], [ 136.75945525, 36.94199136 ], [ 136.75955803, 36.94203859 ], [ 136.75960691, 36.94206525 ], [ 136.759679140000031, 36.94211636 ], [ 136.759765250000015, 36.94213913 ], [ 136.75979331000002, 36.94222413 ], [ 136.759830530000016, 36.94228859 ], [ 136.7598983, 36.94231886 ], [ 136.759940250000028, 36.94238136 ], [ 136.759947200000028, 36.94246636 ], [ 136.75996358, 36.94250441 ], [ 136.75999608, 36.94254025 ], [ 136.760049690000017, 36.94254025 ], [ 136.76010109, 36.94256497 ], [ 136.76016635000002, 36.94259525 ], [ 136.760215530000011, 36.94264053 ], [ 136.76029942, 36.94268025 ], [ 136.760334420000021, 36.94272164 ], [ 136.760332190000014, 36.94280692 ], [ 136.760364690000017, 36.94283525 ], [ 136.760499970000012, 36.94286747 ], [ 136.76054664000003, 36.94288831 ], [ 136.76056053, 36.94293941 ], [ 136.76058387, 36.94301331 ], [ 136.760609690000024, 36.9430322 ], [ 136.76070053, 36.94302636 ], [ 136.760712190000021, 36.94304525 ], [ 136.7607308, 36.94311553 ], [ 136.76075886000001, 36.94315331 ], [ 136.7608008, 36.94317025 ], [ 136.760873310000022, 36.94318359 ], [ 136.760943310000016, 36.9432308 ], [ 136.760996910000017, 36.94326303 ], [ 136.76110219, 36.94331441 ], [ 136.761172190000025, 36.9433708 ], [ 136.761368590000018, 36.94347775 ], [ 136.76167691, 36.94371441 ], [ 136.76173302, 36.94377636 ], [ 136.76183136, 36.94392831 ], [ 136.76188747, 36.94410859 ], [ 136.761936640000016, 36.94426636 ], [ 136.76195776000003, 36.9443958 ], [ 136.762062750000013, 36.94485775 ], [ 136.762062750000013, 36.94505497 ], [ 136.762013860000025, 36.94545469 ], [ 136.761978590000012, 36.94560108 ], [ 136.76188747, 36.94577553 ], [ 136.76174720000003, 36.94597275 ], [ 136.76169803, 36.94609108 ], [ 136.76159275, 36.94642914 ], [ 136.761543860000018, 36.94672747 ], [ 136.761536640000031, 36.9468122 ], [ 136.76145248, 36.94695859 ], [ 136.76145248, 36.94699803 ], [ 136.76140331000002, 36.94717247 ], [ 136.761347200000017, 36.94730192 ], [ 136.76120691, 36.94751025 ], [ 136.760975520000017, 36.94781441 ], [ 136.76063886, 36.94828192 ], [ 136.760561630000012, 36.94842275 ], [ 136.760449420000015, 36.94865386 ], [ 136.760344140000029, 36.94894105 ], [ 136.76025997, 36.94909884 ], [ 136.75995136, 36.9495605 ], [ 136.75959358, 36.94992661 ], [ 136.75950864, 36.94999884 ], [ 136.75950728, 36.95 ], [ 136.75923581, 36.95023078 ], [ 136.759032190000028, 36.95034914 ], [ 136.758870800000011, 36.95041664 ], [ 136.75875163, 36.95042775 ], [ 136.758723310000022, 36.9503958 ], [ 136.758624700000013, 36.95033108 ], [ 136.758436640000014, 36.95035108 ], [ 136.75836358, 36.95039303 ], [ 136.75833803, 36.95038817 ], [ 136.758333330000028, 36.95038728 ], [ 136.75832553, 36.9503858 ], [ 136.758194140000029, 36.95034053 ], [ 136.758163310000015, 36.95034941 ], [ 136.758061090000012, 36.95032414 ], [ 136.757998860000015, 36.95029608 ], [ 136.75792608, 36.9503158 ], [ 136.75785192, 36.95030303 ], [ 136.757749690000026, 36.95031164 ], [ 136.75766581000002, 36.95032664 ], [ 136.75758553, 36.95031303 ], [ 136.75752997, 36.95031303 ], [ 136.757500530000016, 36.9502722 ], [ 136.75746275, 36.95024969 ], [ 136.7574108, 36.95024969 ], [ 136.757334690000022, 36.95028053 ], [ 136.757261920000019, 36.95024969 ], [ 136.757218030000018, 36.95024747 ], [ 136.75719608, 36.95024553 ], [ 136.757130530000012, 36.95028192 ], [ 136.757026640000021, 36.95025803 ], [ 136.756943580000012, 36.9503072 ], [ 136.756820800000014, 36.95031303 ], [ 136.756767200000013, 36.95033969 ], [ 136.756637470000015, 36.95034941 ], [ 136.75651636, 36.95036053 ], [ 136.756360780000023, 36.95031859 ], [ 136.75629161, 36.95031164 ], [ 136.756165230000022, 36.95037608 ], [ 136.756137450000011, 36.95040692 ], [ 136.756114940000032, 36.95044359 ], [ 136.756104670000013, 36.95052359 ], [ 136.756080510000032, 36.95055859 ], [ 136.75606939, 36.95059664 ], [ 136.75577078, 36.95152831 ], [ 136.75599467, 36.95206414 ], [ 136.756499140000017, 36.95331836 ], [ 136.75657519, 36.95329325 ], [ 136.756075470000013, 36.95204484 ], [ 136.756172720000023, 36.9520222 ], [ 136.756086610000011, 36.95183108 ], [ 136.75659772, 36.95166803 ], [ 136.756666610000025, 36.95185441 ], [ 136.75806467000001, 36.95149859 ], [ 136.75829737, 36.95165369 ], [ 136.758333330000028, 36.95165413 ], [ 136.75833803, 36.9516542 ], [ 136.758889340000025, 36.951661 ], [ 136.75888995, 36.95159275 ], [ 136.75833803, 36.95158687 ], [ 136.758333330000028, 36.95158684 ], [ 136.758326610000012, 36.95158675 ], [ 136.75816372, 36.95147489 ], [ 136.75790109, 36.95127664 ], [ 136.758061920000017, 36.95118859 ], [ 136.758333330000028, 36.95120367 ], [ 136.75833803, 36.95120395 ], [ 136.758561360000016, 36.95121633 ], [ 136.75898053, 36.951058 ], [ 136.75918747, 36.95099272 ], [ 136.75920428, 36.95128403 ], [ 136.759210530000018, 36.95203228 ], [ 136.75833803, 36.95227339 ], [ 136.758333330000028, 36.95227469 ], [ 136.757052440000024, 36.95262867 ], [ 136.757076610000013, 36.95268867 ], [ 136.758333330000028, 36.95233623 ], [ 136.75833803, 36.95233489 ], [ 136.75928678, 36.95206884 ], [ 136.75927109, 36.95122847 ], [ 136.75960053, 36.950918 ], [ 136.759733860000011, 36.95090105 ], [ 136.75988109, 36.9508955 ], [ 136.76003553000001, 36.95092356 ], [ 136.76025997, 36.95099105 ], [ 136.76046331, 36.9510755 ], [ 136.760694700000016, 36.95119967 ], [ 136.760757760000018, 36.95123911 ], [ 136.7609472, 36.9513405 ], [ 136.76171886, 36.95184161 ], [ 136.762118860000015, 36.95212884 ], [ 136.762244970000012, 36.95220744 ], [ 136.762455530000011, 36.95236522 ], [ 136.76248358, 36.95237661 ], [ 136.762595810000022, 36.95246105 ], [ 136.76275691, 36.952568 ], [ 136.76312859, 36.95281605 ], [ 136.763444420000013, 36.95307495 ], [ 136.76357776, 36.95317077 ], [ 136.76375302, 36.95335105 ], [ 136.763843310000027, 36.953473 ], [ 136.7640408, 36.95373967 ], [ 136.76420914000002, 36.95400439 ], [ 136.764356350000014, 36.95426356 ], [ 136.76444025, 36.954393 ], [ 136.764868300000018, 36.95483244 ], [ 136.765254140000025, 36.95527717 ], [ 136.76551358, 36.95568272 ], [ 136.765555810000023, 36.95576161 ], [ 136.76568192000002, 36.95599272 ], [ 136.766235810000012, 36.95687133 ], [ 136.76666667, 36.95790864 ], [ 136.76667136, 36.95791992 ], [ 136.76671302, 36.95802022 ], [ 136.76682406, 36.95833217 ], [ 136.766824470000017, 36.95833333 ], [ 136.76711997000001, 36.95916356 ], [ 136.76730914, 36.95956911 ], [ 136.767414140000028, 36.95985661 ], [ 136.767659690000016, 36.96070105 ], [ 136.767989420000021, 36.96174884 ], [ 136.76801358, 36.96183467 ], [ 136.768031630000024, 36.961918 ], [ 136.768094690000027, 36.96221633 ], [ 136.768129690000023, 36.962453 ], [ 136.76825761, 36.96272392 ], [ 136.76827717, 36.96296522 ], [ 136.76844828, 36.96367633 ], [ 136.770903310000023, 36.96393551 ], [ 136.771688860000012, 36.96403022 ], [ 136.77317109, 36.96420884 ], [ 136.773287470000014, 36.964223 ], [ 136.774651630000022, 36.96437189 ], [ 136.775, 36.96440828 ], [ 136.775004700000011, 36.96440878 ], [ 136.77568553, 36.96447995 ], [ 136.776071090000016, 36.96451744 ], [ 136.776594690000024, 36.96459578 ], [ 136.77701747, 36.96464772 ], [ 136.77735275, 36.96466633 ], [ 136.77749053, 36.96465522 ], [ 136.777619140000013, 36.964603 ], [ 136.777761630000015, 36.96448384 ], [ 136.777885520000012, 36.96431967 ], [ 136.777986640000023, 36.96419689 ], [ 136.77800830000001, 36.96410328 ], [ 136.77800163, 36.96407328 ], [ 136.777991360000016, 36.96402522 ], [ 136.778055530000017, 36.96395439 ], [ 136.77827442, 36.96383884 ], [ 136.77845525, 36.96373467 ], [ 136.77855636000001, 36.96365244 ], [ 136.77871248, 36.96349605 ], [ 136.778864140000024, 36.96338051 ], [ 136.77908942000002, 36.96319047 ], [ 136.77952109, 36.96290741 ], [ 136.779704690000017, 36.96277297 ], [ 136.779810250000025, 36.96272464 ], [ 136.77996192, 36.96270603 ], [ 136.7802972, 36.96261269 ], [ 136.780646350000012, 36.96248992 ], [ 136.7808808, 36.96237436 ], [ 136.78105525, 36.9622252 ], [ 136.78118859, 36.96207241 ], [ 136.781294140000028, 36.96194547 ], [ 136.781340250000028, 36.96186741 ], [ 136.78140442, 36.96165492 ], [ 136.78145497, 36.96146464 ], [ 136.78156997, 36.96133825 ], [ 136.781638860000015, 36.96127131 ], [ 136.781703060000012, 36.96119297 ], [ 136.78168944, 36.96112964 ], [ 136.78164333, 36.96106603 ], [ 136.78160667, 36.96096187 ], [ 136.781574450000022, 36.9608238 ], [ 136.781592780000011, 36.96068603 ], [ 136.78164333, 36.9605852 ], [ 136.78171222, 36.9603952 ], [ 136.78178112, 36.96031687 ], [ 136.781859170000018, 36.96018631 ], [ 136.78194667, 36.96009325 ], [ 136.782061390000024, 36.95999269 ], [ 136.782199170000013, 36.95990686 ], [ 136.78237389, 36.95980992 ], [ 136.78253917, 36.95971686 ], [ 136.782727500000021, 36.95964214 ], [ 136.78283611, 36.95959811 ], [ 136.783198780000021, 36.95937475 ], [ 136.78333333, 36.95925364 ], [ 136.78333805, 36.95924939 ], [ 136.783615520000012, 36.95899964 ], [ 136.783621220000015, 36.95863825 ], [ 136.783581280000021, 36.95839117 ], [ 136.78357066, 36.95833333 ], [ 136.78357044, 36.95833214 ], [ 136.78352419, 36.95808008 ], [ 136.783387170000026, 36.95768667 ], [ 136.78333805, 36.9575448 ], [ 136.78333333, 36.9575312 ], [ 136.78314167, 36.95697759 ], [ 136.782919030000016, 36.95611751 ], [ 136.783307220000012, 36.95596653 ], [ 136.78269064, 36.95499664 ], [ 136.78333333, 36.9547765 ], [ 136.78333805, 36.95477486 ], [ 136.78343852, 36.95474044 ], [ 136.78333805, 36.95456372 ], [ 136.78333333, 36.95455541 ], [ 136.782970390000031, 36.953917 ], [ 136.783021780000013, 36.95377061 ], [ 136.78314167, 36.95366997 ], [ 136.78333333, 36.95356084 ], [ 136.78333805, 36.95355814 ], [ 136.78335859, 36.95354644 ], [ 136.783467060000021, 36.95351441 ], [ 136.783592670000019, 36.95350984 ], [ 136.783712550000018, 36.95341833 ], [ 136.78393949, 36.95339089 ], [ 136.784219220000011, 36.95330167 ], [ 136.78439917, 36.95311436 ], [ 136.784427500000021, 36.9530788 ], [ 136.78462027, 36.95276936 ], [ 136.78474445, 36.9526352 ], [ 136.785107220000015, 36.9522738 ], [ 136.785387500000013, 36.95200936 ], [ 136.785449200000016, 36.95183464 ], [ 136.785451970000025, 36.95182659 ], [ 136.785530030000018, 36.95168492 ], [ 136.7857228, 36.95139047 ], [ 136.785823920000013, 36.95127131 ], [ 136.785925030000016, 36.95108492 ], [ 136.78602613000001, 36.95099159 ], [ 136.78613642000002, 36.95081631 ], [ 136.786375310000011, 36.95049213 ], [ 136.786471700000021, 36.95033187 ], [ 136.78658669, 36.95017547 ], [ 136.786600310000011, 36.95013464 ], [ 136.786576810000014, 36.95 ], [ 136.786576610000026, 36.9499988 ], [ 136.786554470000027, 36.94986992 ], [ 136.78657752, 36.94971714 ], [ 136.786614190000023, 36.94935547 ], [ 136.78660503, 36.94919159 ], [ 136.78664475, 36.94910659 ], [ 136.78665558, 36.94908353 ], [ 136.786677500000025, 36.94906872 ], [ 136.78682086, 36.94897159 ], [ 136.78698614000001, 36.94889714 ], [ 136.78715614, 36.9488338 ], [ 136.78732614, 36.94878159 ], [ 136.787533090000011, 36.94875547 ], [ 136.787633920000019, 36.94873687 ], [ 136.78774891, 36.94865853 ], [ 136.78792808, 36.94848686 ], [ 136.788051970000026, 36.9483788 ], [ 136.78826336, 36.94826325 ], [ 136.78858503, 36.94821131 ], [ 136.78885614, 36.94821131 ], [ 136.78917752000001, 36.9482002 ], [ 136.789554470000013, 36.94809964 ], [ 136.78973808, 36.94799159 ], [ 136.789774750000021, 36.94793187 ], [ 136.789834470000017, 36.94783492 ], [ 136.789862240000019, 36.94774186 ], [ 136.789871410000018, 36.94754047 ], [ 136.789990859999989, 36.94714159 ], [ 136.790004470000014, 36.94703714 ], [ 136.790110310000017, 36.94691047 ], [ 136.790225030000016, 36.94685825 ], [ 136.790408910000025, 36.94670908 ], [ 136.790583090000013, 36.94655269 ], [ 136.790636980000016, 36.9464988 ], [ 136.79075781, 36.94637769 ], [ 136.79087253000003, 36.94631075 ], [ 136.79103336, 36.94617659 ], [ 136.791226420000015, 36.94611686 ], [ 136.791437520000017, 36.94610936 ], [ 136.791666670000012, 36.94611859 ], [ 136.791671410000021, 36.94611878 ], [ 136.79180975, 36.94612436 ], [ 136.79213586, 36.94617659 ], [ 136.792480580000017, 36.94617659 ], [ 136.7927928, 36.94613547 ], [ 136.79319725000002, 36.94603853 ], [ 136.793537250000014, 36.94600131 ], [ 136.793647, 36.94593797 ], [ 136.79371144000001, 36.94596769 ], [ 136.79371978, 36.9460738 ], [ 136.793729750000011, 36.9461988 ], [ 136.79368392, 36.94633297 ], [ 136.79367475, 36.94663492 ], [ 136.793688370000012, 36.94682131 ], [ 136.793766420000026, 36.94701131 ], [ 136.793830860000014, 36.94713797 ], [ 136.79404224000001, 36.94723853 ], [ 136.794225860000012, 36.94737269 ], [ 136.7943592, 36.9476002 ], [ 136.794542800000016, 36.94792797 ], [ 136.79462558, 36.94826353 ], [ 136.794768080000011, 36.94854325 ], [ 136.79485086, 36.94891575 ], [ 136.79489197, 36.94932964 ], [ 136.79492891000001, 36.94952713 ], [ 136.795011140000014, 36.94987353 ], [ 136.795011140000014, 36.9499988 ], [ 136.795011140000014, 36.95 ], [ 136.795011140000014, 36.95009714 ], [ 136.7950217, 36.95031408 ], [ 136.79502503, 36.95038047 ], [ 136.795066420000012, 36.95057436 ], [ 136.79513531, 36.95068241 ], [ 136.795218080000012, 36.95074575 ], [ 136.79533752, 36.95084659 ], [ 136.79551197, 36.95105159 ], [ 136.795760030000025, 36.95134213 ], [ 136.7960128, 36.95171131 ], [ 136.7961828, 36.9519088 ], [ 136.796265300000016, 36.95213241 ], [ 136.796265300000016, 36.95235213 ], [ 136.79618725, 36.95251603 ], [ 136.796118370000016, 36.95265408 ], [ 136.796021970000027, 36.95281797 ], [ 136.795925580000016, 36.95300825 ], [ 136.795723360000011, 36.95342936 ], [ 136.79569586, 36.95361575 ], [ 136.795705030000022, 36.95379103 ], [ 136.795654470000017, 36.95422325 ], [ 136.795557520000017, 36.95497964 ], [ 136.79543365, 36.95524436 ], [ 136.795323640000021, 36.95545687 ], [ 136.795218080000012, 36.95561713 ], [ 136.79502058, 36.95583325 ], [ 136.79473558, 36.95601214 ], [ 136.79458392, 36.9561502 ], [ 136.794515030000014, 36.95629547 ], [ 136.794450860000012, 36.95653408 ], [ 136.794404750000012, 36.95695492 ], [ 136.794391410000031, 36.95708297 ], [ 136.79437253, 36.95726269 ], [ 136.794358910000028, 36.95739103 ], [ 136.79429891, 36.95783464 ], [ 136.794271410000022, 36.95787936 ], [ 136.79407419, 36.95787575 ], [ 136.793678910000011, 36.95782714 ], [ 136.793351410000014, 36.95777659 ], [ 136.79317364000002, 36.95774908 ], [ 136.792645310000012, 36.95771186 ], [ 136.792038890000015, 36.9577788 ], [ 136.79167139, 36.95781317 ], [ 136.791666670000012, 36.95781361 ], [ 136.791400270000025, 36.95783853 ], [ 136.79117973000001, 36.95789797 ], [ 136.791051110000012, 36.95797631 ], [ 136.79084, 36.95824464 ], [ 136.790797890000022, 36.95833214 ], [ 136.79079733, 36.95833333 ], [ 136.790725280000032, 36.95848297 ], [ 136.79055528, 36.95880353 ], [ 136.790441110000017, 36.95906464 ], [ 136.790357780000022, 36.95925464 ], [ 136.79022889, 36.95956408 ], [ 136.79014139, 36.95982131 ], [ 136.790086390000027, 36.95986964 ], [ 136.789801950000026, 36.96012686 ], [ 136.78960416000001, 36.96033575 ], [ 136.78950778, 36.96049936 ], [ 136.78947555000002, 36.96066714 ], [ 136.789452780000033, 36.96081992 ], [ 136.78940667, 36.9610138 ], [ 136.78936973, 36.96134547 ], [ 136.789333060000018, 36.96149103 ], [ 136.789259440000023, 36.96169603 ], [ 136.78924555, 36.96183741 ], [ 136.789291670000011, 36.96196047 ], [ 136.78924555, 36.96219547 ], [ 136.789176670000018, 36.96228853 ], [ 136.789107780000023, 36.96243408 ], [ 136.789116940000014, 36.96252353 ], [ 136.789126110000012, 36.96260908 ], [ 136.789158340000029, 36.96279936 ], [ 136.789222780000017, 36.96301131 ], [ 136.789227220000015, 36.96314936 ], [ 136.78920416, 36.96329853 ], [ 136.789167500000019, 36.9634102 ], [ 136.78918139000001, 36.96348492 ], [ 136.789222780000017, 36.96355936 ], [ 136.78930083000003, 36.96375325 ], [ 136.78930528, 36.96384631 ], [ 136.789273330000015, 36.96391353 ], [ 136.789185840000016, 36.96400297 ], [ 136.789116940000014, 36.96408492 ], [ 136.78908472, 36.96411853 ], [ 136.789089440000026, 36.96417436 ], [ 136.789153890000023, 36.96420047 ], [ 136.78931, 36.96424159 ], [ 136.789406390000011, 36.96428992 ], [ 136.78953056, 36.96437936 ], [ 136.78953722, 36.96438297 ], [ 136.789672780000018, 36.96445408 ], [ 136.789851950000013, 36.96451741 ], [ 136.78991167, 36.96457714 ], [ 136.78997139, 36.96471853 ], [ 136.78994445, 36.96484714 ], [ 136.789791950000023, 36.96521825 ], [ 136.789678660000021, 36.96532551 ], [ 136.789411630000018, 36.96539608 ], [ 136.78930139000002, 36.96547603 ], [ 136.78916222, 36.9656752 ], [ 136.789062780000023, 36.96584187 ], [ 136.788929920000015, 36.96600495 ], [ 136.78885083000003, 36.96613214 ], [ 136.78891694, 36.96619131 ], [ 136.78902306, 36.96622353 ], [ 136.78915555, 36.96621269 ], [ 136.789275010000011, 36.96623964 ], [ 136.78945389, 36.96626659 ], [ 136.78962611, 36.96630436 ], [ 136.78967222, 36.9663902 ], [ 136.789712220000013, 36.96650325 ], [ 136.789805550000011, 36.96666547 ], [ 136.789806230000011, 36.96666667 ], [ 136.789897780000018, 36.96682575 ], [ 136.79009639, 36.96694408 ], [ 136.79028222, 36.96705187 ], [ 136.79049416, 36.96715936 ], [ 136.79072611, 36.96726686 ], [ 136.79088416, 36.96733241 ], [ 136.791037780000011, 36.96739603 ], [ 136.791282780000017, 36.96747131 ], [ 136.79142195, 36.96747131 ], [ 136.79150167, 36.96741213 ], [ 136.791620830000028, 36.96730436 ], [ 136.791666670000012, 36.96723761 ], [ 136.79167139, 36.96723075 ], [ 136.79168722, 36.96720769 ], [ 136.79175333, 36.96704631 ], [ 136.791912500000024, 36.9669388 ], [ 136.79205167, 36.96686353 ], [ 136.79223722, 36.96683131 ], [ 136.79242278000001, 36.9667452 ], [ 136.792547250000013, 36.96666667 ], [ 136.79254914, 36.96666547 ], [ 136.79266139, 36.96659464 ], [ 136.792800560000018, 36.96646547 ], [ 136.792992500000025, 36.96626659 ], [ 136.79321139000001, 36.96602464 ], [ 136.793370270000025, 36.9658688 ], [ 136.79348306, 36.96583131 ], [ 136.793589170000018, 36.96583659 ], [ 136.793688340000017, 36.96592269 ], [ 136.793814450000013, 36.96601964 ], [ 136.793913890000027, 36.96606241 ], [ 136.794092780000028, 36.96618047 ], [ 136.794351120000016, 36.96620214 ], [ 136.794563330000017, 36.96613769 ], [ 136.794682500000022, 36.96607853 ], [ 136.794788610000012, 36.96598714 ], [ 136.794994160000016, 36.96578825 ], [ 136.79507501, 36.96568964 ], [ 136.79524584, 36.96548187 ], [ 136.79539834000002, 36.96532575 ], [ 136.795583890000017, 36.96520214 ], [ 136.795829170000019, 36.96502992 ], [ 136.79613416, 36.96487936 ], [ 136.796445550000016, 36.96468575 ], [ 136.79660472, 36.9646752 ], [ 136.79670416, 36.96472353 ], [ 136.79688306, 36.96489547 ], [ 136.797028610000012, 36.96511075 ], [ 136.79723389000003, 36.96538492 ], [ 136.79741306, 36.9655838 ], [ 136.797578610000016, 36.96571297 ], [ 136.797751120000015, 36.96577214 ], [ 136.798009440000016, 36.96582047 ], [ 136.798241390000015, 36.96577214 ], [ 136.79845361, 36.9656752 ], [ 136.798625840000028, 36.96551936 ], [ 136.798778340000013, 36.96533103 ], [ 136.798930830000018, 36.96518603 ], [ 136.799116390000023, 36.96501936 ], [ 136.799281950000022, 36.96491714 ], [ 136.799454450000013, 36.96490631 ], [ 136.799719470000014, 36.96489547 ], [ 136.8, 36.96486972 ], [ 136.80000475, 36.96486931 ], [ 136.800070580000011, 36.96486325 ], [ 136.800534470000031, 36.96483631 ], [ 136.800733090000023, 36.96480408 ], [ 136.800852530000014, 36.9647288 ], [ 136.800925300000017, 36.96463214 ], [ 136.800971700000019, 36.96451408 ], [ 136.80097837, 36.96442797 ], [ 136.800971700000019, 36.96432575 ], [ 136.80091224, 36.9641052 ], [ 136.80093864, 36.96397075 ], [ 136.80102475000001, 36.96385797 ], [ 136.801170580000019, 36.96375575 ], [ 136.801356130000016, 36.96363741 ], [ 136.80155503, 36.96359436 ], [ 136.80176058, 36.96352464 ], [ 136.801972530000029, 36.96347075 ], [ 136.802125030000013, 36.9634438 ], [ 136.80229725, 36.96340075 ], [ 136.80242336, 36.96333103 ], [ 136.802489470000012, 36.96321797 ], [ 136.802502800000013, 36.96309964 ], [ 136.802443090000025, 36.96295464 ], [ 136.80240336, 36.96284159 ], [ 136.802343650000012, 36.96278241 ], [ 136.80219781, 36.96273408 ], [ 136.8021492, 36.96271408 ], [ 136.801886420000017, 36.96260492 ], [ 136.801535030000025, 36.96249741 ], [ 136.80125698, 36.96236825 ], [ 136.801131140000024, 36.9622288 ], [ 136.80095891000002, 36.96200297 ], [ 136.80070031, 36.9615888 ], [ 136.80060086, 36.96140075 ], [ 136.800435310000012, 36.96120714 ], [ 136.800256420000011, 36.96105103 ], [ 136.80000475, 36.9609032 ], [ 136.8, 36.96090039 ], [ 136.79999114, 36.9608952 ], [ 136.799838640000019, 36.96077686 ], [ 136.79963336, 36.96065853 ], [ 136.799460860000011, 36.9605188 ], [ 136.799421140000021, 36.96038964 ], [ 136.799368080000022, 36.96028214 ], [ 136.799277250000017, 36.9602452 ], [ 136.799209470000022, 36.96021769 ], [ 136.79910336, 36.96021769 ], [ 136.79907953, 36.96022603 ], [ 136.79867253, 36.96036825 ], [ 136.798208640000013, 36.96041659 ], [ 136.79798975, 36.9604702 ], [ 136.797916980000025, 36.96039492 ], [ 136.797870580000023, 36.9602552 ], [ 136.797817520000024, 36.96006687 ], [ 136.79771808000001, 36.95977659 ], [ 136.79757224, 36.95939492 ], [ 136.797446420000028, 36.95928741 ], [ 136.79718781, 36.95914769 ], [ 136.79672419000002, 36.95898103 ], [ 136.79638614000001, 36.95886797 ], [ 136.79615419000001, 36.95881964 ], [ 136.79590891, 36.95873353 ], [ 136.79543197000001, 36.95853464 ], [ 136.795259470000019, 36.95841103 ], [ 136.795100580000025, 36.95834631 ], [ 136.795088420000013, 36.95833333 ], [ 136.7950873, 36.95833214 ], [ 136.794974470000028, 36.95821187 ], [ 136.794895030000021, 36.95801297 ], [ 136.79488837, 36.95783547 ], [ 136.79494141, 36.95770103 ], [ 136.795053920000015, 36.95745464 ], [ 136.795073920000021, 36.95741075 ], [ 136.79521309, 36.95722797 ], [ 136.795289470000029, 36.95706353 ], [ 136.79538531, 36.95685686 ], [ 136.79576975, 36.95630325 ], [ 136.795975310000017, 36.95605047 ], [ 136.79624031, 36.95565241 ], [ 136.796315310000011, 36.95548436 ], [ 136.79632669, 36.9554588 ], [ 136.7963928, 36.95492103 ], [ 136.796412800000013, 36.95459325 ], [ 136.796326420000014, 36.9539588 ], [ 136.796306690000023, 36.95372214 ], [ 136.796353090000025, 36.95359297 ], [ 136.79650558, 36.95310908 ], [ 136.79661808, 36.9528188 ], [ 136.796697810000012, 36.95254992 ], [ 136.796678080000021, 36.9522652 ], [ 136.79666864, 36.95215214 ], [ 136.796651700000012, 36.95195325 ], [ 136.79657864, 36.95166269 ], [ 136.7964992, 36.95151769 ], [ 136.79633336, 36.9511788 ], [ 136.796240580000017, 36.95099047 ], [ 136.7960817, 36.95080241 ], [ 136.795935860000014, 36.9506088 ], [ 136.795809750000018, 36.95021631 ], [ 136.79579669, 36.95004936 ], [ 136.79577086, 36.95 ], [ 136.79577022, 36.9499988 ], [ 136.795703920000022, 36.94987214 ], [ 136.795644190000019, 36.94968936 ], [ 136.795533090000021, 36.94929741 ], [ 136.795531410000024, 36.94929159 ], [ 136.795418910000024, 36.94901187 ], [ 136.7953128, 36.94890436 ], [ 136.795226980000024, 36.94880741 ], [ 136.795173920000025, 36.94858159 ], [ 136.79501475, 36.94819436 ], [ 136.79482253, 36.94776964 ], [ 136.79471669, 36.94749547 ], [ 136.79457086, 36.94730186 ], [ 136.794484470000015, 36.94719992 ], [ 136.79445752, 36.94713853 ], [ 136.79433864, 36.94686659 ], [ 136.7942328, 36.94666213 ], [ 136.794153110000025, 36.94638241 ], [ 136.794133390000013, 36.94617269 ], [ 136.794226160000022, 36.9460438 ], [ 136.79433228000002, 36.94598992 ], [ 136.794511170000021, 36.94595769 ], [ 136.794690050000014, 36.94597908 ], [ 136.79481589, 36.94605436 ], [ 136.794882280000024, 36.94619436 ], [ 136.794935330000015, 36.94638241 ], [ 136.794935330000015, 36.94660825 ], [ 136.795061170000025, 36.94712992 ], [ 136.795213640000014, 36.94760825 ], [ 136.79529309, 36.9477052 ], [ 136.79565086, 36.94807075 ], [ 136.79582975, 36.94822687 ], [ 136.795922530000013, 36.9483988 ], [ 136.79588947000002, 36.94843659 ], [ 136.79571031, 36.94851714 ], [ 136.795683920000016, 36.94856547 ], [ 136.79578336, 36.9487752 ], [ 136.79584947, 36.94894187 ], [ 136.795909200000011, 36.94921075 ], [ 136.795942240000016, 36.94972159 ], [ 136.796008640000025, 36.94990992 ], [ 136.796055280000019, 36.9499988 ], [ 136.79605591, 36.95 ], [ 136.79614114, 36.95016241 ], [ 136.79632669, 36.95049575 ], [ 136.796401700000018, 36.95059325 ], [ 136.796545580000014, 36.95078075 ], [ 136.79676419, 36.95102825 ], [ 136.7969828, 36.95138853 ], [ 136.7970292, 36.95157131 ], [ 136.797015860000016, 36.95171659 ], [ 136.797015860000016, 36.95175964 ], [ 136.797121700000019, 36.95182408 ], [ 136.797238390000018, 36.95176333 ], [ 136.79742973, 36.95155044 ], [ 136.79747789000001, 36.95145008 ], [ 136.797433360000014, 36.95140464 ], [ 136.79729419, 36.95129713 ], [ 136.797188370000015, 36.95113047 ], [ 136.7970228, 36.95090436 ], [ 136.797155300000014, 36.95069464 ], [ 136.7970292, 36.95057659 ], [ 136.79681058, 36.95040436 ], [ 136.79653891000001, 36.95002825 ], [ 136.796537890000025, 36.95 ], [ 136.79653783, 36.9499988 ], [ 136.79653224, 36.94984547 ], [ 136.79648586, 36.94971631 ], [ 136.796492530000023, 36.94962492 ], [ 136.79639975, 36.94939908 ], [ 136.79634669, 36.9490602 ], [ 136.796273650000018, 36.94867853 ], [ 136.796266980000013, 36.9485602 ], [ 136.796313640000022, 36.94841492 ], [ 136.79665144, 36.94840408 ], [ 136.796830610000029, 36.94842575 ], [ 136.797016160000027, 36.94847936 ], [ 136.79714866, 36.94851714 ], [ 136.79736728, 36.94860853 ], [ 136.797758390000013, 36.94879659 ], [ 136.79793061, 36.94885575 ], [ 136.79809645, 36.94893103 ], [ 136.79819562000003, 36.9490602 ], [ 136.798301440000017, 36.94913547 ], [ 136.798208660000029, 36.94943131 ], [ 136.79825506, 36.94959269 ], [ 136.79828839000001, 36.94970547 ], [ 136.7983745, 36.94979159 ], [ 136.798480610000013, 36.94988295 ], [ 136.798493670000028, 36.94997433 ], [ 136.798463700000013, 36.94999877 ], [ 136.79846219, 36.95 ], [ 136.79844086, 36.95001741 ], [ 136.798414190000017, 36.95012492 ], [ 136.798414190000017, 36.95076797 ], [ 136.798414190000017, 36.95083992 ], [ 136.798473920000021, 36.95116269 ], [ 136.798460580000011, 36.95131853 ], [ 136.79832808, 36.95152297 ], [ 136.79834141, 36.95160353 ], [ 136.798354470000021, 36.95165187 ], [ 136.798725580000024, 36.95173797 ], [ 136.79891781, 36.95125933 ], [ 136.798924470000031, 36.95113017 ], [ 136.79887808, 36.95101211 ], [ 136.798666130000015, 36.95075936 ], [ 136.798626420000033, 36.95058213 ], [ 136.798646140000017, 36.95040461 ], [ 136.798705860000013, 36.95030239 ], [ 136.798725580000024, 36.95025405 ], [ 136.79870589, 36.95012489 ], [ 136.798672830000015, 36.95009267 ], [ 136.798619780000024, 36.95008739 ], [ 136.798668, 36.95 ], [ 136.79866866, 36.94999877 ], [ 136.79870589, 36.94993128 ], [ 136.798772, 36.94989905 ], [ 136.7989245, 36.94981851 ], [ 136.799090340000021, 36.94974851 ], [ 136.799282550000015, 36.94968933 ], [ 136.799474770000018, 36.94960877 ], [ 136.799540900000011, 36.94960322 ], [ 136.79967339, 36.94963572 ], [ 136.799772830000023, 36.94968405 ], [ 136.79995839, 36.94986684 ], [ 136.8, 36.949882 ], [ 136.800004770000015, 36.94988372 ], [ 136.800150610000031, 36.94993684 ], [ 136.80025397, 36.94999877 ], [ 136.80025597, 36.95 ], [ 136.800303110000016, 36.95002822 ], [ 136.800502, 36.95016267 ], [ 136.800760340000011, 36.95034544 ], [ 136.80085283, 36.95024877 ], [ 136.800720610000013, 36.95016267 ], [ 136.800487690000011, 36.95 ], [ 136.800485970000011, 36.94999877 ], [ 136.800482, 36.949996 ], [ 136.80035616, 36.94993128 ], [ 136.800336160000029, 36.94987211 ], [ 136.800422560000015, 36.94988823 ], [ 136.800561720000019, 36.94988295 ], [ 136.800727280000018, 36.94987211 ], [ 136.80087978, 36.94988823 ], [ 136.80087978, 36.94981295 ], [ 136.800873110000026, 36.94975933 ], [ 136.800800340000023, 36.94975377 ], [ 136.800661170000012, 36.94975933 ], [ 136.80046895000001, 36.94980767 ], [ 136.80031645, 36.94980767 ], [ 136.80020367000003, 36.94971628 ], [ 136.800197, 36.94941517 ], [ 136.800289780000014, 36.94935044 ], [ 136.80043562000003, 36.94918933 ], [ 136.80046895000001, 36.94904405 ], [ 136.800521730000014, 36.94889878 ], [ 136.80050866000002, 36.94858184 ], [ 136.800674230000027, 36.94847433 ], [ 136.800760340000011, 36.94847433 ], [ 136.800820050000027, 36.94846351 ], [ 136.800800340000023, 36.94840989 ], [ 136.800747280000024, 36.94837739 ], [ 136.80057477, 36.94840989 ], [ 136.800415890000011, 36.94849572 ], [ 136.80040756, 36.94850795 ], [ 136.800382550000023, 36.94854433 ], [ 136.80034949, 36.94901711 ], [ 136.800296450000019, 36.94919989 ], [ 136.80016394, 36.94931822 ], [ 136.800004770000015, 36.94936128 ], [ 136.8, 36.94936344 ], [ 136.79982589, 36.94944211 ], [ 136.799759780000016, 36.94951739 ], [ 136.799653670000026, 36.94953877 ], [ 136.799567560000014, 36.94947961 ], [ 136.799421720000026, 36.94939905 ], [ 136.79929562, 36.94936684 ], [ 136.79918978, 36.94936128 ], [ 136.799070340000014, 36.94945267 ], [ 136.7989245, 36.94937739 ], [ 136.798778660000011, 36.94942044 ], [ 136.798725620000027, 36.94934517 ], [ 136.798825060000013, 36.94925905 ], [ 136.79898423, 36.94915156 ], [ 136.799097, 36.94895795 ], [ 136.799149780000022, 36.94875377 ], [ 136.79929562, 36.94856017 ], [ 136.799382, 36.94833989 ], [ 136.799501170000013, 36.94803323 ], [ 136.79952117000002, 36.94795795 ], [ 136.799461440000016, 36.94787211 ], [ 136.799388390000018, 36.94781822 ], [ 136.799262559999988, 36.94828072 ], [ 136.799057, 36.94868377 ], [ 136.7989445, 36.94885572 ], [ 136.79881839, 36.94895795 ], [ 136.798745620000034, 36.94894711 ], [ 136.79869922, 36.94882351 ], [ 136.798672830000015, 36.94865684 ], [ 136.79866616000001, 36.94845239 ], [ 136.79865283, 36.94826461 ], [ 136.798712550000033, 36.94807628 ], [ 136.79884506, 36.94791489 ], [ 136.79899756, 36.94778044 ], [ 136.799023940000012, 36.94768377 ], [ 136.7989909, 36.94763544 ], [ 136.79888477, 36.94755461 ], [ 136.798805620000024, 36.94756017 ], [ 136.798626720000016, 36.94783961 ], [ 136.798493940000014, 36.94808184 ], [ 136.798493940000014, 36.94825377 ], [ 136.798480610000013, 36.94845239 ], [ 136.798533390000017, 36.94874295 ], [ 136.798527, 36.94888822 ], [ 136.798440610000029, 36.94890961 ], [ 136.798202280000027, 36.94880214 ], [ 136.798003670000014, 36.94867825 ], [ 136.79793061, 36.94857075 ], [ 136.79788367, 36.94849325 ], [ 136.79773173000001, 36.94824269 ], [ 136.79767866, 36.94794741 ], [ 136.797599220000023, 36.94763547 ], [ 136.797546160000024, 36.9474688 ], [ 136.79744034, 36.94738269 ], [ 136.797340890000015, 36.94745797 ], [ 136.79744034, 36.94792047 ], [ 136.79744034, 36.94807603 ], [ 136.79735394, 36.94815131 ], [ 136.797181720000026, 36.94814075 ], [ 136.79696949, 36.9480652 ], [ 136.796803940000018, 36.9480438 ], [ 136.796578660000023, 36.94807603 ], [ 136.796379780000024, 36.94808686 ], [ 136.79621394, 36.94805464 ], [ 136.79611477, 36.94796325 ], [ 136.795982, 36.94773741 ], [ 136.795935620000023, 36.9474688 ], [ 136.796267, 36.94729659 ], [ 136.796359780000017, 36.94721047 ], [ 136.79645922, 36.94718908 ], [ 136.79687034, 36.94732353 ], [ 136.797075620000015, 36.94716214 ], [ 136.797122, 36.94707075 ], [ 136.79705589, 36.94695769 ], [ 136.79689005000003, 36.94689853 ], [ 136.79611477, 36.9466888 ], [ 136.795882830000011, 36.94661353 ], [ 136.79586978, 36.94653297 ], [ 136.79586978, 36.94644159 ], [ 136.79608839, 36.94635547 ], [ 136.79621423, 36.94653825 ], [ 136.796393110000025, 36.94658131 ], [ 136.79687034, 36.94673741 ], [ 136.79689672, 36.94665131 ], [ 136.79665144, 36.94646853 ], [ 136.796611720000016, 36.94636631 ], [ 136.796572, 36.94631797 ], [ 136.79641283, 36.94627492 ], [ 136.79621423, 36.94625325 ], [ 136.796008950000015, 36.9461888 ], [ 136.79601562000002, 36.94602214 ], [ 136.796035330000024, 36.94589853 ], [ 136.79612144, 36.94579631 ], [ 136.796181170000011, 36.94580159 ], [ 136.79628728, 36.94584992 ], [ 136.796426450000013, 36.94582325 ], [ 136.796572280000021, 36.9457102 ], [ 136.796623110000013, 36.94569464 ], [ 136.796823500000016, 36.9456342 ], [ 136.796857, 36.94562408 ], [ 136.79714866, 36.94559186 ], [ 136.79730756, 36.94561353 ], [ 136.79755283, 36.94569436 ], [ 136.797585890000022, 36.94582853 ], [ 136.79737394, 36.94618353 ], [ 136.797864230000016, 36.94634464 ], [ 136.797950610000015, 36.9463985 ], [ 136.79812949, 36.94658684 ], [ 136.79822895, 36.94662433 ], [ 136.79846756, 36.94678572 ], [ 136.798613390000014, 36.94696851 ], [ 136.798871720000022, 36.94726433 ], [ 136.799090340000021, 36.94747933 ], [ 136.799328660000015, 36.94763544 ], [ 136.7995209, 36.94770517 ], [ 136.79972645, 36.94775378 ], [ 136.79986562000002, 36.947716 ], [ 136.799991440000014, 36.94762989 ], [ 136.8, 36.94763233 ], [ 136.800004770000015, 36.94763367 ], [ 136.80040922, 36.94774822 ], [ 136.800488660000013, 36.94791489 ], [ 136.80059477, 36.94793656 ], [ 136.800747, 36.94801711 ], [ 136.800873110000026, 36.94807628 ], [ 136.80140978, 36.94820544 ], [ 136.80170117000003, 36.94859795 ], [ 136.802039220000012, 36.94849044 ], [ 136.801853670000014, 36.94808156 ], [ 136.80197949, 36.94796877 ], [ 136.80207228, 36.94789351 ], [ 136.802271170000012, 36.94785572 ], [ 136.802536450000019, 36.94812461 ], [ 136.80262922, 36.94826461 ], [ 136.802775060000016, 36.94865184 ], [ 136.80292728, 36.94918405 ], [ 136.802973670000029, 36.94917323 ], [ 136.80305339, 36.94917877 ], [ 136.80311283, 36.94924322 ], [ 136.803040050000021, 36.94936156 ], [ 136.803073110000014, 36.94937239 ], [ 136.80317922, 36.94940989 ], [ 136.80318311000002, 36.949441 ], [ 136.803205620000028, 36.94961405 ], [ 136.80323228, 36.94982377 ], [ 136.803302530000025, 36.94999877 ], [ 136.803303, 36.95 ], [ 136.80332506, 36.95005489 ], [ 136.80341117, 36.95016267 ], [ 136.803510610000018, 36.95017323 ], [ 136.803623390000013, 36.95017323 ], [ 136.80396117, 36.95042072 ], [ 136.804173110000022, 36.95059267 ], [ 136.80435866000002, 36.95073267 ], [ 136.80442506, 36.95091017 ], [ 136.804782830000022, 36.95123795 ], [ 136.804961720000023, 36.95151239 ], [ 136.80526672000002, 36.95210933 ], [ 136.80538589, 36.95225433 ], [ 136.80556506, 36.95238878 ], [ 136.805863110000018, 36.95246933 ], [ 136.805922830000014, 36.95252295 ], [ 136.80583672, 36.95262517 ], [ 136.805863110000018, 36.95267351 ], [ 136.80596922, 36.95267905 ], [ 136.80630034, 36.95272211 ], [ 136.806651720000019, 36.95278656 ], [ 136.807188390000022, 36.95293184 ], [ 136.8073145, 36.95298544 ], [ 136.807413670000017, 36.95316295 ], [ 136.807493380000011, 36.95346405 ], [ 136.807676720000018, 36.95348322 ], [ 136.80793895, 36.95351044 ], [ 136.80801034000001, 36.95351795 ], [ 136.80805005000002, 36.95319517 ], [ 136.80805005000002, 36.95294267 ], [ 136.80795061, 36.95279211 ], [ 136.807665620000023, 36.95272239 ], [ 136.80728783, 36.95262017 ], [ 136.807095620000013, 36.95254489 ], [ 136.80683061000002, 36.95243739 ], [ 136.806565330000012, 36.95241572 ], [ 136.806423110000026, 36.95239405 ], [ 136.80624728, 36.95236739 ], [ 136.806088390000014, 36.95230295 ], [ 136.805922830000014, 36.95219517 ], [ 136.80577144, 36.95216044 ], [ 136.80557144, 36.95211461 ], [ 136.80547228, 36.95196405 ], [ 136.80537283000001, 36.95186184 ], [ 136.805346160000028, 36.95179739 ], [ 136.80538589, 36.95167905 ], [ 136.80536616, 36.95161989 ], [ 136.805306450000018, 36.95153377 ], [ 136.80537283000001, 36.95143711 ], [ 136.80546562, 36.951351 ], [ 136.80571728000001, 36.95117351 ], [ 136.805830050000026, 36.95103377 ], [ 136.805863110000018, 36.95088322 ], [ 136.80583672, 36.95066267 ], [ 136.8056909, 36.95020572 ], [ 136.805567130000014, 36.95 ], [ 136.805566420000019, 36.94999877 ], [ 136.805432280000019, 36.94977572 ], [ 136.80520034, 36.94934544 ], [ 136.80503477000002, 36.94911405 ], [ 136.804902280000022, 36.94899044 ], [ 136.804831170000028, 36.94899544 ], [ 136.804829220000016, 36.94899572 ], [ 136.804782830000022, 36.94908184 ], [ 136.80478949, 36.94922184 ], [ 136.80493533, 36.94944211 ], [ 136.805120890000012, 36.94967351 ], [ 136.805227, 36.94983489 ], [ 136.80528125, 36.94999877 ], [ 136.805281630000025, 36.95 ], [ 136.805346160000028, 36.95019489 ], [ 136.805412550000028, 36.950356 ], [ 136.805505330000017, 36.95059823 ], [ 136.80561144, 36.95087239 ], [ 136.805617830000017, 36.950996 ], [ 136.80536616, 36.95117878 ], [ 136.805246720000014, 36.951351 ], [ 136.80515394, 36.95138323 ], [ 136.805087830000019, 36.95133489 ], [ 136.805061170000016, 36.95124878 ], [ 136.805001440000012, 36.95110905 ], [ 136.804882280000015, 36.95089933 ], [ 136.804570900000016, 36.95062489 ], [ 136.804391720000012, 36.95047989 ], [ 136.80420616, 36.95037767 ], [ 136.80401394, 36.95027544 ], [ 136.80368066, 36.95 ], [ 136.8036792, 36.94999877 ], [ 136.803623390000013, 36.94995267 ], [ 136.803629780000023, 36.94978072 ], [ 136.80361672, 36.9496035 ], [ 136.80359672, 36.94938851 ], [ 136.80358895, 36.949356 ], [ 136.80346423, 36.94883989 ], [ 136.803503940000013, 36.94880211 ], [ 136.803497280000016, 36.94867323 ], [ 136.80341783, 36.94856572 ], [ 136.803331720000017, 36.94838267 ], [ 136.803205620000028, 36.94812461 ], [ 136.803252, 36.94786128 ], [ 136.803305060000014, 36.94776433 ], [ 136.8034045, 36.94767822 ], [ 136.80347756, 36.94761377 ], [ 136.803643110000024, 36.94745239 ], [ 136.803742559999989, 36.94735044 ], [ 136.80387506, 36.94707628 ], [ 136.80396783, 36.94700628 ], [ 136.804113670000021, 36.94687739 ], [ 136.804239780000017, 36.94681267 ], [ 136.804292550000014, 36.94686128 ], [ 136.804710340000014, 36.94715684 ], [ 136.80486922, 36.94702795 ], [ 136.805028390000018, 36.94694184 ], [ 136.805207280000019, 36.94683961 ], [ 136.805240340000012, 36.94708156 ], [ 136.80557144, 36.94719461 ], [ 136.805399220000027, 36.94727517 ], [ 136.80538589, 36.94731295 ], [ 136.805472, 36.94736656 ], [ 136.80559144, 36.94746351 ], [ 136.805730610000012, 36.94762489 ], [ 136.805863110000018, 36.94775933 ], [ 136.80595589, 36.94758711 ], [ 136.805942550000026, 36.94749044 ], [ 136.80582339, 36.94711405 ], [ 136.80582339, 36.94699572 ], [ 136.805869780000023, 36.94681267 ], [ 136.80569756, 36.94660295 ], [ 136.80558506, 36.94650628 ], [ 136.805439220000011, 36.94656544 ], [ 136.805253670000013, 36.94660851 ], [ 136.805154230000028, 36.94658156 ], [ 136.80506811, 36.946501 ], [ 136.80505477, 36.94632351 ], [ 136.805140890000018, 36.94618905 ], [ 136.805333110000021, 36.94598989 ], [ 136.805412830000023, 36.94596322 ], [ 136.80554533, 36.94594156 ], [ 136.80618783, 36.94590433 ], [ 136.806300610000022, 36.94584517 ], [ 136.806565620000015, 36.94561377 ], [ 136.80663866, 36.94550628 ], [ 136.80667811, 36.94546017 ], [ 136.80675783, 36.94536656 ], [ 136.80691034, 36.94527517 ], [ 136.8069609, 36.94526211 ], [ 136.807075890000021, 36.94523211 ], [ 136.807195330000013, 36.94518905 ], [ 136.80730811, 36.94505989 ], [ 136.807447280000019, 36.94492544 ], [ 136.807626160000012, 36.94470489 ], [ 136.80765922, 36.94466739 ], [ 136.80758645, 36.94460823 ], [ 136.807487, 36.94471572 ], [ 136.80743394000001, 36.94472656 ], [ 136.807082550000018, 36.94508156 ], [ 136.8068609, 36.94518489 ], [ 136.806552550000021, 36.94532877 ], [ 136.806472830000018, 36.94544711 ], [ 136.806320340000013, 36.94561377 ], [ 136.80621450000001, 36.94565156 ], [ 136.80596283, 36.94574823 ], [ 136.805903110000031, 36.94575377 ], [ 136.805876720000015, 36.94542017 ], [ 136.80596949, 36.94538795 ], [ 136.80596949, 36.94528044 ], [ 136.805949489999989, 36.94522656 ], [ 136.80587005000001, 36.94522656 ], [ 136.805770610000025, 36.94523739 ], [ 136.80567783, 36.945216 ], [ 136.805684500000012, 36.94518351 ], [ 136.80570423, 36.94505461 ], [ 136.8057109, 36.94500628 ], [ 136.805850050000032, 36.94476405 ], [ 136.805916450000012, 36.94470489 ], [ 136.806002550000017, 36.94461351 ], [ 136.806046720000012, 36.94455489 ], [ 136.806188110000022, 36.94436628 ], [ 136.806287560000015, 36.94426405 ], [ 136.806433380000016, 36.94405961 ], [ 136.80659895, 36.94405961 ], [ 136.806764500000014, 36.94397905 ], [ 136.80698978, 36.94386628 ], [ 136.80718866, 36.94375877 ], [ 136.807798420000012, 36.9433285 ], [ 136.80790453, 36.94319405 ], [ 136.80793759, 36.94313517 ], [ 136.80801064, 36.94306517 ], [ 136.80815647, 36.94305433 ], [ 136.80826898, 36.943006 ], [ 136.808295640000011, 36.94262405 ], [ 136.808333330000011, 36.94259689 ], [ 136.808338140000018, 36.94259344 ], [ 136.808414810000016, 36.94253822 ], [ 136.80857397, 36.94223711 ], [ 136.80862036000002, 36.94215128 ], [ 136.808600360000014, 36.94203822 ], [ 136.808338140000018, 36.94192328 ], [ 136.808333330000011, 36.94192117 ], [ 136.80826898, 36.94189295 ], [ 136.80801703, 36.94215656 ], [ 136.807924250000013, 36.94226933 ], [ 136.80788647, 36.94233489 ], [ 136.807877860000019, 36.94234989 ], [ 136.807772020000016, 36.94240905 ], [ 136.80763287000002, 36.94239822 ], [ 136.807394250000016, 36.94240378 ], [ 136.807278420000017, 36.94234377 ], [ 136.807248690000023, 36.9423285 ], [ 136.80705647000002, 36.94220461 ], [ 136.807049800000016, 36.94204878 ], [ 136.80706953, 36.9419035 ], [ 136.807168970000021, 36.94180156 ], [ 136.807301750000022, 36.94172628 ], [ 136.807346060000015, 36.94166667 ], [ 136.80734698, 36.94166544 ], [ 136.807553410000025, 36.94138767 ], [ 136.80748730000002, 36.94130156 ], [ 136.807367860000028, 36.94130156 ], [ 136.807321480000013, 36.94132851 ], [ 136.80726175, 36.94141989 ], [ 136.80717564, 36.9415435 ], [ 136.807023140000013, 36.94164572 ], [ 136.806971950000019, 36.94166544 ], [ 136.806968760000018, 36.94166667 ], [ 136.80688397, 36.94169933 ], [ 136.806453410000017, 36.94169933 ], [ 136.806318660000017, 36.94166667 ], [ 136.806313610000018, 36.94166544 ], [ 136.806141750000023, 36.94162377 ], [ 136.80568453, 36.94159156 ], [ 136.80549898000001, 36.94153239 ], [ 136.805339800000013, 36.94143017 ], [ 136.8052073, 36.94136044 ], [ 136.805107860000021, 36.94134961 ], [ 136.804955330000013, 36.94138739 ], [ 136.80461728, 36.94147323 ], [ 136.80446533, 36.94132822 ], [ 136.804253110000019, 36.94127961 ], [ 136.80405423000002, 36.94122044 ], [ 136.80385533, 36.94117767 ], [ 136.80374949, 36.94127433 ], [ 136.80356394, 36.94163461 ], [ 136.80338477, 36.94162377 ], [ 136.80331647, 36.94166544 ], [ 136.803314480000012, 36.94166667 ], [ 136.80325228, 36.94170461 ], [ 136.80313978, 36.94183905 ], [ 136.80313311, 36.94191433 ], [ 136.80310645, 36.94197351 ], [ 136.802967280000018, 36.942081 ], [ 136.802735330000019, 36.94189823 ], [ 136.802543110000016, 36.94172072 ], [ 136.802550560000014, 36.94166667 ], [ 136.80255073, 36.94166544 ], [ 136.80255645, 36.94162377 ], [ 136.80259616, 36.94155405 ], [ 136.802715620000015, 36.94152184 ], [ 136.803013670000013, 36.94145711 ], [ 136.803292, 36.94126905 ], [ 136.803510890000013, 36.94098405 ], [ 136.80363005000001, 36.94089795 ], [ 136.803835620000029, 36.94074767 ], [ 136.80396144, 36.94062933 ], [ 136.804193410000011, 36.94039267 ], [ 136.80428842, 36.9402885 ], [ 136.804325910000017, 36.94024739 ], [ 136.804312870000018, 36.940156 ], [ 136.80427314, 36.94010239 ], [ 136.803636720000014, 36.94072072 ], [ 136.80337173, 36.94089795 ], [ 136.803265620000019, 36.9410485 ], [ 136.803159490000013, 36.9411185 ], [ 136.80306672, 36.94119378 ], [ 136.80294756, 36.94133877 ], [ 136.80274866000002, 36.94136044 ], [ 136.80263589, 36.94133877 ], [ 136.80255645, 36.94116156 ], [ 136.80282811, 36.94089267 ], [ 136.80299394, 36.94063461 ], [ 136.80308005, 36.94047351 ], [ 136.803212550000012, 36.94024211 ], [ 136.80336508, 36.94001628 ], [ 136.803411480000022, 36.93988184 ], [ 136.803411480000022, 36.93979572 ], [ 136.803358420000023, 36.93970961 ], [ 136.803238970000024, 36.93970961 ], [ 136.80306008, 36.93979044 ], [ 136.80313978, 36.939941 ], [ 136.80310645, 36.94010767 ], [ 136.80292756, 36.94052184 ], [ 136.80274866000002, 36.94077433 ], [ 136.80252339, 36.94103239 ], [ 136.80237089000002, 36.94109156 ], [ 136.802185330000015, 36.94106989 ], [ 136.801907, 36.94084405 ], [ 136.80186061, 36.94067739 ], [ 136.80190034, 36.94055377 ], [ 136.80190034, 36.94027433 ], [ 136.80196645, 36.94013989 ], [ 136.80199339, 36.93990323 ], [ 136.80198672, 36.93983351 ], [ 136.801820890000016, 36.93957517 ], [ 136.801820890000016, 36.93946239 ], [ 136.801781170000027, 36.93934933 ], [ 136.801695060000014, 36.93932795 ], [ 136.801668660000018, 36.93935489 ], [ 136.801595620000029, 36.93957517 ], [ 136.801642, 36.93968295 ], [ 136.801648660000012, 36.93976351 ], [ 136.80156922, 36.93994628 ], [ 136.801542550000022, 36.94012905 ], [ 136.801480340000012, 36.94047377 ], [ 136.801469780000019, 36.94053211 ], [ 136.80135034, 36.94053767 ], [ 136.801158110000017, 36.94047295 ], [ 136.800979220000016, 36.94058072 ], [ 136.800840050000033, 36.94077433 ], [ 136.800560890000014, 36.94085267 ], [ 136.800495330000018, 36.940871 ], [ 136.800177280000014, 36.94090322 ], [ 136.800004770000015, 36.94106508 ], [ 136.8, 36.94106959 ], [ 136.79996533000002, 36.94110211 ], [ 136.799985060000012, 36.94130656 ], [ 136.799872280000017, 36.94149489 ], [ 136.799852550000026, 36.94163461 ], [ 136.799823310000022, 36.94166544 ], [ 136.79982217, 36.94166667 ], [ 136.799786160000025, 36.94170461 ], [ 136.799720050000019, 36.94171517 ], [ 136.799600610000027, 36.94166684 ], [ 136.799600340000012, 36.94166667 ], [ 136.799598370000012, 36.94166544 ], [ 136.799322280000013, 36.94149489 ], [ 136.799216160000014, 36.94156461 ], [ 136.799358340000026, 36.94166544 ], [ 136.799360050000018, 36.94166667 ], [ 136.799640340000025, 36.94186544 ], [ 136.79962061, 36.94195156 ], [ 136.79938866, 36.94218295 ], [ 136.799382, 36.94262933 ], [ 136.799335620000022, 36.94283905 ], [ 136.799269220000014, 36.94319933 ], [ 136.799269220000014, 36.94334989 ], [ 136.799302550000021, 36.94354877 ], [ 136.79918978, 36.94366711 ], [ 136.798851720000016, 36.94409156 ], [ 136.79873895, 36.94430128 ], [ 136.798420890000017, 36.94494656 ], [ 136.798281730000014, 36.94527461 ], [ 136.798168950000019, 36.94550044 ], [ 136.79797034, 36.94539295 ], [ 136.797711720000024, 36.94528547 ], [ 136.797148390000018, 36.94515103 ], [ 136.796538950000013, 36.94505964 ], [ 136.796260610000019, 36.94500575 ], [ 136.796253940000014, 36.94495741 ], [ 136.796340050000026, 36.94493603 ], [ 136.79646589, 36.94494659 ], [ 136.796470050000011, 36.94494741 ], [ 136.796903110000017, 36.94503269 ], [ 136.79694949, 36.9448552 ], [ 136.796863670000022, 36.94473687 ], [ 136.796810610000023, 36.9445702 ], [ 136.796790610000016, 36.94443047 ], [ 136.796810610000023, 36.94424769 ], [ 136.796969780000012, 36.94415631 ], [ 136.796982830000019, 36.94402187 ], [ 136.797016160000027, 36.94360241 ], [ 136.797042550000015, 36.94347325 ], [ 136.797201730000012, 36.94291964 ], [ 136.797301170000026, 36.94275825 ], [ 136.797427, 36.94259684 ], [ 136.797546160000024, 36.94240322 ], [ 136.79769866, 36.94206989 ], [ 136.797798110000031, 36.94182795 ], [ 136.79782309, 36.94166667 ], [ 136.797823280000017, 36.94166544 ], [ 136.79782477, 36.94165572 ], [ 136.79792394, 36.94145156 ], [ 136.798050050000029, 36.94116128 ], [ 136.79816922, 36.94066128 ], [ 136.79840117, 36.94034405 ], [ 136.798600050000033, 36.94017184 ], [ 136.798818660000023, 36.94003211 ], [ 136.79914034, 36.93989989 ], [ 136.799315620000016, 36.93982767 ], [ 136.79960728, 36.93980628 ], [ 136.79971978, 36.93975239 ], [ 136.799852550000026, 36.93958072 ], [ 136.79995839, 36.93941933 ], [ 136.799945330000014, 36.93936544 ], [ 136.79982589, 36.939371 ], [ 136.79942839, 36.93937628 ], [ 136.798997830000019, 36.93933851 ], [ 136.79888506, 36.93936517 ], [ 136.798805620000024, 36.93942433 ], [ 136.79865978, 36.93962351 ], [ 136.798507280000024, 36.93982239 ], [ 136.798341720000025, 36.93988684 ], [ 136.79820895, 36.93999989 ], [ 136.79804506, 36.94017184 ], [ 136.797890890000019, 36.94033323 ], [ 136.79779144, 36.94049461 ], [ 136.79749978000001, 36.94109156 ], [ 136.797460050000012, 36.94127405 ], [ 136.797340750000018, 36.94166544 ], [ 136.797340390000016, 36.94166667 ], [ 136.7972945, 36.94181711 ], [ 136.7972945, 36.94194072 ], [ 136.797261170000013, 36.94211825 ], [ 136.79722811000002, 36.94222575 ], [ 136.796989490000016, 36.94260241 ], [ 136.796810610000023, 36.9431238 ], [ 136.796631720000022, 36.94343547 ], [ 136.796326720000025, 36.9436452 ], [ 136.79620756, 36.94374214 ], [ 136.795955620000029, 36.9439788 ], [ 136.795836160000022, 36.94402714 ], [ 136.795717, 36.94399492 ], [ 136.795697, 36.94386047 ], [ 136.795756720000014, 36.94370436 ], [ 136.79578978, 36.94358075 ], [ 136.79594895, 36.94318269 ], [ 136.796022, 36.94287659 ], [ 136.796141170000027, 36.94248936 ], [ 136.79628034000001, 36.94212908 ], [ 136.79633339, 36.94194631 ], [ 136.79640616, 36.94178492 ], [ 136.796505520000011, 36.94166667 ], [ 136.796505620000033, 36.94166659 ], [ 136.796506280000017, 36.94166547 ], [ 136.796611720000016, 36.94148908 ], [ 136.796678110000016, 36.94133325 ], [ 136.796803940000018, 36.94104269 ], [ 136.79685034000002, 36.9408602 ], [ 136.796857, 36.9406452 ], [ 136.796916720000013, 36.94045159 ], [ 136.797042550000015, 36.94019877 ], [ 136.797181720000026, 36.94008044 ], [ 136.797281170000019, 36.93991377 ], [ 136.797407, 36.93977933 ], [ 136.797416450000014, 36.93974323 ], [ 136.797533110000018, 36.93930072 ], [ 136.797480050000019, 36.93913405 ], [ 136.797334230000018, 36.93902656 ], [ 136.797142, 36.93901017 ], [ 136.796943110000029, 36.93902656 ], [ 136.796837, 36.93906933 ], [ 136.79676423, 36.93916628 ], [ 136.796678110000016, 36.93934377 ], [ 136.79651228, 36.93982769 ], [ 136.796373110000019, 36.94002131 ], [ 136.796269490000014, 36.94011047 ], [ 136.79616117, 36.94020408 ], [ 136.796088110000028, 36.94037075 ], [ 136.796121170000021, 36.94060741 ], [ 136.796068110000022, 36.94074714 ], [ 136.795928950000018, 36.94109131 ], [ 136.79590367000003, 36.94125797 ], [ 136.79587616, 36.94144075 ], [ 136.79584949, 36.94155353 ], [ 136.795717, 36.94159575 ], [ 136.79566394, 36.94161269 ], [ 136.7956375, 36.94166547 ], [ 136.79563689, 36.94166667 ], [ 136.795591170000023, 36.94175797 ], [ 136.79555783, 36.94197325 ], [ 136.79559756, 36.94215047 ], [ 136.795617560000011, 36.94234964 ], [ 136.79560423, 36.94252159 ], [ 136.795385620000019, 36.94296769 ], [ 136.795392280000016, 36.94301603 ], [ 136.79546839, 36.94305713 ], [ 136.795511440000013, 36.94308047 ], [ 136.795591170000023, 36.94311297 ], [ 136.79555117000001, 36.94324741 ], [ 136.795458390000022, 36.94346241 ], [ 136.795352550000018, 36.94367214 ], [ 136.79525311, 36.94388713 ], [ 136.795153670000019, 36.9440702 ], [ 136.79510061000002, 36.94437659 ], [ 136.79506756, 36.94453269 ], [ 136.79507394, 36.94473687 ], [ 136.7950145, 36.94503797 ], [ 136.79497477000001, 36.94509159 ], [ 136.794842, 36.94508075 ], [ 136.79476255000003, 36.94504325 ], [ 136.794675620000021, 36.9449638 ], [ 136.794663110000016, 36.94495214 ], [ 136.794616720000022, 36.94487686 ], [ 136.794683110000022, 36.94473159 ], [ 136.794782560000016, 36.94436575 ], [ 136.794888390000011, 36.94402187 ], [ 136.794921720000019, 36.94391408 ], [ 136.794895060000016, 36.94377436 ], [ 136.794882, 36.94356464 ], [ 136.794895060000016, 36.94346769 ], [ 136.7949945, 36.9430538 ], [ 136.7950409, 36.94284408 ], [ 136.79510061000002, 36.9425002 ], [ 136.795087560000013, 36.94204297 ], [ 136.795094230000018, 36.94166667 ], [ 136.795094230000018, 36.94166659 ], [ 136.79509403000003, 36.94166547 ], [ 136.795034500000014, 36.94133325 ], [ 136.795014770000023, 36.94094603 ], [ 136.795047830000016, 36.94079547 ], [ 136.79512728, 36.94063936 ], [ 136.79527163000003, 36.94049467 ], [ 136.79537922, 36.94038686 ], [ 136.79574367, 36.93996741 ], [ 136.79600228000001, 36.93963936 ], [ 136.79609506, 36.93937047 ], [ 136.796240900000015, 36.93892964 ], [ 136.796280610000025, 36.93871436 ], [ 136.796300340000016, 36.93838659 ], [ 136.79629394, 36.93823603 ], [ 136.79634672, 36.93818241 ], [ 136.796382, 36.93817631 ], [ 136.79647283, 36.93816072 ], [ 136.79662506, 36.93817684 ], [ 136.79689339, 36.93818433 ], [ 136.797015890000011, 36.93818767 ], [ 136.797347280000025, 36.938236 ], [ 136.797592550000019, 36.93831684 ], [ 136.797778110000024, 36.93834905 ], [ 136.798096160000028, 36.93840267 ], [ 136.79859339, 36.93850489 ], [ 136.79883866, 36.93851044 ], [ 136.79901756000001, 36.93852656 ], [ 136.79928922000002, 36.93854795 ], [ 136.799808660000025, 36.93853461 ], [ 136.799912, 36.93853184 ], [ 136.8, 36.93854111 ], [ 136.800004770000015, 36.93854161 ], [ 136.80011756, 36.93855351 ], [ 136.800303110000016, 36.93862323 ], [ 136.800475330000012, 36.93864489 ], [ 136.800607830000018, 36.93866628 ], [ 136.80094589, 36.93864489 ], [ 136.801310340000015, 36.93863405 ], [ 136.80170148000002, 36.93868239 ], [ 136.80194674, 36.93876323 ], [ 136.802072580000015, 36.93888684 ], [ 136.80211895, 36.93918795 ], [ 136.80211589000001, 36.93943377 ], [ 136.802113670000011, 36.93959572 ], [ 136.802113670000011, 36.93960017 ], [ 136.802112, 36.93973656 ], [ 136.80222477, 36.939801 ], [ 136.802357280000024, 36.93982795 ], [ 136.80256949, 36.93979017 ], [ 136.802847830000019, 36.93973656 ], [ 136.803165910000018, 36.93962351 ], [ 136.80347759, 36.93953211 ], [ 136.803656470000021, 36.93953211 ], [ 136.803994530000011, 36.93955905 ], [ 136.804219800000027, 36.93956433 ], [ 136.804418690000034, 36.93952128 ], [ 136.804610920000016, 36.93952128 ], [ 136.80471036, 36.93956433 ], [ 136.804803860000021, 36.93961811 ], [ 136.804869250000024, 36.93965572 ], [ 136.805081480000013, 36.93979017 ], [ 136.80525341, 36.93984405 ], [ 136.805379250000016, 36.939871 ], [ 136.805553840000016, 36.93987413 ], [ 136.805670830000025, 36.93986972 ], [ 136.805793330000029, 36.93983775 ], [ 136.80602044, 36.93972856 ], [ 136.806288860000024, 36.93956861 ], [ 136.806423750000022, 36.93952669 ], [ 136.806578980000012, 36.93953767 ], [ 136.80676453, 36.93960239 ], [ 136.80717536, 36.93960239 ], [ 136.807308150000011, 36.93960767 ], [ 136.8074737, 36.93968295 ], [ 136.807619530000011, 36.93971517 ], [ 136.807851480000011, 36.93971517 ], [ 136.808057030000015, 36.93967211 ], [ 136.808182870000024, 36.93968295 ], [ 136.808229250000011, 36.93970989 ], [ 136.808268690000034, 36.93980128 ], [ 136.80831508, 36.93998405 ], [ 136.808333330000011, 36.94014947 ], [ 136.808338140000018, 36.94019297 ], [ 136.808341750000011, 36.94022572 ], [ 136.808338140000018, 36.94026508 ], [ 136.808333330000011, 36.94031736 ], [ 136.80832842, 36.940371 ], [ 136.80832842, 36.94054295 ], [ 136.808333330000011, 36.94057259 ], [ 136.808338140000018, 36.94060147 ], [ 136.80834202, 36.94062489 ], [ 136.80836148, 36.94074211 ], [ 136.80843453, 36.94082795 ], [ 136.808512870000015, 36.94086544 ], [ 136.80858036, 36.94089795 ], [ 136.80887175, 36.94100544 ], [ 136.80929591, 36.94109684 ], [ 136.80978647, 36.9411132 ], [ 136.810104530000018, 36.9411668 ], [ 136.810376470000023, 36.94122069 ], [ 136.810581750000011, 36.94126903 ], [ 136.81082674000001, 36.94124764 ], [ 136.810939530000013, 36.94123125 ], [ 136.81104536, 36.94114541 ], [ 136.81118453000002, 36.94099487 ], [ 136.811370360000012, 36.94095736 ], [ 136.81148287000002, 36.94097347 ], [ 136.81158231, 36.94104875 ], [ 136.811648690000027, 36.94119375 ], [ 136.811714810000012, 36.94136041 ], [ 136.811873970000022, 36.94144097 ], [ 136.812158970000013, 36.94151625 ], [ 136.81260953, 36.94159153 ], [ 136.812917810000016, 36.94166541 ], [ 136.812923, 36.94166667 ], [ 136.813013970000014, 36.94168847 ], [ 136.813424810000015, 36.94183903 ], [ 136.81389508, 36.94200041 ], [ 136.81465064, 36.94227987 ], [ 136.81498202, 36.94234459 ], [ 136.815445910000022, 36.94238208 ], [ 136.815803970000019, 36.94244125 ], [ 136.816433140000015, 36.94253264 ], [ 136.816666670000018, 36.9425795 ], [ 136.816671480000025, 36.94258047 ], [ 136.81697008, 36.94264041 ], [ 136.817778690000011, 36.94276403 ], [ 136.818156470000019, 36.94284486 ], [ 136.818282310000029, 36.94294153 ], [ 136.81832036, 36.94299153 ], [ 136.818461480000025, 36.94317792 ], [ 136.818699800000019, 36.94351153 ], [ 136.81880591, 36.94362986 ], [ 136.81907092, 36.9437482 ], [ 136.81926314, 36.94380708 ], [ 136.81954148, 36.94390931 ], [ 136.819700360000013, 36.94397403 ], [ 136.819972310000026, 36.9441568 ], [ 136.820177590000014, 36.94429653 ], [ 136.82046258, 36.94442014 ], [ 136.820807300000013, 36.94462987 ], [ 136.82119842, 36.94487208 ], [ 136.82135064, 36.94496347 ], [ 136.821523140000011, 36.94505487 ], [ 136.821947030000018, 36.9451032 ], [ 136.8220662, 36.94513013 ], [ 136.822172310000013, 36.94518375 ], [ 136.82226508, 36.9453882 ], [ 136.82228508, 36.94559264 ], [ 136.822245080000016, 36.9457968 ], [ 136.822245080000016, 36.94594764 ], [ 136.82227842, 36.94609792 ], [ 136.82234453, 36.94621597 ], [ 136.8224837, 36.94635041 ], [ 136.82262287, 36.94650125 ], [ 136.822748970000021, 36.94673764 ], [ 136.822821750000031, 36.94693125 ], [ 136.82293453, 36.94702264 ], [ 136.823100080000017, 36.94711959 ], [ 136.823206200000016, 36.94727013 ], [ 136.823438150000015, 36.94734013 ], [ 136.82366314, 36.94743153 ], [ 136.82390175, 36.94761431 ], [ 136.824153700000011, 36.94789403 ], [ 136.824418690000016, 36.94814653 ], [ 136.82458453000001, 36.94827569 ], [ 136.8248762, 36.94837792 ], [ 136.825, 36.94842823 ], [ 136.825004810000024, 36.94843017 ], [ 136.82515453000002, 36.94849097 ], [ 136.82526064000001, 36.94859292 ], [ 136.82541287, 36.94886708 ], [ 136.825531190000021, 36.94907459 ], [ 136.82553815, 36.94899264 ], [ 136.82591591000002, 36.94796931 ], [ 136.82630036, 36.94703903 ], [ 136.826549810000017, 36.94669459 ], [ 136.826785910000012, 36.94648097 ], [ 136.826947860000018, 36.94635513 ], [ 136.82715703, 36.94623484 ], [ 136.82748064, 36.94599956 ], [ 136.827628980000014, 36.94578595 ], [ 136.82786508, 36.94537539 ], [ 136.828317030000022, 36.94451651 ], [ 136.828445360000018, 36.94429205 ], [ 136.82845083, 36.94426984 ], [ 136.828512870000026, 36.94401844 ], [ 136.82854647000002, 36.94382151 ], [ 136.828613970000021, 36.94366261 ], [ 136.828706470000014, 36.94350817 ], [ 136.82872869000002, 36.94347123 ], [ 136.828798980000016, 36.94337067 ], [ 136.828851480000026, 36.94329539 ], [ 136.82895786, 36.94314317 ], [ 136.82902536, 36.94303372 ], [ 136.829065910000025, 36.94293511 ], [ 136.82893759000001, 36.94284761 ], [ 136.827858420000013, 36.94240428 ], [ 136.82772842, 36.94234595 ], [ 136.827580360000013, 36.94227984 ], [ 136.827406740000015, 36.94220178 ], [ 136.827420360000019, 36.9421415 ], [ 136.82748092, 36.94204317 ], [ 136.827578640000013, 36.94197511 ], [ 136.82771222, 36.94176103 ], [ 136.82778289, 36.94166667 ], [ 136.82778384, 36.94166539 ], [ 136.82784577000001, 36.94158264 ], [ 136.82877195, 36.94026961 ], [ 136.827878270000014, 36.93988847 ], [ 136.828286500000019, 36.9392925 ], [ 136.827838910000025, 36.93907523 ], [ 136.827365500000013, 36.93888208 ], [ 136.82668983, 36.93867172 ], [ 136.825854470000024, 36.93846989 ], [ 136.826051220000011, 36.93800456 ], [ 136.825940660000015, 36.93792261 ], [ 136.82581511, 36.93782928 ], [ 136.825977060000014, 36.93763233 ], [ 136.826145670000017, 36.93743539 ], [ 136.825390390000024, 36.93713428 ], [ 136.82500484, 36.93697597 ], [ 136.825, 36.936974 ], [ 136.824000120000022, 36.93656344 ], [ 136.823893450000014, 36.93651956 ], [ 136.82317817, 36.93622567 ], [ 136.82294872, 36.936089 ], [ 136.822833990000021, 36.93595789 ], [ 136.82371095000002, 36.93462261 ], [ 136.82420012, 36.93387539 ], [ 136.82455475, 36.93333333 ], [ 136.82455558, 36.93333205 ], [ 136.82481039000001, 36.93294261 ], [ 136.824898170000012, 36.93278928 ], [ 136.825, 36.93272733 ], [ 136.82500484, 36.93272439 ], [ 136.825005940000011, 36.93272372 ], [ 136.825114, 36.93270733 ], [ 136.82584234, 36.93305205 ], [ 136.82580178, 36.93321623 ], [ 136.82580178, 36.93333205 ], [ 136.82580178, 36.93333333 ], [ 136.82580178, 36.93339151 ], [ 136.825807060000017, 36.93340178 ], [ 136.825862340000015, 36.93351177 ], [ 136.82636844000001, 36.933884 ], [ 136.826523450000025, 36.93403178 ], [ 136.82658428, 36.93413011 ], [ 136.82653012, 36.9342015 ], [ 136.826139, 36.93463344 ], [ 136.826139, 36.93480872 ], [ 136.826226780000013, 36.93491817 ], [ 136.826557330000014, 36.935159 ], [ 136.827241500000014, 36.93571123 ], [ 136.82775372, 36.93612456 ], [ 136.82775761000002, 36.93612761 ], [ 136.82787484, 36.93620011 ], [ 136.827891500000021, 36.93621067 ], [ 136.827987060000027, 36.93626984 ], [ 136.82826345, 36.93636289 ], [ 136.828439, 36.93648872 ], [ 136.828782890000014, 36.93676261 ], [ 136.82927511, 36.93714011 ], [ 136.829794280000016, 36.93759956 ], [ 136.830024550000019, 36.93775011 ], [ 136.83009511, 36.9377965 ], [ 136.830179, 36.93785123 ], [ 136.830340660000019, 36.93791705 ], [ 136.83059706, 36.93824539 ], [ 136.83073872, 36.93836039 ], [ 136.83089039, 36.93846456 ], [ 136.831049, 36.93857372 ], [ 136.831392890000018, 36.93878178 ], [ 136.83172317, 36.93902261 ], [ 136.83202012000001, 36.93920317 ], [ 136.83224261, 36.93936178 ], [ 136.832478720000012, 36.93960261 ], [ 136.832612970000014, 36.93978631 ], [ 136.831907950000016, 36.94080641 ], [ 136.832467370000018, 36.94104431 ], [ 136.83285326, 36.94047561 ], [ 136.832975450000021, 36.94031925 ], [ 136.83328083, 36.94075613 ], [ 136.833333330000016, 36.94081808 ], [ 136.833338170000019, 36.94082377 ], [ 136.83348761000002, 36.94100011 ], [ 136.83360484, 36.941124 ], [ 136.83366817000001, 36.94118123 ], [ 136.833955670000023, 36.9414415 ], [ 136.83426372, 36.94166539 ], [ 136.834265500000015, 36.94166667 ], [ 136.834347060000027, 36.94172595 ], [ 136.83475844000003, 36.941934 ], [ 136.83550678, 36.94211456 ], [ 136.836012610000012, 36.942224 ], [ 136.836363450000022, 36.9423115 ], [ 136.836653450000028, 36.94236095 ], [ 136.83671289000003, 36.94237511 ], [ 136.837253990000022, 36.94250314 ], [ 136.83799567, 36.94261813 ], [ 136.83868372, 36.94270008 ], [ 136.83896678, 36.94241564 ], [ 136.83906012, 36.94226759 ], [ 136.83911538000001, 36.94218008 ], [ 136.83917261000002, 36.94210425 ], [ 136.839189560000023, 36.94208175 ], [ 136.839243450000026, 36.94203787 ], [ 136.839337890000024, 36.94205425 ], [ 136.83948623, 36.94212536 ], [ 136.83959428, 36.94203259 ], [ 136.839739830000013, 36.94208341 ], [ 136.83978178000001, 36.94209814 ], [ 136.839938170000011, 36.94215286 ], [ 136.840154, 36.94223508 ], [ 136.840315940000011, 36.94230064 ], [ 136.84041678, 36.94224036 ], [ 136.84074733, 36.94182453 ], [ 136.84080817, 36.9416712 ], [ 136.840807610000013, 36.94166667 ], [ 136.840807470000016, 36.94166536 ], [ 136.84078122, 36.94144675 ], [ 136.841022050000021, 36.94118897 ], [ 136.841055110000013, 36.94115341 ], [ 136.841093450000017, 36.94111259 ], [ 136.84113872, 36.94106397 ], [ 136.84166667, 36.94134717 ], [ 136.841671500000018, 36.94134975 ], [ 136.841975110000021, 36.94151259 ], [ 136.84192178, 36.94157313 ], [ 136.841884280000016, 36.9416162 ], [ 136.841841050000028, 36.94166536 ], [ 136.841839920000012, 36.94166667 ], [ 136.841671500000018, 36.94185822 ], [ 136.84166667, 36.94186372 ], [ 136.841657890000022, 36.94187369 ], [ 136.841644550000012, 36.94191759 ], [ 136.84166667, 36.9419338 ], [ 136.841671500000018, 36.94193733 ], [ 136.84178623, 36.94202147 ], [ 136.84230567, 36.94231147 ], [ 136.842430120000017, 36.94237147 ], [ 136.84255511, 36.94243203 ], [ 136.842575380000028, 36.94249759 ], [ 136.842251510000011, 36.94282592 ], [ 136.843107890000027, 36.94328564 ], [ 136.84365428000001, 36.94264008 ], [ 136.844524550000017, 36.94312147 ], [ 136.844713450000029, 36.94324203 ], [ 136.845064, 36.94347731 ], [ 136.84532678, 36.94377259 ], [ 136.845423450000027, 36.94369953 ], [ 136.845812610000024, 36.9434062 ], [ 136.846777060000022, 36.94428703 ], [ 136.847047060000023, 36.94409564 ], [ 136.84839567, 36.94529953 ], [ 136.848467060000019, 36.94522508 ], [ 136.84849817, 36.94519259 ], [ 136.84855733, 36.94513092 ], [ 136.848726230000011, 36.9449548 ], [ 136.84894205, 36.9446812 ], [ 136.84929956000002, 36.94488369 ], [ 136.849840660000012, 36.94519564 ], [ 136.85, 36.94528767 ], [ 136.85000484, 36.94529044 ], [ 136.850068170000014, 36.94532703 ], [ 136.850371780000017, 36.9454748 ], [ 136.850668720000016, 36.94562786 ], [ 136.85107345000003, 36.94586869 ], [ 136.851370120000013, 36.94604369 ], [ 136.85151844, 36.94612036 ], [ 136.85203789000002, 36.94641592 ], [ 136.85243567, 36.94665675 ], [ 136.852633450000013, 36.94677786 ], [ 136.853204550000015, 36.94712731 ], [ 136.85474234, 36.94802453 ], [ 136.854827060000019, 36.94792675 ], [ 136.855767610000015, 36.94683731 ], [ 136.854398440000011, 36.94633369 ], [ 136.85455317, 36.94611369 ], [ 136.854675110000017, 36.94594008 ], [ 136.85477538, 36.94539341 ], [ 136.854917890000024, 36.94461564 ], [ 136.854688440000018, 36.94457731 ], [ 136.85470733, 36.94448313 ], [ 136.85490983, 36.94347564 ], [ 136.855032610000023, 36.94286451 ], [ 136.854040950000012, 36.94307786 ], [ 136.85376428, 36.94313813 ], [ 136.85356234, 36.94316008 ], [ 136.85348817000002, 36.94313259 ], [ 136.853439, 36.94306203 ], [ 136.853400390000019, 36.94300675 ], [ 136.85335817, 36.94291786 ], [ 136.853319560000017, 36.94283703 ], [ 136.85289455, 36.94293564 ], [ 136.85282039, 36.94272759 ], [ 136.85252345, 36.94268925 ], [ 136.85242234, 36.94254703 ], [ 136.85242095000001, 36.94253453 ], [ 136.85238872, 36.94226813 ], [ 136.85237511, 36.94209314 ], [ 136.85237511, 36.94166667 ], [ 136.85237511, 36.94166533 ], [ 136.85237511, 36.94129395 ], [ 136.852550390000033, 36.94034728 ], [ 136.85293511, 36.94035284 ], [ 136.85294844, 36.94015589 ], [ 136.853980390000032, 36.94015033 ], [ 136.85401428, 36.94038561 ], [ 136.85313733000001, 36.94059367 ], [ 136.853191220000014, 36.94094922 ], [ 136.853393720000014, 36.94096561 ], [ 136.85352178, 36.940982 ], [ 136.85355567000002, 36.94121172 ], [ 136.85497178, 36.94088895 ], [ 136.854702340000017, 36.93973978 ], [ 136.854634840000017, 36.93951561 ], [ 136.854526780000015, 36.93949367 ], [ 136.85391983, 36.93952644 ], [ 136.85337678, 36.939562 ], [ 136.85325205, 36.93957033 ], [ 136.85296205, 36.93954839 ], [ 136.85296205, 36.93932951 ], [ 136.85329927, 36.93931311 ], [ 136.853225110000011, 36.93911061 ], [ 136.853393720000014, 36.93912144 ], [ 136.853528720000014, 36.93920895 ], [ 136.853622890000025, 36.93919256 ], [ 136.853629829999988, 36.93897922 ], [ 136.853144, 36.93896811 ], [ 136.85296872, 36.93892978 ], [ 136.85270567, 36.93890256 ], [ 136.85262623, 36.93885644 ], [ 136.852611500000023, 36.93884784 ], [ 136.85261012, 36.93883505 ], [ 136.85260484, 36.93878256 ], [ 136.852699270000016, 36.93861811 ], [ 136.85286122, 36.93846505 ], [ 136.85321844, 36.93822978 ], [ 136.853427329999988, 36.93818033 ], [ 136.85400761, 36.93816395 ], [ 136.854688720000013, 36.93818589 ], [ 136.85480345000002, 36.93822978 ], [ 136.854940950000014, 36.938267 ], [ 136.855005940000012, 36.9382845 ], [ 136.855007890000024, 36.9382845 ], [ 136.85508066, 36.93828284 ], [ 136.855255380000017, 36.93827895 ], [ 136.85537678, 36.93826784 ], [ 136.85576122, 36.93808728 ], [ 136.85588261, 36.9380545 ], [ 136.855939, 36.93806005 ], [ 136.856050950000025, 36.93807089 ], [ 136.856185940000017, 36.93801061 ], [ 136.85630733, 36.93795061 ], [ 136.85675261, 36.93796144 ], [ 136.857211220000011, 36.93796144 ], [ 136.85721261, 36.93787339 ], [ 136.857224840000015, 36.93707505 ], [ 136.858333330000022, 36.93695797 ], [ 136.85833817, 36.93695747 ], [ 136.859026500000027, 36.93688478 ], [ 136.861730390000019, 36.93659892 ], [ 136.861987890000023, 36.93656836 ], [ 136.863487060000011, 36.93639087 ], [ 136.864131220000019, 36.93631447 ], [ 136.86421594, 36.93663836 ], [ 136.864245940000018, 36.93675225 ], [ 136.86495428, 36.93668113 ], [ 136.86494438, 36.93644008 ], [ 136.86494066, 36.93634725 ], [ 136.865089, 36.93634531 ], [ 136.865255110000021, 36.93634336 ], [ 136.86539234, 36.93634169 ], [ 136.86564872, 36.93594808 ], [ 136.86569261, 36.93589225 ], [ 136.865803990000018, 36.93575087 ], [ 136.86593205, 36.9356142 ], [ 136.86609594, 36.93542697 ], [ 136.86626261, 36.93523641 ], [ 136.86650538, 36.93490808 ], [ 136.86666667, 36.93471505 ], [ 136.866671500000024, 36.93470925 ], [ 136.866788720000017, 36.93456892 ], [ 136.866963990000016, 36.93431725 ], [ 136.86705178, 36.9342242 ], [ 136.866994550000015, 36.93393641 ], [ 136.86693817, 36.93365225 ], [ 136.86688983, 36.93340892 ], [ 136.866878910000025, 36.93333333 ], [ 136.866878720000017, 36.93333197 ], [ 136.866822610000014, 36.93294364 ], [ 136.86680261, 36.93276308 ], [ 136.86680261, 36.93251697 ], [ 136.866863170000016, 36.93236364 ], [ 136.866944280000013, 36.93230364 ], [ 136.867112890000016, 36.9321942 ], [ 136.86731484, 36.93213947 ], [ 136.867955670000015, 36.9319642 ], [ 136.86838733, 36.93187113 ], [ 136.86881234, 36.93170697 ], [ 136.86906178000001, 36.93154833 ], [ 136.86916983, 36.93136777 ], [ 136.86928455, 36.93096305 ], [ 136.869466500000016, 36.93056889 ], [ 136.869763450000022, 36.93033889 ], [ 136.87001983, 36.93014195 ], [ 136.87017484, 36.92996695 ], [ 136.870431240000016, 36.92962195 ], [ 136.87059986, 36.92941417 ], [ 136.8707618, 36.92928277 ], [ 136.87114625000001, 36.92897111 ], [ 136.871355420000015, 36.92882333 ], [ 136.871510410000013, 36.92870277 ], [ 136.871631020000024, 36.9286345 ], [ 136.871684580000021, 36.92860417 ], [ 136.871767370000015, 36.92853084 ], [ 136.871857910000017, 36.92841889 ], [ 136.87197597, 36.92832528 ], [ 136.872012090000027, 36.92829611 ], [ 136.872557910000012, 36.92831111 ], [ 136.872860140000029, 36.92828139 ], [ 136.87318986, 36.92818472 ], [ 136.873318200000028, 36.92810305 ], [ 136.87351042, 36.92792472 ], [ 136.87380348, 36.92736028 ], [ 136.874187910000018, 36.92647611 ], [ 136.874371240000016, 36.92593361 ], [ 136.87449014, 36.92550305 ], [ 136.87455431, 36.92525028 ], [ 136.874645969999989, 36.92502 ], [ 136.874649660000017, 36.925 ], [ 136.87464995, 36.92499861 ], [ 136.874719030000023, 36.92462608 ], [ 136.87481986, 36.92438108 ], [ 136.87497542, 36.9241508 ], [ 136.875, 36.9241202 ], [ 136.875004860000018, 36.92411414 ], [ 136.875112630000018, 36.92397997 ], [ 136.87518597, 36.92380913 ], [ 136.87524986, 36.92361608 ], [ 136.87535986, 36.92346747 ], [ 136.87565292, 36.92323692 ], [ 136.87582681, 36.92305136 ], [ 136.87608319, 36.9227022 ], [ 136.876339590000015, 36.92243469 ], [ 136.87655042, 36.92222692 ], [ 136.87676097, 36.9219072 ], [ 136.87699903, 36.9215358 ], [ 136.877035690000014, 36.92120886 ], [ 136.87717292, 36.92099331 ], [ 136.87717486, 36.92099053 ], [ 136.87733791, 36.9207408 ], [ 136.877411240000015, 36.92048803 ], [ 136.87739292, 36.92021359 ], [ 136.87716930000002, 36.91967914 ], [ 136.87689348, 36.91907997 ], [ 136.87686514, 36.91876997 ], [ 136.876886520000028, 36.91850025 ], [ 136.876971240000017, 36.91800692 ], [ 136.876858200000015, 36.91728387 ], [ 136.876718050000022, 36.91666667 ], [ 136.87671776000002, 36.91666523 ], [ 136.87670961, 36.91662939 ], [ 136.876554060000018, 36.9160155 ], [ 136.876554060000018, 36.91559661 ], [ 136.876614330000024, 36.91528244 ], [ 136.87662462, 36.91522939 ], [ 136.87678044, 36.91477605 ], [ 136.877063220000025, 36.914403 ], [ 136.877508780000028, 36.91405661 ], [ 136.877573330000018, 36.91398422 ], [ 136.87759109000001, 36.91387947 ], [ 136.87765044, 36.91380633 ], [ 136.87786628, 36.913548 ], [ 136.878219880000017, 36.91331828 ], [ 136.878651280000014, 36.91315772 ], [ 136.87880711, 36.91314633 ], [ 136.878969610000013, 36.91314633 ], [ 136.879167390000021, 36.91317495 ], [ 136.87945044, 36.91330105 ], [ 136.87966961, 36.91342161 ], [ 136.87981822, 36.91345605 ], [ 136.880171830000023, 36.91344467 ], [ 136.88034878000002, 36.91352495 ], [ 136.88058211, 36.91367411 ], [ 136.880660170000027, 36.91367411 ], [ 136.88087934, 36.91362828 ], [ 136.881105720000022, 36.91361105 ], [ 136.88147239, 36.91372856 ], [ 136.881761, 36.9138455 ], [ 136.882194060000018, 36.91383828 ], [ 136.882482630000027, 36.913948 ], [ 136.882744310000021, 36.91398467 ], [ 136.88299236, 36.91403967 ], [ 136.883333330000028, 36.91423459 ], [ 136.883338200000026, 36.91423736 ], [ 136.88358764, 36.91437995 ], [ 136.883934860000011, 36.91434328 ], [ 136.884345420000017, 36.91421884 ], [ 136.8845618, 36.91416772 ], [ 136.884832360000019, 36.91419328 ], [ 136.88518431, 36.91411272 ], [ 136.885668200000026, 36.91378605 ], [ 136.885608750000017, 36.91364828 ], [ 136.88546686, 36.91340141 ], [ 136.88544730000001, 36.91329047 ], [ 136.885447640000024, 36.91293939 ], [ 136.8854307, 36.91262967 ], [ 136.885252670000028, 36.91227189 ], [ 136.885057390000014, 36.91194884 ], [ 136.884777660000026, 36.91176967 ], [ 136.884404330000024, 36.91162522 ], [ 136.884166830000026, 36.91143244 ], [ 136.8837685, 36.91080605 ], [ 136.883338220000013, 36.9103848 ], [ 136.883333330000028, 36.91038003 ], [ 136.883318780000025, 36.91036578 ], [ 136.88303044, 36.90985633 ], [ 136.88282684, 36.90918911 ], [ 136.88274211, 36.90894828 ], [ 136.882529880000021, 36.908838 ], [ 136.88229239, 36.90876244 ], [ 136.88217377, 36.90863856 ], [ 136.881959530000017, 36.90833333 ], [ 136.881958490000017, 36.90833189 ], [ 136.881758220000023, 36.90804659 ], [ 136.88148684, 36.90775047 ], [ 136.88108822, 36.90757853 ], [ 136.880901560000012, 36.90746159 ], [ 136.880570730000017, 36.9072002 ], [ 136.88007017000001, 36.90692492 ], [ 136.879663220000026, 36.90681492 ], [ 136.87964628, 36.90680853 ], [ 136.87939183, 36.90671159 ], [ 136.87910353, 36.90649825 ], [ 136.878976300000033, 36.90627103 ], [ 136.878976300000033, 36.9058238 ], [ 136.87894241, 36.90563103 ], [ 136.87895769, 36.90540325 ], [ 136.878976300000033, 36.90512159 ], [ 136.879111850000015, 36.9044888 ], [ 136.87913742, 36.90414464 ], [ 136.878933800000027, 36.90358714 ], [ 136.87867936, 36.9029538 ], [ 136.87864547, 36.90254131 ], [ 136.87869630000003, 36.90212131 ], [ 136.878636860000029, 36.90172214 ], [ 136.878331850000023, 36.90122659 ], [ 136.87806047, 36.90023575 ], [ 136.878000730000025, 36.9 ], [ 136.87800034, 36.89999853 ], [ 136.877873800000032, 36.89949933 ], [ 136.877878440000018, 36.89921592 ], [ 136.87788214, 36.89899017 ], [ 136.878068830000018, 36.89857044 ], [ 136.87831272, 36.898321 ], [ 136.878459100000015, 36.89817128 ], [ 136.878620220000016, 36.89794405 ], [ 136.878552440000021, 36.89751072 ], [ 136.87844217, 36.89710461 ], [ 136.878493, 36.89671933 ], [ 136.878908560000013, 36.89617572 ], [ 136.878993550000018, 36.895976 ], [ 136.878917170000022, 36.895336 ], [ 136.878993550000018, 36.89477184 ], [ 136.87912911, 36.89395295 ], [ 136.87911939, 36.89378489 ], [ 136.87910384, 36.89351933 ], [ 136.879010510000029, 36.89315433 ], [ 136.879010510000029, 36.89273489 ], [ 136.879409110000012, 36.89182628 ], [ 136.879648520000018, 36.89166667 ], [ 136.87965078000002, 36.89166517 ], [ 136.87979078, 36.89157184 ], [ 136.88029995, 36.89133072 ], [ 136.880579660000024, 36.8909935 ], [ 136.88080022, 36.89045708 ], [ 136.880813280000012, 36.89006792 ], [ 136.880842750000028, 36.88919069 ], [ 136.88099553, 36.88879847 ], [ 136.88136859, 36.88833041 ], [ 136.88234386000002, 36.88734625 ], [ 136.882648860000018, 36.88710236 ], [ 136.88271942, 36.88704569 ], [ 136.883014140000029, 36.88680986 ], [ 136.883333330000028, 36.88667433 ], [ 136.88333830000002, 36.88667222 ], [ 136.883743580000015, 36.88650013 ], [ 136.884956640000013, 36.88614208 ], [ 136.88529581, 36.88593569 ], [ 136.88553331, 36.88546097 ], [ 136.88560942, 36.88519264 ], [ 136.885431630000028, 36.88491736 ], [ 136.88493109, 36.88464208 ], [ 136.884089690000025, 36.88432069 ], [ 136.883777470000012, 36.88420153 ], [ 136.883531630000022, 36.88401569 ], [ 136.88346691000001, 36.88384764 ], [ 136.88333830000002, 36.88351359 ], [ 136.883333330000028, 36.88350064 ], [ 136.8832772, 36.88335487 ], [ 136.88327075, 36.88333333 ], [ 136.883270270000025, 36.8833318 ], [ 136.88313302, 36.88287347 ], [ 136.882513860000017, 36.8825018 ], [ 136.882191630000023, 36.8822815 ], [ 136.88207275000002, 36.88213705 ], [ 136.882191630000023, 36.88187539 ], [ 136.88224248, 36.88162067 ], [ 136.88222553, 36.88144872 ], [ 136.882081390000025, 36.88113205 ], [ 136.882089730000018, 36.88086372 ], [ 136.88221694, 36.88051289 ], [ 136.882446110000018, 36.87987984 ], [ 136.88253083, 36.87952872 ], [ 136.882536390000013, 36.87934178 ], [ 136.88254778000001, 36.87896428 ], [ 136.88262445, 36.87836595 ], [ 136.88276027, 36.87772567 ], [ 136.88295917, 36.87732456 ], [ 136.883057220000012, 36.87712705 ], [ 136.88303167, 36.87682428 ], [ 136.882904450000012, 36.87657677 ], [ 136.882590560000011, 36.87612233 ], [ 136.8823275, 36.87592289 ], [ 136.88201805, 36.87573289 ], [ 136.88201361, 36.87573011 ], [ 136.8818525, 36.87539984 ], [ 136.88162553, 36.875 ], [ 136.881624640000013, 36.87499844 ], [ 136.88155555, 36.87487677 ], [ 136.881386390000017, 36.874629 ], [ 136.88076694, 36.87420231 ], [ 136.880555030000011, 36.87388592 ], [ 136.880283640000016, 36.87328703 ], [ 136.880147810000011, 36.87265369 ], [ 136.88008837000001, 36.87235786 ], [ 136.87990197000002, 36.87208287 ], [ 136.879070860000013, 36.87139453 ], [ 136.878807810000012, 36.87110564 ], [ 136.878281970000018, 36.87049287 ], [ 136.878205580000014, 36.87027259 ], [ 136.877934470000014, 36.86935064 ], [ 136.87763752, 36.86893092 ], [ 136.8773492, 36.86858675 ], [ 136.876755300000013, 36.86818061 ], [ 136.8766628, 36.86811451 ], [ 136.876430030000023, 36.86794784 ], [ 136.876110900000015, 36.8677195 ], [ 136.875695330000013, 36.86752672 ], [ 136.87513533, 36.86749228 ], [ 136.87500506, 36.8675215 ], [ 136.875, 36.86752264 ], [ 136.874244770000018, 36.867692 ], [ 136.873591730000015, 36.86776756 ], [ 136.873396720000017, 36.86765061 ], [ 136.87315061000001, 36.86785033 ], [ 136.872904770000019, 36.86811867 ], [ 136.87268419, 36.86844895 ], [ 136.872336420000011, 36.86892367 ], [ 136.872013650000014, 36.86918172 ], [ 136.87172419, 36.86934561 ], [ 136.87156891, 36.86950977 ], [ 136.87145224, 36.86969286 ], [ 136.871358910000026, 36.86988841 ], [ 136.87100114, 36.87008397 ], [ 136.870635580000027, 36.87028592 ], [ 136.87038669, 36.87033647 ], [ 136.869912530000022, 36.87022925 ], [ 136.86965586, 36.87023536 ], [ 136.86930586, 36.87046869 ], [ 136.86887031, 36.87073369 ], [ 136.868263650000017, 36.87096092 ], [ 136.8680617, 36.87096092 ], [ 136.867525030000024, 36.87090397 ], [ 136.86726837, 36.8709862 ], [ 136.86703531, 36.87102397 ], [ 136.866671700000012, 36.87096511 ], [ 136.86666667, 36.87096428 ], [ 136.866568640000025, 36.87094841 ], [ 136.866273090000021, 36.87094203 ], [ 136.86578309, 36.87107453 ], [ 136.865364470000031, 36.87115203 ], [ 136.86516864, 36.87118813 ], [ 136.86505975, 36.87112508 ], [ 136.86499752, 36.87082203 ], [ 136.86490419, 36.87067703 ], [ 136.864694190000023, 36.87063286 ], [ 136.86447698, 36.87060759 ], [ 136.863683650000013, 36.8707212 ], [ 136.863131410000022, 36.87077786 ], [ 136.862843640000023, 36.87074647 ], [ 136.86280586, 36.87073092 ], [ 136.862446980000016, 36.87058231 ], [ 136.862446130000023, 36.87058175 ], [ 136.862027250000011, 36.87027953 ], [ 136.86156058, 36.86988813 ], [ 136.86139725000001, 36.86961675 ], [ 136.861366130000022, 36.86940869 ], [ 136.861342800000017, 36.86931397 ], [ 136.860628910000031, 36.86896341 ], [ 136.860109750000021, 36.86882786 ], [ 136.85990891000003, 36.86882092 ], [ 136.85981114, 36.86895425 ], [ 136.85971781, 36.86935813 ], [ 136.85963224, 36.86959147 ], [ 136.85947669, 36.86983147 ], [ 136.85922781, 36.86997647 ], [ 136.858908910000025, 36.87008369 ], [ 136.85849669000001, 36.87014675 ], [ 136.858338370000013, 36.87015139 ], [ 136.858333330000022, 36.87015153 ], [ 136.858278910000024, 36.87015314 ], [ 136.85824614, 36.87024064 ], [ 136.85817781, 36.87042453 ], [ 136.85820891000003, 36.87113092 ], [ 136.858240030000019, 36.87169897 ], [ 136.85813891, 36.87200175 ], [ 136.857960030000015, 36.87205231 ], [ 136.857648910000023, 36.87212175 ], [ 136.857330030000014, 36.87213428 ], [ 136.8572292, 36.87214705 ], [ 136.857198080000018, 36.87227317 ], [ 136.857532240000012, 36.87264511 ], [ 136.85765669, 36.87287233 ], [ 136.857695580000012, 36.87306177 ], [ 136.85765669, 36.87328261 ], [ 136.857582800000017, 36.87337095 ], [ 136.857524470000016, 36.87344039 ], [ 136.85723667, 36.87354761 ], [ 136.85661472000001, 36.87348456 ], [ 136.855938340000023, 36.87326984 ], [ 136.85572056, 36.8731815 ], [ 136.855565010000021, 36.87316261 ], [ 136.85527722, 36.87326344 ], [ 136.85495056000002, 36.8734465 ], [ 136.854670560000017, 36.87356011 ], [ 136.854305010000019, 36.87361067 ], [ 136.85404834000002, 36.87354122 ], [ 136.853760560000012, 36.87337705 ], [ 136.853503890000013, 36.87323844 ], [ 136.853084450000011, 36.87308677 ], [ 136.852617780000031, 36.87292289 ], [ 136.852127780000018, 36.87284067 ], [ 136.85184, 36.8727965 ], [ 136.850891390000015, 36.87268317 ], [ 136.850580270000023, 36.87274623 ], [ 136.850005010000018, 36.87283951 ], [ 136.85, 36.87284033 ], [ 136.849380270000012, 36.87294084 ], [ 136.849297220000011, 36.87295431 ], [ 136.848433890000024, 36.87307431 ], [ 136.84809389000003, 36.87311403 ], [ 136.84767973000001, 36.87316264 ], [ 136.84709222, 36.87306236 ], [ 136.847088610000014, 36.8730618 ], [ 136.846349690000011, 36.87275236 ], [ 136.845269140000028, 36.8721782 ], [ 136.84476358, 36.8717932 ], [ 136.844499140000011, 36.87166708 ], [ 136.844335810000018, 36.87161653 ], [ 136.844110250000028, 36.87162931 ], [ 136.843814970000011, 36.87169875 ], [ 136.843464970000014, 36.87179322 ], [ 136.84290497, 36.87188156 ], [ 136.84226747, 36.87184378 ], [ 136.84167163, 36.87170797 ], [ 136.84166667, 36.87170684 ], [ 136.84157525, 36.871686 ], [ 136.840634420000015, 36.87133905 ], [ 136.84024553, 36.8711435 ], [ 136.840035520000015, 36.87107405 ], [ 136.83980997, 36.87102989 ], [ 136.839537760000013, 36.87105489 ], [ 136.83924248, 36.87112433 ], [ 136.83884581, 36.87121905 ], [ 136.838278270000018, 36.87128211 ], [ 136.83823365, 36.87129964 ], [ 136.83803717, 36.87137687 ], [ 136.837796060000016, 36.87144631 ], [ 136.837096060000022, 36.87128853 ], [ 136.83691217, 36.8712602 ], [ 136.836345110000025, 36.87117259 ], [ 136.836318560000024, 36.87116853 ], [ 136.83610078000001, 36.87109908 ], [ 136.835766330000013, 36.87113713 ], [ 136.83564966, 36.87116853 ], [ 136.83551745, 36.87124408 ], [ 136.83505438, 36.87156436 ], [ 136.834887720000012, 36.87130714 ], [ 136.83477883, 36.87120631 ], [ 136.834615500000012, 36.87112408 ], [ 136.83448328, 36.87120631 ], [ 136.83431217, 36.87146492 ], [ 136.83422662000001, 36.87172992 ], [ 136.83386134, 36.87221575 ], [ 136.83344134, 36.87251884 ], [ 136.833338270000013, 36.87258939 ], [ 136.833333330000016, 36.87259275 ], [ 136.83299022, 36.87282772 ], [ 136.832733550000029, 36.87306105 ], [ 136.832710220000024, 36.87320633 ], [ 136.83272722000001, 36.87325272 ], [ 136.83294355000001, 36.87384356 ], [ 136.83309134000001, 36.87401411 ], [ 136.833333330000016, 36.87418867 ], [ 136.833338270000013, 36.87419223 ], [ 136.83344105, 36.87426633 ], [ 136.833643280000018, 36.87458189 ], [ 136.833822170000019, 36.87490384 ], [ 136.833862360000012, 36.87499856 ], [ 136.833862970000013, 36.875 ], [ 136.833907720000013, 36.8751055 ], [ 136.83407883000001, 36.87542078 ], [ 136.834187720000017, 36.87579939 ], [ 136.834187720000017, 36.87600772 ], [ 136.83414883, 36.87620328 ], [ 136.834249950000014, 36.87654411 ], [ 136.83432772, 36.87684689 ], [ 136.83420856, 36.876893 ], [ 136.83416438, 36.87691023 ], [ 136.83377550000003, 36.87702967 ], [ 136.833338270000013, 36.87716447 ], [ 136.833333330000016, 36.877166 ], [ 136.833161050000029, 36.87721911 ], [ 136.832624360000011, 36.87745244 ], [ 136.832049080000019, 36.87774272 ], [ 136.831986590000014, 36.87793217 ], [ 136.832009920000019, 36.8782855 ], [ 136.83194769, 36.87856939 ], [ 136.831784360000029, 36.87891633 ], [ 136.83159769, 36.87923161 ], [ 136.83121713, 36.87935161 ], [ 136.83085158, 36.87945247 ], [ 136.83043158000001, 36.87964831 ], [ 136.83005047, 36.87998275 ], [ 136.82978603, 36.88049359 ], [ 136.82960713, 36.88104247 ], [ 136.8294438, 36.88118136 ], [ 136.829303800000019, 36.88128859 ], [ 136.829047130000021, 36.8813958 ], [ 136.82882158000001, 36.88148414 ], [ 136.828767130000017, 36.88167359 ], [ 136.828767130000017, 36.88186275 ], [ 136.828736030000016, 36.88199525 ], [ 136.8287827, 36.88220997 ], [ 136.82883464, 36.88245831 ], [ 136.8288527, 36.88254414 ], [ 136.82872047, 36.88296692 ], [ 136.828826890000016, 36.88333192 ], [ 136.828827300000029, 36.88333333 ], [ 136.82888519, 36.88353192 ], [ 136.82889158, 36.88355359 ], [ 136.828953800000022, 36.88386303 ], [ 136.82889936, 36.88410887 ], [ 136.828689360000027, 36.88450025 ], [ 136.82852603, 36.88473331 ], [ 136.827709360000028, 36.88513723 ], [ 136.827149640000016, 36.88545277 ], [ 136.82704075, 36.88563584 ], [ 136.82709519, 36.88608389 ], [ 136.82703297, 36.88653195 ], [ 136.827351850000014, 36.88683444 ], [ 136.827258520000015, 36.88703639 ], [ 136.82699409, 36.88725084 ], [ 136.82668601, 36.88756195 ], [ 136.826430730000027, 36.88766556 ], [ 136.826192390000017, 36.88762417 ], [ 136.825730730000032, 36.88727084 ], [ 136.825592390000025, 36.88716472 ], [ 136.825104330000016, 36.88706167 ], [ 136.82500489, 36.88709503 ], [ 136.825, 36.88709667 ], [ 136.824653220000016, 36.88721305 ], [ 136.823906830000027, 36.88747805 ], [ 136.82361905, 36.88749084 ], [ 136.82340406, 36.88735341 ], [ 136.82314489, 36.8871878 ], [ 136.822724890000018, 36.88708697 ], [ 136.82233267, 36.88700197 ], [ 136.82179156, 36.88688503 ], [ 136.82132489, 36.8869228 ], [ 136.82086601, 36.88706169 ], [ 136.820601830000015, 36.88716253 ], [ 136.82020545, 36.88750308 ], [ 136.820057660000032, 36.88777447 ], [ 136.819824330000017, 36.8880078 ], [ 136.81974655, 36.88809613 ], [ 136.819521, 36.88819086 ], [ 136.819209880000017, 36.88825392 ], [ 136.81905433, 36.8883928 ], [ 136.81898433, 36.88857587 ], [ 136.818953220000026, 36.8887842 ], [ 136.817647390000019, 36.88879978 ], [ 136.81749292, 36.88880144 ], [ 136.81735903, 36.88880311 ], [ 136.817032360000013, 36.88887228 ], [ 136.81667153, 36.88892111 ], [ 136.816666670000018, 36.88892175 ], [ 136.81651930000001, 36.88894172 ], [ 136.815656250000018, 36.88862617 ], [ 136.81485514000002, 36.88843672 ], [ 136.81460625, 36.88835478 ], [ 136.81451292, 36.88826644 ], [ 136.814240700000028, 36.887907 ], [ 136.812879580000015, 36.88781839 ], [ 136.812685690000023, 36.88780561 ], [ 136.81224319, 36.88778172 ], [ 136.81115986, 36.88772286 ], [ 136.810243750000012, 36.88767314 ], [ 136.8083382, 36.88767667 ], [ 136.808333330000011, 36.88767667 ], [ 136.806783170000017, 36.88767953 ], [ 136.806783170000017, 36.88752813 ], [ 136.805127060000018, 36.88749039 ], [ 136.804621500000025, 36.88756595 ], [ 136.80393733, 36.88754705 ], [ 136.803182890000016, 36.88786872 ], [ 136.802323990000019, 36.88761123 ], [ 136.802162610000011, 36.88756289 ], [ 136.801690120000018, 36.88742095 ], [ 136.801503450000013, 36.88741456 ], [ 136.801246780000014, 36.88745233 ], [ 136.800997890000019, 36.88752151 ], [ 136.80094345, 36.88757205 ], [ 136.801121780000017, 36.88796567 ], [ 136.802140950000023, 36.89021567 ], [ 136.80166623, 36.89037428 ], [ 136.800588440000013, 36.89073431 ], [ 136.800004840000014, 36.89092908 ], [ 136.8, 36.89093069 ], [ 136.799193450000018, 36.89119986 ], [ 136.799015670000017, 36.89119625 ], [ 136.79894066, 36.89119487 ], [ 136.798571510000016, 36.89118736 ], [ 136.797817330000015, 36.89072041 ], [ 136.79766178, 36.89053764 ], [ 136.79758397, 36.89023459 ], [ 136.797265080000017, 36.8899318 ], [ 136.796992870000025, 36.88968764 ], [ 136.79698148, 36.88967736 ], [ 136.796969530000013, 36.8896668 ], [ 136.79682953, 36.88943959 ], [ 136.79684508, 36.88906736 ], [ 136.79669759, 36.88858764 ], [ 136.796736470000013, 36.88810208 ], [ 136.796658690000015, 36.88754041 ], [ 136.79647202000001, 36.88696625 ], [ 136.79618425000001, 36.88655013 ], [ 136.795740920000014, 36.8862218 ], [ 136.79561314, 36.8862382 ], [ 136.79561175, 36.8862382 ], [ 136.795408150000014, 36.88626431 ], [ 136.795344530000023, 36.88627236 ], [ 136.79460591, 36.88500403 ], [ 136.794448970000019, 36.88503736 ], [ 136.794446740000012, 36.88503764 ], [ 136.794248150000016, 36.88507987 ], [ 136.79371953, 36.8840768 ], [ 136.793853970000015, 36.88399792 ], [ 136.793857590000016, 36.88399597 ], [ 136.79399953, 36.88391264 ], [ 136.793690340000012, 36.88333333 ], [ 136.79368969, 36.88333208 ], [ 136.7933462, 36.88268847 ], [ 136.793106740000013, 36.88265459 ], [ 136.79298842, 36.88263792 ], [ 136.79272394, 36.88254959 ], [ 136.79248311, 36.88253711 ], [ 136.792078660000016, 36.88252433 ], [ 136.792055330000011, 36.88247377 ], [ 136.792047560000015, 36.88209544 ], [ 136.791806720000011, 36.88207656 ], [ 136.791671440000016, 36.88209164 ], [ 136.791666670000012, 36.88209217 ], [ 136.791355620000019, 36.88212684 ], [ 136.791060050000027, 36.88225933 ], [ 136.790741170000018, 36.88230351 ], [ 136.79016589, 36.88233517 ], [ 136.790158110000021, 36.88215851 ], [ 136.79018756, 36.88203795 ], [ 136.790290340000013, 36.881616 ], [ 136.79032895, 36.88151351 ], [ 136.79043034, 36.88124377 ], [ 136.79069672, 36.881171 ], [ 136.79108756, 36.88106433 ], [ 136.79137895, 36.88098489 ], [ 136.791456720000014, 36.88094072 ], [ 136.791247, 36.880316 ], [ 136.791231440000018, 36.88001989 ], [ 136.791052550000018, 36.87929405 ], [ 136.791044770000013, 36.87849267 ], [ 136.791130340000024, 36.87842322 ], [ 136.791530890000018, 36.878361 ], [ 136.791666670000012, 36.87833978 ], [ 136.791671440000016, 36.87833905 ], [ 136.791698110000027, 36.87833489 ], [ 136.791671440000016, 36.87824072 ], [ 136.791666670000012, 36.87822384 ], [ 136.790950900000013, 36.87569656 ], [ 136.790881720000016, 36.87545184 ], [ 136.790812550000027, 36.87502572 ], [ 136.790808420000019, 36.875 ], [ 136.790808220000031, 36.87499877 ], [ 136.790803940000018, 36.87497211 ], [ 136.790800610000019, 36.87492017 ], [ 136.790771440000015, 36.87447156 ], [ 136.790765060000012, 36.87437267 ], [ 136.79082725, 36.87380489 ], [ 136.790661410000013, 36.87376822 ], [ 136.790651700000012, 36.873766 ], [ 136.79057058, 36.87374822 ], [ 136.79006224, 36.87375684 ], [ 136.78983947, 36.87376072 ], [ 136.788921970000018, 36.87383656 ], [ 136.788649750000019, 36.8739185 ], [ 136.788089750000012, 36.87425267 ], [ 136.78771669, 36.87438517 ], [ 136.786705860000012, 36.87446739 ], [ 136.786301410000021, 36.87448628 ], [ 136.78634808000001, 36.87408239 ], [ 136.786223650000011, 36.87398767 ], [ 136.785873650000013, 36.87400044 ], [ 136.785826980000024, 36.87373517 ], [ 136.785873650000013, 36.87353989 ], [ 136.785756980000031, 36.87340739 ], [ 136.785531410000033, 36.873376 ], [ 136.78549752, 36.87336461 ], [ 136.785103920000012, 36.87323072 ], [ 136.78499503, 36.87314239 ], [ 136.784855030000017, 36.87311711 ], [ 136.78360222, 36.87300686 ], [ 136.783545840000016, 36.87296575 ], [ 136.78354973, 36.8728838 ], [ 136.783671950000013, 36.87252769 ], [ 136.78391195, 36.8710288 ], [ 136.78400944, 36.87041964 ], [ 136.784163330000013, 36.86945769 ], [ 136.785026390000013, 36.86829656 ], [ 136.785298610000012, 36.86801905 ], [ 136.785415280000024, 36.86784239 ], [ 136.785500830000018, 36.86766572 ], [ 136.78534528000003, 36.86726822 ], [ 136.785156130000018, 36.86666667 ], [ 136.78515575, 36.86666544 ], [ 136.78504973, 36.86632822 ], [ 136.78481861, 36.86550795 ], [ 136.784420860000012, 36.86478751 ], [ 136.78333803000001, 36.86491175 ], [ 136.78333333, 36.86491228 ], [ 136.781676590000018, 36.86510239 ], [ 136.781853550000022, 36.86603997 ], [ 136.780711500000024, 36.86618092 ], [ 136.780325380000022, 36.86613575 ], [ 136.77794864, 36.86643703 ], [ 136.77765917, 36.86649464 ], [ 136.777444700000018, 36.86658687 ], [ 136.776286060000018, 36.86664967 ], [ 136.775601610000024, 36.86658661 ], [ 136.775004670000015, 36.86646644 ], [ 136.775, 36.8664655 ], [ 136.774660510000018, 36.86639717 ], [ 136.773828830000014, 36.86615744 ], [ 136.77352883, 36.86612495 ], [ 136.77324550000003, 36.86609439 ], [ 136.772351050000026, 36.86614495 ], [ 136.77190328, 36.86618661 ], [ 136.771363, 36.86623717 ], [ 136.77079577, 36.86628995 ], [ 136.76983936000002, 36.86628384 ], [ 136.76899185000002, 36.86626467 ], [ 136.768361850000019, 36.86614495 ], [ 136.767529640000021, 36.86606272 ], [ 136.76667131, 36.86606561 ], [ 136.76666667, 36.86606561 ], [ 136.764367420000013, 36.86607331 ], [ 136.76366489, 36.86607553 ], [ 136.760306830000019, 36.86609387 ], [ 136.759814620000014, 36.86609664 ], [ 136.75949655, 36.86609859 ], [ 136.75833795, 36.86610503 ], [ 136.758333330000028, 36.86610505 ], [ 136.757932410000024, 36.86610729 ], [ 136.75791475, 36.86625247 ], [ 136.75793711, 36.86637272 ], [ 136.75798659, 36.866648 ], [ 136.75799224, 36.86666553 ], [ 136.75799261, 36.86666667 ], [ 136.75802202, 36.86675769 ], [ 136.758049810000017, 36.86685533 ], [ 136.758054140000013, 36.86700561 ] ] ], [ [ [ 136.808338110000022, 36.94880423 ], [ 136.80846811, 36.94858378 ], [ 136.808519780000012, 36.94839017 ], [ 136.808681170000028, 36.94834822 ], [ 136.808765060000013, 36.94829572 ], [ 136.80882949, 36.94822267 ], [ 136.80884728, 36.94811184 ], [ 136.80884895, 36.94810211 ], [ 136.808860340000024, 36.94810322 ], [ 136.80901645, 36.94811795 ], [ 136.809138390000015, 36.94802905 ], [ 136.809147, 36.94802267 ], [ 136.809403670000023, 36.94783544 ], [ 136.809577830000023, 36.94777767 ], [ 136.809732560000015, 36.94772544 ], [ 136.809799489999989, 36.94762933 ], [ 136.8098745, 36.94752128 ], [ 136.809790610000022, 36.94746905 ], [ 136.809538950000018, 36.94750572 ], [ 136.809448660000015, 36.94747933 ], [ 136.809397, 36.94739044 ], [ 136.8094745, 36.94721767 ], [ 136.809538950000018, 36.94706072 ], [ 136.809597, 36.94707128 ], [ 136.809803390000013, 36.94645933 ], [ 136.80981005000001, 36.94629711 ], [ 136.80961645, 36.946276 ], [ 136.80963589000001, 36.94615044 ], [ 136.80973895, 36.9461085 ], [ 136.80973895, 36.94602489 ], [ 136.80954533000002, 36.94586267 ], [ 136.80946173000001, 36.94590989 ], [ 136.80937117000002, 36.94610351 ], [ 136.80924866, 36.94645405 ], [ 136.80914562000001, 36.94676767 ], [ 136.809164770000024, 36.94689851 ], [ 136.80908756, 36.94707128 ], [ 136.809010050000012, 36.94722823 ], [ 136.808810890000018, 36.94739517 ], [ 136.808623110000013, 36.94755267 ], [ 136.80848756, 36.94768351 ], [ 136.808338110000022, 36.94780472 ], [ 136.808333330000011, 36.94780861 ], [ 136.80828756, 36.94784572 ], [ 136.80818450000001, 36.94825405 ], [ 136.808216720000019, 36.94834822 ], [ 136.80816506, 36.94849461 ], [ 136.80802949, 36.94873517 ], [ 136.808023110000022, 36.94896544 ], [ 136.807790900000015, 36.94923239 ], [ 136.80759756, 36.94926377 ], [ 136.807558660000012, 36.94955684 ], [ 136.80728811000003, 36.94977656 ], [ 136.806985060000017, 36.94966159 ], [ 136.80695283, 36.94999877 ], [ 136.80695272, 36.95 ], [ 136.806952560000013, 36.95000156 ], [ 136.80671394, 36.95025795 ], [ 136.806913940000015, 36.95048823 ], [ 136.80693506, 36.95054544 ], [ 136.807003940000016, 36.95073405 ], [ 136.807029780000022, 36.95091711 ], [ 136.807081440000019, 36.9510585 ], [ 136.807320050000015, 36.9512835 ], [ 136.80769423000001, 36.95155044 ], [ 136.807894230000016, 36.95158711 ], [ 136.808261720000019, 36.95186433 ], [ 136.808333330000011, 36.9519302 ], [ 136.808338110000022, 36.95193459 ], [ 136.808455330000015, 36.95204239 ], [ 136.808552, 36.95225156 ], [ 136.80864895000002, 36.95237711 ], [ 136.808932560000017, 36.95267017 ], [ 136.809081170000013, 36.952796 ], [ 136.80908728, 36.95298961 ], [ 136.80938394, 36.95326156 ], [ 136.809751730000016, 36.953591 ], [ 136.809745060000012, 36.95383711 ], [ 136.80959672, 36.95430267 ], [ 136.809512830000017, 36.95455405 ], [ 136.80945589000001, 36.95459517 ], [ 136.809396720000024, 36.95463767 ], [ 136.809232550000019, 36.95463739 ], [ 136.809370050000012, 36.95477156 ], [ 136.80969144, 36.95489795 ], [ 136.80978672, 36.954706 ], [ 136.809812280000017, 36.95465461 ], [ 136.80997922, 36.95455017 ], [ 136.80987423000002, 36.95426628 ], [ 136.809887, 36.95413544 ], [ 136.809958110000025, 36.95378461 ], [ 136.810061720000022, 36.95370684 ], [ 136.81013228, 36.95365377 ], [ 136.81011283, 36.95347628 ], [ 136.809990340000013, 36.95338211 ], [ 136.80982895, 36.95331405 ], [ 136.80971922, 36.95320933 ], [ 136.809628950000018, 36.953021 ], [ 136.80946144, 36.95296351 ], [ 136.80923562000001, 36.95260739 ], [ 136.809152, 36.95247156 ], [ 136.80902949, 36.952351 ], [ 136.808913390000015, 36.95225156 ], [ 136.808861730000018, 36.95193767 ], [ 136.808623110000013, 36.95168656 ], [ 136.808338110000022, 36.95133325 ], [ 136.808333330000011, 36.95132733 ], [ 136.808281170000015, 36.95126267 ], [ 136.80800394, 36.95123128 ], [ 136.807771730000013, 36.95107405 ], [ 136.807662, 36.95094323 ], [ 136.80756506, 36.95079156 ], [ 136.807532830000014, 36.95067684 ], [ 136.807423380000017, 36.95051961 ], [ 136.807423380000017, 36.95032072 ], [ 136.807442550000019, 36.95017433 ], [ 136.80748144, 36.95011684 ], [ 136.8075909, 36.95004877 ], [ 136.807658980000014, 36.95 ], [ 136.80766066000001, 36.94999877 ], [ 136.807700610000012, 36.94997017 ], [ 136.80776506, 36.94988656 ], [ 136.80788117000003, 36.94968239 ], [ 136.807971440000017, 36.94943628 ], [ 136.808062, 36.94927933 ], [ 136.808178110000028, 36.94921656 ], [ 136.80822949, 36.94916433 ], [ 136.808242550000017, 36.94903351 ], [ 136.80825533, 36.94894461 ], [ 136.808333330000011, 36.94881233 ], [ 136.808338110000022, 36.94880423 ] ] ], [ [ [ 136.75478664000002, 36.95067613 ], [ 136.75476189, 36.95067469 ], [ 136.754728, 36.95069247 ], [ 136.754715770000018, 36.9507258 ], [ 136.75472156, 36.95075803 ], [ 136.75473134, 36.95078953 ], [ 136.754794670000024, 36.95075136 ], [ 136.75482494000002, 36.95071692 ], [ 136.754819170000019, 36.95069889 ], [ 136.75478664000002, 36.95067613 ] ] ], [ [ [ 136.755091610000022, 36.95113997 ], [ 136.755060220000018, 36.95109608 ], [ 136.75503494000003, 36.95110303 ], [ 136.75502523, 36.9511208 ], [ 136.755003280000011, 36.95114247 ], [ 136.754997440000011, 36.95117803 ], [ 136.75499966000001, 36.95121387 ], [ 136.755060220000018, 36.95122136 ], [ 136.755078560000015, 36.95122441 ], [ 136.755091610000022, 36.95113997 ] ] ], [ [ [ 136.755368560000022, 36.95129913 ], [ 136.755313840000014, 36.95131775 ], [ 136.75529577, 36.95134136 ], [ 136.755271500000021, 36.95136397 ], [ 136.75533438, 36.95137387 ], [ 136.755369660000014, 36.95137969 ], [ 136.75539837, 36.95136978 ], [ 136.75542808, 36.95135072 ], [ 136.75544659000002, 36.95133325 ], [ 136.75543411000001, 36.95131969 ], [ 136.75540745, 36.95129803 ], [ 136.755368560000022, 36.95129913 ] ] ], [ [ [ 136.75495939000001, 36.95157969 ], [ 136.75497411, 36.95159636 ], [ 136.755000780000017, 36.95160941 ], [ 136.755126890000014, 36.9516122 ], [ 136.755158560000012, 36.95156192 ], [ 136.755157170000018, 36.95148525 ], [ 136.75515384000002, 36.9514722 ], [ 136.75512078, 36.95145664 ], [ 136.75507966, 36.9514172 ], [ 136.755078270000013, 36.95138969 ], [ 136.755062720000012, 36.95136887 ], [ 136.75503606, 36.95136413 ], [ 136.755014110000019, 36.95136887 ], [ 136.754998270000016, 36.95138192 ], [ 136.754984940000014, 36.95142025 ], [ 136.75497564, 36.95146764 ], [ 136.75497411, 36.9515158 ], [ 136.75495939000001, 36.95157969 ] ] ], [ [ [ 136.755754380000013, 36.95158359 ], [ 136.755744670000013, 36.95155414 ], [ 136.755731700000013, 36.95152759 ], [ 136.75569022000002, 36.95148136 ], [ 136.755661050000015, 36.95139359 ], [ 136.75564523, 36.95137108 ], [ 136.755596610000026, 36.95137192 ], [ 136.75557244, 36.95137692 ], [ 136.755543280000012, 36.95139164 ], [ 136.75553467, 36.95141831 ], [ 136.755526060000022, 36.9514672 ], [ 136.75556577, 36.95151469 ], [ 136.75559189, 36.95157831 ], [ 136.755639100000025, 36.95161025 ], [ 136.755658560000029, 36.95162497 ], [ 136.755675500000024, 36.95162497 ], [ 136.75574355, 36.9516072 ], [ 136.755754380000013, 36.95158359 ] ] ], [ [ [ 136.75475078, 36.95198108 ], [ 136.754758830000014, 36.95199108 ], [ 136.75478078, 36.95199692 ], [ 136.754803, 36.95199192 ], [ 136.754854670000014, 36.95186859 ], [ 136.75482134, 36.95178525 ], [ 136.75479328, 36.95176025 ], [ 136.754766890000013, 36.95175441 ], [ 136.754742170000014, 36.95175941 ], [ 136.75472523000002, 36.9517772 ], [ 136.75471995, 36.95180164 ], [ 136.754723550000023, 36.95182887 ], [ 136.75472837, 36.95185447 ], [ 136.75472966000001, 36.95188969 ], [ 136.75472837, 36.95194997 ], [ 136.75475078, 36.95198108 ] ] ], [ [ [ 136.75554577, 36.95186941 ], [ 136.755518, 36.95187192 ], [ 136.75550134, 36.95188636 ], [ 136.75548523, 36.95190914 ], [ 136.75548717, 36.9519258 ], [ 136.75550995, 36.95194608 ], [ 136.755553970000022, 36.9519272 ], [ 136.755561280000023, 36.95190867 ], [ 136.75557161, 36.95187775 ], [ 136.75554577, 36.95186941 ] ] ], [ [ [ 136.81435005000003, 36.95356795 ], [ 136.814343670000028, 36.95340684 ], [ 136.81442034, 36.9533185 ], [ 136.814446160000017, 36.95317823 ], [ 136.814792, 36.95280933 ], [ 136.814732550000031, 36.95274933 ], [ 136.81463839, 36.95265351 ], [ 136.814522830000016, 36.95256517 ], [ 136.814458950000017, 36.95240405 ], [ 136.814132280000024, 36.95225322 ], [ 136.814132280000024, 36.95235211 ], [ 136.81435645000002, 36.95247156 ], [ 136.81428589, 36.95262239 ], [ 136.814170610000019, 36.95273656 ], [ 136.814401170000025, 36.95280405 ], [ 136.814138660000026, 36.95306377 ], [ 136.81411283, 36.95316795 ], [ 136.81410005, 36.95330295 ], [ 136.813472280000013, 36.95353684 ], [ 136.812998110000024, 36.95360433 ], [ 136.81308949000001, 36.95370933 ], [ 136.813152, 36.95378128 ], [ 136.813318660000022, 36.95388517 ], [ 136.813562, 36.95386961 ], [ 136.81361311, 36.95390072 ], [ 136.81369645, 36.95390072 ], [ 136.81369645, 36.95372405 ], [ 136.814068110000022, 36.95368239 ], [ 136.814132280000024, 36.95363044 ], [ 136.81428589, 36.95367211 ], [ 136.81435005000003, 36.95356795 ] ] ], [ [ [ 136.80214475, 36.95616295 ], [ 136.802287520000021, 36.95611544 ], [ 136.802237250000019, 36.95600628 ], [ 136.802086130000021, 36.95585684 ], [ 136.801951700000018, 36.95572044 ], [ 136.80188475, 36.95559795 ], [ 136.801993650000014, 36.95557767 ], [ 136.802170030000013, 36.95537323 ], [ 136.80243031, 36.95528461 ], [ 136.80255614, 36.95515517 ], [ 136.802673640000023, 36.95498489 ], [ 136.802908910000014, 36.95489656 ], [ 136.80286669, 36.95463072 ], [ 136.80295086000001, 36.95450156 ], [ 136.802824750000013, 36.95424267 ], [ 136.802824750000013, 36.95413378 ], [ 136.80267523, 36.9538192 ], [ 136.802640310000015, 36.95374572 ], [ 136.802472240000014, 36.95388156 ], [ 136.80258975000001, 36.95403822 ], [ 136.802640310000015, 36.95419489 ], [ 136.80264864, 36.95432433 ], [ 136.80271586, 36.95453544 ], [ 136.802698910000032, 36.954801 ], [ 136.802287520000021, 36.95505989 ], [ 136.802077810000014, 36.95511433 ], [ 136.80188475, 36.95517572 ], [ 136.80178392000002, 36.955271 ], [ 136.801171410000023, 36.95539377 ], [ 136.80106224, 36.95546184 ], [ 136.80089419, 36.95559795 ], [ 136.80055864000002, 36.95576797 ], [ 136.80044114, 36.95569297 ], [ 136.800398910000013, 36.95571353 ], [ 136.800390580000027, 36.95577492 ], [ 136.800591970000028, 36.95589741 ], [ 136.8007517, 36.95590408 ], [ 136.800902800000017, 36.95597239 ], [ 136.80109586, 36.95593156 ], [ 136.801221700000013, 36.95603351 ], [ 136.80146475, 36.955986 ], [ 136.80171669, 36.95609489 ], [ 136.801834190000022, 36.95600628 ], [ 136.801985300000013, 36.95609489 ], [ 136.80214475, 36.95616295 ] ] ], [ [ [ 136.81295728, 36.955271 ], [ 136.813208660000015, 36.95540184 ], [ 136.813428110000018, 36.95535461 ], [ 136.81389255000002, 36.95550628 ], [ 136.81440905, 36.95564917 ], [ 136.81480172000002, 36.95575767 ], [ 136.815272550000032, 36.95576795 ], [ 136.81555645, 36.95576795 ], [ 136.815775620000011, 36.95582572 ], [ 136.815956450000016, 36.955946 ], [ 136.816091730000011, 36.95616572 ], [ 136.81620783, 36.95614489 ], [ 136.81611756, 36.95589877 ], [ 136.816272280000021, 36.95576795 ], [ 136.816440050000011, 36.95567377 ], [ 136.816562550000015, 36.95562156 ], [ 136.816666670000018, 36.95553714 ], [ 136.81667144, 36.95553328 ], [ 136.816840050000025, 36.95539656 ], [ 136.817368660000028, 36.95527128 ], [ 136.817517, 36.95529211 ], [ 136.81764616000001, 36.95528684 ], [ 136.817942830000021, 36.95505128 ], [ 136.818136160000023, 36.95508795 ], [ 136.818245890000014, 36.95495711 ], [ 136.81840728, 36.95482628 ], [ 136.81838783, 36.95467989 ], [ 136.818162, 36.95476877 ], [ 136.817929780000014, 36.95488377 ], [ 136.817813670000021, 36.95490489 ], [ 136.81763895, 36.95508211 ], [ 136.817549220000018, 36.95517184 ], [ 136.81724005, 36.95505656 ], [ 136.81720117, 36.95507239 ], [ 136.816982, 36.95521351 ], [ 136.81671756, 36.95515072 ], [ 136.81667144, 36.95518417 ], [ 136.816666670000018, 36.95518764 ], [ 136.816530340000014, 36.95528656 ], [ 136.816498110000026, 36.95542267 ], [ 136.816414230000021, 36.95555877 ], [ 136.816317560000016, 36.95550628 ], [ 136.81614339, 36.95550128 ], [ 136.81590477, 36.95564239 ], [ 136.81590477, 36.95525517 ], [ 136.815453110000021, 36.95522377 ], [ 136.81531783, 36.95512961 ], [ 136.814917830000013, 36.95497267 ], [ 136.81402144, 36.95498295 ], [ 136.81378949, 36.95498072 ], [ 136.812918390000021, 36.95497267 ], [ 136.81218311, 36.95517656 ], [ 136.81203477, 36.95517156 ], [ 136.81180256, 36.95504572 ], [ 136.81191866, 36.95477377 ], [ 136.81182533, 36.954611 ], [ 136.8117445, 36.95447017 ], [ 136.81203477, 36.954041 ], [ 136.81193144, 36.95391044 ], [ 136.811667, 36.95437072 ], [ 136.811286720000027, 36.95449628 ], [ 136.811377, 36.95463239 ], [ 136.81129311, 36.95482072 ], [ 136.81116423, 36.95494656 ], [ 136.81103533000001, 36.95502489 ], [ 136.810880340000011, 36.95535461 ], [ 136.810667560000013, 36.95541711 ], [ 136.810487, 36.95546989 ], [ 136.810667560000013, 36.95575739 ], [ 136.810887, 36.9556635 ], [ 136.811080050000015, 36.95551156 ], [ 136.81138339, 36.95547489 ], [ 136.811596160000022, 36.95545405 ], [ 136.81169922, 36.9554385 ], [ 136.8117445, 36.95524461 ], [ 136.81189283, 36.95528128 ], [ 136.81189283, 36.95541739 ], [ 136.811970340000016, 36.95546461 ], [ 136.81295728, 36.955271 ] ] ] ] } }
]
}
