{
"type": "FeatureCollection",
"name": "city_18_勝山市",
"crs": { "type": "name", "properties": { "name": "urn:ogc:def:crs:OGC:1.3:CRS84" } },
"features": [
{ "type": "Feature", "properties": { }, "geometry": { "type": "Polygon", "coordinates": [ [ [ 136.40697925, 36.08179817 ], [ 136.40694425, 36.081809 ], [ 136.406625640000016, 36.08192123 ], [ 136.40643842, 36.08198872 ], [ 136.40607148, 36.08208428 ], [ 136.405662870000015, 36.08223039 ], [ 136.40537869000002, 36.08234289 ], [ 136.405212580000011, 36.08242705 ], [ 136.40440953, 36.08266872 ], [ 136.404261750000018, 36.08272123 ], [ 136.404173970000016, 36.08275261 ], [ 136.404014530000012, 36.08280317 ], [ 136.40361980000003, 36.08291567 ], [ 136.403183410000025, 36.08305623 ], [ 136.402899530000013, 36.0831515 ], [ 136.402691750000031, 36.08323039 ], [ 136.402402310000014, 36.08333261 ], [ 136.402400270000015, 36.08333333 ], [ 136.402262310000026, 36.08338205 ], [ 136.401839810000013, 36.08351677 ], [ 136.401542050000018, 36.08360123 ], [ 136.40135484000001, 36.08365733 ], [ 136.401063990000011, 36.0837415 ], [ 136.400551510000014, 36.08388761 ], [ 136.40038872, 36.08394261 ], [ 136.400302050000022, 36.08397205 ], [ 136.40011511, 36.08402261 ], [ 136.400002340000015, 36.08406311 ], [ 136.4, 36.08406395 ], [ 136.399692890000011, 36.08417428 ], [ 136.399214840000013, 36.08429761 ], [ 136.398937890000013, 36.08436511 ], [ 136.39877872, 36.08443233 ], [ 136.39846706, 36.08452789 ], [ 136.397850390000031, 36.08468539 ], [ 136.397622050000024, 36.084764 ], [ 136.39744178, 36.08482011 ], [ 136.39699844, 36.08494372 ], [ 136.39666428000001, 36.08506511 ], [ 136.396534550000013, 36.08511233 ], [ 136.396299, 36.085174 ], [ 136.39607733, 36.08523039 ], [ 136.395786500000014, 36.0853315 ], [ 136.395121500000016, 36.08550011 ], [ 136.39487927, 36.08556178 ], [ 136.394726780000013, 36.08562372 ], [ 136.394366500000018, 36.08574733 ], [ 136.393763990000025, 36.08588205 ], [ 136.39359095, 36.08595484 ], [ 136.39341761, 36.08601651 ], [ 136.39300205, 36.086084 ], [ 136.392586500000021, 36.08620761 ], [ 136.39253345000003, 36.08623178 ], [ 136.392413450000021, 36.08628623 ], [ 136.392240120000025, 36.08635372 ], [ 136.39192345, 36.08644151 ], [ 136.39184122, 36.08647372 ], [ 136.391669, 36.08654092 ], [ 136.39166667, 36.08654184 ], [ 136.39118122, 36.08673123 ], [ 136.39043594, 36.08702151 ], [ 136.390144280000015, 36.08714344 ], [ 136.390086500000024, 36.08716761 ], [ 136.389886500000017, 36.08725123 ], [ 136.389489270000013, 36.08737484 ], [ 136.389217060000021, 36.08748511 ], [ 136.388874550000025, 36.08754261 ], [ 136.38866234, 36.08753372 ], [ 136.38828706000001, 36.08751928 ], [ 136.38828983, 36.08758733 ], [ 136.388314, 36.08819984 ], [ 136.38835205, 36.08887984 ], [ 136.388346500000011, 36.0892065 ], [ 136.38838983, 36.0893565 ], [ 136.38838983, 36.08973177 ], [ 136.38840095, 36.09042011 ], [ 136.38840095, 36.09079984 ], [ 136.38850428, 36.09083067 ], [ 136.388506810000024, 36.09083059 ], [ 136.38862927, 36.09082623 ], [ 136.388792610000024, 36.09073344 ], [ 136.38905372, 36.0907115 ], [ 136.390163450000017, 36.09068705 ], [ 136.390859830000011, 36.09067844 ], [ 136.39137122, 36.09068928 ], [ 136.39166667, 36.09072847 ], [ 136.391669, 36.09072878 ], [ 136.391670660000017, 36.090729 ], [ 136.391828440000012, 36.09076428 ], [ 136.392035110000023, 36.0907865 ], [ 136.39221455, 36.09076872 ], [ 136.392540950000011, 36.09077761 ], [ 136.392639, 36.09079984 ], [ 136.39279122, 36.09085705 ], [ 136.392889270000012, 36.09094539 ], [ 136.392916500000013, 36.09103372 ], [ 136.392976230000016, 36.09112205 ], [ 136.39307428, 36.09124567 ], [ 136.39330261, 36.09137344 ], [ 136.39353122, 36.09144872 ], [ 136.393944840000017, 36.09154567 ], [ 136.39436183, 36.09166595 ], [ 136.394364310000014, 36.09166667 ], [ 136.394526500000012, 36.09171344 ], [ 136.394765940000013, 36.09183705 ], [ 136.39498178, 36.09192677 ], [ 136.395320950000013, 36.09207095 ], [ 136.39564733, 36.09221233 ], [ 136.395821500000011, 36.09241095 ], [ 136.395913990000025, 36.09256984 ], [ 136.396022610000017, 36.09274205 ], [ 136.39616956, 36.093029 ], [ 136.396332890000025, 36.09335984 ], [ 136.396419830000013, 36.09350984 ], [ 136.39653956, 36.09363789 ], [ 136.39673012, 36.09380123 ], [ 136.39707261, 36.09405289 ], [ 136.397225140000018, 36.0941765 ], [ 136.39736652000002, 36.09430872 ], [ 136.39772202, 36.09461064 ], [ 136.397834580000023, 36.09470623 ], [ 136.397954030000022, 36.09485178 ], [ 136.39804652, 36.09497539 ], [ 136.398242360000012, 36.09516095 ], [ 136.398378200000025, 36.09529317 ], [ 136.398530420000014, 36.095514 ], [ 136.398617640000026, 36.09575233 ], [ 136.398650140000029, 36.09593317 ], [ 136.3987318, 36.09606984 ], [ 136.39880263, 36.09617595 ], [ 136.398889580000031, 36.09627289 ], [ 136.39901486, 36.09634344 ], [ 136.39927597, 36.09640539 ], [ 136.39944986, 36.096454 ], [ 136.39965681000001, 36.09656428 ], [ 136.39987986, 36.09669233 ], [ 136.4, 36.09676703 ], [ 136.40000236, 36.09676851 ], [ 136.40004292, 36.09679372 ], [ 136.400200700000028, 36.09688205 ], [ 136.40033681, 36.09701456 ], [ 136.400407640000026, 36.09717789 ], [ 136.40051625000001, 36.09735456 ], [ 136.40067958000003, 36.09746928 ], [ 136.400929580000025, 36.09761928 ], [ 136.401212360000017, 36.097734 ], [ 136.401903480000016, 36.09810484 ], [ 136.40217542, 36.09821539 ], [ 136.40228153000001, 36.09824344 ], [ 136.402594310000012, 36.09832567 ], [ 136.40282292, 36.09836539 ], [ 136.40306209000002, 36.09849344 ], [ 136.4035193, 36.09874928 ], [ 136.40385652, 36.09893484 ], [ 136.4041393, 36.09908928 ], [ 136.404166520000018, 36.09919956 ], [ 136.4039707, 36.09941567 ], [ 136.40353066, 36.09999928 ], [ 136.403530140000015, 36.1 ], [ 136.40352458000001, 36.10000733 ], [ 136.403307080000019, 36.10026317 ], [ 136.403187370000012, 36.10044872 ], [ 136.4030893, 36.10059428 ], [ 136.40290986, 36.10085039 ], [ 136.40286097, 36.10101817 ], [ 136.402844580000021, 36.10122567 ], [ 136.402866250000017, 36.10139733 ], [ 136.402828200000016, 36.10154761 ], [ 136.402730420000012, 36.10186539 ], [ 136.40259986, 36.102064 ], [ 136.40244737, 36.10249233 ], [ 136.402240700000021, 36.102894 ], [ 136.40218625, 36.10311456 ], [ 136.402142630000014, 36.103269 ], [ 136.40215348000001, 36.10334872 ], [ 136.402267670000015, 36.10367928 ], [ 136.402452670000031, 36.10401484 ], [ 136.4025235, 36.10419151 ], [ 136.402610440000018, 36.10455344 ], [ 136.402664890000011, 36.10470344 ], [ 136.402697390000014, 36.10495956 ], [ 136.402659340000014, 36.10512289 ], [ 136.402604890000021, 36.10525984 ], [ 136.402545160000017, 36.10530372 ], [ 136.40232211, 36.10541428 ], [ 136.40202294, 36.10553761 ], [ 136.401969880000024, 36.10558567 ], [ 136.4017835, 36.10575372 ], [ 136.401691, 36.10589511 ], [ 136.401506, 36.10603205 ], [ 136.401261280000028, 36.10615984 ], [ 136.400907390000015, 36.10626595 ], [ 136.400646280000018, 36.1062615 ], [ 136.400347110000013, 36.10623067 ], [ 136.40011322, 36.10624817 ], [ 136.400002390000026, 36.10629317 ], [ 136.4, 36.10629413 ], [ 136.399873770000028, 36.10634539 ], [ 136.39961822, 36.1065265 ], [ 136.399498490000013, 36.10670289 ], [ 136.399422390000012, 36.10692372 ], [ 136.399302670000026, 36.10715289 ], [ 136.399106830000022, 36.10747511 ], [ 136.39898156000001, 36.10769595 ], [ 136.398872670000031, 36.10784595 ], [ 136.39870406, 36.10817261 ], [ 136.39860717000002, 36.10833261 ], [ 136.39860672, 36.10833333 ], [ 136.39854628, 36.10843317 ], [ 136.398377660000023, 36.10858317 ], [ 136.398308140000012, 36.10871264 ], [ 136.398285160000029, 36.10875539 ], [ 136.39824156, 36.108914 ], [ 136.39824156, 36.10910817 ], [ 136.398285160000029, 36.10922733 ], [ 136.39838850000001, 36.10946122 ], [ 136.398491830000012, 36.10987178 ], [ 136.39854628, 36.10998233 ], [ 136.398595160000013, 36.11004844 ], [ 136.398627950000019, 36.11013233 ], [ 136.39870406, 36.11048539 ], [ 136.39870406, 36.11073705 ], [ 136.398731280000021, 36.11089567 ], [ 136.398764060000019, 36.1109665 ], [ 136.39882377, 36.11106789 ], [ 136.39889462, 36.11124011 ], [ 136.3989435, 36.11145205 ], [ 136.39891628, 36.11163733 ], [ 136.39878017, 36.11176095 ], [ 136.3985735, 36.11191539 ], [ 136.39846462, 36.11200817 ], [ 136.398328780000014, 36.11210956 ], [ 136.398198220000012, 36.11225984 ], [ 136.398078490000017, 36.11253344 ], [ 136.398018220000012, 36.11264928 ], [ 136.397991280000014, 36.11270095 ], [ 136.39792073000001, 36.11282456 ], [ 136.397871830000014, 36.11288205 ], [ 136.397735720000014, 36.11299233 ], [ 136.397539880000011, 36.1131115 ], [ 136.397256840000011, 36.11336761 ], [ 136.3971535, 36.11345567 ], [ 136.396952390000024, 36.11361039 ], [ 136.39676739, 36.11369847 ], [ 136.39594044, 36.11398541 ], [ 136.395701, 36.11406931 ], [ 136.39536905, 36.1141882 ], [ 136.39517322, 36.11428097 ], [ 136.39491211, 36.11438264 ], [ 136.394732670000025, 36.11441347 ], [ 136.394460440000017, 36.11446653 ], [ 136.394199340000029, 36.11454597 ], [ 136.393965450000024, 36.11470487 ], [ 136.393693500000012, 36.11477097 ], [ 136.39354683000002, 36.11487264 ], [ 136.393226840000011, 36.11514628 ], [ 136.392942940000012, 36.11538903 ], [ 136.39270350000001, 36.11553875 ], [ 136.39257294, 36.11562708 ], [ 136.392257390000026, 36.11574625 ], [ 136.391860170000029, 36.1159318 ], [ 136.391669050000019, 36.1160092 ], [ 136.39166667, 36.11601017 ], [ 136.391620730000028, 36.11602875 ], [ 136.391446840000015, 36.11610375 ], [ 136.39133239, 36.11617013 ], [ 136.39126711, 36.11624513 ], [ 136.391180170000013, 36.11636875 ], [ 136.391147390000015, 36.11650986 ], [ 136.391159690000023, 36.11666597 ], [ 136.391159750000014, 36.11666667 ], [ 136.39116934, 36.1167882 ], [ 136.391180170000013, 36.11728653 ], [ 136.39120183, 36.11741013 ], [ 136.39130516000003, 36.11779875 ], [ 136.39142209000002, 36.11820889 ], [ 136.39150322, 36.11849347 ], [ 136.39150655, 36.11850486 ], [ 136.39161519000001, 36.11881847 ], [ 136.39166667, 36.11896005 ], [ 136.391669080000014, 36.11896667 ], [ 136.391712970000015, 36.11908736 ], [ 136.39175659, 36.11926403 ], [ 136.39175659, 36.11946708 ], [ 136.39177297, 36.11963487 ], [ 136.39169131, 36.11993931 ], [ 136.391669080000014, 36.11999703 ], [ 136.39166667, 36.12000328 ], [ 136.39163686, 36.12008069 ], [ 136.391495470000024, 36.12028375 ], [ 136.39137575, 36.12042486 ], [ 136.391370200000011, 36.12053541 ], [ 136.3914138, 36.12068541 ], [ 136.39152798, 36.12094125 ], [ 136.39166667, 36.12122597 ], [ 136.391669080000014, 36.12123092 ], [ 136.39169131, 36.12127653 ], [ 136.391696860000025, 36.12147959 ], [ 136.391751020000015, 36.12166513 ], [ 136.3918002, 36.12192541 ], [ 136.391881580000017, 36.12255236 ], [ 136.39196881, 36.12305541 ], [ 136.39202326, 36.12323625 ], [ 136.392110190000011, 36.12339959 ], [ 136.392246300000011, 36.12358959 ], [ 136.39236047, 36.12378375 ], [ 136.392474640000017, 36.12398236 ], [ 136.39252908, 36.12407959 ], [ 136.39262713, 36.12425153 ], [ 136.39269769, 36.12441486 ], [ 136.39276852, 36.12460487 ], [ 136.3927902, 36.1248032 ], [ 136.39278131, 36.12493875 ], [ 136.392921850000022, 36.12497347 ], [ 136.392979560000015, 36.12499931 ], [ 136.39298112, 36.125 ], [ 136.39314825, 36.12507487 ], [ 136.39338075, 36.12520069 ], [ 136.393499920000011, 36.1252732 ], [ 136.393612970000021, 36.12532153 ], [ 136.393791850000014, 36.12536487 ], [ 136.393904640000017, 36.12536013 ], [ 136.39408936, 36.12534069 ], [ 136.394220470000022, 36.12527792 ], [ 136.394333530000011, 36.12522013 ], [ 136.39459575, 36.12515736 ], [ 136.394774360000014, 36.12513792 ], [ 136.39494713000002, 36.12506069 ], [ 136.39505202, 36.125 ], [ 136.395053220000023, 36.12499931 ], [ 136.395072410000012, 36.1249882 ], [ 136.395221310000011, 36.12489153 ], [ 136.395346300000028, 36.12477541 ], [ 136.395453530000026, 36.12464013 ], [ 136.395531020000021, 36.12456292 ], [ 136.39569185000002, 36.12449986 ], [ 136.395775470000018, 36.1245482 ], [ 136.3958527, 36.12476097 ], [ 136.395977980000026, 36.12490597 ], [ 136.396037420000027, 36.12497375 ], [ 136.396069080000018, 36.12499931 ], [ 136.39606995, 36.125 ], [ 136.396121030000018, 36.12504125 ], [ 136.39621630000002, 36.12507041 ], [ 136.396460470000022, 36.12514292 ], [ 136.39667492, 36.12514292 ], [ 136.39713964, 36.12510431 ], [ 136.397437420000017, 36.12508486 ], [ 136.39779464, 36.12500764 ], [ 136.39784219, 36.125 ], [ 136.39784655, 36.12499931 ], [ 136.39830713, 36.12492541 ], [ 136.398712140000015, 36.12484792 ], [ 136.398968520000011, 36.12483847 ], [ 136.39914131, 36.12489625 ], [ 136.399336810000023, 36.12499931 ], [ 136.39933815, 36.125 ], [ 136.39936158, 36.12501236 ], [ 136.39958798, 36.12516708 ], [ 136.39997492, 36.12548125 ], [ 136.4, 36.12551969 ], [ 136.400002410000013, 36.12552344 ], [ 136.400141850000011, 36.12573736 ], [ 136.400266860000016, 36.12589208 ], [ 136.40032659000002, 36.12596959 ], [ 136.400487450000014, 36.12609041 ], [ 136.400546890000015, 36.1261482 ], [ 136.40077939, 36.12638987 ], [ 136.40092217, 36.12651069 ], [ 136.401053280000014, 36.12663153 ], [ 136.401208270000012, 36.12681041 ], [ 136.40148217, 36.12712931 ], [ 136.401554940000011, 36.12720541 ], [ 136.40162523, 36.12727931 ], [ 136.401756330000012, 36.12740986 ], [ 136.401905230000011, 36.12756931 ], [ 136.40205384, 36.12768513 ], [ 136.40236966, 36.12787347 ], [ 136.402464940000016, 36.12790736 ], [ 136.40259606, 36.12790733 ], [ 136.402876060000011, 36.12788317 ], [ 136.40303105000001, 36.12786872 ], [ 136.40327523000002, 36.12786372 ], [ 136.403418280000011, 36.12788317 ], [ 136.403591050000017, 36.12793623 ], [ 136.403793550000017, 36.12800872 ], [ 136.40406772, 36.12806678 ], [ 136.40430606000001, 36.12808622 ], [ 136.40495494000001, 36.12812984 ], [ 136.405455500000016, 36.12818761 ], [ 136.405676060000019, 36.12820705 ], [ 136.406140780000015, 36.12826511 ], [ 136.406879100000026, 36.12836651 ], [ 136.40706756, 36.12840472 ], [ 136.407117450000015, 36.12841484 ], [ 136.407308, 36.12849233 ], [ 136.40765355000002, 36.128584 ], [ 136.40792772, 36.12862761 ], [ 136.40833333, 36.1286878 ], [ 136.40833577, 36.12868817 ], [ 136.40835078, 36.12869039 ], [ 136.40863662000001, 36.12873872 ], [ 136.408916620000014, 36.12881095 ], [ 136.409434670000024, 36.12898984 ], [ 136.409643280000012, 36.1290865 ], [ 136.40994717, 36.12918317 ], [ 136.410369949999989, 36.12929928 ], [ 136.41112078, 36.12948789 ], [ 136.411513550000024, 36.12961344 ], [ 136.411734110000026, 36.12970039 ], [ 136.411903280000018, 36.12975817 ], [ 136.412145230000021, 36.12984067 ], [ 136.412544380000014, 36.12997123 ], [ 136.41293747, 36.13013067 ], [ 136.413372190000018, 36.13032372 ], [ 136.413652190000022, 36.13041067 ], [ 136.414146640000013, 36.130609 ], [ 136.41457553, 36.13075872 ], [ 136.41487358, 36.13087484 ], [ 136.41533192, 36.13106817 ], [ 136.41561192, 36.131194 ], [ 136.41577275, 36.13129067 ], [ 136.416023020000011, 36.13130011 ], [ 136.416356640000032, 36.13134844 ], [ 136.41663664, 36.13138233 ], [ 136.416666670000012, 36.13138505 ], [ 136.41666914000001, 36.13138531 ], [ 136.41701222, 36.13141677 ], [ 136.41732747, 36.13144511 ], [ 136.41785776, 36.13153233 ], [ 136.418143860000015, 36.13159036 ], [ 136.41835219, 36.13168203 ], [ 136.418751360000016, 36.13188008 ], [ 136.41904331, 36.13202008 ], [ 136.419317200000023, 36.13220397 ], [ 136.41951358, 36.13230536 ], [ 136.419799690000019, 36.13237314 ], [ 136.4204372, 36.13251314 ], [ 136.42154525, 36.13267759 ], [ 136.42191442, 36.13276453 ], [ 136.42209302, 36.13282259 ], [ 136.42216525, 36.13284064 ], [ 136.42240302, 36.13290008 ], [ 136.422712750000017, 36.13298203 ], [ 136.42308219, 36.13305953 ], [ 136.42330859, 36.13305953 ], [ 136.42368969, 36.13309813 ], [ 136.42433302, 36.13320453 ], [ 136.424589140000023, 36.13323841 ], [ 136.42476192, 36.13330592 ], [ 136.4248227, 36.13333259 ], [ 136.424824420000022, 36.13333333 ], [ 136.42490497, 36.13336869 ], [ 136.425, 36.13343995 ], [ 136.4250025, 36.1334418 ], [ 136.425220560000014, 36.13360536 ], [ 136.42533973, 36.13367787 ], [ 136.425423330000029, 36.13367787 ], [ 136.42561973, 36.13353286 ], [ 136.425762780000014, 36.13337341 ], [ 136.425809970000017, 36.13333333 ], [ 136.425810860000013, 36.13333259 ], [ 136.42589361, 36.13326231 ], [ 136.426090270000032, 36.13318036 ], [ 136.426233060000015, 36.13314647 ], [ 136.42652501, 36.13314647 ], [ 136.426727780000022, 36.13314175 ], [ 136.42696, 36.13313675 ], [ 136.42716861, 36.13312231 ], [ 136.427388880000024, 36.13307869 ], [ 136.427746110000015, 36.13287592 ], [ 136.42811555, 36.13264869 ], [ 136.42838361, 36.13248897 ], [ 136.428592220000013, 36.13234397 ], [ 136.428836390000015, 36.13220397 ], [ 136.4289675, 36.13212175 ], [ 136.42905056, 36.13212175 ], [ 136.429187500000012, 36.13216036 ], [ 136.42933667, 36.13231036 ], [ 136.42946167, 36.13245536 ], [ 136.429622500000022, 36.13261953 ], [ 136.42979528, 36.13273564 ], [ 136.42994416, 36.13282759 ], [ 136.43020056, 36.13297231 ], [ 136.430391110000016, 36.13307369 ], [ 136.430599730000012, 36.1331898 ], [ 136.43080805, 36.13328147 ], [ 136.43100798, 36.13333259 ], [ 136.431010950000029, 36.13333333 ], [ 136.43101667000002, 36.1333348 ], [ 136.431350270000024, 36.13337341 ], [ 136.431785280000014, 36.13335897 ], [ 136.43179722, 36.13335536 ], [ 136.431873220000028, 36.13333333 ], [ 136.43187586, 36.13333259 ], [ 136.43220195, 36.13323811 ], [ 136.43227944, 36.13323811 ], [ 136.432350830000019, 36.13323311 ], [ 136.432571390000021, 36.133272 ], [ 136.432738050000012, 36.13333256 ], [ 136.432740170000017, 36.13333333 ], [ 136.43274416, 36.13333478 ], [ 136.43292888000002, 36.13344589 ], [ 136.433185010000017, 36.13367311 ], [ 136.433333330000011, 36.13382347 ], [ 136.433335840000012, 36.133826 ], [ 136.43351861, 36.13401144 ], [ 136.433709170000014, 36.13418061 ], [ 136.4339, 36.13432089 ], [ 136.43413805, 36.13438367 ], [ 136.4343825, 36.13440311 ], [ 136.43457917, 36.13440784 ], [ 136.43488278, 36.13440311 ], [ 136.435216390000022, 36.13435478 ], [ 136.435818340000026, 36.13419033 ], [ 136.436169440000015, 36.13407422 ], [ 136.43664611, 36.13386672 ], [ 136.436765280000031, 36.13380867 ], [ 136.43692027000003, 36.13376533 ], [ 136.437140560000017, 36.13375061 ], [ 136.437420560000021, 36.13380395 ], [ 136.437938880000019, 36.13401172 ], [ 136.43831416, 36.13424395 ], [ 136.438552500000014, 36.13438395 ], [ 136.43876112, 36.13450478 ], [ 136.43899944, 36.13467395 ], [ 136.439112500000022, 36.13472228 ], [ 136.43927944, 36.134737 ], [ 136.4394225, 36.134737 ], [ 136.439535550000016, 36.13476117 ], [ 136.43961306, 36.13481422 ], [ 136.43970253, 36.13495923 ], [ 136.439875300000011, 36.13536033 ], [ 136.44002419, 36.13557311 ], [ 136.440048080000025, 36.13577617 ], [ 136.44000058, 36.13593561 ], [ 136.43994114, 36.13606144 ], [ 136.439929200000023, 36.13614839 ], [ 136.439935030000015, 36.13620144 ], [ 136.439970860000017, 36.13628367 ], [ 136.43995891000003, 36.13634644 ], [ 136.43994336, 36.13645617 ], [ 136.439929200000023, 36.1365545 ], [ 136.43994698000003, 36.13672839 ], [ 136.4399828, 36.13680589 ], [ 136.44007808, 36.13701339 ], [ 136.440197250000011, 36.13714867 ], [ 136.440389470000014, 36.13735895 ], [ 136.440605300000016, 36.13725505 ], [ 136.4406928, 36.13724978 ], [ 136.44113114000001, 36.13726617 ], [ 136.441666670000018, 36.13734231 ], [ 136.4416692, 36.13734267 ], [ 136.44167031, 36.13734284 ], [ 136.442000580000013, 36.13747951 ], [ 136.44204781000002, 36.13763811 ], [ 136.442041140000015, 36.13783505 ], [ 136.442000580000013, 36.13799895 ], [ 136.44208837, 36.13815228 ], [ 136.442216420000022, 36.13823978 ], [ 136.442378080000026, 36.13829423 ], [ 136.44251975, 36.13832728 ], [ 136.442667810000017, 36.13835451 ], [ 136.442850030000017, 36.13846395 ], [ 136.443470030000015, 36.13892339 ], [ 136.443625030000021, 36.13904367 ], [ 136.44388114, 36.13908728 ], [ 136.44416837, 36.13918117 ], [ 136.444366420000023, 36.13924586 ], [ 136.44477752, 36.13939364 ], [ 136.444932530000017, 36.13949753 ], [ 136.44518864, 36.13971641 ], [ 136.44535031, 36.13986947 ], [ 136.445424480000014, 36.13990225 ], [ 136.44563367, 36.13998975 ], [ 136.44586949, 36.1399842 ], [ 136.446092, 36.13994059 ], [ 136.446226720000027, 36.13988586 ], [ 136.4463345, 36.13986947 ], [ 136.446786160000016, 36.13998975 ], [ 136.447224230000018, 36.14013197 ], [ 136.447596010000012, 36.14031478 ], [ 136.44789144, 36.14046003 ], [ 136.44823506, 36.14064613 ], [ 136.44851144, 36.14071725 ], [ 136.44863949, 36.14073892 ], [ 136.448814770000013, 36.14068975 ], [ 136.44929339, 36.14029613 ], [ 136.44997423, 36.13973808 ], [ 136.45, 36.13972464 ], [ 136.450002550000022, 36.13972331 ], [ 136.450257, 36.13959059 ], [ 136.450358110000025, 36.13959059 ], [ 136.450580610000031, 36.13956308 ], [ 136.450742280000014, 36.13949197 ], [ 136.451018660000017, 36.13924086 ], [ 136.451200610000029, 36.13890725 ], [ 136.45128839, 36.13869392 ], [ 136.451524230000018, 36.1384642 ], [ 136.451638950000017, 36.1382892 ], [ 136.451820890000022, 36.13813059 ], [ 136.451928660000021, 36.13805947 ], [ 136.45200283, 36.13805392 ], [ 136.452366720000015, 36.13808141 ], [ 136.452609490000015, 36.13804836 ], [ 136.453047280000021, 36.13801559 ], [ 136.45308173, 36.13801364 ], [ 136.453330610000023, 36.1379992 ], [ 136.45384949000001, 36.13787336 ], [ 136.45422034, 36.13768753 ], [ 136.454422550000032, 36.13759475 ], [ 136.45504255000003, 36.13737059 ], [ 136.455372830000016, 36.13721753 ], [ 136.456033110000021, 36.13674169 ], [ 136.456269220000024, 36.13652836 ], [ 136.45638367, 36.13639697 ], [ 136.456511730000017, 36.13629308 ], [ 136.456639780000017, 36.13626586 ], [ 136.456767830000018, 36.13629864 ], [ 136.45681122000002, 36.13632786 ], [ 136.45712506000001, 36.1365392 ], [ 136.457381170000019, 36.1366378 ], [ 136.4576645, 36.13665417 ], [ 136.458021730000013, 36.13667584 ], [ 136.458333330000016, 36.13673913 ], [ 136.45833589, 36.13673964 ], [ 136.458399220000018, 36.1367525 ], [ 136.45874949, 36.13687277 ], [ 136.458823670000015, 36.1368675 ], [ 136.45895866, 36.13681278 ], [ 136.459093380000013, 36.13679084 ], [ 136.459483940000013, 36.13686195 ], [ 136.459942550000022, 36.13692751 ], [ 136.4601245, 36.13687833 ], [ 136.46083228, 36.13664305 ], [ 136.46121645, 36.13658333 ], [ 136.46140477, 36.13655584 ], [ 136.461492550000031, 36.13658333 ], [ 136.461782280000023, 36.13680722 ], [ 136.462045330000024, 36.13693861 ], [ 136.46243616000001, 36.13708056 ], [ 136.462746160000023, 36.13721195 ], [ 136.46288783, 36.13730195 ], [ 136.463150610000014, 36.13746889 ], [ 136.46337949, 36.13763305 ], [ 136.463507560000011, 36.13768222 ], [ 136.46364922, 36.13768222 ], [ 136.463898660000012, 36.13758389 ], [ 136.464047, 36.13755111 ], [ 136.46419533, 36.13761667 ], [ 136.46435034000001, 36.13780251 ], [ 136.46445144, 36.13793389 ], [ 136.464592870000018, 36.13828944 ], [ 136.464653700000014, 36.13868277 ], [ 136.464741190000012, 36.139115 ], [ 136.464801750000021, 36.13932277 ], [ 136.46492314, 36.13953611 ], [ 136.465104810000014, 36.13976028 ], [ 136.465320640000016, 36.14017556 ], [ 136.465354250000019, 36.14039444 ], [ 136.465333970000017, 36.14051472 ], [ 136.46534759, 36.14062972 ], [ 136.465455360000021, 36.14073889 ], [ 136.465994810000012, 36.14113833 ], [ 136.466028420000015, 36.14140084 ], [ 136.46606202000001, 36.14151556 ], [ 136.466156470000016, 36.14164667 ], [ 136.466178970000016, 36.14166584 ], [ 136.466179970000013, 36.14166667 ], [ 136.466291190000021, 36.14176139 ], [ 136.466648420000013, 36.14189805 ], [ 136.46666667, 36.14190311 ], [ 136.466669250000024, 36.14190384 ], [ 136.46726175, 36.14206775 ], [ 136.46742341, 36.14213331 ], [ 136.46778064, 36.14230275 ], [ 136.46791536, 36.14249441 ], [ 136.468097590000013, 36.14273469 ], [ 136.468238970000016, 36.14285497 ], [ 136.46835372000001, 36.14300803 ], [ 136.46857567, 36.14337469 ], [ 136.468703990000023, 36.14347303 ], [ 136.468872330000011, 36.14357692 ], [ 136.468973450000021, 36.14363164 ], [ 136.469064550000013, 36.14374441 ], [ 136.469101500000022, 36.14379025 ], [ 136.469377890000032, 36.14431497 ], [ 136.46959372, 36.14463775 ], [ 136.469870120000024, 36.14505887 ], [ 136.47005872, 36.14542525 ], [ 136.47022733, 36.14558941 ], [ 136.47032844, 36.1456658 ], [ 136.47059761, 36.14589525 ], [ 136.470779560000011, 36.14599387 ], [ 136.471055940000014, 36.1460922 ], [ 136.471238170000021, 36.14621247 ], [ 136.471473990000021, 36.14636025 ], [ 136.471757060000016, 36.14658441 ], [ 136.471965940000018, 36.14664469 ], [ 136.47224205, 36.1466008 ], [ 136.472444280000019, 36.14662275 ], [ 136.472929560000011, 36.1467922 ], [ 136.47306455, 36.1467922 ], [ 136.473314, 36.14677025 ], [ 136.473826230000014, 36.1466172 ], [ 136.474001220000019, 36.1466008 ], [ 136.47412927, 36.14662275 ], [ 136.47431789, 36.14686887 ], [ 136.474641530000014, 36.14742108 ], [ 136.47472903000002, 36.14762359 ], [ 136.47482348, 36.14774941 ], [ 136.474938200000025, 36.14791331 ], [ 136.475, 36.14797464 ], [ 136.47500263, 36.14797725 ], [ 136.47512014, 36.14809387 ], [ 136.475382920000015, 36.14826359 ], [ 136.4756118, 36.14846577 ], [ 136.47566569, 36.14863522 ], [ 136.47568597, 36.14882689 ], [ 136.47577375, 36.14921495 ], [ 136.47586125, 36.14942828 ], [ 136.475929580000013, 36.14950411 ], [ 136.4759893, 36.1495705 ], [ 136.47631292, 36.14990411 ], [ 136.476429950000011, 36.14999911 ], [ 136.476431030000015, 36.15 ], [ 136.47660958000003, 36.15014495 ], [ 136.476858750000019, 36.15034161 ], [ 136.476953190000017, 36.15041828 ], [ 136.47714847, 36.15062605 ], [ 136.47722263, 36.15072995 ], [ 136.477194030000021, 36.15087189 ], [ 136.47706764, 36.1512005 ], [ 136.4770407, 36.15133161 ], [ 136.477067370000015, 36.151443 ], [ 136.477182090000014, 36.15156689 ], [ 136.477411250000017, 36.15175272 ], [ 136.47785625, 36.15198772 ], [ 136.47823377, 36.15221744 ], [ 136.478476280000024, 36.1523705 ], [ 136.478853500000014, 36.15262744 ], [ 136.47928489, 36.15296661 ], [ 136.48019462, 36.15357911 ], [ 136.481030440000012, 36.15418633 ], [ 136.481677390000016, 36.15468939 ], [ 136.48204795, 36.15505578 ], [ 136.48249961, 36.15544384 ], [ 136.48272183, 36.15573384 ], [ 136.48289044, 36.15600717 ], [ 136.482905720000019, 36.15603689 ], [ 136.48315992000002, 36.15653217 ], [ 136.483173530000016, 36.15661967 ], [ 136.483186860000018, 36.15672384 ], [ 136.483333330000022, 36.15685297 ], [ 136.48333603, 36.15685536 ], [ 136.483341850000016, 36.1568605 ], [ 136.48357103, 36.15698633 ], [ 136.48392131, 36.15712853 ], [ 136.48413713, 36.1571502 ], [ 136.484514640000015, 36.15714492 ], [ 136.4849527, 36.15710659 ], [ 136.48522241, 36.1570902 ], [ 136.48551852, 36.15721047 ], [ 136.485828810000015, 36.15731436 ], [ 136.486057980000027, 36.15736908 ], [ 136.486408250000011, 36.15751131 ], [ 136.486529640000015, 36.15761492 ], [ 136.486651020000011, 36.15777353 ], [ 136.486678250000011, 36.15799908 ], [ 136.48670464, 36.15821659 ], [ 136.48671625, 36.15833241 ], [ 136.48671633, 36.15833333 ], [ 136.486724920000029, 36.1584188 ], [ 136.486807420000019, 36.1585902 ], [ 136.48694742, 36.15873603 ], [ 136.487129360000012, 36.15884547 ], [ 136.48744603, 36.15899297 ], [ 136.487789920000012, 36.15909714 ], [ 136.48804575, 36.15914075 ], [ 136.488423260000019, 36.15911353 ], [ 136.488707980000015, 36.15905992 ], [ 136.48888825, 36.15902603 ], [ 136.48957575, 36.1588838 ], [ 136.490505750000011, 36.15860492 ], [ 136.491071850000026, 36.15846797 ], [ 136.491321020000015, 36.15842436 ], [ 136.49157348, 36.15833333 ], [ 136.491576010000017, 36.15833241 ], [ 136.49166667, 36.15829972 ], [ 136.491669360000031, 36.15829875 ], [ 136.49169464000002, 36.15828964 ], [ 136.49179297, 36.15821659 ], [ 136.491840200000013, 36.15813992 ], [ 136.49210881, 36.15741992 ], [ 136.492129920000025, 36.15736325 ], [ 136.492325470000026, 36.15700769 ], [ 136.49252769, 36.15670713 ], [ 136.49294575, 36.15646659 ], [ 136.493248810000011, 36.15623159 ], [ 136.493497980000029, 36.15595797 ], [ 136.49382158, 36.15556408 ], [ 136.49417881, 36.15511575 ], [ 136.49436075, 36.1547438 ], [ 136.49461713, 36.15412575 ], [ 136.494778810000014, 36.15381436 ], [ 136.494886590000021, 36.15357908 ], [ 136.494879920000017, 36.15340408 ], [ 136.49479908, 36.15309241 ], [ 136.494826030000013, 36.15297769 ], [ 136.494981020000012, 36.15267131 ], [ 136.49540575, 36.15174711 ], [ 136.49609326, 36.15063156 ], [ 136.49632908000001, 36.150216 ], [ 136.496524640000018, 36.1500135 ], [ 136.496538, 36.15 ], [ 136.49653895, 36.14999905 ], [ 136.49674686000003, 36.14978933 ], [ 136.496884640000019, 36.14969628 ], [ 136.497067980000025, 36.14966822 ], [ 136.49741881, 36.14970128 ], [ 136.498343800000015, 36.14974017 ], [ 136.499659080000015, 36.149766 ], [ 136.5, 36.14981697 ], [ 136.50000270000001, 36.14981736 ], [ 136.50026492, 36.14985656 ], [ 136.50043241, 36.14988905 ], [ 136.500584090000018, 36.14988905 ], [ 136.501516590000023, 36.14972072 ], [ 136.50177158, 36.14966905 ], [ 136.501979080000012, 36.14964961 ], [ 136.5021863, 36.14966239 ], [ 136.50303908, 36.14966239 ], [ 136.503166860000022, 36.14964322 ], [ 136.5033502, 36.14959156 ], [ 136.50367713, 36.14944933 ], [ 136.50392409, 36.14926823 ], [ 136.503964090000011, 36.14915823 ], [ 136.503932140000018, 36.14901575 ], [ 136.5039002, 36.14891241 ], [ 136.5039002, 36.14883464 ], [ 136.50408053000001, 36.14850297 ], [ 136.504107690000012, 36.14845297 ], [ 136.504633800000022, 36.1477802 ], [ 136.50508822, 36.14720464 ], [ 136.505287660000022, 36.14698492 ], [ 136.50553489, 36.14672603 ], [ 136.505702110000016, 36.14662908 ], [ 136.505909340000017, 36.14662908 ], [ 136.505911560000015, 36.14662936 ], [ 136.506076550000017, 36.14665492 ], [ 136.506443500000017, 36.14666769 ], [ 136.506722390000022, 36.14666131 ], [ 136.50722489, 36.14666131 ], [ 136.50800601, 36.14664186 ], [ 136.508333330000028, 36.14664186 ], [ 136.508336, 36.14664186 ], [ 136.508548220000023, 36.14664186 ], [ 136.508790440000013, 36.14660741 ], [ 136.509002670000029, 36.14657714 ], [ 136.50924183, 36.1464738 ], [ 136.509592670000018, 36.14632492 ], [ 136.509728220000028, 36.14627964 ], [ 136.50993545, 36.14622797 ], [ 136.51013462, 36.14621492 ], [ 136.51038183, 36.14615687 ], [ 136.510716550000012, 36.14612436 ], [ 136.510939880000024, 36.14612436 ], [ 136.511386280000011, 36.14610492 ], [ 136.51144591000002, 36.146107 ], [ 136.511577660000029, 36.14611159 ], [ 136.511761, 36.14616967 ], [ 136.51194433, 36.14627328 ], [ 136.51215961, 36.14642189 ], [ 136.512374890000018, 36.14658384 ], [ 136.512526550000018, 36.14679078 ], [ 136.51272572000002, 36.14699133 ], [ 136.51286131, 36.14713356 ], [ 136.51331603, 36.14756717 ], [ 136.513618520000023, 36.14785828 ], [ 136.51377020000001, 36.14798105 ], [ 136.51408102000002, 36.14818161 ], [ 136.51415075, 36.14821856 ], [ 136.51431241, 36.14830467 ], [ 136.51445575, 36.14838217 ], [ 136.514591310000014, 36.14840161 ], [ 136.51480659, 36.14841467 ], [ 136.51515742, 36.14840161 ], [ 136.515356860000026, 36.14851161 ], [ 136.515500190000012, 36.14856328 ], [ 136.51561852, 36.14861633 ], [ 136.515731580000022, 36.14866689 ], [ 136.516106300000018, 36.14882189 ], [ 136.516472970000024, 36.14893828 ], [ 136.516648520000018, 36.14903522 ], [ 136.51666667, 36.14904933 ], [ 136.51666936, 36.14905144 ], [ 136.51683964, 36.14918411 ], [ 136.517070750000016, 36.14935884 ], [ 136.517189920000021, 36.14949022 ], [ 136.517270200000013, 36.14957884 ], [ 136.517349920000015, 36.14964995 ], [ 136.51756519, 36.14970161 ], [ 136.51809936, 36.14974689 ], [ 136.51831464, 36.14974689 ], [ 136.51845825, 36.14975328 ], [ 136.51860964, 36.14980522 ], [ 136.518689360000025, 36.14987633 ], [ 136.518753260000011, 36.14996689 ], [ 136.518788560000019, 36.14999911 ], [ 136.518789530000021, 36.15 ], [ 136.51888075, 36.15008328 ], [ 136.518934090000016, 36.15009717 ], [ 136.51912798, 36.150148 ], [ 136.51951852000002, 36.15021272 ], [ 136.519610140000026, 36.15023472 ], [ 136.519733800000012, 36.15026439 ], [ 136.51992519, 36.150368 ], [ 136.52026769, 36.15063967 ], [ 136.52062659, 36.15080133 ], [ 136.52077798000002, 36.15090495 ], [ 136.52100131, 36.15104717 ], [ 136.521224640000014, 36.151183 ], [ 136.521431850000027, 36.15133189 ], [ 136.52152769, 36.15137717 ], [ 136.52168713, 36.15131244 ], [ 136.522061850000028, 36.15114439 ], [ 136.52217103000001, 36.15109328 ], [ 136.522324920000017, 36.15102133 ], [ 136.522922970000025, 36.15076911 ], [ 136.52334547000001, 36.15056856 ], [ 136.523417420000015, 36.15055605 ], [ 136.523680470000016, 36.15051022 ], [ 136.523935470000026, 36.15045856 ], [ 136.524413800000019, 36.15030328 ], [ 136.524796590000022, 36.15008328 ], [ 136.524991050000011, 36.15 ], [ 136.524993110000025, 36.14999911 ], [ 136.525, 36.14999617 ], [ 136.525002700000016, 36.149995 ], [ 136.525067690000014, 36.14996717 ], [ 136.52529881000001, 36.14980551 ], [ 136.52545852, 36.14956605 ], [ 136.52565769, 36.14922969 ], [ 136.526167980000025, 36.1487122 ], [ 136.52640713, 36.14844692 ], [ 136.52667825, 36.14812387 ], [ 136.527092970000012, 36.14840831 ], [ 136.52730825, 36.14855053 ], [ 136.527483530000012, 36.14860859 ], [ 136.527762700000011, 36.14866692 ], [ 136.52828881, 36.14869275 ], [ 136.528759080000015, 36.14871859 ], [ 136.529069920000012, 36.14875747 ], [ 136.529269360000029, 36.1488222 ], [ 136.529516590000014, 36.14891275 ], [ 136.529723800000028, 36.14894497 ], [ 136.529891310000011, 36.14890636 ], [ 136.53027409, 36.14857664 ], [ 136.530521030000017, 36.14834359 ], [ 136.53065659, 36.14803303 ], [ 136.53065659, 36.14767747 ], [ 136.530776300000014, 36.14743164 ], [ 136.531007390000013, 36.1472958 ], [ 136.531198780000011, 36.14726331 ], [ 136.53139017, 36.14728914 ], [ 136.53156798, 36.14736886 ], [ 136.53169326, 36.14742497 ], [ 136.531892700000014, 36.14750275 ], [ 136.532123800000022, 36.14752859 ], [ 136.532378810000012, 36.14750913 ], [ 136.53266603, 36.14748331 ], [ 136.53276158, 36.14748969 ], [ 136.533080470000016, 36.14795553 ], [ 136.533160190000018, 36.14812387 ], [ 136.53320020000001, 36.14820136 ], [ 136.53329575, 36.14827247 ], [ 136.53333333, 36.14828741 ], [ 136.533336030000015, 36.14828847 ], [ 136.53367047, 36.14842136 ], [ 136.533829920000017, 36.14851831 ], [ 136.533933800000028, 36.14867997 ], [ 136.533981580000017, 36.14884831 ], [ 136.53402936, 36.14904247 ], [ 136.533989640000016, 36.14933969 ], [ 136.53410908, 36.14959831 ], [ 136.534156860000024, 36.14962441 ], [ 136.534276590000019, 36.14965025 ], [ 136.534436030000023, 36.14965025 ], [ 136.53485047, 36.14964387 ], [ 136.53518519, 36.14967608 ], [ 136.535361850000015, 36.14974689 ], [ 136.535831020000018, 36.14993497 ], [ 136.535934700000013, 36.14999914 ], [ 136.535936060000012, 36.15 ], [ 136.535966590000015, 36.15001887 ], [ 136.536149920000014, 36.15011608 ], [ 136.53686769, 36.15024528 ], [ 136.53705908, 36.15024528 ], [ 136.53745769, 36.15031667 ], [ 136.53768881, 36.15038139 ], [ 136.537776590000021, 36.15047833 ], [ 136.53795992000002, 36.15097 ], [ 136.53811908, 36.15140333 ], [ 136.5382227, 36.15155223 ], [ 136.53840603, 36.15175277 ], [ 136.53847798000001, 36.15194695 ], [ 136.53847234, 36.15204189 ], [ 136.538469920000011, 36.15208251 ], [ 136.53837436, 36.15234751 ], [ 136.53842214, 36.15250944 ], [ 136.538509920000024, 36.15259333 ], [ 136.53851158, 36.15259417 ], [ 136.538669360000029, 36.15267751 ], [ 136.539083800000014, 36.15281333 ], [ 136.53960214, 36.15304639 ], [ 136.54033575, 36.15335695 ], [ 136.5407102, 36.15351223 ], [ 136.54116464, 36.15362195 ], [ 136.54142769, 36.15365444 ], [ 136.541666670000012, 36.15363325 ], [ 136.541669360000014, 36.15363303 ], [ 136.54179464, 36.15362195 ], [ 136.542464360000025, 36.15344084 ], [ 136.543341309999988, 36.15325333 ], [ 136.54392353, 36.15311111 ], [ 136.54429825, 36.15302723 ], [ 136.544497420000027, 36.15298833 ], [ 136.54529492, 36.15282028 ], [ 136.54565353000001, 36.15279417 ], [ 136.5458927, 36.15280722 ], [ 136.54621936, 36.15284611 ], [ 136.546721850000012, 36.15297528 ], [ 136.547096590000024, 36.15309195 ], [ 136.547574920000017, 36.15340251 ], [ 136.5477902, 36.15363528 ], [ 136.548053260000017, 36.15400389 ], [ 136.54820464, 36.15411361 ], [ 136.548340200000013, 36.15420417 ], [ 136.548455750000016, 36.15425584 ], [ 136.548499920000012, 36.15427556 ], [ 136.54880241, 36.15438556 ], [ 136.54909742000001, 36.15444361 ], [ 136.549456300000031, 36.15451472 ], [ 136.54983908, 36.15454723 ], [ 136.55, 36.15454253 ], [ 136.5500027, 36.15454244 ], [ 136.550277420000015, 36.15453444 ], [ 136.550628250000017, 36.15457975 ], [ 136.55083575, 36.1545992 ], [ 136.55105881, 36.15464447 ], [ 136.55129825, 36.15472864 ], [ 136.551529360000018, 36.15483225 ], [ 136.55175241, 36.15490336 ], [ 136.551831310000011, 36.15490808 ], [ 136.55185603000001, 36.15490975 ], [ 136.551943800000032, 36.15489031 ], [ 136.55207131, 36.1548192 ], [ 136.55223075, 36.15467697 ], [ 136.55244603, 36.15441808 ], [ 136.55258158, 36.15428225 ], [ 136.552693260000012, 36.15421753 ], [ 136.552804920000028, 36.15417225 ], [ 136.5529802, 36.15413336 ], [ 136.55306798, 36.15413336 ], [ 136.55319547000002, 36.15410113 ], [ 136.553426590000015, 36.15398475 ], [ 136.553761580000014, 36.15386169 ], [ 136.553849360000015, 36.1538228 ], [ 136.553936860000022, 36.15373892 ], [ 136.554040750000013, 36.15357059 ], [ 136.554176300000023, 36.15335753 ], [ 136.55428769, 36.15327975 ], [ 136.554511030000015, 36.15313753 ], [ 136.554614640000011, 36.15309864 ], [ 136.55479825, 36.15302114 ], [ 136.55499742, 36.15297587 ], [ 136.55520464, 36.15294975 ], [ 136.555358500000011, 36.15293989 ], [ 136.555507690000013, 36.15293031 ], [ 136.55589852, 36.15294975 ], [ 136.55641659, 36.15301447 ], [ 136.556600190000012, 36.15300808 ], [ 136.55685519, 36.15291753 ], [ 136.55713436000002, 36.15279447 ], [ 136.557341580000013, 36.15271059 ], [ 136.557492970000027, 36.15271059 ], [ 136.55769214, 36.15278169 ], [ 136.55792326, 36.15294336 ], [ 136.558034920000011, 36.15304697 ], [ 136.55814659, 36.15312447 ], [ 136.5582502, 36.15319559 ], [ 136.558333330000011, 36.15319969 ], [ 136.558336030000021, 36.1531998 ], [ 136.558385750000014, 36.15320225 ], [ 136.55860908, 36.15321503 ], [ 136.55888825, 36.15315697 ], [ 136.55905547, 36.15309864 ], [ 136.559294640000019, 36.1530728 ], [ 136.55959769, 36.15313087 ], [ 136.55979713, 36.153157 ], [ 136.560028250000016, 36.15305978 ], [ 136.56009214, 36.15301478 ], [ 136.56022769, 36.15274311 ], [ 136.560339360000029, 36.15251033 ], [ 136.56038713, 36.152122 ], [ 136.56045075, 36.151902 ], [ 136.56045326, 36.15187505 ], [ 136.5604827, 36.15154644 ], [ 136.560490750000014, 36.15135228 ], [ 136.560570470000016, 36.15117144 ], [ 136.560737980000027, 36.15094505 ], [ 136.56093711, 36.15059561 ], [ 136.561280170000032, 36.150007 ], [ 136.561283840000016, 36.15 ], [ 136.561284230000012, 36.14999923 ], [ 136.561519340000018, 36.14954784 ], [ 136.561702670000017, 36.14925672 ], [ 136.561886, 36.14888811 ], [ 136.562037660000016, 36.14842228 ], [ 136.56216516, 36.14807922 ], [ 136.56216516, 36.14796284 ], [ 136.56219711, 36.147782 ], [ 136.562221, 36.14769784 ], [ 136.562045720000015, 36.14736811 ], [ 136.562013770000021, 36.14731617 ], [ 136.562029880000011, 36.14725144 ], [ 136.56218934, 36.14708339 ], [ 136.562364620000011, 36.14683756 ], [ 136.562548220000025, 36.14665644 ], [ 136.562675720000016, 36.14653339 ], [ 136.562851, 36.14636536 ], [ 136.563002670000031, 36.14610675 ], [ 136.563042390000021, 36.14602259 ], [ 136.56307433, 36.14584814 ], [ 136.563098220000029, 36.1454212 ], [ 136.562994620000012, 36.1450912 ], [ 136.56298652000001, 36.14485175 ], [ 136.56299458, 36.14474175 ], [ 136.563050410000017, 36.14466425 ], [ 136.56316209000002, 36.14459953 ], [ 136.563528750000017, 36.14456064 ], [ 136.56367236, 36.14456703 ], [ 136.563791800000018, 36.14456064 ], [ 136.564142630000021, 36.14447008 ], [ 136.564457370000014, 36.1443948 ], [ 136.56449319, 36.1443862 ], [ 136.564756520000032, 36.14432147 ], [ 136.56495569, 36.14424397 ], [ 136.56516292, 36.1441662 ], [ 136.56535431, 36.14407564 ], [ 136.5655218, 36.14401759 ], [ 136.565713190000025, 36.14404341 ], [ 136.566024030000023, 36.14408869 ], [ 136.566295140000022, 36.14414036 ], [ 136.56655847, 36.14417925 ], [ 136.566666670000018, 36.14417925 ], [ 136.5666693, 36.14417925 ], [ 136.567076520000029, 36.14417925 ], [ 136.56731542, 36.1441598 ], [ 136.56760263000001, 36.14423092 ], [ 136.567801800000012, 36.14430869 ], [ 136.568065140000016, 36.14439925 ], [ 136.56836014000001, 36.14447675 ], [ 136.568519580000014, 36.14450925 ], [ 136.56868681, 36.14447036 ], [ 136.569013750000011, 36.14432814 ], [ 136.56931681, 36.1441598 ], [ 136.56950014, 36.14407564 ], [ 136.5697393, 36.14397872 ], [ 136.569898750000021, 36.143914 ], [ 136.57015375, 36.14374595 ], [ 136.570472630000012, 36.14355177 ], [ 136.570727910000016, 36.143429 ], [ 136.570831530000021, 36.14338372 ], [ 136.57089514, 36.14335789 ], [ 136.571022920000019, 36.1433515 ], [ 136.57125403, 36.14333844 ], [ 136.571596810000017, 36.14339677 ], [ 136.5718918, 36.143539 ], [ 136.571971530000013, 36.14351984 ], [ 136.57209124000002, 36.14341623 ], [ 136.572226810000018, 36.14328039 ], [ 136.572394310000021, 36.14318984 ], [ 136.572450140000029, 36.14318984 ], [ 136.57277708, 36.14314456 ], [ 136.573087640000011, 36.14313789 ], [ 136.57339847, 36.14309261 ], [ 136.573621800000012, 36.14304095 ], [ 136.57389292, 36.14296344 ], [ 136.57400458, 36.14289205 ], [ 136.574060410000016, 36.14284039 ], [ 136.574108200000012, 36.14276289 ], [ 136.574172090000019, 36.142614 ], [ 136.574243750000022, 36.14251705 ], [ 136.574324580000024, 36.14244789 ], [ 136.57439514, 36.14238761 ], [ 136.57452292, 36.1423165 ], [ 136.5748418, 36.14219372 ], [ 136.574937370000015, 36.14218733 ], [ 136.575, 36.14218561 ], [ 136.57500263, 36.14218553 ], [ 136.575168750000017, 36.14218095 ], [ 136.575511530000028, 36.14220039 ], [ 136.57576652000003, 36.14221956 ], [ 136.57595791, 36.14221956 ], [ 136.57616511, 36.14222623 ], [ 136.57632455000001, 36.14222623 ], [ 136.576412050000016, 36.14220039 ], [ 136.576603450000022, 36.14207095 ], [ 136.57681872, 36.14188984 ], [ 136.57705789000002, 36.14167625 ], [ 136.577068950000012, 36.14166667 ], [ 136.577069750000021, 36.14166597 ], [ 136.57728927, 36.14147569 ], [ 136.57744066, 36.14130764 ], [ 136.57752844, 36.14117153 ], [ 136.577663990000019, 36.14083514 ], [ 136.57774372, 36.14054431 ], [ 136.57784733, 36.1402468 ], [ 136.577879270000011, 36.13999459 ], [ 136.577943160000018, 36.13982625 ], [ 136.578062610000018, 36.13958708 ], [ 136.578270190000012, 36.13931464 ], [ 136.578333720000018, 36.13923125 ], [ 136.57848511, 36.13901764 ], [ 136.57864484000001, 36.13890125 ], [ 136.57881205000001, 36.13878486 ], [ 136.579003450000016, 36.13864264 ], [ 136.57927455, 36.13844208 ], [ 136.579537610000017, 36.13824153 ], [ 136.57977678, 36.13801514 ], [ 136.57997623, 36.13784041 ], [ 136.580183450000021, 36.13767875 ], [ 136.58030317, 36.13742653 ], [ 136.580446780000017, 36.13704487 ], [ 136.580526500000019, 36.13683792 ], [ 136.580613990000018, 36.13677987 ], [ 136.58078956, 36.13665711 ], [ 136.580949, 36.13656628 ], [ 136.5811962, 36.13646933 ], [ 136.58127453, 36.13645128 ], [ 136.58141925000001, 36.13641767 ], [ 136.58171425, 36.13633351 ], [ 136.582120920000023, 36.13628184 ], [ 136.582575360000021, 36.13621711 ], [ 136.582958140000017, 36.13613933 ], [ 136.583333330000016, 36.13609259 ], [ 136.583335910000017, 36.13609228 ], [ 136.58337287, 36.13608767 ], [ 136.58367453, 36.13606628 ], [ 136.58373953, 36.13606184 ], [ 136.58417008, 36.13604877 ], [ 136.58452064, 36.136036 ], [ 136.58474397, 36.13598405 ], [ 136.584863410000025, 36.13594544 ], [ 136.584951190000027, 36.13576433 ], [ 136.58503898, 36.13549905 ], [ 136.58518258, 36.13527295 ], [ 136.585333970000022, 36.13512405 ], [ 136.58548536, 36.13494933 ], [ 136.585652870000018, 36.13480711 ], [ 136.58584425, 36.13466461 ], [ 136.585975690000026, 36.13453044 ], [ 136.58605953, 36.13444489 ], [ 136.586199810000011, 36.13436877 ], [ 136.58622703, 36.13435405 ], [ 136.58638647, 36.13428961 ], [ 136.586657590000016, 36.13425072 ], [ 136.58686481, 36.13424433 ], [ 136.586936470000012, 36.13421184 ], [ 136.587000360000019, 36.13408239 ], [ 136.587048150000015, 36.13393378 ], [ 136.587048150000015, 36.13383656 ], [ 136.5870162, 36.1337138 ], [ 136.586920640000017, 36.13337131 ], [ 136.586890120000021, 36.13333333 ], [ 136.586889580000019, 36.13333269 ], [ 136.58680092, 36.13322241 ], [ 136.586785360000022, 36.13309297 ], [ 136.58680148000002, 36.13303464 ], [ 136.586849250000029, 36.13296353 ], [ 136.58692898000001, 36.13291186 ], [ 136.587152020000019, 36.1327888 ], [ 136.587398980000017, 36.13261436 ], [ 136.58749481000001, 36.13256908 ], [ 136.58763815, 36.13256908 ], [ 136.58787759, 36.13258853 ], [ 136.588108690000013, 36.13260769 ], [ 136.58842759, 36.13260769 ], [ 136.58873064, 36.13254297 ], [ 136.588858140000013, 36.13248492 ], [ 136.58901759, 36.13236186 ], [ 136.589159250000023, 36.13224686 ], [ 136.589400360000013, 36.13205159 ], [ 136.58959981000001, 36.13186408 ], [ 136.58985481000002, 36.13165713 ], [ 136.59009397, 36.13151492 ], [ 136.590317280000022, 36.13135964 ], [ 136.590484770000018, 36.13121714 ], [ 136.590612280000016, 36.13117825 ], [ 136.59093117, 36.13116547 ], [ 136.59130589, 36.13121075 ], [ 136.591577, 36.13128825 ], [ 136.59166667, 36.13130692 ], [ 136.59166922, 36.13130744 ], [ 136.591888110000014, 36.13135297 ], [ 136.592207, 36.13142408 ], [ 136.592438110000018, 36.13147603 ], [ 136.59262949, 36.13150825 ], [ 136.593083670000027, 36.13156659 ], [ 136.5934345, 36.1315602 ], [ 136.59362589, 36.1315602 ], [ 136.593992550000024, 36.13161187 ], [ 136.594383380000011, 36.13175411 ], [ 136.59470228, 36.131903 ], [ 136.59491756, 36.13200633 ], [ 136.59508506, 36.13205828 ], [ 136.595372, 36.13207105 ], [ 136.595698950000013, 36.13202578 ], [ 136.59597005, 36.13196105 ], [ 136.59607367000001, 36.13191578 ], [ 136.596280900000011, 36.13178661 ], [ 136.596400610000018, 36.13161828 ], [ 136.596488390000019, 36.13137244 ], [ 136.596583940000016, 36.1311205 ], [ 136.59671949, 36.13093272 ], [ 136.596815060000011, 36.130823 ], [ 136.59699061, 36.1307905 ], [ 136.597333390000017, 36.13080995 ], [ 136.5976445, 36.13080995 ], [ 136.598018950000011, 36.13080356 ], [ 136.598250050000019, 36.13076467 ], [ 136.598642, 36.13069467 ], [ 136.59864866, 36.13069356 ], [ 136.59889589, 36.13060939 ], [ 136.59911922, 36.13056411 ], [ 136.599485890000011, 36.13052522 ], [ 136.59984477, 36.13051884 ], [ 136.6, 36.13049905 ], [ 136.600002550000028, 36.13049872 ], [ 136.600099780000022, 36.13048633 ], [ 136.60037895, 36.13037661 ], [ 136.600554500000015, 36.13024744 ], [ 136.600745620000026, 36.13008577 ], [ 136.60090506, 36.12997577 ], [ 136.601048390000017, 36.12987856 ], [ 136.60121589000002, 36.12981384 ], [ 136.60143922, 36.12972328 ], [ 136.60171811, 36.12951636 ], [ 136.60189367000001, 36.12934831 ], [ 136.60199728, 36.12922525 ], [ 136.60245978, 36.12887608 ], [ 136.602587280000023, 36.12876636 ], [ 136.602730900000012, 36.12859803 ], [ 136.60286645, 36.12844913 ], [ 136.60319339, 36.12817108 ], [ 136.603408660000014, 36.12794469 ], [ 136.603464230000014, 36.12786053 ], [ 136.60347228, 36.12776359 ], [ 136.60341645, 36.12764053 ], [ 136.603336720000016, 36.12755636 ], [ 136.60309756, 36.12737525 ], [ 136.603081730000014, 36.12729136 ], [ 136.60307394, 36.12712331 ], [ 136.60307394, 36.12702636 ], [ 136.603018110000022, 36.12684525 ], [ 136.602986160000029, 36.12672859 ], [ 136.603042, 36.12659941 ], [ 136.603153670000012, 36.12645053 ], [ 136.60334506, 36.12619164 ], [ 136.60348061000002, 36.12606247 ], [ 136.60352839, 36.1259458 ], [ 136.603600030000024, 36.12586192 ], [ 136.603839470000025, 36.12566164 ], [ 136.604086420000016, 36.12549331 ], [ 136.604221700000011, 36.12535747 ], [ 136.60425158000001, 36.12532031 ], [ 136.604341410000018, 36.12520859 ], [ 136.604445030000022, 36.12505997 ], [ 136.604515530000015, 36.125 ], [ 136.6045162, 36.12499941 ], [ 136.604612530000026, 36.12491747 ], [ 136.604668370000013, 36.12478164 ], [ 136.604724190000013, 36.1246072 ], [ 136.60473475, 36.12449859 ], [ 136.604740310000011, 36.12443887 ], [ 136.604692530000023, 36.12406386 ], [ 136.60466864, 36.12381164 ], [ 136.60464475, 36.12366275 ], [ 136.604556980000012, 36.12355941 ], [ 136.60454891, 36.12344275 ], [ 136.60447725, 36.1231 ], [ 136.60434170000002, 36.12287361 ], [ 136.60426197000001, 36.12265361 ], [ 136.604277810000013, 36.12240777 ], [ 136.60435752, 36.12231084 ], [ 136.604429470000014, 36.12218167 ], [ 136.60454114, 36.12209111 ], [ 136.604700580000014, 36.12202639 ], [ 136.604796130000011, 36.12195528 ], [ 136.604979470000018, 36.12183222 ], [ 136.60512309, 36.12170305 ], [ 136.605314470000025, 36.12161251 ], [ 136.60550586, 36.12159944 ], [ 136.605633360000013, 36.12154111 ], [ 136.605713090000023, 36.12144417 ], [ 136.605736980000017, 36.12132139 ], [ 136.605721140000014, 36.12115305 ], [ 136.60567309000001, 36.12092056 ], [ 136.60569725000002, 36.12073944 ], [ 136.605728910000011, 36.12057111 ], [ 136.60577698000003, 36.12049361 ], [ 136.60588837, 36.12039 ], [ 136.60600808, 36.12033833 ], [ 136.60635086, 36.12015056 ], [ 136.60663808000001, 36.12004723 ], [ 136.60676558, 36.11998251 ], [ 136.606933090000012, 36.11989833 ], [ 136.60714031, 36.11985944 ], [ 136.607291700000019, 36.11982056 ], [ 136.607459200000022, 36.11977528 ], [ 136.60759475, 36.11974333 ], [ 136.607786130000022, 36.11965277 ], [ 136.607969470000029, 36.11954277 ], [ 136.608105030000019, 36.11938751 ], [ 136.608168910000018, 36.11922584 ], [ 136.608272530000022, 36.11893472 ], [ 136.60832837, 36.11886361 ], [ 136.608333330000022, 36.11886172 ], [ 136.608335860000011, 36.11886075 ], [ 136.60859947000003, 36.11876 ], [ 136.608806690000023, 36.11875361 ], [ 136.609037810000018, 36.11870833 ], [ 136.609189470000018, 36.11867584 ], [ 136.609444470000028, 36.11859195 ], [ 136.609659470000025, 36.11852084 ], [ 136.609835030000028, 36.11843028 ], [ 136.609986420000013, 36.11828808 ], [ 136.609993090000017, 36.11827447 ], [ 136.610066140000015, 36.11812641 ], [ 136.610153920000016, 36.11793225 ], [ 136.61031336, 36.11775753 ], [ 136.610409200000021, 36.1176542 ], [ 136.610488910000015, 36.11759586 ], [ 136.610624480000013, 36.11749892 ], [ 136.61076781, 36.11738892 ], [ 136.61090336, 36.11725975 ], [ 136.61102309, 36.11713669 ], [ 136.611158640000014, 36.11700753 ], [ 136.61127808, 36.11698141 ], [ 136.611413640000023, 36.11698141 ], [ 136.611549200000013, 36.11701392 ], [ 136.61178837, 36.11702669 ], [ 136.612011700000011, 36.11698808 ], [ 136.612171140000015, 36.11692975 ], [ 136.612274750000012, 36.11681975 ], [ 136.612339690000027, 36.11666667 ], [ 136.612339920000011, 36.11666614 ], [ 136.612362530000013, 36.1166128 ], [ 136.61245808000001, 36.11636697 ], [ 136.61253781, 36.11612113 ], [ 136.612553920000011, 36.1159792 ], [ 136.61258586, 36.11570725 ], [ 136.61259365, 36.11548087 ], [ 136.612609750000018, 36.11525447 ], [ 136.612697520000012, 36.11501503 ], [ 136.612816980000019, 36.11474336 ], [ 136.612816980000019, 36.11455587 ], [ 136.61275336, 36.11431669 ], [ 136.61272141, 36.11418087 ], [ 136.612562240000017, 36.11398031 ], [ 136.61233891, 36.11359864 ], [ 136.612227250000018, 36.1133592 ], [ 136.61210781, 36.11320392 ], [ 136.61200392, 36.11314587 ], [ 136.611748910000017, 36.11308753 ], [ 136.611621410000026, 36.11301641 ], [ 136.61151752, 36.11295808 ], [ 136.6114617, 36.11286753 ], [ 136.61143003, 36.1127642 ], [ 136.611581410000014, 36.1124928 ], [ 136.61174086, 36.11221447 ], [ 136.611788640000015, 36.11203336 ], [ 136.61182058, 36.11190392 ], [ 136.61190031000001, 36.11168392 ], [ 136.61207586, 36.1116128 ], [ 136.612346980000012, 36.1116128 ], [ 136.612610030000013, 36.11163867 ], [ 136.61274837, 36.11164339 ], [ 136.6129928, 36.11165172 ], [ 136.61320003000003, 36.11165172 ], [ 136.61337531, 36.11155478 ], [ 136.613415300000014, 36.11141895 ], [ 136.61344725, 36.11119284 ], [ 136.613423360000013, 36.110947 ], [ 136.61339141000002, 36.11077228 ], [ 136.613534750000014, 36.11048117 ], [ 136.613726140000011, 36.11017061 ], [ 136.613901700000014, 36.10989895 ], [ 136.614069200000017, 36.10965339 ], [ 136.6141328, 36.10945923 ], [ 136.61420475, 36.10925867 ], [ 136.614348080000013, 36.10905172 ], [ 136.614499750000022, 36.108767 ], [ 136.61471803, 36.10833333 ], [ 136.61471828, 36.10833284 ], [ 136.61473086, 36.10830784 ], [ 136.61489031, 36.10815923 ], [ 136.614986140000013, 36.10810756 ], [ 136.615288910000032, 36.10797811 ], [ 136.615464480000014, 36.10795228 ], [ 136.615743650000013, 36.1078745 ], [ 136.616158080000019, 36.10775811 ], [ 136.616373360000011, 36.1076545 ], [ 136.6165728, 36.107577 ], [ 136.61666667, 36.10753259 ], [ 136.616669200000018, 36.10753139 ], [ 136.61676419, 36.10748644 ], [ 136.61693947, 36.10735061 ], [ 136.61713086, 36.10723395 ], [ 136.61725837, 36.10697561 ], [ 136.617370030000018, 36.10686561 ], [ 136.617521410000023, 36.10675561 ], [ 136.61769669, 36.10671672 ], [ 136.617943920000016, 36.10669089 ], [ 136.618310580000013, 36.10661339 ], [ 136.61862947000003, 36.10661339 ], [ 136.61887669, 36.10662617 ], [ 136.619131970000012, 36.10669089 ], [ 136.61938698000003, 36.10672977 ], [ 136.619658080000022, 36.10674256 ], [ 136.61991336, 36.10673617 ], [ 136.62010197, 36.106727 ], [ 136.620447520000027, 36.10671036 ], [ 136.62077419000002, 36.10669092 ], [ 136.621108910000032, 36.10665869 ], [ 136.62168864, 36.10652647 ], [ 136.62206058000001, 36.10647675 ], [ 136.62217031, 36.10646313 ], [ 136.622342800000013, 36.10640175 ], [ 136.62254891, 36.10625703 ], [ 136.62255725, 36.1062512 ], [ 136.622811970000015, 36.10599313 ], [ 136.623003090000026, 36.10572536 ], [ 136.623159470000019, 36.1055748 ], [ 136.6238892, 36.10511453 ], [ 136.624451140000019, 36.10484175 ], [ 136.624682800000016, 36.10464008 ], [ 136.62483336, 36.10439564 ], [ 136.625, 36.10424544 ], [ 136.625002530000017, 36.10424317 ], [ 136.6250417, 36.10420786 ], [ 136.625383090000014, 36.10404341 ], [ 136.625863920000029, 36.10389286 ], [ 136.62613613000002, 36.1038648 ], [ 136.626558910000028, 36.10388341 ], [ 136.626935300000014, 36.10391647 ], [ 136.62719031, 36.10383175 ], [ 136.62786781, 36.10331536 ], [ 136.62852224, 36.10288286 ], [ 136.62888114, 36.1027748 ], [ 136.629506420000013, 36.1025962 ], [ 136.629605030000022, 36.1025212 ], [ 136.6295992, 36.10243175 ], [ 136.62951224, 36.10219231 ], [ 136.629529750000017, 36.10198536 ], [ 136.62955864, 36.10193369 ], [ 136.62991781, 36.10154869 ], [ 136.630126140000016, 36.10137011 ], [ 136.63036947, 36.10120567 ], [ 136.630632240000011, 36.10107623 ], [ 136.63085586, 36.10096595 ], [ 136.631087520000023, 36.10077344 ], [ 136.63129031, 36.10053372 ], [ 136.63166053, 36.1 ], [ 136.631660830000015, 36.09999956 ], [ 136.63170725, 36.09993261 ], [ 136.63196808, 36.09962233 ], [ 136.63226336, 36.09941095 ], [ 136.632512240000011, 36.09934039 ], [ 136.63309141000002, 36.09928872 ], [ 136.633150310000019, 36.09927361 ], [ 136.633333330000028, 36.09922661 ], [ 136.633335860000017, 36.09922597 ], [ 136.6335492, 36.09917123 ], [ 136.63402947000003, 36.0990915 ], [ 136.63453336, 36.09911484 ], [ 136.63489837, 36.0990915 ], [ 136.635263090000024, 36.09896456 ], [ 136.635570030000025, 36.09876261 ], [ 136.6359928, 36.09844317 ], [ 136.63629975, 36.098354 ], [ 136.63675698000003, 36.09833511 ], [ 136.63712781000001, 36.09840567 ], [ 136.63767808, 36.09861233 ], [ 136.63803114000001, 36.09875817 ], [ 136.638818640000011, 36.09903539 ], [ 136.63907336, 36.09910123 ], [ 136.63964698, 36.09908705 ], [ 136.640034750000012, 36.09898372 ], [ 136.64012003000002, 36.09894261 ], [ 136.64052114, 36.09874872 ], [ 136.6407528, 36.09857484 ], [ 136.64094975, 36.09834456 ], [ 136.6412392, 36.09825067 ], [ 136.64166667, 36.09819044 ], [ 136.641669200000024, 36.09819008 ], [ 136.641806980000013, 36.09817067 ], [ 136.642073360000012, 36.09807205 ], [ 136.64240336, 36.09774817 ], [ 136.64267558, 36.09747095 ], [ 136.64292475000002, 36.09739567 ], [ 136.64327781, 36.09728289 ], [ 136.64357492000002, 36.097102 ], [ 136.64362503000001, 36.09707151 ], [ 136.644013090000016, 36.09672372 ], [ 136.644401140000014, 36.09628233 ], [ 136.644708080000015, 36.09587817 ], [ 136.64503837, 36.09534705 ], [ 136.64533947000001, 36.09494289 ], [ 136.645507520000024, 36.09475511 ], [ 136.64578531, 36.09460011 ], [ 136.646057520000028, 36.09451095 ], [ 136.646318370000017, 36.09443123 ], [ 136.64657309, 36.09428067 ], [ 136.64758642000001, 36.09371205 ], [ 136.64803224, 36.09349123 ], [ 136.64826975, 36.09339733 ], [ 136.64833891, 36.0933715 ], [ 136.648595840000013, 36.09327544 ], [ 136.64931224, 36.09300761 ], [ 136.65, 36.09275539 ], [ 136.650002530000023, 36.09275447 ], [ 136.650093920000018, 36.09272097 ], [ 136.65074837, 36.09254236 ], [ 136.651061140000024, 36.09239208 ], [ 136.651344750000021, 36.09223236 ], [ 136.651622800000013, 36.09192208 ], [ 136.651712090000018, 36.09166667 ], [ 136.65171222, 36.09166625 ], [ 136.6517328, 36.09160736 ], [ 136.651756130000024, 36.09132097 ], [ 136.651744470000011, 36.09097792 ], [ 136.65168086, 36.0906068 ], [ 136.65164506, 36.09023808 ], [ 136.651616980000028, 36.08994875 ], [ 136.6516517, 36.08963875 ], [ 136.651767520000021, 36.08943208 ], [ 136.65192392000003, 36.08926736 ], [ 136.652126690000017, 36.08913153 ], [ 136.65243365, 36.08892931 ], [ 136.65259586, 36.08873208 ], [ 136.65272336000001, 36.08852541 ], [ 136.652914470000013, 36.08816347 ], [ 136.652960580000013, 36.0880132 ], [ 136.65314031, 36.0875432 ], [ 136.653308080000016, 36.08726153 ], [ 136.65341837, 36.08694208 ], [ 136.653395030000013, 36.08679625 ], [ 136.653354470000011, 36.08644764 ], [ 136.653923920000011, 36.08604236 ], [ 136.654147810000012, 36.08583125 ], [ 136.65467336, 36.08541292 ], [ 136.65514224, 36.08523986 ], [ 136.655871140000016, 36.08500764 ], [ 136.656303090000023, 36.0848132 ], [ 136.65674558, 36.0846232 ], [ 136.65681837, 36.08457236 ], [ 136.656948640000024, 36.08409931 ], [ 136.6570217, 36.08382903 ], [ 136.657110030000013, 36.08366847 ], [ 136.65722975, 36.08351208 ], [ 136.65723503000001, 36.0833982 ], [ 136.65722150000002, 36.08333333 ], [ 136.65722141, 36.08333292 ], [ 136.657172530000025, 36.0830982 ], [ 136.656985030000016, 36.08257431 ], [ 136.65687058, 36.08209708 ], [ 136.65670419, 36.0815732 ], [ 136.656615580000022, 36.08134513 ], [ 136.65643864, 36.08108736 ], [ 136.65637086000001, 36.08085097 ], [ 136.656412500000016, 36.08061875 ], [ 136.65650639, 36.08032292 ], [ 136.656537500000013, 36.08004403 ], [ 136.656521950000013, 36.07976097 ], [ 136.65647501, 36.07957097 ], [ 136.656386670000018, 36.07938069 ], [ 136.656268610000012, 36.07921653 ], [ 136.656167780000033, 36.07907653 ], [ 136.65568389, 36.078671 ], [ 136.655314160000017, 36.07829961 ], [ 136.655074720000016, 36.07797433 ], [ 136.654965280000027, 36.07775461 ], [ 136.65495501, 36.07761933 ], [ 136.654978050000011, 36.07738267 ], [ 136.65506944, 36.07706184 ], [ 136.65517361000002, 36.07683351 ], [ 136.655251670000013, 36.07638156 ], [ 136.655527780000028, 36.07597184 ], [ 136.65558501000001, 36.07579461 ], [ 136.65561112, 36.07571017 ], [ 136.655845280000023, 36.07556211 ], [ 136.65639694, 36.07536795 ], [ 136.656917780000015, 36.07521989 ], [ 136.65718834, 36.07513544 ], [ 136.657355420000016, 36.075 ], [ 136.657355890000019, 36.07499961 ], [ 136.65742511000002, 36.07494351 ], [ 136.65744361, 36.07492851 ], [ 136.65765195, 36.07461156 ], [ 136.657745550000016, 36.07441739 ], [ 136.657755840000021, 36.07417239 ], [ 136.6577925, 36.07389351 ], [ 136.65807361, 36.07342489 ], [ 136.658118050000013, 36.07325156 ], [ 136.65816222, 36.07307823 ], [ 136.6581725, 36.07275295 ], [ 136.65833333, 36.07250053 ], [ 136.65833584, 36.07249661 ], [ 136.65840667, 36.07238544 ], [ 136.658568050000014, 36.07215323 ], [ 136.65870917, 36.07180044 ], [ 136.658771120000011, 36.071646 ], [ 136.658802220000013, 36.07154905 ], [ 136.65882306, 36.07121517 ], [ 136.65895333, 36.07085628 ], [ 136.659026110000013, 36.07066628 ], [ 136.659005280000031, 36.07056072 ], [ 136.658843890000014, 36.07020156 ], [ 136.658667220000012, 36.06991017 ], [ 136.65861501, 36.06970295 ], [ 136.65861501, 36.06961433 ], [ 136.658675840000029, 36.06950739 ], [ 136.65853472, 36.06949267 ], [ 136.65837667, 36.069476 ], [ 136.65833584, 36.06946411 ], [ 136.65833333, 36.06946339 ], [ 136.658131390000023, 36.06940461 ], [ 136.657991110000012, 36.06942572 ], [ 136.657831110000018, 36.06940128 ], [ 136.65762694, 36.06933795 ], [ 136.65744472, 36.06932351 ], [ 136.65732083, 36.06932017 ], [ 136.65722667, 36.06932989 ], [ 136.657114450000023, 36.06936239 ], [ 136.65702056, 36.06937544 ], [ 136.65695445, 36.06937044 ], [ 136.656702500000023, 36.06923405 ], [ 136.656536390000014, 36.06912684 ], [ 136.65617416, 36.0689385 ], [ 136.656086110000018, 36.06886072 ], [ 136.655923890000025, 36.06874044 ], [ 136.655567780000013, 36.06856822 ], [ 136.65538555, 36.06848877 ], [ 136.655055280000028, 36.06833128 ], [ 136.654945280000021, 36.06825322 ], [ 136.65480722, 36.06815433 ], [ 136.65473112, 36.06810877 ], [ 136.65456917, 36.06808433 ], [ 136.65435112, 36.06806489 ], [ 136.65418501000002, 36.06804711 ], [ 136.654008880000021, 36.068021 ], [ 136.65386472, 36.06794461 ], [ 136.65369056, 36.06785711 ], [ 136.65353861, 36.06780517 ], [ 136.653398340000024, 36.06776936 ], [ 136.65320445, 36.06774659 ], [ 136.653008050000011, 36.06775325 ], [ 136.652700270000025, 36.06777436 ], [ 136.652506110000019, 36.06776603 ], [ 136.65229389000001, 36.0677352 ], [ 136.651945550000022, 36.0676688 ], [ 136.651735550000012, 36.06762659 ], [ 136.65147722, 36.06755492 ], [ 136.651283330000012, 36.06748853 ], [ 136.65111722, 36.06745603 ], [ 136.650755010000012, 36.06739603 ], [ 136.650550830000014, 36.06736825 ], [ 136.65030083000002, 36.06731631 ], [ 136.6500325, 36.06723825 ], [ 136.6500025, 36.06722678 ], [ 136.65, 36.0672258 ], [ 136.649548340000024, 36.06705325 ], [ 136.649368050000021, 36.0669802 ], [ 136.64903584000001, 36.06679353 ], [ 136.648897780000027, 36.06668131 ], [ 136.64888511, 36.06666667 ], [ 136.648884810000027, 36.06666631 ], [ 136.648723610000019, 36.06647992 ], [ 136.648666670000011, 36.06643992 ], [ 136.64849584000001, 36.06632075 ], [ 136.648347780000023, 36.0662202 ], [ 136.64781722, 36.06581131 ], [ 136.64773917, 36.06577214 ], [ 136.64764112, 36.06573992 ], [ 136.64745111000002, 36.06566992 ], [ 136.647275010000016, 36.06561797 ], [ 136.646942500000023, 36.06546686 ], [ 136.646814450000022, 36.06540686 ], [ 136.64672250000001, 36.0653452 ], [ 136.64662834, 36.06524131 ], [ 136.646480270000012, 36.06502047 ], [ 136.646380560000011, 36.06488714 ], [ 136.646210270000012, 36.06465492 ], [ 136.646120270000011, 36.06457047 ], [ 136.64598611, 36.06449436 ], [ 136.64583416, 36.06442936 ], [ 136.64553, 36.06435769 ], [ 136.64537389, 36.06434964 ], [ 136.645141670000015, 36.06432213 ], [ 136.644907500000016, 36.06429936 ], [ 136.644773330000021, 36.06426853 ], [ 136.64464139, 36.06422964 ], [ 136.64454917, 36.06419547 ], [ 136.64434112, 36.06416769 ], [ 136.643598880000013, 36.0639502 ], [ 136.64350472000001, 36.06392908 ], [ 136.643378610000013, 36.06390797 ], [ 136.64311056, 36.0638902 ], [ 136.64294222, 36.06391769 ], [ 136.64261, 36.0639388 ], [ 136.642357780000026, 36.06392547 ], [ 136.642231950000024, 36.06390936 ], [ 136.64213, 36.06386717 ], [ 136.64194, 36.06375189 ], [ 136.641825840000024, 36.06366744 ], [ 136.64166917, 36.06356186 ], [ 136.64166667, 36.06356017 ], [ 136.641647780000028, 36.06354744 ], [ 136.641497500000014, 36.06341772 ], [ 136.64140361, 36.06336578 ], [ 136.64128944, 36.06333633 ], [ 136.641155280000021, 36.06332189 ], [ 136.64102112, 36.06329744 ], [ 136.64080306, 36.06323078 ], [ 136.640673060000012, 36.06316105 ], [ 136.640094450000021, 36.06278578 ], [ 136.63984027, 36.06255522 ], [ 136.639708340000027, 36.06248051 ], [ 136.639420270000016, 36.06235077 ], [ 136.639361950000023, 36.06233384 ], [ 136.63932416, 36.062323 ], [ 136.63912416, 36.06228578 ], [ 136.638925840000013, 36.06223217 ], [ 136.638643890000026, 36.06212328 ], [ 136.638433640000017, 36.06202744 ], [ 136.63807141, 36.06186689 ], [ 136.63797531, 36.06184244 ], [ 136.637809200000021, 36.061818 ], [ 136.637626980000022, 36.06177578 ], [ 136.63754309, 36.06174328 ], [ 136.63740698, 36.06161356 ], [ 136.63730891000003, 36.06149661 ], [ 136.637228640000018, 36.06131633 ], [ 136.63718864, 36.06114244 ], [ 136.637166690000015, 36.06093633 ], [ 136.63717058, 36.06061467 ], [ 136.63718864, 36.06042967 ], [ 136.6371928, 36.06025272 ], [ 136.637184750000017, 36.06021356 ], [ 136.637158640000024, 36.06017967 ], [ 136.63710058, 36.06013744 ], [ 136.637014470000025, 36.06008217 ], [ 136.636866420000018, 36.06000578 ], [ 136.63652224, 36.05982217 ], [ 136.636378470000011, 36.05974731 ], [ 136.63635419000002, 36.05973467 ], [ 136.63586392000002, 36.05949911 ], [ 136.63565392000001, 36.05938551 ], [ 136.635453650000017, 36.05928633 ], [ 136.635295580000019, 36.05919217 ], [ 136.635079470000022, 36.05902661 ], [ 136.63502141, 36.0589455 ], [ 136.634991410000026, 36.05888217 ], [ 136.634989470000022, 36.05881384 ], [ 136.635007520000016, 36.05874077 ], [ 136.635035580000022, 36.05864828 ], [ 136.635053090000014, 36.05839161 ], [ 136.63503531, 36.05836577 ], [ 136.634998950000011, 36.05833333 ], [ 136.63499861, 36.058333 ], [ 136.63493141, 36.058273 ], [ 136.63439114000002, 36.05802803 ], [ 136.634358910000032, 36.05799387 ], [ 136.634363090000022, 36.05794664 ], [ 136.634448910000032, 36.05777941 ], [ 136.634474720000014, 36.05764303 ], [ 136.63457083000003, 36.05736525 ], [ 136.634588880000024, 36.05724692 ], [ 136.63465278000001, 36.05714803 ], [ 136.634728880000011, 36.05708469 ], [ 136.634825010000014, 36.05700831 ], [ 136.634961120000014, 36.05684108 ], [ 136.635035280000011, 36.05671608 ], [ 136.635033060000012, 36.05656164 ], [ 136.634963060000018, 36.05644636 ], [ 136.634825010000014, 36.0563458 ], [ 136.634598880000027, 36.05623053 ], [ 136.634430830000014, 36.05613636 ], [ 136.634318340000021, 36.0560758 ], [ 136.63427056, 36.05605025 ], [ 136.634106390000028, 36.05590747 ], [ 136.634056390000012, 36.05584247 ], [ 136.633978340000027, 36.05577413 ], [ 136.63376416, 36.05564914 ], [ 136.63353805, 36.05550136 ], [ 136.63338805, 36.05541053 ], [ 136.633335840000029, 36.05537387 ], [ 136.633333330000028, 36.05537208 ], [ 136.633223890000011, 36.05529525 ], [ 136.63310167, 36.05515553 ], [ 136.63301167, 36.05500275 ], [ 136.63297361, 36.05469747 ], [ 136.63292555000001, 36.05456275 ], [ 136.63283361, 36.05438747 ], [ 136.632721390000029, 36.05429164 ], [ 136.632443330000029, 36.05412441 ], [ 136.632255010000023, 36.05395859 ], [ 136.632163060000011, 36.05386608 ], [ 136.632056940000012, 36.0536908 ], [ 136.631892780000015, 36.05357386 ], [ 136.631728880000026, 36.05349414 ], [ 136.631572780000027, 36.05347136 ], [ 136.631278340000023, 36.05342775 ], [ 136.63111222, 36.05336913 ], [ 136.63075, 36.05333997 ], [ 136.630313640000026, 36.05330247 ], [ 136.630111700000015, 36.0533108 ], [ 136.629915580000016, 36.05333997 ], [ 136.629391140000024, 36.05342108 ], [ 136.629306980000024, 36.05342108 ], [ 136.629238910000026, 36.05340664 ], [ 136.62919503, 36.05335775 ], [ 136.62914086, 36.05326692 ], [ 136.62896475, 36.05317747 ], [ 136.62878280000001, 36.0531208 ], [ 136.628526420000014, 36.0530672 ], [ 136.62817419000001, 36.05292108 ], [ 136.627941970000023, 36.05279747 ], [ 136.627785860000017, 36.05269692 ], [ 136.62776691000002, 36.05268405 ], [ 136.627639750000014, 36.05259775 ], [ 136.627337520000026, 36.05242887 ], [ 136.627207520000013, 36.05232333 ], [ 136.627133360000016, 36.05228444 ], [ 136.627001700000022, 36.05227805 ], [ 136.62687947, 36.05226833 ], [ 136.62664336, 36.05219195 ], [ 136.62645114, 36.05210917 ], [ 136.626071140000022, 36.05196611 ], [ 136.625928910000027, 36.05193361 ], [ 136.62576475, 36.05189944 ], [ 136.62563864, 36.0518475 ], [ 136.62553864, 36.05178584 ], [ 136.62553309, 36.05178084 ], [ 136.625414480000018, 36.05167056 ], [ 136.625324480000018, 36.05157167 ], [ 136.625204470000028, 36.05141889 ], [ 136.62519031, 36.05134251 ], [ 136.625144480000017, 36.05131667 ], [ 136.625002530000017, 36.05131 ], [ 136.625, 36.05130989 ], [ 136.62490003000002, 36.05130528 ], [ 136.62482614000001, 36.05127444 ], [ 136.62479808, 36.05123695 ], [ 136.62479808, 36.05113139 ], [ 136.62481614, 36.05107472 ], [ 136.62485419, 36.05101944 ], [ 136.624998370000014, 36.050875 ], [ 136.625, 36.05087397 ], [ 136.625002530000017, 36.05087241 ], [ 136.62515031, 36.05078084 ], [ 136.62530003, 36.05070277 ], [ 136.625396130000013, 36.05038611 ], [ 136.62539837, 36.05031472 ], [ 136.625386140000018, 36.05022861 ], [ 136.625280030000027, 36.05001751 ], [ 136.62526195, 36.05 ], [ 136.625261670000015, 36.04999972 ], [ 136.625154190000018, 36.04989556 ], [ 136.625002530000017, 36.04978069 ], [ 136.625001970000028, 36.04978028 ], [ 136.625, 36.04977908 ], [ 136.624291410000012, 36.04934667 ], [ 136.62413336, 36.04925917 ], [ 136.623673060000016, 36.04893111 ], [ 136.62358501, 36.04884528 ], [ 136.623478880000022, 36.04873472 ], [ 136.62334472, 36.04856917 ], [ 136.62319861, 36.04841972 ], [ 136.622880270000024, 36.04810472 ], [ 136.62268222, 36.04796028 ], [ 136.622434160000012, 36.04767611 ], [ 136.62236, 36.04754611 ], [ 136.622171950000023, 36.04712722 ], [ 136.62206025, 36.04698028 ], [ 136.621886350000011, 36.04678723 ], [ 136.62176747, 36.04663833 ], [ 136.62164859, 36.04646528 ], [ 136.62152942, 36.04629639 ], [ 136.621400530000017, 36.0462 ], [ 136.621231920000014, 36.04614359 ], [ 136.621078300000022, 36.04613553 ], [ 136.620746350000019, 36.04615553 ], [ 136.620443860000023, 36.04619997 ], [ 136.62013192, 36.04621192 ], [ 136.61977997, 36.04618775 ], [ 136.619522190000026, 36.04614359 ], [ 136.619269140000029, 36.04605108 ], [ 136.61905608, 36.04593025 ], [ 136.618857760000026, 36.04577747 ], [ 136.61862969, 36.04554831 ], [ 136.61849966, 36.04543969 ], [ 136.618456330000015, 36.04540359 ], [ 136.618297720000015, 36.04531887 ], [ 136.61807939, 36.04522636 ], [ 136.617906060000024, 36.04517831 ], [ 136.61774745, 36.0451622 ], [ 136.61727633000001, 36.04517025 ], [ 136.61704828, 36.04515803 ], [ 136.61678078, 36.04512997 ], [ 136.616669100000024, 36.04511403 ], [ 136.61666667, 36.04511369 ], [ 136.616528, 36.04509387 ], [ 136.616299950000013, 36.04504941 ], [ 136.616022440000023, 36.04498525 ], [ 136.615670510000029, 36.04486859 ], [ 136.61536328, 36.0447558 ], [ 136.61514022, 36.04468747 ], [ 136.61483772, 36.0446272 ], [ 136.61454523, 36.04455887 ], [ 136.61431217, 36.04451441 ], [ 136.61408438, 36.04450247 ], [ 136.61389105, 36.04447025 ], [ 136.61372742, 36.04440192 ], [ 136.61353881, 36.04428913 ], [ 136.61334075, 36.04412831 ], [ 136.613216860000023, 36.04400387 ], [ 136.613013530000018, 36.04381497 ], [ 136.61286992, 36.0436822 ], [ 136.61265185000002, 36.0435372 ], [ 136.612478520000025, 36.04338859 ], [ 136.61238409, 36.04329192 ], [ 136.612314920000017, 36.04317136 ], [ 136.612294920000011, 36.04307887 ], [ 136.612280200000015, 36.04294608 ], [ 136.612280200000015, 36.04284136 ], [ 136.61231964000001, 36.04267664 ], [ 136.612349640000019, 36.04249164 ], [ 136.61234464, 36.0422622 ], [ 136.61233464, 36.04214553 ], [ 136.612294920000011, 36.04201275 ], [ 136.612225470000027, 36.04186803 ], [ 136.612154920000023, 36.04166667 ], [ 136.612154810000021, 36.04166636 ], [ 136.612071860000015, 36.04142969 ], [ 136.611967670000013, 36.04113997 ], [ 136.611888490000013, 36.04099553 ], [ 136.61181905, 36.04081053 ], [ 136.61170988, 36.04052887 ], [ 136.61155628, 36.04018303 ], [ 136.611469340000014, 36.04005441 ], [ 136.611447390000023, 36.04002192 ], [ 136.611268780000017, 36.0396722 ], [ 136.61113825000001, 36.03945711 ], [ 136.61109044, 36.03937831 ], [ 136.610837660000016, 36.03904469 ], [ 136.61059961, 36.03882747 ], [ 136.61031209, 36.03858192 ], [ 136.610252630000019, 36.03855775 ], [ 136.610183190000015, 36.03855386 ], [ 136.609950140000024, 36.03860608 ], [ 136.609702630000015, 36.03865831 ], [ 136.60946458, 36.03870275 ], [ 136.60916708000002, 36.03870275 ], [ 136.608691240000013, 36.03869469 ], [ 136.608335690000018, 36.03868214 ], [ 136.608333330000022, 36.03868203 ], [ 136.60823514, 36.03867856 ], [ 136.607734580000027, 36.03862217 ], [ 136.607313190000013, 36.038578 ], [ 136.607015690000026, 36.03855384 ], [ 136.60663403, 36.03855384 ], [ 136.60640125, 36.03854161 ], [ 136.60613375, 36.03849744 ], [ 136.605771800000014, 36.038413 ], [ 136.60533569, 36.03827661 ], [ 136.605127370000019, 36.03823633 ], [ 136.604944030000013, 36.03822828 ], [ 136.604725670000022, 36.03827661 ], [ 136.60456234, 36.03836105 ], [ 136.604359, 36.0384855 ], [ 136.604215110000013, 36.03855772 ], [ 136.604051500000025, 36.03859411 ], [ 136.603823450000021, 36.03860217 ], [ 136.603600390000025, 36.038598 ], [ 136.603288170000013, 36.03854578 ], [ 136.602916780000015, 36.03846967 ], [ 136.602396230000011, 36.03838105 ], [ 136.60217817, 36.038353 ], [ 136.60197484, 36.038353 ], [ 136.60175178, 36.03836495 ], [ 136.601655670000014, 36.03838995 ], [ 136.601489, 36.03843328 ], [ 136.601196500000015, 36.03855411 ], [ 136.601047890000018, 36.03859828 ], [ 136.60080983, 36.03860244 ], [ 136.60041453, 36.03857705 ], [ 136.60036872, 36.03857411 ], [ 136.60010594000002, 36.038538 ], [ 136.60000234, 36.0385215 ], [ 136.6, 36.03852111 ], [ 136.59982872, 36.03849384 ], [ 136.599605670000017, 36.03843328 ], [ 136.59925372, 36.03830078 ], [ 136.59906511, 36.03821217 ], [ 136.59872815, 36.03806328 ], [ 136.59844064, 36.03790633 ], [ 136.598158150000017, 36.03776967 ], [ 136.597850640000019, 36.03760078 ], [ 136.59747898, 36.03738356 ], [ 136.597161480000011, 36.03723467 ], [ 136.596988150000016, 36.03717828 ], [ 136.596671190000023, 36.03712603 ], [ 136.596448150000015, 36.03708186 ], [ 136.596249810000018, 36.03700936 ], [ 136.59603647, 36.03690075 ], [ 136.59590759, 36.03679214 ], [ 136.595744250000024, 36.03663131 ], [ 136.59533756, 36.03628936 ], [ 136.595164230000023, 36.03613687 ], [ 136.59495589, 36.03600408 ], [ 136.594391170000023, 36.03568241 ], [ 136.59391034, 36.03544492 ], [ 136.593741720000025, 36.03537659 ], [ 136.59353339, 36.03533241 ], [ 136.593310340000016, 36.03530825 ], [ 136.59319144, 36.03530825 ], [ 136.59294839, 36.03531213 ], [ 136.592656160000018, 36.03528825 ], [ 136.592428110000014, 36.03525603 ], [ 136.59226949, 36.03520353 ], [ 136.592120890000018, 36.0351152 ], [ 136.59195839, 36.0349952 ], [ 136.59195728, 36.03499436 ], [ 136.591887830000019, 36.03492603 ], [ 136.59186477, 36.03488717 ], [ 136.59182339, 36.03481741 ], [ 136.59178394, 36.03469687 ], [ 136.59174920000001, 36.03462436 ], [ 136.59167475000001, 36.03458825 ], [ 136.59166891000001, 36.03458661 ], [ 136.59166667, 36.03458597 ], [ 136.59134253000002, 36.03449575 ], [ 136.591218640000022, 36.03445159 ], [ 136.591149200000018, 36.03439908 ], [ 136.591040310000011, 36.03430659 ], [ 136.59084698, 36.03417797 ], [ 136.590564480000012, 36.03403325 ], [ 136.590261970000029, 36.03389631 ], [ 136.590118080000025, 36.03385213 ], [ 136.589959470000025, 36.03383213 ], [ 136.58967224, 36.03381186 ], [ 136.58943947000003, 36.03375547 ], [ 136.58928058, 36.03369131 ], [ 136.58901309, 36.03354631 ], [ 136.58875031, 36.0334138 ], [ 136.588585310000013, 36.03333333 ], [ 136.58858455, 36.03333297 ], [ 136.588502530000028, 36.03329297 ], [ 136.58828419, 36.03315241 ], [ 136.588115860000016, 36.03301964 ], [ 136.58801667, 36.03289103 ], [ 136.587872780000026, 36.03262547 ], [ 136.58779361, 36.03251297 ], [ 136.587560830000029, 36.03224353 ], [ 136.58745667, 36.03210269 ], [ 136.58723361, 36.03186936 ], [ 136.58709472000001, 36.03169241 ], [ 136.586896670000016, 36.03145103 ], [ 136.58665861, 36.03109297 ], [ 136.58657917, 36.03094408 ], [ 136.58651472, 36.03076325 ], [ 136.58643555, 36.03062659 ], [ 136.58630667, 36.03049408 ], [ 136.586103310000027, 36.03030075 ], [ 136.58591497, 36.0301602 ], [ 136.585622480000012, 36.03000325 ], [ 136.585429140000031, 36.02989047 ], [ 136.58506275000002, 36.02956464 ], [ 136.584928860000019, 36.02947631 ], [ 136.584760250000016, 36.02935547 ], [ 136.58450248, 36.02916659 ], [ 136.584279690000017, 36.02899269 ], [ 136.584105810000011, 36.02885687 ], [ 136.583957200000015, 36.02877241 ], [ 136.583818300000019, 36.02874408 ], [ 136.583451630000013, 36.02868797 ], [ 136.58333553, 36.02866222 ], [ 136.583333330000016, 36.02866172 ], [ 136.583124700000013, 36.02861547 ], [ 136.58286192, 36.02855103 ], [ 136.58263384, 36.02846659 ], [ 136.582494940000032, 36.02838631 ], [ 136.582438270000011, 36.02834187 ], [ 136.58235134, 36.02827353 ], [ 136.58226217, 36.02816492 ], [ 136.58218772, 36.02801241 ], [ 136.582123280000019, 36.02772269 ], [ 136.582043840000011, 36.02756603 ], [ 136.58203189, 36.02754686 ], [ 136.581860510000013, 36.02727631 ], [ 136.58170189, 36.02701075 ], [ 136.58135995, 36.0265602 ], [ 136.58121105, 36.02638325 ], [ 136.58098328, 36.02622631 ], [ 136.58080995, 36.02608575 ], [ 136.580537170000014, 36.02580408 ], [ 136.580081020000023, 36.02530961 ], [ 136.57975667, 36.025 ], [ 136.579756280000026, 36.02499961 ], [ 136.579714360000025, 36.02495961 ], [ 136.5790402, 36.02443656 ], [ 136.578861860000018, 36.02430795 ], [ 136.578728250000012, 36.02418739 ], [ 136.57853964, 36.02403044 ], [ 136.57820270000002, 36.02380905 ], [ 136.577994360000019, 36.02368851 ], [ 136.577711830000027, 36.02353572 ], [ 136.57728545, 36.02330628 ], [ 136.57658766000003, 36.02296878 ], [ 136.576205160000029, 36.02278377 ], [ 136.575897670000018, 36.02262684 ], [ 136.57505545, 36.02226489 ], [ 136.575002110000014, 36.02225489 ], [ 136.575, 36.0222545 ], [ 136.574926550000015, 36.02224072 ], [ 136.574777660000024, 36.02226489 ], [ 136.57459934000002, 36.02232128 ], [ 136.57436128, 36.02241377 ], [ 136.57425239, 36.022486 ], [ 136.574073770000012, 36.022651 ], [ 136.573811, 36.02296489 ], [ 136.573721280000029, 36.02303767 ], [ 136.573707110000015, 36.02304905 ], [ 136.573607950000024, 36.023081 ], [ 136.57347905, 36.02309322 ], [ 136.573345160000031, 36.02305711 ], [ 136.572938780000015, 36.02288823 ], [ 136.57228458000003, 36.02261489 ], [ 136.57211597, 36.02253433 ], [ 136.571803750000015, 36.02232933 ], [ 136.571635140000012, 36.02221267 ], [ 136.571377370000022, 36.02201156 ], [ 136.57128319, 36.02192684 ], [ 136.571228750000017, 36.02180628 ], [ 136.571108470000013, 36.02161044 ], [ 136.57106042, 36.02153267 ], [ 136.570941530000027, 36.02135572 ], [ 136.57084236, 36.02119878 ], [ 136.57078764000002, 36.021046 ], [ 136.570678750000013, 36.02079267 ], [ 136.570594310000018, 36.02065184 ], [ 136.57029209, 36.02009711 ], [ 136.570083720000014, 36.01972684 ], [ 136.569905380000023, 36.01949767 ], [ 136.569717060000016, 36.01926433 ], [ 136.56953844, 36.01903905 ], [ 136.56930567, 36.01878184 ], [ 136.56913567, 36.01856933 ], [ 136.56904789, 36.01845989 ], [ 136.56881983, 36.01815017 ], [ 136.56873066, 36.01804156 ], [ 136.568641500000012, 36.01787267 ], [ 136.56860178, 36.01774405 ], [ 136.56857205, 36.01762323 ], [ 136.568542330000014, 36.01732156 ], [ 136.56848469000002, 36.01666667 ], [ 136.56848464, 36.01666628 ], [ 136.56846314, 36.01642072 ], [ 136.568458140000018, 36.01621156 ], [ 136.568458140000018, 36.01593822 ], [ 136.56845314, 36.01571684 ], [ 136.56839869, 36.01527044 ], [ 136.568378690000031, 36.01481572 ], [ 136.56836397, 36.01453017 ], [ 136.568338970000013, 36.01441351 ], [ 136.568334250000021, 36.01416461 ], [ 136.568289530000015, 36.01382267 ], [ 136.56823508, 36.01348461 ], [ 136.56822728, 36.01338905 ], [ 136.568205330000012, 36.01311461 ], [ 136.56818949, 36.01297184 ], [ 136.568172, 36.01281239 ], [ 136.568150610000032, 36.01261989 ], [ 136.56811589, 36.01222156 ], [ 136.568106160000013, 36.01190377 ], [ 136.568071440000011, 36.01165461 ], [ 136.568042, 36.01135684 ], [ 136.568016450000016, 36.01100572 ], [ 136.568007280000018, 36.01088239 ], [ 136.567962550000033, 36.01075767 ], [ 136.56787839, 36.01065322 ], [ 136.56776922, 36.01056072 ], [ 136.56762061, 36.01046822 ], [ 136.567501720000024, 36.010416 ], [ 136.56723394, 36.01030739 ], [ 136.566981140000024, 36.01020684 ], [ 136.566893920000012, 36.01018072 ], [ 136.566668640000017, 36.01011308 ], [ 136.566666670000018, 36.01011251 ], [ 136.566658910000029, 36.01011017 ], [ 136.56645058, 36.01004572 ], [ 136.56620781, 36.00999767 ], [ 136.565915580000024, 36.00989295 ], [ 136.56564781, 36.00980044 ], [ 136.56533558000001, 36.00974405 ], [ 136.56521170000002, 36.00973211 ], [ 136.5650628, 36.00975211 ], [ 136.56483975, 36.00982461 ], [ 136.56461669, 36.00987295 ], [ 136.56441837, 36.00989295 ], [ 136.564195580000018, 36.00988489 ], [ 136.564026980000023, 36.00985267 ], [ 136.56389336, 36.00978433 ], [ 136.5637792, 36.00970377 ], [ 136.56365531, 36.00953905 ], [ 136.563516420000013, 36.00937405 ], [ 136.563382530000013, 36.00924544 ], [ 136.563258640000015, 36.009161 ], [ 136.563085300000012, 36.00906433 ], [ 136.56269361, 36.00891544 ], [ 136.562440830000014, 36.00882295 ], [ 136.56218834, 36.00873044 ], [ 136.56199973, 36.00866211 ], [ 136.56182139, 36.00861795 ], [ 136.561692500000021, 36.00860572 ], [ 136.561548610000017, 36.00860184 ], [ 136.5614, 36.00862184 ], [ 136.56121167, 36.00868628 ], [ 136.56106778000003, 36.00876267 ], [ 136.560889440000011, 36.00887128 ], [ 136.56081501, 36.0089235 ], [ 136.56066139, 36.00914489 ], [ 136.560522780000014, 36.00937795 ], [ 136.56036416, 36.00963156 ], [ 136.560165840000025, 36.00986072 ], [ 136.560002500000024, 36.00998961 ], [ 136.55986361, 36.01013017 ], [ 136.559754450000014, 36.01023489 ], [ 136.559541390000021, 36.01041961 ], [ 136.55933306, 36.01056433 ], [ 136.55909528, 36.01066903 ], [ 136.558857500000016, 36.01070931 ], [ 136.558708880000012, 36.01070514 ], [ 136.55850555, 36.01066903 ], [ 136.558335280000023, 36.01061908 ], [ 136.558333330000011, 36.01061853 ], [ 136.558272500000015, 36.01060069 ], [ 136.558019730000012, 36.01056847 ], [ 136.55780167, 36.01055625 ], [ 136.557707500000021, 36.01055736 ], [ 136.55746944, 36.01056041 ], [ 136.55714222, 36.01058041 ], [ 136.556884450000013, 36.0106168 ], [ 136.556611950000018, 36.01066487 ], [ 136.556329440000013, 36.01072125 ], [ 136.556097810000011, 36.01077451 ], [ 136.5557, 36.01086597 ], [ 136.55536805, 36.01095459 ], [ 136.55504584000002, 36.01107125 ], [ 136.55489694000002, 36.01114764 ], [ 136.55465917, 36.01134486 ], [ 136.55433195, 36.01159013 ], [ 136.55420306000002, 36.01167459 ], [ 136.554034450000017, 36.01171847 ], [ 136.553811390000021, 36.01175487 ], [ 136.55359834, 36.01177487 ], [ 136.55340973, 36.01181097 ], [ 136.553102780000017, 36.01187931 ], [ 136.55278056, 36.01194792 ], [ 136.55243861, 36.01203236 ], [ 136.55206167, 36.01209653 ], [ 136.551858610000011, 36.01210875 ], [ 136.55165528, 36.01209264 ], [ 136.55145694, 36.01204041 ], [ 136.55123389000002, 36.01197208 ], [ 136.551050560000022, 36.01188736 ], [ 136.550857220000012, 36.01177487 ], [ 136.55070361, 36.0116782 ], [ 136.550574720000014, 36.01157375 ], [ 136.55042608, 36.01142903 ], [ 136.550282480000021, 36.01122792 ], [ 136.550237760000016, 36.01108292 ], [ 136.55021302, 36.0109582 ], [ 136.550227760000013, 36.01078125 ], [ 136.55021302, 36.01064847 ], [ 136.550168300000024, 36.01053986 ], [ 136.55005942, 36.0103468 ], [ 136.55000192, 36.01021767 ], [ 136.55, 36.01021336 ], [ 136.54999497, 36.01020208 ], [ 136.54992053, 36.00998487 ], [ 136.549866080000015, 36.00985208 ], [ 136.549826350000018, 36.00977986 ], [ 136.549771920000012, 36.00971931 ], [ 136.549672750000013, 36.00965514 ], [ 136.54955859, 36.00961069 ], [ 136.54933553, 36.00955459 ], [ 136.54898358, 36.00951431 ], [ 136.548976910000022, 36.00951264 ], [ 136.548819970000011, 36.00947403 ], [ 136.548666350000019, 36.00940959 ], [ 136.548453310000014, 36.00928486 ], [ 136.548354140000015, 36.00919653 ], [ 136.548215250000027, 36.00906375 ], [ 136.54808136, 36.0089632 ], [ 136.548002170000018, 36.00893097 ], [ 136.54787328, 36.0089068 ], [ 136.547664940000033, 36.00891903 ], [ 136.54745189, 36.00893514 ], [ 136.547293280000019, 36.00893514 ], [ 136.547114670000013, 36.0089068 ], [ 136.546817440000012, 36.00885069 ], [ 136.54661438, 36.00882653 ], [ 136.54637134, 36.00881431 ], [ 136.54612355, 36.00879431 ], [ 136.545910510000027, 36.00876597 ], [ 136.545707170000014, 36.00870987 ], [ 136.545583280000017, 36.00865736 ], [ 136.545394940000023, 36.00854486 ], [ 136.545343840000015, 36.00850847 ], [ 136.545231340000015, 36.0084282 ], [ 136.545111280000015, 36.00833333 ], [ 136.54511075, 36.00833292 ], [ 136.545043, 36.00827931 ], [ 136.54480995, 36.00809431 ], [ 136.544557170000019, 36.00786903 ], [ 136.544443, 36.00774431 ], [ 136.544353840000014, 36.00761569 ], [ 136.54420995000001, 36.00743459 ], [ 136.54415051, 36.0073582 ], [ 136.544096060000015, 36.00725375 ], [ 136.54404992000002, 36.00711153 ], [ 136.544021630000032, 36.0070245 ], [ 136.543991850000026, 36.0069882 ], [ 136.543922410000022, 36.00697597 ], [ 136.54383825, 36.00698403 ], [ 136.54370936, 36.00703653 ], [ 136.543397420000019, 36.0071532 ], [ 136.543144360000014, 36.00726569 ], [ 136.54289659, 36.00739431 ], [ 136.542569360000016, 36.00759153 ], [ 136.542356300000023, 36.00774431 ], [ 136.542162970000021, 36.00792125 ], [ 136.54193992, 36.00812261 ], [ 136.541691630000031, 36.00833289 ], [ 136.541691140000012, 36.00833333 ], [ 136.54166852, 36.00835247 ], [ 136.541666670000012, 36.00835408 ], [ 136.54160769, 36.008404 ], [ 136.541459100000026, 36.008569 ], [ 136.541344940000016, 36.00870984 ], [ 136.541226060000014, 36.00883844 ], [ 136.54100827000002, 36.00901956 ], [ 136.54072577, 36.00928067 ], [ 136.540606610000026, 36.00939317 ], [ 136.540500510000015, 36.00946261 ], [ 136.540453, 36.00949372 ], [ 136.54018523000002, 36.00971511 ], [ 136.53991772, 36.00993233 ], [ 136.53977384, 36.01003289 ], [ 136.53918411, 36.01047928 ], [ 136.53887161, 36.01071261 ], [ 136.538465500000029, 36.01102233 ], [ 136.538108560000012, 36.01128789 ], [ 136.53773189, 36.01156151 ], [ 136.53734022, 36.01183456 ], [ 136.537102170000026, 36.01200344 ], [ 136.536755230000011, 36.01218456 ], [ 136.536542170000018, 36.01230511 ], [ 136.536091340000013, 36.01262289 ], [ 136.53585328, 36.01277177 ], [ 136.53537745, 36.01304928 ], [ 136.534757720000016, 36.01347567 ], [ 136.53417772, 36.01382984 ], [ 136.533895230000013, 36.01397039 ], [ 136.533588, 36.01409484 ], [ 136.53333523, 36.01418792 ], [ 136.53333333, 36.01418861 ], [ 136.533325500000018, 36.0141915 ], [ 136.533038, 36.01428789 ], [ 136.532794940000031, 36.01435233 ], [ 136.532497440000014, 36.01443678 ], [ 136.53233384, 36.01446095 ], [ 136.532145500000013, 36.01449703 ], [ 136.531947170000024, 36.01458175 ], [ 136.53174411, 36.01469425 ], [ 136.531656610000027, 36.01473592 ], [ 136.53149134, 36.0148148 ], [ 136.53115467, 36.01496564 ], [ 136.53114939, 36.01496787 ], [ 136.53090161, 36.01509647 ], [ 136.530743, 36.01516092 ], [ 136.530539660000017, 36.01520925 ], [ 136.53024217, 36.01533786 ], [ 136.53003910000001, 36.01539813 ], [ 136.529729100000026, 36.01549731 ], [ 136.529711890000016, 36.01550287 ], [ 136.52959995, 36.01553064 ], [ 136.529404380000017, 36.01557897 ], [ 136.52891883, 36.01568759 ], [ 136.52885523, 36.01570675 ], [ 136.528547170000024, 36.01580008 ], [ 136.528195230000023, 36.0159248 ], [ 136.52799384, 36.01600286 ], [ 136.527799110000018, 36.01607841 ], [ 136.527749100000023, 36.01609786 ], [ 136.52769272, 36.01612369 ], [ 136.52724856, 36.01632703 ], [ 136.52691633, 36.01652425 ], [ 136.52676883, 36.01659814 ], [ 136.52663272, 36.0166662 ], [ 136.52663178, 36.01666667 ], [ 136.526618830000018, 36.01667313 ], [ 136.526321610000025, 36.01683786 ], [ 136.52590523, 36.01701897 ], [ 136.525648, 36.01711731 ], [ 136.52554828000001, 36.01715564 ], [ 136.525246060000029, 36.01728036 ], [ 136.52500189, 36.01739367 ], [ 136.525, 36.01739453 ], [ 136.524968270000016, 36.01740925 ], [ 136.524443, 36.01764203 ], [ 136.52417022, 36.01777092 ], [ 136.52376411, 36.01798397 ], [ 136.52327827000002, 36.01819313 ], [ 136.522990780000015, 36.01835425 ], [ 136.522392170000018, 36.0187262 ], [ 136.52235633, 36.01874841 ], [ 136.521929950000015, 36.01898564 ], [ 136.521464110000011, 36.01922284 ], [ 136.52113689, 36.01939977 ], [ 136.52096355, 36.01949644 ], [ 136.52077523, 36.01960117 ], [ 136.520319100000023, 36.01988228 ], [ 136.520229660000012, 36.01994395 ], [ 136.520021610000015, 36.02008756 ], [ 136.51979355, 36.02024422 ], [ 136.519471050000021, 36.02044228 ], [ 136.51936717000001, 36.02050589 ], [ 136.519044940000015, 36.02068284 ], [ 136.518782440000024, 36.02083561 ], [ 136.518549660000019, 36.02094839 ], [ 136.518286890000013, 36.02109311 ], [ 136.51804883, 36.02126617 ], [ 136.51764745, 36.02147533 ], [ 136.517320250000012, 36.02164005 ], [ 136.517047760000025, 36.02176061 ], [ 136.516913860000017, 36.02180867 ], [ 136.516769970000013, 36.02184089 ], [ 136.51666859, 36.02184895 ], [ 136.51666667, 36.02184908 ], [ 136.516616350000021, 36.02185311 ], [ 136.516536910000013, 36.02185311 ], [ 136.51648745, 36.02182478 ], [ 136.51647105, 36.02179533 ], [ 136.516462720000021, 36.02178061 ], [ 136.51644772, 36.02171617 ], [ 136.516462720000021, 36.02161977 ], [ 136.51654689, 36.02139839 ], [ 136.51663134, 36.02122172 ], [ 136.51666667, 36.02114659 ], [ 136.516668560000028, 36.02114256 ], [ 136.51679966, 36.02086367 ], [ 136.516869110000016, 36.02077533 ], [ 136.51696411, 36.02070367 ], [ 136.517013, 36.02066672 ], [ 136.517102170000015, 36.020562 ], [ 136.51714411, 36.02043478 ], [ 136.51715662, 36.02039728 ], [ 136.517179100000021, 36.02028033 ], [ 136.51718134, 36.02026839 ], [ 136.517191340000011, 36.019987 ], [ 136.51718134, 36.01990644 ], [ 136.517155230000014, 36.01984505 ], [ 136.517126890000014, 36.01977784 ], [ 136.517087170000025, 36.01960477 ], [ 136.517067450000013, 36.01939977 ], [ 136.517052440000015, 36.01923867 ], [ 136.517037720000019, 36.01904978 ], [ 136.51694355, 36.01868367 ], [ 136.51689966, 36.01854672 ], [ 136.51688411, 36.01849867 ], [ 136.51681966000001, 36.01836589 ], [ 136.51667075, 36.01814867 ], [ 136.516668520000025, 36.01814603 ], [ 136.51666667, 36.0181438 ], [ 136.51659075, 36.01805339 ], [ 136.51657659, 36.01803617 ], [ 136.51652852, 36.01799895 ], [ 136.51637353000001, 36.01787923 ], [ 136.516321020000021, 36.01781867 ], [ 136.51624464, 36.01773033 ], [ 136.51621241, 36.01770089 ], [ 136.516181580000023, 36.01767339 ], [ 136.516076030000022, 36.01757756 ], [ 136.51586769, 36.01741644 ], [ 136.51577852, 36.017332 ], [ 136.51561992, 36.01713505 ], [ 136.515533800000014, 36.01703617 ], [ 136.515332410000013, 36.01680505 ], [ 136.51516608, 36.01666667 ], [ 136.515165500000023, 36.01666617 ], [ 136.5151538, 36.01665644 ], [ 136.51510436, 36.01664033 ], [ 136.515054920000011, 36.01665644 ], [ 136.515048, 36.01666617 ], [ 136.51504764, 36.01666667 ], [ 136.514980470000012, 36.01676089 ], [ 136.51494492, 36.01681478 ], [ 136.514915190000011, 36.0168595 ], [ 136.51487131, 36.01692589 ], [ 136.5147938, 36.01710228 ], [ 136.514714360000028, 36.01728339 ], [ 136.51458881, 36.0175695 ], [ 136.51436075, 36.01801589 ], [ 136.514231850000016, 36.018197 ], [ 136.514028520000011, 36.01834589 ], [ 136.513860470000026, 36.01843033 ], [ 136.51366214, 36.01847839 ], [ 136.51340436000001, 36.0184945 ], [ 136.51315603, 36.01848284 ], [ 136.512982970000024, 36.01847451 ], [ 136.512764920000023, 36.01845839 ], [ 136.51255659, 36.01841422 ], [ 136.5122938, 36.01832977 ], [ 136.512061030000012, 36.01825728 ], [ 136.511912140000021, 36.01823728 ], [ 136.511520470000022, 36.01828117 ], [ 136.51128270000001, 36.01834561 ], [ 136.511129080000018, 36.01843395 ], [ 136.51106464, 36.01850644 ], [ 136.511009920000021, 36.01861089 ], [ 136.510886030000023, 36.01873978 ], [ 136.51069769, 36.01891672 ], [ 136.510494640000019, 36.01905756 ], [ 136.510246860000024, 36.019142 ], [ 136.510083260000016, 36.01917811 ], [ 136.509894920000022, 36.01917005 ], [ 136.50975603, 36.01918228 ], [ 136.5095727, 36.01922228 ], [ 136.50933464000002, 36.01930284 ], [ 136.5090027, 36.01943561 ], [ 136.50885881, 36.01947978 ], [ 136.50871519, 36.019492 ], [ 136.508566300000012, 36.01947589 ], [ 136.50833519, 36.01943256 ], [ 136.508333330000028, 36.0194322 ], [ 136.508308520000014, 36.01942756 ], [ 136.508149920000022, 36.01936728 ], [ 136.508031030000012, 36.01928284 ], [ 136.507931860000014, 36.01919422 ], [ 136.50777326, 36.01911784 ], [ 136.507589920000015, 36.01906144 ], [ 136.50741131, 36.01902922 ], [ 136.507257690000017, 36.01902922 ], [ 136.507049360000025, 36.01905339 ], [ 136.50660326, 36.01910561 ], [ 136.50634575, 36.01913395 ], [ 136.506033530000025, 36.01917811 ], [ 136.505815470000016, 36.01923005 ], [ 136.505681580000015, 36.01928641 ], [ 136.505557690000018, 36.0193628 ], [ 136.505389080000015, 36.01945531 ], [ 136.505316300000032, 36.01946892 ], [ 136.505195750000013, 36.01949169 ], [ 136.504992410000028, 36.01951169 ], [ 136.50479908, 36.01949169 ], [ 136.504422410000018, 36.01939892 ], [ 136.50420936, 36.01937892 ], [ 136.503911860000017, 36.01937503 ], [ 136.50366881, 36.01938308 ], [ 136.503460750000016, 36.01940308 ], [ 136.50323769, 36.0194392 ], [ 136.50292547, 36.01946753 ], [ 136.50278659, 36.01951975 ], [ 136.502677420000026, 36.01959225 ], [ 136.502563800000019, 36.0196928 ], [ 136.502429920000026, 36.0198778 ], [ 136.50229103, 36.02010697 ], [ 136.502186860000023, 36.02025169 ], [ 136.502137420000025, 36.02036447 ], [ 136.50202353, 36.02061392 ], [ 136.50181519, 36.02084308 ], [ 136.501661580000018, 36.02100364 ], [ 136.501587130000019, 36.02109613 ], [ 136.50147825, 36.02122086 ], [ 136.501210470000018, 36.02140197 ], [ 136.50094769, 36.02150253 ], [ 136.50078908, 36.0215428 ], [ 136.500576030000019, 36.02157503 ], [ 136.500199080000016, 36.02165141 ], [ 136.500001850000018, 36.0217048 ], [ 136.5, 36.02170531 ], [ 136.49973825, 36.02177614 ], [ 136.499524940000015, 36.02186059 ], [ 136.499341610000016, 36.0219892 ], [ 136.499158280000017, 36.02213392 ], [ 136.49899966000001, 36.02221836 ], [ 136.498727170000024, 36.02230308 ], [ 136.49846939, 36.02241169 ], [ 136.498276060000023, 36.02252808 ], [ 136.498092720000017, 36.02269725 ], [ 136.497958830000016, 36.02279753 ], [ 136.497596890000011, 36.02314753 ], [ 136.497468, 36.0233042 ], [ 136.49737384, 36.0234692 ], [ 136.497308, 36.02362225 ], [ 136.49726856, 36.02373836 ], [ 136.49719939, 36.02396669 ], [ 136.49707272, 36.02415087 ], [ 136.49696995, 36.02417613 ], [ 136.49681910000001, 36.02432392 ], [ 136.49673772, 36.02445587 ], [ 136.496685230000026, 36.02466447 ], [ 136.49667328000001, 36.02481892 ], [ 136.496675280000034, 36.02499947 ], [ 136.49667531, 36.025 ], [ 136.496679140000026, 36.02534531 ], [ 136.49638747, 36.02536472 ], [ 136.49620302, 36.02536944 ], [ 136.49603608000001, 36.02532611 ], [ 136.495655250000027, 36.02527305 ], [ 136.49539302, 36.02529695 ], [ 136.495149140000024, 36.02537417 ], [ 136.49500025, 36.02542723 ], [ 136.494827760000021, 36.02548528 ], [ 136.4944883, 36.02551417 ], [ 136.493994140000012, 36.02542251 ], [ 136.49379163, 36.02538389 ], [ 136.49331523, 36.02531611 ], [ 136.49293438, 36.02533056 ], [ 136.49255331, 36.02543195 ], [ 136.492362750000012, 36.02549 ], [ 136.492148300000025, 36.02557222 ], [ 136.491922190000025, 36.02574611 ], [ 136.491749420000019, 36.02584251 ], [ 136.491668590000018, 36.02584764 ], [ 136.49166667, 36.02584778 ], [ 136.4913683, 36.02586667 ], [ 136.491177760000028, 36.02586667 ], [ 136.49097525000002, 36.02587639 ], [ 136.490523020000012, 36.02597305 ], [ 136.4902672, 36.02597778 ], [ 136.489969420000023, 36.02597778 ], [ 136.48979664, 36.02597305 ], [ 136.48923109, 36.02603111 ], [ 136.48892747, 36.02600195 ], [ 136.488742750000029, 36.0259925 ], [ 136.48835581, 36.02592944 ], [ 136.48794497, 36.02592944 ], [ 136.487611360000017, 36.02588611 ], [ 136.48752302, 36.0258775 ], [ 136.48741497, 36.02586667 ], [ 136.48714691, 36.02583777 ], [ 136.48680803, 36.02574611 ], [ 136.486522190000017, 36.02572667 ], [ 136.486313860000024, 36.02565917 ], [ 136.48616497, 36.02563972 ], [ 136.48600995000001, 36.02558667 ], [ 136.485819390000017, 36.02554805 ], [ 136.48453939, 36.02553361 ], [ 136.48405109, 36.02552861 ], [ 136.483860530000015, 36.02552389 ], [ 136.483693860000017, 36.02557695 ], [ 136.48333525000001, 36.0257082 ], [ 136.483333330000022, 36.02570889 ], [ 136.483205810000015, 36.02575556 ], [ 136.48288442, 36.02587167 ], [ 136.48274136, 36.025915 ], [ 136.48251525, 36.02596333 ], [ 136.482187760000016, 36.02598278 ], [ 136.481610250000017, 36.0259925 ], [ 136.48152733, 36.02599877 ], [ 136.481419690000024, 36.02600695 ], [ 136.48118747, 36.02600695 ], [ 136.48069358, 36.02603584 ], [ 136.48033025, 36.0261225 ], [ 136.48016358000001, 36.02618056 ], [ 136.479949140000031, 36.02621417 ], [ 136.479526350000015, 36.02625305 ], [ 136.479103580000015, 36.02633028 ], [ 136.47894886, 36.02637861 ], [ 136.478776079999989, 36.02647028 ], [ 136.47824664, 36.02673108 ], [ 136.47810358000001, 36.02684692 ], [ 136.478032190000022, 36.02700164 ], [ 136.47794886, 36.02715608 ], [ 136.477782190000028, 36.02758608 ], [ 136.47763914, 36.02774053 ], [ 136.4775908, 36.02775608 ], [ 136.477472480000017, 36.02779387 ], [ 136.477288030000011, 36.02785664 ], [ 136.47672219, 36.02803053 ], [ 136.47650192, 36.02816525 ], [ 136.47637691, 36.02824747 ], [ 136.47600803, 36.0284408 ], [ 136.47578776, 36.0285422 ], [ 136.47551389, 36.02870164 ], [ 136.475400830000012, 36.0288272 ], [ 136.47519834000002, 36.02904441 ], [ 136.47500195, 36.02915314 ], [ 136.475, 36.02915422 ], [ 136.47482306, 36.0292522 ], [ 136.47447195, 36.0290058 ], [ 136.47434694, 36.02895747 ], [ 136.474162220000011, 36.02887553 ], [ 136.47391056, 36.02876164 ], [ 136.473799440000022, 36.02871108 ], [ 136.473215840000023, 36.02863886 ], [ 136.472977500000013, 36.02862914 ], [ 136.472281110000011, 36.02864831 ], [ 136.471953610000014, 36.02847941 ], [ 136.47181667000001, 36.02838747 ], [ 136.471673610000011, 36.02833914 ], [ 136.47136445000001, 36.0281508 ], [ 136.470989140000029, 36.02793359 ], [ 136.470864140000032, 36.02786108 ], [ 136.470572480000016, 36.02764859 ], [ 136.470447470000011, 36.02743108 ], [ 136.47023302, 36.02714164 ], [ 136.470149690000028, 36.02697747 ], [ 136.47001859, 36.02675997 ], [ 136.46982803, 36.0264122 ], [ 136.469714970000012, 36.02632053 ], [ 136.46953636, 36.02616608 ], [ 136.469393310000015, 36.02602108 ], [ 136.46929219, 36.02585692 ], [ 136.46919109000001, 36.02571664 ], [ 136.46917192, 36.02566136 ], [ 136.469107760000014, 36.02547525 ], [ 136.46903635000001, 36.02506941 ], [ 136.469043990000017, 36.025 ], [ 136.469044060000016, 36.02499941 ], [ 136.46905442000002, 36.02490525 ], [ 136.46903053, 36.02475108 ], [ 136.468988860000024, 36.02442247 ], [ 136.468893580000014, 36.02426803 ], [ 136.46876859, 36.02404108 ], [ 136.468691050000018, 36.0238672 ], [ 136.46864939, 36.02363053 ], [ 136.468661340000011, 36.02349997 ], [ 136.468530220000019, 36.0231908 ], [ 136.46839939, 36.02285747 ], [ 136.468292170000012, 36.02269331 ], [ 136.468203, 36.02253887 ], [ 136.468036060000031, 36.02222997 ], [ 136.467923, 36.02191608 ], [ 136.467905230000014, 36.02175164 ], [ 136.467887170000012, 36.02157305 ], [ 136.467917170000021, 36.02137028 ], [ 136.467899100000011, 36.02112389 ], [ 136.46779189, 36.02088223 ], [ 136.46770272, 36.02067944 ], [ 136.46762523000001, 36.02052972 ], [ 136.46752995, 36.02039444 ], [ 136.46752995, 36.02021084 ], [ 136.46754798, 36.01987805 ], [ 136.467524090000012, 36.01958805 ], [ 136.46746464, 36.01940944 ], [ 136.46735131, 36.01920667 ], [ 136.46705964, 36.01893111 ], [ 136.4668038, 36.01864611 ], [ 136.466668520000013, 36.018554 ], [ 136.46666667, 36.01855272 ], [ 136.466654920000025, 36.01854472 ], [ 136.466494360000013, 36.01845305 ], [ 136.46603575, 36.01818251 ], [ 136.465773800000022, 36.01803278 ], [ 136.465660750000012, 36.01796028 ], [ 136.46550575, 36.01786361 ], [ 136.465231860000017, 36.01783 ], [ 136.46519992, 36.01781528 ], [ 136.46499964, 36.01772361 ], [ 136.46480326, 36.01749667 ], [ 136.46469603, 36.01736139 ], [ 136.46457131, 36.01725028 ], [ 136.464065190000014, 36.01696528 ], [ 136.463797130000017, 36.01685917 ], [ 136.46362464, 36.01682028 ], [ 136.46338047, 36.01677251 ], [ 136.46277326, 36.01678195 ], [ 136.462451580000021, 36.01672417 ], [ 136.462249360000015, 36.01670472 ], [ 136.46202326, 36.01671917 ], [ 136.46160047, 36.01681584 ], [ 136.461189640000015, 36.01682056 ], [ 136.461004920000022, 36.01683028 ], [ 136.46037992, 36.01687861 ], [ 136.46010603000002, 36.01675305 ], [ 136.45998706, 36.01666667 ], [ 136.45998628000001, 36.01666611 ], [ 136.45987992000002, 36.01658889 ], [ 136.45971326, 36.01651639 ], [ 136.459486860000027, 36.01644389 ], [ 136.459099920000028, 36.01641 ], [ 136.458841340000021, 36.01641984 ], [ 136.458712970000022, 36.01642472 ], [ 136.458623530000011, 36.01643417 ], [ 136.45838131, 36.01642584 ], [ 136.458335190000014, 36.01642777 ], [ 136.458333330000016, 36.01642784 ], [ 136.458118250000012, 36.01643695 ], [ 136.45783409, 36.01645361 ], [ 136.45766555, 36.01666611 ], [ 136.457665110000022, 36.01666667 ], [ 136.457571020000017, 36.01678528 ], [ 136.45729409, 36.01722914 ], [ 136.4571627, 36.0173808 ], [ 136.45706547, 36.01756608 ], [ 136.45687161, 36.01771803 ], [ 136.456684670000016, 36.0178922 ], [ 136.456179100000014, 36.01791469 ], [ 136.45599217, 36.01791469 ], [ 136.45563883, 36.01792025 ], [ 136.45510550000003, 36.0180158 ], [ 136.45491883, 36.01806053 ], [ 136.45478022, 36.01807164 ], [ 136.454357720000019, 36.01813913 ], [ 136.453859100000017, 36.01809969 ], [ 136.453692720000021, 36.0180322 ], [ 136.45351272000002, 36.01800413 ], [ 136.453510170000015, 36.0180042 ], [ 136.45306939, 36.01801553 ], [ 136.452397720000022, 36.01820636 ], [ 136.45218995, 36.01825136 ], [ 136.451857720000021, 36.01837497 ], [ 136.45145577, 36.01854914 ], [ 136.451248, 36.01870664 ], [ 136.450846330000019, 36.01907164 ], [ 136.450506890000014, 36.01938608 ], [ 136.4503755, 36.01952108 ], [ 136.45025078, 36.01962775 ], [ 136.45000189000001, 36.01975964 ], [ 136.45, 36.01976064 ], [ 136.449911610000015, 36.01980747 ], [ 136.449489140000026, 36.02008303 ], [ 136.449309140000025, 36.02020664 ], [ 136.449142750000021, 36.02028525 ], [ 136.448806350000012, 36.02041247 ], [ 136.448713310000016, 36.02044775 ], [ 136.448318590000014, 36.02056025 ], [ 136.44806219000003, 36.0205772 ], [ 136.44788219000003, 36.02055469 ], [ 136.447584690000014, 36.02058275 ], [ 136.44711358, 36.02066136 ], [ 136.44675358, 36.02080192 ], [ 136.446614970000013, 36.02085803 ], [ 136.446386350000012, 36.02100413 ], [ 136.44613691, 36.02122886 ], [ 136.445984690000017, 36.02142553 ], [ 136.44584608, 36.0215772 ], [ 136.44575608, 36.02169497 ], [ 136.445603580000011, 36.02187469 ], [ 136.445465250000012, 36.0220322 ], [ 136.44544442, 36.02241413 ], [ 136.445479140000032, 36.02254886 ], [ 136.445534450000025, 36.02268386 ], [ 136.445576110000019, 36.02281859 ], [ 136.44555528, 36.0230658 ], [ 136.445368340000016, 36.02344803 ], [ 136.445305840000032, 36.02361078 ], [ 136.445146670000014, 36.02393661 ], [ 136.44506834, 36.02404633 ], [ 136.44489027000003, 36.02429605 ], [ 136.444821110000021, 36.02441967 ], [ 136.444772780000022, 36.02456578 ], [ 136.444862780000022, 36.02486939 ], [ 136.444922870000028, 36.02499939 ], [ 136.444923140000014, 36.025 ], [ 136.445028880000024, 36.02522884 ], [ 136.44501501000002, 36.02538633 ], [ 136.444952780000023, 36.02553217 ], [ 136.44471056, 36.02571217 ], [ 136.444198050000011, 36.02592522 ], [ 136.44407333, 36.02601522 ], [ 136.443920830000025, 36.02611078 ], [ 136.44357475000001, 36.0263355 ], [ 136.443283650000012, 36.02659967 ], [ 136.44309586, 36.02673244 ], [ 136.443013650000012, 36.0267905 ], [ 136.442812800000013, 36.026948 ], [ 136.44276419000002, 36.02713328 ], [ 136.442771140000019, 36.02734133 ], [ 136.442708910000022, 36.02765578 ], [ 136.442494190000019, 36.02829605 ], [ 136.442404190000019, 36.02855467 ], [ 136.44234864, 36.02871189 ], [ 136.442286420000016, 36.0289255 ], [ 136.442223920000032, 36.02913328 ], [ 136.442341700000014, 36.02955467 ], [ 136.442355580000026, 36.02969522 ], [ 136.442321170000014, 36.03003244 ], [ 136.44227949, 36.03034689 ], [ 136.44218949, 36.03048717 ], [ 136.44213394, 36.03064467 ], [ 136.441940050000028, 36.03113911 ], [ 136.44180144, 36.03126272 ], [ 136.441739220000017, 36.03135244 ], [ 136.44166866, 36.03148128 ], [ 136.441666670000018, 36.03148492 ], [ 136.44165616, 36.03150411 ], [ 136.441579780000012, 36.03168411 ], [ 136.441434500000014, 36.03189744 ], [ 136.44101895, 36.032358 ], [ 136.44085949, 36.03241992 ], [ 136.440672550000016, 36.03245353 ], [ 136.440478660000025, 36.03253213 ], [ 136.439917830000013, 36.0326952 ], [ 136.439751730000012, 36.03279631 ], [ 136.439717, 36.03291436 ], [ 136.43970533000001, 36.03333269 ], [ 136.43970533000001, 36.03333333 ], [ 136.439696200000014, 36.03366159 ], [ 136.43967564, 36.0337852 ], [ 136.439606200000014, 36.03389769 ], [ 136.43948842, 36.03409992 ], [ 136.439083970000013, 36.03443769 ], [ 136.439038150000016, 36.03447603 ], [ 136.43892759000002, 36.0345602 ], [ 136.438816740000021, 36.03467825 ], [ 136.438650360000025, 36.03485797 ], [ 136.43850508, 36.03505464 ], [ 136.438262580000014, 36.03527964 ], [ 136.43818647, 36.03541992 ], [ 136.438144810000011, 36.03562797 ], [ 136.437895360000027, 36.03586936 ], [ 136.437639250000018, 36.03612797 ], [ 136.437479810000013, 36.03621214 ], [ 136.43732759, 36.03629631 ], [ 136.43714036, 36.03640853 ], [ 136.43687036, 36.03682992 ], [ 136.436794280000015, 36.03694241 ], [ 136.436704280000015, 36.03704908 ], [ 136.436482610000013, 36.03730769 ], [ 136.43624012, 36.03755492 ], [ 136.436136230000017, 36.03767297 ], [ 136.436039560000012, 36.03783575 ], [ 136.43588012, 36.03800436 ], [ 136.43576239, 36.03807153 ], [ 136.435623990000011, 36.03815047 ], [ 136.43549234, 36.03839187 ], [ 136.435381510000013, 36.03848741 ], [ 136.43531234, 36.03862769 ], [ 136.435208440000025, 36.03884131 ], [ 136.43512511, 36.03899297 ], [ 136.435000660000014, 36.03909397 ], [ 136.434862050000021, 36.03920659 ], [ 136.43475817, 36.0393302 ], [ 136.434654280000018, 36.03944797 ], [ 136.43457817, 36.03956603 ], [ 136.43432178, 36.03985269 ], [ 136.434203990000015, 36.03992575 ], [ 136.434037890000013, 36.04002131 ], [ 136.43386455000001, 36.04006631 ], [ 136.433580660000018, 36.04008825 ], [ 136.43333542, 36.04013564 ], [ 136.433333330000011, 36.04013603 ], [ 136.433317640000013, 36.04013908 ], [ 136.43306125, 36.0402402 ], [ 136.43290536, 36.04032439 ], [ 136.432895140000028, 36.04032992 ], [ 136.43276348, 36.04046492 ], [ 136.43268737, 36.04061659 ], [ 136.432638750000024, 36.04104905 ], [ 136.432645690000015, 36.04123461 ], [ 136.43264876, 36.04124544 ], [ 136.432694310000016, 36.04140877 ], [ 136.432770410000018, 36.04155489 ], [ 136.43282109, 36.041666 ], [ 136.432821390000015, 36.04166667 ], [ 136.43295737, 36.04196489 ], [ 136.432909030000019, 36.04208295 ], [ 136.432805140000028, 36.04219544 ], [ 136.43271486, 36.04232433 ], [ 136.432555690000015, 36.04258295 ], [ 136.43249319, 36.04270656 ], [ 136.43240319, 36.04284684 ], [ 136.432340970000013, 36.04294795 ], [ 136.43216791, 36.04312211 ], [ 136.43200348, 36.04332211 ], [ 136.43201876, 36.04349739 ], [ 136.43214014, 36.04375156 ], [ 136.43219542, 36.04388072 ], [ 136.432306250000011, 36.04412795 ], [ 136.43247961, 36.04440905 ], [ 136.432500170000026, 36.04453822 ], [ 136.432555720000011, 36.04468961 ], [ 136.43256961, 36.04482433 ], [ 136.432611, 36.04504351 ], [ 136.432597109999989, 36.04531877 ], [ 136.43257655, 36.04554933 ], [ 136.43271489, 36.04577405 ], [ 136.43278433, 36.04587517 ], [ 136.432957390000013, 36.04606044 ], [ 136.433333330000011, 36.04632759 ], [ 136.433335450000015, 36.04632908 ], [ 136.433345160000016, 36.046336 ], [ 136.433435450000019, 36.04654378 ], [ 136.43344905, 36.04670684 ], [ 136.433497660000029, 36.04689767 ], [ 136.433754060000012, 36.047291 ], [ 136.433954890000024, 36.04750461 ], [ 136.43406572, 36.04760572 ], [ 136.43419044, 36.04787517 ], [ 136.43443267, 36.04827961 ], [ 136.434571, 36.04843711 ], [ 136.434640170000023, 36.04862823 ], [ 136.43470267, 36.04892017 ], [ 136.43484795, 36.04931933 ], [ 136.434931280000029, 36.04949351 ], [ 136.43500044000001, 36.04961128 ], [ 136.43504908, 36.04984184 ], [ 136.43536591, 36.04999933 ], [ 136.435367250000013, 36.05 ], [ 136.435478250000017, 36.05005517 ], [ 136.435471580000012, 36.05020128 ], [ 136.43531214, 36.05027989 ], [ 136.435083530000014, 36.050426 ], [ 136.434432410000028, 36.05076295 ], [ 136.434252410000028, 36.05081351 ], [ 136.434114640000018, 36.050886 ], [ 136.4341138, 36.05088656 ], [ 136.433622410000027, 36.05111128 ], [ 136.433386860000013, 36.05120128 ], [ 136.43333547, 36.05124675 ], [ 136.433333330000011, 36.05124864 ], [ 136.43323464, 36.051336 ], [ 136.433144360000028, 36.05145961 ], [ 136.43304047, 36.05162823 ], [ 136.43299908, 36.05179684 ], [ 136.43306131, 36.05206656 ], [ 136.43313075, 36.05221822 ], [ 136.433206860000013, 36.05233628 ], [ 136.43324825, 36.052516 ], [ 136.43326908, 36.05262267 ], [ 136.433019920000021, 36.05299323 ], [ 136.43288825, 36.05314517 ], [ 136.4328327, 36.05328544 ], [ 136.432763530000017, 36.05348767 ], [ 136.4328327, 36.05383044 ], [ 136.432624940000011, 36.05406653 ], [ 136.43252105000002, 36.05422959 ], [ 136.43250022, 36.05436986 ], [ 136.43253150000001, 36.05454714 ], [ 136.43254189000001, 36.05460597 ], [ 136.43261105000002, 36.05479708 ], [ 136.43261105000002, 36.05511736 ], [ 136.43254883, 36.0552632 ], [ 136.43254883, 36.05561736 ], [ 136.43249355, 36.05587569 ], [ 136.43250022, 36.05614541 ], [ 136.432514110000028, 36.05633097 ], [ 136.432528, 36.0564882 ], [ 136.432562720000021, 36.05667931 ], [ 136.432708, 36.05702208 ], [ 136.432576610000012, 36.05728597 ], [ 136.43252105000002, 36.05741541 ], [ 136.432486610000012, 36.05756708 ], [ 136.432424110000028, 36.05785903 ], [ 136.432424110000028, 36.0579432 ], [ 136.432626640000024, 36.05833264 ], [ 136.432627, 36.05833333 ], [ 136.43268717, 36.05844903 ], [ 136.43277717, 36.0585782 ], [ 136.43295025, 36.05876347 ], [ 136.433298, 36.05874013 ], [ 136.433333330000011, 36.05873775 ], [ 136.433335500000027, 36.05873761 ], [ 136.43353217, 36.05872431 ], [ 136.433684380000017, 36.05872431 ], [ 136.43384384, 36.05876347 ], [ 136.434093280000013, 36.05887597 ], [ 136.434204110000024, 36.05901069 ], [ 136.434280250000029, 36.0591568 ], [ 136.43423859, 36.05944347 ], [ 136.434231630000028, 36.05958959 ], [ 136.43426636, 36.05975236 ], [ 136.43426636, 36.06023013 ], [ 136.434259420000018, 36.06039292 ], [ 136.434259420000018, 36.06051653 ], [ 136.434308030000011, 36.06073013 ], [ 136.434737470000016, 36.06096625 ], [ 136.434875810000023, 36.06105597 ], [ 136.435048860000023, 36.06112903 ], [ 136.43526358, 36.06128069 ], [ 136.43571358, 36.06157847 ], [ 136.435824420000017, 36.06168541 ], [ 136.43592136, 36.06179208 ], [ 136.436025250000029, 36.0620282 ], [ 136.436184700000013, 36.06247208 ], [ 136.436267760000021, 36.0626182 ], [ 136.436343860000022, 36.06274736 ], [ 136.436475520000016, 36.06292708 ], [ 136.436750530000012, 36.06322069 ], [ 136.43675969, 36.06323041 ], [ 136.436779140000027, 36.06335375 ], [ 136.436787200000026, 36.06340459 ], [ 136.43681497, 36.0635282 ], [ 136.43682136000001, 36.06360097 ], [ 136.43682886000002, 36.06368569 ], [ 136.43698803, 36.06397208 ], [ 136.43726497, 36.06438236 ], [ 136.437368860000021, 36.06445541 ], [ 136.437597470000014, 36.06462403 ], [ 136.437936940000014, 36.06491041 ], [ 136.43806139, 36.06499487 ], [ 136.4382, 36.06511847 ], [ 136.43828306, 36.06532625 ], [ 136.43823472, 36.06551736 ], [ 136.43815167, 36.0657532 ], [ 136.438125840000026, 36.06591487 ], [ 136.438123890000014, 36.06592736 ], [ 136.438123890000014, 36.06605097 ], [ 136.43814472, 36.06623069 ], [ 136.438137780000034, 36.06647236 ], [ 136.43823645, 36.06666597 ], [ 136.43823681, 36.06666667 ], [ 136.43826944, 36.06673069 ], [ 136.43833167, 36.06685431 ], [ 136.43844944, 36.06699486 ], [ 136.438463330000019, 36.06723069 ], [ 136.43848667, 36.0673982 ], [ 136.43851167, 36.06757931 ], [ 136.438712220000014, 36.0679668 ], [ 136.43879555, 36.06807931 ], [ 136.43897555, 36.06841069 ], [ 136.43909333000002, 36.06874792 ], [ 136.439128050000022, 36.06888847 ], [ 136.4391625, 36.06902875 ], [ 136.439241480000021, 36.06924487 ], [ 136.439328890000013, 36.06948403 ], [ 136.439353610000012, 36.06973264 ], [ 136.439356390000029, 36.06975931 ], [ 136.439356390000029, 36.06992236 ], [ 136.43932197, 36.07009041 ], [ 136.43932197, 36.07037705 ], [ 136.439238910000029, 36.07075928 ], [ 136.439176420000024, 36.07092205 ], [ 136.43911419, 36.07108511 ], [ 136.439010310000015, 36.07133789 ], [ 136.43883003000002, 36.07179289 ], [ 136.43880253, 36.07197844 ], [ 136.43874888000002, 36.07219559 ], [ 136.438691700000021, 36.07242761 ], [ 136.438497520000027, 36.07292761 ], [ 136.438414470000026, 36.07306817 ], [ 136.43833837, 36.07321428 ], [ 136.438303640000015, 36.0735965 ], [ 136.43814058000001, 36.07461178 ], [ 136.43807852, 36.07499928 ], [ 136.438078420000011, 36.075 ], [ 136.438061170000026, 36.07510761 ], [ 136.43804117000002, 36.07522317 ], [ 136.438005620000013, 36.07542789 ], [ 136.437832550000024, 36.07544484 ], [ 136.437617830000022, 36.075484 ], [ 136.436904770000012, 36.075574 ], [ 136.43662061, 36.07560205 ], [ 136.4364545, 36.07563011 ], [ 136.43605949, 36.07568067 ], [ 136.435602550000027, 36.07574261 ], [ 136.435353110000023, 36.07578178 ], [ 136.435200900000012, 36.07578178 ], [ 136.43515949, 36.07578677 ], [ 136.434785330000011, 36.07583233 ], [ 136.434594770000018, 36.07586095 ], [ 136.434258950000014, 36.07591095 ], [ 136.434058110000024, 36.07595595 ], [ 136.433857280000012, 36.07595595 ], [ 136.433628660000011, 36.07593344 ], [ 136.43333562, 36.07596589 ], [ 136.433333330000011, 36.07596613 ], [ 136.43301922, 36.07600095 ], [ 136.432735330000014, 36.07605567 ], [ 136.43255506, 36.07609067 ], [ 136.43240978, 36.07607928 ], [ 136.432247280000013, 36.07606428 ], [ 136.43222978, 36.07606261 ], [ 136.431572, 36.07605677 ], [ 136.431225620000021, 36.07604567 ], [ 136.431016450000016, 36.07604039 ], [ 136.431003940000011, 36.07604011 ], [ 136.430657560000014, 36.07605123 ], [ 136.430374230000012, 36.07607817 ], [ 136.430242, 36.07609067 ], [ 136.42977117, 36.07618039 ], [ 136.42955645, 36.07622539 ], [ 136.429092560000015, 36.07630984 ], [ 136.428552280000019, 36.07648956 ], [ 136.42836533000002, 36.07655123 ], [ 136.42819895, 36.07660733 ], [ 136.42794283, 36.07667456 ], [ 136.42693144, 36.07691622 ], [ 136.42675839, 36.07696678 ], [ 136.426370610000021, 36.07707372 ], [ 136.42537339, 36.07733761 ], [ 136.42500228, 36.07741867 ], [ 136.425, 36.07741917 ], [ 136.424909220000018, 36.077439 ], [ 136.424382830000013, 36.07759595 ], [ 136.424161170000019, 36.07767456 ], [ 136.423974230000027, 36.077714 ], [ 136.423648660000026, 36.07781511 ], [ 136.423610610000026, 36.07782456 ], [ 136.423032550000016, 36.07797011 ], [ 136.422956450000015, 36.07798928 ], [ 136.422686160000012, 36.07806233 ], [ 136.42249228, 36.07811289 ], [ 136.422146160000011, 36.0781915 ], [ 136.421626450000019, 36.07834317 ], [ 136.421391170000021, 36.07834872 ], [ 136.421231730000017, 36.07837122 ], [ 136.42088533, 36.07843317 ], [ 136.42076756, 36.07846678 ], [ 136.42062228, 36.0784965 ], [ 136.420359220000023, 36.07855095 ], [ 136.420040610000029, 36.078624 ], [ 136.4198745, 36.07863511 ], [ 136.419742870000022, 36.07865761 ], [ 136.419389530000018, 36.07876428 ], [ 136.419071190000011, 36.07882511 ], [ 136.418710920000024, 36.07889372 ], [ 136.41851703, 36.07897233 ], [ 136.418329810000017, 36.07899484 ], [ 136.418011190000016, 36.079079 ], [ 136.417464530000018, 36.07922511 ], [ 136.417187300000023, 36.07927011 ], [ 136.417007300000023, 36.07930372 ], [ 136.416908150000012, 36.07933317 ], [ 136.416668970000018, 36.07940422 ], [ 136.416667860000018, 36.07940456 ], [ 136.416666670000012, 36.0794048 ], [ 136.416113700000011, 36.07951705 ], [ 136.41580202, 36.07958456 ], [ 136.41558036, 36.07963511 ], [ 136.415268690000033, 36.07972484 ], [ 136.41469397, 36.07983733 ], [ 136.414451750000012, 36.07992733 ], [ 136.414271750000012, 36.079944 ], [ 136.414008420000016, 36.0800115 ], [ 136.413405910000023, 36.08009567 ], [ 136.413184250000029, 36.08013511 ], [ 136.41299036, 36.08016317 ], [ 136.412817030000014, 36.08019705 ], [ 136.41217287, 36.08029789 ], [ 136.41187703, 36.08042984 ], [ 136.41156591, 36.080569 ], [ 136.411279800000017, 36.08069677 ], [ 136.410760360000012, 36.08075289 ], [ 136.410614810000027, 36.08079233 ], [ 136.41046953, 36.08081484 ], [ 136.41026148, 36.080854 ], [ 136.410060640000012, 36.080899 ], [ 136.40992258, 36.0809215 ], [ 136.40971453, 36.08095511 ], [ 136.409478980000017, 36.08100567 ], [ 136.409271190000027, 36.08107872 ], [ 136.408876470000024, 36.08119122 ], [ 136.408363970000011, 36.08135372 ], [ 136.408335640000018, 36.08136431 ], [ 136.40833333, 36.08136517 ], [ 136.40810786, 36.08144928 ], [ 136.4078862, 36.08151123 ], [ 136.407726740000015, 36.08156372 ], [ 136.407477590000013, 36.08164595 ], [ 136.40697925, 36.08179817 ] ] ] } }
]
}
