{
"type": "FeatureCollection",
"name": "city_02_平川市",
"crs": { "type": "name", "properties": { "name": "urn:ogc:def:crs:OGC:1.3:CRS84" } },
"features": [
{ "type": "Feature", "properties": { }, "geometry": { "type": "Polygon", "coordinates": [ [ [ 140.63248625, 40.40404723 ], [ 140.632614860000018, 40.40428917 ], [ 140.632715140000016, 40.40451944 ], [ 140.63293597, 40.40483111 ], [ 140.633333330000028, 40.40536536 ], [ 140.633340660000016, 40.40537525 ], [ 140.63336012000002, 40.40540139 ], [ 140.63352733, 40.40566723 ], [ 140.633707610000016, 40.40587695 ], [ 140.633901510000015, 40.40597917 ], [ 140.634149, 40.40603028 ], [ 140.63440983000001, 40.40606111 ], [ 140.63467706, 40.40613251 ], [ 140.634924550000022, 40.40617861 ], [ 140.635031500000025, 40.40626056 ], [ 140.635151510000014, 40.40640889 ], [ 140.63524511, 40.40666444 ], [ 140.63548567, 40.40719139 ], [ 140.635875250000026, 40.40832777 ], [ 140.635877170000015, 40.40833333 ], [ 140.635903720000016, 40.40841084 ], [ 140.63609095000001, 40.40877889 ], [ 140.636230950000026, 40.40901417 ], [ 140.636337890000021, 40.40922389 ], [ 140.63635122, 40.40932611 ], [ 140.63629122, 40.40948472 ], [ 140.635997060000022, 40.40960251 ], [ 140.6358165, 40.40963805 ], [ 140.635419, 40.40970722 ], [ 140.635084550000016, 40.40979917 ], [ 140.634824, 40.40990667 ], [ 140.634630120000025, 40.41001917 ], [ 140.6344962, 40.41019305 ], [ 140.63428898, 40.41036667 ], [ 140.634108420000018, 40.41062751 ], [ 140.63405341, 40.41073944 ], [ 140.633934810000028, 40.41098028 ], [ 140.633861190000033, 40.41134861 ], [ 140.633861190000033, 40.41175777 ], [ 140.633850920000015, 40.41238417 ], [ 140.63381064, 40.41259917 ], [ 140.633797300000026, 40.41283944 ], [ 140.63379064, 40.41342222 ], [ 140.6337373, 40.41387751 ], [ 140.63368703, 40.41454472 ], [ 140.63368703, 40.41492833 ], [ 140.63376728, 40.41525056 ], [ 140.633720610000012, 40.41547056 ], [ 140.63364034, 40.41572584 ], [ 140.63352672000002, 40.415905 ], [ 140.63335283, 40.41610444 ], [ 140.63334061, 40.41611584 ], [ 140.633333330000028, 40.41612264 ], [ 140.63310866, 40.41633195 ], [ 140.63294839, 40.41660805 ], [ 140.63293988, 40.41666111 ], [ 140.632939, 40.41666667 ], [ 140.632914770000014, 40.41681777 ], [ 140.63297477, 40.41709917 ], [ 140.63306839, 40.41727805 ], [ 140.63311506, 40.41747251 ], [ 140.633041720000023, 40.41763111 ], [ 140.63293477000002, 40.4177128 ], [ 140.632633670000018, 40.41779475 ], [ 140.63225949, 40.41789197 ], [ 140.632045330000011, 40.41795808 ], [ 140.63180506, 40.41804003 ], [ 140.631658110000018, 40.41814225 ], [ 140.63155756, 40.41826503 ], [ 140.63134034, 40.41848225 ], [ 140.631273670000013, 40.41860003 ], [ 140.631215060000017, 40.41863531 ], [ 140.630959220000022, 40.4187892 ], [ 140.630812280000015, 40.4189528 ], [ 140.63060506, 40.4191778 ], [ 140.630457830000012, 40.41937531 ], [ 140.62986061, 40.4195978 ], [ 140.62895309000001, 40.41996253 ], [ 140.628603090000013, 40.4201028 ], [ 140.62719031, 40.42074531 ], [ 140.62650975, 40.42109364 ], [ 140.626348910000019, 40.42117587 ], [ 140.6259492, 40.42132559 ], [ 140.625655310000013, 40.42141308 ], [ 140.62547558, 40.42152531 ], [ 140.62548365, 40.42174364 ], [ 140.625658910000027, 40.42196475 ], [ 140.625961140000015, 40.42235169 ], [ 140.62614086, 40.42273836 ], [ 140.626161850000017, 40.42290525 ], [ 140.626181700000018, 40.4230628 ], [ 140.626124480000016, 40.42336867 ], [ 140.62598558000002, 40.42374923 ], [ 140.62578141000003, 40.42399867 ], [ 140.6255692, 40.42409867 ], [ 140.625275030000012, 40.42408617 ], [ 140.62500725000001, 40.42408131 ], [ 140.625, 40.42408117 ], [ 140.624923920000015, 40.42407978 ], [ 140.62466280000001, 40.42412339 ], [ 140.62443669000001, 40.42427895 ], [ 140.624417810000011, 40.42429172 ], [ 140.62418503, 40.42450061 ], [ 140.623972780000031, 40.42456951 ], [ 140.62389694, 40.42455895 ], [ 140.62361361, 40.4245195 ], [ 140.623481700000013, 40.4244545 ], [ 140.62310725, 40.42426978 ], [ 140.62265808, 40.42405784 ], [ 140.622325859999989, 40.42400805 ], [ 140.622241700000018, 40.42399533 ], [ 140.621508080000012, 40.42408895 ], [ 140.620673650000015, 40.42375478 ], [ 140.62016864, 40.42357117 ], [ 140.61965698000003, 40.42345533 ], [ 140.6194628, 40.42343728 ], [ 140.619192530000021, 40.42340339 ], [ 140.61888586, 40.4234145 ], [ 140.618724470000018, 40.42341172 ], [ 140.618626420000027, 40.42340339 ], [ 140.61853224, 40.42338256 ], [ 140.61835086, 40.42333144 ], [ 140.61808975, 40.42328895 ], [ 140.61775058, 40.42329033 ], [ 140.61749114, 40.42334172 ], [ 140.61740586, 40.42338617 ], [ 140.617240580000015, 40.423517 ], [ 140.61714086, 40.42357811 ], [ 140.617071970000012, 40.42360728 ], [ 140.61698475, 40.42362922 ], [ 140.616876140000016, 40.42363617 ], [ 140.616673920000011, 40.42363387 ], [ 140.61666667, 40.42363377 ], [ 140.616217520000021, 40.42362867 ], [ 140.616088640000015, 40.42363561 ], [ 140.61590365, 40.42365505 ], [ 140.61573837, 40.42368756 ], [ 140.61555698, 40.42375811 ], [ 140.61538837, 40.42387061 ], [ 140.61517975000001, 40.42401895 ], [ 140.615074470000025, 40.42404644 ], [ 140.6150092, 40.42406589 ], [ 140.614849470000024, 40.42407978 ], [ 140.61438698, 40.42406813 ], [ 140.614249200000017, 40.42406536 ], [ 140.61417309, 40.42405425 ], [ 140.614018910000027, 40.42397647 ], [ 140.61386808, 40.42388092 ], [ 140.61378837, 40.42384008 ], [ 140.61357781000001, 40.42379425 ], [ 140.61315891000001, 40.42376508 ], [ 140.612699750000019, 40.42373259 ], [ 140.612413090000018, 40.42372508 ], [ 140.612302530000022, 40.42371536 ], [ 140.6122028, 40.42369036 ], [ 140.612043090000014, 40.4236848 ], [ 140.61178003, 40.42371675 ], [ 140.61147336, 40.42378259 ], [ 140.61123781, 40.42386008 ], [ 140.611047520000028, 40.42393564 ], [ 140.61090586, 40.42399175 ], [ 140.610590030000026, 40.4242012 ], [ 140.610205580000013, 40.42455786 ], [ 140.61013639, 40.4246062 ], [ 140.610004160000017, 40.42475869 ], [ 140.60994611000001, 40.42479897 ], [ 140.60988805, 40.42481564 ], [ 140.60983167, 40.42482813 ], [ 140.609735550000011, 40.42483231 ], [ 140.609615840000032, 40.42483231 ], [ 140.60925472, 40.42480925 ], [ 140.609131390000016, 40.4248162 ], [ 140.609004450000015, 40.42482592 ], [ 140.60891722, 40.42486897 ], [ 140.6087728, 40.42499453 ], [ 140.608766520000017, 40.425 ], [ 140.60873222, 40.4250298 ], [ 140.60860888000002, 40.42522731 ], [ 140.60850195, 40.42541508 ], [ 140.60844917, 40.42547731 ], [ 140.608371120000015, 40.42549536 ], [ 140.608340560000016, 40.4254982 ], [ 140.608333330000022, 40.42549887 ], [ 140.608251390000021, 40.42550647 ], [ 140.608173330000028, 40.42551341 ], [ 140.60812805, 40.42554675 ], [ 140.60808083, 40.42557175 ], [ 140.608001120000011, 40.42558147 ], [ 140.607473060000018, 40.42562647 ], [ 140.607199440000016, 40.42564175 ], [ 140.606622500000014, 40.42569092 ], [ 140.606455550000021, 40.42573175 ], [ 140.60633056, 40.42577203 ], [ 140.60605639000002, 40.42590203 ], [ 140.60589306, 40.42600397 ], [ 140.605776940000027, 40.42611203 ], [ 140.60567361, 40.42623397 ], [ 140.605588340000025, 40.42638092 ], [ 140.605485010000024, 40.42657286 ], [ 140.60542333, 40.42664341 ], [ 140.60532167, 40.42675453 ], [ 140.60517306, 40.42688675 ], [ 140.605031390000022, 40.42700036 ], [ 140.604924450000027, 40.42705592 ], [ 140.604801110000011, 40.42710731 ], [ 140.604717500000021, 40.42712092 ], [ 140.60444361, 40.42719731 ], [ 140.60413555, 40.42728813 ], [ 140.60405555, 40.4273448 ], [ 140.603953890000014, 40.427449 ], [ 140.603879730000017, 40.42756817 ], [ 140.60385611, 40.42767067 ], [ 140.60383611, 40.42776872 ], [ 140.60381805, 40.42786233 ], [ 140.603796110000019, 40.42810205 ], [ 140.60381222, 40.42852289 ], [ 140.60381584000001, 40.42861095 ], [ 140.603810270000025, 40.42869261 ], [ 140.603766940000014, 40.4288715 ], [ 140.603757780000024, 40.42897817 ], [ 140.60370361, 40.42917067 ], [ 140.603670830000027, 40.4292865 ], [ 140.60362722, 40.42972123 ], [ 140.60359442, 40.42992261 ], [ 140.60353109, 40.43008595 ], [ 140.60336053, 40.430269 ], [ 140.603206350000022, 40.43037095 ], [ 140.60312497000001, 40.43040567 ], [ 140.60300331000002, 40.43054428 ], [ 140.602887200000026, 40.43069789 ], [ 140.602816350000012, 40.43084705 ], [ 140.60277109, 40.43087484 ], [ 140.602700250000026, 40.430919 ], [ 140.602422750000017, 40.43100928 ], [ 140.60216331, 40.43107289 ], [ 140.601729690000013, 40.43125928 ], [ 140.601397760000026, 40.4314265 ], [ 140.601000250000027, 40.43156789 ], [ 140.60082248, 40.43166872 ], [ 140.60043442, 40.43197011 ], [ 140.60026747, 40.43209067 ], [ 140.600042530000024, 40.43227961 ], [ 140.600007200000022, 40.43230931 ], [ 140.6, 40.43231536 ], [ 140.599819420000017, 40.43246705 ], [ 140.599393310000011, 40.43285095 ], [ 140.59919720000002, 40.43298067 ], [ 140.598881630000022, 40.43309984 ], [ 140.598658300000011, 40.43316844 ], [ 140.59829192, 40.43329456 ], [ 140.59821997, 40.43332789 ], [ 140.59820822, 40.43333333 ], [ 140.59801248, 40.433424 ], [ 140.597684140000013, 40.43350567 ], [ 140.597363020000017, 40.43358261 ], [ 140.597061920000016, 40.43366151 ], [ 140.59671358, 40.43380705 ], [ 140.596494140000033, 40.43394372 ], [ 140.59639275, 40.43401844 ], [ 140.596269140000032, 40.43415844 ], [ 140.59618387, 40.43425956 ], [ 140.59610608, 40.4343415 ], [ 140.595959140000019, 40.43442539 ], [ 140.59572859, 40.43456678 ], [ 140.595607200000018, 40.43461789 ], [ 140.59537859, 40.43471375 ], [ 140.594870510000021, 40.4349418 ], [ 140.59473244000003, 40.43499987 ], [ 140.594460510000033, 40.43509792 ], [ 140.59403577, 40.43519708 ], [ 140.59373105, 40.43526236 ], [ 140.593226890000011, 40.43538347 ], [ 140.59305272, 40.43540431 ], [ 140.592708, 40.4355082 ], [ 140.59222745, 40.43563375 ], [ 140.591751890000012, 40.43571347 ], [ 140.59167384, 40.43572553 ], [ 140.59166667, 40.43572664 ], [ 140.59133467, 40.43577792 ], [ 140.59073272, 40.43588403 ], [ 140.59026272, 40.43599264 ], [ 140.58982189, 40.43608764 ], [ 140.58973051000001, 40.43611292 ], [ 140.589767170000016, 40.43623569 ], [ 140.58983717000001, 40.43632708 ], [ 140.590013840000012, 40.43646987 ], [ 140.59019633, 40.4366532 ], [ 140.59059772, 40.43697264 ], [ 140.590876620000017, 40.43720208 ], [ 140.591239950000016, 40.43750153 ], [ 140.59153633, 40.43781431 ], [ 140.59166667, 40.43791775 ], [ 140.59167384, 40.43792341 ], [ 140.591894110000027, 40.4380982 ], [ 140.59207523, 40.43821153 ], [ 140.592175770000011, 40.43831736 ], [ 140.592456060000018, 40.43851208 ], [ 140.59268659, 40.43865264 ], [ 140.59302964, 40.43887625 ], [ 140.59323992000003, 40.43901292 ], [ 140.593350750000013, 40.43910764 ], [ 140.59345464, 40.43921125 ], [ 140.593604920000018, 40.43934347 ], [ 140.59374075, 40.43942931 ], [ 140.593886590000011, 40.43948736 ], [ 140.59424297000001, 40.43963292 ], [ 140.59448519, 40.43970708 ], [ 140.594517420000017, 40.43973513 ], [ 140.59466326, 40.43981736 ], [ 140.59506464, 40.43998403 ], [ 140.595469080000015, 40.44009736 ], [ 140.59591852, 40.4402082 ], [ 140.596480750000012, 40.44031931 ], [ 140.597023800000017, 40.44044459 ], [ 140.597410470000028, 40.44050875 ], [ 140.59745713, 40.4405268 ], [ 140.59746881, 40.44055014 ], [ 140.597505470000016, 40.44064708 ], [ 140.597683530000012, 40.44096347 ], [ 140.59785881, 40.44123708 ], [ 140.598019360000023, 40.4413918 ], [ 140.59808798, 40.4414768 ], [ 140.598089360000017, 40.44147875 ], [ 140.59826464, 40.4416482 ], [ 140.59827837, 40.44166125 ], [ 140.59828406, 40.44166667 ], [ 140.598476300000016, 40.44184959 ], [ 140.598563800000022, 40.44193431 ], [ 140.598614920000017, 40.44203014 ], [ 140.59885742000003, 40.44231514 ], [ 140.59915214, 40.44265041 ], [ 140.59930655, 40.44296736 ], [ 140.59935044, 40.4430818 ], [ 140.599372390000013, 40.44316875 ], [ 140.599375160000022, 40.44329597 ], [ 140.599340170000033, 40.4434582 ], [ 140.599297950000022, 40.44360764 ], [ 140.59928044, 40.44388041 ], [ 140.59930073000001, 40.4439618 ], [ 140.599362110000015, 40.44407569 ], [ 140.599446840000013, 40.44421347 ], [ 140.599571, 40.44438069 ], [ 140.599743220000022, 40.44456986 ], [ 140.599969610000016, 40.44482569 ], [ 140.6, 40.44486292 ], [ 140.60000711, 40.44487164 ], [ 140.600191280000018, 40.44509736 ], [ 140.600311, 40.44527292 ], [ 140.600336810000016, 40.44532203 ], [ 140.60037377, 40.44539236 ], [ 140.600387110000014, 40.44543931 ], [ 140.600461560000014, 40.44565264 ], [ 140.600490730000018, 40.44576625 ], [ 140.600528780000019, 40.44608264 ], [ 140.600578220000017, 40.44637875 ], [ 140.600621830000023, 40.44674069 ], [ 140.60068597, 40.44703347 ], [ 140.600740140000028, 40.4474132 ], [ 140.6008582, 40.44777513 ], [ 140.601008760000013, 40.44816125 ], [ 140.601085970000014, 40.44839959 ], [ 140.601099300000016, 40.44849987 ], [ 140.601085970000014, 40.44857013 ], [ 140.601045140000025, 40.44861875 ], [ 140.600909300000012, 40.44864875 ], [ 140.60075903, 40.44866764 ], [ 140.60019986, 40.44875431 ], [ 140.600007080000012, 40.44882822 ], [ 140.6, 40.44883095 ], [ 140.59992236, 40.44886069 ], [ 140.59971403000003, 40.44900069 ], [ 140.59968014, 40.44903903 ], [ 140.599648200000019, 40.44907541 ], [ 140.59948319, 40.44921764 ], [ 140.59936514, 40.44940847 ], [ 140.59920876000001, 40.44969459 ], [ 140.599184030000032, 40.4497782 ], [ 140.5991593, 40.44990569 ], [ 140.59918847, 40.44994153 ], [ 140.59922205, 40.44999459 ], [ 140.599225470000022, 40.45 ], [ 140.599254030000026, 40.45004514 ], [ 140.599334030000023, 40.45014236 ], [ 140.59952542, 40.45028347 ], [ 140.599647910000016, 40.45036347 ], [ 140.599789580000021, 40.45044764 ], [ 140.59999847, 40.45054903 ], [ 140.6, 40.45055008 ], [ 140.600007080000012, 40.45055489 ], [ 140.600322330000012, 40.45076931 ], [ 140.60042761, 40.45085486 ], [ 140.60056484, 40.45099653 ], [ 140.600696230000011, 40.45115375 ], [ 140.600881500000014, 40.45142987 ], [ 140.600934280000018, 40.45153903 ], [ 140.601072890000012, 40.45183625 ], [ 140.60117956000002, 40.45224513 ], [ 140.60125095, 40.45257931 ], [ 140.60126234, 40.45286875 ], [ 140.601208440000022, 40.45320903 ], [ 140.601130950000027, 40.45357987 ], [ 140.601057890000021, 40.45397653 ], [ 140.600933990000016, 40.45435847 ], [ 140.60078925000002, 40.45477069 ], [ 140.60067258, 40.45495625 ], [ 140.600592310000025, 40.45505013 ], [ 140.6004962, 40.45517041 ], [ 140.600412870000014, 40.45528347 ], [ 140.600397030000011, 40.4553482 ], [ 140.600402870000011, 40.455491 ], [ 140.600444810000027, 40.45575239 ], [ 140.600500360000012, 40.45604767 ], [ 140.60047703, 40.45628572 ], [ 140.600447590000016, 40.456396 ], [ 140.600371750000022, 40.45659072 ], [ 140.600282870000029, 40.45675128 ], [ 140.600142580000011, 40.45699961 ], [ 140.60005759, 40.45710822 ], [ 140.60000703, 40.45717311 ], [ 140.6, 40.45718211 ], [ 140.599925360000015, 40.45727795 ], [ 140.599839250000031, 40.45752711 ], [ 140.599835910000024, 40.45767184 ], [ 140.599841750000024, 40.45793572 ], [ 140.599853380000013, 40.45816267 ], [ 140.59984492000001, 40.45832795 ], [ 140.599844640000015, 40.45833333 ], [ 140.599834500000014, 40.45853128 ], [ 140.59980672, 40.45869572 ], [ 140.59972783, 40.45885517 ], [ 140.59961117, 40.45904656 ], [ 140.599500050000017, 40.45920544 ], [ 140.599378950000016, 40.45941239 ], [ 140.59926839000002, 40.45958933 ], [ 140.599233380000015, 40.45968405 ], [ 140.59921423000003, 40.45977989 ], [ 140.599215620000024, 40.45995989 ], [ 140.59925339, 40.46008239 ], [ 140.59932061, 40.46020628 ], [ 140.599406720000019, 40.46037517 ], [ 140.599513380000019, 40.46054044 ], [ 140.599587830000019, 40.46068267 ], [ 140.59960394, 40.46076739 ], [ 140.599589220000013, 40.46084878 ], [ 140.599543940000018, 40.46095239 ], [ 140.59937756, 40.46126656 ], [ 140.59929589, 40.46145989 ], [ 140.599279780000018, 40.46159156 ], [ 140.59927086, 40.461711 ], [ 140.599227250000013, 40.46207628 ], [ 140.59920947, 40.46242267 ], [ 140.599218370000017, 40.46265377 ], [ 140.59923586, 40.46273295 ], [ 140.59927392000003, 40.46280211 ], [ 140.59931031, 40.46286239 ], [ 140.599396420000033, 40.46304572 ], [ 140.599433090000019, 40.46315072 ], [ 140.599443090000022, 40.46325656 ], [ 140.599415580000027, 40.46346795 ], [ 140.59938781, 40.463811 ], [ 140.59938781, 40.4639085 ], [ 140.599402240000018, 40.46404572 ], [ 140.59946808, 40.46423489 ], [ 140.599545300000017, 40.46441656 ], [ 140.59965503, 40.46467489 ], [ 140.599711970000016, 40.46495211 ], [ 140.59970586, 40.46513044 ], [ 140.59973944, 40.46557877 ], [ 140.599768880000028, 40.46572128 ], [ 140.599768880000028, 40.46578517 ], [ 140.599768880000028, 40.46593267 ], [ 140.599792220000012, 40.46597405 ], [ 140.599851950000016, 40.46602989 ], [ 140.59992917, 40.46610351 ], [ 140.59997278000003, 40.46617656 ], [ 140.6, 40.46626286 ], [ 140.60000195, 40.46626905 ], [ 140.6, 40.46630495 ], [ 140.59999611, 40.46637628 ], [ 140.59994361, 40.46647377 ], [ 140.59986472, 40.46659322 ], [ 140.599827420000025, 40.46666128 ], [ 140.599824470000016, 40.46666667 ], [ 140.5997275, 40.46684351 ], [ 140.599588880000027, 40.46707711 ], [ 140.59948083, 40.467371 ], [ 140.599397780000032, 40.46760377 ], [ 140.599331950000021, 40.46771739 ], [ 140.5991975, 40.46795323 ], [ 140.59917861, 40.46804156 ], [ 140.59915973, 40.46825489 ], [ 140.59914222, 40.46834851 ], [ 140.59911306, 40.46841103 ], [ 140.599060270000024, 40.46848908 ], [ 140.59897584, 40.46859769 ], [ 140.59891611, 40.46863464 ], [ 140.59874389, 40.4687238 ], [ 140.59834222, 40.46900103 ], [ 140.598151090000016, 40.46915325 ], [ 140.597883860000024, 40.46937353 ], [ 140.59779914, 40.46940603 ], [ 140.59772025, 40.4694238 ], [ 140.597644420000023, 40.46943714 ], [ 140.597536350000013, 40.46945714 ], [ 140.597473580000013, 40.46948186 ], [ 140.597466350000019, 40.46954408 ], [ 140.597470800000025, 40.46962908 ], [ 140.597523310000014, 40.46995408 ], [ 140.59760219, 40.47025241 ], [ 140.597692750000022, 40.47061187 ], [ 140.597824140000029, 40.47087797 ], [ 140.59797859, 40.47115075 ], [ 140.598057470000015, 40.47132853 ], [ 140.59806914, 40.47138769 ], [ 140.59804997, 40.47155159 ], [ 140.59798136, 40.47173187 ], [ 140.597896640000016, 40.47190908 ], [ 140.597855810000027, 40.47211492 ], [ 140.59786331, 40.47226103 ], [ 140.59789969000002, 40.47243103 ], [ 140.59799608, 40.47263297 ], [ 140.59808078, 40.47281103 ], [ 140.59814355, 40.47294241 ], [ 140.59816942, 40.47299792 ], [ 140.59827051000002, 40.47321492 ], [ 140.59833022, 40.47327297 ], [ 140.59854633, 40.47347436 ], [ 140.598600510000011, 40.4735602 ], [ 140.59862438, 40.47366408 ], [ 140.598632440000017, 40.47369908 ], [ 140.59858577, 40.47377714 ], [ 140.598523, 40.47385297 ], [ 140.59850689000001, 40.47390547 ], [ 140.59851272, 40.47401241 ], [ 140.59852883, 40.47436659 ], [ 140.5985655, 40.47466047 ], [ 140.598605420000013, 40.47499464 ], [ 140.59860606, 40.475 ], [ 140.59860633, 40.47500241 ], [ 140.598635500000029, 40.47537103 ], [ 140.59863689, 40.47560687 ], [ 140.59862078, 40.47573075 ], [ 140.598588560000024, 40.47590408 ], [ 140.598496610000012, 40.47606464 ], [ 140.598368280000017, 40.47626464 ], [ 140.59823995, 40.47638297 ], [ 140.59805577, 40.47650408 ], [ 140.59781798, 40.47660214 ], [ 140.59745297, 40.47671436 ], [ 140.59727326, 40.47675325 ], [ 140.596943260000018, 40.47682964 ], [ 140.596750750000012, 40.47686992 ], [ 140.596644090000012, 40.47688936 ], [ 140.596623170000015, 40.47689892 ], [ 140.59656075, 40.47692741 ], [ 140.59651713, 40.47698408 ], [ 140.596480470000017, 40.47706241 ], [ 140.596460190000016, 40.47719047 ], [ 140.596425190000019, 40.47736631 ], [ 140.59638131, 40.47751575 ], [ 140.59629798, 40.47772241 ], [ 140.59616519, 40.47790631 ], [ 140.596087690000019, 40.47798825 ], [ 140.596009080000016, 40.47802631 ], [ 140.59587464, 40.47807436 ], [ 140.59573881, 40.47809439 ], [ 140.595556300000027, 40.47809661 ], [ 140.595279080000012, 40.47808105 ], [ 140.59507464, 40.47805578 ], [ 140.59478103, 40.47799661 ], [ 140.594314090000012, 40.47791244 ], [ 140.594134640000021, 40.47786523 ], [ 140.594000200000011, 40.47782939 ], [ 140.593909920000016, 40.47782161 ], [ 140.59348798000002, 40.47782772 ], [ 140.59329519, 40.47784661 ], [ 140.593098110000028, 40.47786464 ], [ 140.59287326, 40.47788522 ], [ 140.592511020000018, 40.47799384 ], [ 140.592286300000012, 40.47811217 ], [ 140.592207420000022, 40.47820689 ], [ 140.592019920000013, 40.4783805 ], [ 140.591947690000012, 40.47844744 ], [ 140.59181769, 40.47861133 ], [ 140.591743260000015, 40.47880051 ], [ 140.591731580000015, 40.47889523 ], [ 140.59173297000001, 40.47903884 ], [ 140.59174769, 40.47931828 ], [ 140.59177377, 40.47965217 ], [ 140.59177961, 40.47995077 ], [ 140.591769340000013, 40.480013 ], [ 140.591694890000014, 40.480248 ], [ 140.591673500000013, 40.48028064 ], [ 140.59166667, 40.48029108 ], [ 140.59161462, 40.48037051 ], [ 140.59142628, 40.48062995 ], [ 140.59107462, 40.48090939 ], [ 140.59067017000001, 40.48121856 ], [ 140.59030961, 40.48149356 ], [ 140.58989073, 40.48181078 ], [ 140.589515450000022, 40.48213828 ], [ 140.589140440000023, 40.48246217 ], [ 140.589024890000019, 40.48250633 ], [ 140.58894905, 40.48253411 ], [ 140.588832390000022, 40.48258553 ], [ 140.58858564, 40.48266203 ], [ 140.58840597, 40.48271775 ], [ 140.58814458, 40.48276497 ], [ 140.58792847, 40.48281164 ], [ 140.58747458000002, 40.48291275 ], [ 140.587039300000015, 40.48300914 ], [ 140.586471530000011, 40.48309997 ], [ 140.586282090000026, 40.48315303 ], [ 140.58615791, 40.4832122 ], [ 140.586058470000012, 40.48328469 ], [ 140.586011750000011, 40.48332803 ], [ 140.586006030000021, 40.48333333 ], [ 140.58593597, 40.48339831 ], [ 140.58560737000002, 40.4837358 ], [ 140.585404580000016, 40.48391941 ], [ 140.58522652000002, 40.48401636 ], [ 140.584836250000023, 40.48418997 ], [ 140.58473737, 40.48423414 ], [ 140.584527080000015, 40.48437859 ], [ 140.58443791, 40.48446886 ], [ 140.584065690000017, 40.4847672 ], [ 140.58365097, 40.48501664 ], [ 140.58341153, 40.48517775 ], [ 140.58342042000001, 40.48525469 ], [ 140.583464310000011, 40.48540969 ], [ 140.583527060000023, 40.48554859 ], [ 140.58364511000002, 40.48569136 ], [ 140.583919830000013, 40.48596164 ], [ 140.58421178, 40.4861808 ], [ 140.584496500000029, 40.48642775 ], [ 140.584725670000012, 40.4866872 ], [ 140.58485983, 40.48680247 ], [ 140.584992890000024, 40.48686386 ], [ 140.585269830000016, 40.48694303 ], [ 140.58565538000002, 40.48712553 ], [ 140.58580706, 40.48716831 ], [ 140.585941500000018, 40.48718859 ], [ 140.58618678, 40.48720859 ], [ 140.586544550000013, 40.48724497 ], [ 140.58676650000001, 40.48725387 ], [ 140.587138720000013, 40.48726441 ], [ 140.587255380000016, 40.48727441 ], [ 140.587353160000021, 40.48729441 ], [ 140.58758538, 40.4873358 ], [ 140.587983720000011, 40.4874522 ], [ 140.58826122, 40.48752692 ], [ 140.58862317, 40.48759775 ], [ 140.58883205, 40.48766859 ], [ 140.588945940000031, 40.48771553 ], [ 140.58917789000003, 40.48789692 ], [ 140.589474280000019, 40.48816608 ], [ 140.589811500000025, 40.48842887 ], [ 140.590205670000017, 40.48869941 ], [ 140.59050484, 40.48891303 ], [ 140.59069012, 40.48905136 ], [ 140.590917890000014, 40.48922136 ], [ 140.591099, 40.48939692 ], [ 140.59123484, 40.48950747 ], [ 140.591496230000018, 40.48978025 ], [ 140.59166667, 40.48994675 ], [ 140.59167345000003, 40.48995336 ], [ 140.59181872000002, 40.49009525 ], [ 140.59206844000002, 40.49040025 ], [ 140.592155940000026, 40.49052025 ], [ 140.59218372, 40.49061053 ], [ 140.592190950000031, 40.49082553 ], [ 140.592225910000025, 40.49102803 ], [ 140.592257860000018, 40.49114525 ], [ 140.5923673, 40.49147692 ], [ 140.59244272, 40.49166136 ], [ 140.592444890000024, 40.49166667 ], [ 140.592528140000013, 40.49187025 ], [ 140.59263008, 40.49214831 ], [ 140.592649250000022, 40.4922322 ], [ 140.59271202, 40.49251497 ], [ 140.59284467, 40.49289669 ], [ 140.592960080000012, 40.49322969 ], [ 140.593063700000016, 40.4934808 ], [ 140.593119250000029, 40.49357747 ], [ 140.59317341000002, 40.49365553 ], [ 140.593237300000027, 40.49373525 ], [ 140.593261480000024, 40.49375359 ], [ 140.593373140000011, 40.49383803 ], [ 140.59352314, 40.49389136 ], [ 140.593748980000015, 40.49391553 ], [ 140.594010360000027, 40.49394164 ], [ 140.594311750000031, 40.49393664 ], [ 140.59448341, 40.49391969 ], [ 140.59462898000001, 40.49387692 ], [ 140.594854810000015, 40.49378692 ], [ 140.59506202, 40.49369969 ], [ 140.59527786000001, 40.49362969 ], [ 140.595626470000013, 40.49354608 ], [ 140.595820920000023, 40.49348831 ], [ 140.596092310000017, 40.49346331 ], [ 140.596292580000011, 40.49343331 ], [ 140.596641190000014, 40.49341247 ], [ 140.59706703, 40.49339775 ], [ 140.59728536, 40.49340275 ], [ 140.59744314, 40.49339622 ], [ 140.59760842, 40.49338939 ], [ 140.59768397000002, 40.49338217 ], [ 140.59786148, 40.4933655 ], [ 140.598275910000012, 40.49330911 ], [ 140.598761750000023, 40.49321384 ], [ 140.59924759, 40.493113 ], [ 140.59939202000001, 40.49308633 ], [ 140.5994862, 40.49305884 ], [ 140.59958341, 40.49296605 ], [ 140.599752020000011, 40.49284605 ], [ 140.59987647, 40.49268022 ], [ 140.59996647, 40.49255884 ], [ 140.6, 40.49251486 ], [ 140.600006740000026, 40.492506 ], [ 140.600085080000014, 40.49240328 ], [ 140.60025231000003, 40.49223577 ], [ 140.60040064, 40.4921255 ], [ 140.60053205, 40.49202328 ], [ 140.600647890000033, 40.49194244 ], [ 140.60081789000003, 40.49184661 ], [ 140.60114694, 40.49166667 ], [ 140.60115669000001, 40.49166133 ], [ 140.6011765, 40.49165051 ], [ 140.601349560000017, 40.49156856 ], [ 140.60154538, 40.49140967 ], [ 140.601705380000027, 40.49123217 ], [ 140.601975380000027, 40.49094328 ], [ 140.602288440000024, 40.49059133 ], [ 140.602491220000019, 40.49043356 ], [ 140.602634280000018, 40.49032328 ], [ 140.602810120000015, 40.49025495 ], [ 140.602904280000018, 40.49021884 ], [ 140.603010120000022, 40.49021244 ], [ 140.603121500000015, 40.49021133 ], [ 140.603321500000021, 40.49025161 ], [ 140.60350872, 40.49032217 ], [ 140.60363178, 40.49034605 ], [ 140.60375012, 40.49036133 ], [ 140.60398594000003, 40.49037022 ], [ 140.60409733, 40.490358 ], [ 140.604400390000023, 40.4903205 ], [ 140.60452594000003, 40.49028995 ], [ 140.604949, 40.490168 ], [ 140.60522205, 40.49008133 ], [ 140.605313450000011, 40.49002605 ], [ 140.605503450000015, 40.4898588 ], [ 140.605622050000022, 40.48967047 ], [ 140.60568372, 40.48951769 ], [ 140.60589234, 40.48918631 ], [ 140.606009590000014, 40.48893686 ], [ 140.60602375000002, 40.48881659 ], [ 140.606024580000025, 40.48874408 ], [ 140.606026520000029, 40.48853353 ], [ 140.605929590000017, 40.48817047 ], [ 140.60577791, 40.48783464 ], [ 140.605683750000026, 40.48760187 ], [ 140.60553348, 40.48721159 ], [ 140.605400700000018, 40.48690186 ], [ 140.605208200000021, 40.48653686 ], [ 140.60514791, 40.48627103 ], [ 140.605135140000016, 40.4859888 ], [ 140.60518375, 40.48566492 ], [ 140.60527958000003, 40.48534131 ], [ 140.605361, 40.48508853 ], [ 140.605371, 40.48495547 ], [ 140.60543239, 40.48464936 ], [ 140.605519610000016, 40.48428741 ], [ 140.60567545, 40.48397131 ], [ 140.605832670000012, 40.48367714 ], [ 140.60584545, 40.48360936 ], [ 140.60584961, 40.48348325 ], [ 140.60581672, 40.48333333 ], [ 140.605815550000017, 40.48332797 ], [ 140.60579406, 40.48322992 ], [ 140.605751, 40.48306464 ], [ 140.605746830000015, 40.48292047 ], [ 140.60582545, 40.48259492 ], [ 140.60598128, 40.4822438 ], [ 140.606155450000017, 40.48191131 ], [ 140.60631711, 40.48177103 ], [ 140.60643711, 40.48162687 ], [ 140.606720200000012, 40.48131741 ], [ 140.606854360000028, 40.48119464 ], [ 140.60695297, 40.48100131 ], [ 140.607052970000012, 40.48082603 ], [ 140.607092970000025, 40.48065825 ], [ 140.607131580000015, 40.48047103 ], [ 140.607102970000028, 40.48027131 ], [ 140.607092970000025, 40.4802352 ], [ 140.607072970000019, 40.48016241 ], [ 140.60705575, 40.48006741 ], [ 140.607044360000032, 40.4800052 ], [ 140.60703881, 40.47991741 ], [ 140.607062970000015, 40.4798638 ], [ 140.60719742, 40.47973825 ], [ 140.60756713, 40.47947047 ], [ 140.607916030000013, 40.47920241 ], [ 140.60818881, 40.47894739 ], [ 140.60827326, 40.47890267 ], [ 140.608333330000022, 40.47888728 ], [ 140.608340200000015, 40.4788855 ], [ 140.60836742, 40.4788785 ], [ 140.60888214000002, 40.47882572 ], [ 140.609416590000023, 40.47878933 ], [ 140.609951020000011, 40.47872877 ], [ 140.61027103, 40.47872711 ], [ 140.610493800000029, 40.47876323 ], [ 140.61070380000001, 40.47878044 ], [ 140.610999640000017, 40.47879961 ], [ 140.611145470000025, 40.47883017 ], [ 140.61138686000001, 40.47892295 ], [ 140.61191713, 40.4790785 ], [ 140.61236713, 40.47927351 ], [ 140.612450200000012, 40.47932656 ], [ 140.61286575, 40.47952295 ], [ 140.61312713, 40.479731 ], [ 140.613265750000011, 40.47983156 ], [ 140.613342970000019, 40.47991767 ], [ 140.61367881000001, 40.48023017 ], [ 140.613826030000013, 40.48035961 ], [ 140.613943260000013, 40.48055711 ], [ 140.614077690000016, 40.48072489 ], [ 140.61411464, 40.48080461 ], [ 140.61412464, 40.48093544 ], [ 140.61410908000002, 40.48115211 ], [ 140.61410908000002, 40.48128544 ], [ 140.614140470000024, 40.481561 ], [ 140.614203260000011, 40.48184017 ], [ 140.614247690000013, 40.48211351 ], [ 140.614259080000011, 40.48233684 ], [ 140.614301830000016, 40.48241656 ], [ 140.614336830000013, 40.48246072 ], [ 140.6143935, 40.48253239 ], [ 140.614443220000027, 40.48262572 ], [ 140.614457390000013, 40.48267267 ], [ 140.61444462, 40.48270544 ], [ 140.614370440000016, 40.48281684 ], [ 140.614326280000029, 40.48285989 ], [ 140.6143135, 40.48292961 ], [ 140.614300950000029, 40.48332795 ], [ 140.61430078, 40.48333333 ], [ 140.61429601, 40.48348461 ], [ 140.614336010000017, 40.48359044 ], [ 140.61439017, 40.48374711 ], [ 140.61446462, 40.48384767 ], [ 140.614550440000016, 40.48393267 ], [ 140.61474601, 40.48404461 ], [ 140.61478462, 40.48406322 ], [ 140.61483322, 40.48417239 ], [ 140.61487628, 40.48423851 ], [ 140.614911830000011, 40.48431377 ], [ 140.614934620000014, 40.48441211 ], [ 140.61497183, 40.484481 ], [ 140.615023220000012, 40.48454517 ], [ 140.615154890000014, 40.48462877 ], [ 140.61527211, 40.48469323 ], [ 140.615340730000014, 40.48473156 ], [ 140.615662110000017, 40.48485961 ], [ 140.61597655, 40.48502295 ], [ 140.61605377, 40.48509128 ], [ 140.616132390000018, 40.48514684 ], [ 140.616181830000016, 40.48517405 ], [ 140.616264890000025, 40.48521989 ], [ 140.61640073, 40.48531017 ], [ 140.6164435, 40.48535377 ], [ 140.61647489, 40.48541433 ], [ 140.61650795, 40.48552128 ], [ 140.61649073000001, 40.48564461 ], [ 140.616410730000013, 40.48577184 ], [ 140.61627489, 40.48594489 ], [ 140.616206280000029, 40.48605684 ], [ 140.616159340000024, 40.48618128 ], [ 140.61610905, 40.48634239 ], [ 140.6160935, 40.48651017 ], [ 140.616130700000014, 40.48666489 ], [ 140.616197640000024, 40.48689628 ], [ 140.616266250000024, 40.48709989 ], [ 140.61633791, 40.48737989 ], [ 140.61638348, 40.48769377 ], [ 140.61638348, 40.48780795 ], [ 140.6164507, 40.48798795 ], [ 140.61649581, 40.48818323 ], [ 140.616520700000024, 40.488291 ], [ 140.6165593, 40.48861461 ], [ 140.616652090000031, 40.48886517 ], [ 140.61666667, 40.48891828 ], [ 140.61667348, 40.48894303 ], [ 140.616752360000021, 40.48923017 ], [ 140.61680791, 40.48938044 ], [ 140.6168393, 40.48953544 ], [ 140.616866520000031, 40.48984044 ], [ 140.61686791, 40.48994489 ], [ 140.61691097, 40.49007686 ], [ 140.616963750000025, 40.49024936 ], [ 140.617051530000026, 40.49044269 ], [ 140.617055140000019, 40.49045075 ], [ 140.61716791, 40.49067741 ], [ 140.61721927, 40.49083741 ], [ 140.617253450000021, 40.49101964 ], [ 140.617323450000015, 40.49132936 ], [ 140.617367890000025, 40.49143353 ], [ 140.61746095, 40.49151714 ], [ 140.61747372, 40.49152853 ], [ 140.61760927, 40.4915852 ], [ 140.617769560000028, 40.49163103 ], [ 140.617950950000022, 40.49165631 ], [ 140.61802531, 40.49166131 ], [ 140.61810519, 40.49166667 ], [ 140.618289560000022, 40.49167905 ], [ 140.618369560000019, 40.49168739 ], [ 140.618445940000015, 40.49170072 ], [ 140.61855817, 40.49172017 ], [ 140.618666500000018, 40.49175461 ], [ 140.618712610000017, 40.49176933 ], [ 140.618820390000025, 40.49181072 ], [ 140.618948440000025, 40.49186017 ], [ 140.619051220000017, 40.49189961 ], [ 140.619167060000024, 40.491986 ], [ 140.61927817, 40.49213711 ], [ 140.619401220000015, 40.49230905 ], [ 140.619448440000014, 40.49242877 ], [ 140.61944678, 40.49254322 ], [ 140.61942983, 40.49271295 ], [ 140.61944983, 40.49294544 ], [ 140.619491220000015, 40.49323184 ], [ 140.619503990000027, 40.49354377 ], [ 140.619481220000011, 40.4937802 ], [ 140.619503990000027, 40.49409187 ], [ 140.619524, 40.4944088 ], [ 140.61951122, 40.49480159 ], [ 140.619513720000015, 40.49493325 ], [ 140.619515380000024, 40.49503241 ], [ 140.619568440000023, 40.49511214 ], [ 140.619618440000011, 40.49516769 ], [ 140.619739800000019, 40.49530103 ], [ 140.619942870000017, 40.49556992 ], [ 140.62005148, 40.49575936 ], [ 140.620174250000019, 40.49589131 ], [ 140.620344250000016, 40.49618353 ], [ 140.620427300000017, 40.49637269 ], [ 140.62045842, 40.49644492 ], [ 140.620507300000014, 40.49655853 ], [ 140.62066981000001, 40.49694659 ], [ 140.620805640000015, 40.49727464 ], [ 140.621007030000015, 40.49763214 ], [ 140.62111092, 40.49779686 ], [ 140.621192870000016, 40.49792659 ], [ 140.62125008000001, 40.49798047 ], [ 140.621328690000013, 40.49802631 ], [ 140.621395910000018, 40.49805908 ], [ 140.62150481, 40.49811714 ], [ 140.621847300000013, 40.49819547 ], [ 140.62233591, 40.49830713 ], [ 140.62296258, 40.49853656 ], [ 140.62324258000001, 40.49866933 ], [ 140.623571750000025, 40.49882517 ], [ 140.623786200000012, 40.49891044 ], [ 140.62388119000002, 40.4989335 ], [ 140.62394925000001, 40.49894989 ], [ 140.62397175000001, 40.49893711 ], [ 140.62407815, 40.49887767 ], [ 140.624134530000021, 40.498776 ], [ 140.624138140000014, 40.498681 ], [ 140.62417258, 40.49835295 ], [ 140.624253970000012, 40.49787767 ], [ 140.62428842, 40.49756295 ], [ 140.624417030000018, 40.49720877 ], [ 140.62445148, 40.49681572 ], [ 140.624494250000026, 40.49643517 ], [ 140.624554530000012, 40.49631072 ], [ 140.625, 40.49587956 ], [ 140.625005110000018, 40.49587461 ], [ 140.62500678, 40.49587341 ], [ 140.62518538, 40.49574351 ], [ 140.625417060000018, 40.49564517 ], [ 140.625863450000026, 40.49560572 ], [ 140.626387060000013, 40.49561877 ], [ 140.626713170000016, 40.49562544 ], [ 140.62696205, 40.49554044 ], [ 140.627228170000024, 40.49544211 ], [ 140.627468170000014, 40.49545517 ], [ 140.627983160000014, 40.49550767 ], [ 140.628206230000018, 40.49551433 ], [ 140.62858817, 40.49537989 ], [ 140.62884567, 40.49528156 ], [ 140.629266230000013, 40.49499961 ], [ 140.63042066, 40.49432767 ], [ 140.63065261, 40.49426878 ], [ 140.630832890000022, 40.49426878 ], [ 140.63109012000001, 40.49436044 ], [ 140.63137122, 40.49449739 ], [ 140.631635110000019, 40.494626 ], [ 140.632252890000018, 40.49490156 ], [ 140.632767890000025, 40.49499323 ], [ 140.633248720000012, 40.49498656 ], [ 140.633333330000028, 40.49495864 ], [ 140.633340120000014, 40.49495641 ], [ 140.63362623, 40.49486211 ], [ 140.633973990000015, 40.49457013 ], [ 140.634171220000013, 40.49440625 ], [ 140.63425706000001, 40.49436041 ], [ 140.634677329999988, 40.49451987 ], [ 140.635570120000011, 40.49485875 ], [ 140.635854280000018, 40.49496736 ], [ 140.635896230000014, 40.49498347 ], [ 140.63615372000001, 40.49501625 ], [ 140.636248170000016, 40.4949768 ], [ 140.636552890000019, 40.49455375 ], [ 140.636750390000032, 40.49437013 ], [ 140.636973450000028, 40.49426569 ], [ 140.637290950000022, 40.49420013 ], [ 140.63781455, 40.49423292 ], [ 140.63816623, 40.49429847 ], [ 140.638578170000017, 40.49435097 ], [ 140.63919205000002, 40.49432125 ], [ 140.639603990000012, 40.49422292 ], [ 140.6401318, 40.49408208 ], [ 140.640509580000014, 40.49402292 ], [ 140.64082708, 40.49402959 ], [ 140.64123042, 40.4941018 ], [ 140.64130764, 40.49414014 ], [ 140.64157348, 40.49427208 ], [ 140.64166667, 40.4942932 ], [ 140.64167348, 40.49429472 ], [ 140.641805380000022, 40.49432459 ], [ 140.64214014, 40.49424597 ], [ 140.643032630000022, 40.49395764 ], [ 140.643264580000022, 40.49385931 ], [ 140.643650700000023, 40.49352486 ], [ 140.643908200000027, 40.49334125 ], [ 140.64420014, 40.49331514 ], [ 140.64451764, 40.49338069 ], [ 140.64466348, 40.4935118 ], [ 140.645419300000015, 40.49391708 ], [ 140.64555597, 40.49399041 ], [ 140.646092360000011, 40.49419041 ], [ 140.64645569000001, 40.49423014 ], [ 140.64651292, 40.49423653 ], [ 140.64699348, 40.49415764 ], [ 140.647637370000012, 40.49398708 ], [ 140.648414030000026, 40.49385292 ], [ 140.64868014000001, 40.49387236 ], [ 140.649023480000011, 40.49397069 ], [ 140.64951263, 40.49416764 ], [ 140.649898760000013, 40.49427236 ], [ 140.65, 40.49432072 ], [ 140.65000681, 40.49432397 ], [ 140.65003597, 40.49433792 ], [ 140.650096250000018, 40.49448875 ], [ 140.650096250000018, 40.49473153 ], [ 140.650130420000011, 40.49491513 ], [ 140.65028486, 40.49508569 ], [ 140.650465140000023, 40.49519041 ], [ 140.650660140000014, 40.49528041 ], [ 140.650920140000011, 40.49540041 ], [ 140.651109030000015, 40.49549208 ], [ 140.651456520000011, 40.49555431 ], [ 140.651731250000012, 40.49555431 ], [ 140.652040140000025, 40.49550847 ], [ 140.652194580000014, 40.49550847 ], [ 140.65241791, 40.49566597 ], [ 140.652683990000014, 40.49584959 ], [ 140.652950120000014, 40.49599375 ], [ 140.65330205, 40.49607236 ], [ 140.653696780000018, 40.49615764 ], [ 140.65402733, 40.49627236 ], [ 140.654276230000022, 40.49642987 ], [ 140.654670950000025, 40.49683625 ], [ 140.654877060000018, 40.4970068 ], [ 140.65518567, 40.49724264 ], [ 140.655619, 40.49748208 ], [ 140.655970950000011, 40.49756736 ], [ 140.656280120000019, 40.49767875 ], [ 140.65646039, 40.4977968 ], [ 140.656589, 40.49803931 ], [ 140.65670484, 40.49825903 ], [ 140.65682511, 40.49837041 ], [ 140.657108170000015, 40.49844264 ], [ 140.65717577, 40.49845556 ], [ 140.65738289, 40.49849513 ], [ 140.65810817000002, 40.4987018 ], [ 140.65833333, 40.49879475 ], [ 140.65834012000002, 40.49879756 ], [ 140.658743450000031, 40.49896403 ], [ 140.659619, 40.4992918 ], [ 140.6599065, 40.49949847 ], [ 140.659921500000024, 40.49952069 ], [ 140.66008678, 40.49976736 ], [ 140.66021752, 40.49999459 ], [ 140.66022064, 40.5 ], [ 140.66027538000003, 40.50009514 ], [ 140.660464280000014, 40.50037041 ], [ 140.66061012, 40.50060653 ], [ 140.66108205, 40.5006918 ], [ 140.661652890000028, 40.5007082 ], [ 140.662245110000015, 40.50085903 ], [ 140.662742890000033, 40.50107541 ], [ 140.663240660000014, 40.50133764 ], [ 140.663510950000017, 40.5014982 ], [ 140.66419761, 40.50173431 ], [ 140.66491872, 40.50199653 ], [ 140.665322020000019, 40.50219987 ], [ 140.665867030000015, 40.5024718 ], [ 140.66618481, 40.50258347 ], [ 140.66632202, 40.50270097 ], [ 140.66663674000003, 40.50298236 ], [ 140.666666670000012, 40.50301525 ], [ 140.666673410000016, 40.50302269 ], [ 140.666889810000015, 40.50326069 ], [ 140.667478140000014, 40.50366513 ], [ 140.66788953, 40.50388653 ], [ 140.668319530000019, 40.50413931 ], [ 140.668651480000023, 40.50442708 ], [ 140.668974250000019, 40.50479987 ], [ 140.66925591, 40.50516041 ], [ 140.66944564, 40.50532431 ], [ 140.66971786000002, 40.50546903 ], [ 140.67037258000002, 40.50589628 ], [ 140.670911750000016, 40.50641517 ], [ 140.670951480000014, 40.50645351 ], [ 140.67127425000001, 40.50669489 ], [ 140.67172341, 40.50710017 ], [ 140.671881750000011, 40.50725461 ], [ 140.672596740000017, 40.507631 ], [ 140.673112310000022, 40.50776377 ], [ 140.673985640000012, 40.50781684 ], [ 140.67439674000002, 40.50788933 ], [ 140.674769250000026, 40.50808351 ], [ 140.675, 40.50820359 ], [ 140.675006740000015, 40.50820708 ], [ 140.67503564, 40.50822211 ], [ 140.67579175000003, 40.508326 ], [ 140.675793840000011, 40.50832795 ], [ 140.675799610000013, 40.50833333 ], [ 140.676133390000018, 40.50864433 ], [ 140.67634228, 40.508876 ], [ 140.676943380000012, 40.50903544 ], [ 140.677313380000015, 40.50914405 ], [ 140.67777533, 40.50946739 ], [ 140.67811061, 40.50987239 ], [ 140.67827839, 40.51029461 ], [ 140.678548660000018, 40.51047878 ], [ 140.67859562000001, 40.510511 ], [ 140.67869589, 40.51057933 ], [ 140.67892061, 40.51103544 ], [ 140.678893390000013, 40.51117072 ], [ 140.678851720000011, 40.51137905 ], [ 140.678778110000025, 40.51174711 ], [ 140.67866423000001, 40.51196433 ], [ 140.678816160000025, 40.51225353 ], [ 140.67889506, 40.51236353 ], [ 140.67906922, 40.51260603 ], [ 140.679107280000011, 40.51275547 ], [ 140.67900283, 40.51301853 ], [ 140.678701170000011, 40.51312853 ], [ 140.67843339, 40.51322603 ], [ 140.67824339, 40.51335631 ], [ 140.678022, 40.5134288 ], [ 140.67736086, 40.51393769 ], [ 140.67708253, 40.51462269 ], [ 140.67705392000002, 40.51499686 ], [ 140.67727531, 40.51537797 ], [ 140.677271970000021, 40.51623464 ], [ 140.67708678, 40.51657277 ], [ 140.67707253, 40.5165988 ], [ 140.676942890000021, 40.51666131 ], [ 140.676931750000023, 40.51666667 ], [ 140.676762530000019, 40.51674825 ], [ 140.676496980000024, 40.51702325 ], [ 140.67643365, 40.51734186 ], [ 140.67670555, 40.51867825 ], [ 140.6768175, 40.51905992 ], [ 140.676853060000013, 40.51918131 ], [ 140.677015550000021, 40.5197352 ], [ 140.67718973, 40.5203602 ], [ 140.6773225, 40.52082325 ], [ 140.677021950000011, 40.52135159 ], [ 140.67720555, 40.52179075 ], [ 140.676401950000013, 40.52168936 ], [ 140.67588944000002, 40.52161213 ], [ 140.67571222, 40.5216652 ], [ 140.67537056, 40.52168936 ], [ 140.67517805, 40.52173241 ], [ 140.675006670000016, 40.52177056 ], [ 140.675, 40.52177203 ], [ 140.6747, 40.5218388 ], [ 140.67434861000001, 40.52199575 ], [ 140.674161920000017, 40.52218936 ], [ 140.673924700000015, 40.52243492 ], [ 140.67385525, 40.52263241 ], [ 140.673617760000013, 40.52281353 ], [ 140.673029690000021, 40.52348408 ], [ 140.67288109, 40.52381964 ], [ 140.672824140000017, 40.52446631 ], [ 140.67213136, 40.52485295 ], [ 140.67197302, 40.52494131 ], [ 140.671885670000023, 40.52499464 ], [ 140.67187689, 40.525 ], [ 140.6717983, 40.52504797 ], [ 140.671783310000023, 40.52505713 ], [ 140.67153636, 40.52554936 ], [ 140.67117886, 40.52599103 ], [ 140.67067911, 40.52599575 ], [ 140.669856610000011, 40.52586075 ], [ 140.669559100000015, 40.52588464 ], [ 140.668989660000022, 40.52651659 ], [ 140.668853550000023, 40.52677964 ], [ 140.668600510000033, 40.52702575 ], [ 140.66821772, 40.5275688 ], [ 140.667673550000018, 40.52820047 ], [ 140.66744577, 40.52856241 ], [ 140.66667328, 40.52865608 ], [ 140.666666670000012, 40.52865689 ], [ 140.666490510000017, 40.52867825 ], [ 140.66602523, 40.52891241 ], [ 140.66563939, 40.52925492 ], [ 140.665591850000027, 40.52945047 ], [ 140.665281850000014, 40.52991353 ], [ 140.66489575, 40.53005353 ], [ 140.66447409, 40.53011769 ], [ 140.66416852, 40.53016436 ], [ 140.66411575, 40.53018213 ], [ 140.663355470000027, 40.53043714 ], [ 140.662482410000024, 40.53040325 ], [ 140.66222908, 40.53042741 ], [ 140.66130852, 40.53044908 ], [ 140.659967130000013, 40.53055047 ], [ 140.659091030000013, 40.53055269 ], [ 140.65871769, 40.53088544 ], [ 140.658497980000021, 40.53094433 ], [ 140.65833992, 40.53098675 ], [ 140.65833333, 40.53098853 ], [ 140.65824964, 40.531011 ], [ 140.65751881, 40.53160211 ], [ 140.656196300000033, 40.53166017 ], [ 140.655237660000012, 40.53178767 ], [ 140.654896010000016, 40.53176851 ], [ 140.653632940000023, 40.53189517 ], [ 140.653358490000016, 40.53192267 ], [ 140.652868500000011, 40.53193489 ], [ 140.651912940000017, 40.53154405 ], [ 140.65158406, 40.53146684 ], [ 140.650897390000011, 40.53147405 ], [ 140.65038489, 40.53161405 ], [ 140.650131830000021, 40.53158989 ], [ 140.65000655, 40.53162311 ], [ 140.65, 40.53162486 ], [ 140.649695160000022, 40.53170572 ], [ 140.649467390000012, 40.53180711 ], [ 140.648471, 40.53167433 ], [ 140.64831905, 40.53179933 ], [ 140.64821795, 40.53232072 ], [ 140.648328490000011, 40.53278628 ], [ 140.647626550000012, 40.53324489 ], [ 140.64748603000001, 40.53332795 ], [ 140.64747691, 40.53333333 ], [ 140.647034890000015, 40.53359461 ], [ 140.64611739, 40.53362823 ], [ 140.64571569, 40.53378489 ], [ 140.645481530000012, 40.53392989 ], [ 140.64493737, 40.53415656 ], [ 140.644817080000024, 40.53425795 ], [ 140.644817080000024, 40.53439795 ], [ 140.644817080000024, 40.534446 ], [ 140.64513986, 40.53482739 ], [ 140.645579590000011, 40.53506128 ], [ 140.64610486, 40.53545239 ], [ 140.646154580000029, 40.53564044 ], [ 140.646225140000013, 40.53590572 ], [ 140.64593708000001, 40.53620739 ], [ 140.645725420000019, 40.53635684 ], [ 140.64543097, 40.53656433 ], [ 140.645307640000027, 40.53761405 ], [ 140.645127060000021, 40.53882739 ], [ 140.64498484, 40.53946684 ], [ 140.645133450000031, 40.54003877 ], [ 140.64510178, 40.54025572 ], [ 140.645415110000016, 40.54069711 ], [ 140.64514927, 40.54105405 ], [ 140.64470012000001, 40.54113631 ], [ 140.644434280000013, 40.54112187 ], [ 140.64408623, 40.54095769 ], [ 140.643804360000019, 40.540903 ], [ 140.643496500000026, 40.54084325 ], [ 140.643449560000022, 40.54083408 ], [ 140.64333983, 40.54081297 ], [ 140.642862050000019, 40.54068492 ], [ 140.64258983, 40.5405402 ], [ 140.64245066, 40.54039075 ], [ 140.641802050000024, 40.54015659 ], [ 140.641673160000011, 40.5401332 ], [ 140.64166667, 40.540132 ], [ 140.64127095, 40.5400602 ], [ 140.64115066, 40.53966436 ], [ 140.641375380000028, 40.53879325 ], [ 140.641258170000015, 40.53835213 ], [ 140.641024280000011, 40.5378502 ], [ 140.640439, 40.53733131 ], [ 140.639964310000011, 40.53699853 ], [ 140.639311240000012, 40.53691047 ], [ 140.63861983000001, 40.53681741 ], [ 140.638085140000015, 40.53658353 ], [ 140.637515690000015, 40.53626492 ], [ 140.63699681, 40.53619241 ], [ 140.63586125, 40.53618464 ], [ 140.63582847, 40.53618436 ], [ 140.63559236, 40.53618269 ], [ 140.634159300000022, 40.53531159 ], [ 140.633517080000018, 40.53513575 ], [ 140.63333986, 40.53512969 ], [ 140.633333330000028, 40.53512947 ], [ 140.63308681, 40.53512103 ], [ 140.63204625, 40.535413 ], [ 140.63101484, 40.53563967 ], [ 140.630619560000014, 40.53574356 ], [ 140.63068261, 40.53600884 ], [ 140.630920120000013, 40.53646967 ], [ 140.631296500000019, 40.53708967 ], [ 140.63136289000002, 40.53727051 ], [ 140.631546500000013, 40.53758911 ], [ 140.63167927, 40.53805244 ], [ 140.631594, 40.53833467 ], [ 140.63134066, 40.53856633 ], [ 140.630935940000029, 40.53873022 ], [ 140.629983450000026, 40.53895467 ], [ 140.629856780000011, 40.53899856 ], [ 140.62952178, 40.53911411 ], [ 140.62888261, 40.53949495 ], [ 140.628139250000032, 40.54015356 ], [ 140.627791190000011, 40.54047217 ], [ 140.62752842, 40.540518 ], [ 140.62644370000001, 40.53983025 ], [ 140.626000660000017, 40.53947331 ], [ 140.62557372, 40.5391572 ], [ 140.625092890000019, 40.53904136 ], [ 140.625006500000012, 40.53900984 ], [ 140.625, 40.53900744 ], [ 140.624729, 40.53890859 ], [ 140.624267060000022, 40.53866247 ], [ 140.623549270000012, 40.53840441 ], [ 140.62265066, 40.53802803 ], [ 140.62210983, 40.5377022 ], [ 140.62150372, 40.53749275 ], [ 140.62116623, 40.53741831 ], [ 140.62090178, 40.5374122 ], [ 140.620677890000024, 40.53742775 ], [ 140.620324, 40.53748664 ], [ 140.619921510000012, 40.53755497 ], [ 140.61960012, 40.53759831 ], [ 140.619344, 40.53760136 ], [ 140.61920178, 40.53756108 ], [ 140.618945380000014, 40.53739025 ], [ 140.618815110000014, 40.53724441 ], [ 140.618583450000017, 40.53707692 ], [ 140.61843678, 40.53696831 ], [ 140.61842956000001, 40.53696331 ], [ 140.618119560000025, 40.5367572 ], [ 140.617960950000025, 40.53662664 ], [ 140.617895940000011, 40.53654608 ], [ 140.61780844, 40.53638941 ], [ 140.61771066, 40.5362558 ], [ 140.61753594000001, 40.53608525 ], [ 140.61729594000002, 40.53598914 ], [ 140.61720234, 40.53597664 ], [ 140.616921500000018, 40.53598887 ], [ 140.61669372, 40.53599195 ], [ 140.616673170000013, 40.53599387 ], [ 140.61666667, 40.53599444 ], [ 140.616360120000024, 40.53602305 ], [ 140.616181220000016, 40.53597972 ], [ 140.615969830000012, 40.53584 ], [ 140.615835380000021, 40.53565667 ], [ 140.61560789, 40.53551417 ], [ 140.61540872, 40.535505 ], [ 140.615115670000023, 40.53556667 ], [ 140.614932610000011, 40.53561028 ], [ 140.614491220000019, 40.53563361 ], [ 140.61436927, 40.53567084 ], [ 140.614182050000011, 40.53572361 ], [ 140.613995110000019, 40.53586333 ], [ 140.613836500000019, 40.53612389 ], [ 140.613694, 40.536245 ], [ 140.61349872, 40.53636305 ], [ 140.613348170000023, 40.53638778 ], [ 140.61315289, 40.53637223 ], [ 140.61274205, 40.53625751 ], [ 140.61243511, 40.53621251 ], [ 140.612024280000014, 40.53618139 ], [ 140.611897890000023, 40.53617195 ], [ 140.611511510000014, 40.53617528 ], [ 140.611235110000024, 40.53620917 ], [ 140.610914, 40.53626195 ], [ 140.610555940000012, 40.53631805 ], [ 140.610279250000019, 40.53633972 ], [ 140.609990360000012, 40.53631167 ], [ 140.609500360000027, 40.53625111 ], [ 140.60928064, 40.53623892 ], [ 140.609093410000014, 40.53632559 ], [ 140.60900397, 40.5364278 ], [ 140.608898150000016, 40.53655836 ], [ 140.608788420000025, 40.53666392 ], [ 140.60867453, 40.53670113 ], [ 140.608462870000011, 40.53673197 ], [ 140.608339810000018, 40.5367605 ], [ 140.608333330000022, 40.536762 ], [ 140.60832869, 40.53676308 ], [ 140.60801953, 40.53693087 ], [ 140.607562020000017, 40.53714031 ], [ 140.60736258, 40.53718364 ], [ 140.60713064, 40.5372242 ], [ 140.606935360000023, 40.53726447 ], [ 140.606801190000027, 40.53726141 ], [ 140.606500360000013, 40.53714031 ], [ 140.60627258, 40.53703169 ], [ 140.60614647, 40.53696336 ], [ 140.6060937, 40.53699113 ], [ 140.606105910000025, 40.53705031 ], [ 140.60616287000002, 40.53716808 ], [ 140.606183140000013, 40.53722087 ], [ 140.606175080000014, 40.5373978 ], [ 140.606113970000024, 40.53754697 ], [ 140.60591481000003, 40.53777364 ], [ 140.60568287000001, 40.53803697 ], [ 140.605452870000022, 40.53833031 ], [ 140.605265910000014, 40.53851031 ], [ 140.605131750000027, 40.53857864 ], [ 140.60494036, 40.53864392 ], [ 140.604798140000014, 40.53871531 ], [ 140.60462314, 40.53886113 ], [ 140.60434258, 40.53910336 ], [ 140.604155360000021, 40.53927728 ], [ 140.603898970000017, 40.53943561 ], [ 140.60369148, 40.53952867 ], [ 140.603602020000011, 40.53954089 ], [ 140.603382310000029, 40.53956284 ], [ 140.60328314, 40.53955033 ], [ 140.603158690000015, 40.53953478 ], [ 140.602975640000011, 40.53944784 ], [ 140.60281287, 40.53933922 ], [ 140.602605360000013, 40.539212 ], [ 140.602310640000013, 40.539052 ], [ 140.602098970000014, 40.53904284 ], [ 140.60185481000002, 40.53917617 ], [ 140.60179394, 40.53928172 ], [ 140.601602830000019, 40.53948644 ], [ 140.60134672, 40.53968811 ], [ 140.60113506, 40.53980922 ], [ 140.600952, 40.53991478 ], [ 140.600527, 40.54008089 ], [ 140.60038477, 40.54016478 ], [ 140.600364230000025, 40.54023617 ], [ 140.600327560000011, 40.540357 ], [ 140.600311440000013, 40.54051867 ], [ 140.600234230000012, 40.54067061 ], [ 140.600026720000017, 40.54082284 ], [ 140.60000645, 40.54082753 ], [ 140.6, 40.54082903 ], [ 140.599717560000016, 40.54089423 ], [ 140.599505890000017, 40.54098117 ], [ 140.599282280000011, 40.54113005 ], [ 140.599133670000015, 40.54128367 ], [ 140.598861170000021, 40.54161256 ], [ 140.598825330000011, 40.54166144 ], [ 140.598821500000014, 40.54166667 ], [ 140.598727, 40.54179561 ], [ 140.59862533, 40.54196008 ], [ 140.598613110000031, 40.54216813 ], [ 140.59867811, 40.5423762 ], [ 140.598554230000019, 40.54258564 ], [ 140.598383110000015, 40.54269731 ], [ 140.59824895, 40.54279369 ], [ 140.59814922000001, 40.54283675 ], [ 140.59815061, 40.54295036 ], [ 140.59814922000001, 40.5430648 ], [ 140.59811811000003, 40.5432012 ], [ 140.59813922, 40.54333675 ], [ 140.598163090000014, 40.54343814 ], [ 140.598303920000035, 40.54365703 ], [ 140.598311700000011, 40.54374397 ], [ 140.59829975, 40.54389286 ], [ 140.598318370000015, 40.54401841 ], [ 140.598326420000035, 40.54413592 ], [ 140.59838224, 40.5442798 ], [ 140.598496420000032, 40.54447453 ], [ 140.598512240000019, 40.54460008 ], [ 140.598504470000023, 40.54474397 ], [ 140.59839141, 40.54499231 ], [ 140.598325030000012, 40.54507731 ], [ 140.5982428, 40.54512786 ], [ 140.59798781, 40.54539147 ], [ 140.59795336, 40.54550287 ], [ 140.59795864, 40.54566092 ], [ 140.59797864, 40.54581592 ], [ 140.597933360000013, 40.54595592 ], [ 140.5979228, 40.54614425 ], [ 140.59797864, 40.54641147 ], [ 140.59809808, 40.54654925 ], [ 140.59822419, 40.54667203 ], [ 140.598309200000017, 40.54682397 ], [ 140.59837031, 40.5470062 ], [ 140.59839141, 40.54718869 ], [ 140.598388910000011, 40.5473548 ], [ 140.598404750000014, 40.54746231 ], [ 140.598463090000024, 40.54757564 ], [ 140.59853365, 40.54772675 ], [ 140.598685030000013, 40.54794953 ], [ 140.598708910000028, 40.54801259 ], [ 140.59869031, 40.54814231 ], [ 140.59858141, 40.54835897 ], [ 140.598473920000032, 40.54860536 ], [ 140.598322500000023, 40.54890314 ], [ 140.59816584, 40.54914592 ], [ 140.59809389000003, 40.54923925 ], [ 140.59795195, 40.54938203 ], [ 140.597808610000016, 40.54949956 ], [ 140.597574720000011, 40.54959484 ], [ 140.59739167, 40.54961511 ], [ 140.59717917, 40.54962928 ], [ 140.596961390000018, 40.54963539 ], [ 140.59675694, 40.5496315 ], [ 140.59658694, 40.54961928 ], [ 140.596439440000012, 40.54960595 ], [ 140.596171390000023, 40.54954539 ], [ 140.59598, 40.54950261 ], [ 140.595775550000013, 40.54948039 ], [ 140.59565222, 40.54950205 ], [ 140.595533890000013, 40.54952289 ], [ 140.595350560000014, 40.54957151 ], [ 140.595130270000027, 40.54966677 ], [ 140.595018610000011, 40.549744 ], [ 140.594917780000031, 40.5498715 ], [ 140.594771830000013, 40.54999484 ], [ 140.594768890000012, 40.54999733 ], [ 140.594764920000017, 40.55 ], [ 140.59459361, 40.55011484 ], [ 140.594425280000024, 40.55019678 ], [ 140.594234160000013, 40.55027984 ], [ 140.59363389, 40.550539 ], [ 140.59348, 40.55062205 ], [ 140.593307220000014, 40.55069511 ], [ 140.593171950000027, 40.55077817 ], [ 140.5930975, 40.55090177 ], [ 140.59307361, 40.55105177 ], [ 140.59306694, 40.55127151 ], [ 140.593077500000021, 40.55140123 ], [ 140.59309611, 40.55162623 ], [ 140.593085550000012, 40.55174372 ], [ 140.59299389, 40.55228984 ], [ 140.59298333000001, 40.55239317 ], [ 140.593017780000025, 40.55251484 ], [ 140.593020560000014, 40.55267872 ], [ 140.59296859, 40.5529615 ], [ 140.592846640000033, 40.55313764 ], [ 140.59265525, 40.55334041 ], [ 140.59258358, 40.55345597 ], [ 140.59254109, 40.5536382 ], [ 140.59256886, 40.55388264 ], [ 140.592539690000024, 40.55416431 ], [ 140.59250803, 40.55430403 ], [ 140.592476080000012, 40.55443569 ], [ 140.592399140000026, 40.55461013 ], [ 140.592145250000016, 40.55514375 ], [ 140.592081630000024, 40.5552632 ], [ 140.59186109, 40.5555268 ], [ 140.59167302, 40.55574184 ], [ 140.59166667, 40.55574911 ], [ 140.591642190000016, 40.55577708 ], [ 140.59139776, 40.5559818 ], [ 140.59125691, 40.55608513 ], [ 140.591121630000032, 40.55619653 ], [ 140.590978300000017, 40.55628764 ], [ 140.590682190000024, 40.55646514 ], [ 140.590427200000022, 40.55656847 ], [ 140.59040997, 40.5565718 ], [ 140.59021997, 40.55660903 ], [ 140.59001803000001, 40.55664125 ], [ 140.589824140000019, 40.55668987 ], [ 140.589114140000021, 40.55682041 ], [ 140.588930800000014, 40.55684069 ], [ 140.58859358, 40.55688736 ], [ 140.588399690000017, 40.55692792 ], [ 140.58768803000001, 40.55706156 ], [ 140.587448860000023, 40.55714684 ], [ 140.587252440000015, 40.55721767 ], [ 140.58701467, 40.55731989 ], [ 140.58682883, 40.55742933 ], [ 140.586664110000015, 40.55756933 ], [ 140.58651022, 40.55767044 ], [ 140.58635272, 40.557761 ], [ 140.58624189, 40.55782461 ], [ 140.58585161000002, 40.55793795 ], [ 140.585660220000022, 40.55801489 ], [ 140.585477450000013, 40.55810184 ], [ 140.585360510000015, 40.55814656 ], [ 140.585156060000031, 40.55821128 ], [ 140.584991340000016, 40.55825905 ], [ 140.584873, 40.55829351 ], [ 140.584681890000013, 40.55831572 ], [ 140.58462936, 40.55832822 ], [ 140.584607890000029, 40.55833333 ], [ 140.58446939000001, 40.55836628 ], [ 140.58425438, 40.55839072 ], [ 140.58411633, 40.55839684 ], [ 140.583930220000013, 40.55842933 ], [ 140.58374189, 40.55851017 ], [ 140.583581050000021, 40.55858211 ], [ 140.583443, 40.55868961 ], [ 140.58338717, 40.55873822 ], [ 140.58333966, 40.55879456 ], [ 140.583333330000016, 40.55880208 ], [ 140.58323328, 40.55892072 ], [ 140.583097720000012, 40.55904433 ], [ 140.58295689, 40.55914572 ], [ 140.582773840000016, 40.55924489 ], [ 140.582643550000029, 40.55931377 ], [ 140.58210438, 40.55971072 ], [ 140.58199689, 40.55981295 ], [ 140.58189633, 40.559951 ], [ 140.581683840000011, 40.56020131 ], [ 140.581558560000019, 40.56040686 ], [ 140.58149577, 40.56063408 ], [ 140.581470780000018, 40.56074659 ], [ 140.581458270000013, 40.56083741 ], [ 140.58139189, 40.56091131 ], [ 140.581329660000023, 40.56098075 ], [ 140.581138560000028, 40.56111714 ], [ 140.581044670000011, 40.56119103 ], [ 140.580927170000024, 40.5613738 ], [ 140.58089272, 40.56147408 ], [ 140.58085519, 40.56160575 ], [ 140.580823800000019, 40.56173241 ], [ 140.58073769, 40.56236936 ], [ 140.58071881, 40.56242936 ], [ 140.580665470000014, 40.56254631 ], [ 140.58053713000001, 40.56264213 ], [ 140.58046825, 40.5626802 ], [ 140.580264360000029, 40.5627902 ], [ 140.580070190000015, 40.56292408 ], [ 140.579932410000026, 40.56305075 ], [ 140.579842970000016, 40.56312853 ], [ 140.57971158, 40.56327686 ], [ 140.57960492, 40.56340075 ], [ 140.57948908, 40.56351075 ], [ 140.579388810000012, 40.56354436 ], [ 140.579301030000011, 40.56353241 ], [ 140.579094360000028, 40.56342464 ], [ 140.578799920000023, 40.56321908 ], [ 140.578605470000014, 40.56312825 ], [ 140.57843964, 40.56304936 ], [ 140.578401830000018, 40.56303353 ], [ 140.578114090000014, 40.56291297 ], [ 140.57794464, 40.56285103 ], [ 140.577838250000013, 40.56283408 ], [ 140.57764075, 40.56280325 ], [ 140.577404360000031, 40.56282103 ], [ 140.57721326, 40.56284741 ], [ 140.577015750000015, 40.56284269 ], [ 140.57690297000002, 40.56280908 ], [ 140.57677769, 40.56272547 ], [ 140.57665241, 40.56265603 ], [ 140.576586030000016, 40.56260436 ], [ 140.576523800000018, 40.56255575 ], [ 140.576411020000023, 40.5625652 ], [ 140.576260750000017, 40.56263214 ], [ 140.576197980000018, 40.56267047 ], [ 140.576082140000011, 40.56277797 ], [ 140.57596326, 40.56295964 ], [ 140.575928520000019, 40.56311741 ], [ 140.575897420000018, 40.56330884 ], [ 140.575922140000017, 40.56341661 ], [ 140.57580825, 40.56341661 ], [ 140.57566492, 40.56337161 ], [ 140.575589920000027, 40.56339577 ], [ 140.57553798, 40.56346522 ], [ 140.575510190000017, 40.56350189 ], [ 140.57538519, 40.56353133 ], [ 140.575027690000013, 40.56362161 ], [ 140.575006300000013, 40.563623 ], [ 140.575, 40.56362339 ], [ 140.574921030000013, 40.56362856 ], [ 140.574903800000016, 40.56362384 ], [ 140.574777690000019, 40.5635905 ], [ 140.57472769, 40.56354356 ], [ 140.574552410000024, 40.56338023 ], [ 140.57448409, 40.56328133 ], [ 140.57433519, 40.56302522 ], [ 140.57427131, 40.56288272 ], [ 140.574269640000011, 40.56287856 ], [ 140.574231020000013, 40.56277689 ], [ 140.57423047, 40.56277523 ], [ 140.57419825, 40.56273856 ], [ 140.57419409000002, 40.56273356 ], [ 140.574155470000022, 40.56274217 ], [ 140.574109920000012, 40.56277495 ], [ 140.573991580000012, 40.56286022 ], [ 140.573871020000013, 40.56299577 ], [ 140.57361158, 40.56329744 ], [ 140.573431309999989, 40.56356244 ], [ 140.573191020000024, 40.5639155 ], [ 140.572991850000022, 40.56416328 ], [ 140.57289603000001, 40.56427856 ], [ 140.57275214, 40.564363 ], [ 140.57264519, 40.56439689 ], [ 140.57257519, 40.56435161 ], [ 140.57252713, 40.56430939 ], [ 140.572357690000018, 40.56434328 ], [ 140.57217326, 40.56440522 ], [ 140.57202575, 40.56443605 ], [ 140.57191131, 40.56442772 ], [ 140.57174158, 40.5643855 ], [ 140.571587130000012, 40.56430384 ], [ 140.57144326, 40.56427856 ], [ 140.571387980000026, 40.56427022 ], [ 140.571256300000016, 40.56426522 ], [ 140.571162970000017, 40.56426161 ], [ 140.571096590000025, 40.56423911 ], [ 140.571074360000011, 40.56415744 ], [ 140.570989640000022, 40.563848 ], [ 140.570856860000021, 40.56336689 ], [ 140.570827420000029, 40.56325411 ], [ 140.57079047000002, 40.56316689 ], [ 140.570753530000019, 40.56301772 ], [ 140.57069464, 40.5628405 ], [ 140.57062464, 40.56282356 ], [ 140.57033131, 40.56285328 ], [ 140.570191310000013, 40.56285605 ], [ 140.57013214, 40.56283078 ], [ 140.57002158, 40.56273495 ], [ 140.569962700000019, 40.56263105 ], [ 140.56994769, 40.56252689 ], [ 140.569932970000025, 40.56234939 ], [ 140.56955326, 40.56239744 ], [ 140.56951992, 40.56245078 ], [ 140.56953103, 40.5626055 ], [ 140.569534920000024, 40.56268995 ], [ 140.56940936, 40.56272661 ], [ 140.568646300000012, 40.56287856 ], [ 140.56818908, 40.56296022 ], [ 140.566672970000013, 40.5632688 ], [ 140.566666670000018, 40.56327011 ], [ 140.566570750000011, 40.56328967 ], [ 140.56600409, 40.56340689 ], [ 140.565532140000016, 40.56350439 ], [ 140.564764920000016, 40.56364969 ], [ 140.564353800000021, 40.56372803 ], [ 140.56426908, 40.56374497 ], [ 140.564180470000025, 40.56367469 ], [ 140.56397769, 40.56345525 ], [ 140.56386158, 40.56335525 ], [ 140.563714090000019, 40.56320053 ], [ 140.563624090000019, 40.56306136 ], [ 140.563562140000016, 40.56306525 ], [ 140.56339603, 40.5630758 ], [ 140.563133530000016, 40.5630922 ], [ 140.56262075, 40.56319359 ], [ 140.562466030000024, 40.56322164 ], [ 140.562377420000018, 40.56321887 ], [ 140.56232214000002, 40.56318497 ], [ 140.56214519, 40.56302469 ], [ 140.562060190000011, 40.56302192 ], [ 140.56197185000002, 40.56307247 ], [ 140.561942410000029, 40.56314275 ], [ 140.5619127, 40.56322441 ], [ 140.5619202, 40.56335636 ], [ 140.56197185000002, 40.56353359 ], [ 140.561990190000017, 40.56366886 ], [ 140.562041850000014, 40.56390525 ], [ 140.56227241000002, 40.56456803 ], [ 140.562438220000018, 40.56510525 ], [ 140.56258766000002, 40.56552331 ], [ 140.56252711, 40.56554164 ], [ 140.56251377000001, 40.5655458 ], [ 140.562381, 40.56551497 ], [ 140.561791, 40.5654108 ], [ 140.56145905, 40.5653572 ], [ 140.561218220000029, 40.56530608 ], [ 140.561167660000024, 40.56529525 ], [ 140.561042390000011, 40.5651772 ], [ 140.56082297, 40.56437941 ], [ 140.560796300000021, 40.56430803 ], [ 140.560749360000017, 40.56418247 ], [ 140.560701310000013, 40.56401636 ], [ 140.560646030000015, 40.56390108 ], [ 140.56061686000001, 40.56384747 ], [ 140.55996769, 40.56396859 ], [ 140.559801850000014, 40.56399941 ], [ 140.559687420000017, 40.5640022 ], [ 140.559628520000018, 40.56396275 ], [ 140.55926881, 40.56279636 ], [ 140.55892409, 40.56169497 ], [ 140.558631030000015, 40.56071413 ], [ 140.558457980000014, 40.56073108 ], [ 140.558339640000014, 40.56074272 ], [ 140.558333330000011, 40.56074333 ], [ 140.55831409000001, 40.56074525 ], [ 140.558125750000016, 40.56079025 ], [ 140.55798214, 40.56080441 ], [ 140.55792686, 40.56079859 ], [ 140.55785659, 40.56071997 ], [ 140.55783075, 40.56067775 ], [ 140.55766492, 40.56064941 ], [ 140.5575727, 40.56063275 ], [ 140.557554360000012, 40.56057636 ], [ 140.55758185000002, 40.56017831 ], [ 140.55761131, 40.5600122 ], [ 140.55762630000001, 40.55987414 ], [ 140.55760769, 40.5598208 ], [ 140.55746769000001, 40.55983192 ], [ 140.557290470000027, 40.55986025 ], [ 140.556589920000022, 40.55999525 ], [ 140.556286860000029, 40.5600522 ], [ 140.556154920000012, 40.56007692 ], [ 140.555208810000011, 40.56026108 ], [ 140.554782970000019, 40.56034387 ], [ 140.554507980000011, 40.5603972 ], [ 140.553901310000015, 40.56051469 ], [ 140.55343908, 40.56060413 ], [ 140.5527127, 40.56075913 ], [ 140.552686860000023, 40.56075913 ], [ 140.55266297, 40.56066969 ], [ 140.55263158, 40.5605508 ], [ 140.55239659, 40.55981664 ], [ 140.55237158, 40.55973887 ], [ 140.55231630000003, 40.55958692 ], [ 140.552257130000015, 40.55945747 ], [ 140.55201384, 40.55871775 ], [ 140.551884700000016, 40.55833333 ], [ 140.55188302, 40.55832831 ], [ 140.55176995, 40.55799164 ], [ 140.551706060000015, 40.55780164 ], [ 140.551650780000017, 40.5576158 ], [ 140.55136883, 40.55679859 ], [ 140.551313280000016, 40.55660414 ], [ 140.55118438, 40.55624413 ], [ 140.550979660000024, 40.55560969 ], [ 140.550928, 40.5554522 ], [ 140.55085134, 40.55542997 ], [ 140.55079161, 40.55541275 ], [ 140.55000633, 40.55556331 ], [ 140.55, 40.55556453 ], [ 140.549638280000011, 40.55563386 ], [ 140.549456890000016, 40.55566859 ], [ 140.549026060000017, 40.55575747 ], [ 140.54855244, 40.55585497 ], [ 140.548542170000019, 40.5558572 ], [ 140.54848328, 40.55586553 ], [ 140.548451050000011, 40.5557758 ], [ 140.548383550000011, 40.55558692 ], [ 140.54821966, 40.55508192 ], [ 140.54821217, 40.5549358 ], [ 140.548076060000028, 40.55497441 ], [ 140.547983550000026, 40.55500025 ], [ 140.547482170000023, 40.55517469 ], [ 140.54678883, 40.55539997 ], [ 140.546925500000015, 40.55588941 ], [ 140.546925500000015, 40.55597941 ], [ 140.546650780000022, 40.55603941 ], [ 140.54626883, 40.55612303 ], [ 140.545980510000021, 40.55615775 ], [ 140.545861340000016, 40.5561722 ], [ 140.54569189, 40.5561722 ], [ 140.54560355000001, 40.55618969 ], [ 140.54543689, 40.55622247 ], [ 140.54527883, 40.55625387 ], [ 140.545149660000021, 40.55638608 ], [ 140.54427966, 40.55716831 ], [ 140.54397911, 40.55744831 ], [ 140.54389272, 40.55739859 ], [ 140.543827720000024, 40.55736108 ], [ 140.54356883, 40.5571758 ], [ 140.54333883000001, 40.55701108 ], [ 140.543289390000012, 40.55697553 ], [ 140.54316153000002, 40.55692297 ], [ 140.54309745, 40.55689664 ], [ 140.54295384, 40.55683747 ], [ 140.54276217, 40.55688553 ], [ 140.542563, 40.55700636 ], [ 140.54220161, 40.557285 ], [ 140.541865770000015, 40.55753833 ], [ 140.54171494000002, 40.55756361 ], [ 140.541673, 40.55755378 ], [ 140.541666670000012, 40.55755228 ], [ 140.54166523, 40.55755195 ], [ 140.54149745, 40.55751305 ], [ 140.54144328000001, 40.55749917 ], [ 140.54129272, 40.55746084 ], [ 140.54103828, 40.55748056 ], [ 140.54080577000002, 40.55752805 ], [ 140.540447450000016, 40.55763028 ], [ 140.540391340000014, 40.55764639 ], [ 140.54019384, 40.55770278 ], [ 140.54011272, 40.55773917 ], [ 140.53959272, 40.55800084 ], [ 140.53917217, 40.55824305 ], [ 140.539018660000011, 40.55832833 ], [ 140.539009640000017, 40.55833333 ], [ 140.538779660000017, 40.55846111 ], [ 140.53868384, 40.55853417 ], [ 140.538403550000027, 40.55879028 ], [ 140.538348, 40.55885277 ], [ 140.538237690000017, 40.55897723 ], [ 140.538156300000026, 40.55906889 ], [ 140.53812326, 40.55916139 ], [ 140.538038520000015, 40.55930777 ], [ 140.538001580000014, 40.55946528 ], [ 140.53797825, 40.55959111 ], [ 140.537947980000013, 40.55975444 ], [ 140.537944360000012, 40.55977361 ], [ 140.537852140000012, 40.56002972 ], [ 140.53779326, 40.56019277 ], [ 140.53777713, 40.56024111 ], [ 140.53771131, 40.56043667 ], [ 140.537686300000018, 40.56051084 ], [ 140.53751852000002, 40.56103556 ], [ 140.537359920000029, 40.56140444 ], [ 140.53726409, 40.561525 ], [ 140.53716075, 40.56157861 ], [ 140.536921020000023, 40.56168833 ], [ 140.53675881, 40.56177833 ], [ 140.53662047, 40.56188667 ], [ 140.53645075, 40.56200472 ], [ 140.536284920000014, 40.56213723 ], [ 140.5357538, 40.5625678 ], [ 140.5353038, 40.56299253 ], [ 140.535077130000019, 40.56319669 ], [ 140.534984090000023, 40.5633292 ], [ 140.53487798, 40.56348059 ], [ 140.53476214, 40.56364697 ], [ 140.53468992, 40.56375087 ], [ 140.53459769, 40.56393641 ], [ 140.53416798, 40.56486364 ], [ 140.533930170000019, 40.56539975 ], [ 140.533874890000021, 40.56554892 ], [ 140.53381934, 40.56569225 ], [ 140.53376406000001, 40.56586392 ], [ 140.533620170000034, 40.56630003 ], [ 140.533601280000028, 40.56634836 ], [ 140.53354044, 40.56650503 ], [ 140.53354017, 40.56650613 ], [ 140.53349294, 40.5666278 ], [ 140.53347341, 40.56666169 ], [ 140.533470560000012, 40.56666667 ], [ 140.53341183, 40.56676864 ], [ 140.533339610000013, 40.56692941 ], [ 140.53333333, 40.56694341 ], [ 140.533327110000016, 40.56695725 ], [ 140.53307462, 40.56733003 ], [ 140.53291601, 40.56753253 ], [ 140.53278683000002, 40.56769308 ], [ 140.532631830000014, 40.56781392 ], [ 140.53250655, 40.56792059 ], [ 140.532159880000023, 40.56830613 ], [ 140.531979340000021, 40.56850308 ], [ 140.53185739, 40.56865225 ], [ 140.531739610000017, 40.56876503 ], [ 140.53144988, 40.5691295 ], [ 140.531354890000017, 40.56929339 ], [ 140.531221280000011, 40.56952339 ], [ 140.53110322, 40.56965284 ], [ 140.530786280000029, 40.56983561 ], [ 140.530687660000012, 40.56988922 ], [ 140.530644060000014, 40.56991284 ], [ 140.53041183000002, 40.5700395 ], [ 140.53028655, 40.57017728 ], [ 140.530205450000011, 40.57036033 ], [ 140.53017211, 40.57059672 ], [ 140.53020905, 40.57081339 ], [ 140.530241530000012, 40.57090977 ], [ 140.530263750000017, 40.57097589 ], [ 140.53026791, 40.57098784 ], [ 140.530314030000028, 40.57110811 ], [ 140.53038042, 40.571282 ], [ 140.53053542, 40.57146756 ], [ 140.530741800000015, 40.57164478 ], [ 140.530905140000016, 40.5717195 ], [ 140.53105542, 40.57178839 ], [ 140.531217640000023, 40.57185311 ], [ 140.531424030000011, 40.57192061 ], [ 140.531601240000015, 40.57195728 ], [ 140.53181652, 40.57194756 ], [ 140.53192875000002, 40.57194228 ], [ 140.532213190000022, 40.57192922 ], [ 140.53224431000001, 40.57192784 ], [ 140.5324582, 40.57188256 ], [ 140.532639030000013, 40.57183478 ], [ 140.53294514000001, 40.571787 ], [ 140.533049300000016, 40.57176922 ], [ 140.533144310000012, 40.57175311 ], [ 140.533274580000011, 40.57176395 ], [ 140.53333333, 40.57176889 ], [ 140.533339580000018, 40.57176941 ], [ 140.533347080000027, 40.57177005 ], [ 140.533431800000017, 40.57177284 ], [ 140.53356097, 40.57167728 ], [ 140.533712090000023, 40.57153089 ], [ 140.53392986, 40.57133672 ], [ 140.534007370000012, 40.57129756 ], [ 140.5340993, 40.57128644 ], [ 140.534663750000021, 40.571652 ], [ 140.53508986, 40.57192728 ], [ 140.535832630000016, 40.57240728 ], [ 140.535937640000014, 40.57247505 ], [ 140.53660514, 40.57292533 ], [ 140.53662319, 40.572937 ], [ 140.53672708000002, 40.57300533 ], [ 140.53793431, 40.57379617 ], [ 140.53839625, 40.574082 ], [ 140.538557640000022, 40.57418172 ], [ 140.53868958000001, 40.57429117 ], [ 140.538732630000027, 40.57432672 ], [ 140.538444310000017, 40.57459367 ], [ 140.53816097, 40.57485589 ], [ 140.538006500000023, 40.57499505 ], [ 140.538001, 40.575 ], [ 140.53724986, 40.57567672 ], [ 140.537150700000012, 40.57576617 ], [ 140.53693847, 40.57595728 ], [ 140.535940950000025, 40.57683951 ], [ 140.53588567, 40.57687617 ], [ 140.53587983, 40.57687617 ], [ 140.535535380000027, 40.57688172 ], [ 140.535465110000018, 40.57685339 ], [ 140.53532511, 40.57674089 ], [ 140.535289, 40.57671561 ], [ 140.53493817, 40.57647089 ], [ 140.534845940000025, 40.57640339 ], [ 140.53453234, 40.57665367 ], [ 140.534432890000033, 40.57660256 ], [ 140.53427428, 40.57652144 ], [ 140.53409733, 40.57658895 ], [ 140.53392761, 40.57667061 ], [ 140.533857610000013, 40.57669311 ], [ 140.533649270000012, 40.57652005 ], [ 140.533420660000019, 40.57635672 ], [ 140.533339580000018, 40.57627841 ], [ 140.53333333, 40.57627241 ], [ 140.533324580000027, 40.57626395 ], [ 140.53333333, 40.57625684 ], [ 140.533339580000018, 40.57625178 ], [ 140.533439030000011, 40.57617117 ], [ 140.533579030000027, 40.57605867 ], [ 140.533568200000019, 40.57601644 ], [ 140.533419030000033, 40.57592005 ], [ 140.533339580000018, 40.57586864 ], [ 140.53333333, 40.57586461 ], [ 140.533059030000032, 40.575687 ], [ 140.532587910000018, 40.57537005 ], [ 140.5324693, 40.57529033 ], [ 140.532039950000012, 40.575 ], [ 140.53203263, 40.57499505 ], [ 140.53136847, 40.57454589 ], [ 140.53086153000001, 40.57420117 ], [ 140.53082486, 40.57412256 ], [ 140.530824580000029, 40.57409033 ], [ 140.530821240000023, 40.57371728 ], [ 140.530799030000026, 40.57337117 ], [ 140.53068486, 40.57332033 ], [ 140.53038236, 40.57324922 ], [ 140.53038097000001, 40.57324895 ], [ 140.529949030000012, 40.57314728 ], [ 140.529731530000021, 40.57311922 ], [ 140.52938486, 40.57305172 ], [ 140.52936348, 40.5730495 ], [ 140.529244580000011, 40.57303756 ], [ 140.52907486, 40.57325977 ], [ 140.528739300000012, 40.57375811 ], [ 140.52848486000002, 40.57413784 ], [ 140.52815847, 40.574637 ], [ 140.52794830000002, 40.57499505 ], [ 140.52794542, 40.575 ], [ 140.527830420000015, 40.57519589 ], [ 140.52780820000001, 40.57523367 ], [ 140.527498760000014, 40.57577369 ], [ 140.527452360000012, 40.57585425 ], [ 140.527068750000012, 40.57648175 ], [ 140.526984030000023, 40.57661869 ], [ 140.52677567, 40.57695564 ], [ 140.526690660000014, 40.57708508 ], [ 140.526664, 40.57713453 ], [ 140.52657733, 40.5772962 ], [ 140.52651372, 40.57741453 ], [ 140.52629428, 40.5778662 ], [ 140.526235380000031, 40.57806869 ], [ 140.52615789, 40.57834731 ], [ 140.52613761, 40.57845313 ], [ 140.52602678, 40.5790298 ], [ 140.52601761, 40.57905841 ], [ 140.525990120000017, 40.5791448 ], [ 140.52596594000002, 40.57955703 ], [ 140.52596650000001, 40.57956592 ], [ 140.525980950000019, 40.57985814 ], [ 140.52606205, 40.58012841 ], [ 140.526069, 40.58014925 ], [ 140.52610261, 40.58025203 ], [ 140.52610678, 40.5802598 ], [ 140.52626122, 40.58056175 ], [ 140.52650455, 40.58093008 ], [ 140.526586230000021, 40.58105369 ], [ 140.52668817, 40.58120841 ], [ 140.52681956, 40.58140731 ], [ 140.52693012, 40.58158731 ], [ 140.527199270000011, 40.58201786 ], [ 140.52729345000003, 40.58215175 ], [ 140.52738567, 40.58228953 ], [ 140.52746678, 40.58243869 ], [ 140.52755536, 40.58268925 ], [ 140.5275737, 40.5827698 ], [ 140.52760674000001, 40.58291397 ], [ 140.527629250000018, 40.58305425 ], [ 140.52763815, 40.58310953 ], [ 140.527628220000025, 40.58332841 ], [ 140.527628, 40.58333333 ], [ 140.527627030000019, 40.58335453 ], [ 140.527601190000013, 40.58354008 ], [ 140.52759036, 40.58380759 ], [ 140.527619800000025, 40.58409175 ], [ 140.527610360000011, 40.5844112 ], [ 140.52759925, 40.58459397 ], [ 140.52762481000002, 40.58482425 ], [ 140.52766202, 40.58515675 ], [ 140.527704250000028, 40.58531592 ], [ 140.52776036, 40.58562675 ], [ 140.527789250000012, 40.58578567 ], [ 140.527855640000013, 40.58597123 ], [ 140.527866470000021, 40.58602039 ], [ 140.527879800000022, 40.58605789 ], [ 140.52789703000002, 40.58618595 ], [ 140.527903970000011, 40.58623761 ], [ 140.527945360000018, 40.58634067 ], [ 140.52800842000002, 40.58649789 ], [ 140.528063410000016, 40.58663567 ], [ 140.52807314, 40.58665984 ], [ 140.528091190000026, 40.58706289 ], [ 140.52811341, 40.58743511 ], [ 140.528143410000013, 40.58775844 ], [ 140.528147300000029, 40.58778344 ], [ 140.52819367, 40.58808678 ], [ 140.528185620000016, 40.58829344 ], [ 140.528133110000027, 40.58846622 ], [ 140.527990050000028, 40.58861733 ], [ 140.527897560000014, 40.58871984 ], [ 140.527802830000013, 40.58895705 ], [ 140.52760949, 40.58944151 ], [ 140.527542830000016, 40.58956289 ], [ 140.52741645, 40.58974289 ], [ 140.527369780000015, 40.58980928 ], [ 140.527313390000018, 40.58996289 ], [ 140.52724477000001, 40.59022289 ], [ 140.527220610000029, 40.59027817 ], [ 140.527230610000032, 40.59044344 ], [ 140.527256720000025, 40.59057372 ], [ 140.527288950000013, 40.59070289 ], [ 140.52731728, 40.590854 ], [ 140.52730895000002, 40.59100011 ], [ 140.52729506, 40.591249 ], [ 140.527291170000012, 40.59149789 ], [ 140.527293110000016, 40.59165984 ], [ 140.52729348, 40.59166177 ], [ 140.527294360000013, 40.59166667 ], [ 140.527331440000012, 40.59186705 ], [ 140.527323380000013, 40.59200678 ], [ 140.52729728, 40.59220956 ], [ 140.527262830000012, 40.59252956 ], [ 140.52722423, 40.59294317 ], [ 140.527172, 40.59318511 ], [ 140.52716949, 40.59320677 ], [ 140.527123640000013, 40.59359567 ], [ 140.52708725, 40.59370177 ], [ 140.52701086, 40.59399539 ], [ 140.526805310000015, 40.59446153 ], [ 140.52673891, 40.59483986 ], [ 140.52659781, 40.59526597 ], [ 140.526462800000019, 40.59568736 ], [ 140.526289470000023, 40.59609959 ], [ 140.526124190000019, 40.59655459 ], [ 140.52611031, 40.59671431 ], [ 140.52611837, 40.5967818 ], [ 140.526104190000012, 40.59692459 ], [ 140.526043640000012, 40.59706513 ], [ 140.525912800000015, 40.59749264 ], [ 140.525862530000012, 40.59767987 ], [ 140.52584837, 40.59777041 ], [ 140.525818080000022, 40.59807069 ], [ 140.52583003, 40.59851208 ], [ 140.52587419, 40.59885987 ], [ 140.52588419, 40.59895513 ], [ 140.525880270000016, 40.59934403 ], [ 140.525960560000016, 40.59985292 ], [ 140.52596472, 40.59987903 ], [ 140.525981090000016, 40.59999513 ], [ 140.52598178, 40.6 ], [ 140.52598917, 40.60005264 ], [ 140.52599501, 40.60011708 ], [ 140.52601722, 40.60050459 ], [ 140.526061670000018, 40.60091847 ], [ 140.52606361, 40.6011318 ], [ 140.526043330000022, 40.60139513 ], [ 140.526045550000021, 40.60185625 ], [ 140.526077500000014, 40.60227459 ], [ 140.526053330000025, 40.60246653 ], [ 140.52609361, 40.60274513 ], [ 140.526099440000024, 40.60316959 ], [ 140.526067220000016, 40.60329708 ], [ 140.526067220000016, 40.60344153 ], [ 140.526061390000024, 40.60367097 ], [ 140.526075280000015, 40.60389211 ], [ 140.52609750000002, 40.60409405 ], [ 140.52612584000002, 40.60435322 ], [ 140.526141920000015, 40.60452961 ], [ 140.526143860000019, 40.60468544 ], [ 140.52616387, 40.60504405 ], [ 140.52617608, 40.60543184 ], [ 140.52616608, 40.60561739 ], [ 140.52623053, 40.60579628 ], [ 140.526266640000017, 40.60590544 ], [ 140.526327200000026, 40.60598517 ], [ 140.52640581, 40.60607267 ], [ 140.52652859, 40.60625933 ], [ 140.526603310000013, 40.60649628 ], [ 140.5266172, 40.60668656 ], [ 140.526601090000014, 40.60687239 ], [ 140.52654691, 40.607111 ], [ 140.526488300000011, 40.60728156 ], [ 140.52646997, 40.60757767 ], [ 140.526439690000018, 40.60773905 ], [ 140.52639331, 40.60797544 ], [ 140.52640747, 40.60827017 ], [ 140.526403140000014, 40.60832851 ], [ 140.526402780000012, 40.60833333 ], [ 140.52639747, 40.60840461 ], [ 140.5263572, 40.60853017 ], [ 140.52628859, 40.60865795 ], [ 140.52624691, 40.60873572 ], [ 140.526150800000011, 40.60891211 ], [ 140.5260283, 40.60914933 ], [ 140.525892750000025, 40.60942044 ], [ 140.525839690000026, 40.60961461 ], [ 140.52569745, 40.60996905 ], [ 140.52561467000001, 40.61014544 ], [ 140.525449110000011, 40.61071156 ], [ 140.52538966, 40.61099267 ], [ 140.525333280000012, 40.61116933 ], [ 140.52534577, 40.61142795 ], [ 140.525346610000014, 40.61144295 ], [ 140.52536633, 40.61154628 ], [ 140.525353280000019, 40.61174822 ], [ 140.52531689, 40.61190711 ], [ 140.52526051000001, 40.61208351 ], [ 140.525201050000021, 40.61227128 ], [ 140.525131610000017, 40.61251572 ], [ 140.525025500000027, 40.61278823 ], [ 140.52500606000001, 40.6128112 ], [ 140.525, 40.61281836 ], [ 140.52492633, 40.61290544 ], [ 140.52472438, 40.61315767 ], [ 140.524502720000015, 40.61334047 ], [ 140.524238, 40.61350714 ], [ 140.52400633000002, 40.61361297 ], [ 140.523824110000021, 40.6137152 ], [ 140.523701890000012, 40.61383103 ], [ 140.523602720000014, 40.6138838 ], [ 140.523246060000019, 40.6139488 ], [ 140.523036890000014, 40.61398714 ], [ 140.522686060000012, 40.61407186 ], [ 140.52243438, 40.61415631 ], [ 140.52207051000002, 40.61421687 ], [ 140.52175606000003, 40.61426353 ], [ 140.521537450000011, 40.61427103 ], [ 140.521391890000018, 40.61425853 ], [ 140.52108745000001, 40.61423575 ], [ 140.520836060000022, 40.61421297 ], [ 140.52054161, 40.6141752 ], [ 140.52020411, 40.61413353 ], [ 140.51981355, 40.61410575 ], [ 140.519797720000014, 40.61410631 ], [ 140.51975689, 40.61410797 ], [ 140.519075500000014, 40.61413464 ], [ 140.518690510000027, 40.61417353 ], [ 140.51841355000002, 40.61420131 ], [ 140.518139100000013, 40.61424186 ], [ 140.517857720000023, 40.61425936 ], [ 140.517503840000018, 40.61427714 ], [ 140.516997440000011, 40.6143238 ], [ 140.516785500000026, 40.61436159 ], [ 140.51667272, 40.61436528 ], [ 140.51666667, 40.61436547 ], [ 140.516557170000027, 40.61436908 ], [ 140.51644995, 40.61437908 ], [ 140.51633883, 40.61438936 ], [ 140.516203, 40.61438159 ], [ 140.515908560000014, 40.61437659 ], [ 140.515548, 40.61441436 ], [ 140.515382440000025, 40.61447631 ], [ 140.515187170000019, 40.61449908 ], [ 140.515015230000017, 40.61449659 ], [ 140.514925770000019, 40.61446103 ], [ 140.51487633, 40.61440575 ], [ 140.514763550000026, 40.61430214 ], [ 140.514692170000018, 40.61425547 ], [ 140.514679100000023, 40.61424714 ], [ 140.51436995, 40.61404492 ], [ 140.514068560000027, 40.61375631 ], [ 140.51395939, 40.61363631 ], [ 140.513896610000018, 40.61354825 ], [ 140.513734380000017, 40.61323547 ], [ 140.513503, 40.61295408 ], [ 140.51327803, 40.61277131 ], [ 140.51321497, 40.61268797 ], [ 140.512847760000028, 40.61243325 ], [ 140.512702190000027, 40.61233631 ], [ 140.51248358, 40.61227825 ], [ 140.512331360000019, 40.61223547 ], [ 140.512215520000012, 40.61213964 ], [ 140.512139420000011, 40.61207659 ], [ 140.51201691, 40.61203103 ], [ 140.511831630000017, 40.61201853 ], [ 140.511659970000011, 40.61202603 ], [ 140.511514140000031, 40.6120588 ], [ 140.5114283, 40.61204103 ], [ 140.51129248, 40.61198575 ], [ 140.511153580000013, 40.61187964 ], [ 140.51104747, 40.61176741 ], [ 140.510961630000025, 40.61170186 ], [ 140.510858860000013, 40.61166659 ], [ 140.510723860000013, 40.61162741 ], [ 140.51065053, 40.61160603 ], [ 140.51055109, 40.61154547 ], [ 140.510504700000013, 40.61147492 ], [ 140.510464970000015, 40.61138659 ], [ 140.510412190000011, 40.6112352 ], [ 140.51042859, 40.61107408 ], [ 140.51038581, 40.61094687 ], [ 140.5103483, 40.6109252 ], [ 140.51032942, 40.61091408 ], [ 140.510256640000023, 40.6108938 ], [ 140.510190530000017, 40.61092659 ], [ 140.51016053, 40.61104241 ], [ 140.510054700000012, 40.6111988 ], [ 140.50998859, 40.61126936 ], [ 140.509909140000019, 40.61142575 ], [ 140.509809690000026, 40.61157464 ], [ 140.50952859, 40.61208269 ], [ 140.50948248, 40.6121738 ], [ 140.50948163000001, 40.61217492 ], [ 140.50940664, 40.61232325 ], [ 140.50933136, 40.61247131 ], [ 140.509327470000017, 40.61247936 ], [ 140.50926053, 40.61261103 ], [ 140.50916109, 40.61269908 ], [ 140.508985810000013, 40.61294131 ], [ 140.508942750000017, 40.61304964 ], [ 140.50891302, 40.61322631 ], [ 140.509091630000029, 40.61330964 ], [ 140.509472190000025, 40.6134002 ], [ 140.509687470000017, 40.61349353 ], [ 140.509871630000021, 40.61357213 ], [ 140.510163870000014, 40.61369659 ], [ 140.510504670000017, 40.61385297 ], [ 140.510650510000033, 40.61390103 ], [ 140.511126610000019, 40.6141052 ], [ 140.51118467, 40.6141138 ], [ 140.511202440000034, 40.61411631 ], [ 140.51138939, 40.6141438 ], [ 140.51150411, 40.61416075 ], [ 140.51161633000001, 40.61415464 ], [ 140.511632170000013, 40.6141538 ], [ 140.51189467, 40.61413936 ], [ 140.51209633000002, 40.61417964 ], [ 140.51246384, 40.61419214 ], [ 140.512824670000015, 40.61418214 ], [ 140.513119100000011, 40.61421992 ], [ 140.513208280000015, 40.61427797 ], [ 140.51334717, 40.61440047 ], [ 140.513483, 40.61451131 ], [ 140.513622170000019, 40.61468075 ], [ 140.513784110000017, 40.61487797 ], [ 140.51378745, 40.61488214 ], [ 140.513883280000016, 40.61504103 ], [ 140.51390939, 40.61509075 ], [ 140.51391633, 40.61510408 ], [ 140.513906610000021, 40.61516714 ], [ 140.51383689, 40.6152402 ], [ 140.513941890000012, 40.61527741 ], [ 140.514115770000018, 40.61548131 ], [ 140.51435244000001, 40.61568825 ], [ 140.514482720000018, 40.61581992 ], [ 140.514884670000015, 40.61551908 ], [ 140.51523828, 40.61577797 ], [ 140.515535230000012, 40.61602464 ], [ 140.515611340000021, 40.61608769 ], [ 140.51586717, 40.61595297 ], [ 140.51608217, 40.61578908 ], [ 140.51616078, 40.61587659 ], [ 140.51623189, 40.61605769 ], [ 140.51616189, 40.61632686 ], [ 140.51612577, 40.61650131 ], [ 140.51619625, 40.61666186 ], [ 140.516198340000017, 40.61666667 ], [ 140.51626328, 40.61681464 ], [ 140.516339390000013, 40.61689408 ], [ 140.516149660000025, 40.61704936 ], [ 140.51638881, 40.61725964 ], [ 140.516474640000013, 40.61735075 ], [ 140.51666667, 40.61752472 ], [ 140.516672700000015, 40.6175302 ], [ 140.51680547, 40.61765047 ], [ 140.516672700000015, 40.61774525 ], [ 140.51666667, 40.61774956 ], [ 140.516617130000014, 40.61778492 ], [ 140.516410470000011, 40.61796659 ], [ 140.516441860000015, 40.61800075 ], [ 140.51666667, 40.61803786 ], [ 140.516672700000015, 40.61803887 ], [ 140.51684241000001, 40.61806687 ], [ 140.51681881, 40.61823103 ], [ 140.51681881, 40.61823214 ], [ 140.51678464, 40.61846936 ], [ 140.516672700000015, 40.61849753 ], [ 140.51666667, 40.61849905 ], [ 140.516542970000017, 40.6185302 ], [ 140.51598798, 40.61871325 ], [ 140.515816590000014, 40.61872603 ], [ 140.51534798000003, 40.61888408 ], [ 140.51542297, 40.61907631 ], [ 140.515500190000012, 40.61921439 ], [ 140.515683800000033, 40.61956411 ], [ 140.516139920000029, 40.6194002 ], [ 140.51619241, 40.61950714 ], [ 140.51641742000001, 40.61996605 ], [ 140.516433800000016, 40.62000105 ], [ 140.516637130000021, 40.62043828 ], [ 140.51666667, 40.62049636 ], [ 140.516672700000015, 40.62050823 ], [ 140.516886030000023, 40.62092856 ], [ 140.517006590000022, 40.62109661 ], [ 140.51709603, 40.62136161 ], [ 140.51718964, 40.62154578 ], [ 140.517318220000021, 40.62179856 ], [ 140.517544890000011, 40.62221911 ], [ 140.517669610000013, 40.62249328 ], [ 140.517750170000028, 40.62267078 ], [ 140.51797711, 40.62310244 ], [ 140.518171280000018, 40.62350856 ], [ 140.518182390000021, 40.62353189 ], [ 140.51837545, 40.62387689 ], [ 140.519071, 40.62392661 ], [ 140.51949572, 40.62402133 ], [ 140.51976350000001, 40.62412995 ], [ 140.519856840000017, 40.62416939 ], [ 140.52006294, 40.62425689 ], [ 140.52028988, 40.62427522 ], [ 140.520495160000024, 40.62425967 ], [ 140.520683500000018, 40.62423744 ], [ 140.520743220000014, 40.62435911 ], [ 140.52088156, 40.62464051 ], [ 140.52109353, 40.62499522 ], [ 140.521096350000022, 40.625 ], [ 140.521147110000015, 40.62508495 ], [ 140.52131377, 40.62541522 ], [ 140.52180128, 40.62526605 ], [ 140.522088490000016, 40.62517772 ], [ 140.522197370000015, 40.62534522 ], [ 140.522383750000017, 40.6256655 ], [ 140.52243625, 40.6257555 ], [ 140.52275652000003, 40.62568105 ], [ 140.5229893, 40.62562689 ], [ 140.523909300000014, 40.62536272 ], [ 140.524010700000019, 40.62552828 ], [ 140.52414348, 40.62570689 ], [ 140.524194310000013, 40.625878 ], [ 140.52437486, 40.62618967 ], [ 140.52442097, 40.62626911 ], [ 140.524949580000026, 40.626118 ], [ 140.525, 40.62610328 ], [ 140.52500597, 40.62610156 ], [ 140.5255582, 40.62594051 ], [ 140.525794860000019, 40.6258855 ], [ 140.525869590000013, 40.62592967 ], [ 140.526084580000031, 40.62630133 ], [ 140.52621486000001, 40.62649911 ], [ 140.52631403, 40.62679161 ], [ 140.52635652, 40.62687995 ], [ 140.52656737, 40.62731884 ], [ 140.526890700000024, 40.62788105 ], [ 140.52691708, 40.627943 ], [ 140.526960700000018, 40.62804467 ], [ 140.527009030000016, 40.62819744 ], [ 140.527235940000025, 40.62850272 ], [ 140.527335380000011, 40.62847022 ], [ 140.527945940000023, 40.62827105 ], [ 140.528532610000013, 40.62809717 ], [ 140.528991530000013, 40.62795911 ], [ 140.529472090000013, 40.627813 ], [ 140.52977597, 40.62772272 ], [ 140.52982431, 40.62772078 ], [ 140.52991345, 40.62775577 ], [ 140.53008012, 40.62803911 ], [ 140.53011706, 40.62811467 ], [ 140.53022066, 40.62832717 ], [ 140.530324, 40.62853884 ], [ 140.530386780000015, 40.62857105 ], [ 140.53067428, 40.62850856 ], [ 140.53098567, 40.62841105 ], [ 140.53116678, 40.62841467 ], [ 140.531374840000012, 40.62852328 ], [ 140.53166178, 40.62867328 ], [ 140.532065110000019, 40.62881495 ], [ 140.532670950000011, 40.62898689 ], [ 140.53299927, 40.62909356 ], [ 140.53333333, 40.62919011 ], [ 140.53333927, 40.62919184 ], [ 140.53369706, 40.62929522 ], [ 140.53386844000002, 40.62942217 ], [ 140.534585670000013, 40.62971384 ], [ 140.53473761, 40.62974356 ], [ 140.535203450000012, 40.62983439 ], [ 140.53578066, 40.62992551 ], [ 140.536075110000013, 40.62996578 ], [ 140.536256230000021, 40.62997051 ], [ 140.53636733, 40.62992078 ], [ 140.53654372, 40.62966995 ], [ 140.536632890000021, 40.62958884 ], [ 140.536816500000015, 40.62939744 ], [ 140.536959, 40.62929717 ], [ 140.53705066, 40.62916105 ], [ 140.537241500000022, 40.62908744 ], [ 140.537451510000011, 40.62896325 ], [ 140.53777039000002, 40.62883075 ], [ 140.53793678, 40.62873769 ], [ 140.53817817, 40.62852659 ], [ 140.53836872, 40.62844741 ], [ 140.53865122000002, 40.62831492 ], [ 140.53904983000001, 40.62808575 ], [ 140.539269, 40.62802214 ], [ 140.539718170000015, 40.62789159 ], [ 140.53996484000001, 40.62781992 ], [ 140.54025956000001, 40.62776103 ], [ 140.540302890000021, 40.62768741 ], [ 140.540474280000012, 40.62763408 ], [ 140.541413450000022, 40.62752103 ], [ 140.54165484, 40.62750269 ], [ 140.541666670000012, 40.62750092 ], [ 140.54167261, 40.62750003 ], [ 140.54243234, 40.62738575 ], [ 140.54258927, 40.62736936 ], [ 140.54273178, 40.62735103 ], [ 140.54274372, 40.62712186 ], [ 140.54273178, 40.62691297 ], [ 140.54272927, 40.62686797 ], [ 140.54290817, 40.62680908 ], [ 140.543589, 40.62676659 ], [ 140.543992340000017, 40.62673741 ], [ 140.54424567, 40.6267238 ], [ 140.544291500000014, 40.62668492 ], [ 140.54421428, 40.62601241 ], [ 140.54417817, 40.62569687 ], [ 140.544105670000022, 40.62507686 ], [ 140.54409148000002, 40.625 ], [ 140.544090580000017, 40.6249952 ], [ 140.544021250000014, 40.62461964 ], [ 140.5435118, 40.62465659 ], [ 140.542620700000015, 40.62471436 ], [ 140.542358200000024, 40.62472575 ], [ 140.542263750000018, 40.62472992 ], [ 140.54225431, 40.62465464 ], [ 140.54220097000001, 40.62422769 ], [ 140.542164580000019, 40.62395269 ], [ 140.542281240000023, 40.62394464 ], [ 140.542639030000032, 40.62391964 ], [ 140.54274903000001, 40.62391213 ], [ 140.543159300000013, 40.62384131 ], [ 140.543460970000012, 40.62386908 ], [ 140.54411292, 40.6238088 ], [ 140.54432791, 40.6237888 ], [ 140.54460791, 40.62379713 ], [ 140.54498458, 40.62377603 ], [ 140.545203190000024, 40.62375992 ], [ 140.54592625, 40.62370741 ], [ 140.546633190000023, 40.62365575 ], [ 140.54686042, 40.62363908 ], [ 140.54783047, 40.62356205 ], [ 140.54830458, 40.62352436 ], [ 140.54857597, 40.62350159 ], [ 140.549649030000012, 40.62341184 ], [ 140.55, 40.62340433 ], [ 140.55000597, 40.6234042 ], [ 140.55011625, 40.62340184 ], [ 140.55016569, 40.62340933 ], [ 140.55021542, 40.62367184 ], [ 140.55021542, 40.62380433 ], [ 140.55022876000001, 40.62394322 ], [ 140.550362090000021, 40.62393405 ], [ 140.55087791, 40.62389795 ], [ 140.55094764, 40.62390295 ], [ 140.551904580000013, 40.62381739 ], [ 140.55208348, 40.623811 ], [ 140.552848470000015, 40.62373795 ], [ 140.55306375, 40.62371517 ], [ 140.55306847, 40.62371489 ], [ 140.55321737, 40.62370877 ], [ 140.55354431, 40.62369489 ], [ 140.554696520000022, 40.62361044 ], [ 140.55601486, 40.62349322 ], [ 140.556140410000012, 40.62348989 ], [ 140.5563593, 40.62348433 ], [ 140.55703847, 40.62343128 ], [ 140.557057640000011, 40.62351739 ], [ 140.557107890000026, 40.62374184 ], [ 140.557117890000029, 40.62406461 ], [ 140.557236780000011, 40.62491905 ], [ 140.557442330000015, 40.62491656 ], [ 140.55806178, 40.62486628 ], [ 140.558333330000011, 40.6248478 ], [ 140.55833927, 40.62484739 ], [ 140.559009, 40.62480184 ], [ 140.559212050000014, 40.62478377 ], [ 140.55974095000002, 40.62473628 ], [ 140.561102050000017, 40.62461156 ], [ 140.56124983, 40.62459961 ], [ 140.562221780000016, 40.62452184 ], [ 140.56246538000002, 40.62450017 ], [ 140.563480390000024, 40.62440961 ], [ 140.563599830000015, 40.62440072 ], [ 140.563617610000023, 40.62452044 ], [ 140.563662610000023, 40.62482489 ], [ 140.56370192, 40.62499517 ], [ 140.56370302, 40.625 ], [ 140.56374205, 40.62516905 ], [ 140.56374205, 40.62539128 ], [ 140.56381983, 40.62578211 ], [ 140.56384122, 40.62588989 ], [ 140.564321510000013, 40.62581405 ], [ 140.565116500000016, 40.62575851 ], [ 140.56605733, 40.62567656 ], [ 140.56620623, 40.62567405 ], [ 140.566212890000031, 40.62585823 ], [ 140.566309, 40.62614851 ], [ 140.56637178, 40.62638878 ], [ 140.56642484, 40.62659156 ], [ 140.566537610000012, 40.62684656 ], [ 140.566666670000018, 40.62708731 ], [ 140.566672610000012, 40.62709836 ], [ 140.566712890000019, 40.62717351 ], [ 140.56675594, 40.62715961 ], [ 140.566931510000018, 40.62710267 ], [ 140.56764345000002, 40.626936 ], [ 140.56786234, 40.62689822 ], [ 140.567902340000018, 40.62697128 ], [ 140.56796817, 40.62709128 ], [ 140.56809066, 40.62745739 ], [ 140.568130390000022, 40.627616 ], [ 140.568183870000013, 40.62777503 ], [ 140.568222870000028, 40.627891 ], [ 140.56824647000002, 40.62796072 ], [ 140.568570920000013, 40.62784211 ], [ 140.568733410000021, 40.62776877 ], [ 140.56913733, 40.62764517 ], [ 140.569371500000017, 40.62757795 ], [ 140.569737060000023, 40.62747239 ], [ 140.57003511000002, 40.62733877 ], [ 140.57045872, 40.62720877 ], [ 140.57108817, 40.62702184 ], [ 140.57168761, 40.62682877 ], [ 140.572098440000019, 40.62672405 ], [ 140.57213594000001, 40.62662267 ], [ 140.57217122, 40.62652711 ], [ 140.57223428, 40.62641351 ], [ 140.572363450000012, 40.6264035 ], [ 140.572396500000025, 40.62653739 ], [ 140.572396500000025, 40.62653795 ], [ 140.5724165, 40.62664822 ], [ 140.572519, 40.62690572 ], [ 140.572654840000013, 40.62734628 ], [ 140.57268484, 40.62748377 ], [ 140.572740950000025, 40.62757461 ], [ 140.57276927, 40.62766989 ], [ 140.57279064, 40.62774128 ], [ 140.57276425, 40.62780433 ], [ 140.572505910000018, 40.62783211 ], [ 140.572250920000016, 40.62790044 ], [ 140.57190953, 40.62793072 ], [ 140.571217300000029, 40.62806544 ], [ 140.571005360000015, 40.62810961 ], [ 140.570339530000012, 40.62822072 ], [ 140.570187300000015, 40.62823323 ], [ 140.569822870000024, 40.628256 ], [ 140.56883258000002, 40.6283935 ], [ 140.568180080000019, 40.62848184 ], [ 140.568031190000028, 40.62856905 ], [ 140.567984810000013, 40.62869767 ], [ 140.568021190000024, 40.6287735 ], [ 140.56825953, 40.62890741 ], [ 140.56848815, 40.62899825 ], [ 140.5686437, 40.6290652 ], [ 140.568693700000011, 40.62908659 ], [ 140.56896842, 40.62929741 ], [ 140.569170360000015, 40.62938825 ], [ 140.56937564, 40.62956464 ], [ 140.569537860000025, 40.62975131 ], [ 140.57006453, 40.62999492 ], [ 140.570326200000011, 40.63005825 ], [ 140.57061453, 40.63009853 ], [ 140.57099202, 40.63011631 ], [ 140.57152536000001, 40.63016797 ], [ 140.571952580000016, 40.63024631 ], [ 140.572439250000031, 40.63028159 ], [ 140.573082020000015, 40.63034075 ], [ 140.573360080000015, 40.63036103 ], [ 140.573586740000025, 40.63038769 ], [ 140.573790920000022, 40.63041159 ], [ 140.574430080000013, 40.63050103 ], [ 140.57487064, 40.63058187 ], [ 140.575, 40.63060944 ], [ 140.575005910000016, 40.63061072 ], [ 140.57521508, 40.6306552 ], [ 140.575609250000014, 40.63069187 ], [ 140.575900640000015, 40.63071187 ], [ 140.576168690000031, 40.63073214 ], [ 140.576672310000021, 40.63088853 ], [ 140.5769937, 40.63092659 ], [ 140.57721564, 40.63089241 ], [ 140.57746064, 40.63087213 ], [ 140.577805080000019, 40.63094297 ], [ 140.578262310000014, 40.6309352 ], [ 140.578838690000026, 40.6309002 ], [ 140.57916148000001, 40.63088853 ], [ 140.5792262, 40.63088631 ], [ 140.57943481, 40.63084351 ], [ 140.579633410000014, 40.63080823 ], [ 140.579818970000019, 40.630861 ], [ 140.5801137, 40.63087628 ], [ 140.580593970000024, 40.63087377 ], [ 140.5807962, 40.630881 ], [ 140.58084564, 40.63088267 ], [ 140.5816173, 40.63089767 ], [ 140.581829250000027, 40.63090795 ], [ 140.58207647, 40.63095433 ], [ 140.582329250000015, 40.63094961 ], [ 140.5827262, 40.63106211 ], [ 140.583012020000012, 40.63118239 ], [ 140.58300730000002, 40.63105433 ], [ 140.583005910000026, 40.63101377 ], [ 140.582954810000018, 40.6306735 ], [ 140.582909810000018, 40.63037877 ], [ 140.582894810000028, 40.63004739 ], [ 140.583018150000015, 40.63002905 ], [ 140.583333330000016, 40.63002803 ], [ 140.583339250000023, 40.630028 ], [ 140.58369202, 40.63002684 ], [ 140.58410397, 40.62999017 ], [ 140.584888980000017, 40.62997072 ], [ 140.58532815, 40.62994351 ], [ 140.585565910000014, 40.62993877 ], [ 140.58621564, 40.62992184 ], [ 140.586597860000012, 40.62990351 ], [ 140.58681536, 40.62989239 ], [ 140.587030920000018, 40.62988156 ], [ 140.58705508, 40.62978517 ], [ 140.58768064, 40.62980128 ], [ 140.58810786, 40.62982767 ], [ 140.58843564, 40.62981405 ], [ 140.589142580000015, 40.62982877 ], [ 140.58914759000001, 40.62973933 ], [ 140.5891637, 40.62944377 ], [ 140.58915761, 40.62910905 ], [ 140.58919964, 40.62819203 ], [ 140.589211510000013, 40.62793295 ], [ 140.589227060000013, 40.62758933 ], [ 140.58924511, 40.62737017 ], [ 140.589352890000015, 40.627381 ], [ 140.589615110000011, 40.62740711 ], [ 140.59027372, 40.62744239 ], [ 140.590875380000028, 40.62746989 ], [ 140.591365670000016, 40.62748711 ], [ 140.59151927, 40.62753072 ], [ 140.59160345, 40.62745517 ], [ 140.59162455, 40.62724989 ], [ 140.59165178, 40.62680767 ], [ 140.5916665, 40.62657044 ], [ 140.59166667, 40.62656811 ], [ 140.591672610000018, 40.62648103 ], [ 140.59170261, 40.62604211 ], [ 140.591726810000011, 40.62550656 ], [ 140.591743190000017, 40.62524653 ], [ 140.59175837, 40.625 ], [ 140.591758660000011, 40.62499513 ], [ 140.591760140000019, 40.62497125 ], [ 140.591781240000017, 40.62435153 ], [ 140.591805420000014, 40.62417597 ], [ 140.591781240000017, 40.62388041 ], [ 140.59179236, 40.6237168 ], [ 140.591814310000018, 40.62338847 ], [ 140.591841530000011, 40.6228968 ], [ 140.59186847, 40.6224718 ], [ 140.591937640000026, 40.62246486 ], [ 140.59198403000002, 40.62246013 ], [ 140.59216319, 40.62244208 ], [ 140.59250319, 40.62247875 ], [ 140.59271375, 40.62244208 ], [ 140.593029590000015, 40.62246486 ], [ 140.59369791, 40.62248959 ], [ 140.594302090000014, 40.6225118 ], [ 140.59504791, 40.62253597 ], [ 140.595171530000016, 40.62252903 ], [ 140.595171530000016, 40.62229653 ], [ 140.59517433000002, 40.62211541 ], [ 140.595613770000028, 40.6221268 ], [ 140.595917390000011, 40.62215208 ], [ 140.596112940000012, 40.62214292 ], [ 140.59647406000002, 40.62214959 ], [ 140.59723822, 40.62215764 ], [ 140.597562940000017, 40.62216236 ], [ 140.597866830000015, 40.62215764 ], [ 140.598525450000011, 40.62217959 ], [ 140.598558490000016, 40.62208097 ], [ 140.598576550000018, 40.62185431 ], [ 140.598600730000015, 40.62171653 ], [ 140.59861905, 40.62109431 ], [ 140.598642940000019, 40.62075875 ], [ 140.59866406, 40.62046487 ], [ 140.598673220000023, 40.61986095 ], [ 140.598685160000031, 40.61932123 ], [ 140.598824330000014, 40.61932205 ], [ 140.599070170000033, 40.61932344 ], [ 140.599455450000022, 40.61934623 ], [ 140.599659880000019, 40.61933956 ], [ 140.6, 40.61934828 ], [ 140.600006010000016, 40.61934841 ], [ 140.600375720000017, 40.61935789 ], [ 140.60090655, 40.61936511 ], [ 140.60114267000003, 40.61936817 ], [ 140.60202131, 40.61939205 ], [ 140.60209047, 40.61933484 ], [ 140.602072140000018, 40.61930567 ], [ 140.60202436000003, 40.61922928 ], [ 140.60178353, 40.6190965 ], [ 140.60117881, 40.61864705 ], [ 140.601299360000013, 40.61862761 ], [ 140.60130519, 40.61862733 ], [ 140.60164519, 40.61860928 ], [ 140.602120470000017, 40.61859428 ], [ 140.602081310000017, 40.61827372 ], [ 140.602081310000017, 40.61808789 ], [ 140.602084360000021, 40.61793789 ], [ 140.602081310000017, 40.61785984 ], [ 140.60218659, 40.61783233 ], [ 140.60296575000001, 40.61785984 ], [ 140.60341409, 40.6178415 ], [ 140.60344713, 40.61733705 ], [ 140.60342326, 40.61720761 ], [ 140.60346519, 40.61700344 ], [ 140.60346003, 40.61666667 ], [ 140.60345995, 40.61666177 ], [ 140.603459360000016, 40.61662289 ], [ 140.60349241, 40.61627817 ], [ 140.60359158, 40.61623011 ], [ 140.603751860000017, 40.61622233 ], [ 140.603929640000018, 40.61621344 ], [ 140.604009640000015, 40.61620956 ], [ 140.60420825, 40.61620484 ], [ 140.60501464, 40.61623456 ], [ 140.605736590000021, 40.61623567 ], [ 140.606918560000025, 40.616269 ], [ 140.606969100000015, 40.61626928 ], [ 140.60780606000003, 40.61627484 ], [ 140.6079655, 40.61630011 ], [ 140.608333330000022, 40.61631005 ], [ 140.60833939, 40.61631022 ], [ 140.608386610000025, 40.6163115 ], [ 140.60836577, 40.61655567 ], [ 140.608351920000018, 40.61666177 ], [ 140.608351240000019, 40.61666667 ], [ 140.60835051, 40.61667261 ], [ 140.60835659, 40.61709678 ], [ 140.60854075, 40.6170965 ], [ 140.60901519, 40.61709567 ], [ 140.609379100000012, 40.61709678 ], [ 140.60957772, 40.61712872 ], [ 140.610456060000018, 40.61712428 ], [ 140.61069384000001, 40.61714817 ], [ 140.611376620000016, 40.61713456 ], [ 140.611316610000017, 40.61691317 ], [ 140.61116872, 40.61666667 ], [ 140.611165810000017, 40.61666177 ], [ 140.61109384, 40.61654178 ], [ 140.610931610000023, 40.61625178 ], [ 140.610846330000015, 40.61618456 ], [ 140.61067272, 40.61604789 ], [ 140.610281610000015, 40.6159365 ], [ 140.610044110000018, 40.61585651 ], [ 140.60972856, 40.61576705 ], [ 140.609517720000014, 40.61570039 ], [ 140.609343280000019, 40.61559428 ], [ 140.609262170000022, 40.61550705 ], [ 140.609075500000017, 40.61535122 ], [ 140.60899745, 40.61518953 ], [ 140.608886060000032, 40.61508869 ], [ 140.608597170000024, 40.61498425 ], [ 140.60844384, 40.6149498 ], [ 140.60833939, 40.61488175 ], [ 140.608333330000022, 40.6148778 ], [ 140.60829633, 40.61485369 ], [ 140.60818828, 40.61475731 ], [ 140.608025770000012, 40.61465175 ], [ 140.607833280000023, 40.61450286 ], [ 140.607761050000022, 40.61444425 ], [ 140.607773, 40.61437564 ], [ 140.60806772, 40.61415564 ], [ 140.60807438, 40.61414536 ], [ 140.608098, 40.61410953 ], [ 140.60805883, 40.61404092 ], [ 140.60764355, 40.6138712 ], [ 140.607415230000015, 40.61375092 ], [ 140.607334110000011, 40.61368425 ], [ 140.607141610000014, 40.61344813 ], [ 140.607030220000013, 40.61327397 ], [ 140.606958, 40.61310092 ], [ 140.606918830000012, 40.6130048 ], [ 140.60692189, 40.61286286 ], [ 140.60675355, 40.61270453 ], [ 140.606627170000024, 40.61263231 ], [ 140.606614940000014, 40.61244425 ], [ 140.60672939, 40.61236647 ], [ 140.606813550000027, 40.61230897 ], [ 140.60728577, 40.61211536 ], [ 140.607493580000011, 40.61201341 ], [ 140.60759219000002, 40.61198259 ], [ 140.60774914000001, 40.61193314 ], [ 140.60787553, 40.61201092 ], [ 140.60807109000001, 40.61212675 ], [ 140.60820358, 40.6121498 ], [ 140.608333330000022, 40.61215175 ], [ 140.608339420000021, 40.61215184 ], [ 140.608669690000028, 40.61215675 ], [ 140.609355530000016, 40.61214175 ], [ 140.609460800000022, 40.6121212 ], [ 140.609588590000016, 40.61206675 ], [ 140.60969248, 40.61202259 ], [ 140.609781920000017, 40.61193092 ], [ 140.609885530000014, 40.61182508 ], [ 140.60992109, 40.61178869 ], [ 140.61008358, 40.61149314 ], [ 140.610139690000011, 40.61148759 ], [ 140.610309140000027, 40.61147036 ], [ 140.610540800000024, 40.61153897 ], [ 140.610721360000014, 40.61163759 ], [ 140.610865530000012, 40.61173703 ], [ 140.61106109, 40.61181286 ], [ 140.61127163, 40.61179453 ], [ 140.61148248, 40.61176953 ], [ 140.61174109000001, 40.61178092 ], [ 140.611942750000026, 40.61185203 ], [ 140.612162190000021, 40.61191731 ], [ 140.612481090000017, 40.61191508 ], [ 140.61283608, 40.6118748 ], [ 140.6131608, 40.61178314 ], [ 140.613401360000012, 40.61174313 ], [ 140.61351886, 40.61173175 ], [ 140.61377442, 40.61175925 ], [ 140.61392497, 40.61176369 ], [ 140.614084420000012, 40.61172259 ], [ 140.614092480000011, 40.6117198 ], [ 140.614454420000015, 40.61159869 ], [ 140.614622750000024, 40.61153092 ], [ 140.6148483, 40.61138897 ], [ 140.615110250000015, 40.6112812 ], [ 140.615654690000014, 40.61117675 ], [ 140.615859140000026, 40.61117897 ], [ 140.61608192, 40.61123425 ], [ 140.616382750000014, 40.6113248 ], [ 140.616641360000017, 40.61134759 ], [ 140.61666667, 40.61134575 ], [ 140.616672750000021, 40.61134533 ], [ 140.61705358, 40.61131786 ], [ 140.61746886, 40.61125008 ], [ 140.617820530000017, 40.61120425 ], [ 140.618343870000018, 40.61111841 ], [ 140.61852747, 40.61103592 ], [ 140.618587500000018, 40.61086286 ], [ 140.618761950000021, 40.61075061 ], [ 140.61930056, 40.61052478 ], [ 140.619757780000015, 40.61036533 ], [ 140.619947500000023, 40.61027617 ], [ 140.62051, 40.60999978 ], [ 140.62062416, 40.609947 ], [ 140.620810830000011, 40.60996089 ], [ 140.62114778000003, 40.60999756 ], [ 140.62150112, 40.60996422 ], [ 140.621742500000011, 40.60986061 ], [ 140.62209501000001, 40.60959978 ], [ 140.62257888000002, 40.60913867 ], [ 140.62284944000001, 40.60879533 ], [ 140.622930140000022, 40.60833333 ], [ 140.622931, 40.60832839 ], [ 140.62293944000001, 40.60828005 ], [ 140.623209730000013, 40.60776505 ], [ 140.624178640000025, 40.60682089 ], [ 140.624471700000015, 40.60615141 ], [ 140.624719470000031, 40.60558475 ], [ 140.625, 40.60516859 ], [ 140.625006140000011, 40.60515947 ], [ 140.625147520000013, 40.60494975 ], [ 140.62548558, 40.60460641 ], [ 140.626388110000022, 40.60322392 ], [ 140.627234500000014, 40.6030442 ], [ 140.627428660000021, 40.60300308 ], [ 140.62813949, 40.60273559 ], [ 140.628495890000011, 40.60260141 ], [ 140.62920283, 40.60266141 ], [ 140.629325620000031, 40.60267169 ], [ 140.629984230000019, 40.60280225 ], [ 140.63053756, 40.60276197 ], [ 140.6310645, 40.60281225 ], [ 140.63124228, 40.60278725 ], [ 140.631624500000015, 40.60289753 ], [ 140.631940610000015, 40.60286753 ], [ 140.632717830000018, 40.60255613 ], [ 140.633333330000028, 40.60214975 ], [ 140.63333949, 40.60214567 ], [ 140.63350839, 40.60203417 ], [ 140.63418034, 40.60177305 ], [ 140.63512839, 40.60170305 ], [ 140.63606397, 40.60167305 ], [ 140.63632536, 40.60168917 ], [ 140.63687425, 40.60172277 ], [ 140.63802647, 40.60179361 ], [ 140.638253970000022, 40.60171305 ], [ 140.638441750000027, 40.60164639 ], [ 140.638863140000012, 40.60149723 ], [ 140.63924508, 40.60126639 ], [ 140.639358140000013, 40.60105111 ], [ 140.63942953, 40.600915 ], [ 140.63974564, 40.60043333 ], [ 140.640048690000015, 40.60010223 ], [ 140.640226980000023, 40.6 ], [ 140.640235690000026, 40.599995 ], [ 140.64084564, 40.59964528 ], [ 140.64124092, 40.59930417 ], [ 140.641412310000021, 40.59896277 ], [ 140.64166667, 40.59883144 ], [ 140.64167287, 40.59882825 ], [ 140.64182064, 40.59875195 ], [ 140.642044530000021, 40.59862167 ], [ 140.64224234, 40.59789886 ], [ 140.642637330000014, 40.59786887 ], [ 140.64334872, 40.59782859 ], [ 140.643993990000013, 40.59755747 ], [ 140.64432345000003, 40.59725636 ], [ 140.644540950000021, 40.59704053 ], [ 140.64462261, 40.59660441 ], [ 140.644633160000012, 40.59654887 ], [ 140.64488345, 40.59619747 ], [ 140.645225940000017, 40.59596664 ], [ 140.645436780000011, 40.5957958 ], [ 140.64558150000002, 40.59551497 ], [ 140.645805670000016, 40.59488247 ], [ 140.646141500000027, 40.59466692 ], [ 140.64660261, 40.59462664 ], [ 140.64693209, 40.5944258 ], [ 140.64760375, 40.5943758 ], [ 140.64831486, 40.5944058 ], [ 140.648670700000025, 40.5944058 ], [ 140.64896042, 40.59420497 ], [ 140.649076520000023, 40.59411413 ], [ 140.649434860000014, 40.59383359 ], [ 140.64977737000001, 40.593723 ], [ 140.65, 40.5937328 ], [ 140.650006250000018, 40.59373305 ], [ 140.65023847, 40.59374331 ], [ 140.65039847, 40.59377664 ], [ 140.65076542, 40.59385359 ], [ 140.651147370000018, 40.59392387 ], [ 140.651371250000011, 40.59420497 ], [ 140.65154236, 40.59415469 ], [ 140.651621530000028, 40.59365275 ], [ 140.651615140000018, 40.59310605 ], [ 140.651460970000016, 40.59242578 ], [ 140.65143070000002, 40.59229272 ], [ 140.65153597, 40.59211217 ], [ 140.65188949, 40.59166667 ], [ 140.6518935, 40.59166161 ], [ 140.65260319, 40.59076717 ], [ 140.653162940000016, 40.5903405 ], [ 140.653505450000011, 40.59012967 ], [ 140.65366377, 40.589708 ], [ 140.654019050000016, 40.58951717 ], [ 140.65432211000001, 40.58943689 ], [ 140.65495433000001, 40.58945744 ], [ 140.655296830000026, 40.58934689 ], [ 140.655791, 40.58879964 ], [ 140.65637073000002, 40.58843825 ], [ 140.65613350000001, 40.58797659 ], [ 140.65610711, 40.58754492 ], [ 140.655938170000013, 40.58711261 ], [ 140.655777660000012, 40.58670187 ], [ 140.655883220000021, 40.58632047 ], [ 140.656097660000029, 40.58602408 ], [ 140.65646713000001, 40.58539325 ], [ 140.656821850000028, 40.58463239 ], [ 140.656906860000021, 40.58433628 ], [ 140.65717326, 40.58352461 ], [ 140.65719908, 40.58338072 ], [ 140.6572137, 40.58333333 ], [ 140.657215280000031, 40.58332823 ], [ 140.657446860000022, 40.58257767 ], [ 140.657514920000011, 40.58257239 ], [ 140.65833333, 40.58251056 ], [ 140.65833964, 40.58251008 ], [ 140.6585627, 40.58249323 ], [ 140.659131850000023, 40.58230711 ], [ 140.65953825, 40.58203656 ], [ 140.65972686, 40.58173489 ], [ 140.65984519, 40.58129544 ], [ 140.65976745, 40.58061625 ], [ 140.659638270000016, 40.57991431 ], [ 140.65969616000001, 40.57947751 ], [ 140.659730510000031, 40.57921847 ], [ 140.65966051, 40.57872513 ], [ 140.65954689, 40.57858153 ], [ 140.659468560000022, 40.57848264 ], [ 140.65886606, 40.5782882 ], [ 140.65841523, 40.57798931 ], [ 140.658339660000024, 40.57791639 ], [ 140.65833333, 40.57791028 ], [ 140.65819328, 40.57777514 ], [ 140.65760939, 40.57743125 ], [ 140.65741189, 40.57723541 ], [ 140.657132720000021, 40.57668289 ], [ 140.656974110000021, 40.57636872 ], [ 140.656850220000024, 40.57575011 ], [ 140.656919360000018, 40.575 ], [ 140.65691983, 40.57499484 ], [ 140.656946330000011, 40.57470733 ], [ 140.656506640000032, 40.57347008 ], [ 140.65654608, 40.57327647 ], [ 140.65657859, 40.5731162 ], [ 140.65676525, 40.57279064 ], [ 140.65687442, 40.57216369 ], [ 140.656776640000032, 40.57170286 ], [ 140.65654942, 40.57139425 ], [ 140.655782750000014, 40.57107147 ], [ 140.655682750000011, 40.57102925 ], [ 140.655233580000015, 40.57074314 ], [ 140.654790250000019, 40.57022478 ], [ 140.654690250000016, 40.57014005 ], [ 140.65450635000002, 40.57004256 ], [ 140.65413442000002, 40.56984561 ], [ 140.65386275, 40.56933117 ], [ 140.6536983, 40.56862228 ], [ 140.653596640000018, 40.56826284 ], [ 140.65332691, 40.56802895 ], [ 140.65311442, 40.56749505 ], [ 140.65223136, 40.5667678 ], [ 140.65212786, 40.56666667 ], [ 140.65212248, 40.56666141 ], [ 140.651494140000011, 40.56604753 ], [ 140.651200270000032, 40.56573059 ], [ 140.651242780000018, 40.5654528 ], [ 140.651610560000023, 40.56483725 ], [ 140.65194861, 40.56423836 ], [ 140.652120560000014, 40.56369277 ], [ 140.65211639, 40.56359639 ], [ 140.652089170000011, 40.56298139 ], [ 140.651987500000018, 40.56259389 ], [ 140.65193389, 40.56186805 ], [ 140.65211667, 40.56144944 ], [ 140.65243639000002, 40.56107333 ], [ 140.65271, 40.56091277 ], [ 140.653081390000011, 40.56075333 ], [ 140.65326056, 40.56050389 ], [ 140.653977520000012, 40.56019667 ], [ 140.654190310000018, 40.55998111 ], [ 140.654256690000011, 40.55958359 ], [ 140.65421781, 40.55924692 ], [ 140.654319470000019, 40.55899192 ], [ 140.654676130000013, 40.55862414 ], [ 140.65518058, 40.55833803 ], [ 140.655193310000016, 40.55833333 ], [ 140.655207660000031, 40.55832803 ], [ 140.65580336, 40.55810831 ], [ 140.656160030000024, 40.55804775 ], [ 140.65631891000001, 40.55806441 ], [ 140.65680642, 40.55811525 ], [ 140.657429200000024, 40.55829136 ], [ 140.65750531, 40.55832803 ], [ 140.657516300000026, 40.55833333 ], [ 140.65771003, 40.55842664 ], [ 140.658126420000031, 40.55858584 ], [ 140.65833333, 40.55866489 ], [ 140.65833975000001, 40.55866736 ], [ 140.658731970000019, 40.55881722 ], [ 140.658981410000024, 40.55882417 ], [ 140.659665030000014, 40.55860167 ], [ 140.660113920000015, 40.55871861 ], [ 140.660382530000021, 40.55891167 ], [ 140.660694190000015, 40.55913584 ], [ 140.661571970000011, 40.55979389 ], [ 140.662453090000014, 40.56033361 ], [ 140.66295392, 40.56043084 ], [ 140.663205300000016, 40.56022528 ], [ 140.663781700000015, 40.55932889 ], [ 140.66403698000002, 40.55916528 ], [ 140.664376980000014, 40.55908944 ], [ 140.66495336, 40.55901333 ], [ 140.665143640000025, 40.55890195 ], [ 140.665262, 40.55872167 ], [ 140.66530645, 40.55849611 ], [ 140.665483670000015, 40.55836361 ], [ 140.66562248, 40.55833333 ], [ 140.665646620000018, 40.55832805 ], [ 140.665877, 40.55827777 ], [ 140.66641311, 40.55826084 ], [ 140.666635110000016, 40.55832808 ], [ 140.6666525, 40.55833333 ], [ 140.666666670000012, 40.55833761 ], [ 140.66667311, 40.55833959 ], [ 140.66670117000001, 40.55834808 ], [ 140.666822, 40.55852725 ], [ 140.66702283, 40.55882447 ], [ 140.66705783, 40.5593278 ], [ 140.667163110000018, 40.55950392 ], [ 140.66738503000002, 40.55974586 ], [ 140.66766031, 40.56015892 ], [ 140.66798531, 40.56036753 ], [ 140.66883725, 40.56033503 ], [ 140.669116160000016, 40.56032253 ], [ 140.669582, 40.56057336 ], [ 140.669775860000016, 40.56085089 ], [ 140.66998837, 40.56150923 ], [ 140.670289200000013, 40.562252 ], [ 140.670586690000022, 40.56294367 ], [ 140.67076975, 40.563582 ], [ 140.67103031000002, 40.56419508 ], [ 140.67115508, 40.5643 ], [ 140.67153475, 40.56461925 ], [ 140.67191698000002, 40.56470231 ], [ 140.672695030000028, 40.56465897 ], [ 140.672761700000024, 40.56477425 ], [ 140.672986980000019, 40.56516313 ], [ 140.67311086, 40.56566897 ], [ 140.673168080000011, 40.56616675 ], [ 140.673665030000024, 40.56654287 ], [ 140.67383798, 40.56666147 ], [ 140.673845500000027, 40.56666667 ], [ 140.673848080000027, 40.56666841 ], [ 140.675, 40.56712292 ], [ 140.675006420000017, 40.56712544 ], [ 140.675333640000019, 40.56725456 ], [ 140.67587864, 40.56733789 ], [ 140.675988080000025, 40.56731789 ], [ 140.67649947000001, 40.56722511 ], [ 140.676725030000028, 40.56714344 ], [ 140.67708891, 40.56720678 ], [ 140.677772530000027, 40.56760705 ], [ 140.67855419, 40.56802261 ], [ 140.67871503, 40.56833956 ], [ 140.67873336, 40.56847205 ], [ 140.67896613000002, 40.56862153 ], [ 140.67970336, 40.56885403 ], [ 140.679788370000011, 40.56904292 ], [ 140.67947222, 40.56963069 ], [ 140.679562780000026, 40.56977013 ], [ 140.679806110000015, 40.56981069 ], [ 140.67988445, 40.56982375 ], [ 140.680135550000017, 40.57003236 ], [ 140.680368610000016, 40.57012541 ], [ 140.680961670000016, 40.57021403 ], [ 140.68166195, 40.57042097 ], [ 140.681876110000019, 40.57036487 ], [ 140.682419470000013, 40.56968292 ], [ 140.682518080000023, 40.56904014 ], [ 140.682563360000017, 40.56874431 ], [ 140.682574750000015, 40.56867097 ], [ 140.682757520000024, 40.56822431 ], [ 140.683106980000019, 40.56801431 ], [ 140.683333330000011, 40.56795956 ], [ 140.683339750000016, 40.567958 ], [ 140.684254470000013, 40.5677368 ], [ 140.685488910000032, 40.56729708 ], [ 140.68573837, 40.56709264 ], [ 140.685879100000022, 40.56666667 ], [ 140.6858808, 40.56666153 ], [ 140.68589531, 40.56661764 ], [ 140.68573837, 40.56619097 ], [ 140.68550725, 40.56555513 ], [ 140.685235620000014, 40.56487459 ], [ 140.684978950000016, 40.564194 ], [ 140.684718660000016, 40.56350484 ], [ 140.68473506, 40.56282428 ], [ 140.684750050000019, 40.5621365 ], [ 140.684883110000015, 40.56169511 ], [ 140.68492562000003, 40.56155456 ], [ 140.684927, 40.56155261 ], [ 140.68495117, 40.56151705 ], [ 140.68539866, 40.56086122 ], [ 140.685418950000013, 40.56069344 ], [ 140.685699780000022, 40.56013261 ], [ 140.68615453000001, 40.55978623 ], [ 140.686688420000024, 40.55937039 ], [ 140.68709508, 40.55917289 ], [ 140.68744759, 40.55904761 ], [ 140.68806842, 40.55875456 ], [ 140.68835508, 40.5584515 ], [ 140.68849603000001, 40.55833333 ], [ 140.68850219, 40.55832817 ], [ 140.689025640000011, 40.55788928 ], [ 140.68941202000002, 40.55763984 ], [ 140.6900662, 40.55742289 ], [ 140.690962310000032, 40.5573115 ], [ 140.691666670000018, 40.5572555 ], [ 140.69167314, 40.55725497 ], [ 140.691758420000014, 40.55724817 ], [ 140.692054250000012, 40.55719456 ], [ 140.6923037, 40.55703817 ], [ 140.692556740000015, 40.55660261 ], [ 140.69256983, 40.55616177 ], [ 140.692599270000017, 40.55601761 ], [ 140.69267511000001, 40.55564456 ], [ 140.692681780000015, 40.55554817 ], [ 140.692689, 40.55544205 ], [ 140.692713990000016, 40.55507928 ], [ 140.692645670000019, 40.55452539 ], [ 140.692713990000016, 40.55405344 ], [ 140.69300039, 40.55346595 ], [ 140.69328678, 40.55287817 ], [ 140.693294, 40.55285539 ], [ 140.693340390000031, 40.55271039 ], [ 140.693264840000012, 40.55219039 ], [ 140.693070950000021, 40.55178344 ], [ 140.692699560000023, 40.5516665 ], [ 140.69167317, 40.55156208 ], [ 140.691666670000018, 40.55156141 ], [ 140.691659, 40.55156064 ], [ 140.69133761, 40.5515198 ], [ 140.69082511000002, 40.5514548 ], [ 140.690781220000019, 40.55144925 ], [ 140.69032872, 40.5513548 ], [ 140.69010234000001, 40.55124092 ], [ 140.69001289000002, 40.55119564 ], [ 140.68978178, 40.55088425 ], [ 140.689780120000023, 40.55061508 ], [ 140.690469300000018, 40.55013425 ], [ 140.690527370000012, 40.55010425 ], [ 140.69072942, 40.55 ], [ 140.69073949, 40.5499948 ], [ 140.69100708000002, 40.54985675 ], [ 140.69110348000001, 40.54979647 ], [ 140.691666670000018, 40.54944544 ], [ 140.691673190000017, 40.54944139 ], [ 140.691777370000011, 40.54937647 ], [ 140.6919418, 40.54931008 ], [ 140.692097080000025, 40.54920036 ], [ 140.69288986, 40.54858259 ], [ 140.692950700000011, 40.54853508 ], [ 140.693096520000012, 40.54833786 ], [ 140.693342630000018, 40.54800508 ], [ 140.69381375, 40.54735286 ], [ 140.694307080000016, 40.54673397 ], [ 140.694325720000023, 40.54668703 ], [ 140.694348780000013, 40.54662841 ], [ 140.694428500000015, 40.54642703 ], [ 140.694487950000024, 40.54627731 ], [ 140.694587110000015, 40.54602675 ], [ 140.694620730000025, 40.54594147 ], [ 140.694684060000014, 40.54578147 ], [ 140.694901, 40.54554036 ], [ 140.695000170000014, 40.54543064 ], [ 140.695267950000016, 40.54520953 ], [ 140.695803770000026, 40.54505147 ], [ 140.696500440000023, 40.54499369 ], [ 140.697004890000017, 40.5449812 ], [ 140.697548220000016, 40.54489369 ], [ 140.69774239, 40.54483036 ], [ 140.697893500000021, 40.5447812 ], [ 140.697928780000012, 40.5447698 ], [ 140.698506830000014, 40.54441036 ], [ 140.698878220000012, 40.54420592 ], [ 140.699552940000018, 40.54411453 ], [ 140.7, 40.54413964 ], [ 140.700006550000012, 40.54414 ], [ 140.70033462, 40.54415841 ], [ 140.700670730000013, 40.54419789 ], [ 140.701075450000019, 40.54417095 ], [ 140.701714620000018, 40.54392011 ], [ 140.701949340000027, 40.54377511 ], [ 140.702140730000025, 40.54361567 ], [ 140.70224769, 40.54352677 ], [ 140.70235464000001, 40.54343761 ], [ 140.70239464, 40.54340428 ], [ 140.70281409, 40.54293511 ], [ 140.70306353, 40.54258428 ], [ 140.703120750000011, 40.54209817 ], [ 140.70308555, 40.54166667 ], [ 140.703085140000013, 40.54166147 ], [ 140.703074640000011, 40.54153286 ], [ 140.70305436000001, 40.54137647 ], [ 140.70335659, 40.54122175 ], [ 140.703660470000017, 40.54106647 ], [ 140.70456769, 40.54050733 ], [ 140.70493908, 40.54031705 ], [ 140.705883530000023, 40.54004484 ], [ 140.706177130000015, 40.53990539 ], [ 140.706542970000015, 40.53939539 ], [ 140.70719717, 40.53902623 ], [ 140.708071050000029, 40.53866956 ], [ 140.708333330000016, 40.53850339 ], [ 140.70833995000001, 40.53849923 ], [ 140.70874939, 40.53823984 ], [ 140.70944606, 40.53776233 ], [ 140.709788560000021, 40.5375665 ], [ 140.709916890000017, 40.53749317 ], [ 140.71043078, 40.53748733 ], [ 140.711012720000014, 40.53755095 ], [ 140.711367450000012, 40.53749456 ], [ 140.712079100000011, 40.53715761 ], [ 140.712326610000019, 40.53709844 ], [ 140.71293995, 40.53724233 ], [ 140.71327438, 40.53724928 ], [ 140.713769660000025, 40.53714511 ], [ 140.71415384, 40.53719844 ], [ 140.714630780000022, 40.53719289 ], [ 140.71510523, 40.53701984 ], [ 140.71554523, 40.53704513 ], [ 140.715829660000026, 40.53701153 ], [ 140.716297170000018, 40.53663513 ], [ 140.716641050000021, 40.53651959 ], [ 140.71666667, 40.53651875 ], [ 140.71667328, 40.53651856 ], [ 140.717038270000018, 40.5365068 ], [ 140.71781217, 40.53663792 ], [ 140.718503280000022, 40.53686625 ], [ 140.71880633, 40.53686625 ], [ 140.71907995, 40.53667459 ], [ 140.71941080000002, 40.5363968 ], [ 140.719719420000018, 40.53618986 ], [ 140.71999691000002, 40.53616041 ], [ 140.720148030000018, 40.53614459 ], [ 140.720554140000019, 40.53614736 ], [ 140.721261920000018, 40.53591792 ], [ 140.72170553, 40.53588431 ], [ 140.722149140000028, 40.53586153 ], [ 140.7230083, 40.5356882 ], [ 140.72346636, 40.53560097 ], [ 140.724284970000014, 40.53563628 ], [ 140.725, 40.53577395 ], [ 140.725001920000011, 40.53577433 ], [ 140.725006640000032, 40.53577511 ], [ 140.725775810000016, 40.53589961 ], [ 140.726361630000014, 40.53562489 ], [ 140.72688636, 40.53544739 ], [ 140.72757747, 40.53539684 ], [ 140.72857331, 40.53536156 ], [ 140.72910914000002, 40.53532767 ], [ 140.729476910000017, 40.535346 ], [ 140.72985386000002, 40.53543905 ], [ 140.73000163, 40.53552656 ], [ 140.7300409, 40.53552503 ], [ 140.73022358, 40.53551795 ], [ 140.73063636, 40.53524572 ], [ 140.730657470000011, 40.53523184 ], [ 140.731076910000013, 40.53509797 ], [ 140.73155386000002, 40.53506131 ], [ 140.73214497, 40.53503047 ], [ 140.732871360000019, 40.53474714 ], [ 140.73324442, 40.53480631 ], [ 140.733333330000022, 40.53483092 ], [ 140.73333997, 40.53483275 ], [ 140.73395192000001, 40.53500214 ], [ 140.734517470000014, 40.53526713 ], [ 140.735047760000015, 40.53553631 ], [ 140.735417470000016, 40.53562103 ], [ 140.73585497000002, 40.53572936 ], [ 140.736620250000016, 40.53607633 ], [ 140.73761608, 40.53651744 ], [ 140.73849747, 40.53671605 ], [ 140.738907470000015, 40.53673856 ], [ 140.739406640000027, 40.53661189 ], [ 140.739759420000013, 40.53633689 ], [ 140.740265810000011, 40.53608328 ], [ 140.74050053, 40.5358705 ], [ 140.740679140000026, 40.53581995 ], [ 140.741069690000018, 40.53570995 ], [ 140.74166667, 40.53578844 ], [ 140.74167331000001, 40.53578931 ], [ 140.741864140000018, 40.53581439 ], [ 140.74249776000002, 40.53604133 ], [ 140.74294497, 40.53613136 ], [ 140.74337803, 40.5362608 ], [ 140.744081360000024, 40.5364708 ], [ 140.74479636, 40.53662164 ], [ 140.745712750000024, 40.53708664 ], [ 140.74625803, 40.53726025 ], [ 140.74649331, 40.53724359 ], [ 140.74655859, 40.53726747 ], [ 140.746592750000019, 40.53733941 ], [ 140.746634140000026, 40.53742692 ], [ 140.746805530000017, 40.53775333 ], [ 140.74692997, 40.53805611 ], [ 140.74708192, 40.53841111 ], [ 140.747344140000024, 40.53893139 ], [ 140.74766358, 40.53958889 ], [ 140.74767355, 40.54028528 ], [ 140.74771078, 40.54038111 ], [ 140.747750780000018, 40.54109892 ], [ 140.747784110000026, 40.54130531 ], [ 140.74778661000002, 40.54135336 ], [ 140.7478027, 40.54166169 ], [ 140.74780297, 40.54166667 ], [ 140.747820510000025, 40.54200253 ], [ 140.74786355, 40.54215669 ], [ 140.74824272, 40.54300947 ], [ 140.74850355, 40.54360392 ], [ 140.74868645, 40.5439732 ], [ 140.74877745, 40.54415697 ], [ 140.748970510000021, 40.54469895 ], [ 140.749044110000028, 40.54476839 ], [ 140.74910577, 40.54498451 ], [ 140.749419360000019, 40.54554339 ], [ 140.749717420000025, 40.54581533 ], [ 140.749875190000012, 40.54586395 ], [ 140.75, 40.54586513 ], [ 140.75000659, 40.5458652 ], [ 140.750260200000014, 40.54586756 ], [ 140.75161047, 40.54594533 ], [ 140.75176603, 40.54595061 ], [ 140.75187492, 40.54596728 ], [ 140.75246103, 40.54605756 ], [ 140.752979360000012, 40.54623759 ], [ 140.753218520000019, 40.54630953 ], [ 140.75352326, 40.54648203 ], [ 140.75394659, 40.54682897 ], [ 140.754089640000018, 40.54707536 ], [ 140.754210200000017, 40.54728814 ], [ 140.754310190000012, 40.5474648 ], [ 140.75457964, 40.54774369 ], [ 140.75479825, 40.54813453 ], [ 140.754895190000013, 40.54851925 ], [ 140.75494131, 40.54890567 ], [ 140.755040120000018, 40.54921972 ], [ 140.755044090000013, 40.54923233 ], [ 140.755174090000025, 40.54956484 ], [ 140.75528881, 40.54993484 ], [ 140.75532927, 40.54999511 ], [ 140.75533255000002, 40.55 ], [ 140.75546603, 40.55019872 ], [ 140.75554462, 40.55076928 ], [ 140.755512110000012, 40.55101067 ], [ 140.75553267, 40.55139567 ], [ 140.75568655, 40.55159817 ], [ 140.755830730000014, 40.55178595 ], [ 140.75586406, 40.55195928 ], [ 140.755849340000026, 40.55210484 ], [ 140.75566795, 40.55246261 ], [ 140.75558655, 40.55277289 ], [ 140.75563462, 40.553104 ], [ 140.756022670000021, 40.55361372 ], [ 140.756366830000019, 40.55387595 ], [ 140.756459880000023, 40.55403817 ], [ 140.75637462, 40.55414956 ], [ 140.7557807, 40.55475011 ], [ 140.755263190000022, 40.55543344 ], [ 140.75507597, 40.55564622 ], [ 140.75475764, 40.55586844 ], [ 140.754060970000012, 40.55628733 ], [ 140.75356708000001, 40.55669095 ], [ 140.753330700000021, 40.55695956 ], [ 140.75327597, 40.55702205 ], [ 140.753159300000021, 40.55732928 ], [ 140.75303986, 40.55790011 ], [ 140.75290737, 40.55822095 ], [ 140.75284384, 40.55832844 ], [ 140.75284095, 40.55833333 ], [ 140.75271625000002, 40.55854428 ], [ 140.75252817, 40.55908095 ], [ 140.752493720000018, 40.55944872 ], [ 140.752485940000014, 40.55953289 ], [ 140.75254178, 40.55970122 ], [ 140.752915380000019, 40.55999484 ], [ 140.75385372, 40.56064041 ], [ 140.754217329999989, 40.5609432 ], [ 140.754776780000014, 40.56117264 ], [ 140.75526012, 40.56130486 ], [ 140.755619560000014, 40.56160459 ], [ 140.755971500000015, 40.56195347 ], [ 140.756396740000014, 40.56259041 ], [ 140.75660536, 40.56289459 ], [ 140.756914250000023, 40.56317041 ], [ 140.75728564, 40.56333264 ], [ 140.757572580000016, 40.56359792 ], [ 140.75785092000001, 40.56389459 ], [ 140.757941190000025, 40.56399069 ], [ 140.75831258, 40.5643668 ], [ 140.758333330000028, 40.56437859 ], [ 140.758339800000016, 40.56438225 ], [ 140.758778980000017, 40.56463125 ], [ 140.759125910000023, 40.56495264 ], [ 140.759254250000026, 40.5652568 ], [ 140.75946008, 40.56566792 ], [ 140.75964339, 40.56587486 ], [ 140.76034866, 40.56630375 ], [ 140.76050292, 40.56639692 ], [ 140.760782830000011, 40.566566 ], [ 140.760941090000017, 40.56666184 ], [ 140.760949080000017, 40.56666667 ], [ 140.761201170000021, 40.56681933 ], [ 140.761568660000023, 40.56706239 ], [ 140.761967560000016, 40.56728572 ], [ 140.76236839, 40.56744351 ], [ 140.76247616, 40.56751211 ], [ 140.762702550000029, 40.56778961 ], [ 140.762962, 40.56805322 ], [ 140.763368660000026, 40.56816322 ], [ 140.763516720000013, 40.56821323 ], [ 140.76380645, 40.56831044 ], [ 140.764242530000018, 40.568516 ], [ 140.764563090000024, 40.56862739 ], [ 140.7648628, 40.56873489 ], [ 140.765524470000031, 40.568821 ], [ 140.765923360000016, 40.56892322 ], [ 140.766135030000015, 40.56894572 ], [ 140.76621531, 40.56902489 ], [ 140.76636141000003, 40.56910351 ], [ 140.766547520000017, 40.5692035 ], [ 140.76666667, 40.56929631 ], [ 140.766673090000012, 40.56930133 ], [ 140.766813090000028, 40.56941041 ], [ 140.766982410000026, 40.56971589 ], [ 140.76704419, 40.56982736 ], [ 140.76743392000003, 40.5701368 ], [ 140.767551700000013, 40.57014292 ], [ 140.76790336, 40.56992069 ], [ 140.76825531, 40.56971069 ], [ 140.76891280000001, 40.56951292 ], [ 140.76964475, 40.56929847 ], [ 140.770314190000022, 40.56919017 ], [ 140.771425310000012, 40.56894489 ], [ 140.772095300000018, 40.56881351 ], [ 140.77220419, 40.56881711 ], [ 140.77241781, 40.56874989 ], [ 140.773079200000012, 40.56866989 ], [ 140.773646690000021, 40.56853628 ], [ 140.773854480000011, 40.56844489 ], [ 140.7741728, 40.56838767 ], [ 140.77455031, 40.56824933 ], [ 140.774784470000014, 40.56802739 ], [ 140.774867810000018, 40.56770989 ], [ 140.774951140000013, 40.56733544 ], [ 140.775, 40.56726133 ], [ 140.775006420000011, 40.56725161 ], [ 140.775100580000014, 40.56710877 ], [ 140.77522725, 40.56691684 ], [ 140.775267520000028, 40.56683377 ], [ 140.775446980000027, 40.56666667 ], [ 140.775452170000023, 40.56666184 ], [ 140.775497810000019, 40.56661933 ], [ 140.77573003, 40.56652433 ], [ 140.77600752, 40.56647905 ], [ 140.776458080000026, 40.56645684 ], [ 140.776606980000025, 40.56648211 ], [ 140.77698031, 40.56649628 ], [ 140.777396690000018, 40.56638792 ], [ 140.77803947000001, 40.56635208 ], [ 140.778755030000013, 40.56636986 ], [ 140.779266420000027, 40.5664568 ], [ 140.779425300000014, 40.56653903 ], [ 140.779522360000016, 40.5666618 ], [ 140.7795262, 40.56666667 ], [ 140.77958891000003, 40.56674597 ], [ 140.77990447000002, 40.56681764 ], [ 140.780295280000018, 40.56680353 ], [ 140.78074973, 40.56679153 ], [ 140.78088306, 40.56675569 ], [ 140.78112694, 40.56680708 ], [ 140.78148472, 40.56705597 ], [ 140.78180722, 40.56718236 ], [ 140.782003060000022, 40.56719292 ], [ 140.78215222, 40.56721541 ], [ 140.78265278, 40.56717125 ], [ 140.78297722, 40.56719733 ], [ 140.78323917, 40.56727178 ], [ 140.78333333, 40.56729853 ], [ 140.78333973, 40.56730033 ], [ 140.78335555000001, 40.56730484 ], [ 140.78352, 40.5673065 ], [ 140.78386973, 40.56747761 ], [ 140.784296110000014, 40.56764872 ], [ 140.784722190000025, 40.56771067 ], [ 140.78514747, 40.56766289 ], [ 140.785452190000029, 40.56758595 ], [ 140.78579331, 40.56759484 ], [ 140.786045250000029, 40.56755539 ], [ 140.78637136, 40.56738123 ], [ 140.787119140000016, 40.56700817 ], [ 140.78776525, 40.56673289 ], [ 140.78788830000002, 40.56668039 ], [ 140.787924480000015, 40.56666667 ], [ 140.78793737, 40.56666178 ], [ 140.78831358, 40.566519 ], [ 140.78859859, 40.56635678 ], [ 140.789077760000026, 40.56626786 ], [ 140.78963747, 40.56651814 ], [ 140.78986581, 40.56652647 ], [ 140.79048683000002, 40.56666175 ], [ 140.790509390000011, 40.56666667 ], [ 140.79057608, 40.5666812 ], [ 140.7911708, 40.56709008 ], [ 140.791432440000023, 40.56725064 ], [ 140.791666670000012, 40.56741869 ], [ 140.791673, 40.56742325 ], [ 140.791961610000016, 40.56763036 ], [ 140.79226939, 40.56776036 ], [ 140.79271717, 40.567797 ], [ 140.793179660000021, 40.56789339 ], [ 140.79334523, 40.56792784 ], [ 140.79377939, 40.56800033 ], [ 140.79462883, 40.56808478 ], [ 140.7948355, 40.56805395 ], [ 140.79553798, 40.56798617 ], [ 140.79599769, 40.56791811 ], [ 140.79619575000001, 40.56791061 ], [ 140.796528810000012, 40.5677642 ], [ 140.797091310000013, 40.56748614 ], [ 140.797422410000024, 40.56748169 ], [ 140.79765852, 40.56768253 ], [ 140.798057130000018, 40.56812141 ], [ 140.798291580000011, 40.56825225 ], [ 140.79889409, 40.56855475 ], [ 140.799275470000026, 40.56861086 ], [ 140.79963988, 40.56867059 ], [ 140.8, 40.56868875 ], [ 140.800006280000019, 40.56868908 ], [ 140.800277670000014, 40.56870277 ], [ 140.800778220000012, 40.56873944 ], [ 140.801321280000025, 40.56890389 ], [ 140.801571, 40.56894333 ], [ 140.801859050000019, 40.56891528 ], [ 140.80215601, 40.56882639 ], [ 140.802695160000013, 40.56877861 ], [ 140.80298406, 40.56887333 ], [ 140.803322940000015, 40.56912917 ], [ 140.803736520000029, 40.56977305 ], [ 140.80390209, 40.5699008 ], [ 140.804485140000025, 40.57008247 ], [ 140.8048018, 40.57050914 ], [ 140.80499681, 40.57071164 ], [ 140.80539737, 40.57099497 ], [ 140.805841220000019, 40.57117053 ], [ 140.805952890000015, 40.57126025 ], [ 140.806157610000014, 40.57147636 ], [ 140.80621733000001, 40.57172387 ], [ 140.80632817, 40.57184692 ], [ 140.80664872, 40.57194359 ], [ 140.80679178, 40.5719122 ], [ 140.806964280000017, 40.57189553 ], [ 140.807318720000012, 40.57173997 ], [ 140.80740817, 40.57170053 ], [ 140.807937890000034, 40.57171161 ], [ 140.808327890000015, 40.57171467 ], [ 140.808333330000011, 40.57171653 ], [ 140.80833956, 40.57171861 ], [ 140.808591510000014, 40.57180356 ], [ 140.80899623000002, 40.57187328 ], [ 140.80952733, 40.57194356 ], [ 140.809702870000024, 40.57194578 ], [ 140.810348420000025, 40.57216022 ], [ 140.8108145, 40.57233405 ], [ 140.81090703000001, 40.57236856 ], [ 140.810961750000018, 40.57238884 ], [ 140.81112730000001, 40.57238078 ], [ 140.811522310000015, 40.57250411 ], [ 140.812077860000016, 40.57289187 ], [ 140.81228092, 40.57307187 ], [ 140.81258728, 40.57342103 ], [ 140.812838950000014, 40.57380741 ], [ 140.812937, 40.57394936 ], [ 140.813046720000017, 40.57405547 ], [ 140.81327228, 40.57445131 ], [ 140.81353783, 40.5747302 ], [ 140.81359756, 40.57482659 ], [ 140.813805300000013, 40.57499492 ], [ 140.813811580000021, 40.575 ], [ 140.81381423000002, 40.57500213 ], [ 140.814211730000011, 40.57547159 ], [ 140.81440669, 40.57582075 ], [ 140.81451253000003, 40.57594631 ], [ 140.81474086, 40.57669741 ], [ 140.814883090000023, 40.57708797 ], [ 140.8149917, 40.57747575 ], [ 140.81508531, 40.57777325 ], [ 140.815104470000023, 40.5778338 ], [ 140.81523837, 40.57810353 ], [ 140.815271670000016, 40.57817103 ], [ 140.81546472, 40.57874575 ], [ 140.815530270000011, 40.57883159 ], [ 140.8157175, 40.57919103 ], [ 140.815775810000019, 40.579341 ], [ 140.815851950000024, 40.57953684 ], [ 140.816050830000023, 40.57978572 ], [ 140.816286940000026, 40.58012572 ], [ 140.81647222, 40.58045544 ], [ 140.816666670000018, 40.58074684 ], [ 140.81667275, 40.58075597 ], [ 140.816842190000017, 40.58100989 ], [ 140.817025520000016, 40.58135905 ], [ 140.817214690000014, 40.58159461 ], [ 140.817489140000021, 40.5820785 ], [ 140.817890800000015, 40.5828185 ], [ 140.818161240000023, 40.58332823 ], [ 140.81816397, 40.58333333 ], [ 140.818189390000015, 40.58338128 ], [ 140.81828633, 40.58350156 ], [ 140.81859911, 40.58422405 ], [ 140.81875883, 40.584446 ], [ 140.81899966, 40.58496184 ], [ 140.819231020000018, 40.5855685 ], [ 140.81943547, 40.58602822 ], [ 140.819499920000027, 40.58627684 ], [ 140.819634920000027, 40.58669628 ], [ 140.819812410000026, 40.58708347 ], [ 140.820054360000029, 40.5874032 ], [ 140.820211850000021, 40.5875782 ], [ 140.820356860000032, 40.5877382 ], [ 140.820471850000018, 40.58789041 ], [ 140.82091545, 40.58844653 ], [ 140.821058490000013, 40.58873403 ], [ 140.821207660000027, 40.58898597 ], [ 140.82137294, 40.5892932 ], [ 140.821758220000021, 40.59015541 ], [ 140.82177406, 40.59018847 ], [ 140.822240140000019, 40.5911682 ], [ 140.822471630000024, 40.59166153 ], [ 140.822474060000019, 40.59166667 ], [ 140.82252311000002, 40.59177125 ], [ 140.822734030000021, 40.59222069 ], [ 140.82319178, 40.59318736 ], [ 140.82352455, 40.59388653 ], [ 140.823810660000021, 40.59451344 ], [ 140.823923450000024, 40.59471928 ], [ 140.824143170000013, 40.59528344 ], [ 140.8244962, 40.59619484 ], [ 140.825, 40.59753525 ], [ 140.825005910000016, 40.59755097 ], [ 140.82501425, 40.59757317 ], [ 140.825171480000023, 40.59790817 ], [ 140.825336740000012, 40.59803733 ], [ 140.825482, 40.59807733 ], [ 140.825853110000025, 40.59810484 ], [ 140.82609506, 40.59809567 ], [ 140.82625228, 40.59808956 ], [ 140.82652672, 40.59812956 ], [ 140.82661117, 40.59816956 ], [ 140.827415620000011, 40.59828789 ], [ 140.82793589000002, 40.59837067 ], [ 140.828746720000026, 40.59850286 ], [ 140.828879780000022, 40.59855203 ], [ 140.82895228000001, 40.59862897 ], [ 140.82920228, 40.59870259 ], [ 140.829267, 40.59871508 ], [ 140.82948475, 40.59872731 ], [ 140.82971837, 40.59867203 ], [ 140.83005309, 40.59861675 ], [ 140.83031531, 40.59861369 ], [ 140.83055725, 40.5986598 ], [ 140.83073669, 40.59872259 ], [ 140.83096669, 40.59884564 ], [ 140.831333640000025, 40.5989562 ], [ 140.831543360000012, 40.59901786 ], [ 140.831593920000017, 40.59905036 ], [ 140.831850030000027, 40.59921453 ], [ 140.83211975, 40.5993498 ], [ 140.83233365000001, 40.59946036 ], [ 140.83255141, 40.59953425 ], [ 140.83283975, 40.59957564 ], [ 140.833134160000014, 40.5995848 ], [ 140.833333330000016, 40.59957417 ], [ 140.833339170000016, 40.59957387 ], [ 140.83342056, 40.59956953 ], [ 140.833533610000018, 40.59959092 ], [ 140.833694720000011, 40.59967092 ], [ 140.83398917, 40.59989839 ], [ 140.83411575, 40.59999478 ], [ 140.83412261, 40.6 ], [ 140.83417083, 40.60003672 ], [ 140.83434, 40.60022422 ], [ 140.83478944, 40.60075728 ], [ 140.835083890000021, 40.60103395 ], [ 140.83564053, 40.60151644 ], [ 140.835643310000023, 40.60151811 ], [ 140.83575747, 40.60158423 ], [ 140.83611442, 40.601727 ], [ 140.83667109000001, 40.60186839 ], [ 140.837102190000024, 40.60193617 ], [ 140.83739664, 40.60198839 ], [ 140.83815302, 40.60220505 ], [ 140.839459660000017, 40.60253392 ], [ 140.839862720000013, 40.60264447 ], [ 140.840157170000026, 40.60276753 ], [ 140.840687440000011, 40.60303031 ], [ 140.840969950000016, 40.60320253 ], [ 140.84109078, 40.6032578 ], [ 140.84130467, 40.6032978 ], [ 140.84153856, 40.60330697 ], [ 140.84166667, 40.60329192 ], [ 140.841672440000025, 40.60329125 ], [ 140.84185328, 40.60327003 ], [ 140.842063, 40.60323003 ], [ 140.842344940000032, 40.60319613 ], [ 140.842437720000021, 40.60322086 ], [ 140.84264547, 40.60338225 ], [ 140.842826860000031, 40.60368641 ], [ 140.84343185000003, 40.6045042 ], [ 140.843786860000023, 40.60500225 ], [ 140.843911850000012, 40.60529531 ], [ 140.84398908, 40.60544225 ], [ 140.84426711, 40.60592169 ], [ 140.844406, 40.60598947 ], [ 140.84467988, 40.60609253 ], [ 140.845650730000017, 40.60652333 ], [ 140.84698795, 40.60716028 ], [ 140.84822319, 40.60772805 ], [ 140.84876542, 40.60798833 ], [ 140.84958964, 40.60832805 ], [ 140.849602440000012, 40.60833333 ], [ 140.84961458, 40.60833833 ], [ 140.849749590000016, 40.60842972 ], [ 140.85, 40.60852075 ], [ 140.850005690000017, 40.60852284 ], [ 140.850930660000017, 40.60885917 ], [ 140.85205455000002, 40.60920164 ], [ 140.85238372, 40.60930192 ], [ 140.852800660000014, 40.6094108 ], [ 140.85318659, 40.60948344 ], [ 140.853785110000018, 40.60959608 ], [ 140.85429425, 40.60969608 ], [ 140.854898420000012, 40.60974164 ], [ 140.855678150000017, 40.6097622 ], [ 140.856345910000016, 40.60986803 ], [ 140.85689008, 40.60995636 ], [ 140.85717175000002, 40.61000359 ], [ 140.85808842, 40.61009608 ], [ 140.858300610000015, 40.61013717 ], [ 140.858333330000022, 40.61014267 ], [ 140.858338950000018, 40.61014359 ], [ 140.85867117, 40.61019911 ], [ 140.859007, 40.61021384 ], [ 140.86032506, 40.61014772 ], [ 140.860869220000012, 40.61005939 ], [ 140.86144339, 40.60994522 ], [ 140.861787, 40.60987467 ], [ 140.86235645, 40.60971133 ], [ 140.86262450000001, 40.60965717 ], [ 140.86291645, 40.60963995 ], [ 140.862767280000014, 40.60944605 ], [ 140.862556160000025, 40.60919522 ], [ 140.86227005, 40.60886828 ], [ 140.861872550000015, 40.60840411 ], [ 140.86181839, 40.60833333 ], [ 140.86181431, 40.608328 ], [ 140.86116759, 40.607483 ], [ 140.86098092, 40.60719411 ], [ 140.86072008, 40.60689105 ], [ 140.86059036, 40.60676828 ], [ 140.86046536, 40.60664967 ], [ 140.86018564, 40.60648884 ], [ 140.859949530000023, 40.60636077 ], [ 140.859595360000014, 40.60620939 ], [ 140.85923481, 40.60603411 ], [ 140.858598170000022, 40.60572856 ], [ 140.858339, 40.60556641 ], [ 140.858333330000022, 40.60556289 ], [ 140.85831844, 40.60555356 ], [ 140.85816927, 40.605383 ], [ 140.858088720000012, 40.60513661 ], [ 140.85810733, 40.60487605 ], [ 140.85818484, 40.60436244 ], [ 140.858259560000022, 40.60409244 ], [ 140.858333330000022, 40.60386764 ], [ 140.858339, 40.60385033 ], [ 140.85834650000001, 40.60382744 ], [ 140.858638720000016, 40.603368 ], [ 140.85891817000001, 40.603013 ], [ 140.859061500000024, 40.60285939 ], [ 140.859455670000017, 40.60243744 ], [ 140.859779030000027, 40.60203522 ], [ 140.86024486, 40.60137689 ], [ 140.8605618, 40.60089384 ], [ 140.860944030000013, 40.60033272 ], [ 140.86116895, 40.6 ], [ 140.86117255000002, 40.59999467 ], [ 140.861366520000018, 40.59970772 ], [ 140.861502090000016, 40.59954495 ], [ 140.8615493, 40.599488 ], [ 140.861851240000021, 40.59912522 ], [ 140.862569030000031, 40.59817131 ], [ 140.862699580000026, 40.59799603 ], [ 140.86288986, 40.59773353 ], [ 140.86302903, 40.59754131 ], [ 140.863060140000016, 40.59742769 ], [ 140.863060140000016, 40.59725241 ], [ 140.863035140000022, 40.59704408 ], [ 140.86298542, 40.59686408 ], [ 140.862911, 40.5966652 ], [ 140.86277433, 40.59648047 ], [ 140.86233601, 40.5960852 ], [ 140.86223655, 40.59600464 ], [ 140.862075160000018, 40.59581047 ], [ 140.86196934, 40.59569214 ], [ 140.86176433, 40.59531325 ], [ 140.861615160000014, 40.59498659 ], [ 140.861484890000014, 40.59477353 ], [ 140.86139183, 40.59457436 ], [ 140.86113409, 40.59398495 ], [ 140.861102970000019, 40.5938005 ], [ 140.861046860000016, 40.59354939 ], [ 140.860854360000019, 40.59301911 ], [ 140.860773530000017, 40.59283439 ], [ 140.86066158, 40.59252189 ], [ 140.860385190000017, 40.59212633 ], [ 140.86029825, 40.59201272 ], [ 140.86006217000002, 40.59175217 ], [ 140.85997555, 40.59166667 ], [ 140.859970170000025, 40.59166133 ], [ 140.859863550000028, 40.59155605 ], [ 140.859788830000014, 40.59148217 ], [ 140.85966467, 40.59123633 ], [ 140.859565230000015, 40.59089995 ], [ 140.859552720000011, 40.59060633 ], [ 140.85955883, 40.59023217 ], [ 140.859444110000027, 40.58998828 ], [ 140.85936328, 40.58973717 ], [ 140.859170510000013, 40.58952884 ], [ 140.85895302, 40.58912161 ], [ 140.85883497, 40.58877605 ], [ 140.858760530000012, 40.58852522 ], [ 140.858915810000013, 40.58836884 ], [ 140.85928859, 40.58814161 ], [ 140.859862280000016, 40.58781039 ], [ 140.860211360000022, 40.5876088 ], [ 140.860540800000024, 40.58741464 ], [ 140.860851630000013, 40.58715436 ], [ 140.861224420000013, 40.58676603 ], [ 140.86153497, 40.58651492 ], [ 140.861709140000016, 40.58645353 ], [ 140.86197635000002, 40.58641075 ], [ 140.862454690000021, 40.58640131 ], [ 140.862945520000011, 40.58643464 ], [ 140.863281050000012, 40.58647241 ], [ 140.86390022, 40.58653575 ], [ 140.864089660000019, 40.58653686 ], [ 140.864206060000015, 40.58647186 ], [ 140.86436939, 40.58632964 ], [ 140.86457134, 40.58602908 ], [ 140.86472244, 40.58587659 ], [ 140.86473995, 40.58585908 ], [ 140.865286060000017, 40.58560517 ], [ 140.86532713, 40.58558951 ], [ 140.865823550000016, 40.58540017 ], [ 140.866316330000018, 40.58517377 ], [ 140.866616060000013, 40.58488544 ], [ 140.86666667, 40.58441723 ], [ 140.866672440000031, 40.58436367 ], [ 140.86667745, 40.58431739 ], [ 140.866672440000031, 40.58429605 ], [ 140.86666667, 40.58427133 ], [ 140.866601920000022, 40.58399489 ], [ 140.86649248, 40.58374711 ], [ 140.86640886, 40.58355739 ], [ 140.86612331, 40.58334405 ], [ 140.86610553, 40.58333333 ], [ 140.866096610000028, 40.58332795 ], [ 140.865641630000027, 40.58305351 ], [ 140.86542608, 40.58281211 ], [ 140.865322750000018, 40.58219933 ], [ 140.86524997, 40.58163989 ], [ 140.86539, 40.58146905 ], [ 140.86568942, 40.58130489 ], [ 140.866596360000017, 40.58083933 ], [ 140.86666667, 40.58077159 ], [ 140.86667248, 40.58076597 ], [ 140.866851090000011, 40.58059377 ], [ 140.866890270000027, 40.58000878 ], [ 140.866781390000028, 40.57949823 ], [ 140.86668917, 40.57885156 ], [ 140.86668083, 40.57878517 ], [ 140.866672500000021, 40.57871908 ], [ 140.86666667, 40.5786728 ], [ 140.86660222, 40.57816184 ], [ 140.86660501, 40.57760017 ], [ 140.866490310000017, 40.576821 ], [ 140.866409200000021, 40.57601184 ], [ 140.86637586, 40.5754735 ], [ 140.866428910000025, 40.57508264 ], [ 140.86645594, 40.575 ], [ 140.86645769, 40.57499459 ], [ 140.86658864, 40.57459375 ], [ 140.86666667, 40.574138 ], [ 140.866672530000017, 40.57410367 ], [ 140.866683640000019, 40.57403875 ], [ 140.866672530000017, 40.5739955 ], [ 140.86666667, 40.57397264 ], [ 140.86661949, 40.57378903 ], [ 140.86660255000001, 40.57352847 ], [ 140.866549490000011, 40.5729668 ], [ 140.866454230000016, 40.57267208 ], [ 140.86630034, 40.57237959 ], [ 140.866216160000022, 40.57202513 ], [ 140.86598423, 40.57163013 ], [ 140.865855330000016, 40.5712418 ], [ 140.86585815, 40.57088931 ], [ 140.86581064, 40.56991347 ], [ 140.86572092, 40.56968708 ], [ 140.86565647, 40.56925347 ], [ 140.86556425, 40.56853847 ], [ 140.865368440000026, 40.56772708 ], [ 140.86507178, 40.56688987 ], [ 140.864958270000017, 40.56666667 ], [ 140.86495553, 40.56666125 ], [ 140.864847060000017, 40.56644792 ], [ 140.864584550000018, 40.56601375 ], [ 140.864542340000014, 40.56586041 ], [ 140.86434455, 40.5654082 ], [ 140.864172920000016, 40.56492514 ], [ 140.863895970000016, 40.56448541 ], [ 140.86382737, 40.56428431 ], [ 140.863816520000029, 40.56425292 ], [ 140.863666810000012, 40.56398959 ], [ 140.863498750000019, 40.56351487 ], [ 140.863447080000014, 40.56319069 ], [ 140.86344134, 40.56316669 ], [ 140.863360140000026, 40.56282847 ], [ 140.863280730000014, 40.56228653 ], [ 140.863256830000012, 40.56185403 ], [ 140.863365720000019, 40.56149736 ], [ 140.863487660000033, 40.5611932 ], [ 140.86363655, 40.56101903 ], [ 140.863659610000013, 40.5609918 ], [ 140.863932940000012, 40.56079153 ], [ 140.864134330000013, 40.56050569 ], [ 140.864376280000016, 40.55988431 ], [ 140.864466830000026, 40.55946903 ], [ 140.86442822, 40.55872928 ], [ 140.86433044, 40.55833622 ], [ 140.864329560000016, 40.55833333 ], [ 140.864327890000027, 40.55832789 ], [ 140.864158520000018, 40.557774 ], [ 140.86399047, 40.55734428 ], [ 140.863973800000025, 40.55697928 ], [ 140.86390742, 40.55665539 ], [ 140.863853800000015, 40.5563415 ], [ 140.863635750000014, 40.55613289 ], [ 140.86348075, 40.55607928 ], [ 140.86326075, 40.55588344 ], [ 140.863239360000023, 40.55585761 ], [ 140.86320852, 40.55582087 ], [ 140.86280105000003, 40.55533539 ], [ 140.86253134, 40.55504789 ], [ 140.862263550000023, 40.55465484 ], [ 140.862089950000012, 40.55422095 ], [ 140.86178523000001, 40.55398567 ], [ 140.861382720000023, 40.5536815 ], [ 140.86098192, 40.55337014 ], [ 140.860664140000011, 40.55301792 ], [ 140.86041859, 40.5527768 ], [ 140.859921630000031, 40.55244013 ], [ 140.859851360000022, 40.55236959 ], [ 140.859136640000031, 40.55197931 ], [ 140.858719140000034, 40.55180487 ], [ 140.85833944, 40.551592 ], [ 140.858333330000022, 40.55158859 ], [ 140.85827416, 40.55155541 ], [ 140.858041390000011, 40.55132987 ], [ 140.85794694, 40.55081875 ], [ 140.85784167, 40.55040041 ], [ 140.8576928, 40.55 ], [ 140.857690780000013, 40.54999459 ], [ 140.857629440000011, 40.54982959 ], [ 140.85735445, 40.54922541 ], [ 140.857033090000016, 40.54878847 ], [ 140.856697810000014, 40.54859541 ], [ 140.856610030000013, 40.54854486 ], [ 140.856114750000017, 40.5483082 ], [ 140.85547947, 40.54812486 ], [ 140.85534114, 40.54805875 ], [ 140.854193920000029, 40.54781792 ], [ 140.853357280000012, 40.54758541 ], [ 140.853032, 40.54737125 ], [ 140.85291394, 40.54732069 ], [ 140.852483670000026, 40.54692764 ], [ 140.85208477, 40.5465332 ], [ 140.851894500000014, 40.54639931 ], [ 140.851648660000023, 40.54593847 ], [ 140.85145481, 40.5453032 ], [ 140.85144925000003, 40.54495236 ], [ 140.85153786, 40.54469041 ], [ 140.851609530000019, 40.54458653 ], [ 140.851694810000026, 40.54446347 ], [ 140.852208420000011, 40.54419041 ], [ 140.852574250000032, 40.54402708 ], [ 140.852751480000023, 40.54389459 ], [ 140.852905360000022, 40.54373486 ], [ 140.852965910000023, 40.5436718 ], [ 140.853313140000012, 40.54341541 ], [ 140.85366425, 40.54313653 ], [ 140.85383092, 40.54290208 ], [ 140.8539173, 40.54278013 ], [ 140.854074470000029, 40.54265011 ], [ 140.85435508, 40.54241789 ], [ 140.85471148000002, 40.54221123 ], [ 140.855160360000013, 40.541804 ], [ 140.85538311000002, 40.54166667 ], [ 140.855391950000012, 40.54166123 ], [ 140.85548925, 40.54160123 ], [ 140.855719810000011, 40.54140539 ], [ 140.855968420000011, 40.54134177 ], [ 140.856270360000025, 40.54126428 ], [ 140.85653815, 40.54101789 ], [ 140.856730360000029, 40.54077261 ], [ 140.85717564, 40.54043317 ], [ 140.857744530000019, 40.54020508 ], [ 140.858130640000013, 40.54010231 ], [ 140.858333330000022, 40.54006992 ], [ 140.85833953, 40.54006892 ], [ 140.858836200000013, 40.53998953 ], [ 140.85976148, 40.53986703 ], [ 140.859972020000015, 40.53987814 ], [ 140.860352550000016, 40.53984731 ], [ 140.86073672, 40.53969508 ], [ 140.86074786, 40.53929203 ], [ 140.860878970000016, 40.53913286 ], [ 140.861220920000022, 40.538492 ], [ 140.86129481, 40.53814284 ], [ 140.861414810000014, 40.53793005 ], [ 140.86149341, 40.53757005 ], [ 140.86152202, 40.53743978 ], [ 140.86151258000001, 40.53717923 ], [ 140.86160314, 40.53671867 ], [ 140.86180287000002, 40.53643395 ], [ 140.86231258, 40.53603117 ], [ 140.862792870000021, 40.53558867 ], [ 140.86294064, 40.535327 ], [ 140.862986740000025, 40.53504089 ], [ 140.862959250000017, 40.53469284 ], [ 140.86294620000001, 40.53452533 ], [ 140.86312178, 40.53432644 ], [ 140.863526230000019, 40.53394197 ], [ 140.86363345, 40.53380947 ], [ 140.86403066, 40.5333942 ], [ 140.864097720000018, 40.53333333 ], [ 140.8641038, 40.5333278 ], [ 140.86453678, 40.53293475 ], [ 140.86481927, 40.53283197 ], [ 140.86531428, 40.53280947 ], [ 140.86575012, 40.53252475 ], [ 140.866084550000011, 40.53224197 ], [ 140.86666667, 40.5316288 ], [ 140.866672890000018, 40.53162225 ], [ 140.86672538000002, 40.53156695 ], [ 140.8673665, 40.53088944 ], [ 140.867577610000012, 40.53063833 ], [ 140.867863450000016, 40.53029917 ], [ 140.868199560000022, 40.529885 ], [ 140.868242050000021, 40.52963 ], [ 140.868230950000026, 40.52937639 ], [ 140.868364, 40.52918195 ], [ 140.868731780000019, 40.52887639 ], [ 140.868979270000011, 40.52849611 ], [ 140.86916205, 40.52803247 ], [ 140.869308170000011, 40.5277408 ], [ 140.869326500000028, 40.52763387 ], [ 140.86948733, 40.5272322 ], [ 140.86970348, 40.5265522 ], [ 140.869801240000015, 40.52602941 ], [ 140.870002630000016, 40.52537692 ], [ 140.870168220000011, 40.525 ], [ 140.870170660000014, 40.52499441 ], [ 140.87028903, 40.52472497 ], [ 140.87061958000001, 40.52405303 ], [ 140.871028200000012, 40.52332328 ], [ 140.871068470000012, 40.52325161 ], [ 140.87148375000001, 40.522328 ], [ 140.87225239, 40.52133689 ], [ 140.87303795, 40.52053523 ], [ 140.87387406000002, 40.51984492 ], [ 140.87441988, 40.51933214 ], [ 140.874666280000014, 40.51913103 ], [ 140.875, 40.51885897 ], [ 140.87500628, 40.51885386 ], [ 140.875051, 40.51881741 ], [ 140.875291, 40.51852853 ], [ 140.87550905, 40.51811908 ], [ 140.875619050000012, 40.51791241 ], [ 140.875786280000028, 40.51670684 ], [ 140.875826830000022, 40.51666667 ], [ 140.875832530000025, 40.516661 ], [ 140.87625017000002, 40.51624711 ], [ 140.87636075, 40.51585489 ], [ 140.876404920000027, 40.51514267 ], [ 140.87664881, 40.51468322 ], [ 140.876761580000021, 40.51447128 ], [ 140.87734852, 40.51349433 ], [ 140.87769241, 40.51276517 ], [ 140.878844360000016, 40.51165569 ], [ 140.87904936000001, 40.51140792 ], [ 140.879339640000012, 40.51119597 ], [ 140.87949131, 40.51106625 ], [ 140.880061500000011, 40.51024617 ], [ 140.87986713, 40.51025361 ], [ 140.87964614, 40.51032995 ], [ 140.879273550000022, 40.51052013 ], [ 140.878989390000015, 40.51081347 ], [ 140.87833939, 40.51103013 ], [ 140.877474670000026, 40.51111653 ], [ 140.87678689, 40.51106375 ], [ 140.876234940000018, 40.51078208 ], [ 140.87586883, 40.51046931 ], [ 140.875006330000019, 40.51020375 ], [ 140.875, 40.5102018 ], [ 140.874164690000015, 40.50994461 ], [ 140.873177200000015, 40.50945128 ], [ 140.872577760000013, 40.50929239 ], [ 140.87148414, 40.50910072 ], [ 140.871030530000013, 40.50895351 ], [ 140.87096248, 40.50893128 ], [ 140.86986722, 40.50895989 ], [ 140.868490900000012, 40.50833333 ], [ 140.868478440000018, 40.50832767 ], [ 140.868105010000022, 40.50815767 ], [ 140.86771694, 40.50808044 ], [ 140.86738445, 40.50812211 ], [ 140.86701861, 40.50826267 ], [ 140.866766110000015, 40.50825461 ], [ 140.866673060000011, 40.50823253 ], [ 140.86666667, 40.50823103 ], [ 140.86590167, 40.50804933 ], [ 140.865374480000014, 40.50782017 ], [ 140.864773090000028, 40.50780628 ], [ 140.864431700000011, 40.50774853 ], [ 140.864161140000022, 40.5075838 ], [ 140.863615580000015, 40.50706628 ], [ 140.863224190000011, 40.50683713 ], [ 140.862203920000013, 40.50653853 ], [ 140.86120531, 40.50638769 ], [ 140.86091672, 40.50643547 ], [ 140.860649220000028, 40.50647964 ], [ 140.8603545, 40.50659825 ], [ 140.858660610000015, 40.50685075 ], [ 140.858339780000023, 40.50684303 ], [ 140.858333330000022, 40.50684289 ], [ 140.858130050000028, 40.50683797 ], [ 140.857788660000011, 40.5067252 ], [ 140.85717506, 40.50642769 ], [ 140.85650562, 40.50636187 ], [ 140.85563367, 40.50618328 ], [ 140.85504728, 40.506188 ], [ 140.854580360000028, 40.50612467 ], [ 140.85365092, 40.50572689 ], [ 140.85327647, 40.50555633 ], [ 140.85288341, 40.5053005 ], [ 140.85258730000001, 40.50521744 ], [ 140.85229564, 40.5052555 ], [ 140.851425080000013, 40.50576967 ], [ 140.851097300000021, 40.5058605 ], [ 140.850657300000023, 40.50605244 ], [ 140.850006470000011, 40.50633603 ], [ 140.85, 40.50633886 ], [ 140.849905080000013, 40.50638022 ], [ 140.84965564, 40.50660025 ], [ 140.84865815, 40.50764247 ], [ 140.848009800000028, 40.50782331 ], [ 140.84741453, 40.50770803 ], [ 140.84708036, 40.50738414 ], [ 140.84678453, 40.50722275 ], [ 140.846352310000015, 40.50711664 ], [ 140.84587484, 40.50715831 ], [ 140.845631500000025, 40.50725164 ], [ 140.84502095000002, 40.50735969 ], [ 140.844579560000028, 40.50714331 ], [ 140.844184, 40.50639414 ], [ 140.84367623, 40.50591692 ], [ 140.84337234, 40.50586025 ], [ 140.842538170000012, 40.50564608 ], [ 140.84190652, 40.50530359 ], [ 140.84185986, 40.50527831 ], [ 140.841785690000023, 40.50506747 ], [ 140.841906810000012, 40.50474913 ], [ 140.84211375000001, 40.50447859 ], [ 140.842314860000016, 40.50394969 ], [ 140.84204431, 40.50354025 ], [ 140.841673190000023, 40.50341123 ], [ 140.84166667, 40.50340895 ], [ 140.841315690000016, 40.50328692 ], [ 140.84104986, 40.50330303 ], [ 140.8407793, 40.50350914 ], [ 140.840425690000018, 40.50394497 ], [ 140.840212630000025, 40.50408664 ], [ 140.83982597, 40.50410275 ], [ 140.838928200000026, 40.50404723 ], [ 140.83857319, 40.50385722 ], [ 140.838252670000031, 40.50371444 ], [ 140.837974620000011, 40.50369139 ], [ 140.83776294, 40.50375111 ], [ 140.83696545, 40.50412917 ], [ 140.836542110000011, 40.50412444 ], [ 140.83622183, 40.50395861 ], [ 140.836082670000025, 40.50391695 ], [ 140.83552655, 40.50358056 ], [ 140.835242670000014, 40.50322084 ], [ 140.835496010000014, 40.502705 ], [ 140.83547017, 40.50249861 ], [ 140.83540961, 40.50225805 ], [ 140.835107670000014, 40.50190528 ], [ 140.83474131, 40.50157251 ], [ 140.83446964, 40.50133861 ], [ 140.834124360000033, 40.50116056 ], [ 140.83387436000001, 40.50111777 ], [ 140.83351436, 40.50111278 ], [ 140.833339920000014, 40.50112877 ], [ 140.833333330000016, 40.50112936 ], [ 140.83311769, 40.50114917 ], [ 140.83272964, 40.50120833 ], [ 140.832436300000012, 40.50122833 ], [ 140.83207825, 40.50118528 ], [ 140.831672970000028, 40.50104028 ], [ 140.83139241, 40.50085584 ], [ 140.831151020000021, 40.50062528 ], [ 140.830972410000015, 40.50035667 ], [ 140.830855750000012, 40.50012917 ], [ 140.830765690000021, 40.5 ], [ 140.8307618, 40.49999444 ], [ 140.830679100000026, 40.49987584 ], [ 140.830385770000021, 40.49940778 ], [ 140.830094670000022, 40.49908 ], [ 140.82984883, 40.49886913 ], [ 140.829732440000015, 40.49869775 ], [ 140.82971577, 40.49839969 ], [ 140.829706610000017, 40.49823303 ], [ 140.829543, 40.49812441 ], [ 140.829210780000011, 40.49793331 ], [ 140.82900633, 40.49782303 ], [ 140.828814110000025, 40.49771913 ], [ 140.828559660000025, 40.49757747 ], [ 140.82839134, 40.49753775 ], [ 140.82817355, 40.49752303 ], [ 140.82775523, 40.49749997 ], [ 140.827703550000024, 40.4974308 ], [ 140.827569690000018, 40.49680164 ], [ 140.82750109, 40.49658747 ], [ 140.827345810000025, 40.49637997 ], [ 140.827246640000027, 40.49623497 ], [ 140.826944700000013, 40.49607997 ], [ 140.82673109000001, 40.49600914 ], [ 140.82639053, 40.49592025 ], [ 140.826243870000013, 40.49590692 ], [ 140.825993580000016, 40.49591359 ], [ 140.82584691, 40.49595636 ], [ 140.825605520000011, 40.49609497 ], [ 140.825135530000011, 40.49650664 ], [ 140.825006640000026, 40.49656731 ], [ 140.825, 40.49657044 ], [ 140.824889970000015, 40.49662223 ], [ 140.824661360000022, 40.49665833 ], [ 140.82441553000001, 40.49663861 ], [ 140.82424942, 40.49654139 ], [ 140.824068300000022, 40.49634695 ], [ 140.82394331, 40.49629751 ], [ 140.823481630000032, 40.49616584 ], [ 140.82324886, 40.49617223 ], [ 140.82303747, 40.49620861 ], [ 140.822864970000012, 40.49624139 ], [ 140.82259331, 40.49630084 ], [ 140.82236053, 40.49632695 ], [ 140.822076080000016, 40.49630389 ], [ 140.82159306, 40.49618195 ], [ 140.821291120000012, 40.49606361 ], [ 140.82040917, 40.49559389 ], [ 140.820193330000023, 40.49545556 ], [ 140.820125840000031, 40.495405 ], [ 140.82002555, 40.49533028 ], [ 140.81956195, 40.49459056 ], [ 140.819415280000015, 40.49437639 ], [ 140.818845840000023, 40.49367775 ], [ 140.81868861, 40.49343608 ], [ 140.818615310000013, 40.49322497 ], [ 140.81858058, 40.49310636 ], [ 140.818619470000016, 40.49279664 ], [ 140.81864975000002, 40.49254303 ], [ 140.818421410000013, 40.49235525 ], [ 140.818097810000012, 40.49225303 ], [ 140.81734975, 40.49200414 ], [ 140.81704781000002, 40.49181969 ], [ 140.81681475000002, 40.49167803 ], [ 140.816803890000017, 40.49166667 ], [ 140.81679852000002, 40.49166108 ], [ 140.81667336000001, 40.49153039 ], [ 140.816666670000018, 40.49152339 ], [ 140.8163192, 40.49116053 ], [ 140.816220030000011, 40.49096331 ], [ 140.816068910000013, 40.49079525 ], [ 140.815631170000017, 40.49010469 ], [ 140.81552339000001, 40.4898708 ], [ 140.81505562000001, 40.48904217 ], [ 140.814887280000022, 40.48873272 ], [ 140.814680610000011, 40.48843939 ], [ 140.814473390000018, 40.48836689 ], [ 140.814253670000028, 40.48831272 ], [ 140.814085330000012, 40.48827133 ], [ 140.81371866, 40.48820884 ], [ 140.813412559999989, 40.48815605 ], [ 140.812655620000015, 40.48810495 ], [ 140.812207280000024, 40.48810495 ], [ 140.81190533, 40.48804217 ], [ 140.8113362, 40.48787105 ], [ 140.811068690000013, 40.48772272 ], [ 140.8108662, 40.48754467 ], [ 140.81073674000001, 40.48737022 ], [ 140.81062897000001, 40.48712967 ], [ 140.81061815000001, 40.48689384 ], [ 140.81065258000001, 40.48663689 ], [ 140.810721480000012, 40.48634689 ], [ 140.810848970000023, 40.48572939 ], [ 140.81086202, 40.48544605 ], [ 140.810848970000023, 40.48502741 ], [ 140.810840360000014, 40.48452325 ], [ 140.81083397, 40.48424492 ], [ 140.81073927, 40.48340159 ], [ 140.81072789000001, 40.48333333 ], [ 140.810726980000027, 40.48332769 ], [ 140.810695940000016, 40.48314131 ], [ 140.810566500000022, 40.48290741 ], [ 140.810279830000013, 40.48253992 ], [ 140.8099865, 40.48220714 ], [ 140.809835940000028, 40.48203239 ], [ 140.80968066, 40.48178239 ], [ 140.809678440000027, 40.48176961 ], [ 140.80962012, 40.48142323 ], [ 140.80957927, 40.48118433 ], [ 140.809635380000032, 40.48094044 ], [ 140.80987678, 40.48037017 ], [ 140.81001927, 40.48014628 ], [ 140.81065956, 40.47943323 ], [ 140.81106066000001, 40.47897847 ], [ 140.81148761, 40.47855653 ], [ 140.811560970000016, 40.47833903 ], [ 140.81155042, 40.47789959 ], [ 140.811438200000026, 40.47728987 ], [ 140.81139514, 40.4769868 ], [ 140.81132820000002, 40.47669513 ], [ 140.811224580000015, 40.47637205 ], [ 140.81102625, 40.47605261 ], [ 140.810927080000027, 40.47581205 ], [ 140.810347370000017, 40.47517095 ], [ 140.81018314, 40.475 ], [ 140.81017764, 40.47499428 ], [ 140.81006263, 40.47487456 ], [ 140.809829580000013, 40.47452872 ], [ 140.80965294, 40.47409372 ], [ 140.809631280000019, 40.47385317 ], [ 140.80964545, 40.47361567 ], [ 140.80964655, 40.47359789 ], [ 140.80971545, 40.47297175 ], [ 140.809737110000015, 40.47268841 ], [ 140.80951934, 40.47187287 ], [ 140.809463220000026, 40.47164536 ], [ 140.80927377, 40.47136536 ], [ 140.80890711, 40.4708548 ], [ 140.808816550000017, 40.47065731 ], [ 140.808706550000011, 40.47040841 ], [ 140.80856409, 40.46978561 ], [ 140.8085427, 40.46951867 ], [ 140.808555470000016, 40.46931117 ], [ 140.808665470000022, 40.46873617 ], [ 140.80874326, 40.468512 ], [ 140.808833800000031, 40.46811978 ], [ 140.808799360000023, 40.46775451 ], [ 140.80876686000002, 40.46751561 ], [ 140.808659080000012, 40.46670475 ], [ 140.80865591, 40.46666667 ], [ 140.80865542, 40.46666087 ], [ 140.808637420000025, 40.46644447 ], [ 140.80863326, 40.4663192 ], [ 140.80883409, 40.46569169 ], [ 140.80893326, 40.46541141 ], [ 140.808998, 40.46511503 ], [ 140.808998, 40.4648542 ], [ 140.808998, 40.46465059 ], [ 140.80895272, 40.46430947 ], [ 140.80887494000001, 40.46406892 ], [ 140.80858606000001, 40.46349223 ], [ 140.808469660000014, 40.46325167 ], [ 140.808340220000019, 40.46297784 ], [ 140.808333330000011, 40.46296328 ], [ 140.80811384, 40.46249889 ], [ 140.80798883, 40.46222195 ], [ 140.80790689, 40.461965 ], [ 140.80765883, 40.46138333 ], [ 140.80762859, 40.46111 ], [ 140.80760747, 40.46076751 ], [ 140.807605250000023, 40.45997831 ], [ 140.807501630000019, 40.45909859 ], [ 140.80753608, 40.45884469 ], [ 140.807540530000011, 40.45860414 ], [ 140.807574970000019, 40.45851525 ], [ 140.80766764, 40.45833333 ], [ 140.807670610000031, 40.45832747 ], [ 140.80772608, 40.45821859 ], [ 140.807745250000011, 40.45801941 ], [ 140.80771525, 40.45780859 ], [ 140.80748219000003, 40.45743969 ], [ 140.80727525, 40.45709025 ], [ 140.80716109, 40.45684164 ], [ 140.80707056, 40.45662411 ], [ 140.806984160000013, 40.45632105 ], [ 140.806915010000012, 40.45619828 ], [ 140.8068375, 40.45606051 ], [ 140.806725280000023, 40.45585967 ], [ 140.806522780000023, 40.45561244 ], [ 140.806115280000029, 40.455133 ], [ 140.805977500000012, 40.45491551 ], [ 140.80583501000001, 40.45464856 ], [ 140.80565834, 40.45403605 ], [ 140.805638890000012, 40.45376078 ], [ 140.80560445, 40.45291075 ], [ 140.80560861, 40.4526602 ], [ 140.805498640000025, 40.45211825 ], [ 140.80535197, 40.45176547 ], [ 140.80521837, 40.45150213 ], [ 140.805106130000013, 40.4512552 ], [ 140.805054470000016, 40.45102436 ], [ 140.8051428, 40.45064713 ], [ 140.80520336, 40.45041325 ], [ 140.805160030000025, 40.45015297 ], [ 140.8051193, 40.45 ], [ 140.80511772, 40.44999408 ], [ 140.80511698, 40.44999131 ], [ 140.8049617, 40.44983659 ], [ 140.804664480000014, 40.44968159 ], [ 140.80434947, 40.44952687 ], [ 140.803998080000014, 40.44928131 ], [ 140.803825580000023, 40.4491035 ], [ 140.80374781, 40.448906 ], [ 140.803773920000026, 40.44877072 ], [ 140.803648660000022, 40.44864572 ], [ 140.80340283000001, 40.44858961 ], [ 140.8029845, 40.44862905 ], [ 140.80295895, 40.44863072 ], [ 140.802406720000022, 40.44866851 ], [ 140.80206589, 40.44872433 ], [ 140.801768660000022, 40.44878044 ], [ 140.80151423, 40.44888267 ], [ 140.80111949, 40.44905877 ], [ 140.80077866000002, 40.44917433 ], [ 140.800472550000023, 40.44927295 ], [ 140.80014477, 40.44933905 ], [ 140.800007, 40.44935484 ], [ 140.8, 40.44935564 ], [ 140.799540900000011, 40.44940822 ], [ 140.799217560000017, 40.449441 ], [ 140.79883811000002, 40.44947072 ], [ 140.79861811, 40.44948072 ], [ 140.79809423, 40.44945933 ], [ 140.79781394, 40.44943295 ], [ 140.79750783, 40.44938351 ], [ 140.796722830000022, 40.44925489 ], [ 140.796347560000015, 40.44923184 ], [ 140.7962009, 40.44926156 ], [ 140.7959509, 40.44933072 ], [ 140.79571783, 40.44944572 ], [ 140.795213390000015, 40.44961711 ], [ 140.794853390000014, 40.44967822 ], [ 140.79440922, 40.44966156 ], [ 140.793939220000027, 40.44950351 ], [ 140.793736450000011, 40.44940461 ], [ 140.793542280000025, 40.44934517 ], [ 140.793382830000013, 40.44933877 ], [ 140.7932145, 40.44940461 ], [ 140.793110900000016, 40.44951989 ], [ 140.79300756, 40.44979017 ], [ 140.79284092, 40.44999405 ], [ 140.792836060000013, 40.45 ], [ 140.79278394, 40.45006377 ], [ 140.79274228, 40.45011461 ], [ 140.79248339, 40.45038489 ], [ 140.79233837000001, 40.45057164 ], [ 140.792306720000028, 40.45061239 ], [ 140.791799780000019, 40.45108159 ], [ 140.791673670000023, 40.45118459 ], [ 140.791666670000012, 40.45119028 ], [ 140.791549780000025, 40.45128575 ], [ 140.7914117, 40.45159575 ], [ 140.791278080000012, 40.45185936 ], [ 140.791088370000011, 40.45211631 ], [ 140.791025580000024, 40.45235853 ], [ 140.791016980000023, 40.45259908 ], [ 140.79104725000002, 40.45279659 ], [ 140.79117224, 40.45313575 ], [ 140.791269470000032, 40.45335825 ], [ 140.791346980000014, 40.45359547 ], [ 140.7913428, 40.45388217 ], [ 140.791286690000021, 40.45409967 ], [ 140.791174470000016, 40.45432384 ], [ 140.791006420000031, 40.45447856 ], [ 140.79084669, 40.454673 ], [ 140.79060725, 40.45499772 ], [ 140.79041336, 40.45523161 ], [ 140.790154480000012, 40.45553439 ], [ 140.789613090000017, 40.45621828 ], [ 140.789332800000011, 40.45659387 ], [ 140.78916031, 40.45676192 ], [ 140.78898781, 40.45684108 ], [ 140.788737810000015, 40.45689053 ], [ 140.787636140000018, 40.45707636 ], [ 140.787619200000023, 40.45708053 ], [ 140.787140030000018, 40.45719497 ], [ 140.78684669, 40.45723136 ], [ 140.78664837, 40.45717192 ], [ 140.78633781000002, 40.45696108 ], [ 140.786044480000015, 40.45679969 ], [ 140.786003500000021, 40.45677478 ], [ 140.78572975, 40.45660831 ], [ 140.78517975, 40.45622469 ], [ 140.78488253, 40.45610941 ], [ 140.78457642, 40.45604025 ], [ 140.783886130000013, 40.45583608 ], [ 140.783593090000011, 40.45571414 ], [ 140.78334031, 40.45561751 ], [ 140.78333333, 40.45561484 ], [ 140.78325669, 40.45558553 ], [ 140.782469470000024, 40.4554258 ], [ 140.78184837, 40.45543247 ], [ 140.781633090000014, 40.45544553 ], [ 140.78133531, 40.45541887 ], [ 140.78100752, 40.4552972 ], [ 140.78073586, 40.45512247 ], [ 140.78045144, 40.45496441 ], [ 140.780188110000012, 40.45478969 ], [ 140.779983390000012, 40.45447831 ], [ 140.779776450000014, 40.45428387 ], [ 140.77881450000001, 40.45378303 ], [ 140.778543110000015, 40.45363164 ], [ 140.778066720000027, 40.45339664 ], [ 140.777570610000026, 40.4531522 ], [ 140.777277280000021, 40.45298414 ], [ 140.777005620000011, 40.45284553 ], [ 140.776808220000021, 40.45274308 ], [ 140.776345620000029, 40.45250303 ], [ 140.77604394, 40.45232831 ], [ 140.77567061000002, 40.45216525 ], [ 140.77541647000001, 40.45203331 ], [ 140.775007030000012, 40.45192159 ], [ 140.775, 40.45191969 ], [ 140.77499397, 40.45191803 ], [ 140.774648970000015, 40.45182247 ], [ 140.77442898000001, 40.45173359 ], [ 140.7736137, 40.45152275 ], [ 140.77326008, 40.45139751 ], [ 140.77258341000001, 40.45126195 ], [ 140.77241258, 40.45122777 ], [ 140.77220564000001, 40.45122777 ], [ 140.77198175, 40.45126389 ], [ 140.77189536, 40.45133 ], [ 140.771714250000031, 40.45150444 ], [ 140.77163231000003, 40.45163972 ], [ 140.77130008, 40.45221972 ], [ 140.771110360000023, 40.45247 ], [ 140.770711480000017, 40.45323584 ], [ 140.77049148, 40.45343031 ], [ 140.770168150000018, 40.45358197 ], [ 140.769870340000011, 40.45373669 ], [ 140.76938311, 40.45391475 ], [ 140.76932616000002, 40.4538992 ], [ 140.769046740000022, 40.45382253 ], [ 140.76892591, 40.45375641 ], [ 140.76845591, 40.4535192 ], [ 140.768089250000031, 40.45329531 ], [ 140.76700703, 40.45275475 ], [ 140.766673700000013, 40.4526108 ], [ 140.76666667, 40.45260777 ], [ 140.766114250000015, 40.4523692 ], [ 140.7658037, 40.4522342 ], [ 140.76448647, 40.45185031 ], [ 140.76353314, 40.45158669 ], [ 140.763248690000012, 40.45146475 ], [ 140.7627137, 40.45124725 ], [ 140.762413970000011, 40.45103475 ], [ 140.76220261, 40.45083392 ], [ 140.761883450000028, 40.45044197 ], [ 140.761724, 40.4500628 ], [ 140.761702219999989, 40.45 ], [ 140.761700220000023, 40.4499942 ], [ 140.761650950000018, 40.44985197 ], [ 140.76147623, 40.4489542 ], [ 140.761450390000022, 40.44868725 ], [ 140.761412330000013, 40.44855753 ], [ 140.761277890000031, 40.44809753 ], [ 140.76111623, 40.44776308 ], [ 140.760947890000011, 40.44758531 ], [ 140.76079261000001, 40.44742392 ], [ 140.76049633, 40.44723336 ], [ 140.76019317, 40.44703836 ], [ 140.75992567, 40.44687364 ], [ 140.759248750000012, 40.44649447 ], [ 140.75861486, 40.44620141 ], [ 140.7584382, 40.44615197 ], [ 140.758340410000017, 40.44614431 ], [ 140.758333330000028, 40.44614375 ], [ 140.758058760000011, 40.44612225 ], [ 140.75753681, 40.44604975 ], [ 140.757295140000025, 40.44592447 ], [ 140.757105420000016, 40.44577614 ], [ 140.756846810000013, 40.44557531 ], [ 140.75669348, 40.44520447 ], [ 140.75660292, 40.44498364 ], [ 140.75660514, 40.44410586 ], [ 140.75649292, 40.44362808 ], [ 140.756419580000028, 40.44341725 ], [ 140.756182920000015, 40.44310086 ], [ 140.75604905, 40.44299531 ], [ 140.755837660000026, 40.44279113 ], [ 140.75563073, 40.44264947 ], [ 140.755287950000024, 40.44224613 ], [ 140.75511294, 40.44202808 ], [ 140.754822500000017, 40.44166667 ], [ 140.75481783, 40.44166087 ], [ 140.75375462, 40.44034975 ], [ 140.752918220000026, 40.43944031 ], [ 140.752702700000015, 40.43917364 ], [ 140.75234881, 40.43893308 ], [ 140.752059920000022, 40.43875503 ], [ 140.75174464, 40.4386528 ], [ 140.751401860000016, 40.43863141 ], [ 140.75110575, 40.43862447 ], [ 140.75051353, 40.43873031 ], [ 140.75000713, 40.43884147 ], [ 140.75, 40.43884303 ], [ 140.74990241, 40.43886447 ], [ 140.74900464000001, 40.43905559 ], [ 140.74842131, 40.43910503 ], [ 140.748180470000023, 40.43912641 ], [ 140.74793075, 40.4392042 ], [ 140.747662140000017, 40.43926059 ], [ 140.74745852, 40.43916864 ], [ 140.74697742, 40.43879392 ], [ 140.74649881, 40.43852503 ], [ 140.746056300000021, 40.43830031 ], [ 140.745398810000012, 40.43813033 ], [ 140.74502852, 40.43812339 ], [ 140.74456964, 40.43811478 ], [ 140.743902140000017, 40.4380995 ], [ 140.743220190000017, 40.43798786 ], [ 140.743194640000013, 40.43798367 ], [ 140.741945750000014, 40.43785617 ], [ 140.741673800000029, 40.43785617 ], [ 140.74166667, 40.43785617 ], [ 140.74155131, 40.43785617 ], [ 140.74128825, 40.43794117 ], [ 140.740479360000023, 40.438412 ], [ 140.739549080000018, 40.43896061 ], [ 140.739063800000025, 40.43924647 ], [ 140.738527980000015, 40.43948592 ], [ 140.73806769, 40.4395748 ], [ 140.73720825, 40.43954397 ], [ 140.73697547, 40.43959813 ], [ 140.736500190000015, 40.43976008 ], [ 140.736014920000031, 40.43982953 ], [ 140.73512492, 40.43988369 ], [ 140.73465769, 40.43985592 ], [ 140.73447798, 40.43984508 ], [ 140.734093800000011, 40.43968259 ], [ 140.73389158, 40.43950508 ], [ 140.73352742000003, 40.43909564 ], [ 140.733394620000013, 40.43888459 ], [ 140.73334047, 40.43879856 ], [ 140.733333330000022, 40.43878722 ], [ 140.733274640000019, 40.43869397 ], [ 140.733178520000024, 40.4384662 ], [ 140.73312798, 40.43823453 ], [ 140.733036860000027, 40.43794092 ], [ 140.732966060000024, 40.43764731 ], [ 140.732986330000017, 40.43740008 ], [ 140.732956060000021, 40.43711425 ], [ 140.73292577, 40.43690564 ], [ 140.73273856000003, 40.43634536 ], [ 140.732718560000023, 40.43610592 ], [ 140.73273856000003, 40.4359362 ], [ 140.73288022, 40.4358512 ], [ 140.73314328, 40.43569675 ], [ 140.733333330000022, 40.43558628 ], [ 140.733340510000033, 40.43558211 ], [ 140.733396060000018, 40.4355498 ], [ 140.73364883, 40.43537231 ], [ 140.733886330000018, 40.4351212 ], [ 140.734129100000018, 40.43481978 ], [ 140.73440217000001, 40.43451839 ], [ 140.73479161, 40.434337 ], [ 140.735186060000018, 40.43420589 ], [ 140.735469100000017, 40.43408228 ], [ 140.73547910000002, 40.43397422 ], [ 140.735256610000022, 40.43375005 ], [ 140.73477134, 40.43348728 ], [ 140.73444772000002, 40.43336367 ], [ 140.73422672, 40.43333333 ], [ 140.734184670000019, 40.43332756 ], [ 140.73397828, 40.43329922 ], [ 140.73394217, 40.43329422 ], [ 140.73339633, 40.43317839 ], [ 140.73334053, 40.43316505 ], [ 140.733333330000022, 40.43316336 ], [ 140.733072750000019, 40.43310117 ], [ 140.73253664, 40.43272256 ], [ 140.731773310000023, 40.43200784 ], [ 140.73144969, 40.43170644 ], [ 140.731272750000016, 40.43140923 ], [ 140.731201920000018, 40.43110784 ], [ 140.731323310000022, 40.43079895 ], [ 140.73161636, 40.43049784 ], [ 140.732233310000026, 40.43028923 ], [ 140.732744140000023, 40.43000728 ], [ 140.7330272, 40.42984505 ], [ 140.73326997, 40.42969811 ], [ 140.733333330000022, 40.42962033 ], [ 140.73334053, 40.4296115 ], [ 140.733553020000016, 40.42935061 ], [ 140.73404358, 40.428837 ], [ 140.734296390000026, 40.42861284 ], [ 140.73454917, 40.42845059 ], [ 140.734801950000019, 40.42832697 ], [ 140.73529222, 40.4281842 ], [ 140.73568667, 40.42802197 ], [ 140.735858340000021, 40.42785975 ], [ 140.735797780000013, 40.42770503 ], [ 140.735686390000012, 40.42733975 ], [ 140.73559555, 40.42704087 ], [ 140.735535280000022, 40.42656975 ], [ 140.73560083000001, 40.4261642 ], [ 140.735742500000015, 40.4257778 ], [ 140.735853610000021, 40.42549197 ], [ 140.735924450000027, 40.4253142 ], [ 140.73581834, 40.42512503 ], [ 140.735758, 40.42504672 ], [ 140.735722, 40.425 ], [ 140.73571752, 40.4249942 ], [ 140.73561611, 40.42486253 ], [ 140.735161120000015, 40.42451503 ], [ 140.734877780000033, 40.42430641 ], [ 140.734625030000018, 40.42400503 ], [ 140.734311410000032, 40.42360336 ], [ 140.73419530000001, 40.42333669 ], [ 140.734215580000011, 40.42307392 ], [ 140.73438725, 40.42285003 ], [ 140.734741410000026, 40.42259503 ], [ 140.73492336000001, 40.42247141 ], [ 140.73547947000003, 40.42178417 ], [ 140.73553003, 40.42166056 ], [ 140.73553003, 40.42152139 ], [ 140.73512058, 40.42069084 ], [ 140.73512058, 40.42042056 ], [ 140.735231700000014, 40.41998028 ], [ 140.73557562000002, 40.41937805 ], [ 140.73552895, 40.41918861 ], [ 140.735456160000012, 40.41901751 ], [ 140.735310340000012, 40.41881028 ], [ 140.73512839, 40.41863917 ], [ 140.734530050000018, 40.41815361 ], [ 140.734384230000018, 40.41799417 ], [ 140.734233390000014, 40.41780305 ], [ 140.73402783, 40.41729972 ], [ 140.73395506, 40.41704111 ], [ 140.733934230000017, 40.41670251 ], [ 140.73393689, 40.41666667 ], [ 140.7339373, 40.41666084 ], [ 140.73396005, 40.41635222 ], [ 140.733908110000016, 40.41611333 ], [ 140.73381978, 40.41593417 ], [ 140.73356978000001, 40.41580278 ], [ 140.733340610000027, 40.41579517 ], [ 140.73333562000002, 40.415795 ], [ 140.733333330000022, 40.41579514 ], [ 140.73302866, 40.41581472 ], [ 140.732440610000026, 40.41587056 ], [ 140.732185620000024, 40.41583861 ], [ 140.73175394, 40.41579084 ], [ 140.73095508, 40.41570139 ], [ 140.73054898, 40.41566944 ], [ 140.73014314, 40.41572917 ], [ 140.72996064, 40.41574223 ], [ 140.729919250000023, 40.41574528 ], [ 140.729534250000029, 40.41586472 ], [ 140.729024230000022, 40.41602392 ], [ 140.728623380000016, 40.41616308 ], [ 140.728383940000015, 40.41620308 ], [ 140.728108110000022, 40.41618308 ], [ 140.72778589, 40.41611947 ], [ 140.727546470000021, 40.4159642 ], [ 140.727338420000024, 40.41580087 ], [ 140.72706258, 40.41571336 ], [ 140.72674759, 40.4157192 ], [ 140.726383410000011, 40.4157392 ], [ 140.72595148000002, 40.41576308 ], [ 140.72566508, 40.41583836 ], [ 140.72533202, 40.41591808 ], [ 140.725007300000016, 40.41596259 ], [ 140.725, 40.41596359 ], [ 140.724983410000021, 40.41596586 ], [ 140.724478420000025, 40.41607336 ], [ 140.72388533, 40.41626447 ], [ 140.72337034, 40.41646364 ], [ 140.723016450000017, 40.41661087 ], [ 140.72296287, 40.41666086 ], [ 140.72295667, 40.41666667 ], [ 140.72282895, 40.41678587 ], [ 140.722706720000019, 40.41708253 ], [ 140.722639220000019, 40.41722975 ], [ 140.72233728, 40.41810561 ], [ 140.722280050000023, 40.41831644 ], [ 140.721983380000012, 40.41913256 ], [ 140.72177228000001, 40.41937784 ], [ 140.721540050000016, 40.41950005 ], [ 140.721332280000013, 40.41951867 ], [ 140.720856160000011, 40.41950005 ], [ 140.720575060000016, 40.41950005 ], [ 140.720208660000026, 40.41956505 ], [ 140.719927830000017, 40.41973311 ], [ 140.71967756, 40.42004561 ], [ 140.719469780000026, 40.42027895 ], [ 140.71933562000001, 40.42043756 ], [ 140.71900589, 40.42054005 ], [ 140.71848949, 40.42073284 ], [ 140.718480610000029, 40.42073617 ], [ 140.717784470000026, 40.42098814 ], [ 140.717466980000012, 40.42110897 ], [ 140.71738141000003, 40.42147286 ], [ 140.71738141000003, 40.42177147 ], [ 140.717442530000028, 40.42215397 ], [ 140.717466980000012, 40.42234064 ], [ 140.71745475, 40.4224712 ], [ 140.71734475, 40.4227698 ], [ 140.71725336, 40.42315675 ], [ 140.717242630000015, 40.42353305 ], [ 140.71724114, 40.42358592 ], [ 140.71719224, 40.42420175 ], [ 140.71716781, 40.42464036 ], [ 140.71719224, 40.4248548 ], [ 140.717215080000017, 40.42499425 ], [ 140.717216010000016, 40.425 ], [ 140.71725336, 40.42522813 ], [ 140.717350830000015, 40.42545175 ], [ 140.71755861, 40.4258062 ], [ 140.717509730000017, 40.42589953 ], [ 140.71696, 40.42640341 ], [ 140.71667389000001, 40.42660753 ], [ 140.71666667, 40.42661269 ], [ 140.716593610000018, 40.4266648 ], [ 140.71638, 40.42712647 ], [ 140.716196670000016, 40.42737817 ], [ 140.71607472, 40.42756484 ], [ 140.715891390000024, 40.427714 ], [ 140.715549440000018, 40.42788205 ], [ 140.71517083, 40.42794733 ], [ 140.714828880000027, 40.42797539 ], [ 140.714808050000016, 40.42797705 ], [ 140.71436472, 40.42801261 ], [ 140.71390112, 40.42814344 ], [ 140.71352250000001, 40.42832067 ], [ 140.71308278, 40.42853484 ], [ 140.712887500000022, 40.42871205 ], [ 140.712753060000011, 40.42888011 ], [ 140.7125575, 40.42899205 ], [ 140.71227667, 40.42905733 ], [ 140.711836940000012, 40.42913205 ], [ 140.711482780000011, 40.42921595 ], [ 140.71118973, 40.42934677 ], [ 140.71071333, 40.42956123 ], [ 140.71023722000001, 40.429664 ], [ 140.709840270000029, 40.42965928 ], [ 140.70959611, 40.42963125 ], [ 140.709425010000018, 40.42947261 ], [ 140.70929056, 40.42925789 ], [ 140.709284450000013, 40.42889872 ], [ 140.709333610000016, 40.42859095 ], [ 140.709248340000016, 40.42825511 ], [ 140.709089440000014, 40.42794705 ], [ 140.70893056, 40.42787233 ], [ 140.708747500000015, 40.42782595 ], [ 140.708503330000013, 40.42780705 ], [ 140.708340560000011, 40.4278358 ], [ 140.708333330000016, 40.42783708 ], [ 140.70818555, 40.42786317 ], [ 140.70750167, 40.42793789 ], [ 140.706866670000011, 40.42798459 ], [ 140.706176670000019, 40.42800764 ], [ 140.706056390000015, 40.42801041 ], [ 140.705749170000018, 40.42801708 ], [ 140.70528834000001, 40.42789264 ], [ 140.704686940000016, 40.42783987 ], [ 140.70440611, 40.42777459 ], [ 140.703807500000011, 40.42745736 ], [ 140.70363158, 40.42739497 ], [ 140.703215280000023, 40.42724736 ], [ 140.702885550000019, 40.42716347 ], [ 140.70265361, 40.42712597 ], [ 140.701993890000011, 40.42724736 ], [ 140.70140167, 40.42727987 ], [ 140.700766940000022, 40.42741041 ], [ 140.70026611, 40.42758764 ], [ 140.70002195, 40.42775569 ], [ 140.70000722, 40.42776959 ], [ 140.7, 40.42777639 ], [ 140.699814160000017, 40.42795153 ], [ 140.699777780000034, 40.42821264 ], [ 140.699643330000015, 40.42879125 ], [ 140.69937472, 40.42929487 ], [ 140.699228050000016, 40.429416 ], [ 140.698873890000016, 40.42935072 ], [ 140.698470830000019, 40.42915489 ], [ 140.697071670000014, 40.42855933 ], [ 140.69659611, 40.42835711 ], [ 140.69616861, 40.42818905 ], [ 140.69575361, 40.42804933 ], [ 140.695057780000013, 40.428096 ], [ 140.693988890000014, 40.42803517 ], [ 140.693756940000014, 40.42789517 ], [ 140.69360445, 40.42766656 ], [ 140.69328667, 40.42728433 ], [ 140.69309139, 40.42722851 ], [ 140.69267611, 40.42720989 ], [ 140.692395280000028, 40.42715377 ], [ 140.69221195, 40.42706044 ], [ 140.69169917, 40.426846 ], [ 140.69167389, 40.42684825 ], [ 140.691666670000018, 40.42684889 ], [ 140.69149139000001, 40.42686461 ], [ 140.69022167, 40.42724684 ], [ 140.689293330000027, 40.42763877 ], [ 140.68902472, 40.42770405 ], [ 140.68867056000002, 40.427676 ], [ 140.688267500000023, 40.42752684 ], [ 140.687913330000015, 40.42734933 ], [ 140.68769361, 40.42717211 ], [ 140.6875225, 40.42702295 ], [ 140.687412780000017, 40.42678961 ], [ 140.687412500000022, 40.4267885 ], [ 140.68731501000002, 40.42651905 ], [ 140.68727834, 40.42616461 ], [ 140.687009750000016, 40.42517572 ], [ 140.68696219, 40.425 ], [ 140.686960660000011, 40.42499433 ], [ 140.68664365, 40.42382295 ], [ 140.68645419, 40.42288544 ], [ 140.686362530000025, 40.42244211 ], [ 140.686435860000017, 40.42223711 ], [ 140.686558080000026, 40.42203184 ], [ 140.686924480000016, 40.42185433 ], [ 140.68735197, 40.42172377 ], [ 140.68771837, 40.42164933 ], [ 140.68824336, 40.42176128 ], [ 140.688390030000022, 40.42166822 ], [ 140.68823114, 40.42151878 ], [ 140.68806031, 40.42139739 ], [ 140.6878709, 40.42118767 ], [ 140.68784645, 40.42096377 ], [ 140.687858660000018, 40.42063711 ], [ 140.687858660000018, 40.42003072 ], [ 140.687761170000016, 40.41964792 ], [ 140.68752895, 40.41937653 ], [ 140.68734423, 40.41916153 ], [ 140.68730394, 40.41896208 ], [ 140.687270610000013, 40.41869097 ], [ 140.687257280000011, 40.41841986 ], [ 140.687170340000023, 40.41830236 ], [ 140.686969780000027, 40.41818459 ], [ 140.68674228, 40.41803125 ], [ 140.68626783000002, 40.41781625 ], [ 140.68607423, 40.41770375 ], [ 140.685893670000013, 40.41748903 ], [ 140.685733110000029, 40.41720764 ], [ 140.68536533, 40.41686013 ], [ 140.685247590000017, 40.41677597 ], [ 140.685094640000017, 40.41666667 ], [ 140.68508667, 40.41666097 ], [ 140.68496423000002, 40.41657347 ], [ 140.684720360000028, 40.41642792 ], [ 140.684579800000023, 40.41640736 ], [ 140.684365910000025, 40.41640739 ], [ 140.68416536, 40.41647377 ], [ 140.68392477, 40.41655572 ], [ 140.683677280000012, 40.41661711 ], [ 140.68345672, 40.41662739 ], [ 140.683340610000016, 40.41662941 ], [ 140.683333330000011, 40.41662953 ], [ 140.68286839000001, 40.41663767 ], [ 140.682340610000011, 40.41658628 ], [ 140.682039780000025, 40.41651989 ], [ 140.681698690000019, 40.41642267 ], [ 140.681351190000015, 40.41629989 ], [ 140.680817300000029, 40.41610656 ], [ 140.68047314, 40.41598211 ], [ 140.680284810000018, 40.41591377 ], [ 140.679923699999989, 40.41579128 ], [ 140.679582870000019, 40.41568377 ], [ 140.67917481, 40.41561739 ], [ 140.678894250000013, 40.415556 ], [ 140.67876564, 40.41552544 ], [ 140.6786137, 40.41548933 ], [ 140.678275910000025, 40.41534877 ], [ 140.67770092, 40.414996 ], [ 140.67746703, 40.41478628 ], [ 140.676865360000022, 40.41438239 ], [ 140.67671815, 40.41426489 ], [ 140.676444250000031, 40.41414711 ], [ 140.676193410000025, 40.41400128 ], [ 140.676019530000019, 40.41386322 ], [ 140.675912580000016, 40.41368933 ], [ 140.67586591, 40.41343878 ], [ 140.67584564, 40.41328544 ], [ 140.675892870000013, 40.41298878 ], [ 140.67587397, 40.412876 ], [ 140.675825910000015, 40.41274322 ], [ 140.67577258, 40.41263072 ], [ 140.675625360000026, 40.41243128 ], [ 140.675444810000016, 40.41210405 ], [ 140.675384810000025, 40.4120835 ], [ 140.67517092, 40.41213989 ], [ 140.6750073, 40.41215331 ], [ 140.675, 40.41215392 ], [ 140.674923410000019, 40.41216017 ], [ 140.6747162, 40.41213461 ], [ 140.674074250000018, 40.41207323 ], [ 140.673837030000016, 40.41202461 ], [ 140.67370341, 40.41194295 ], [ 140.673576200000014, 40.41182017 ], [ 140.673442610000023, 40.41166156 ], [ 140.67324205, 40.41148767 ], [ 140.673068170000022, 40.41145184 ], [ 140.67280066, 40.41148767 ], [ 140.672379560000024, 40.41161572 ], [ 140.67200538000003, 40.41173823 ], [ 140.671584250000024, 40.41183544 ], [ 140.671403700000013, 40.411861 ], [ 140.67102258, 40.41190211 ], [ 140.670748690000011, 40.41190211 ], [ 140.67056148, 40.41184072 ], [ 140.67037428, 40.41172822 ], [ 140.670073450000018, 40.41163603 ], [ 140.66967234, 40.41164631 ], [ 140.66922428, 40.41166159 ], [ 140.66878678, 40.41168964 ], [ 140.668365380000012, 40.41169492 ], [ 140.66800455, 40.41166936 ], [ 140.667630120000013, 40.41160797 ], [ 140.66731594, 40.41155687 ], [ 140.66688122, 40.41156714 ], [ 140.666673990000021, 40.41157953 ], [ 140.666666670000012, 40.41157997 ], [ 140.66645345, 40.41159269 ], [ 140.66623956, 40.41155159 ], [ 140.66602538, 40.41150047 ], [ 140.66601372, 40.41143186 ], [ 140.66599234, 40.41131131 ], [ 140.666132890000029, 40.41061575 ], [ 140.66623983, 40.40996103 ], [ 140.666283170000014, 40.40975908 ], [ 140.666283170000014, 40.40964659 ], [ 140.66626983, 40.40953936 ], [ 140.66610927, 40.40936047 ], [ 140.66576178, 40.40908436 ], [ 140.66552761, 40.40892075 ], [ 140.665393990000013, 40.40879269 ], [ 140.665233450000017, 40.40864964 ], [ 140.66505650000002, 40.40847825 ], [ 140.664936520000026, 40.40833333 ], [ 140.664931850000016, 40.40832769 ], [ 140.664929560000019, 40.40832492 ], [ 140.664829270000013, 40.4081152 ], [ 140.664682340000013, 40.40793603 ], [ 140.66464872, 40.40781353 ], [ 140.66453511, 40.40758825 ], [ 140.66433455, 40.40706159 ], [ 140.664314580000024, 40.40695408 ], [ 140.664287910000013, 40.40687241 ], [ 140.66418097, 40.4067802 ], [ 140.663987080000027, 40.40668825 ], [ 140.663855970000014, 40.4066102 ], [ 140.66332542, 40.40629436 ], [ 140.66320514, 40.40623297 ], [ 140.66301791, 40.40606464 ], [ 140.66283737, 40.40591103 ], [ 140.662710410000017, 40.40573741 ], [ 140.662610140000027, 40.40553769 ], [ 140.66252986, 40.4053538 ], [ 140.66245625000002, 40.4051952 ], [ 140.6623093, 40.40504187 ], [ 140.662102090000019, 40.40495492 ], [ 140.661881240000014, 40.40482686 ], [ 140.66178097, 40.40470936 ], [ 140.661660700000027, 40.40457131 ], [ 140.66148042, 40.40444853 ], [ 140.66134681, 40.40444853 ], [ 140.66110597, 40.4045202 ], [ 140.660952090000023, 40.40463797 ], [ 140.660611250000017, 40.40489853 ], [ 140.6603507, 40.40509297 ], [ 140.660002920000011, 40.40522547 ], [ 140.65979569000001, 40.40525103 ], [ 140.659568470000011, 40.40517436 ], [ 140.659093750000011, 40.4049902 ], [ 140.658879860000013, 40.40490853 ], [ 140.65854542, 40.40486769 ], [ 140.658340700000025, 40.40483911 ], [ 140.65833333, 40.40483808 ], [ 140.657646520000014, 40.40474214 ], [ 140.65739263, 40.40471159 ], [ 140.657058200000023, 40.40467075 ], [ 140.656710700000019, 40.40456825 ], [ 140.65638292, 40.40447631 ], [ 140.65615569000002, 40.40449686 ], [ 140.656001800000013, 40.40455297 ], [ 140.655660970000014, 40.40470131 ], [ 140.655420420000013, 40.40480353 ], [ 140.655219860000017, 40.40482908 ], [ 140.65506625, 40.40480353 ], [ 140.65491903000003, 40.40470131 ], [ 140.65470514, 40.40439964 ], [ 140.654544860000016, 40.40421547 ], [ 140.654197080000017, 40.40393936 ], [ 140.65369236, 40.40360436 ], [ 140.65334486, 40.40347659 ], [ 140.652950410000017, 40.40338439 ], [ 140.65264958000003, 40.40334856 ], [ 140.65243569, 40.40338967 ], [ 140.6521682, 40.40345105 ], [ 140.651834030000032, 40.40362495 ], [ 140.65145292, 40.40383967 ], [ 140.65127236, 40.40387022 ], [ 140.651263480000011, 40.40386911 ], [ 140.6510518, 40.40383967 ], [ 140.650724310000015, 40.40373744 ], [ 140.650457080000024, 40.40370661 ], [ 140.650129580000026, 40.40371689 ], [ 140.65000737, 40.40371822 ], [ 140.65, 40.40371831 ], [ 140.64967486, 40.40372189 ], [ 140.6494007, 40.40377828 ], [ 140.64910986000001, 40.40391384 ], [ 140.64896292, 40.40400578 ], [ 140.648802360000019, 40.40405689 ], [ 140.6486418, 40.40402633 ], [ 140.64815375, 40.40382689 ], [ 140.647645970000013, 40.40361717 ], [ 140.647318470000016, 40.40353522 ], [ 140.64596791, 40.40325411 ], [ 140.645553480000018, 40.40315161 ], [ 140.645232920000012, 40.40309051 ], [ 140.644952090000032, 40.40311578 ], [ 140.64480486, 40.40311578 ], [ 140.644444030000017, 40.40325884 ], [ 140.64371847000001, 40.40357331 ], [ 140.643324030000031, 40.40384441 ], [ 140.643056810000019, 40.40402359 ], [ 140.642782630000028, 40.40415136 ], [ 140.642575420000014, 40.40422803 ], [ 140.642368200000021, 40.40434053 ], [ 140.642120700000021, 40.40455025 ], [ 140.64193348, 40.40474941 ], [ 140.641674030000019, 40.40488328 ], [ 140.64166667, 40.40488705 ], [ 140.641645970000013, 40.40489775 ], [ 140.641352090000026, 40.40507164 ], [ 140.64132319, 40.40508192 ], [ 140.64103791, 40.40518413 ], [ 140.640884030000024, 40.40517387 ], [ 140.640630140000013, 40.40502553 ], [ 140.640142090000012, 40.4046472 ], [ 140.63976764, 40.40448359 ], [ 140.639289580000025, 40.40438387 ], [ 140.639069300000017, 40.40430192 ], [ 140.638735140000023, 40.40412803 ], [ 140.638340700000015, 40.40396441 ], [ 140.63797292000001, 40.40383136 ], [ 140.63769876, 40.4038008 ], [ 140.6374782, 40.40377525 ], [ 140.637184030000014, 40.40370859 ], [ 140.63692986, 40.40367803 ], [ 140.63644542, 40.40353747 ], [ 140.636164580000013, 40.40340941 ], [ 140.6358907, 40.40325608 ], [ 140.635623190000018, 40.40313831 ], [ 140.63530903000003, 40.40300553 ], [ 140.635048200000028, 40.40285192 ], [ 140.634954580000027, 40.40275497 ], [ 140.63476764, 40.40262192 ], [ 140.634593750000022, 40.40249413 ], [ 140.63442014, 40.40231025 ], [ 140.63429292, 40.40225914 ], [ 140.6341993, 40.40226414 ], [ 140.63405236, 40.40233553 ], [ 140.633524310000013, 40.40286223 ], [ 140.633340700000019, 40.40309744 ], [ 140.633333330000028, 40.40310686 ], [ 140.63323681, 40.40323056 ], [ 140.63293597, 40.40350167 ], [ 140.632621530000023, 40.40372139 ], [ 140.632481250000012, 40.40385944 ], [ 140.63246791, 40.40401305 ], [ 140.63248625, 40.40404723 ] ] ] } }
]
}
