{
"type": "FeatureCollection",
"name": "city_11_飯能市",
"crs": { "type": "name", "properties": { "name": "urn:ogc:def:crs:OGC:1.3:CRS84" } },
"features": [
{ "type": "Feature", "properties": { }, "geometry": { "type": "Polygon", "coordinates": [ [ [ 139.316666670000018, 35.81892403 ], [ 139.31663433, 35.81891739 ], [ 139.31646905, 35.81886739 ], [ 139.31622572, 35.81880211 ], [ 139.316161560000012, 35.81878267 ], [ 139.316106, 35.818766 ], [ 139.316146550000013, 35.81881072 ], [ 139.316204890000023, 35.81887461 ], [ 139.316328490000018, 35.81901044 ], [ 139.316455720000022, 35.81924433 ], [ 139.316496840000013, 35.81935905 ], [ 139.316492670000031, 35.81956433 ], [ 139.316492670000031, 35.81973684 ], [ 139.31650489, 35.81997295 ], [ 139.31650905, 35.82065405 ], [ 139.316501, 35.82090017 ], [ 139.31633659000002, 35.82148711 ], [ 139.31622908, 35.82177656 ], [ 139.31604436, 35.82219128 ], [ 139.31598686000001, 35.82234295 ], [ 139.31594992, 35.82245795 ], [ 139.315941580000015, 35.82261377 ], [ 139.315941580000015, 35.82287405 ], [ 139.31595798, 35.82306711 ], [ 139.31604852000001, 35.823346 ], [ 139.316093530000018, 35.82343628 ], [ 139.31618825000001, 35.82351851 ], [ 139.31619214, 35.82358823 ], [ 139.31615908, 35.82366767 ], [ 139.315937420000012, 35.82385239 ], [ 139.315584090000016, 35.82418072 ], [ 139.31553075, 35.82422211 ], [ 139.31543908, 35.82429322 ], [ 139.315246030000026, 35.82440405 ], [ 139.315147420000017, 35.82453128 ], [ 139.315139080000023, 35.82461739 ], [ 139.315172140000016, 35.82475656 ], [ 139.3152502, 35.82491267 ], [ 139.315241860000015, 35.82498656 ], [ 139.315228500000018, 35.82499989 ], [ 139.315228390000016, 35.825 ], [ 139.315147420000017, 35.82508072 ], [ 139.31499686, 35.82519544 ], [ 139.314991310000011, 35.82519989 ], [ 139.31492158, 35.82524489 ], [ 139.314687420000013, 35.82524489 ], [ 139.314032970000028, 35.82531517 ], [ 139.31333881, 35.82539295 ], [ 139.31290353, 35.82543822 ], [ 139.312690190000012, 35.82545877 ], [ 139.312474920000028, 35.82546351 ], [ 139.31214214000002, 35.82544711 ], [ 139.31178075, 35.82537322 ], [ 139.31160409, 35.82533211 ], [ 139.311472410000022, 35.82527877 ], [ 139.31129852, 35.82515377 ], [ 139.31108842, 35.825 ], [ 139.311088250000012, 35.82499989 ], [ 139.310961850000012, 35.82490739 ], [ 139.31072769, 35.82475989 ], [ 139.310427690000012, 35.82462017 ], [ 139.31012798, 35.82452572 ], [ 139.309649920000027, 35.82436433 ], [ 139.30907908, 35.82408128 ], [ 139.308446590000017, 35.82376517 ], [ 139.30833684000001, 35.82371959 ], [ 139.308333330000011, 35.82371811 ], [ 139.30793961, 35.82355461 ], [ 139.30745489, 35.82333295 ], [ 139.307007390000024, 35.82312377 ], [ 139.30677739, 35.82302933 ], [ 139.306281830000017, 35.82288184 ], [ 139.306212390000013, 35.82286128 ], [ 139.305312940000022, 35.82256572 ], [ 139.304766550000011, 35.82239767 ], [ 139.304861, 35.82264378 ], [ 139.304885720000016, 35.82279572 ], [ 139.304980170000022, 35.82328822 ], [ 139.304992390000024, 35.82349739 ], [ 139.30498795, 35.82372461 ], [ 139.304942670000031, 35.82380656 ], [ 139.304864620000018, 35.82386822 ], [ 139.304749610000016, 35.82389684 ], [ 139.30445795, 35.82390933 ], [ 139.30419516, 35.82395433 ], [ 139.304067950000018, 35.82399544 ], [ 139.303956840000012, 35.82406517 ], [ 139.303852670000026, 35.82416517 ], [ 139.303774090000019, 35.824224 ], [ 139.303737660000024, 35.82425128 ], [ 139.303618490000019, 35.82430877 ], [ 139.303367950000023, 35.824321 ], [ 139.30313795, 35.82426377 ], [ 139.302591830000011, 35.82405017 ], [ 139.30251406, 35.82413017 ], [ 139.30243988, 35.824206 ], [ 139.30256294, 35.82453433 ], [ 139.302624620000017, 35.82466961 ], [ 139.302690440000021, 35.82482961 ], [ 139.302708200000012, 35.82499989 ], [ 139.302708220000028, 35.825 ], [ 139.302744640000014, 35.82534878 ], [ 139.30274047, 35.82559517 ], [ 139.30272409, 35.82580044 ], [ 139.30269131, 35.82601377 ], [ 139.302464640000011, 35.82649572 ], [ 139.302329080000021, 35.82670489 ], [ 139.302209920000024, 35.82692656 ], [ 139.302126860000016, 35.82706822 ], [ 139.30205297, 35.82722822 ], [ 139.302011850000014, 35.82744572 ], [ 139.30199131, 35.82760572 ], [ 139.302011850000014, 35.82773295 ], [ 139.302069360000019, 35.82794239 ], [ 139.30207825, 35.82797628 ], [ 139.302122700000012, 35.82814767 ], [ 139.302122700000012, 35.82829517 ], [ 139.30205297, 35.82855517 ], [ 139.30196659, 35.82872711 ], [ 139.301843530000014, 35.82889544 ], [ 139.301716030000023, 35.82903489 ], [ 139.30150158, 35.829176 ], [ 139.30139492, 35.82925795 ], [ 139.301251020000024, 35.82946322 ], [ 139.30118547, 35.82959877 ], [ 139.30117297000001, 35.82969295 ], [ 139.30118547, 35.829771 ], [ 139.301242700000017, 35.82986322 ], [ 139.30139492, 35.83015851 ], [ 139.30149326, 35.83038017 ], [ 139.30168272, 35.83079628 ], [ 139.301756330000018, 35.83108739 ], [ 139.30176051, 35.831231 ], [ 139.30174051000003, 35.83148295 ], [ 139.30170772, 35.83167184 ], [ 139.30166244000003, 35.83186461 ], [ 139.30158051, 35.83207795 ], [ 139.30141577, 35.83239184 ], [ 139.30127217, 35.83264628 ], [ 139.301231050000013, 35.83276517 ], [ 139.301218560000024, 35.83293351 ], [ 139.301243280000023, 35.83308905 ], [ 139.301325500000019, 35.83326961 ], [ 139.30134086000001, 35.83333322 ], [ 139.301340900000014, 35.83333333 ], [ 139.30139134, 35.83354211 ], [ 139.301387170000027, 35.83394017 ], [ 139.301436610000025, 35.83402961 ], [ 139.301629390000016, 35.83405628 ], [ 139.301903, 35.83400267 ], [ 139.30204022, 35.83397711 ], [ 139.302077170000018, 35.83402211 ], [ 139.302077170000018, 35.83412905 ], [ 139.30202384, 35.83427267 ], [ 139.30193244000003, 35.83440156 ], [ 139.30182966000001, 35.83451239 ], [ 139.301616060000015, 35.83469711 ], [ 139.301378, 35.83485323 ], [ 139.30116856, 35.83495989 ], [ 139.300983550000012, 35.83501322 ], [ 139.30094384, 35.83502128 ], [ 139.30055438, 35.83509933 ], [ 139.30030772, 35.83514184 ], [ 139.300258, 35.83515044 ], [ 139.300190220000019, 35.83516211 ], [ 139.300152170000018, 35.83516877 ], [ 139.300049660000013, 35.83515656 ], [ 139.300029100000017, 35.83509072 ], [ 139.30006606, 35.83494323 ], [ 139.30007022, 35.83488184 ], [ 139.30001662, 35.83482433 ], [ 139.300003550000014, 35.83482067 ], [ 139.3, 35.83481964 ], [ 139.29988523, 35.83478739 ], [ 139.299745500000029, 35.83477905 ], [ 139.299519660000016, 35.83482017 ], [ 139.299178830000017, 35.83491877 ], [ 139.29851161000002, 35.83519461 ], [ 139.297924110000025, 35.83540378 ], [ 139.29748883, 35.83544072 ], [ 139.297077449999989, 35.83546461 ], [ 139.296821890000018, 35.83547961 ], [ 139.29661550000003, 35.83544628 ], [ 139.296448, 35.83532905 ], [ 139.296314110000026, 35.83513961 ], [ 139.29620134000001, 35.834826 ], [ 139.296078560000012, 35.83435795 ], [ 139.295961340000019, 35.83402933 ], [ 139.295855500000016, 35.83390128 ], [ 139.295754940000023, 35.83386211 ], [ 139.295604380000015, 35.83384544 ], [ 139.295548560000015, 35.83387905 ], [ 139.29543689, 35.83404044 ], [ 139.294946060000029, 35.83446378 ], [ 139.29463745000001, 35.83473267 ], [ 139.29441995, 35.83493877 ], [ 139.294191050000023, 35.83516184 ], [ 139.29397355, 35.835396 ], [ 139.29382856, 35.83559656 ], [ 139.293599950000015, 35.83588628 ], [ 139.29342606000003, 35.83608461 ], [ 139.29333689, 35.83611239 ], [ 139.29319189, 35.83612351 ], [ 139.29307467000001, 35.83618489 ], [ 139.293013840000015, 35.83624544 ], [ 139.29294078, 35.83631822 ], [ 139.29281745, 35.83654017 ], [ 139.292756610000026, 35.83662684 ], [ 139.29263911000001, 35.83674767 ], [ 139.29253689, 35.83685823 ], [ 139.29240328, 35.83700239 ], [ 139.292244110000013, 35.83712961 ], [ 139.29206577, 35.83726961 ], [ 139.291772720000012, 35.83749239 ], [ 139.291670220000015, 35.837565 ], [ 139.291666670000012, 35.83756753 ], [ 139.29146689, 35.83770905 ], [ 139.29108883, 35.8378935 ], [ 139.290910510000032, 35.83795711 ], [ 139.29063022, 35.83796989 ], [ 139.29029272, 35.83795711 ], [ 139.290076060000018, 35.83792544 ], [ 139.28975745, 35.83786184 ], [ 139.289477170000026, 35.83779795 ], [ 139.28915856, 35.83767072 ], [ 139.288923, 35.83759433 ], [ 139.28848384, 35.83742877 ], [ 139.28806717, 35.83726239 ], [ 139.287799660000019, 35.83721128 ], [ 139.287436610000015, 35.83715405 ], [ 139.287175500000018, 35.83712239 ], [ 139.286812170000019, 35.83709684 ], [ 139.286563840000014, 35.83707128 ], [ 139.28639217, 35.83701405 ], [ 139.286271050000011, 35.83696322 ], [ 139.286156330000011, 35.83690572 ], [ 139.286029110000015, 35.83681684 ], [ 139.28588883, 35.83668933 ], [ 139.28578689, 35.83660017 ], [ 139.285719950000015, 35.83654017 ], [ 139.285624110000015, 35.83643044 ], [ 139.285348560000017, 35.83614684 ], [ 139.285161890000012, 35.83601572 ], [ 139.285034670000016, 35.83599739 ], [ 139.284940510000013, 35.83600767 ], [ 139.28430577, 35.836256 ], [ 139.28403355, 35.83635017 ], [ 139.283710220000017, 35.83654017 ], [ 139.28362438, 35.83660684 ], [ 139.28345883, 35.83673405 ], [ 139.283336890000015, 35.83683028 ], [ 139.28333333, 35.83683308 ], [ 139.283069110000014, 35.83704156 ], [ 139.282884380000013, 35.83716851 ], [ 139.282624940000034, 35.83754739 ], [ 139.282553, 35.83765239 ], [ 139.28250577, 35.83775684 ], [ 139.282465230000014, 35.83784656 ], [ 139.28242438, 35.83793739 ], [ 139.282374670000024, 35.83804711 ], [ 139.282280510000021, 35.83829267 ], [ 139.28221523000002, 35.83846322 ], [ 139.28209411, 35.83877517 ], [ 139.28198577, 35.83899795 ], [ 139.28190939000001, 35.83935405 ], [ 139.281845770000018, 35.83951961 ], [ 139.281679100000019, 35.83976351 ], [ 139.281513280000013, 35.83989072 ], [ 139.28137966, 35.8401135 ], [ 139.28128411, 35.84023461 ], [ 139.28116939, 35.84035544 ], [ 139.28090189, 35.84048905 ], [ 139.280672720000013, 35.84055933 ], [ 139.28032883, 35.84068017 ], [ 139.280264940000023, 35.84068656 ], [ 139.280249950000012, 35.84061405 ], [ 139.28022689, 35.84050184 ], [ 139.280111340000019, 35.84019433 ], [ 139.280104110000025, 35.84013489 ], [ 139.280082440000029, 35.83995211 ], [ 139.28007134, 35.839861 ], [ 139.2800655, 35.83981072 ], [ 139.28005939, 35.83976156 ], [ 139.28004633, 35.83965072 ], [ 139.280022170000024, 35.83944961 ], [ 139.279996610000012, 35.83930961 ], [ 139.27992022, 35.839246 ], [ 139.27979883, 35.83925323 ], [ 139.27979134, 35.83925351 ], [ 139.27970384, 35.83925877 ], [ 139.27930244, 35.83937323 ], [ 139.27919606, 35.83940989 ], [ 139.27901355, 35.83947267 ], [ 139.27867355, 35.83954405 ], [ 139.278408560000031, 35.83959989 ], [ 139.278064379999989, 35.83961267 ], [ 139.27763134, 35.83959989 ], [ 139.277383, 35.83958072 ], [ 139.27715355, 35.83953628 ], [ 139.276883840000011, 35.83945961 ], [ 139.27662272, 35.839396 ], [ 139.27629772, 35.839396 ], [ 139.27601772, 35.83942156 ], [ 139.275693, 35.83947878 ], [ 139.27540633000001, 35.83951072 ], [ 139.27500355, 35.83955139 ], [ 139.275, 35.83955175 ], [ 139.274903, 35.83956156 ], [ 139.274590780000011, 35.83958711 ], [ 139.27414883, 35.83961239 ], [ 139.27319995, 35.83965072 ], [ 139.27189189, 35.83968823 ], [ 139.271522440000012, 35.83968184 ], [ 139.271258280000012, 35.83959711 ], [ 139.271184940000012, 35.8395735 ], [ 139.270936620000015, 35.83945267 ], [ 139.270643550000017, 35.83930628 ], [ 139.270223, 35.83907072 ], [ 139.27005745, 35.83897517 ], [ 139.269858270000014, 35.83890377 ], [ 139.26952689, 35.83880823 ], [ 139.26929131, 35.83872544 ], [ 139.26912547, 35.83868739 ], [ 139.26901769, 35.83863628 ], [ 139.268947420000018, 35.838541 ], [ 139.268890200000016, 35.838471 ], [ 139.26877547, 35.8384135 ], [ 139.26850158000002, 35.83832433 ], [ 139.268240470000023, 35.83824184 ], [ 139.267839080000016, 35.83816544 ], [ 139.26763964, 35.83814517 ], [ 139.26739131, 35.83815795 ], [ 139.26706630000001, 35.83817072 ], [ 139.266849920000027, 35.83820239 ], [ 139.266670190000013, 35.83820786 ], [ 139.26666667, 35.83820797 ], [ 139.266639920000017, 35.83820877 ], [ 139.26653158000002, 35.83817072 ], [ 139.26629603, 35.83804351 ], [ 139.26607297000001, 35.83785877 ], [ 139.265875470000026, 35.83769323 ], [ 139.2657163, 35.837566 ], [ 139.26554825, 35.83751433 ], [ 139.265236030000011, 35.83748905 ], [ 139.264701020000018, 35.83743795 ], [ 139.264344640000019, 35.83740628 ], [ 139.264013260000013, 35.83741267 ], [ 139.263820470000013, 35.83741628 ], [ 139.263662970000013, 35.83741905 ], [ 139.26346547, 35.83739351 ], [ 139.263318810000015, 35.83736795 ], [ 139.26311519, 35.83731072 ], [ 139.26276852, 35.83718961 ], [ 139.26249464, 35.8370685 ], [ 139.262061860000017, 35.83689017 ], [ 139.26180686, 35.83680128 ], [ 139.261641310000016, 35.83673739 ], [ 139.26141825, 35.83666739 ], [ 139.26133547, 35.83662295 ], [ 139.261254090000023, 35.83653961 ], [ 139.261178520000016, 35.83644711 ], [ 139.261048250000016, 35.83638211 ], [ 139.260504360000027, 35.83600128 ], [ 139.2604263, 35.83599156 ], [ 139.260269920000013, 35.83603711 ], [ 139.260077130000013, 35.83611933 ], [ 139.25974825, 35.83615517 ], [ 139.259588520000023, 35.83620711 ], [ 139.2590902, 35.83627544 ], [ 139.25896019000001, 35.83633072 ], [ 139.25888519, 35.83638933 ], [ 139.2588402, 35.83645933 ], [ 139.258832970000014, 35.83647072 ], [ 139.258832970000014, 35.83653961 ], [ 139.25882852, 35.83657933 ], [ 139.258857980000016, 35.83662656 ], [ 139.25890547, 35.83669767 ], [ 139.25889964000001, 35.836946 ], [ 139.258869920000024, 35.83718295 ], [ 139.258804640000022, 35.83727156 ], [ 139.25862131, 35.83725989 ], [ 139.258354640000022, 35.83723017 ], [ 139.258336860000014, 35.83722572 ], [ 139.258333330000028, 35.83722484 ], [ 139.258074360000023, 35.83716017 ], [ 139.257855190000015, 35.83708905 ], [ 139.257701020000013, 35.83708323 ], [ 139.257588810000016, 35.837101 ], [ 139.257482410000023, 35.83714822 ], [ 139.257381580000015, 35.83718377 ], [ 139.257251310000015, 35.83717211 ], [ 139.25692575, 35.83708905 ], [ 139.25669464, 35.83706544 ], [ 139.256617690000013, 35.83707739 ], [ 139.25652881, 35.837101 ], [ 139.256505190000013, 35.83717795 ], [ 139.25651464, 35.83721877 ], [ 139.25653492, 35.83730823 ], [ 139.25658214, 35.83770461 ], [ 139.256416300000012, 35.83776933 ], [ 139.255822140000021, 35.83780544 ], [ 139.25554964, 35.83785851 ], [ 139.25522992, 35.83798877 ], [ 139.255129080000017, 35.83800072 ], [ 139.254673530000019, 35.83807767 ], [ 139.254359640000018, 35.83807156 ], [ 139.25408131, 35.83805377 ], [ 139.25387992, 35.83805377 ], [ 139.253557980000011, 35.83809517 ], [ 139.25312575, 35.83814851 ], [ 139.25281769, 35.83817795 ], [ 139.252527980000025, 35.83820767 ], [ 139.252255470000023, 35.83824905 ], [ 139.252125190000015, 35.83822544 ], [ 139.251941580000022, 35.83816628 ], [ 139.251769920000015, 35.83807739 ], [ 139.25163964, 35.83796517 ], [ 139.25137131, 35.837686 ], [ 139.25113436, 35.83755572 ], [ 139.25092711, 35.83753211 ], [ 139.25066655, 35.83754989 ], [ 139.250400440000021, 35.83753795 ], [ 139.25019905, 35.83749072 ], [ 139.25000350000002, 35.8374548 ], [ 139.25, 35.83745417 ], [ 139.249908780000027, 35.83743739 ], [ 139.24955961, 35.83744933 ], [ 139.249316830000026, 35.83751433 ], [ 139.248843500000021, 35.83761711 ], [ 139.24837961, 35.83757489 ], [ 139.24795795, 35.83747656 ], [ 139.247620730000023, 35.83737823 ], [ 139.247339340000025, 35.83719544 ], [ 139.247058220000014, 35.83699877 ], [ 139.2469035, 35.83692851 ], [ 139.246810170000032, 35.83689295 ], [ 139.24668044, 35.83690378 ], [ 139.24644156, 35.83689961 ], [ 139.24615294, 35.83695072 ], [ 139.245827660000032, 35.83701267 ], [ 139.245516830000014, 35.83699044 ], [ 139.24488711, 35.83683795 ], [ 139.244596550000011, 35.836776 ], [ 139.24424350000001, 35.83673656 ], [ 139.24402516, 35.83677628 ], [ 139.243662390000026, 35.83683239 ], [ 139.24352905, 35.83679044 ], [ 139.243226830000026, 35.83664628 ], [ 139.243076280000025, 35.83659628 ], [ 139.24277988, 35.83660044 ], [ 139.24252795000001, 35.83678711 ], [ 139.242237390000014, 35.83725489 ], [ 139.24197462, 35.83774489 ], [ 139.24171156, 35.83819544 ], [ 139.24167017000002, 35.83833911 ], [ 139.24166667, 35.83835131 ], [ 139.24158017000002, 35.83865156 ], [ 139.241504060000011, 35.83888822 ], [ 139.24145694, 35.83906095 ], [ 139.241434890000022, 35.83914184 ], [ 139.24142156000002, 35.83936405 ], [ 139.24141409, 35.83969377 ], [ 139.241386590000019, 35.83979544 ], [ 139.24132075, 35.83991322 ], [ 139.241234360000021, 35.84003767 ], [ 139.241089080000023, 35.84011656 ], [ 139.240961020000015, 35.84015489 ], [ 139.2403902, 35.84026295 ], [ 139.240259080000016, 35.84029684 ], [ 139.23999131, 35.84034572 ], [ 139.23976769, 35.84039239 ], [ 139.239459360000012, 35.84045739 ], [ 139.23917964, 35.84051628 ], [ 139.23903769, 35.84052489 ], [ 139.23889603, 35.8404935 ], [ 139.23867464, 35.84043739 ], [ 139.23858464, 35.84039795 ], [ 139.23820659, 35.84030628 ], [ 139.23795992, 35.84028378 ], [ 139.23768547, 35.84023433 ], [ 139.237471020000015, 35.84022877 ], [ 139.23721353000002, 35.84021072 ], [ 139.237023500000021, 35.84015323 ], [ 139.236855160000033, 35.83996405 ], [ 139.23683211, 35.83983544 ], [ 139.236792940000015, 35.83974461 ], [ 139.236716840000014, 35.83961517 ], [ 139.236606280000018, 35.83946295 ], [ 139.2363135, 35.83911739 ], [ 139.23606211, 35.83881267 ], [ 139.23601961, 35.83876072 ], [ 139.23587267000002, 35.83858211 ], [ 139.23567462, 35.83833517 ], [ 139.235451, 35.83812767 ], [ 139.235361, 35.83804877 ], [ 139.23517433, 35.83795322 ], [ 139.235067110000017, 35.83791461 ], [ 139.23489766000003, 35.83786851 ], [ 139.23469628, 35.83788989 ], [ 139.23448073000003, 35.83798267 ], [ 139.23438017, 35.83804017 ], [ 139.234329340000016, 35.83806295 ], [ 139.234231830000027, 35.83813267 ], [ 139.23417795, 35.83804877 ], [ 139.23415044, 35.83799267 ], [ 139.233963500000016, 35.83773905 ], [ 139.23353462, 35.83737823 ], [ 139.233336830000013, 35.83721392 ], [ 139.233333330000022, 35.83721103 ], [ 139.233216280000022, 35.83711377 ], [ 139.23296739, 35.83692211 ], [ 139.232810730000011, 35.83674739 ], [ 139.232534890000011, 35.836636 ], [ 139.232225720000031, 35.83659905 ], [ 139.231900170000017, 35.83658656 ], [ 139.231272390000015, 35.83664044 ], [ 139.231113220000026, 35.83672489 ], [ 139.23100267, 35.83674739 ], [ 139.230922670000012, 35.83675017 ], [ 139.23083655, 35.83675323 ], [ 139.23066350000002, 35.83674184 ], [ 139.230048220000015, 35.83690517 ], [ 139.229681560000017, 35.83711933 ], [ 139.22958462, 35.83719267 ], [ 139.22922961, 35.83765877 ], [ 139.22904545, 35.83773128 ], [ 139.22892711, 35.83776405 ], [ 139.228776, 35.83783628 ], [ 139.22859211, 35.83794767 ], [ 139.22822406, 35.83820377 ], [ 139.228039880000011, 35.83832877 ], [ 139.22790183, 35.83846017 ], [ 139.22784267000003, 35.83853905 ], [ 139.22774433, 35.83904572 ], [ 139.22765433, 35.83912461 ], [ 139.227522670000013, 35.83918656 ], [ 139.22734294, 35.839226 ], [ 139.227176830000019, 35.83924851 ], [ 139.226658220000019, 35.83944572 ], [ 139.226415160000016, 35.83963795 ], [ 139.226236280000023, 35.83974433 ], [ 139.226063220000015, 35.83981767 ], [ 139.22553739, 35.84000877 ], [ 139.225003500000014, 35.84026756 ], [ 139.225, 35.84026925 ], [ 139.224956280000015, 35.84029044 ], [ 139.22454711, 35.84049905 ], [ 139.224395720000018, 35.8405385 ], [ 139.22390489, 35.8405385 ], [ 139.223801, 35.840516 ], [ 139.223620730000022, 35.84051877 ], [ 139.22319239, 35.84073572 ], [ 139.222998500000017, 35.84073572 ], [ 139.222890440000015, 35.84070989 ], [ 139.222735720000031, 35.84066239 ], [ 139.22256961, 35.84063405 ], [ 139.222344890000016, 35.84065739 ], [ 139.221981560000017, 35.84069628 ], [ 139.221866010000014, 35.84073323 ], [ 139.22171211, 35.84078267 ], [ 139.221359050000018, 35.84089323 ], [ 139.22079156, 35.84109184 ], [ 139.220611830000024, 35.84114128 ], [ 139.22028655, 35.84124823 ], [ 139.22018044, 35.84129517 ], [ 139.22009294, 35.841361 ], [ 139.220021280000026, 35.841486 ], [ 139.21994608, 35.84166656 ], [ 139.219946030000017, 35.84166667 ], [ 139.21987156, 35.84184544 ], [ 139.219760730000019, 35.84205377 ], [ 139.219653500000021, 35.8421935 ], [ 139.219551, 35.84232739 ], [ 139.219332670000028, 35.842521 ], [ 139.21906905, 35.84262822 ], [ 139.218937110000013, 35.84264961 ], [ 139.21874406, 35.84268461 ], [ 139.21850183, 35.84270711 ], [ 139.218218780000029, 35.84274461 ], [ 139.217941560000014, 35.84306211 ], [ 139.217837660000015, 35.84325351 ], [ 139.217699340000024, 35.84340572 ], [ 139.21754711, 35.843531 ], [ 139.217098780000015, 35.84378323 ], [ 139.217049050000014, 35.84381128 ], [ 139.216737670000015, 35.84399711 ], [ 139.216670170000015, 35.84401692 ], [ 139.21666667, 35.84401795 ], [ 139.21652462, 35.84405961 ], [ 139.216260730000016, 35.84416961 ], [ 139.21600462, 35.84423933 ], [ 139.215838500000018, 35.84430711 ], [ 139.215666840000011, 35.84446878 ], [ 139.21564211, 35.84464156 ], [ 139.215662670000029, 35.84487156 ], [ 139.21564211, 35.84499156 ], [ 139.215457980000025, 35.84518017 ], [ 139.215228520000011, 35.84534684 ], [ 139.215149640000021, 35.84549128 ], [ 139.215029080000022, 35.84565905 ], [ 139.21492158, 35.84577961 ], [ 139.214776860000029, 35.845806 ], [ 139.21464519, 35.84572405 ], [ 139.214465750000016, 35.84559656 ], [ 139.214267980000017, 35.84549572 ], [ 139.213995720000014, 35.84544767 ], [ 139.2139435, 35.8454385 ], [ 139.21368655, 35.84553128 ], [ 139.213544360000014, 35.84561017 ], [ 139.21339297, 35.84568239 ], [ 139.21324436, 35.84575489 ], [ 139.21313713, 35.84578739 ], [ 139.213002140000015, 35.84581684 ], [ 139.21287769, 35.84589572 ], [ 139.21280852000001, 35.845986 ], [ 139.21279464, 35.84643656 ], [ 139.21279464, 35.84650989 ], [ 139.212760270000018, 35.84655347 ], [ 139.212732410000029, 35.84658877 ], [ 139.212649360000029, 35.84661128 ], [ 139.21250409000001, 35.84658295 ], [ 139.21230798000002, 35.84655656 ], [ 139.212176590000013, 35.84654989 ], [ 139.211893800000013, 35.84656295 ], [ 139.21170992, 35.84655656 ], [ 139.211542410000021, 35.846521 ], [ 139.211293260000019, 35.84640267 ], [ 139.210855720000012, 35.84627461 ], [ 139.21047017, 35.84623377 ], [ 139.21026267000002, 35.846221 ], [ 139.210131280000013, 35.84620017 ], [ 139.20986822, 35.84618322 ], [ 139.209680170000013, 35.84618184 ], [ 139.209280170000028, 35.846296 ], [ 139.209072670000012, 35.84635795 ], [ 139.20878905, 35.84636933 ], [ 139.208657390000013, 35.84635795 ], [ 139.208474060000015, 35.846346 ], [ 139.208336840000015, 35.84633113 ], [ 139.208333330000016, 35.84633075 ], [ 139.208271560000014, 35.84632405 ], [ 139.208047390000019, 35.84636239 ], [ 139.20778572, 35.84643684 ], [ 139.20760572, 35.84643684 ], [ 139.20746766000002, 35.84641989 ], [ 139.207189050000011, 35.84628044 ], [ 139.206845160000029, 35.84614961 ], [ 139.20674822, 35.84611017 ], [ 139.206326280000013, 35.84590739 ], [ 139.205914620000016, 35.84556989 ], [ 139.205695720000023, 35.84543877 ], [ 139.20565489, 35.84540544 ], [ 139.20543545000001, 35.84522767 ], [ 139.20526462, 35.84501767 ], [ 139.205061, 35.84478128 ], [ 139.20494267, 35.84466322 ], [ 139.204901, 35.84456656 ], [ 139.204901, 35.84435239 ], [ 139.204914620000011, 35.844251 ], [ 139.204838490000014, 35.84379461 ], [ 139.204873220000025, 35.84322017 ], [ 139.204802390000026, 35.84302795 ], [ 139.204603750000018, 35.8428035 ], [ 139.204271530000028, 35.84250489 ], [ 139.203856520000016, 35.84203711 ], [ 139.203814030000018, 35.84184517 ], [ 139.20376761, 35.84166667 ], [ 139.203767590000012, 35.84166656 ], [ 139.203752630000025, 35.84160905 ], [ 139.203697370000015, 35.84149072 ], [ 139.20344431, 35.84129739 ], [ 139.20313791, 35.84119905 ], [ 139.202853190000013, 35.84117517 ], [ 139.202756250000022, 35.84115851 ], [ 139.202527910000015, 35.84115267 ], [ 139.2022282, 35.84110267 ], [ 139.20198847, 35.84106267 ], [ 139.20167042, 35.84105128 ], [ 139.201504310000018, 35.84106267 ], [ 139.20132458, 35.84110211 ], [ 139.200969860000015, 35.84116128 ], [ 139.200708750000018, 35.84117517 ], [ 139.20031431000001, 35.84122044 ], [ 139.20009292, 35.84123156 ], [ 139.20000348, 35.84123433 ], [ 139.2, 35.84123444 ], [ 139.19954625, 35.84124851 ], [ 139.199470140000017, 35.84124851 ], [ 139.199311240000014, 35.84124295 ], [ 139.198868200000021, 35.84117517 ], [ 139.198245970000016, 35.84110211 ], [ 139.198010700000026, 35.84102877 ], [ 139.19791375, 35.84098933 ], [ 139.197850250000016, 35.84093814 ], [ 139.19747897000002, 35.84063969 ], [ 139.197325690000014, 35.84051628 ], [ 139.197273990000014, 35.84048339 ], [ 139.197104310000014, 35.84037544 ], [ 139.196815110000017, 35.84024823 ], [ 139.196563990000016, 35.84016628 ], [ 139.19613733, 35.84011156 ], [ 139.195809560000015, 35.840046 ], [ 139.19548678000001, 35.84004044 ], [ 139.19490178, 35.84012795 ], [ 139.194410120000015, 35.840146 ], [ 139.194070950000025, 35.84011851 ], [ 139.193732050000023, 35.84015153 ], [ 139.193425670000011, 35.84027708 ], [ 139.19318511, 35.84029347 ], [ 139.192819, 35.84022236 ], [ 139.19244151, 35.84027153 ], [ 139.192080390000029, 35.84038625 ], [ 139.191722890000023, 35.84053541 ], [ 139.191670120000026, 35.84055751 ], [ 139.191666670000018, 35.84055895 ], [ 139.19158289, 35.84059403 ], [ 139.191024840000011, 35.84087264 ], [ 139.190375940000024, 35.84114125 ], [ 139.189796500000028, 35.84123986 ], [ 139.189277060000023, 35.84137097 ], [ 139.189052890000028, 35.84162236 ], [ 139.189014500000013, 35.84166653 ], [ 139.18901438, 35.84166667 ], [ 139.188839270000017, 35.8418682 ], [ 139.188369, 35.84204292 ], [ 139.188035380000031, 35.84209236 ], [ 139.18772927, 35.84211403 ], [ 139.18747761, 35.84222875 ], [ 139.187155940000025, 35.84257764 ], [ 139.187073160000011, 35.84271292 ], [ 139.18688623, 35.84286513 ], [ 139.18676205, 35.84291569 ], [ 139.186490390000017, 35.84297403 ], [ 139.186080120000014, 35.84287569 ], [ 139.18556594, 35.84285931 ], [ 139.18488012, 35.84283097 ], [ 139.184478720000016, 35.84279153 ], [ 139.184158170000018, 35.84279153 ], [ 139.18404872, 35.84298653 ], [ 139.18389066, 35.84333792 ], [ 139.183842340000012, 35.84341125 ], [ 139.183717890000025, 35.84352959 ], [ 139.18362817000002, 35.84357459 ], [ 139.183365110000011, 35.84358597 ], [ 139.183336780000019, 35.84358747 ], [ 139.183333330000011, 35.84358767 ], [ 139.18272178, 35.84361987 ], [ 139.18258345000001, 35.84362541 ], [ 139.182310390000026, 35.84364708 ], [ 139.18229983, 35.84364792 ], [ 139.182071510000014, 35.84369847 ], [ 139.18183122, 35.84378708 ], [ 139.18162872000002, 35.84405347 ], [ 139.18145567000002, 35.84439153 ], [ 139.18135178, 35.84453792 ], [ 139.18117455, 35.84469208 ], [ 139.181072890000024, 35.84476514 ], [ 139.18088817, 35.84484208 ], [ 139.18060455, 35.84484208 ], [ 139.180397060000018, 35.8448532 ], [ 139.180258720000012, 35.84489264 ], [ 139.179733160000012, 35.84534347 ], [ 139.179663990000023, 35.84542792 ], [ 139.179477060000011, 35.8455518 ], [ 139.17939956, 35.84558792 ], [ 139.179283450000014, 35.84563069 ], [ 139.17872983, 35.84583903 ], [ 139.17853623000002, 35.84594041 ], [ 139.17823178, 35.84612069 ], [ 139.178119560000027, 35.84617847 ], [ 139.17772678, 35.84637987 ], [ 139.17753289, 35.8464982 ], [ 139.17729789, 35.84659403 ], [ 139.177194, 35.84662208 ], [ 139.176530120000024, 35.84679097 ], [ 139.17640372, 35.84681208 ], [ 139.17627511, 35.84684987 ], [ 139.17610234, 35.84691264 ], [ 139.17589012000002, 35.84699403 ], [ 139.175768440000013, 35.84704431 ], [ 139.17544372, 35.84720208 ], [ 139.175374550000015, 35.84726987 ], [ 139.17513817, 35.84750041 ], [ 139.17504261000002, 35.84760208 ], [ 139.17500345000002, 35.84763695 ], [ 139.175, 35.84764 ], [ 139.174669, 35.84793459 ], [ 139.17452372, 35.8481318 ], [ 139.174357610000015, 35.84831208 ], [ 139.174163990000011, 35.8483232 ], [ 139.1737965, 35.84836069 ], [ 139.17364956, 35.84839014 ], [ 139.173534280000013, 35.84842459 ], [ 139.173513720000017, 35.84844614 ], [ 139.173437330000013, 35.84852597 ], [ 139.17330594, 35.84861625 ], [ 139.173209, 35.84865013 ], [ 139.17311956, 35.84865013 ], [ 139.17251066, 35.8485032 ], [ 139.172316780000017, 35.84850903 ], [ 139.17215761, 35.84853153 ], [ 139.17201234, 35.84853708 ], [ 139.17195012000002, 35.84855403 ], [ 139.171797890000022, 35.84857097 ], [ 139.171258170000016, 35.84858792 ], [ 139.171112890000018, 35.84861039 ], [ 139.170995380000022, 35.84864984 ], [ 139.170850120000011, 35.84873428 ], [ 139.170683990000015, 35.84884677 ], [ 139.17021345, 35.84913984 ], [ 139.17007511, 35.84924677 ], [ 139.16992289, 35.84933705 ], [ 139.169750390000019, 35.849399 ], [ 139.16959372, 35.84954095 ], [ 139.16932817, 35.84982705 ], [ 139.16921761, 35.84991705 ], [ 139.169093160000017, 35.84998456 ], [ 139.169036940000012, 35.84999984 ], [ 139.16903636, 35.85 ], [ 139.168968440000015, 35.85001844 ], [ 139.168754, 35.85003539 ], [ 139.1685607, 35.85 ], [ 139.16855983, 35.84999984 ], [ 139.16813817000002, 35.84992261 ], [ 139.16786844, 35.84987205 ], [ 139.167674840000018, 35.84987205 ], [ 139.16726012, 35.84994705 ], [ 139.166962050000024, 35.84996205 ], [ 139.16667012000002, 35.84996408 ], [ 139.166666670000012, 35.84996411 ], [ 139.16616678, 35.84996761 ], [ 139.165985330000012, 35.84999984 ], [ 139.16598442, 35.85 ], [ 139.16562706000002, 35.85006344 ], [ 139.16550956, 35.85010844 ], [ 139.16530178, 35.85017039 ], [ 139.165205110000016, 35.85019844 ], [ 139.16503205, 35.85026039 ], [ 139.164856500000013, 35.85034205 ], [ 139.164720950000032, 35.850434 ], [ 139.16455844, 35.85054233 ], [ 139.164443990000024, 35.85062095 ], [ 139.164243160000012, 35.85073372 ], [ 139.16407733, 35.85078428 ], [ 139.163530660000021, 35.85086817 ], [ 139.163371220000016, 35.85092567 ], [ 139.16324706, 35.85097039 ], [ 139.16292205000002, 35.85132484 ], [ 139.16249317, 35.85174178 ], [ 139.162244, 35.85201789 ], [ 139.162154, 35.85210789 ], [ 139.16188428000001, 35.85260344 ], [ 139.16169066, 35.85302595 ], [ 139.161492330000016, 35.85330011 ], [ 139.161400120000025, 35.85356123 ], [ 139.161310120000024, 35.85396123 ], [ 139.16126234, 35.85418011 ], [ 139.161144, 35.85442872 ], [ 139.16090872, 35.85471622 ], [ 139.160798170000021, 35.85483428 ], [ 139.16059066, 35.85502623 ], [ 139.160341500000015, 35.85525705 ], [ 139.16016844, 35.85544261 ], [ 139.16000234, 35.85563984 ], [ 139.159732890000015, 35.85610177 ], [ 139.159580660000017, 35.85656928 ], [ 139.15948789, 35.85693261 ], [ 139.159400660000017, 35.85706511 ], [ 139.15926927000001, 35.85714956 ], [ 139.15897872, 35.85729039 ], [ 139.158770390000029, 35.85739928 ], [ 139.15858789, 35.85746677 ], [ 139.158336780000013, 35.85753403 ], [ 139.15833333, 35.85753495 ], [ 139.158284, 35.85754817 ], [ 139.15807927, 35.85759484 ], [ 139.15792706000002, 35.85763984 ], [ 139.157740390000015, 35.85767928 ], [ 139.157659140000021, 35.85769567 ], [ 139.15725316000001, 35.85777761 ], [ 139.15664623, 35.85798511 ], [ 139.156059270000014, 35.85824286 ], [ 139.155884110000017, 35.85833314 ], [ 139.155883750000015, 35.85833333 ], [ 139.15585178, 35.8583498 ], [ 139.1555265, 35.85847953 ], [ 139.15525428, 35.8585362 ], [ 139.15511927, 35.8585698 ], [ 139.154904, 35.85871064 ], [ 139.15468261, 35.85889092 ], [ 139.154537330000011, 35.85898675 ], [ 139.15427484, 35.85910313 ], [ 139.154105940000022, 35.85913675 ], [ 139.15382817, 35.85917814 ], [ 139.15359650000002, 35.85922897 ], [ 139.15342983, 35.85926592 ], [ 139.153299, 35.8593248 ], [ 139.15282844, 35.85955008 ], [ 139.152441220000014, 35.85988813 ], [ 139.152163160000015, 35.86006786 ], [ 139.151935940000016, 35.8602148 ], [ 139.151839270000011, 35.86028813 ], [ 139.15149317, 35.86049092 ], [ 139.15089817, 35.86075564 ], [ 139.15046956, 35.86086841 ], [ 139.150275940000029, 35.86093592 ], [ 139.150003450000014, 35.86109995 ], [ 139.15, 35.86110203 ], [ 139.14977066, 35.86124008 ], [ 139.14968095, 35.86133036 ], [ 139.14939039, 35.86158369 ], [ 139.14894066, 35.8619162 ], [ 139.14871317, 35.86209453 ], [ 139.148449270000015, 35.86228814 ], [ 139.14786817000001, 35.86258092 ], [ 139.147647060000025, 35.86268231 ], [ 139.14754317, 35.86271064 ], [ 139.146782340000016, 35.86285147 ], [ 139.14612484, 35.86289647 ], [ 139.145564550000017, 35.86291897 ], [ 139.14519789000002, 35.86291369 ], [ 139.14501789000002, 35.8628912 ], [ 139.14471678000001, 35.86284869 ], [ 139.144360950000021, 35.86285731 ], [ 139.144229560000014, 35.86290231 ], [ 139.144084280000015, 35.86297564 ], [ 139.14392511, 35.86308259 ], [ 139.14372008, 35.86317477 ], [ 139.143578140000017, 35.86322811 ], [ 139.143489250000016, 35.86325784 ], [ 139.14324008, 35.86334728 ], [ 139.1430737, 35.86338811 ], [ 139.14280703, 35.86340005 ], [ 139.142672870000013, 35.86338672 ], [ 139.14237591, 35.86332867 ], [ 139.14207092, 35.86326867 ], [ 139.141960360000013, 35.863252 ], [ 139.141759800000017, 35.86326311 ], [ 139.141670080000011, 35.86328425 ], [ 139.14166667, 35.86328505 ], [ 139.141448420000017, 35.86333644 ], [ 139.14118815, 35.86341895 ], [ 139.140908690000032, 35.86353367 ], [ 139.14072898, 35.86364061 ], [ 139.14044508, 35.86375339 ], [ 139.14036898, 35.86377589 ], [ 139.139794810000012, 35.86378144 ], [ 139.13961508, 35.8638095 ], [ 139.13943869000002, 35.86384533 ], [ 139.139178970000017, 35.86392228 ], [ 139.13891175, 35.86401117 ], [ 139.13867425, 35.86412505 ], [ 139.138522020000011, 35.86422089 ], [ 139.13831815, 35.86430756 ], [ 139.1381762, 35.86436728 ], [ 139.137546470000018, 35.8645645 ], [ 139.13729759, 35.86463784 ], [ 139.137179800000013, 35.86466033 ], [ 139.13702064, 35.86471089 ], [ 139.13691703, 35.86473922 ], [ 139.136734250000018, 35.86480589 ], [ 139.136485640000018, 35.86490061 ], [ 139.136195640000011, 35.86506033 ], [ 139.13598314, 35.86515617 ], [ 139.13570898, 35.86531505 ], [ 139.135360640000016, 35.865387 ], [ 139.135259250000018, 35.86536923 ], [ 139.13516453, 35.86533951 ], [ 139.135069800000025, 35.865322 ], [ 139.134874250000024, 35.86527451 ], [ 139.13473092000001, 35.86525756 ], [ 139.13415674, 35.86509422 ], [ 139.13399508, 35.86504922 ], [ 139.13385258, 35.864987 ], [ 139.133651720000017, 35.86484617 ], [ 139.133336720000017, 35.86466608 ], [ 139.133333330000028, 35.86466413 ], [ 139.133190610000014, 35.86458256 ], [ 139.13248339, 35.86443811 ], [ 139.13218061, 35.86443367 ], [ 139.131887830000011, 35.86442923 ], [ 139.131362, 35.86444613 ], [ 139.131237560000017, 35.86446836 ], [ 139.130704770000023, 35.86473336 ], [ 139.130490340000023, 35.86494141 ], [ 139.1303245, 35.86505975 ], [ 139.130012280000017, 35.86518225 ], [ 139.12970866, 35.86531308 ], [ 139.129549490000016, 35.86540308 ], [ 139.12919672000001, 35.86556086 ], [ 139.12911367000001, 35.86557197 ], [ 139.12834533, 35.8655778 ], [ 139.127809220000017, 35.86555059 ], [ 139.127415330000019, 35.86563808 ], [ 139.127086720000023, 35.86549308 ], [ 139.12681034000002, 35.8653128 ], [ 139.12627061, 35.86508725 ], [ 139.12608394, 35.86503669 ], [ 139.12581423, 35.86503669 ], [ 139.125655030000019, 35.86505336 ], [ 139.12506725, 35.86497447 ], [ 139.12500336, 35.86496184 ], [ 139.125, 35.86496117 ], [ 139.124610580000024, 35.8648842 ], [ 139.124444470000014, 35.8648842 ], [ 139.124163090000025, 35.86485587 ], [ 139.1238217, 35.86491253 ], [ 139.12351752, 35.8650192 ], [ 139.12338614, 35.86505864 ], [ 139.12315781, 35.86506975 ], [ 139.12204392000001, 35.86494031 ], [ 139.121822800000018, 35.8649292 ], [ 139.12151975, 35.86483059 ], [ 139.12071837, 35.86456364 ], [ 139.12024086, 35.86441975 ], [ 139.11987586, 35.86433751 ], [ 139.11975365, 35.86432528 ], [ 139.11945975, 35.86429639 ], [ 139.11926975, 35.86429111 ], [ 139.119007780000032, 35.86432167 ], [ 139.118730560000017, 35.86435778 ], [ 139.11846861, 35.86442972 ], [ 139.118247500000024, 35.86449639 ], [ 139.11800112, 35.86452723 ], [ 139.11761056, 35.86456805 ], [ 139.11735361, 35.86458861 ], [ 139.11710195, 35.86458361 ], [ 139.116835010000017, 35.86456305 ], [ 139.11667, 35.86453844 ], [ 139.11666667, 35.86453795 ], [ 139.11645501000001, 35.86450639 ], [ 139.11601306, 35.864455 ], [ 139.115771670000015, 35.864465 ], [ 139.11558667, 35.86452167 ], [ 139.115242500000022, 35.86471695 ], [ 139.114985840000031, 35.86489139 ], [ 139.114775280000032, 35.86507111 ], [ 139.11472025, 35.86513005 ], [ 139.114559440000022, 35.86530223 ], [ 139.114446390000012, 35.86536889 ], [ 139.114261390000024, 35.86535861 ], [ 139.11388112, 35.86530223 ], [ 139.113629440000011, 35.86524556 ], [ 139.11330584000001, 35.86515805 ], [ 139.112478880000026, 35.86487028 ], [ 139.112026940000021, 35.86473167 ], [ 139.111846940000021, 35.86469584 ], [ 139.11173416, 35.86468028 ], [ 139.11160584000001, 35.86471639 ], [ 139.11132333, 35.86484972 ], [ 139.110922500000015, 35.86509611 ], [ 139.11049083, 35.86530167 ], [ 139.110208300000011, 35.865435 ], [ 139.11003886, 35.86553777 ], [ 139.10984886, 35.86565584 ], [ 139.10966886, 35.86570723 ], [ 139.10966803, 35.86570723 ], [ 139.10954053, 35.86571751 ], [ 139.109396910000015, 35.86571751 ], [ 139.109222190000025, 35.8657125 ], [ 139.108821630000023, 35.86564528 ], [ 139.108336640000033, 35.86565317 ], [ 139.108333330000022, 35.8656532 ], [ 139.108189690000017, 35.86565556 ], [ 139.10796997, 35.86566887 ], [ 139.107516640000028, 35.86569664 ], [ 139.106982190000025, 35.86575303 ], [ 139.106458300000014, 35.86584025 ], [ 139.106129690000017, 35.86592247 ], [ 139.10585219, 35.86604025 ], [ 139.10567248000001, 35.86615331 ], [ 139.105513310000021, 35.86625108 ], [ 139.105348860000021, 35.8662972 ], [ 139.10511747000001, 35.86631775 ], [ 139.10439331, 35.86633303 ], [ 139.1039308, 35.86637914 ], [ 139.10345883, 35.866439 ], [ 139.103201360000014, 35.86647164 ], [ 139.10289302000001, 35.86652275 ], [ 139.10267747, 35.86657914 ], [ 139.10242581, 35.86653803 ], [ 139.10218942, 35.86646608 ], [ 139.102066080000014, 35.86639413 ], [ 139.101855520000015, 35.86622997 ], [ 139.101711630000011, 35.8660758 ], [ 139.10143939, 35.86571608 ], [ 139.101372440000034, 35.86569053 ], [ 139.101300510000016, 35.86571608 ], [ 139.10125438, 35.86577275 ], [ 139.10119272, 35.86590608 ], [ 139.101154030000032, 35.86597253 ], [ 139.10112078, 35.86602941 ], [ 139.100805940000015, 35.86645077 ], [ 139.10065287, 35.86666636 ], [ 139.100652670000017, 35.86666667 ], [ 139.100281920000015, 35.86718875 ], [ 139.100551, 35.86734603 ], [ 139.101003390000017, 35.86763367 ], [ 139.10117872, 35.86774484 ], [ 139.10143278000001, 35.86803444 ], [ 139.101686840000013, 35.86818656 ], [ 139.10234908000001, 35.86842511 ], [ 139.102938780000017, 35.86870372 ], [ 139.103165250000018, 35.86885387 ], [ 139.103383090000023, 35.86899961 ], [ 139.10362283, 35.86915175 ], [ 139.104338500000011, 35.86968708 ], [ 139.104492530000016, 35.86980395 ], [ 139.104904030000029, 35.87026617 ], [ 139.10517597, 35.87069328 ], [ 139.105333410000014, 35.87092147 ], [ 139.105430050000024, 35.87100923 ], [ 139.10550519, 35.87102384 ], [ 139.105934580000024, 35.87105308 ], [ 139.10606703000002, 35.87110564 ], [ 139.106253090000024, 35.87123436 ], [ 139.10649647, 35.8714332 ], [ 139.107254330000018, 35.87223484 ], [ 139.10756064, 35.87243205 ], [ 139.107645140000017, 35.87247741 ], [ 139.107966590000018, 35.87259495 ], [ 139.10811594, 35.87273269 ], [ 139.10821167, 35.8731522 ], [ 139.10831431, 35.87343556 ], [ 139.108333330000022, 35.87348667 ], [ 139.108336690000016, 35.87349569 ], [ 139.108389440000025, 35.87363739 ], [ 139.108561190000017, 35.87389778 ], [ 139.10907691, 35.87431847 ], [ 139.10898914, 35.87463772 ], [ 139.108987500000012, 35.87481311 ], [ 139.10912012, 35.87497775 ], [ 139.109122550000023, 35.87499972 ], [ 139.109122580000019, 35.875 ], [ 139.109155860000016, 35.87529861 ], [ 139.10922462, 35.87539133 ], [ 139.10941170000001, 35.87553547 ], [ 139.10942336, 35.87554389 ], [ 139.10961364000002, 35.87566667 ], [ 139.109791700000017, 35.87578944 ], [ 139.11009253, 35.87605028 ], [ 139.110380580000026, 35.87631111 ], [ 139.110620050000023, 35.87660251 ], [ 139.110816450000016, 35.87689723 ], [ 139.11090228, 35.87706305 ], [ 139.11097589000002, 35.87725917 ], [ 139.11103728, 35.87751695 ], [ 139.11103728, 35.87775611 ], [ 139.11100589, 35.87804028 ], [ 139.1109945, 35.87814251 ], [ 139.110920610000022, 35.87836972 ], [ 139.11083477, 35.87854167 ], [ 139.11075506, 35.87870723 ], [ 139.110620050000023, 35.87887305 ], [ 139.110515620000029, 35.87898333 ], [ 139.110435890000019, 35.87912472 ], [ 139.110448110000021, 35.87921028 ], [ 139.110601440000011, 35.87944972 ], [ 139.110742830000021, 35.87965833 ], [ 139.110810050000026, 35.87979333 ], [ 139.110846720000012, 35.88000195 ], [ 139.11085895, 35.88012472 ], [ 139.110846720000012, 35.88022917 ], [ 139.110783, 35.88036236 ], [ 139.110779220000012, 35.88037028 ], [ 139.110736450000019, 35.88050805 ], [ 139.110693380000015, 35.88065556 ], [ 139.11065034, 35.88109722 ], [ 139.11065034, 35.88113223 ], [ 139.11065034, 35.88133056 ], [ 139.110643110000012, 35.88142251 ], [ 139.11061978, 35.88172305 ], [ 139.110576720000012, 35.88206667 ], [ 139.11058283, 35.88218944 ], [ 139.110656160000019, 35.88232444 ], [ 139.11065645, 35.88232472 ], [ 139.110785360000023, 35.88248417 ], [ 139.110891190000018, 35.88262667 ], [ 139.11106202000002, 35.88281917 ], [ 139.111210920000019, 35.88297695 ], [ 139.11135536, 35.88306889 ], [ 139.111569800000012, 35.88320028 ], [ 139.11175384, 35.88333305 ], [ 139.11175423, 35.88333333 ], [ 139.1118062, 35.88337084 ], [ 139.112103970000021, 35.88352861 ], [ 139.11256370000001, 35.88375639 ], [ 139.11310258, 35.88399278 ], [ 139.11349647, 35.88413277 ], [ 139.113627590000021, 35.88421139 ], [ 139.11386425, 35.88439972 ], [ 139.11399119, 35.88449167 ], [ 139.11428453000002, 35.88467584 ], [ 139.114424810000031, 35.88478944 ], [ 139.114529800000014, 35.88493417 ], [ 139.11474872, 35.88523611 ], [ 139.114937060000017, 35.88550751 ], [ 139.11516484, 35.88581833 ], [ 139.115501780000017, 35.88629972 ], [ 139.11561122, 35.88643556 ], [ 139.115641220000015, 35.88645584 ], [ 139.11611484, 35.88677723 ], [ 139.1163865, 35.8870925 ], [ 139.11666667, 35.88737669 ], [ 139.11667012, 35.8873802 ], [ 139.11667538, 35.88738556 ], [ 139.11692066, 35.88769223 ], [ 139.11708872, 35.88789333 ], [ 139.117319, 35.88816944 ], [ 139.11782681, 35.88884139 ], [ 139.11822097000001, 35.88939333 ], [ 139.11838319, 35.88962084 ], [ 139.118426810000017, 35.88972167 ], [ 139.11850569, 35.89004139 ], [ 139.118558200000024, 35.89025584 ], [ 139.118619580000029, 35.89049667 ], [ 139.11866348, 35.89071556 ], [ 139.118685140000025, 35.890895 ], [ 139.118694030000029, 35.89122361 ], [ 139.118685140000025, 35.89148195 ], [ 139.118706450000019, 35.89166639 ], [ 139.11870647, 35.89166667 ], [ 139.118715970000011, 35.89174889 ], [ 139.118799030000019, 35.89206444 ], [ 139.118912920000014, 35.89239695 ], [ 139.11901791, 35.89262889 ], [ 139.11914486, 35.89282611 ], [ 139.11919136, 35.89287117 ], [ 139.11928930000002, 35.89296611 ], [ 139.119403190000014, 35.893045 ], [ 139.119582630000025, 35.89314139 ], [ 139.11974042, 35.89326389 ], [ 139.11983239, 35.89335361 ], [ 139.11988489, 35.89345889 ], [ 139.11991988, 35.89356389 ], [ 139.119932940000012, 35.89367777 ], [ 139.11995489, 35.89382639 ], [ 139.119994330000026, 35.89396667 ], [ 139.120138780000019, 35.89420305 ], [ 139.12023961, 35.89440444 ], [ 139.120331560000011, 35.89452725 ], [ 139.120480440000023, 35.89467613 ], [ 139.120589880000011, 35.89478975 ], [ 139.120712670000017, 35.89493447 ], [ 139.120760730000029, 35.89505253 ], [ 139.120766840000016, 35.89507475 ], [ 139.12080462, 35.89521031 ], [ 139.12080905, 35.89536364 ], [ 139.12078711, 35.89559559 ], [ 139.120756280000023, 35.89580113 ], [ 139.120738780000011, 35.89599836 ], [ 139.12072156, 35.8960778 ], [ 139.12070377, 35.89616031 ], [ 139.120664330000011, 35.89650197 ], [ 139.120629340000022, 35.89673613 ], [ 139.12062462, 35.89684559 ], [ 139.12062044000001, 35.89699447 ], [ 139.12055905, 35.89720475 ], [ 139.120484620000013, 35.89741056 ], [ 139.120427660000018, 35.89750251 ], [ 139.12008628000001, 35.89811556 ], [ 139.119814890000015, 35.89857944 ], [ 139.119687950000014, 35.89878111 ], [ 139.11955655, 35.89901751 ], [ 139.11944711000001, 35.89933277 ], [ 139.119372670000018, 35.89952333 ], [ 139.119328780000018, 35.89964584 ], [ 139.119315720000031, 35.89981667 ], [ 139.11928939, 35.89999972 ], [ 139.11928936000001, 35.9 ], [ 139.119280440000011, 35.90006195 ], [ 139.1192327, 35.90034333 ], [ 139.11923214, 35.90034667 ], [ 139.11917519, 35.90055667 ], [ 139.119096300000024, 35.90074944 ], [ 139.11903519, 35.90088972 ], [ 139.11895214, 35.90102944 ], [ 139.11881630000002, 35.90124417 ], [ 139.118763800000011, 35.90140167 ], [ 139.11872881, 35.90157695 ], [ 139.11871964, 35.90176944 ], [ 139.118702140000011, 35.90192723 ], [ 139.118636590000023, 35.90211556 ], [ 139.11857964, 35.90227751 ], [ 139.118496300000032, 35.90240444 ], [ 139.118382700000012, 35.90253584 ], [ 139.11822519, 35.90267167 ], [ 139.118089360000027, 35.90277667 ], [ 139.117905470000011, 35.902895 ], [ 139.117590190000016, 35.90305277 ], [ 139.11723102000002, 35.90324528 ], [ 139.11701659000002, 35.90335917 ], [ 139.116670200000016, 35.90354808 ], [ 139.11666667, 35.90355 ], [ 139.11663103, 35.90356944 ], [ 139.11623713, 35.90377972 ], [ 139.116180470000018, 35.90380639 ], [ 139.116079360000015, 35.90385417 ], [ 139.11597852, 35.90392417 ], [ 139.11581214, 35.90401611 ], [ 139.115531850000025, 35.90415167 ], [ 139.115225470000013, 35.90427417 ], [ 139.115146590000023, 35.90434861 ], [ 139.11498881, 35.90448444 ], [ 139.114782970000022, 35.90463777 ], [ 139.11463852, 35.90473417 ], [ 139.11432353, 35.90491805 ], [ 139.11402575, 35.90511944 ], [ 139.113745470000026, 35.90530777 ], [ 139.11355713, 35.90549611 ], [ 139.11350464, 35.90557472 ], [ 139.11346519, 35.90575889 ], [ 139.1134127, 35.90595139 ], [ 139.113289920000028, 35.90618805 ], [ 139.113167420000025, 35.90640695 ], [ 139.11297908, 35.90666305 ], [ 139.11279964000002, 35.90690389 ], [ 139.11263202, 35.90710644 ], [ 139.112479920000027, 35.90728472 ], [ 139.112278520000018, 35.90746417 ], [ 139.11206825, 35.907705 ], [ 139.11196326000001, 35.90783639 ], [ 139.111945750000018, 35.90797667 ], [ 139.111971860000011, 35.90818251 ], [ 139.11200686, 35.90833139 ], [ 139.11200781, 35.90833305 ], [ 139.112007980000016, 35.90833333 ], [ 139.11211659, 35.90852177 ], [ 139.112221580000011, 35.90870361 ], [ 139.1122827, 35.90884361 ], [ 139.112339640000016, 35.908975 ], [ 139.11240992, 35.90907584 ], [ 139.112497420000011, 35.90918528 ], [ 139.11265075, 35.90933861 ], [ 139.112703260000018, 35.90944584 ], [ 139.11275575, 35.90959917 ], [ 139.11277769, 35.90975222 ], [ 139.11276881, 35.90996667 ], [ 139.112742700000013, 35.91026 ], [ 139.112711850000011, 35.91046167 ], [ 139.112698810000012, 35.91070667 ], [ 139.112698780000017, 35.91072095 ], [ 139.11269852, 35.91092584 ], [ 139.112729360000031, 35.91114472 ], [ 139.112760190000017, 35.91123944 ], [ 139.112803800000023, 35.91137251 ], [ 139.112874920000024, 35.91154556 ], [ 139.112926300000026, 35.91167028 ], [ 139.11300523, 35.91181472 ], [ 139.113084110000017, 35.91200305 ], [ 139.113153, 35.91216361 ], [ 139.113241610000017, 35.91237056 ], [ 139.113368560000026, 35.91271223 ], [ 139.113386060000011, 35.91283917 ], [ 139.113412440000019, 35.91304056 ], [ 139.11345633000002, 35.91322889 ], [ 139.11353939, 35.91346111 ], [ 139.11361384, 35.91367139 ], [ 139.113648830000017, 35.91386389 ], [ 139.113688270000011, 35.91403917 ], [ 139.11370134, 35.91426251 ], [ 139.113688270000011, 35.91452305 ], [ 139.11370577, 35.91470251 ], [ 139.11372211, 35.91496008 ], [ 139.113723280000016, 35.91497833 ], [ 139.11375411, 35.91519723 ], [ 139.113824110000024, 35.91551251 ], [ 139.113863550000019, 35.91573139 ], [ 139.113876620000013, 35.91583667 ], [ 139.113850220000018, 35.91591972 ], [ 139.11373217000002, 35.91602472 ], [ 139.11358772, 35.91617805 ], [ 139.1134255, 35.91636639 ], [ 139.11341217, 35.91638667 ], [ 139.113227450000011, 35.91666639 ], [ 139.113227280000018, 35.91666667 ], [ 139.11311022000001, 35.91684389 ], [ 139.112869390000014, 35.91735139 ], [ 139.11278189, 35.91758139 ], [ 139.112742440000034, 35.91781361 ], [ 139.11273355000003, 35.91795361 ], [ 139.11275550000002, 35.91805444 ], [ 139.112794940000015, 35.91825584 ], [ 139.11282997, 35.91854472 ], [ 139.11286053, 35.91881639 ], [ 139.11284747000002, 35.91897833 ], [ 139.11278608, 35.9192325 ], [ 139.112729420000022, 35.91939889 ], [ 139.112676640000018, 35.91952584 ], [ 139.112589140000011, 35.91967444 ], [ 139.1124972, 35.919775 ], [ 139.11244192, 35.91980944 ], [ 139.11236581, 35.91985695 ], [ 139.112273860000016, 35.91990833 ], [ 139.112147760000028, 35.91997028 ], [ 139.11177136, 35.92011251 ], [ 139.11160942, 35.92018417 ], [ 139.11140914, 35.92026167 ], [ 139.11082302, 35.92041667 ], [ 139.11066997, 35.92043164 ], [ 139.110484970000016, 35.92043914 ], [ 139.110221610000025, 35.92045247 ], [ 139.110070510000014, 35.92047136 ], [ 139.109966610000015, 35.92051303 ], [ 139.10981883, 35.92059441 ], [ 139.109637720000023, 35.92071331 ], [ 139.10951467000001, 35.92081553 ], [ 139.10929328, 35.92097636 ], [ 139.108773550000024, 35.9213508 ], [ 139.108643, 35.92146803 ], [ 139.108419950000012, 35.92171775 ], [ 139.108396390000024, 35.92174797 ], [ 139.10833689, 35.92182431 ], [ 139.108333330000022, 35.92182889 ], [ 139.108246060000027, 35.9219408 ], [ 139.10813633, 35.92203331 ], [ 139.107959100000016, 35.9221408 ], [ 139.107805500000012, 35.92219025 ], [ 139.107539100000025, 35.92223747 ], [ 139.10730189, 35.92226331 ], [ 139.106878280000018, 35.9223222 ], [ 139.10663467, 35.92235941 ], [ 139.106435230000017, 35.92240664 ], [ 139.106148, 35.9225158 ], [ 139.105753, 35.92271664 ], [ 139.105589660000021, 35.92280941 ], [ 139.10542411, 35.92287608 ], [ 139.104985500000026, 35.92316497 ], [ 139.10485438, 35.92326803 ], [ 139.10470745, 35.92338164 ], [ 139.10452883, 35.92350831 ], [ 139.104380510000027, 35.92367469 ], [ 139.104337720000018, 35.92373747 ], [ 139.10431134000001, 35.92380136 ], [ 139.104298, 35.92388414 ], [ 139.10429689, 35.9241008 ], [ 139.104288560000015, 35.92418108 ], [ 139.104271610000012, 35.92425664 ], [ 139.10421051000003, 35.92442913 ], [ 139.104163840000012, 35.92449525 ], [ 139.10409438, 35.92456331 ], [ 139.104021890000013, 35.92464136 ], [ 139.103952720000024, 35.92471608 ], [ 139.10387717, 35.92476775 ], [ 139.10381856, 35.92480803 ], [ 139.10364883, 35.92488887 ], [ 139.103516330000019, 35.92494247 ], [ 139.10337438, 35.92497303 ], [ 139.10327669, 35.92499969 ], [ 139.10327558, 35.925 ], [ 139.10326856, 35.92500192 ], [ 139.103205230000015, 35.92504025 ], [ 139.10307939, 35.92513636 ], [ 139.103004940000034, 35.92521747 ], [ 139.10297022, 35.92528359 ], [ 139.102963550000027, 35.92534469 ], [ 139.10298828, 35.92559303 ], [ 139.10298995, 35.92574025 ], [ 139.10299161, 35.92597053 ], [ 139.10299163000002, 35.92612136 ], [ 139.10295192000001, 35.92652331 ], [ 139.102865810000026, 35.92686441 ], [ 139.102761630000032, 35.92722469 ], [ 139.10275302, 35.92727053 ], [ 139.10275302, 35.92739108 ], [ 139.103212190000022, 35.92757164 ], [ 139.103434140000019, 35.92766136 ], [ 139.103563310000027, 35.92770997 ], [ 139.103858590000016, 35.92782192 ], [ 139.1040408, 35.9278858 ], [ 139.104301920000012, 35.92794886 ], [ 139.104591920000018, 35.92797747 ], [ 139.104821360000017, 35.92800914 ], [ 139.105110250000024, 35.92802803 ], [ 139.10519525, 35.92804469 ], [ 139.105254420000023, 35.92805413 ], [ 139.105325250000021, 35.92807525 ], [ 139.105393860000021, 35.92810108 ], [ 139.10558025, 35.92817441 ], [ 139.105810530000014, 35.92826914 ], [ 139.106014690000023, 35.92834886 ], [ 139.106356910000017, 35.92850025 ], [ 139.10667575, 35.92864722 ], [ 139.106905250000011, 35.92875303 ], [ 139.107148860000024, 35.92886525 ], [ 139.10728025, 35.92892414 ], [ 139.107355250000012, 35.92896969 ], [ 139.10743553, 35.92902331 ], [ 139.107494420000023, 35.92905803 ], [ 139.107537200000024, 35.92908747 ], [ 139.107601360000018, 35.92911413 ], [ 139.107663060000021, 35.9291408 ], [ 139.107767500000023, 35.92918108 ], [ 139.10796611, 35.92921387 ], [ 139.108178340000023, 35.92922441 ], [ 139.108333330000022, 35.92923095 ], [ 139.108336940000015, 35.92923108 ], [ 139.108528880000023, 35.92923914 ], [ 139.108806940000022, 35.92924747 ], [ 139.10888472, 35.92925387 ], [ 139.109270830000014, 35.92931247 ], [ 139.109457500000019, 35.92934414 ], [ 139.109943330000021, 35.92946831 ], [ 139.110363330000013, 35.92959025 ], [ 139.11064278, 35.92966359 ], [ 139.11074333000002, 35.9296972 ], [ 139.110852500000021, 35.92974108 ], [ 139.11133, 35.92987164 ], [ 139.111615840000013, 35.92994525 ], [ 139.11181722, 35.9299958 ], [ 139.11204917, 35.93004859 ], [ 139.11233834, 35.93013969 ], [ 139.11244, 35.93018136 ], [ 139.11250333000001, 35.93021025 ], [ 139.11257778, 35.93025747 ], [ 139.11272112, 35.93038608 ], [ 139.11278834, 35.93044387 ], [ 139.112875550000012, 35.93051887 ], [ 139.11291, 35.93053359 ], [ 139.11297167, 35.93055164 ], [ 139.113062500000012, 35.93055525 ], [ 139.11369278, 35.93052275 ], [ 139.11387056, 35.93051913 ], [ 139.113919440000018, 35.93051359 ], [ 139.114169730000015, 35.93051359 ], [ 139.114492500000011, 35.9305172 ], [ 139.11460975, 35.93052803 ], [ 139.11469864, 35.93054441 ], [ 139.11480197000003, 35.93056441 ], [ 139.114880030000023, 35.93058608 ], [ 139.11496725, 35.93062414 ], [ 139.115114190000014, 35.93073108 ], [ 139.115219200000013, 35.93081803 ], [ 139.11526752, 35.9308458 ], [ 139.115304470000012, 35.9308572 ], [ 139.115493360000016, 35.93086859 ], [ 139.11571114, 35.93083025 ], [ 139.11581837, 35.93081472 ], [ 139.11598336, 35.93081195 ], [ 139.116159470000014, 35.93081195 ], [ 139.116244750000021, 35.93081333 ], [ 139.116347250000018, 35.93081195 ], [ 139.116460859999989, 35.93081195 ], [ 139.11665086, 35.93081611 ], [ 139.11666667, 35.93081561 ], [ 139.116670310000018, 35.93081553 ], [ 139.11674475, 35.93081333 ], [ 139.1168128, 35.93082195 ], [ 139.116885310000015, 35.93083611 ], [ 139.116973920000021, 35.93085611 ], [ 139.117066420000015, 35.93090305 ], [ 139.117221410000013, 35.93099389 ], [ 139.117508640000011, 35.93122417 ], [ 139.117653640000015, 35.93134277 ], [ 139.11787781000001, 35.93152528 ], [ 139.118052530000028, 35.93167972 ], [ 139.11814586, 35.93174195 ], [ 139.11824114, 35.93178751 ], [ 139.118515030000026, 35.93189528 ], [ 139.118716980000016, 35.93194361 ], [ 139.118970030000014, 35.93200167 ], [ 139.119059750000019, 35.93203528 ], [ 139.11913031, 35.93206444 ], [ 139.11920698000003, 35.93211195 ], [ 139.11933975, 35.93219695 ], [ 139.11941224, 35.93225917 ], [ 139.11956170000002, 35.93243084 ], [ 139.119680580000022, 35.93257917 ], [ 139.11980086, 35.93268889 ], [ 139.119873650000017, 35.93274917 ], [ 139.119995860000017, 35.93288167 ], [ 139.120122550000019, 35.93297695 ], [ 139.120278110000015, 35.93305167 ], [ 139.120455060000012, 35.93311028 ], [ 139.12066255000002, 35.93318695 ], [ 139.120942550000024, 35.93329472 ], [ 139.121044580000017, 35.93333305 ], [ 139.121045330000015, 35.93333333 ], [ 139.121358110000017, 35.93345084 ], [ 139.121479220000026, 35.93349833 ], [ 139.121590610000027, 35.93354195 ], [ 139.12172949, 35.93360444 ], [ 139.12182117, 35.93364584 ], [ 139.121900610000012, 35.93371195 ], [ 139.122032830000023, 35.93378528 ], [ 139.122172550000016, 35.93385861 ], [ 139.122341440000014, 35.93398333 ], [ 139.122481170000015, 35.93404944 ], [ 139.12263533, 35.93411528 ], [ 139.1228045, 35.93415944 ], [ 139.122980900000016, 35.93424 ], [ 139.12311311000002, 35.93432805 ], [ 139.123223110000026, 35.93445277 ], [ 139.123292280000015, 35.93454111 ], [ 139.12342172000001, 35.93462139 ], [ 139.123531720000017, 35.93468 ], [ 139.123678660000024, 35.93470944 ], [ 139.12377394, 35.93473723 ], [ 139.123987280000023, 35.93476084 ], [ 139.124200340000016, 35.93481223 ], [ 139.124442550000026, 35.93484889 ], [ 139.12456756, 35.93487084 ], [ 139.12472922, 35.93489278 ], [ 139.124890890000017, 35.93491472 ], [ 139.125, 35.93492978 ], [ 139.125003670000012, 35.93493031 ], [ 139.12510394, 35.93494417 ], [ 139.12525811, 35.93499556 ], [ 139.12539783, 35.93505417 ], [ 139.125485890000022, 35.93508333 ], [ 139.125667, 35.93517972 ], [ 139.12586866, 35.93531084 ], [ 139.125978420000024, 35.93540611 ], [ 139.126147300000014, 35.93553805 ], [ 139.12617591, 35.93562472 ], [ 139.126211190000021, 35.93570444 ], [ 139.126256470000015, 35.93578222 ], [ 139.12627591, 35.93586833 ], [ 139.126362310000019, 35.93598639 ], [ 139.126458690000021, 35.93610472 ], [ 139.126582870000021, 35.93624917 ], [ 139.126708690000015, 35.93629528 ], [ 139.126811480000015, 35.93629528 ], [ 139.12688481, 35.93628805 ], [ 139.127009800000025, 35.93629528 ], [ 139.12714202, 35.93631723 ], [ 139.127288970000023, 35.93633917 ], [ 139.127413970000021, 35.93636861 ], [ 139.127524250000022, 35.93641278 ], [ 139.127619800000019, 35.93647139 ], [ 139.127722580000011, 35.93652251 ], [ 139.12785815, 35.93654417 ], [ 139.1280437, 35.93655056 ], [ 139.12820703, 35.93654084 ], [ 139.128486470000013, 35.93652251 ], [ 139.12872898, 35.93652251 ], [ 139.129017300000015, 35.93648333 ], [ 139.129191750000018, 35.93647139 ], [ 139.129382870000029, 35.93646389 ], [ 139.12954314000001, 35.93649305 ], [ 139.129647300000016, 35.93652251 ], [ 139.12975759, 35.93658861 ], [ 139.12987508, 35.93665472 ], [ 139.13000008, 35.93675723 ], [ 139.130095360000013, 35.93681611 ], [ 139.13023508, 35.93690417 ], [ 139.130556740000031, 35.93698972 ], [ 139.13068175, 35.93704833 ], [ 139.130828690000016, 35.93713639 ], [ 139.1309537, 35.93722444 ], [ 139.131063970000014, 35.937305 ], [ 139.131184530000013, 35.93736167 ], [ 139.131188690000016, 35.93736361 ], [ 139.13132092, 35.93742251 ], [ 139.13151953000002, 35.93748111 ], [ 139.13168092, 35.93749584 ], [ 139.13193092, 35.937525 ], [ 139.13217341, 35.93753251 ], [ 139.13235674, 35.937525 ], [ 139.13256983, 35.93750305 ], [ 139.132723990000017, 35.93748111 ], [ 139.13288567, 35.93745167 ], [ 139.13309872, 35.93743722 ], [ 139.13328261, 35.93740777 ], [ 139.133333330000028, 35.9374055 ], [ 139.13333706, 35.93740533 ], [ 139.13344428, 35.93740056 ], [ 139.133620390000033, 35.93737111 ], [ 139.133767330000012, 35.93735639 ], [ 139.133907060000013, 35.93734917 ], [ 139.13404678, 35.93736361 ], [ 139.134186230000012, 35.93739305 ], [ 139.134399270000017, 35.93742972 ], [ 139.134509560000026, 35.93750305 ], [ 139.134678440000016, 35.93757639 ], [ 139.13476678, 35.93764972 ], [ 139.134925380000027, 35.93770469 ], [ 139.13500317, 35.93773167 ], [ 139.135083990000027, 35.93777556 ], [ 139.135187060000021, 35.93781972 ], [ 139.13540733, 35.93785639 ], [ 139.135524840000016, 35.93784167 ], [ 139.13567178, 35.93781972 ], [ 139.135914, 35.93781972 ], [ 139.13606844, 35.93784167 ], [ 139.13621538000001, 35.93784889 ], [ 139.13634761, 35.93790028 ], [ 139.136516500000027, 35.937915 ], [ 139.13667817000001, 35.93801777 ], [ 139.136759, 35.93806167 ], [ 139.13692789000001, 35.93812777 ], [ 139.137001500000025, 35.93814972 ], [ 139.137126500000022, 35.938135 ], [ 139.137244, 35.93809111 ], [ 139.137361500000026, 35.93803972 ], [ 139.137486500000023, 35.93799556 ], [ 139.137640660000017, 35.93800305 ], [ 139.137875940000015, 35.93804695 ], [ 139.13803761, 35.93806167 ], [ 139.13814761, 35.93809111 ], [ 139.13834567, 35.93812777 ], [ 139.13858095, 35.93818639 ], [ 139.138867330000011, 35.93826695 ], [ 139.139065940000023, 35.93832584 ], [ 139.139205380000021, 35.93836944 ], [ 139.139403720000018, 35.93842084 ], [ 139.139572890000011, 35.93849417 ], [ 139.13980122000001, 35.93866277 ], [ 139.13987122, 35.938705 ], [ 139.139945380000029, 35.93881139 ], [ 139.139983450000017, 35.93886611 ], [ 139.140053750000021, 35.93893611 ], [ 139.14016597, 35.93902 ], [ 139.140292360000018, 35.93906223 ], [ 139.14039764, 35.93910417 ], [ 139.140569590000013, 35.93916722 ], [ 139.140657080000011, 35.93920223 ], [ 139.140804310000021, 35.93922333 ], [ 139.140958760000018, 35.93925833 ], [ 139.14108514000003, 35.93927223 ], [ 139.141267640000024, 35.93930028 ], [ 139.141365690000015, 35.93932139 ], [ 139.141451250000017, 35.93933139 ], [ 139.141548200000017, 35.93934251 ], [ 139.14166667, 35.93934653 ], [ 139.141670410000017, 35.93934667 ], [ 139.1417518, 35.93934944 ], [ 139.14218681, 35.93934944 ], [ 139.14232014000001, 35.93941944 ], [ 139.14241847, 35.93950361 ], [ 139.142558760000014, 35.93966472 ], [ 139.1426782, 35.93980472 ], [ 139.142776250000026, 35.93992389 ], [ 139.14292348, 35.940085 ], [ 139.143021800000014, 35.94023917 ], [ 139.143119860000013, 35.940365 ], [ 139.143162090000033, 35.94058361 ], [ 139.143179300000014, 35.94072639 ], [ 139.143194310000013, 35.94086944 ], [ 139.1432393, 35.94103167 ], [ 139.14328986000001, 35.94118111 ], [ 139.14333837, 35.94129403 ], [ 139.14339375, 35.94142389 ], [ 139.14347791, 35.94157805 ], [ 139.1435208, 35.94166639 ], [ 139.14352095000001, 35.94166667 ], [ 139.143561530000028, 35.94175028 ], [ 139.143681250000014, 35.94192111 ], [ 139.14380764, 35.94206833 ], [ 139.14391486, 35.94215528 ], [ 139.1440393, 35.94223639 ], [ 139.144207640000019, 35.94232751 ], [ 139.144352630000014, 35.94242805 ], [ 139.144665140000029, 35.94262084 ], [ 139.144791280000021, 35.94271723 ], [ 139.14486156000001, 35.942775 ], [ 139.14497377, 35.94288723 ], [ 139.145086, 35.94297111 ], [ 139.145179340000027, 35.94302251 ], [ 139.14528961, 35.94308305 ], [ 139.14537377000002, 35.94313195 ], [ 139.145556280000022, 35.94322305 ], [ 139.14574572, 35.94322305 ], [ 139.145836840000015, 35.94320917 ], [ 139.14594211, 35.94320195 ], [ 139.14612462, 35.94317417 ], [ 139.146300170000018, 35.94317417 ], [ 139.14637739, 35.94318111 ], [ 139.146517660000029, 35.94320917 ], [ 139.146665160000026, 35.94323722 ], [ 139.14681905, 35.94325805 ], [ 139.14689655, 35.94327917 ], [ 139.147001830000022, 35.94330028 ], [ 139.147093220000016, 35.94332805 ], [ 139.147177390000024, 35.94337722 ], [ 139.147254620000012, 35.94346139 ], [ 139.147338500000018, 35.94355944 ], [ 139.147422670000026, 35.94369251 ], [ 139.14749988, 35.94379751 ], [ 139.147605160000012, 35.94395861 ], [ 139.147661280000023, 35.94402167 ], [ 139.14775961, 35.94410528 ], [ 139.147871830000014, 35.94416833 ], [ 139.14799822, 35.94426639 ], [ 139.148145450000015, 35.94429444 ], [ 139.14823684000001, 35.94431556 ], [ 139.148356010000015, 35.94429444 ], [ 139.148468220000012, 35.94429444 ], [ 139.148594620000011, 35.94425944 ], [ 139.14874905, 35.94419639 ], [ 139.148945450000014, 35.94405639 ], [ 139.149097110000014, 35.94398333 ], [ 139.14913489, 35.94396528 ], [ 139.149310440000022, 35.94385305 ], [ 139.149570170000032, 35.94374805 ], [ 139.15, 35.94350728 ], [ 139.150003770000012, 35.94350517 ], [ 139.15025795, 35.94336277 ], [ 139.15058739, 35.94321584 ], [ 139.150685720000013, 35.94315278 ], [ 139.15078377, 35.94310389 ], [ 139.150875160000027, 35.94307584 ], [ 139.15096628, 35.94305472 ], [ 139.151078500000011, 35.94303389 ], [ 139.151197950000011, 35.94303389 ], [ 139.15141545, 35.94305472 ], [ 139.151632940000013, 35.94313195 ], [ 139.151759340000012, 35.94321584 ], [ 139.15190684, 35.94334195 ], [ 139.151976830000024, 35.94342611 ], [ 139.152188780000017, 35.94360084 ], [ 139.152306230000022, 35.94366887 ], [ 139.15232211, 35.94367805 ], [ 139.15251878, 35.94376917 ], [ 139.152687110000016, 35.94376917 ], [ 139.152890730000024, 35.94378305 ], [ 139.153068500000018, 35.94381111 ], [ 139.153220440000013, 35.94383223 ], [ 139.15341659, 35.94389528 ], [ 139.153536030000026, 35.94393722 ], [ 139.15374659, 35.94409833 ], [ 139.153760190000014, 35.9441025 ], [ 139.15387992, 35.94414028 ], [ 139.153992140000014, 35.94413333 ], [ 139.15409047, 35.94409833 ], [ 139.15415353, 35.94405639 ], [ 139.154188520000019, 35.94393722 ], [ 139.15421519, 35.94389805 ], [ 139.15426686, 35.94382167 ], [ 139.15431326, 35.94378195 ], [ 139.154385470000022, 35.94374584 ], [ 139.154520470000023, 35.9436825 ], [ 139.15463075, 35.94363584 ], [ 139.154785190000013, 35.94360084 ], [ 139.154918520000024, 35.943615 ], [ 139.155002700000011, 35.94365695 ], [ 139.15509492000001, 35.94372861 ], [ 139.155192410000012, 35.94381056 ], [ 139.15528131, 35.94389056 ], [ 139.15538131, 35.94395917 ], [ 139.15545185000002, 35.94399333 ], [ 139.155606300000017, 35.94410528 ], [ 139.15572158, 35.94424861 ], [ 139.155939360000019, 35.94458584 ], [ 139.15601519, 35.94468611 ], [ 139.15611131, 35.94479195 ], [ 139.1562902, 35.94493611 ], [ 139.156444640000018, 35.94509722 ], [ 139.15659881, 35.94520917 ], [ 139.1567602, 35.94530723 ], [ 139.1568727, 35.94535639 ], [ 139.15711825, 35.94543333 ], [ 139.157179860000014, 35.94545741 ], [ 139.157279640000013, 35.94549639 ], [ 139.157581310000012, 35.94555944 ], [ 139.157791850000024, 35.94560861 ], [ 139.15802353, 35.94563639 ], [ 139.158049920000025, 35.94563722 ], [ 139.15829020000001, 35.94564361 ], [ 139.15833333, 35.94564864 ], [ 139.15833713, 35.94564908 ], [ 139.15852881, 35.94567139 ], [ 139.158837420000026, 35.94567139 ], [ 139.15904075, 35.94564361 ], [ 139.15925131, 35.94562251 ], [ 139.159489920000027, 35.94555944 ], [ 139.159644360000016, 35.94549639 ], [ 139.15978464, 35.94544028 ], [ 139.15990409, 35.94538444 ], [ 139.160030190000015, 35.94532833 ], [ 139.160149640000014, 35.94529333 ], [ 139.160254920000028, 35.94528611 ], [ 139.160360200000014, 35.94529333 ], [ 139.160479360000011, 35.94534917 ], [ 139.16064075, 35.94542639 ], [ 139.16078131, 35.94548944 ], [ 139.16097769000001, 35.94553139 ], [ 139.16113214, 35.94554556 ], [ 139.161251310000011, 35.94558056 ], [ 139.16137078, 35.94563639 ], [ 139.161518, 35.9456925 ], [ 139.16174272, 35.94578361 ], [ 139.161791030000018, 35.94579705 ], [ 139.161868560000016, 35.94581861 ], [ 139.162016060000013, 35.94586056 ], [ 139.16226856000003, 35.94590277 ], [ 139.162416060000027, 35.94591667 ], [ 139.162420510000032, 35.94591611 ], [ 139.16255161, 35.94589695 ], [ 139.162608270000021, 35.94611472 ], [ 139.16263244000001, 35.94627584 ], [ 139.162624380000011, 35.94641305 ], [ 139.162608270000021, 35.94661444 ], [ 139.16260022, 35.94682389 ], [ 139.162592170000011, 35.94697722 ], [ 139.162576060000021, 35.94708195 ], [ 139.162592170000011, 35.94721084 ], [ 139.162664940000013, 35.94737223 ], [ 139.163020220000021, 35.94796084 ], [ 139.16316328000002, 35.94812861 ], [ 139.16321966000001, 35.94825778 ], [ 139.163308560000019, 35.94841084 ], [ 139.16338939, 35.94858028 ], [ 139.16350244000003, 35.94874944 ], [ 139.16355078, 35.94883833 ], [ 139.163623550000011, 35.94887056 ], [ 139.16374438, 35.94887056 ], [ 139.16391411, 35.94886251 ], [ 139.16414022, 35.94884639 ], [ 139.164350220000017, 35.94883028 ], [ 139.16468939, 35.94881417 ], [ 139.16493995, 35.94884639 ], [ 139.16514125, 35.94886184 ], [ 139.16514995, 35.94886251 ], [ 139.165376060000028, 35.94888667 ], [ 139.16549717, 35.94892695 ], [ 139.165691050000021, 35.94896722 ], [ 139.165989950000011, 35.94908833 ], [ 139.16616772, 35.94912861 ], [ 139.166288830000013, 35.94916084 ], [ 139.166474670000014, 35.94917695 ], [ 139.16663606000003, 35.94920111 ], [ 139.166666670000012, 35.94920525 ], [ 139.166670510000017, 35.94920578 ], [ 139.166934670000018, 35.94924139 ], [ 139.16708828, 35.94926556 ], [ 139.16721745000001, 35.94928972 ], [ 139.16744358, 35.94935417 ], [ 139.16757275, 35.94938667 ], [ 139.167718300000018, 35.94945917 ], [ 139.167903860000024, 35.94955584 ], [ 139.16805747, 35.94963611 ], [ 139.168113870000013, 35.949725 ], [ 139.16814636, 35.94986195 ], [ 139.16815442, 35.94998278 ], [ 139.168153610000019, 35.94999972 ], [ 139.16815358, 35.95 ], [ 139.168151, 35.9500548 ], [ 139.16814636, 35.95015222 ], [ 139.16811302, 35.95033 ], [ 139.168080800000013, 35.9505075 ], [ 139.168056640000032, 35.95066056 ], [ 139.168048590000012, 35.95083805 ], [ 139.168056640000032, 35.95103139 ], [ 139.168072750000022, 35.95117667 ], [ 139.16810025, 35.95124528 ], [ 139.16813747, 35.95133777 ], [ 139.168213310000027, 35.95146195 ], [ 139.16822636, 35.95148305 ], [ 139.168298860000021, 35.95162805 ], [ 139.16829997, 35.95163 ], [ 139.16836358, 35.95175723 ], [ 139.168476640000023, 35.95193444 ], [ 139.168533310000015, 35.95203084 ], [ 139.168573580000015, 35.95210361 ], [ 139.168581360000019, 35.95224056 ], [ 139.168573310000028, 35.95238584 ], [ 139.168533020000012, 35.95254972 ], [ 139.16846025000001, 35.95271111 ], [ 139.16838747, 35.95288028 ], [ 139.16837942, 35.95299333 ], [ 139.16841163, 35.95311417 ], [ 139.168500530000017, 35.95329167 ], [ 139.168573310000028, 35.95346084 ], [ 139.168621630000018, 35.95363833 ], [ 139.16864608, 35.95379139 ], [ 139.16868636, 35.95403333 ], [ 139.16867830000001, 35.95423469 ], [ 139.16867830000001, 35.95431525 ], [ 139.16874302, 35.95441997 ], [ 139.16883997, 35.95450887 ], [ 139.168936640000027, 35.95465386 ], [ 139.169090250000011, 35.95479914 ], [ 139.169219420000019, 35.95492664 ], [ 139.16932442, 35.95505553 ], [ 139.16975248, 35.95537803 ], [ 139.169863860000021, 35.95545747 ], [ 139.169922190000023, 35.95549913 ], [ 139.1700725, 35.95561469 ], [ 139.170140270000019, 35.95574913 ], [ 139.170196940000011, 35.9558458 ], [ 139.17026139, 35.95598275 ], [ 139.170293890000011, 35.95613608 ], [ 139.170325840000032, 35.95625692 ], [ 139.17035805, 35.95646664 ], [ 139.17039861, 35.95655497 ], [ 139.170455010000012, 35.95662747 ], [ 139.170737780000024, 35.9568372 ], [ 139.17081056, 35.9569258 ], [ 139.17087501, 35.9570308 ], [ 139.170933330000025, 35.95718747 ], [ 139.170957500000014, 35.95730025 ], [ 139.171013890000012, 35.95746164 ], [ 139.17107861, 35.95767941 ], [ 139.17116, 35.95783431 ], [ 139.171167500000024, 35.95784859 ], [ 139.171264450000024, 35.95796969 ], [ 139.1713775, 35.95811469 ], [ 139.171506670000014, 35.95825164 ], [ 139.171567760000016, 35.95833303 ], [ 139.17156798000002, 35.95833333 ], [ 139.17160361, 35.9583808 ], [ 139.17170861, 35.95853387 ], [ 139.171886390000026, 35.95889664 ], [ 139.171910560000015, 35.95901747 ], [ 139.171983330000018, 35.95917859 ], [ 139.17209861, 35.95932636 ], [ 139.17223611, 35.95948747 ], [ 139.17233306, 35.95960053 ], [ 139.17235027000001, 35.9596022 ], [ 139.17242167, 35.95960859 ], [ 139.172542780000015, 35.95959247 ], [ 139.172760830000016, 35.95958441 ], [ 139.172930270000023, 35.95951997 ], [ 139.17314861, 35.95951164 ], [ 139.17347167, 35.95945525 ], [ 139.173792780000014, 35.95942831 ], [ 139.174031950000028, 35.95942831 ], [ 139.174172780000021, 35.95943441 ], [ 139.174289440000024, 35.9594772 ], [ 139.174363060000019, 35.95953247 ], [ 139.17442416, 35.9596058 ], [ 139.174430560000019, 35.95971608 ], [ 139.17442416, 35.95986913 ], [ 139.17441195, 35.96005275 ], [ 139.17439361000001, 35.96018108 ], [ 139.17441195, 35.9603158 ], [ 139.17445501, 35.96040775 ], [ 139.17449167, 35.96051164 ], [ 139.17459, 35.9606708 ], [ 139.17467586, 35.9607872 ], [ 139.17477392, 35.9609158 ], [ 139.174822800000015, 35.96094025 ], [ 139.174902530000026, 35.9609708 ], [ 139.17499447000003, 35.96099525 ], [ 139.175, 35.96099684 ], [ 139.175003920000023, 35.96099797 ], [ 139.175126690000013, 35.96103331 ], [ 139.17533531, 35.96106387 ], [ 139.175506980000023, 35.96111275 ], [ 139.17569086, 35.96115553 ], [ 139.17580752, 35.96119247 ], [ 139.175942530000015, 35.96122914 ], [ 139.176058910000023, 35.96124747 ], [ 139.17617558, 35.96128413 ], [ 139.17626752000001, 35.96135136 ], [ 139.1763717, 35.96140053 ], [ 139.176549470000026, 35.96151997 ], [ 139.176684470000026, 35.96163886 ], [ 139.176751970000026, 35.96171247 ], [ 139.17686224000002, 35.96184692 ], [ 139.17692975, 35.96193275 ], [ 139.177021700000012, 35.96204914 ], [ 139.17713197, 35.96220831 ], [ 139.17726086, 35.96239192 ], [ 139.17734031, 35.96255108 ], [ 139.177395580000024, 35.96263664 ], [ 139.177603920000024, 35.96303941 ], [ 139.17768365, 35.96314359 ], [ 139.17776336, 35.96321692 ], [ 139.17780031, 35.96327192 ], [ 139.177812530000011, 35.96333331 ], [ 139.177806420000024, 35.9634372 ], [ 139.177794190000014, 35.96353525 ], [ 139.177726690000014, 35.96361497 ], [ 139.17763475000001, 35.96370664 ], [ 139.17743837, 35.96387941 ], [ 139.177426130000015, 35.96389025 ], [ 139.17728503, 35.96398803 ], [ 139.17723003, 35.96405525 ], [ 139.17713808000002, 35.96418997 ], [ 139.17688031, 35.96460192 ], [ 139.176751700000011, 35.96480414 ], [ 139.176653640000012, 35.96496941 ], [ 139.17659837, 35.96507941 ], [ 139.17656141, 35.96514692 ], [ 139.17655837, 35.96518914 ], [ 139.176555300000018, 35.96523247 ], [ 139.176555300000018, 35.96531831 ], [ 139.176580030000025, 35.96544053 ], [ 139.176592240000019, 35.96558747 ], [ 139.17661669, 35.96575887 ], [ 139.176665860000014, 35.9658508 ], [ 139.176678080000016, 35.96598856 ], [ 139.176720860000017, 35.96611717 ], [ 139.17671475, 35.9661905 ], [ 139.176733360000014, 35.96635577 ], [ 139.176794480000012, 35.96656411 ], [ 139.176827, 35.96666633 ], [ 139.17682711, 35.96666667 ], [ 139.17683141, 35.96668022 ], [ 139.17692947, 35.96688856 ], [ 139.176966130000011, 35.96698022 ], [ 139.17709503, 35.96711495 ], [ 139.17722394, 35.96724356 ], [ 139.17729756, 35.96730467 ], [ 139.177383390000017, 35.96735995 ], [ 139.17743839000002, 35.96746995 ], [ 139.17748144, 35.96758633 ], [ 139.177493670000018, 35.96773384 ], [ 139.177493670000018, 35.96781328 ], [ 139.17748144, 35.96788689 ], [ 139.17743839000002, 35.96797244 ], [ 139.177407830000021, 35.96804605 ], [ 139.17735866000001, 35.96812551 ], [ 139.177334230000014, 35.96821744 ], [ 139.177346450000016, 35.96829078 ], [ 139.177383390000017, 35.96833939 ], [ 139.17748144, 35.96840689 ], [ 139.177873670000025, 35.96874356 ], [ 139.17816783, 35.9690005 ], [ 139.17829672000002, 35.969123 ], [ 139.17843283000002, 35.96923022 ], [ 139.17851866, 35.96935856 ], [ 139.178580050000022, 35.96946272 ], [ 139.17861672, 35.96954217 ], [ 139.17864144, 35.96964022 ], [ 139.178636160000025, 35.96965939 ], [ 139.178614770000024, 35.96973467 ], [ 139.178693110000012, 35.96971856 ], [ 139.17885783, 35.96969495 ], [ 139.17899895, 35.9696305 ], [ 139.179134230000017, 35.96958356 ], [ 139.17923423000002, 35.9694955 ], [ 139.17941672, 35.96929578 ], [ 139.179557830000022, 35.96911384 ], [ 139.179775330000012, 35.96886717 ], [ 139.179880340000011, 35.968768 ], [ 139.180010610000011, 35.96864411 ], [ 139.18016338000001, 35.96854439 ], [ 139.18027533, 35.96842689 ], [ 139.18048117, 35.96827411 ], [ 139.18058672, 35.96822717 ], [ 139.180686720000011, 35.96820384 ], [ 139.180786720000015, 35.96817439 ], [ 139.180804530000017, 35.96817439 ], [ 139.180992, 35.96817439 ], [ 139.18118034, 35.96818605 ], [ 139.181374230000017, 35.96819189 ], [ 139.181597830000015, 35.96818605 ], [ 139.181826450000017, 35.96816217 ], [ 139.181991720000013, 35.96814495 ], [ 139.18218589, 35.96813328 ], [ 139.182372550000025, 35.96814384 ], [ 139.18249756, 35.96815077 ], [ 139.182536280000022, 35.96815367 ], [ 139.182642, 35.96816133 ], [ 139.182662280000017, 35.96816272 ], [ 139.182827, 35.968198 ], [ 139.18300922, 35.96826828 ], [ 139.183156450000013, 35.96834467 ], [ 139.1832209, 35.96839105 ], [ 139.183333330000011, 35.96847123 ], [ 139.183337280000018, 35.96847403 ], [ 139.183362, 35.96849161 ], [ 139.183428390000017, 35.968538 ], [ 139.18347949, 35.96857384 ], [ 139.183591170000028, 35.96864995 ], [ 139.18363839, 35.968703 ], [ 139.183714770000023, 35.96873217 ], [ 139.18383839, 35.9687205 ], [ 139.183997, 35.96864995 ], [ 139.18412061, 35.96861495 ], [ 139.18438423, 35.968528 ], [ 139.184584230000013, 35.96841051 ], [ 139.184737, 35.96832244 ], [ 139.184913380000012, 35.96816384 ], [ 139.185278110000013, 35.96779384 ], [ 139.185407560000016, 35.96764717 ], [ 139.185537, 35.96752995 ], [ 139.185701720000026, 35.96735969 ], [ 139.185819220000013, 35.96723636 ], [ 139.185972, 35.96712469 ], [ 139.18611339, 35.96710136 ], [ 139.18629562000001, 35.96712469 ], [ 139.18650728, 35.96718359 ], [ 139.186642550000016, 35.96723636 ], [ 139.18691866, 35.96731859 ], [ 139.187107, 35.96734803 ], [ 139.187300890000017, 35.96735387 ], [ 139.18747144, 35.96735387 ], [ 139.187618660000027, 35.96733664 ], [ 139.1876245, 35.96733608 ], [ 139.18783034, 35.96730692 ], [ 139.18815949, 35.96725969 ], [ 139.188418110000015, 35.96719525 ], [ 139.188635620000014, 35.96715997 ], [ 139.188853380000012, 35.96713053 ], [ 139.18902394, 35.96708941 ], [ 139.18925311000001, 35.96706608 ], [ 139.189435620000012, 35.96706025 ], [ 139.189582550000011, 35.96702497 ], [ 139.189770900000013, 35.96699553 ], [ 139.190023670000016, 35.96691913 ], [ 139.190212, 35.96688997 ], [ 139.190376160000028, 35.96685469 ], [ 139.19056423, 35.9668722 ], [ 139.190693940000017, 35.96690164 ], [ 139.19080562000002, 35.96694859 ], [ 139.190940900000015, 35.9670308 ], [ 139.191093670000015, 35.96708359 ], [ 139.191293670000022, 35.96718941 ], [ 139.19139949, 35.96724803 ], [ 139.191505330000012, 35.96734803 ], [ 139.19162895, 35.96743025 ], [ 139.191666670000018, 35.96745456 ], [ 139.191670610000017, 35.96745711 ], [ 139.19172895, 35.96749469 ], [ 139.191840900000017, 35.9675358 ], [ 139.192017280000016, 35.96758275 ], [ 139.192246720000014, 35.96764164 ], [ 139.19243508, 35.96770025 ], [ 139.192546740000012, 35.96775303 ], [ 139.192770360000026, 35.96792913 ], [ 139.19302314, 35.96795275 ], [ 139.19327564, 35.96796441 ], [ 139.19347564, 35.96795859 ], [ 139.193703700000015, 35.96793692 ], [ 139.193787300000025, 35.96792913 ], [ 139.19399314, 35.96785886 ], [ 139.19419314000001, 35.96778247 ], [ 139.194393140000017, 35.96769441 ], [ 139.194473140000014, 35.9676358 ], [ 139.19459314, 35.96754747 ], [ 139.194675360000019, 35.96748303 ], [ 139.19475786000001, 35.9673658 ], [ 139.19488397, 35.96718441 ], [ 139.19506647, 35.96708469 ], [ 139.19526647, 35.96700831 ], [ 139.195460360000027, 35.96694359 ], [ 139.19566036, 35.96689664 ], [ 139.195930920000023, 35.9668322 ], [ 139.1961837, 35.96679108 ], [ 139.196307300000029, 35.96676164 ], [ 139.19649564, 35.96673831 ], [ 139.19667202, 35.9667322 ], [ 139.196760080000018, 35.96674413 ], [ 139.19693620000001, 35.96677941 ], [ 139.19710397, 35.96681441 ], [ 139.197439250000031, 35.96680275 ], [ 139.197627300000022, 35.96678525 ], [ 139.19772341, 35.96676192 ], [ 139.197844810000021, 35.9667322 ], [ 139.1979862, 35.96667359 ], [ 139.198012870000014, 35.96666667 ], [ 139.19801406000002, 35.96666636 ], [ 139.198144810000031, 35.96663247 ], [ 139.19826842, 35.96652664 ], [ 139.198391750000013, 35.9665208 ], [ 139.19852703, 35.96655025 ], [ 139.198685910000023, 35.96660886 ], [ 139.198791750000026, 35.96666192 ], [ 139.19881905, 35.96666636 ], [ 139.198820950000027, 35.96666667 ], [ 139.19904453, 35.96670303 ], [ 139.199297590000015, 35.96668525 ], [ 139.19943244000001, 35.96666667 ], [ 139.199434700000012, 35.96666636 ], [ 139.19950925, 35.96665608 ], [ 139.199627030000016, 35.96661497 ], [ 139.19982674000002, 35.96654441 ], [ 139.199919250000022, 35.96647969 ], [ 139.19994453000001, 35.9664622 ], [ 139.2, 35.96643811 ], [ 139.200003970000012, 35.96643639 ], [ 139.200079530000011, 35.96640359 ], [ 139.200332310000022, 35.96638025 ], [ 139.20053815, 35.96637441 ], [ 139.20077258, 35.96634636 ], [ 139.201025360000017, 35.9663172 ], [ 139.20116647, 35.96626414 ], [ 139.201284250000015, 35.96616441 ], [ 139.20142536, 35.96602331 ], [ 139.201490080000013, 35.9658708 ], [ 139.201531190000026, 35.9657708 ], [ 139.201572310000017, 35.96558303 ], [ 139.201589800000022, 35.96543025 ], [ 139.201619250000022, 35.96524831 ], [ 139.201648690000013, 35.96508386 ], [ 139.201678140000013, 35.96488553 ], [ 139.201725080000017, 35.96466831 ], [ 139.20178397, 35.96452164 ], [ 139.201819250000028, 35.96433387 ], [ 139.20183119, 35.96418136 ], [ 139.201767860000018, 35.96399775 ], [ 139.20176036, 35.9639758 ], [ 139.201707559999988, 35.96371136 ], [ 139.20166645, 35.96354108 ], [ 139.201631170000013, 35.96335331 ], [ 139.201607560000014, 35.96299636 ], [ 139.201601720000014, 35.96286108 ], [ 139.20171922, 35.96270247 ], [ 139.201860340000025, 35.96258525 ], [ 139.202125060000014, 35.96249108 ], [ 139.202307280000014, 35.96243247 ], [ 139.20250728000002, 35.9623858 ], [ 139.202848390000014, 35.96228608 ], [ 139.203142550000024, 35.96218608 ], [ 139.20339533, 35.96202164 ], [ 139.20357895, 35.96193747 ], [ 139.203754230000015, 35.9618572 ], [ 139.20423922, 35.96171469 ], [ 139.204353670000017, 35.96168108 ], [ 139.204533380000015, 35.96162636 ], [ 139.204750890000014, 35.96157944 ], [ 139.204933360000012, 35.96147672 ], [ 139.20498034000002, 35.96145028 ], [ 139.20509783, 35.96133278 ], [ 139.20530367, 35.96111556 ], [ 139.20542144, 35.96096861 ], [ 139.20558005, 35.96085722 ], [ 139.20570949, 35.96079833 ], [ 139.205933110000018, 35.96072222 ], [ 139.206091720000018, 35.96069305 ], [ 139.20636228, 35.96061084 ], [ 139.206527, 35.96053444 ], [ 139.206691730000017, 35.96048167 ], [ 139.20690339, 35.96043472 ], [ 139.206935330000022, 35.96042111 ], [ 139.20731756, 35.96025584 ], [ 139.20767616, 35.96013833 ], [ 139.20782922, 35.96009139 ], [ 139.20791144, 35.96004444 ], [ 139.208087830000011, 35.95990361 ], [ 139.20827005000001, 35.95977444 ], [ 139.208333330000016, 35.95969864 ], [ 139.208337280000023, 35.95969392 ], [ 139.20841728000002, 35.95959805 ], [ 139.20853477, 35.95944556 ], [ 139.208640610000032, 35.95933972 ], [ 139.20877589, 35.95918723 ], [ 139.20881545, 35.95915425 ], [ 139.20895228, 35.95904028 ], [ 139.209199220000016, 35.95881722 ], [ 139.20936978, 35.95869417 ], [ 139.209533670000013, 35.95858584 ], [ 139.20986283000002, 35.95842723 ], [ 139.21005861, 35.95833333 ], [ 139.210059200000018, 35.95833305 ], [ 139.210168660000022, 35.95828056 ], [ 139.210433380000012, 35.95814556 ], [ 139.210592280000014, 35.95805722 ], [ 139.210780340000014, 35.95795167 ], [ 139.21099811000002, 35.95784584 ], [ 139.211092, 35.95777556 ], [ 139.211345060000014, 35.95759917 ], [ 139.21138339, 35.95757751 ], [ 139.211490390000023, 35.95751747 ], [ 139.21164506, 35.95743056 ], [ 139.21180949, 35.95727195 ], [ 139.21197423000001, 35.95711333 ], [ 139.21212728, 35.95695472 ], [ 139.212297830000011, 35.95680805 ], [ 139.212456450000019, 35.95666722 ], [ 139.21260949, 35.956585 ], [ 139.21283283, 35.95647361 ], [ 139.212927, 35.95644417 ], [ 139.212822280000012, 35.95638084 ], [ 139.212672, 35.95628695 ], [ 139.21261562, 35.95616195 ], [ 139.212540890000014, 35.95582 ], [ 139.212528110000022, 35.95576111 ], [ 139.21250949, 35.95552333 ], [ 139.21250949, 35.95537333 ], [ 139.212534770000019, 35.95520251 ], [ 139.2125909, 35.95509195 ], [ 139.212665890000011, 35.95496056 ], [ 139.212803670000028, 35.95479167 ], [ 139.212935330000022, 35.95459778 ], [ 139.21303949, 35.95448417 ], [ 139.213175330000013, 35.95439028 ], [ 139.21332978, 35.95430417 ], [ 139.213516160000012, 35.95421805 ], [ 139.21365394, 35.95414278 ], [ 139.213760340000022, 35.95408028 ], [ 139.21398589, 35.95394278 ], [ 139.214205060000012, 35.95378028 ], [ 139.214336450000019, 35.95366751 ], [ 139.214468660000023, 35.95348167 ], [ 139.2144745, 35.95347361 ], [ 139.21459339, 35.95327361 ], [ 139.21461839, 35.95306722 ], [ 139.2146309, 35.95294833 ], [ 139.21472477, 35.95282944 ], [ 139.21480949, 35.95273364 ], [ 139.214931440000015, 35.95268586 ], [ 139.215038110000023, 35.95266086 ], [ 139.215101170000025, 35.95265003 ], [ 139.215219780000012, 35.95262947 ], [ 139.215619780000026, 35.95256114 ], [ 139.21586506, 35.95250086 ], [ 139.216047280000026, 35.95242975 ], [ 139.2161509, 35.95237892 ], [ 139.21625144, 35.95232975 ], [ 139.216477, 35.95220169 ], [ 139.21666667, 35.95213644 ], [ 139.216670610000023, 35.95213511 ], [ 139.216687, 35.95212947 ], [ 139.216823940000012, 35.95204697 ], [ 139.21693117, 35.95194197 ], [ 139.21704394, 35.95172308 ], [ 139.217150340000018, 35.9515728 ], [ 139.21717562, 35.9514978 ], [ 139.217194230000018, 35.95143531 ], [ 139.217207, 35.95133531 ], [ 139.21722589, 35.95120392 ], [ 139.21722589, 35.95104753 ], [ 139.21724477, 35.95093503 ], [ 139.21725895, 35.95083031 ], [ 139.21731367000001, 35.95071613 ], [ 139.21736866, 35.95061753 ], [ 139.217425060000011, 35.95056113 ], [ 139.21746866, 35.95049253 ], [ 139.217537560000011, 35.95041114 ], [ 139.217600340000018, 35.95030475 ], [ 139.217644230000019, 35.95021725 ], [ 139.217662830000023, 35.95011725 ], [ 139.21768144, 35.95 ], [ 139.217681500000026, 35.94999975 ], [ 139.21768173000001, 35.94999836 ], [ 139.217688080000016, 35.94986086 ], [ 139.21775058, 35.94967308 ], [ 139.217775580000023, 35.94957336 ], [ 139.217858080000013, 35.94944697 ], [ 139.21798003, 35.94930031 ], [ 139.218138910000022, 35.94916059 ], [ 139.21823280000001, 35.94909197 ], [ 139.218401970000031, 35.94902225 ], [ 139.21850197, 35.94900253 ], [ 139.21861837, 35.94898613 ], [ 139.218748370000014, 35.94898059 ], [ 139.218895300000014, 35.94900531 ], [ 139.218946980000027, 35.94902225 ], [ 139.218985030000027, 35.94909475 ], [ 139.219003360000016, 35.94912947 ], [ 139.21910975, 35.94917947 ], [ 139.219297520000026, 35.94917947 ], [ 139.219435030000028, 35.94916059 ], [ 139.21965419, 35.94910447 ], [ 139.21984224000002, 35.94907947 ], [ 139.219942530000026, 35.94906697 ], [ 139.220127250000019, 35.94899364 ], [ 139.220268080000011, 35.94893559 ], [ 139.22041837, 35.9488792 ], [ 139.22056419, 35.94877892 ], [ 139.22063947, 35.94870392 ], [ 139.220714470000019, 35.94859141 ], [ 139.220783360000013, 35.94846003 ], [ 139.22082364000002, 35.94831975 ], [ 139.220876420000025, 35.9481728 ], [ 139.22095253, 35.94804113 ], [ 139.22107141, 35.94786586 ], [ 139.221190580000012, 35.94773447 ], [ 139.221284470000029, 35.94763447 ], [ 139.221390860000014, 35.94750308 ], [ 139.22154114, 35.94737808 ], [ 139.221686130000023, 35.94725253 ], [ 139.221891410000012, 35.9471142 ], [ 139.22197531, 35.94705308 ], [ 139.22199224000002, 35.94704086 ], [ 139.22211114000001, 35.94695947 ], [ 139.222167520000028, 35.94687225 ], [ 139.222217810000018, 35.94677864 ], [ 139.222223920000033, 35.94662836 ], [ 139.222186420000014, 35.94647836 ], [ 139.222136130000024, 35.94638447 ], [ 139.22206141, 35.94624697 ], [ 139.221980030000026, 35.94614059 ], [ 139.221936130000017, 35.94604669 ], [ 139.221994750000022, 35.94599308 ], [ 139.222066980000022, 35.94597641 ], [ 139.222274470000031, 35.94597169 ], [ 139.222411970000024, 35.94597169 ], [ 139.222549750000013, 35.94597808 ], [ 139.22266224, 35.94597808 ], [ 139.222869200000019, 35.9460092 ], [ 139.222956690000018, 35.9460342 ], [ 139.223138370000015, 35.94609059 ], [ 139.223323640000018, 35.94612336 ], [ 139.2234828, 35.94615947 ], [ 139.22362698, 35.94616559 ], [ 139.223739750000021, 35.94614697 ], [ 139.22387752, 35.94610947 ], [ 139.223983920000023, 35.94607197 ], [ 139.224184190000017, 35.9460092 ], [ 139.22425336, 35.94600308 ], [ 139.22455503, 35.94592892 ], [ 139.22467837, 35.94592169 ], [ 139.224822530000012, 35.9459092 ], [ 139.225, 35.94589739 ], [ 139.225003920000034, 35.94589711 ], [ 139.225010310000016, 35.94589669 ], [ 139.225154480000015, 35.9458842 ], [ 139.225266980000015, 35.94587808 ], [ 139.22541114, 35.94589059 ], [ 139.225523920000029, 35.94589669 ], [ 139.225636690000016, 35.94592169 ], [ 139.22578058000002, 35.94594059 ], [ 139.225937250000015, 35.94597169 ], [ 139.22604365, 35.94597808 ], [ 139.22617531, 35.94595308 ], [ 139.226319750000016, 35.9458928 ], [ 139.226475030000017, 35.94582641 ], [ 139.226588640000017, 35.94579669 ], [ 139.22671392, 35.9457528 ], [ 139.226832800000011, 35.9457092 ], [ 139.226932800000014, 35.9457092 ], [ 139.22705808, 35.9456842 ], [ 139.227171410000011, 35.94566531 ], [ 139.22733224000001, 35.94566808 ], [ 139.2275717, 35.9456842 ], [ 139.227916130000011, 35.9456842 ], [ 139.228016420000017, 35.94566531 ], [ 139.2281228, 35.9456528 ], [ 139.228166690000023, 35.94559059 ], [ 139.228227520000019, 35.94547947 ], [ 139.228265310000012, 35.94537947 ], [ 139.228365310000015, 35.94514169 ], [ 139.228415580000018, 35.94491031 ], [ 139.228446980000029, 35.9447292 ], [ 139.228484470000012, 35.94461031 ], [ 139.22856586, 35.94427253 ], [ 139.22859725, 35.94411003 ], [ 139.22862837, 35.94389725 ], [ 139.228684750000014, 35.94379086 ], [ 139.228728640000014, 35.94372225 ], [ 139.228816420000015, 35.94361586 ], [ 139.228883920000015, 35.94354364 ], [ 139.229304190000022, 35.94323364 ], [ 139.229325860000017, 35.9432178 ], [ 139.229450580000019, 35.94314586 ], [ 139.22963837, 35.94300864 ], [ 139.229755580000017, 35.94292613 ], [ 139.22984003000002, 35.94287308 ], [ 139.22996336, 35.94282725 ], [ 139.229985310000018, 35.94282559 ], [ 139.23012058, 35.94281475 ], [ 139.230441410000026, 35.94279587 ], [ 139.230490030000027, 35.94278336 ], [ 139.2306217, 35.94273975 ], [ 139.230696980000033, 35.94269586 ], [ 139.230828370000012, 35.94265197 ], [ 139.23091614, 35.94263336 ], [ 139.231096690000015, 35.9425578 ], [ 139.231260580000026, 35.94248336 ], [ 139.231368370000013, 35.94242533 ], [ 139.23141837, 35.94226478 ], [ 139.23145975, 35.942082 ], [ 139.23149224, 35.94192033 ], [ 139.231555860000014, 35.94166667 ], [ 139.231555910000026, 35.94166644 ], [ 139.23157837, 35.941577 ], [ 139.231609750000018, 35.94137061 ], [ 139.23164725, 35.94122061 ], [ 139.231697520000012, 35.94113922 ], [ 139.231785030000026, 35.94104561 ], [ 139.23187891, 35.94100811 ], [ 139.232104470000024, 35.9409645 ], [ 139.232229750000016, 35.94091422 ], [ 139.23236141000001, 35.94085811 ], [ 139.23248031, 35.94080172 ], [ 139.232536690000018, 35.94075172 ], [ 139.232668080000025, 35.94062672 ], [ 139.232812240000015, 35.94052672 ], [ 139.233037810000013, 35.94043895 ], [ 139.23323197000002, 35.94037644 ], [ 139.233333330000022, 35.94034403 ], [ 139.23333725, 35.94034277 ], [ 139.23338837, 35.94032644 ], [ 139.23362236, 35.94028295 ], [ 139.23403837, 35.94020561 ], [ 139.234551970000012, 35.94010978 ], [ 139.23474669, 35.94007367 ], [ 139.234846690000012, 35.94004228 ], [ 139.23504086, 35.93997977 ], [ 139.23509114, 35.93991089 ], [ 139.235103650000013, 35.93984228 ], [ 139.235103650000013, 35.939742 ], [ 139.23502253, 35.9395795 ], [ 139.23495975, 35.93946061 ], [ 139.23484086, 35.93926061 ], [ 139.234734190000012, 35.93911061 ], [ 139.234527520000029, 35.93896061 ], [ 139.23440864, 35.93884172 ], [ 139.234414750000013, 35.93873561 ], [ 139.23444003000003, 35.93859784 ], [ 139.234425580000021, 35.93844784 ], [ 139.23437725, 35.93830395 ], [ 139.234312530000011, 35.938152 ], [ 139.234251970000031, 35.93795172 ], [ 139.234164470000024, 35.93780172 ], [ 139.23404531, 35.93760784 ], [ 139.23393808, 35.93750061 ], [ 139.233895030000014, 35.93745784 ], [ 139.233826130000011, 35.93737644 ], [ 139.233807250000012, 35.93721395 ], [ 139.233813640000022, 35.93697005 ], [ 139.233845030000026, 35.93685728 ], [ 139.233901410000016, 35.93670728 ], [ 139.233995310000012, 35.93658839 ], [ 139.23408280000001, 35.93646978 ], [ 139.234086140000016, 35.93646728 ], [ 139.23420808, 35.936382 ], [ 139.234383650000012, 35.93623228 ], [ 139.23440864, 35.93620505 ], [ 139.2345425, 35.93605923 ], [ 139.23471555, 35.93581923 ], [ 139.234803060000019, 35.93568811 ], [ 139.23494722, 35.93545672 ], [ 139.235069440000018, 35.93527644 ], [ 139.23519694, 35.93511839 ], [ 139.23536056, 35.93495617 ], [ 139.23551083000001, 35.93484367 ], [ 139.235767780000032, 35.93476867 ], [ 139.235949440000013, 35.93471867 ], [ 139.236212500000022, 35.93467477 ], [ 139.23656306, 35.93461256 ], [ 139.236635010000015, 35.93446256 ], [ 139.23671, 35.93426228 ], [ 139.236722500000013, 35.93384339 ], [ 139.236735010000018, 35.93364339 ], [ 139.236785280000021, 35.9334745 ], [ 139.236786420000016, 35.93344144 ], [ 139.2367902, 35.93333333 ], [ 139.2367902, 35.93333311 ], [ 139.23679139, 35.93329922 ], [ 139.23685416, 35.93308672 ], [ 139.23704834000003, 35.93248867 ], [ 139.23709222, 35.93220728 ], [ 139.237098340000017, 35.931907 ], [ 139.237073330000015, 35.93161311 ], [ 139.23704834000003, 35.93148811 ], [ 139.23700445, 35.93120033 ], [ 139.23696056, 35.93105644 ], [ 139.236881950000026, 35.93100728 ], [ 139.236860270000022, 35.93099395 ], [ 139.23681639000003, 35.93088756 ], [ 139.236822780000011, 35.93058784 ], [ 139.236841670000018, 35.93038005 ], [ 139.236866670000012, 35.93024256 ], [ 139.23692306, 35.93017367 ], [ 139.23705, 35.93008228 ], [ 139.237169170000016, 35.93004895 ], [ 139.23728, 35.93003617 ], [ 139.237405280000019, 35.93002978 ], [ 139.237406670000013, 35.93002978 ], [ 139.23752416, 35.93002978 ], [ 139.237718340000015, 35.93007367 ], [ 139.237918880000024, 35.93011756 ], [ 139.23819445, 35.93013005 ], [ 139.238445010000021, 35.93012367 ], [ 139.23865167, 35.93013005 ], [ 139.23880195000001, 35.93011756 ], [ 139.238833060000019, 35.93009561 ], [ 139.238996110000016, 35.92997978 ], [ 139.23916528, 35.92987978 ], [ 139.23933445, 35.92979228 ], [ 139.239622500000024, 35.92961089 ], [ 139.239822780000026, 35.929517 ], [ 139.24004195, 35.92943589 ], [ 139.24046555000001, 35.92929839 ], [ 139.241160830000013, 35.92901728 ], [ 139.24135501, 35.92894228 ], [ 139.24151778, 35.92888592 ], [ 139.24166667, 35.92886747 ], [ 139.241668050000015, 35.92886731 ], [ 139.241670560000017, 35.92886751 ], [ 139.241830830000026, 35.9288798 ], [ 139.241968610000015, 35.9288798 ], [ 139.24213778, 35.92886092 ], [ 139.24238195, 35.9287798 ], [ 139.24251361, 35.92872341 ], [ 139.242732780000011, 35.92859841 ], [ 139.24299584000002, 35.92845453 ], [ 139.243233890000027, 35.92829813 ], [ 139.243326390000021, 35.9281698 ], [ 139.24342805, 35.92802925 ], [ 139.24362222, 35.92784786 ], [ 139.243785010000011, 35.92770397 ], [ 139.24396667, 35.92756008 ], [ 139.24407306, 35.92751036 ], [ 139.24436639000001, 35.92732203 ], [ 139.24451667, 35.92724703 ], [ 139.24480472, 35.92705953 ], [ 139.24518027000002, 35.92679675 ], [ 139.24531167, 35.92669036 ], [ 139.245589170000017, 35.92655453 ], [ 139.245661950000027, 35.92651869 ], [ 139.245668880000011, 35.92651536 ], [ 139.24584416, 35.92642147 ], [ 139.246069730000016, 35.92634647 ], [ 139.246213610000012, 35.92626508 ], [ 139.24643917, 35.92617175 ], [ 139.246652220000016, 35.92606536 ], [ 139.246811950000023, 35.9260112 ], [ 139.246963330000028, 35.92592313 ], [ 139.247173890000028, 35.9257912 ], [ 139.247345280000019, 35.92566397 ], [ 139.24751167, 35.92558092 ], [ 139.24762917000001, 35.9255662 ], [ 139.24783973000001, 35.92554647 ], [ 139.247966940000026, 35.92552203 ], [ 139.24807973, 35.92545869 ], [ 139.24812361, 35.92539008 ], [ 139.24815472, 35.92522175 ], [ 139.248076390000023, 35.92502841 ], [ 139.248070580000018, 35.925 ], [ 139.24807056, 35.9249998 ], [ 139.248025010000021, 35.92477675 ], [ 139.247992220000015, 35.92469092 ], [ 139.247905550000013, 35.9244648 ], [ 139.247834450000028, 35.92434786 ], [ 139.247706670000014, 35.92417397 ], [ 139.247628610000021, 35.92405703 ], [ 139.24750445, 35.92392231 ], [ 139.24747973, 35.92385508 ], [ 139.24750083, 35.92371314 ], [ 139.247582500000021, 35.9234862 ], [ 139.247643330000017, 35.92326731 ], [ 139.247607760000022, 35.92313286 ], [ 139.24765747, 35.92298397 ], [ 139.247756910000021, 35.92292369 ], [ 139.2479308, 35.92292008 ], [ 139.248165250000028, 35.92293064 ], [ 139.248314140000019, 35.92293425 ], [ 139.2484775, 35.92292369 ], [ 139.248648050000014, 35.92290953 ], [ 139.24882195, 35.92287397 ], [ 139.24897445000002, 35.92284925 ], [ 139.249063330000013, 35.92279953 ], [ 139.24922973, 35.92273564 ], [ 139.24942139, 35.92269675 ], [ 139.249588340000031, 35.9226898 ], [ 139.249886390000029, 35.9226898 ], [ 139.24999306, 35.92270036 ], [ 139.25, 35.92270167 ], [ 139.250003890000016, 35.92270241 ], [ 139.250198880000028, 35.92273925 ], [ 139.25058139, 35.92279925 ], [ 139.25072361, 35.92278869 ], [ 139.250847780000015, 35.92276036 ], [ 139.25108555, 35.92266453 ], [ 139.251188610000014, 35.92262203 ], [ 139.251358880000026, 35.92253703 ], [ 139.251525840000028, 35.92247675 ], [ 139.25163222, 35.92243397 ], [ 139.25179555, 35.92239147 ], [ 139.25192694, 35.92235953 ], [ 139.25209722, 35.92234536 ], [ 139.25224639000001, 35.92230647 ], [ 139.25253722, 35.9222248 ], [ 139.25265416, 35.92218953 ], [ 139.25282472, 35.92215397 ], [ 139.253217780000028, 35.92209592 ], [ 139.25335973, 35.92210314 ], [ 139.25347667, 35.92217759 ], [ 139.253593890000019, 35.92229092 ], [ 139.253623890000028, 35.92235369 ], [ 139.253668340000019, 35.92244703 ], [ 139.253757220000011, 35.92258869 ], [ 139.253845840000025, 35.92270231 ], [ 139.253952500000025, 35.92276953 ], [ 139.254168890000017, 35.92288313 ], [ 139.25435722, 35.9229398 ], [ 139.254558880000019, 35.92298036 ], [ 139.254841390000024, 35.92303731 ], [ 139.254958610000017, 35.92307259 ], [ 139.25504361, 35.92314703 ], [ 139.255093330000022, 35.92323564 ], [ 139.25508278, 35.92334564 ], [ 139.2549975, 35.92350869 ], [ 139.254908880000016, 35.92355841 ], [ 139.25476667, 35.92374259 ], [ 139.25472056000001, 35.92382425 ], [ 139.254702780000031, 35.92400675 ], [ 139.25474195000001, 35.92409536 ], [ 139.25481639, 35.92420175 ], [ 139.25485555, 35.92430092 ], [ 139.254837780000031, 35.92446036 ], [ 139.25464639, 35.92471869 ], [ 139.25460472, 35.92485869 ], [ 139.25458917, 35.92496759 ], [ 139.254605280000021, 35.9249998 ], [ 139.254605380000015, 35.925 ], [ 139.25461, 35.92500925 ], [ 139.25464112, 35.92500925 ], [ 139.254653800000028, 35.925 ], [ 139.25465409, 35.9249998 ], [ 139.254698340000033, 35.92496759 ], [ 139.25483861, 35.92485869 ], [ 139.254989170000016, 35.92467703 ], [ 139.25515027000003, 35.92458369 ], [ 139.25554501000002, 35.92450064 ], [ 139.255794450000025, 35.92444341 ], [ 139.25613722, 35.92442286 ], [ 139.25632389, 35.92439675 ], [ 139.256490270000029, 35.92438647 ], [ 139.256630560000019, 35.92439175 ], [ 139.25681222, 35.92442786 ], [ 139.25696306, 35.92444869 ], [ 139.25709805, 35.92444869 ], [ 139.257201950000024, 35.92443314 ], [ 139.25735778, 35.92431369 ], [ 139.25747722, 35.92418425 ], [ 139.257518590000018, 35.92414861 ], [ 139.257652220000011, 35.92403341 ], [ 139.257776940000014, 35.92399731 ], [ 139.257948340000013, 35.92395564 ], [ 139.258145840000026, 35.92392453 ], [ 139.25832250000002, 35.92387259 ], [ 139.258333330000028, 35.9238688 ], [ 139.258337220000016, 35.92386747 ], [ 139.258441950000019, 35.9238312 ], [ 139.25859250000002, 35.92376897 ], [ 139.258732780000031, 35.92373259 ], [ 139.25888361, 35.92372203 ], [ 139.259096390000025, 35.9236962 ], [ 139.259257500000018, 35.92366508 ], [ 139.25936667000002, 35.92362341 ], [ 139.2595325, 35.92348869 ], [ 139.259667780000029, 35.92339536 ], [ 139.259849440000011, 35.92330703 ], [ 139.25998973, 35.92326564 ], [ 139.260125010000024, 35.92321869 ], [ 139.26032222, 35.92318259 ], [ 139.260483330000028, 35.92316731 ], [ 139.26061973, 35.92317008 ], [ 139.26071722, 35.92317231 ], [ 139.261390830000011, 35.92315036 ], [ 139.261728340000019, 35.92316064 ], [ 139.262008880000025, 35.92325925 ], [ 139.26204, 35.92346675 ], [ 139.262128340000032, 35.92374675 ], [ 139.2622375, 35.92392341 ], [ 139.262408890000017, 35.92406869 ], [ 139.26255445000001, 35.92414647 ], [ 139.262710270000014, 35.92420869 ], [ 139.262897220000013, 35.92423453 ], [ 139.263073890000015, 35.92425008 ], [ 139.263214160000018, 35.92423453 ], [ 139.26326917, 35.9242012 ], [ 139.26335973, 35.92414647 ], [ 139.26348416, 35.92399064 ], [ 139.263608880000021, 35.92383508 ], [ 139.26378528, 35.92349286 ], [ 139.263920270000028, 35.92323869 ], [ 139.26405250000002, 35.92302841 ], [ 139.264110270000032, 35.92293703 ], [ 139.26429195, 35.92274508 ], [ 139.26440639, 35.92255841 ], [ 139.264531120000015, 35.92240287 ], [ 139.26459861, 35.92233036 ], [ 139.26475973, 35.92220564 ], [ 139.26494667, 35.92216953 ], [ 139.26518027000003, 35.92212259 ], [ 139.265279170000014, 35.92206564 ], [ 139.265606390000016, 35.9219412 ], [ 139.26574112, 35.92189425 ], [ 139.265948880000025, 35.92184259 ], [ 139.26607361, 35.92182175 ], [ 139.26666667, 35.92157064 ], [ 139.266670560000023, 35.921569 ], [ 139.26683, 35.92150147 ], [ 139.267027219999989, 35.92137175 ], [ 139.26712083000001, 35.92125259 ], [ 139.26722472, 35.92110203 ], [ 139.267271390000019, 35.92097231 ], [ 139.267281670000017, 35.92086647 ], [ 139.26728694000002, 35.92081147 ], [ 139.267250830000023, 35.92065564 ], [ 139.267216940000026, 35.92055147 ], [ 139.267188340000018, 35.92046369 ], [ 139.267219440000019, 35.92041175 ], [ 139.26737528000001, 35.92029259 ], [ 139.26773416, 35.92000008 ], [ 139.267827780000033, 35.91986036 ], [ 139.267892500000016, 35.91976036 ], [ 139.267884720000012, 35.91959314 ], [ 139.267846670000011, 35.91938786 ], [ 139.267740270000019, 35.91920564 ], [ 139.267633890000013, 35.91908397 ], [ 139.267451390000019, 35.91890175 ], [ 139.2673675, 35.91880313 ], [ 139.267314450000015, 35.91865092 ], [ 139.267255280000029, 35.91849313 ], [ 139.267200270000018, 35.91834703 ], [ 139.26716973, 35.91825592 ], [ 139.26704805, 35.91808869 ], [ 139.267002500000018, 35.91799536 ], [ 139.26700888000002, 35.91795869 ], [ 139.267025280000013, 35.9178662 ], [ 139.267093610000018, 35.91775231 ], [ 139.267192500000021, 35.91763841 ], [ 139.26726109, 35.9175398 ], [ 139.267367470000011, 35.91744841 ], [ 139.2674283, 35.91735731 ], [ 139.267473860000024, 35.91727369 ], [ 139.267481920000023, 35.91714703 ], [ 139.26748914, 35.91703036 ], [ 139.267534690000019, 35.91688592 ], [ 139.267626080000014, 35.91677203 ], [ 139.26780545, 35.91666667 ], [ 139.26780577, 35.91666647 ], [ 139.267824690000026, 35.91665536 ], [ 139.26805302, 35.91653397 ], [ 139.26828859, 35.91642008 ], [ 139.268448300000017, 35.91635175 ], [ 139.268699140000024, 35.9162148 ], [ 139.268851360000014, 35.91612369 ], [ 139.26898053, 35.9160248 ], [ 139.26908720000003, 35.9159412 ], [ 139.26915553, 35.91585759 ], [ 139.269216350000022, 35.91571341 ], [ 139.269292480000018, 35.9155612 ], [ 139.269353310000014, 35.91534869 ], [ 139.269392480000022, 35.91510341 ], [ 139.26944581, 35.91502731 ], [ 139.26956747, 35.91491341 ], [ 139.269894140000019, 35.91466259 ], [ 139.270023580000014, 35.91459425 ], [ 139.27025914, 35.91439647 ], [ 139.270373310000025, 35.91429759 ], [ 139.27057109, 35.91416869 ], [ 139.270784140000018, 35.91408508 ], [ 139.27104248, 35.91399397 ], [ 139.27113581, 35.91396064 ], [ 139.271280530000013, 35.91385425 ], [ 139.271470250000021, 35.91373259 ], [ 139.27163776, 35.91367175 ], [ 139.27183525, 35.91355786 ], [ 139.27201803, 35.91344397 ], [ 139.272230800000017, 35.91330703 ], [ 139.272459140000024, 35.91321592 ], [ 139.2725308, 35.91317703 ], [ 139.27255248, 35.91316536 ], [ 139.272808590000011, 35.9130262 ], [ 139.272983580000016, 35.91295008 ], [ 139.273105250000015, 35.91289703 ], [ 139.27331053, 35.91277536 ], [ 139.273432190000023, 35.91268425 ], [ 139.273462750000022, 35.9126462 ], [ 139.273455250000012, 35.91258536 ], [ 139.27335636, 35.91244092 ], [ 139.27321942, 35.91229647 ], [ 139.273059690000025, 35.91214453 ], [ 139.272679690000018, 35.91183759 ], [ 139.272542750000014, 35.91170869 ], [ 139.27238302, 35.91155675 ], [ 139.27216275, 35.91132869 ], [ 139.27202581, 35.91113869 ], [ 139.272031280000022, 35.91081869 ], [ 139.272033310000012, 35.91069787 ], [ 139.27198776000003, 35.91037647 ], [ 139.27183553, 35.90997369 ], [ 139.271789970000015, 35.90990536 ], [ 139.271729140000019, 35.90973813 ], [ 139.27164525, 35.90955564 ], [ 139.271599690000016, 35.90947953 ], [ 139.27130302, 35.90917592 ], [ 139.27104358, 35.9088612 ], [ 139.27101331, 35.90880786 ], [ 139.270899140000012, 35.90864841 ], [ 139.270807760000025, 35.90845841 ], [ 139.270763110000019, 35.90833333 ], [ 139.27076306, 35.90833314 ], [ 139.270693860000023, 35.90813925 ], [ 139.27057966000001, 35.90780508 ], [ 139.270534110000028, 35.90769092 ], [ 139.270503550000029, 35.90758453 ], [ 139.270503550000029, 35.90699953 ], [ 139.270533840000013, 35.90619869 ], [ 139.270488270000016, 35.90584897 ], [ 139.270450220000015, 35.90568175 ], [ 139.27040438, 35.90559813 ], [ 139.270250170000025, 35.90543725 ], [ 139.27023717, 35.90542369 ], [ 139.27015939, 35.90532369 ], [ 139.270130780000017, 35.90528703 ], [ 139.270008280000013, 35.9051098 ], [ 139.26992438, 35.90495759 ], [ 139.26990939, 35.9047448 ], [ 139.26990161, 35.90451703 ], [ 139.26997022, 35.90429647 ], [ 139.270000510000017, 35.90417508 ], [ 139.27005384, 35.90400786 ], [ 139.270206060000021, 35.90381036 ], [ 139.270274379999989, 35.90369647 ], [ 139.27030438, 35.90359456 ], [ 139.270312170000011, 35.90346539 ], [ 139.27030438, 35.90319928 ], [ 139.270350220000012, 35.90300928 ], [ 139.27042633, 35.90282705 ], [ 139.270456610000025, 35.90270539 ], [ 139.270449110000015, 35.90234844 ], [ 139.270456610000025, 35.90205956 ], [ 139.27047633, 35.9019515 ], [ 139.270488, 35.90188844 ], [ 139.270630220000015, 35.90182067 ], [ 139.27075883, 35.90183428 ], [ 139.27097550000002, 35.90186122 ], [ 139.27115828, 35.90185456 ], [ 139.271395230000024, 35.901814 ], [ 139.27176745, 35.90168539 ], [ 139.271970220000014, 35.90162484 ], [ 139.27240355, 35.90142178 ], [ 139.272552440000027, 35.90135428 ], [ 139.272762170000021, 35.90130011 ], [ 139.27302606, 35.90127317 ], [ 139.273231610000011, 35.90123817 ], [ 139.27360411, 35.90121095 ], [ 139.273854379999989, 35.90119067 ], [ 139.27409828, 35.90121095 ], [ 139.274328270000012, 35.90125844 ], [ 139.27450411, 35.90132595 ], [ 139.274788270000016, 35.9014815 ], [ 139.27491022000001, 35.90156289 ], [ 139.275, 35.90160211 ], [ 139.275003840000011, 35.9016038 ], [ 139.27512689, 35.90165761 ], [ 139.275302720000013, 35.90175205 ], [ 139.27561606, 35.90190175 ], [ 139.275778270000018, 35.90195592 ], [ 139.27596105, 35.90203703 ], [ 139.276184379999989, 35.90208453 ], [ 139.276380780000011, 35.90209787 ], [ 139.27671523, 35.90207064 ], [ 139.27679355, 35.90206425 ], [ 139.276827450000013, 35.90203703 ], [ 139.27684105000003, 35.90195592 ], [ 139.27684772, 35.90183425 ], [ 139.276807170000012, 35.90165175 ], [ 139.276651610000016, 35.90147592 ], [ 139.27655662, 35.9013948 ], [ 139.27649577, 35.90132705 ], [ 139.27648217, 35.90126623 ], [ 139.276475500000032, 35.90115817 ], [ 139.27650272, 35.90106344 ], [ 139.276624380000015, 35.9009415 ], [ 139.276800510000015, 35.9008265 ], [ 139.27705051, 35.90068456 ], [ 139.27707856, 35.900659 ], [ 139.277189390000018, 35.90055872 ], [ 139.277294940000019, 35.900344 ], [ 139.277328830000016, 35.900229 ], [ 139.277349110000017, 35.90008011 ], [ 139.27731936, 35.9 ], [ 139.277319300000016, 35.89999984 ], [ 139.27728134, 35.89989761 ], [ 139.277261050000021, 35.89980956 ], [ 139.277268, 35.89974872 ], [ 139.277342440000012, 35.89959984 ], [ 139.277572440000029, 35.89915344 ], [ 139.277904670000026, 35.89853595 ], [ 139.278013, 35.89837372 ], [ 139.27810772, 35.89825872 ], [ 139.278202170000014, 35.89815733 ], [ 139.27835798000001, 35.898049 ], [ 139.27843908, 35.89802872 ], [ 139.27868966, 35.89797456 ], [ 139.27889939, 35.89795428 ], [ 139.2790755, 35.89789344 ], [ 139.27913633, 35.89785289 ], [ 139.27919051, 35.89779205 ], [ 139.27920409, 35.89764984 ], [ 139.27922547, 35.897424 ], [ 139.27928659, 35.89730233 ], [ 139.27936075, 35.89720761 ], [ 139.279435190000015, 35.89701817 ], [ 139.2795027, 35.89684928 ], [ 139.279509640000015, 35.89667317 ], [ 139.279489360000014, 35.89640095 ], [ 139.27944881, 35.89619817 ], [ 139.279435190000015, 35.89586678 ], [ 139.27942825, 35.89554205 ], [ 139.279399080000019, 35.89516622 ], [ 139.27937409, 35.89484567 ], [ 139.27931992, 35.89438289 ], [ 139.2793202, 35.89421372 ], [ 139.27929326, 35.89401761 ], [ 139.279347420000022, 35.89378067 ], [ 139.279401580000012, 35.89335484 ], [ 139.279442140000015, 35.89307539 ], [ 139.27941519, 35.89289956 ], [ 139.27935409, 35.89268984 ], [ 139.279299920000028, 35.89256123 ], [ 139.279259360000026, 35.89248678 ], [ 139.279266300000018, 35.89243261 ], [ 139.279277420000028, 35.89238595 ], [ 139.27930686000002, 35.89226372 ], [ 139.279401580000012, 35.8921215 ], [ 139.27946936, 35.8918915 ], [ 139.279455750000011, 35.89176344 ], [ 139.27942601, 35.89166667 ], [ 139.27942594000001, 35.89166651 ], [ 139.279401580000012, 35.89158733 ], [ 139.279327130000013, 35.89132067 ], [ 139.279286300000024, 35.89115844 ], [ 139.27924575, 35.89091484 ], [ 139.27923214, 35.89075261 ], [ 139.27922547, 35.89063761 ], [ 139.27929988, 35.89038067 ], [ 139.27936073, 35.89017789 ], [ 139.279496280000018, 35.88990733 ], [ 139.279767390000018, 35.88942456 ], [ 139.279899050000012, 35.88925289 ], [ 139.280078780000025, 35.88901872 ], [ 139.280410730000028, 35.88864511 ], [ 139.280431, 35.88856372 ], [ 139.280491830000017, 35.88839484 ], [ 139.280405770000016, 35.88831703 ], [ 139.28034961, 35.88826623 ], [ 139.28019433, 35.88816484 ], [ 139.279752750000029, 35.88794067 ], [ 139.279585160000011, 35.88785344 ], [ 139.27918462, 35.88766317 ], [ 139.27917211, 35.88765733 ], [ 139.27909739, 35.88758761 ], [ 139.2790635, 35.88752677 ], [ 139.27904322, 35.88742539 ], [ 139.27904988, 35.88722261 ], [ 139.27904795, 35.88710928 ], [ 139.27904239, 35.88681233 ], [ 139.279036280000014, 35.88647872 ], [ 139.27905655, 35.88630261 ], [ 139.27910406, 35.88609317 ], [ 139.279232670000027, 35.88582261 ], [ 139.279320730000023, 35.88554261 ], [ 139.279347950000016, 35.8853665 ], [ 139.27936822, 35.88454817 ], [ 139.279346280000027, 35.88451456 ], [ 139.279266550000017, 35.88439261 ], [ 139.27922601, 35.88428428 ], [ 139.279144620000011, 35.88399789 ], [ 139.27911739000001, 35.88386984 ], [ 139.279076840000016, 35.88362623 ], [ 139.279063220000012, 35.88346372 ], [ 139.279050360000014, 35.88333333 ], [ 139.27905034, 35.88333317 ], [ 139.279049860000015, 35.88332844 ], [ 139.279049860000015, 35.88314595 ], [ 139.279076810000021, 35.88297678 ], [ 139.279097080000014, 35.88274678 ], [ 139.279130970000011, 35.88264539 ], [ 139.27918569000002, 35.88256205 ], [ 139.279294030000017, 35.88250123 ], [ 139.27944986, 35.8824065 ], [ 139.27966625000002, 35.882359 ], [ 139.27983569, 35.88232539 ], [ 139.28004542, 35.88231177 ], [ 139.280234580000013, 35.88227789 ], [ 139.280566250000021, 35.88218984 ], [ 139.28078986, 35.88214928 ], [ 139.281026520000012, 35.88211567 ], [ 139.281202630000024, 35.88210872 ], [ 139.28136486, 35.88210872 ], [ 139.281419030000023, 35.88214261 ], [ 139.28149348, 35.88221039 ], [ 139.28152737000002, 35.88228456 ], [ 139.281705140000014, 35.88252178 ], [ 139.28182711, 35.88262317 ], [ 139.28190822000002, 35.88269761 ], [ 139.281996280000016, 35.88276539 ], [ 139.28208433, 35.882799 ], [ 139.28219934, 35.88283289 ], [ 139.282449610000015, 35.88285317 ], [ 139.28265934, 35.882799 ], [ 139.282821830000017, 35.88272456 ], [ 139.282923220000015, 35.8826165 ], [ 139.283017950000016, 35.88248123 ], [ 139.2830385, 35.88240677 ], [ 139.283017950000016, 35.88229844 ], [ 139.282896280000017, 35.88220372 ], [ 139.28269986, 35.88210233 ], [ 139.282571250000018, 35.88201456 ], [ 139.28207070000002, 35.8818115 ], [ 139.28191486, 35.88175733 ], [ 139.281718760000018, 35.88164928 ], [ 139.28153486, 35.88157233 ], [ 139.28141986, 35.88150511 ], [ 139.28128486, 35.88139677 ], [ 139.28108180000001, 35.88123456 ], [ 139.28097348, 35.88113289 ], [ 139.28081097, 35.88099761 ], [ 139.28067569000001, 35.88088956 ], [ 139.28051986, 35.88081511 ], [ 139.280120700000026, 35.88061205 ], [ 139.27998542, 35.88055122 ], [ 139.279922090000014, 35.88050844 ], [ 139.27979597, 35.88042289 ], [ 139.279638760000012, 35.88024484 ], [ 139.279550700000016, 35.88017067 ], [ 139.279462920000014, 35.88007595 ], [ 139.279361530000017, 35.87999484 ], [ 139.27927348, 35.87992705 ], [ 139.2791382, 35.87985956 ], [ 139.278941800000013, 35.87975123 ], [ 139.2787793, 35.87967678 ], [ 139.278657370000019, 35.87960233 ], [ 139.278542360000017, 35.87948067 ], [ 139.27837348, 35.87928456 ], [ 139.278122920000015, 35.87903428 ], [ 139.277890970000016, 35.87884984 ], [ 139.277715140000026, 35.87875511 ], [ 139.277505420000011, 35.87864678 ], [ 139.27734292, 35.878579 ], [ 139.27713986, 35.87847761 ], [ 139.276970700000021, 35.87838984 ], [ 139.276842090000031, 35.87832205 ], [ 139.27673375, 35.87823428 ], [ 139.2766393, 35.87812595 ], [ 139.27651764, 35.87791623 ], [ 139.276409270000016, 35.87776067 ], [ 139.27630095, 35.87761177 ], [ 139.27621872, 35.87750761 ], [ 139.27617817, 35.87741289 ], [ 139.27617817, 35.877244 ], [ 139.27625956, 35.87701403 ], [ 139.2763065, 35.87679764 ], [ 139.27632678, 35.87665541 ], [ 139.27647567, 35.87618875 ], [ 139.276509560000022, 35.87606513 ], [ 139.276509560000022, 35.87590264 ], [ 139.276448720000019, 35.87573375 ], [ 139.27633345000001, 35.87557125 ], [ 139.27627261, 35.87544959 ], [ 139.276191510000018, 35.87533459 ], [ 139.27602234, 35.87520597 ], [ 139.275873170000011, 35.87507069 ], [ 139.27577689, 35.875 ], [ 139.275776690000015, 35.87499987 ], [ 139.275670390000016, 35.8749218 ], [ 139.27550066, 35.87476487 ], [ 139.275446500000015, 35.87470403 ], [ 139.275419270000015, 35.87463653 ], [ 139.275405940000013, 35.87454847 ], [ 139.275480390000013, 35.87438625 ], [ 139.275601780000017, 35.87424403 ], [ 139.27573039, 35.87411569 ], [ 139.27612317, 35.87389236 ], [ 139.27619066, 35.87383153 ], [ 139.276380390000014, 35.8737232 ], [ 139.27654927, 35.87359459 ], [ 139.27655956000001, 35.87358431 ], [ 139.27670484, 35.87343903 ], [ 139.277105940000013, 35.87301708 ], [ 139.27720733000001, 35.87293597 ], [ 139.27735623, 35.87280736 ], [ 139.277572610000021, 35.87267903 ], [ 139.27769455, 35.87265875 ], [ 139.27796511, 35.8726518 ], [ 139.27814122, 35.87266541 ], [ 139.27829706, 35.87263153 ], [ 139.278493160000011, 35.87258431 ], [ 139.27866205, 35.87250986 ], [ 139.27874345, 35.87248264 ], [ 139.278827330000013, 35.87249597 ], [ 139.279233450000021, 35.87265153 ], [ 139.279423160000022, 35.87270569 ], [ 139.279592330000014, 35.8727868 ], [ 139.27974789000001, 35.87287487 ], [ 139.28001178, 35.87298292 ], [ 139.28026205, 35.87308459 ], [ 139.28043817, 35.87313875 ], [ 139.280661510000016, 35.87319959 ], [ 139.28090511000002, 35.87319959 ], [ 139.281060950000011, 35.87320597 ], [ 139.28127733, 35.87318569 ], [ 139.281419560000018, 35.87315875 ], [ 139.281446500000015, 35.87310459 ], [ 139.28142484, 35.87300569 ], [ 139.28138567000002, 35.87282736 ], [ 139.28115567, 35.87265153 ], [ 139.28108122, 35.8725568 ], [ 139.281013450000017, 35.87242847 ], [ 139.28094594, 35.87222541 ], [ 139.28076983, 35.87189403 ], [ 139.28081706, 35.87152625 ], [ 139.280857890000021, 35.87139764 ], [ 139.281006500000018, 35.87114736 ], [ 139.28113511, 35.87105931 ], [ 139.28130428, 35.87088347 ], [ 139.281419270000015, 35.87077541 ], [ 139.28157511, 35.87066069 ], [ 139.28178484, 35.87046459 ], [ 139.28184567, 35.87043736 ], [ 139.28215205, 35.87010375 ], [ 139.282348440000021, 35.86992792 ], [ 139.282612340000014, 35.87001569 ], [ 139.283044280000013, 35.87013236 ], [ 139.28321484, 35.8701782 ], [ 139.28333333, 35.87021405 ], [ 139.28333706, 35.8702152 ], [ 139.28359372, 35.87029292 ], [ 139.28374983, 35.87033903 ], [ 139.28387817, 35.87037736 ], [ 139.28404122, 35.87042541 ], [ 139.28409205, 35.87044069 ], [ 139.28426511, 35.8704918 ], [ 139.284736230000021, 35.87063153 ], [ 139.284909, 35.87068264 ], [ 139.285057610000024, 35.8707268 ], [ 139.28540039, 35.87082847 ], [ 139.28554761, 35.87087208 ], [ 139.285701780000011, 35.87091764 ], [ 139.285987330000012, 35.87100236 ], [ 139.286062890000011, 35.87102459 ], [ 139.28618538, 35.87106097 ], [ 139.28635345, 35.87111097 ], [ 139.286503450000026, 35.87115541 ], [ 139.286652050000015, 35.87119931 ], [ 139.286801780000019, 35.87124375 ], [ 139.28697066, 35.87129375 ], [ 139.287191220000011, 35.87135931 ], [ 139.287279, 35.87138513 ], [ 139.287402610000015, 35.8714218 ], [ 139.2874965, 35.87144959 ], [ 139.287644840000013, 35.87149375 ], [ 139.287784550000026, 35.87153487 ], [ 139.287960950000013, 35.87158708 ], [ 139.28843484, 35.87169011 ], [ 139.288569, 35.87176567 ], [ 139.28871455, 35.871824 ], [ 139.28896484, 35.87188789 ], [ 139.289302610000021, 35.87121872 ], [ 139.289365670000024, 35.87109289 ], [ 139.28953066, 35.87076264 ], [ 139.28971678, 35.87039041 ], [ 139.28979261, 35.87026236 ], [ 139.290083720000013, 35.86966875 ], [ 139.290340950000029, 35.86914236 ], [ 139.290777890000015, 35.86854903 ], [ 139.29091066, 35.8683518 ], [ 139.29100484, 35.86821153 ], [ 139.291051510000017, 35.86822875 ], [ 139.291360390000023, 35.86836847 ], [ 139.29159872, 35.86845959 ], [ 139.291666670000012, 35.86848569 ], [ 139.29167039, 35.86848714 ], [ 139.29178511, 35.86853125 ], [ 139.291914280000015, 35.86855597 ], [ 139.29214844, 35.86860041 ], [ 139.292200950000023, 35.86862375 ], [ 139.29225317, 35.86863541 ], [ 139.2923465, 35.86861792 ], [ 139.292760120000025, 35.86848403 ], [ 139.29287066, 35.86845486 ], [ 139.293097610000018, 35.86844347 ], [ 139.293301500000013, 35.8685015 ], [ 139.293517060000028, 35.86857733 ], [ 139.293825670000018, 35.86865289 ], [ 139.294163450000013, 35.86877511 ], [ 139.29439844, 35.86887484 ], [ 139.29463733, 35.86896205 ], [ 139.294759560000017, 35.86899123 ], [ 139.294922610000015, 35.86900872 ], [ 139.295109, 35.86902011 ], [ 139.295277890000023, 35.86894456 ], [ 139.295394550000026, 35.86875261 ], [ 139.29548761, 35.86865928 ], [ 139.29560428, 35.86858956 ], [ 139.295772890000023, 35.86853122 ], [ 139.295848440000015, 35.86851956 ], [ 139.29606983, 35.86849067 ], [ 139.296228440000021, 35.86856623 ], [ 139.296280950000011, 35.86862428 ], [ 139.296490660000018, 35.86882817 ], [ 139.296572340000012, 35.86892123 ], [ 139.296717890000025, 35.86903761 ], [ 139.29688095000003, 35.86914817 ], [ 139.29701484, 35.86927623 ], [ 139.29717761, 35.86938678 ], [ 139.297381500000029, 35.86950872 ], [ 139.29761066, 35.86965289 ], [ 139.297762050000017, 35.86971705 ], [ 139.297843450000016, 35.86974039 ], [ 139.298012340000014, 35.86983344 ], [ 139.29821039, 35.86991484 ], [ 139.298425940000016, 35.87000233 ], [ 139.29864733, 35.87008956 ], [ 139.298820660000018, 35.87017328 ], [ 139.298827890000013, 35.87017677 ], [ 139.298932890000032, 35.87024677 ], [ 139.299084280000017, 35.87035733 ], [ 139.299247330000014, 35.87045622 ], [ 139.29946375, 35.87059761 ], [ 139.29963236, 35.8706965 ], [ 139.29978986, 35.87076622 ], [ 139.299964580000022, 35.87083622 ], [ 139.3, 35.87085067 ], [ 139.30000375, 35.8708522 ], [ 139.300092630000023, 35.87088844 ], [ 139.300273190000013, 35.87095844 ], [ 139.300289580000026, 35.87095789 ], [ 139.30046542, 35.87095261 ], [ 139.30085569000002, 35.87087123 ], [ 139.300972090000016, 35.87083039 ], [ 139.301094580000012, 35.87076039 ], [ 139.30118625, 35.87071123 ], [ 139.30137625, 35.870609 ], [ 139.30160903, 35.87055067 ], [ 139.30193542, 35.87052733 ], [ 139.30204597, 35.87053317 ], [ 139.302150700000027, 35.87055651 ], [ 139.30222652, 35.870574 ], [ 139.30233125, 35.87061484 ], [ 139.30243597, 35.87069623 ], [ 139.30258737, 35.87077484 ], [ 139.302732920000011, 35.87092622 ], [ 139.302864310000018, 35.87097705 ], [ 139.302942630000018, 35.87100761 ], [ 139.30310764, 35.87097289 ], [ 139.303276520000026, 35.8709265 ], [ 139.303468760000015, 35.87087984 ], [ 139.30364348, 35.87086817 ], [ 139.30386486, 35.87086261 ], [ 139.30410348, 35.87089761 ], [ 139.304254860000015, 35.87093817 ], [ 139.3043307, 35.87097317 ], [ 139.304441240000017, 35.87106039 ], [ 139.30457542, 35.87118844 ], [ 139.3046918, 35.87131067 ], [ 139.304849030000014, 35.87143872 ], [ 139.305065970000015, 35.87156178 ], [ 139.305194030000024, 35.87161428 ], [ 139.305334030000012, 35.871649 ], [ 139.30549708, 35.8716665 ], [ 139.305660140000015, 35.87167233 ], [ 139.305823190000012, 35.87169567 ], [ 139.306062090000012, 35.87168984 ], [ 139.306685140000013, 35.87167817 ], [ 139.30682708, 35.87168456 ], [ 139.306896810000012, 35.87171372 ], [ 139.30703681, 35.87180678 ], [ 139.30715319, 35.87195817 ], [ 139.30722319, 35.87213289 ], [ 139.307304580000022, 35.87246456 ], [ 139.30739209, 35.87284511 ], [ 139.307415420000012, 35.872944 ], [ 139.30745625, 35.87310123 ], [ 139.307508470000016, 35.87322928 ], [ 139.30758431000001, 35.87335733 ], [ 139.307664230000029, 35.87345297 ], [ 139.3076718, 35.87346205 ], [ 139.30770125, 35.87349205 ], [ 139.30794294, 35.873584 ], [ 139.30809211, 35.87364067 ], [ 139.30819044, 35.87367817 ], [ 139.308333330000011, 35.87368161 ], [ 139.30833711, 35.87368169 ], [ 139.308421, 35.87368372 ], [ 139.308685720000028, 35.87368984 ], [ 139.30889516000002, 35.87357928 ], [ 139.308971, 35.87352678 ], [ 139.308974330000012, 35.87352289 ], [ 139.30907572000001, 35.87340456 ], [ 139.309256550000015, 35.87320677 ], [ 139.309367110000011, 35.87308456 ], [ 139.30951847, 35.87287484 ], [ 139.309659580000016, 35.87265205 ], [ 139.309694580000013, 35.8726115 ], [ 139.309747080000022, 35.872594 ], [ 139.30976458, 35.87262317 ], [ 139.30980542, 35.87273956 ], [ 139.309881, 35.87287344 ], [ 139.310014890000019, 35.873019 ], [ 139.31020128000003, 35.87312372 ], [ 139.310300170000033, 35.87315289 ], [ 139.31042822, 35.87317011 ], [ 139.31057406, 35.87317595 ], [ 139.31071961, 35.87317011 ], [ 139.310830170000031, 35.87312956 ], [ 139.311074890000015, 35.87305372 ], [ 139.31123211, 35.872984 ], [ 139.31142628, 35.87283233 ], [ 139.311496280000028, 35.872774 ], [ 139.31162433, 35.87261705 ], [ 139.311769880000014, 35.87245428 ], [ 139.311909610000015, 35.87225067 ], [ 139.31198545, 35.87218067 ], [ 139.31208462, 35.87201177 ], [ 139.312136830000014, 35.87197705 ], [ 139.312236, 35.87195372 ], [ 139.31229406, 35.87199456 ], [ 139.312474620000017, 35.8721865 ], [ 139.312626280000018, 35.87234372 ], [ 139.312801, 35.87248928 ], [ 139.312958220000013, 35.8726115 ], [ 139.31315795, 35.87272844 ], [ 139.31329211, 35.8727865 ], [ 139.3134085, 35.87282733 ], [ 139.313507390000012, 35.87285067 ], [ 139.31363572, 35.87289733 ], [ 139.313925720000015, 35.87289428 ], [ 139.31421211, 35.8728915 ], [ 139.314718780000021, 35.87287984 ], [ 139.315099050000015, 35.87285039 ], [ 139.315113220000029, 35.87284956 ], [ 139.315332110000014, 35.872839 ], [ 139.315576830000026, 35.872804 ], [ 139.315792390000013, 35.87279233 ], [ 139.31585044000002, 35.872804 ], [ 139.31590294, 35.87288539 ], [ 139.316066010000014, 35.87317651 ], [ 139.316182670000018, 35.87328705 ], [ 139.316316840000013, 35.8734165 ], [ 139.31635739, 35.87352122 ], [ 139.316345720000015, 35.87356205 ], [ 139.316299340000029, 35.8735965 ], [ 139.316153500000013, 35.87364317 ], [ 139.31609545, 35.87367233 ], [ 139.31606044, 35.87373039 ], [ 139.316025450000012, 35.87383511 ], [ 139.316025450000012, 35.87419039 ], [ 139.316029340000028, 35.87422011 ], [ 139.316060730000032, 35.874454 ], [ 139.316095720000021, 35.87457623 ], [ 139.31618294, 35.87478595 ], [ 139.31627462, 35.87499984 ], [ 139.316274690000029, 35.875 ], [ 139.31637545000001, 35.87523511 ], [ 139.316439340000017, 35.87539817 ], [ 139.31652655, 35.87557872 ], [ 139.31660822, 35.87578205 ], [ 139.316666670000018, 35.8758738 ], [ 139.31667044, 35.87587975 ], [ 139.316730440000015, 35.87597428 ], [ 139.316882670000012, 35.87616205 ], [ 139.31701655, 35.87628428 ], [ 139.31719131, 35.87639484 ], [ 139.317401030000013, 35.87652289 ], [ 139.317529080000014, 35.87659844 ], [ 139.317628250000013, 35.8766915 ], [ 139.317715470000024, 35.87682539 ], [ 139.317820470000015, 35.87697678 ], [ 139.31790297, 35.87716484 ], [ 139.317961310000015, 35.87732761 ], [ 139.317996030000018, 35.87748484 ], [ 139.3180427, 35.87758956 ], [ 139.31809519, 35.87772928 ], [ 139.31818241000002, 35.8778865 ], [ 139.31831713, 35.87801011 ], [ 139.31839881, 35.87808567 ], [ 139.31852102000002, 35.87814984 ], [ 139.31867825, 35.87822539 ], [ 139.31877742, 35.87826622 ], [ 139.31888769, 35.87833622 ], [ 139.319074090000015, 35.87842928 ], [ 139.31937686, 35.87859233 ], [ 139.3195227, 35.87863872 ], [ 139.319697420000011, 35.87870286 ], [ 139.31987798000003, 35.87875508 ], [ 139.319941850000021, 35.87876675 ], [ 139.320304920000012, 35.87884008 ], [ 139.320532140000012, 35.87888092 ], [ 139.320718520000014, 35.87887508 ], [ 139.320939920000029, 35.87887508 ], [ 139.32129519, 35.87890397 ], [ 139.321504920000024, 35.87893313 ], [ 139.321737980000023, 35.8789448 ], [ 139.32194769, 35.87895647 ], [ 139.32226964, 35.8789512 ], [ 139.322607420000026, 35.87888731 ], [ 139.32271241, 35.87887564 ], [ 139.32293353, 35.8788698 ], [ 139.323271580000011, 35.87895147 ], [ 139.32367908, 35.87907369 ], [ 139.323726300000033, 35.87908897 ], [ 139.323842410000026, 35.87912592 ], [ 139.32404630000002, 35.87923064 ], [ 139.32422825, 35.87934841 ], [ 139.32440881, 35.87947647 ], [ 139.32461852, 35.87964508 ], [ 139.324735190000013, 35.87973813 ], [ 139.32490992000001, 35.8798662 ], [ 139.325, 35.87994139 ], [ 139.32500384, 35.87994456 ], [ 139.32504939, 35.87998259 ], [ 139.32510772, 35.88004064 ], [ 139.32518328, 35.88014564 ], [ 139.325288270000016, 35.88034925 ], [ 139.32531745, 35.88043064 ], [ 139.32541717, 35.88061287 ], [ 139.325510510000015, 35.88074675 ], [ 139.325777720000019, 35.88112175 ], [ 139.32581328, 35.88117175 ], [ 139.32604633, 35.88133453 ], [ 139.32616966, 35.88148175 ], [ 139.326262720000017, 35.8816448 ], [ 139.32634438, 35.88173786 ], [ 139.326472440000032, 35.88180203 ], [ 139.326618, 35.88184841 ], [ 139.326769660000025, 35.88188925 ], [ 139.326979100000017, 35.88194759 ], [ 139.327194670000011, 35.88199397 ], [ 139.327363280000014, 35.88209869 ], [ 139.327439100000021, 35.88220369 ], [ 139.32754384, 35.88239869 ], [ 139.327597170000018, 35.88254564 ], [ 139.32791189, 35.88247564 ], [ 139.328139100000016, 35.88239425 ], [ 139.328500220000024, 35.88226036 ], [ 139.32895438, 35.8820798 ], [ 139.32935244, 35.88190369 ], [ 139.329568, 35.88181064 ], [ 139.33014467000001, 35.88168259 ], [ 139.330447170000014, 35.8816012 ], [ 139.330645230000016, 35.88147897 ], [ 139.330697720000018, 35.88138008 ], [ 139.33075022, 35.88119397 ], [ 139.330791050000016, 35.88107175 ], [ 139.33100772, 35.88089536 ], [ 139.33126995, 35.88070897 ], [ 139.331642720000019, 35.88049953 ], [ 139.331739660000011, 35.88044675 ], [ 139.331974670000022, 35.88031897 ], [ 139.332207720000014, 35.88021453 ], [ 139.332475500000015, 35.8800748 ], [ 139.332856610000022, 35.87985203 ], [ 139.332967170000018, 35.8797648 ], [ 139.33315355000002, 35.87964259 ], [ 139.333276060000031, 35.87954369 ], [ 139.333333330000016, 35.87945356 ], [ 139.333337170000021, 35.87944753 ], [ 139.333357440000015, 35.87941564 ], [ 139.333396610000023, 35.8792898 ], [ 139.33340995, 35.87924675 ], [ 139.33350883, 35.87914203 ], [ 139.33366633, 35.87902564 ], [ 139.33385272000001, 35.87893841 ], [ 139.333922170000022, 35.87890425 ], [ 139.334213550000015, 35.87876008 ], [ 139.33423217, 35.87875092 ], [ 139.33437772000002, 35.87864008 ], [ 139.33448217, 35.87851203 ], [ 139.33458134, 35.87844813 ], [ 139.33471523, 35.87837231 ], [ 139.33492494, 35.87830841 ], [ 139.335158, 35.87827925 ], [ 139.33535606, 35.87827925 ], [ 139.33543745, 35.87829092 ], [ 139.33551911, 35.87833759 ], [ 139.335577450000017, 35.87840731 ], [ 139.33561555, 35.87845144 ], [ 139.335653, 35.8784948 ], [ 139.33578717, 35.87864008 ], [ 139.335921050000024, 35.87875092 ], [ 139.336092440000016, 35.8788612 ], [ 139.33617995, 35.87890787 ], [ 139.33631384, 35.87894286 ], [ 139.336576060000027, 35.87898341 ], [ 139.336814940000011, 35.87898814 ], [ 139.337181610000016, 35.87899508 ], [ 139.33756577, 35.87903592 ], [ 139.337880510000019, 35.87909397 ], [ 139.338224110000027, 35.87914064 ], [ 139.338270780000016, 35.87858175 ], [ 139.338247450000011, 35.87834341 ], [ 139.338171610000018, 35.87802341 ], [ 139.338171610000018, 35.87786036 ], [ 139.338353550000022, 35.87791786 ], [ 139.338388830000014, 35.87793814 ], [ 139.33850494, 35.87800508 ], [ 139.338732170000014, 35.87817397 ], [ 139.33913411, 35.87846508 ], [ 139.339303, 35.87858731 ], [ 139.33940189, 35.8786862 ], [ 139.33940772, 35.87869203 ], [ 139.33947939, 35.87879592 ], [ 139.33952438, 35.87886092 ], [ 139.33957189, 35.87901341 ], [ 139.33957189, 35.87901369 ], [ 139.339612720000019, 35.87911231 ], [ 139.33972911, 35.87921147 ], [ 139.339874940000016, 35.87929286 ], [ 139.340020510000016, 35.87936841 ], [ 139.340218560000011, 35.87940925 ], [ 139.340291340000022, 35.87941147 ], [ 139.340422170000011, 35.87941508 ], [ 139.34096384, 35.8795548 ], [ 139.34121608, 35.87963147 ], [ 139.3413908, 35.87966647 ], [ 139.34164109, 35.87974786 ], [ 139.34166667, 35.87975639 ], [ 139.341670530000016, 35.87975767 ], [ 139.341920800000025, 35.87984092 ], [ 139.3421772, 35.87988175 ], [ 139.34241581, 35.8799112 ], [ 139.34296914, 35.8799112 ], [ 139.34347803, 35.87987313 ], [ 139.34367608, 35.87987897 ], [ 139.34389747, 35.87989064 ], [ 139.34413053, 35.8799198 ], [ 139.344270250000022, 35.87994897 ], [ 139.344695520000016, 35.88010008 ], [ 139.34488192, 35.88015259 ], [ 139.34508581, 35.88024564 ], [ 139.34545497000002, 35.88038175 ], [ 139.34562969000001, 35.88046897 ], [ 139.345763310000024, 35.88053314 ], [ 139.345967200000018, 35.88058536 ], [ 139.346182750000025, 35.8805912 ], [ 139.346974970000019, 35.8804748 ], [ 139.347446640000015, 35.88041092 ], [ 139.347703020000012, 35.88039925 ], [ 139.34822302, 35.88035203 ], [ 139.348613310000019, 35.88029953 ], [ 139.348776360000016, 35.88030536 ], [ 139.3493008, 35.88026453 ], [ 139.34957248, 35.88027425 ], [ 139.349693310000021, 35.88027841 ], [ 139.349792190000016, 35.88028203 ], [ 139.349955250000022, 35.88020064 ], [ 139.35, 35.88015789 ], [ 139.350003860000015, 35.8801542 ], [ 139.350223310000018, 35.87994453 ], [ 139.350343310000028, 35.87985647 ], [ 139.35050859, 35.8797348 ], [ 139.350846640000015, 35.87954869 ], [ 139.351214140000025, 35.87922064 ], [ 139.35156358, 35.8789762 ], [ 139.35169776, 35.8788598 ], [ 139.351977200000022, 35.87867953 ], [ 139.35225691, 35.87853425 ], [ 139.352594690000018, 35.87839453 ], [ 139.352711090000014, 35.87831869 ], [ 139.35323109, 35.87800231 ], [ 139.353429140000031, 35.87785675 ], [ 139.353638860000018, 35.8776762 ], [ 139.35405830000002, 35.87733314 ], [ 139.35412803, 35.87728064 ], [ 139.354308590000016, 35.87725759 ], [ 139.354576640000033, 35.87726341 ], [ 139.354798030000012, 35.87726897 ], [ 139.35516053, 35.87726286 ], [ 139.355375810000027, 35.8772862 ], [ 139.35573109, 35.87736175 ], [ 139.35592331, 35.87740259 ], [ 139.356232190000014, 35.87747231 ], [ 139.35671192, 35.87757759 ], [ 139.357125520000011, 35.87767647 ], [ 139.3574283, 35.8777812 ], [ 139.35784192, 35.87790925 ], [ 139.35803997, 35.87797341 ], [ 139.35815636, 35.8781362 ], [ 139.3583208, 35.87819008 ], [ 139.358333330000022, 35.87819547 ], [ 139.358337200000022, 35.87819714 ], [ 139.358577200000013, 35.87830064 ], [ 139.358839440000025, 35.87844036 ], [ 139.35894416, 35.87852759 ], [ 139.358976940000019, 35.87854953 ], [ 139.35910139, 35.87863231 ], [ 139.359270270000025, 35.87874897 ], [ 139.35979445000001, 35.87917925 ], [ 139.35998472, 35.87927592 ], [ 139.36022112, 35.8793962 ], [ 139.360413330000029, 35.87947786 ], [ 139.360692780000022, 35.87956508 ], [ 139.36077445, 35.87959425 ], [ 139.360943330000026, 35.87962341 ], [ 139.360988890000016, 35.87964564 ], [ 139.36118195, 35.8797398 ], [ 139.36126722, 35.87977564 ], [ 139.36140333000003, 35.87983286 ], [ 139.36177167, 35.87994397 ], [ 139.361905550000017, 35.8799848 ], [ 139.362045280000018, 35.8800312 ], [ 139.362249170000013, 35.88012453 ], [ 139.36245306, 35.88020592 ], [ 139.36256361, 35.8802698 ], [ 139.362697780000019, 35.88039203 ], [ 139.36279667, 35.88052592 ], [ 139.362907780000029, 35.88067897 ], [ 139.36299528, 35.88081869 ], [ 139.363059170000014, 35.88094092 ], [ 139.3631, 35.88097008 ], [ 139.36332722, 35.88136561 ], [ 139.36342611, 35.88154617 ], [ 139.363637220000015, 35.88186867 ], [ 139.36391667, 35.88224089 ], [ 139.364295310000017, 35.88278811 ], [ 139.36454586, 35.88313144 ], [ 139.364670390000015, 35.88333311 ], [ 139.364670510000025, 35.88333333 ], [ 139.364698370000013, 35.88337839 ], [ 139.3648517, 35.88365367 ], [ 139.364931410000025, 35.88379728 ], [ 139.36526336, 35.88444339 ], [ 139.36528669, 35.88449589 ], [ 139.365740580000022, 35.88435033 ], [ 139.366328910000021, 35.88419311 ], [ 139.366544480000016, 35.88414672 ], [ 139.366631970000014, 35.88408839 ], [ 139.36666667, 35.88402928 ], [ 139.36667058, 35.88402261 ], [ 139.366690030000029, 35.88398951 ], [ 139.36673224, 35.88376228 ], [ 139.366813920000027, 35.88359922 ], [ 139.366895310000018, 35.88344811 ], [ 139.36697114, 35.88334895 ], [ 139.36700922, 35.88333333 ], [ 139.36700975, 35.88333311 ], [ 139.36707003, 35.88330839 ], [ 139.367233090000013, 35.88329089 ], [ 139.36730891000002, 35.88326756 ], [ 139.367378910000014, 35.88321505 ], [ 139.367454470000013, 35.88314533 ], [ 139.36750114, 35.88308117 ], [ 139.36766419, 35.88280811 ], [ 139.367734750000011, 35.88264284 ], [ 139.36779365000001, 35.88258423 ], [ 139.367816420000025, 35.88256144 ], [ 139.367857250000014, 35.88251477 ], [ 139.367734750000011, 35.88238672 ], [ 139.36765336, 35.88229367 ], [ 139.3676417, 35.88223533 ], [ 139.367752240000016, 35.88192117 ], [ 139.36782224000001, 35.88172311 ], [ 139.367857250000014, 35.88167672 ], [ 139.3679328, 35.88161839 ], [ 139.36801447000002, 35.88158339 ], [ 139.36816586, 35.88157172 ], [ 139.368344190000016, 35.88155561 ], [ 139.36837614, 35.88155284 ], [ 139.368370310000017, 35.88140144 ], [ 139.36818392, 35.88134339 ], [ 139.36795197, 35.88120284 ], [ 139.367828880000019, 35.88112784 ], [ 139.36783834000002, 35.88111256 ], [ 139.36815501, 35.88060422 ], [ 139.3684, 35.88025839 ], [ 139.368848610000015, 35.87968228 ], [ 139.369244720000012, 35.87920505 ], [ 139.36975222, 35.87865647 ], [ 139.370071750000022, 35.87840867 ], [ 139.36736066, 35.87570144 ], [ 139.366840950000011, 35.87517772 ], [ 139.36667053, 35.87502586 ], [ 139.36666667, 35.87502239 ], [ 139.36664156, 35.875 ], [ 139.36664131, 35.8749998 ], [ 139.36589486, 35.87433453 ], [ 139.365600140000026, 35.87410186 ], [ 139.365232190000029, 35.87374756 ], [ 139.36452872000001, 35.87299303 ], [ 139.364622750000024, 35.87293147 ], [ 139.364838030000016, 35.87281508 ], [ 139.365082750000028, 35.87264647 ], [ 139.36540886, 35.87250092 ], [ 139.36572942, 35.87238453 ], [ 139.366167760000025, 35.87224313 ], [ 139.366371630000032, 35.87216175 ], [ 139.36664525, 35.8720162 ], [ 139.36666667, 35.87200487 ], [ 139.36667053, 35.87200284 ], [ 139.36683163, 35.87191759 ], [ 139.36700636, 35.87182453 ], [ 139.36732109, 35.87158564 ], [ 139.367401090000016, 35.87153231 ], [ 139.367584690000029, 35.87140953 ], [ 139.367741920000014, 35.87134564 ], [ 139.367945530000014, 35.87125231 ], [ 139.36818997, 35.87113008 ], [ 139.368603580000013, 35.87096731 ], [ 139.368760800000018, 35.8709148 ], [ 139.368964690000013, 35.87086231 ], [ 139.369285250000019, 35.87078092 ], [ 139.369382480000013, 35.87075814 ], [ 139.36975942, 35.87066925 ], [ 139.370044690000014, 35.87060536 ], [ 139.370236910000017, 35.87057036 ], [ 139.370405810000022, 35.87057064 ], [ 139.370478030000015, 35.87055564 ], [ 139.370574690000012, 35.87053564 ], [ 139.37081358, 35.87051259 ], [ 139.37106997, 35.87048925 ], [ 139.371308590000012, 35.87051841 ], [ 139.371494970000015, 35.87057064 ], [ 139.37163497, 35.87060564 ], [ 139.371722190000014, 35.87065786 ], [ 139.371797470000018, 35.87068953 ], [ 139.37206358, 35.87085147 ], [ 139.372480530000018, 35.87112092 ], [ 139.372608860000014, 35.87120397 ], [ 139.37266109, 35.87113203 ], [ 139.373091360000018, 35.87074064 ], [ 139.37328331, 35.8706212 ], [ 139.373431360000012, 35.87052897 ], [ 139.373713870000017, 35.87026592 ], [ 139.374054700000016, 35.8696598 ], [ 139.37446553, 35.86889036 ], [ 139.37471525, 35.8683612 ], [ 139.37455386000002, 35.86822036 ], [ 139.37439358, 35.86808036 ], [ 139.37426109, 35.86797897 ], [ 139.373862750000029, 35.86765425 ], [ 139.37341497, 35.86724787 ], [ 139.37290109, 35.86682536 ], [ 139.37294664, 35.8666998 ], [ 139.372981800000019, 35.86666667 ], [ 139.37298202, 35.86666647 ], [ 139.37323691, 35.86642647 ], [ 139.37376136, 35.86591675 ], [ 139.373697170000014, 35.8657398 ], [ 139.37365606000003, 35.86562564 ], [ 139.373487720000014, 35.86547787 ], [ 139.37251606, 35.86486675 ], [ 139.371797720000018, 35.8643012 ], [ 139.37167494000002, 35.86421425 ], [ 139.37154856, 35.86412425 ], [ 139.371385230000016, 35.86400841 ], [ 139.37124523, 35.86389036 ], [ 139.37122022, 35.86387092 ], [ 139.370832440000015, 35.86356675 ], [ 139.370338560000022, 35.86316147 ], [ 139.37019856, 35.86304369 ], [ 139.369683, 35.86258703 ], [ 139.36926883000001, 35.86222397 ], [ 139.369033, 35.86203231 ], [ 139.36869411, 35.86176731 ], [ 139.36842134, 35.86157564 ], [ 139.36757964, 35.86093953 ], [ 139.367159360000016, 35.86063759 ], [ 139.366864640000017, 35.86040953 ], [ 139.36667047, 35.86026567 ], [ 139.36666667, 35.86026287 ], [ 139.366223530000013, 35.85993453 ], [ 139.366096030000023, 35.85988092 ], [ 139.36559492, 35.85952731 ], [ 139.365299920000012, 35.85933592 ], [ 139.36520409000002, 35.85926953 ], [ 139.36510131, 35.85921064 ], [ 139.364953800000023, 35.85917369 ], [ 139.364843260000015, 35.85983675 ], [ 139.364776590000019, 35.8602562 ], [ 139.36471964, 35.86058369 ], [ 139.36471742, 35.86059731 ], [ 139.364687980000014, 35.86062675 ], [ 139.364614360000019, 35.86058259 ], [ 139.364054360000011, 35.86040564 ], [ 139.363536590000024, 35.8602348 ], [ 139.362887980000011, 35.86000647 ], [ 139.36229075, 35.85980036 ], [ 139.36187075, 35.85963092 ], [ 139.36150992, 35.85952786 ], [ 139.3611027, 35.85938703 ], [ 139.36088881, 35.85937953 ], [ 139.36071185000003, 35.85974787 ], [ 139.36052769, 35.86012341 ], [ 139.36047603, 35.86027092 ], [ 139.360357130000011, 35.86055287 ], [ 139.36003297000002, 35.86111259 ], [ 139.35985603, 35.8613848 ], [ 139.35981270000002, 35.8614712 ], [ 139.35974464, 35.86160759 ], [ 139.35958964, 35.86156341 ], [ 139.359184360000029, 35.86142341 ], [ 139.35859464, 35.86125425 ], [ 139.3584327, 35.8612098 ], [ 139.35833713, 35.86138064 ], [ 139.358333330000022, 35.86138744 ], [ 139.358012410000015, 35.8619612 ], [ 139.357496590000011, 35.8618212 ], [ 139.35713241000002, 35.8617398 ], [ 139.356963260000015, 35.86168064 ], [ 139.35641769, 35.86150397 ], [ 139.35601964, 35.86134203 ], [ 139.35574713, 35.86125369 ], [ 139.35506881, 35.86101064 ], [ 139.354759360000031, 35.8609148 ], [ 139.35448158, 35.86085397 ], [ 139.35409798, 35.86077869 ], [ 139.35383047000002, 35.86073064 ], [ 139.35359075, 35.86071703 ], [ 139.35351406, 35.8606848 ], [ 139.35351044, 35.86068341 ], [ 139.3535085, 35.86068259 ], [ 139.35330961, 35.86028536 ], [ 139.35315183, 35.86001813 ], [ 139.35314739, 35.86001008 ], [ 139.35307655, 35.8598812 ], [ 139.353028490000014, 35.85981953 ], [ 139.352946280000026, 35.85975122 ], [ 139.352781830000026, 35.85965511 ], [ 139.352500730000031, 35.85955928 ], [ 139.352308780000016, 35.85949761 ], [ 139.35213545000002, 35.85946205 ], [ 139.351820440000012, 35.85936623 ], [ 139.35161489, 35.85933872 ], [ 139.351340730000032, 35.8593115 ], [ 139.35109377, 35.85929761 ], [ 139.350847109999989, 35.85929761 ], [ 139.350531830000023, 35.85930456 ], [ 139.35038795, 35.85927705 ], [ 139.350196, 35.85920872 ], [ 139.35016156, 35.85914011 ], [ 139.350168490000016, 35.85898261 ], [ 139.350287110000011, 35.85867872 ], [ 139.3503935, 35.85840595 ], [ 139.35041747, 35.85833333 ], [ 139.35041752, 35.85833317 ], [ 139.350626550000015, 35.85770039 ], [ 139.35067239, 35.85753595 ], [ 139.350711830000023, 35.85739317 ], [ 139.35088044, 35.85678678 ], [ 139.35090822, 35.85656761 ], [ 139.351100170000024, 35.85584178 ], [ 139.351117390000013, 35.85575733 ], [ 139.35112433, 35.85572233 ], [ 139.35114489, 35.85562205 ], [ 139.351251240000011, 35.85509844 ], [ 139.351326520000015, 35.8547765 ], [ 139.351347080000011, 35.85455039 ], [ 139.351484310000018, 35.85403705 ], [ 139.35151847, 35.85391372 ], [ 139.35158014000001, 35.85355761 ], [ 139.35169319000002, 35.85313817 ], [ 139.35171514000001, 35.85299177 ], [ 139.35174014, 35.85282428 ], [ 139.351750970000012, 35.85269289 ], [ 139.35176014000001, 35.85258372 ], [ 139.35130569, 35.85253705 ], [ 139.35054403, 35.85248372 ], [ 139.350003750000013, 35.85243417 ], [ 139.35, 35.8524338 ], [ 139.349299300000013, 35.85236956 ], [ 139.34810292, 35.85222928 ], [ 139.347945970000012, 35.85220928 ], [ 139.347526250000016, 35.85215539 ], [ 139.347249300000016, 35.85212733 ], [ 139.3471318, 35.85211539 ], [ 139.34700486, 35.85210872 ], [ 139.34667737, 35.85208844 ], [ 139.346697370000015, 35.85162761 ], [ 139.346724310000013, 35.851394 ], [ 139.34672737, 35.85128067 ], [ 139.3467282, 35.85124456 ], [ 139.346730700000023, 35.8511515 ], [ 139.346690700000011, 35.85112484 ], [ 139.346603750000014, 35.8511115 ], [ 139.346396520000013, 35.85110484 ], [ 139.346258440000014, 35.8510465 ], [ 139.34615623000002, 35.85100317 ], [ 139.346049, 35.85095789 ], [ 139.34588872, 35.85081095 ], [ 139.34574817, 35.85065067 ], [ 139.345567890000012, 35.85043011 ], [ 139.34529151000001, 35.85032928 ], [ 139.345077890000027, 35.85027595 ], [ 139.344930660000017, 35.85021567 ], [ 139.344797060000019, 35.85011595 ], [ 139.34472983, 35.85 ], [ 139.344729730000012, 35.84999984 ], [ 139.344723450000032, 35.849989 ], [ 139.34473678, 35.84980872 ], [ 139.34487066, 35.84952817 ], [ 139.344879, 35.84947789 ], [ 139.344910660000011, 35.84928456 ], [ 139.34489066, 35.84914428 ], [ 139.34489761, 35.84895067 ], [ 139.34489095, 35.84881039 ], [ 139.34489095, 35.84850984 ], [ 139.344951220000013, 35.84819595 ], [ 139.34506484, 35.84787539 ], [ 139.34521872000002, 35.847419 ], [ 139.345232050000021, 35.84732567 ], [ 139.34528538, 35.84716539 ], [ 139.345292050000012, 35.84703844 ], [ 139.345312330000013, 35.84687817 ], [ 139.34528538, 35.84674456 ], [ 139.34519178, 35.84651067 ], [ 139.34514511, 35.84645067 ], [ 139.34513178, 35.84632372 ], [ 139.34515844, 35.84619011 ], [ 139.34533234, 35.8459365 ], [ 139.34549956, 35.84572678 ], [ 139.345492890000031, 35.84557984 ], [ 139.34546623, 35.84544623 ], [ 139.345432870000025, 35.84539289 ], [ 139.345319250000017, 35.84514595 ], [ 139.345332580000019, 35.84479872 ], [ 139.345318970000022, 35.84451595 ], [ 139.345321750000011, 35.84440233 ], [ 139.34533231, 35.84398817 ], [ 139.345326200000017, 35.84340677 ], [ 139.34532564, 35.84335372 ], [ 139.34533898, 35.84270289 ], [ 139.34535925000003, 35.84250928 ], [ 139.345318970000022, 35.84192817 ], [ 139.345318970000022, 35.84174789 ], [ 139.34533066, 35.84166667 ], [ 139.3453307, 35.8416665 ], [ 139.34535258, 35.84151428 ], [ 139.34537925, 35.841394 ], [ 139.34538591, 35.84128705 ], [ 139.34535258, 35.84118039 ], [ 139.3453362, 35.84104705 ], [ 139.34531647, 35.84088761 ], [ 139.345305360000026, 35.84079705 ], [ 139.34507148, 35.8404565 ], [ 139.344810920000015, 35.84002928 ], [ 139.344790640000014, 35.83994261 ], [ 139.344710610000021, 35.83978233 ], [ 139.344683670000023, 35.83950567 ], [ 139.344697, 35.83911177 ], [ 139.344730610000028, 35.83899817 ], [ 139.344730610000028, 35.83889067 ], [ 139.344730610000028, 35.83883789 ], [ 139.34485756, 35.83857067 ], [ 139.344904230000026, 35.83849067 ], [ 139.34495783, 35.83818344 ], [ 139.34498450000001, 35.83796289 ], [ 139.344932, 35.83784817 ], [ 139.34489783, 35.83777317 ], [ 139.344951440000017, 35.83742623 ], [ 139.34499811, 35.83728595 ], [ 139.345038390000013, 35.83700539 ], [ 139.34506506, 35.83687177 ], [ 139.34510533, 35.8366115 ], [ 139.345100050000013, 35.8365415 ], [ 139.34507144, 35.83622289 ], [ 139.345067, 35.83617344 ], [ 139.345060890000013, 35.83586705 ], [ 139.34505783, 35.83565289 ], [ 139.34508144, 35.83552317 ], [ 139.345117, 35.83532705 ], [ 139.34517005, 35.83478178 ], [ 139.34521061, 35.83446511 ], [ 139.345220050000023, 35.83409428 ], [ 139.345242, 35.83398428 ], [ 139.34530645000001, 35.83385956 ], [ 139.345335330000012, 35.83380344 ], [ 139.345456980000023, 35.83360095 ], [ 139.345597520000013, 35.83333903 ], [ 139.345599250000021, 35.83333333 ], [ 139.34559927, 35.8333332 ], [ 139.345616690000014, 35.83327487 ], [ 139.34573837, 35.83310986 ], [ 139.345894470000019, 35.83294153 ], [ 139.34600669, 35.83280431 ], [ 139.34605975, 35.83268597 ], [ 139.346109470000016, 35.83255513 ], [ 139.34611891000003, 35.83239959 ], [ 139.34611586, 35.83224792 ], [ 139.346097250000014, 35.83213875 ], [ 139.3460317, 35.83195487 ], [ 139.345903640000017, 35.83169625 ], [ 139.345835030000018, 35.83154987 ], [ 139.34581336, 35.83148125 ], [ 139.34580698000002, 35.83139403 ], [ 139.34581947, 35.83128987 ], [ 139.345828910000023, 35.83118069 ], [ 139.34581947, 35.83108097 ], [ 139.345791410000032, 35.8309782 ], [ 139.345713640000014, 35.83079736 ], [ 139.345685300000014, 35.83072875 ], [ 139.345644470000025, 35.83053013 ], [ 139.3456228, 35.83040236 ], [ 139.3456228, 35.83023097 ], [ 139.345641410000013, 35.83007208 ], [ 139.34561975, 35.82997847 ], [ 139.3455792, 35.82982264 ], [ 139.34556975000001, 35.82972625 ], [ 139.34557586, 35.82955486 ], [ 139.34558224, 35.82947847 ], [ 139.345625860000013, 35.82939431 ], [ 139.345716420000031, 35.82927903 ], [ 139.345810030000024, 35.82918236 ], [ 139.345859750000017, 35.82910125 ], [ 139.345878640000024, 35.82906708 ], [ 139.34582864, 35.82900764 ], [ 139.345616420000027, 35.82883959 ], [ 139.34543475000001, 35.82869736 ], [ 139.34536309, 35.82862569 ], [ 139.345347520000018, 35.82857264 ], [ 139.34533808, 35.82846653 ], [ 139.345353640000013, 35.8282268 ], [ 139.345372500000025, 35.82807097 ], [ 139.345406670000017, 35.82789959 ], [ 139.345447220000011, 35.82779041 ], [ 139.34547889000001, 35.82765792 ], [ 139.34547584, 35.8275582 ], [ 139.345410270000031, 35.8273868 ], [ 139.34530611, 35.82730208 ], [ 139.345178340000018, 35.82724903 ], [ 139.34501917, 35.82725514 ], [ 139.345015280000013, 35.82725514 ], [ 139.34491306000001, 35.8272518 ], [ 139.34472, 35.82724597 ], [ 139.344539170000019, 35.8273018 ], [ 139.344136670000012, 35.82742013 ], [ 139.343860830000011, 35.82749264 ], [ 139.343548880000014, 35.82762653 ], [ 139.343296110000011, 35.82775125 ], [ 139.34305917, 35.82783541 ], [ 139.34288139, 35.82789459 ], [ 139.342577780000028, 35.82796069 ], [ 139.34243416000001, 35.82797931 ], [ 139.34225333, 35.82798847 ], [ 139.342038050000014, 35.82797625 ], [ 139.341734450000018, 35.8279482 ], [ 139.34167027, 35.82793056 ], [ 139.34166667, 35.82792956 ], [ 139.34155361, 35.82789847 ], [ 139.341104160000015, 35.82774875 ], [ 139.34091694, 35.82773625 ], [ 139.34073333, 35.82777375 ], [ 139.34064917, 35.82783292 ], [ 139.340307500000023, 35.82798069 ], [ 139.34012361, 35.82803347 ], [ 139.33998306, 35.82804597 ], [ 139.339920830000011, 35.82806792 ], [ 139.33973361, 35.82818931 ], [ 139.33937167000002, 35.82840431 ], [ 139.33911416, 35.82846069 ], [ 139.33897056, 35.82845125 ], [ 139.33879, 35.82842541 ], [ 139.338565280000012, 35.82839347 ], [ 139.338555840000026, 35.82839208 ], [ 139.33844667, 35.82834236 ], [ 139.33836555000002, 35.8282332 ], [ 139.3383125, 35.82810541 ], [ 139.338290560000019, 35.82799013 ], [ 139.33828, 35.82783153 ], [ 139.338271670000012, 35.82770792 ], [ 139.338275010000018, 35.82753959 ], [ 139.33829667, 35.82735264 ], [ 139.338290560000019, 35.82716041 ], [ 139.33824361, 35.8269518 ], [ 139.33817805000001, 35.82676153 ], [ 139.33815306, 35.82667764 ], [ 139.33814387000001, 35.82657792 ], [ 139.33815302, 35.82645653 ], [ 139.33819997, 35.82633792 ], [ 139.338459420000021, 35.82596487 ], [ 139.33863109, 35.82578097 ], [ 139.338765250000023, 35.82559403 ], [ 139.338949140000011, 35.82538847 ], [ 139.338988590000014, 35.82531153 ], [ 139.339017760000019, 35.82525431 ], [ 139.33908969, 35.82513292 ], [ 139.339208860000014, 35.82502459 ], [ 139.339224890000025, 35.825 ], [ 139.33922497, 35.82499987 ], [ 139.339249420000016, 35.82496236 ], [ 139.33928358, 35.82489069 ], [ 139.339271090000011, 35.82481625 ], [ 139.33918691, 35.82464153 ], [ 139.339027760000022, 35.82431431 ], [ 139.338767760000025, 35.82381069 ], [ 139.338655530000011, 35.82358931 ], [ 139.33861192, 35.82349903 ], [ 139.338552750000019, 35.82335264 ], [ 139.33852776, 35.82324347 ], [ 139.338481090000016, 35.82298959 ], [ 139.338437200000016, 35.82261903 ], [ 139.338352750000013, 35.82238986 ], [ 139.338262190000023, 35.82225597 ], [ 139.338140800000019, 35.82215625 ], [ 139.338044110000027, 35.82209708 ], [ 139.33785078, 35.82201903 ], [ 139.337713550000018, 35.82200347 ], [ 139.33762217, 35.82201569 ], [ 139.337548270000013, 35.82202541 ], [ 139.337216060000031, 35.82214125 ], [ 139.337097450000016, 35.82218792 ], [ 139.337000780000011, 35.82228459 ], [ 139.336932170000011, 35.82239987 ], [ 139.33685717, 35.82251487 ], [ 139.336729390000016, 35.82264875 ], [ 139.336604420000015, 35.82274236 ], [ 139.336311360000025, 35.82284208 ], [ 139.336035230000022, 35.82284931 ], [ 139.33576384, 35.82283375 ], [ 139.335545500000023, 35.8228368 ], [ 139.335380220000019, 35.82280875 ], [ 139.33526494000003, 35.82276208 ], [ 139.335193, 35.82272486 ], [ 139.335090220000012, 35.82264987 ], [ 139.33490606, 35.82276208 ], [ 139.334868560000018, 35.82289931 ], [ 139.33480523, 35.82306569 ], [ 139.334724110000025, 35.82318736 ], [ 139.334649110000015, 35.82325597 ], [ 139.334490220000021, 35.82337125 ], [ 139.33435272, 35.82347403 ], [ 139.33421883, 35.82359236 ], [ 139.334097200000031, 35.8237732 ], [ 139.33401608, 35.82391959 ], [ 139.33391942, 35.82402569 ], [ 139.333794690000019, 35.8241532 ], [ 139.333756640000018, 35.8242732 ], [ 139.33375053, 35.82445097 ], [ 139.33372248, 35.8245818 ], [ 139.33362581, 35.8247282 ], [ 139.333492480000018, 35.82489736 ], [ 139.333481630000023, 35.82491125 ], [ 139.333432360000018, 35.82499987 ], [ 139.333432280000011, 35.825 ], [ 139.33338803, 35.82507959 ], [ 139.333336910000014, 35.82514425 ], [ 139.333333330000016, 35.82514878 ], [ 139.33324776, 35.82525708 ], [ 139.33301997, 35.82551903 ], [ 139.332907760000012, 35.82563736 ], [ 139.33281302, 35.82576653 ], [ 139.33275691, 35.82578513 ], [ 139.33260109, 35.8258132 ], [ 139.332042480000013, 35.82613403 ], [ 139.33175803, 35.82626208 ], [ 139.33158025, 35.82630569 ], [ 139.331449140000018, 35.82631514 ], [ 139.33119636, 35.82633069 ], [ 139.330951630000015, 35.82637764 ], [ 139.330652190000023, 35.82647431 ], [ 139.330424420000014, 35.82652736 ], [ 139.330315250000012, 35.82653347 ], [ 139.33014053, 35.8265118 ], [ 139.329985810000011, 35.82646792 ], [ 139.329909690000022, 35.82644625 ], [ 139.32971803, 35.8263432 ], [ 139.329630800000018, 35.82626208 ], [ 139.329449970000013, 35.82606875 ], [ 139.32937192, 35.82595987 ], [ 139.329268860000013, 35.82587569 ], [ 139.32919720000001, 35.82585069 ], [ 139.329167200000029, 35.82585292 ], [ 139.32911302, 35.8258568 ], [ 139.32886331, 35.82593792 ], [ 139.32870248, 35.8259932 ], [ 139.32858248, 35.82603459 ], [ 139.328337200000021, 35.82611208 ], [ 139.328119140000013, 35.82618125 ], [ 139.32783828, 35.8262218 ], [ 139.327323550000017, 35.82631514 ], [ 139.32694939000001, 35.82636208 ], [ 139.32664467, 35.8264182 ], [ 139.326432720000014, 35.82643708 ], [ 139.326339100000013, 35.82643069 ], [ 139.326264110000011, 35.82639013 ], [ 139.326192720000023, 35.82626875 ], [ 139.32617384, 35.82619069 ], [ 139.326108560000023, 35.8260318 ], [ 139.3260055, 35.82588541 ], [ 139.325908560000016, 35.82570569 ], [ 139.325858560000029, 35.82564347 ], [ 139.325727450000016, 35.82550625 ], [ 139.325581050000011, 35.8253568 ], [ 139.32539689, 35.82519792 ], [ 139.325188, 35.82506375 ], [ 139.32509783, 35.825 ], [ 139.325097640000024, 35.82499987 ], [ 139.325003550000019, 35.82493336 ], [ 139.325, 35.82493086 ], [ 139.324878, 35.82484459 ], [ 139.324753, 35.82474653 ], [ 139.32460355, 35.82462959 ], [ 139.32435411, 35.82440847 ], [ 139.32416577, 35.82422597 ], [ 139.324056610000014, 35.82409487 ], [ 139.323984940000031, 35.82393292 ], [ 139.323897720000019, 35.82380208 ], [ 139.323757170000022, 35.82367125 ], [ 139.323673, 35.82360875 ], [ 139.32351355000003, 35.82353905 ], [ 139.323366890000017, 35.82348933 ], [ 139.32308297, 35.82341128 ], [ 139.322951860000018, 35.82334267 ], [ 139.322824090000012, 35.8232835 ], [ 139.322599360000027, 35.82320877 ], [ 139.32217075, 35.82307044 ], [ 139.321824360000022, 35.82295211 ], [ 139.32166519, 35.82287711 ], [ 139.321425190000014, 35.82279322 ], [ 139.32130852, 35.82271684 ], [ 139.32120881, 35.82259211 ], [ 139.321056030000022, 35.82235211 ], [ 139.32090603, 35.82216517 ], [ 139.320759920000029, 35.82200323 ], [ 139.32059131, 35.821891 ], [ 139.32031575, 35.82169628 ], [ 139.320112970000025, 35.82158405 ], [ 139.31989798, 35.82145933 ], [ 139.319617130000012, 35.82136905 ], [ 139.319547130000018, 35.82133322 ], [ 139.31950659, 35.82128017 ], [ 139.31946603, 35.82116517 ], [ 139.319431580000014, 35.82100628 ], [ 139.319372410000028, 35.82090961 ], [ 139.31927575, 35.82073211 ], [ 139.319151020000021, 35.82055767 ], [ 139.318988780000012, 35.820411 ], [ 139.31885766000002, 35.82033628 ], [ 139.318516830000021, 35.82014128 ], [ 139.31836711, 35.820001 ], [ 139.31812406, 35.81986072 ], [ 139.317865160000025, 35.81969572 ], [ 139.31763211, 35.81952989 ], [ 139.31754294000001, 35.81946628 ], [ 139.31736211, 35.81923267 ], [ 139.317281, 35.81912044 ], [ 139.317174890000018, 35.81904267 ], [ 139.316996280000012, 35.81899211 ], [ 139.316811280000024, 35.81895377 ], [ 139.31667017, 35.81892475 ], [ 139.316666670000018, 35.81892403 ] ] ] } }
]
}
