{
"type": "FeatureCollection",
"name": "city_02_八戸市",
"crs": { "type": "name", "properties": { "name": "urn:ogc:def:crs:OGC:1.3:CRS84" } },
"features": [
{ "type": "Feature", "properties": { }, "geometry": { "type": "MultiPolygon", "coordinates": [ [ [ [ 141.366735280000029, 40.38099114 ], [ 141.366870800000015, 40.38104613 ], [ 141.367183860000011, 40.38105864 ], [ 141.3675072, 40.38104613 ], [ 141.36766859, 40.38105864 ], [ 141.36783553, 40.38110947 ], [ 141.368101630000012, 40.38127031 ], [ 141.368284140000014, 40.3813678 ], [ 141.36858136, 40.38152003 ], [ 141.368800530000016, 40.38162169 ], [ 141.368962190000019, 40.38165559 ], [ 141.3691708, 40.38165117 ], [ 141.369389970000015, 40.38160478 ], [ 141.369749970000015, 40.38156228 ], [ 141.37002691, 40.38153256 ], [ 141.37064691, 40.38147784 ], [ 141.371444140000023, 40.38143033 ], [ 141.37154109, 40.38141172 ], [ 141.371697470000015, 40.38137561 ], [ 141.371961090000013, 40.38127922 ], [ 141.372269140000014, 40.38114839 ], [ 141.372591630000016, 40.381077 ], [ 141.373105230000021, 40.38107117 ], [ 141.37350828000001, 40.38107117 ], [ 141.37369883, 40.38103533 ], [ 141.37449856, 40.3809048 ], [ 141.375, 40.38080739 ], [ 141.375006610000014, 40.38080611 ], [ 141.375019110000011, 40.38080369 ], [ 141.37526134, 40.38079759 ], [ 141.375510510000026, 40.3807798 ], [ 141.376236620000014, 40.38070231 ], [ 141.37663244, 40.38066259 ], [ 141.376925770000014, 40.38055369 ], [ 141.377158830000013, 40.38038147 ], [ 141.37724828, 40.38030313 ], [ 141.37738633, 40.38026953 ], [ 141.37760717, 40.38026953 ], [ 141.37791078, 40.38017425 ], [ 141.378297440000011, 40.37998231 ], [ 141.378818270000011, 40.37963731 ], [ 141.379111610000024, 40.37939341 ], [ 141.379551610000021, 40.37909008 ], [ 141.379933, 40.37875675 ], [ 141.38032161000001, 40.37850675 ], [ 141.380981890000015, 40.37824508 ], [ 141.381368560000027, 40.37818231 ], [ 141.38149494000001, 40.37816175 ], [ 141.381971610000022, 40.37804869 ], [ 141.38253633, 40.37798928 ], [ 141.38329939, 40.37793595 ], [ 141.383333330000028, 40.37793369 ], [ 141.38333995, 40.37793328 ], [ 141.38392995000001, 40.37789428 ], [ 141.38428217, 40.37777511 ], [ 141.38448022, 40.37769205 ], [ 141.384767720000013, 40.37761677 ], [ 141.38487828, 40.37765595 ], [ 141.38493606000003, 40.3777565 ], [ 141.384956890000012, 40.37779317 ], [ 141.38497883, 40.37806095 ], [ 141.38509603, 40.37873289 ], [ 141.38507798, 40.37885372 ], [ 141.38496769, 40.37902705 ], [ 141.3846227, 40.37945261 ], [ 141.384526030000018, 40.37957567 ], [ 141.384494360000019, 40.37976844 ], [ 141.384457130000015, 40.37991705 ], [ 141.38445769, 40.38033987 ], [ 141.384574360000016, 40.38064459 ], [ 141.384765750000014, 40.38103569 ], [ 141.384912390000011, 40.38147847 ], [ 141.38493406, 40.38160625 ], [ 141.38497433, 40.38184236 ], [ 141.385096010000012, 40.38218431 ], [ 141.385213220000026, 40.38253513 ], [ 141.385249610000017, 40.38279125 ], [ 141.385264330000012, 40.38314211 ], [ 141.3851602, 40.38332656 ], [ 141.385156350000017, 40.38333333 ], [ 141.385126, 40.38338711 ], [ 141.385063770000016, 40.38357184 ], [ 141.38511766000002, 40.38373711 ], [ 141.385256840000011, 40.383856 ], [ 141.38544044, 40.38391572 ], [ 141.386276520000024, 40.38415351 ], [ 141.386393750000025, 40.38427267 ], [ 141.38658458, 40.38443323 ], [ 141.386694580000011, 40.38464156 ], [ 141.38668042, 40.38480684 ], [ 141.386679860000015, 40.38481405 ], [ 141.386577080000023, 40.38493322 ], [ 141.386393750000025, 40.38504628 ], [ 141.38622292, 40.38531239 ], [ 141.386188200000021, 40.38552489 ], [ 141.38629097, 40.38570044 ], [ 141.386467080000017, 40.38581964 ], [ 141.38674597, 40.38597436 ], [ 141.38683348, 40.38616464 ], [ 141.386789560000011, 40.38631936 ], [ 141.386840950000021, 40.38678353 ], [ 141.38700234, 40.38711075 ], [ 141.387022890000026, 40.38734992 ], [ 141.386939829999989, 40.38748408 ], [ 141.38674678000001, 40.38756769 ], [ 141.38645012, 40.38760131 ], [ 141.38618122, 40.3877302 ], [ 141.38580178, 40.3877638 ], [ 141.385380950000012, 40.38783103 ], [ 141.38525678, 40.38795408 ], [ 141.38529122, 40.38815547 ], [ 141.38535927, 40.38826492 ], [ 141.385593990000018, 40.38856269 ], [ 141.386091, 40.38907686 ], [ 141.38610012, 40.38908631 ], [ 141.386261500000018, 40.38932436 ], [ 141.386210080000012, 40.38952659 ], [ 141.386070640000014, 40.38959214 ], [ 141.38574064, 40.3897702 ], [ 141.385307860000012, 40.38997853 ], [ 141.3851462, 40.39003603 ], [ 141.384919250000024, 40.39012131 ], [ 141.384486470000013, 40.39038325 ], [ 141.38422258, 40.39052603 ], [ 141.3839437, 40.39068659 ], [ 141.38387036, 40.39094269 ], [ 141.383861190000033, 40.39109741 ], [ 141.383860360000028, 40.39111325 ], [ 141.383828030000018, 40.39165992 ], [ 141.383827640000021, 40.39166667 ], [ 141.38382647, 40.39168631 ], [ 141.38387036, 40.3919538 ], [ 141.383877860000013, 40.39209689 ], [ 141.384009530000014, 40.39272744 ], [ 141.38417092, 40.39309661 ], [ 141.38431756, 40.39314995 ], [ 141.38455228, 40.39313828 ], [ 141.385042560000016, 40.39306967 ], [ 141.385415060000014, 40.39305856 ], [ 141.38564949, 40.39310328 ], [ 141.38583589000001, 40.39314244 ], [ 141.38635645, 40.39310244 ], [ 141.38660589, 40.39306689 ], [ 141.38701672000002, 40.39309053 ], [ 141.387471440000013, 40.39316192 ], [ 141.387713390000016, 40.39309053 ], [ 141.388319490000015, 40.39288497 ], [ 141.388725620000031, 40.3927158 ], [ 141.38896756, 40.39277525 ], [ 141.389180340000024, 40.39289413 ], [ 141.389216160000018, 40.39299136 ], [ 141.38917283, 40.39309053 ], [ 141.388952830000022, 40.39320969 ], [ 141.38873283, 40.39334053 ], [ 141.38826423, 40.39357914 ], [ 141.38766394000001, 40.39364053 ], [ 141.387170610000027, 40.39383441 ], [ 141.38695339, 40.39394859 ], [ 141.386349220000028, 40.39414386 ], [ 141.38608506, 40.39426859 ], [ 141.385747830000014, 40.39446497 ], [ 141.38559367000002, 40.39465525 ], [ 141.385439780000013, 40.39482803 ], [ 141.385102280000012, 40.39530997 ], [ 141.384918950000014, 40.39553608 ], [ 141.384742830000022, 40.39571469 ], [ 141.38446423000002, 40.39591692 ], [ 141.38416336, 40.39608359 ], [ 141.38399031, 40.39615078 ], [ 141.383603920000013, 40.39646967 ], [ 141.383561970000017, 40.3967972 ], [ 141.38370864, 40.39717831 ], [ 141.383884750000021, 40.39741608 ], [ 141.384009470000024, 40.39758275 ], [ 141.384142240000017, 40.39774025 ], [ 141.384383650000018, 40.3978522 ], [ 141.38462558, 40.39786859 ], [ 141.384889470000019, 40.39789831 ], [ 141.385018370000012, 40.39795859 ], [ 141.38506558, 40.39802331 ], [ 141.385036140000011, 40.39825525 ], [ 141.38499224, 40.39846359 ], [ 141.38498501, 40.39861192 ], [ 141.384867500000013, 40.39892136 ], [ 141.38469889000001, 40.39898108 ], [ 141.384478880000017, 40.39897497 ], [ 141.384280830000023, 40.39892747 ], [ 141.383936130000023, 40.39897497 ], [ 141.383488640000024, 40.3990822 ], [ 141.38333975, 40.39914608 ], [ 141.383333330000028, 40.39914884 ], [ 141.38322781, 40.39919414 ], [ 141.38286531, 40.39934997 ], [ 141.382845030000027, 40.39950859 ], [ 141.382921110000012, 40.39966553 ], [ 141.383055840000026, 40.39972469 ], [ 141.383333330000028, 40.39974375 ], [ 141.383335010000025, 40.39974386 ], [ 141.383339730000017, 40.39974289 ], [ 141.383804160000011, 40.39964747 ], [ 141.38400944, 40.39956997 ], [ 141.38432472, 40.39954636 ], [ 141.38467694000002, 40.39953441 ], [ 141.384918880000015, 40.39959972 ], [ 141.38546861, 40.39973667 ], [ 141.386050270000027, 40.39988251 ], [ 141.38637083, 40.39996277 ], [ 141.386608420000016, 40.39999333 ], [ 141.386649440000014, 40.39999861 ], [ 141.386661240000024, 40.39999333 ], [ 141.38679611, 40.39993305 ], [ 141.386908340000019, 40.39988389 ], [ 141.3870875, 40.39988389 ], [ 141.38736112, 40.39996277 ], [ 141.387477830000023, 40.39999333 ], [ 141.38750328, 40.4 ], [ 141.38802109, 40.40013556 ], [ 141.388307200000014, 40.40023056 ], [ 141.388534420000013, 40.40034364 ], [ 141.388598300000012, 40.40041003 ], [ 141.388769140000022, 40.40063531 ], [ 141.38895248, 40.40084947 ], [ 141.38906997, 40.40098641 ], [ 141.38928248000002, 40.40127197 ], [ 141.389465810000019, 40.40152753 ], [ 141.389618300000024, 40.40173975 ], [ 141.38989552000001, 40.40203864 ], [ 141.38997828, 40.4022178 ], [ 141.390118270000016, 40.40242031 ], [ 141.39009411, 40.4025028 ], [ 141.39006745, 40.4025928 ], [ 141.38996438, 40.40268808 ], [ 141.389576060000024, 40.40294975 ], [ 141.38926745, 40.40315253 ], [ 141.389211890000013, 40.40320031 ], [ 141.38903328, 40.40335447 ], [ 141.38889384, 40.40342587 ], [ 141.38872244, 40.40359447 ], [ 141.38862606, 40.4037678 ], [ 141.388556890000018, 40.40384059 ], [ 141.38847217, 40.40389641 ], [ 141.38845022000001, 40.40391113 ], [ 141.388329100000021, 40.40399086 ], [ 141.388035770000016, 40.40435392 ], [ 141.38787438, 40.40460392 ], [ 141.387603, 40.40493113 ], [ 141.38741966, 40.40525253 ], [ 141.387331610000018, 40.40545475 ], [ 141.387294940000032, 40.40568059 ], [ 141.387397720000024, 40.40596644 ], [ 141.387471050000016, 40.40615672 ], [ 141.38758103, 40.40635311 ], [ 141.38772769, 40.40651395 ], [ 141.387866860000031, 40.4066745 ], [ 141.38805326, 40.40685756 ], [ 141.388226030000027, 40.40700784 ], [ 141.388768810000016, 40.40743033 ], [ 141.38925297, 40.40781117 ], [ 141.389385190000013, 40.40792617 ], [ 141.389474090000022, 40.40794339 ], [ 141.38978825, 40.4079362 ], [ 141.390177130000012, 40.40788841 ], [ 141.390404360000019, 40.40782897 ], [ 141.391109050000011, 40.40780897 ], [ 141.391240440000018, 40.40782286 ], [ 141.39166667, 40.40791289 ], [ 141.39167294, 40.40791422 ], [ 141.39191628, 40.40796564 ], [ 141.39218545, 40.40802731 ], [ 141.392362670000011, 40.4080848 ], [ 141.393125160000011, 40.40827536 ], [ 141.39345047, 40.40832677 ], [ 141.39349205000002, 40.40833333 ], [ 141.39372655, 40.40837039 ], [ 141.393887950000021, 40.40838233 ], [ 141.393971830000027, 40.40843595 ], [ 141.39419601, 40.40863233 ], [ 141.394416010000015, 40.40884067 ], [ 141.39458597, 40.40904039 ], [ 141.39475153, 40.40920289 ], [ 141.39500292, 40.40938178 ], [ 141.395208200000013, 40.40957817 ], [ 141.39585348, 40.41014344 ], [ 141.396205690000016, 40.41036959 ], [ 141.39657209, 40.41070875 ], [ 141.396894840000016, 40.41102431 ], [ 141.39701205, 40.41119097 ], [ 141.397166230000011, 40.4113218 ], [ 141.397430120000024, 40.4115182 ], [ 141.397907060000023, 40.41192264 ], [ 141.39806844, 40.41202959 ], [ 141.398125110000024, 40.41211597 ], [ 141.39820733, 40.41224153 ], [ 141.398361780000016, 40.41254736 ], [ 141.39842761, 40.41265459 ], [ 141.39855927, 40.41283489 ], [ 141.39875953, 40.41295961 ], [ 141.39897314000001, 40.41309239 ], [ 141.399557300000026, 40.41335656 ], [ 141.399850640000011, 40.41351739 ], [ 141.4, 40.41356677 ], [ 141.4000062, 40.41356884 ], [ 141.40021008, 40.41363628 ], [ 141.400518150000011, 40.41380295 ], [ 141.4006573, 40.41397517 ], [ 141.40081287000001, 40.41424267 ], [ 141.4009137, 40.41441572 ], [ 141.40099453000002, 40.41462378 ], [ 141.401228660000015, 40.41493933 ], [ 141.401214770000024, 40.41503464 ], [ 141.401082550000012, 40.41517739 ], [ 141.40073783, 40.41562961 ], [ 141.40000616, 40.41647108 ], [ 141.4, 40.4164782 ], [ 141.399930900000015, 40.41655767 ], [ 141.399816980000026, 40.41666017 ], [ 141.399809780000027, 40.41666667 ], [ 141.39974533, 40.41672461 ], [ 141.399545330000024, 40.416971 ], [ 141.399402830000014, 40.41716461 ], [ 141.399131720000014, 40.41757351 ], [ 141.398948390000015, 40.41797211 ], [ 141.398752, 40.41839267 ], [ 141.39862783, 40.41866714 ], [ 141.39848978, 40.41897492 ], [ 141.398411170000031, 40.41923186 ], [ 141.39836141, 40.41939547 ], [ 141.398210580000011, 40.42013992 ], [ 141.398017520000025, 40.42056325 ], [ 141.397799920000011, 40.4208915 ], [ 141.397427250000021, 40.42142759 ], [ 141.397369470000029, 40.42151214 ], [ 141.397093920000032, 40.42187741 ], [ 141.395947520000021, 40.42339708 ], [ 141.39640939, 40.42336695 ], [ 141.39666205, 40.42330933 ], [ 141.39692358, 40.42324489 ], [ 141.397216140000012, 40.42312622 ], [ 141.39751759, 40.422994 ], [ 141.397885500000029, 40.42284141 ], [ 141.39830661000002, 40.42275328 ], [ 141.39902914000001, 40.42262444 ], [ 141.3993217, 40.42260411 ], [ 141.399467980000026, 40.42262444 ], [ 141.39976497, 40.42266853 ], [ 141.4, 40.42267622 ], [ 141.400006110000021, 40.42267641 ], [ 141.40028361, 40.42268547 ], [ 141.40078453000001, 40.42265839 ], [ 141.401480470000024, 40.42274313 ], [ 141.402052310000016, 40.422933 ], [ 141.40313387, 40.42335341 ], [ 141.403860830000013, 40.42362805 ], [ 141.404216640000016, 40.42378689 ], [ 141.40480503, 40.4240078 ], [ 141.405242750000014, 40.42419192 ], [ 141.405580750000013, 40.42433331 ], [ 141.405917640000013, 40.42452995 ], [ 141.406897250000014, 40.42484186 ], [ 141.407367130000011, 40.42497408 ], [ 141.407411750000023, 40.42499359 ], [ 141.40742642, 40.425 ], [ 141.407553310000026, 40.42505547 ], [ 141.40774392000003, 40.42515377 ], [ 141.407952240000014, 40.42523856 ], [ 141.40814287, 40.4252962 ], [ 141.40833333, 40.42532997 ], [ 141.40833939, 40.42533103 ], [ 141.40850635000001, 40.42536061 ], [ 141.40870584000001, 40.42539456 ], [ 141.409324380000015, 40.42544195 ], [ 141.40972536000001, 40.42543184 ], [ 141.410465640000012, 40.42545897 ], [ 141.410962110000014, 40.42554372 ], [ 141.41128569, 40.42562172 ], [ 141.41165361, 40.42567597 ], [ 141.41175997000002, 40.42569292 ], [ 141.411888520000019, 40.42566239 ], [ 141.411981630000014, 40.42556747 ], [ 141.412172240000018, 40.425381 ], [ 141.412416060000027, 40.42530639 ], [ 141.412739610000017, 40.42532336 ], [ 141.413324750000015, 40.42545897 ], [ 141.413905450000016, 40.42557086 ], [ 141.414583640000018, 40.42555395 ], [ 141.41515992, 40.4253878 ], [ 141.415390410000015, 40.425459 ], [ 141.41559433, 40.42543528 ], [ 141.416037610000018, 40.42532339 ], [ 141.416232630000025, 40.42563192 ], [ 141.41645872, 40.42565903 ], [ 141.416666670000012, 40.42572464 ], [ 141.416672700000021, 40.42572653 ], [ 141.416866030000023, 40.42578753 ], [ 141.417618520000019, 40.4260928 ], [ 141.41773630000003, 40.42614059 ], [ 141.41842294, 40.42651725 ], [ 141.41900322, 40.42687808 ], [ 141.4193535, 40.42717451 ], [ 141.419564330000014, 40.42727033 ], [ 141.41978211, 40.42729978 ], [ 141.420056, 40.42724839 ], [ 141.420463500000011, 40.42708978 ], [ 141.420801830000016, 40.42706644 ], [ 141.421130730000016, 40.42710561 ], [ 141.421811830000024, 40.42727117 ], [ 141.422711, 40.42739089 ], [ 141.42292878, 40.42738533 ], [ 141.423751800000019, 40.42730172 ], [ 141.424293190000014, 40.42734089 ], [ 141.425, 40.42753347 ], [ 141.42500597, 40.42753508 ], [ 141.425589030000026, 40.42769395 ], [ 141.426791530000031, 40.42801786 ], [ 141.427407080000023, 40.42811759 ], [ 141.427954030000024, 40.42812508 ], [ 141.428856520000011, 40.42813759 ], [ 141.42973791, 40.42810203 ], [ 141.43030348, 40.42808675 ], [ 141.4305018, 40.42811759 ], [ 141.430942610000017, 40.42824064 ], [ 141.431103990000025, 40.42826897 ], [ 141.431671780000016, 40.42825897 ], [ 141.43204538, 40.4282748 ], [ 141.43252289000003, 40.42837175 ], [ 141.43308484, 40.4286112 ], [ 141.433333330000011, 40.4287155 ], [ 141.43333927, 40.428718 ], [ 141.434002610000022, 40.42899647 ], [ 141.434321510000018, 40.42913759 ], [ 141.43466983, 40.42923953 ], [ 141.435723990000014, 40.42927897 ], [ 141.436691190000033, 40.42930231 ], [ 141.437841750000018, 40.42942011 ], [ 141.438723970000012, 40.42943511 ], [ 141.438770080000012, 40.42943595 ], [ 141.439430360000017, 40.42939844 ], [ 141.43972786, 40.42940095 ], [ 141.440124250000025, 40.42940484 ], [ 141.44053202, 40.42964872 ], [ 141.440999800000014, 40.43016705 ], [ 141.441666670000018, 40.43092953 ], [ 141.441672580000017, 40.43093628 ], [ 141.443063670000015, 40.43252677 ], [ 141.4431845, 40.43285233 ], [ 141.443360950000027, 40.43332705 ], [ 141.44336228, 40.43333067 ], [ 141.44336375, 40.43333333 ], [ 141.44364866, 40.43384484 ], [ 141.443811410000023, 40.43409011 ], [ 141.44384808, 40.43414511 ], [ 141.44403947, 40.43464178 ], [ 141.444069750000011, 40.43472067 ], [ 141.444090580000022, 40.43480595 ], [ 141.444028910000014, 40.43499289 ], [ 141.444029200000017, 40.43543844 ], [ 141.44401031000001, 40.43584261 ], [ 141.44398947000002, 40.43629067 ], [ 141.443861140000024, 40.43654595 ], [ 141.443793090000014, 40.43688928 ], [ 141.44373808, 40.43723928 ], [ 141.443753890000011, 40.43738567 ], [ 141.443935010000018, 40.43836205 ], [ 141.44396389000002, 40.43884095 ], [ 141.444048340000023, 40.43897761 ], [ 141.44428195, 40.43922011 ], [ 141.44472973, 40.43973539 ], [ 141.44491222, 40.43988928 ], [ 141.445006940000013, 40.43997151 ], [ 141.44528416, 40.44021261 ], [ 141.44569192, 40.44060984 ], [ 141.44598248, 40.44102123 ], [ 141.446312190000015, 40.441384 ], [ 141.446719300000012, 40.44166039 ], [ 141.446728560000025, 40.44166667 ], [ 141.44674387, 40.44167705 ], [ 141.447305250000028, 40.44194928 ], [ 141.44750525, 40.44204623 ], [ 141.447889140000029, 40.44227205 ], [ 141.448172480000011, 40.44239011 ], [ 141.44837942, 40.44252095 ], [ 141.448523860000023, 40.44261178 ], [ 141.448863550000027, 40.44282595 ], [ 141.45, 40.44358028 ], [ 141.450005770000018, 40.44358411 ], [ 141.45091134, 40.44418539 ], [ 141.450914110000014, 40.44418761 ], [ 141.45185883, 40.44496178 ], [ 141.452018, 40.44512151 ], [ 141.45212575, 40.44529233 ], [ 141.45259852, 40.44638205 ], [ 141.452936030000018, 40.44721623 ], [ 141.45325686000001, 40.447959 ], [ 141.45343241, 40.44824984 ], [ 141.45349575, 40.44834651 ], [ 141.453502670000034, 40.44846622 ], [ 141.453485160000014, 40.44851567 ], [ 141.453432390000017, 40.44866567 ], [ 141.45328156, 40.44882039 ], [ 141.453232940000021, 40.44884984 ], [ 141.453207660000032, 40.44886511 ], [ 141.45262711, 40.44892817 ], [ 141.45174294, 40.44902428 ], [ 141.45131156, 40.44898595 ], [ 141.45105852, 40.44900761 ], [ 141.450882940000014, 40.44908178 ], [ 141.450798490000011, 40.44914456 ], [ 141.450707390000019, 40.44928677 ], [ 141.45061601, 40.4493665 ], [ 141.45000572, 40.44954178 ], [ 141.45, 40.44954344 ], [ 141.449682670000016, 40.44963456 ], [ 141.449397660000017, 40.44971623 ], [ 141.44881655, 40.44992984 ], [ 141.448427950000024, 40.44995539 ], [ 141.448179610000011, 40.44997261 ], [ 141.44813572000001, 40.44999372 ], [ 141.448122720000015, 40.45 ], [ 141.447967660000018, 40.45007456 ], [ 141.447214620000011, 40.4506032 ], [ 141.447057390000026, 40.4506218 ], [ 141.44693988, 40.45061569 ], [ 141.44677489, 40.45046931 ], [ 141.44666516, 40.45049487 ], [ 141.44646878, 40.4505582 ], [ 141.44627017000002, 40.45070875 ], [ 141.446115720000023, 40.45082569 ], [ 141.445982110000017, 40.45104847 ], [ 141.445589610000013, 40.45157708 ], [ 141.445205160000029, 40.45180625 ], [ 141.444318220000014, 40.45215625 ], [ 141.443765160000027, 40.4522918 ], [ 141.44356489, 40.45234097 ], [ 141.443136010000018, 40.45232375 ], [ 141.442976, 40.45233459 ], [ 141.44271462, 40.4525118 ], [ 141.442591560000011, 40.45255736 ], [ 141.44183795, 40.45264653 ], [ 141.44167239, 40.45268661 ], [ 141.441666670000018, 40.452688 ], [ 141.441390440000021, 40.45275487 ], [ 141.441007660000025, 40.45300208 ], [ 141.44077601, 40.45313875 ], [ 141.440698780000019, 40.45321875 ], [ 141.440670440000019, 40.45330403 ], [ 141.4405585, 40.45347431 ], [ 141.439798220000029, 40.45399653 ], [ 141.43921655, 40.45427625 ], [ 141.438871280000029, 40.45440375 ], [ 141.43863572, 40.45449292 ], [ 141.438376840000018, 40.45469653 ], [ 141.437944890000011, 40.45483653 ], [ 141.43756044, 40.45489403 ], [ 141.437387660000013, 40.45498959 ], [ 141.43681462, 40.45563875 ], [ 141.43591988, 40.45682292 ], [ 141.435681830000021, 40.45705903 ], [ 141.43534403000001, 40.45739431 ], [ 141.43523847, 40.45749959 ], [ 141.434970420000013, 40.45763153 ], [ 141.434188200000023, 40.45788541 ], [ 141.433745690000023, 40.45810764 ], [ 141.43354876, 40.45816487 ], [ 141.433339030000013, 40.45811659 ], [ 141.433333330000011, 40.45811525 ], [ 141.433306250000015, 40.45810903 ], [ 141.43315711, 40.45802625 ], [ 141.43305017000003, 40.45803375 ], [ 141.432898220000027, 40.45808347 ], [ 141.432621, 40.45811041 ], [ 141.43217601, 40.45815347 ], [ 141.432081830000016, 40.45818541 ], [ 141.431892870000013, 40.45832708 ], [ 141.4318845, 40.45833333 ], [ 141.431869880000022, 40.45834431 ], [ 141.43170156, 40.45846069 ], [ 141.431563770000025, 40.45851625 ], [ 141.43125795, 40.45848431 ], [ 141.430692670000013, 40.45847792 ], [ 141.430493500000011, 40.45850653 ], [ 141.430394620000015, 40.45848431 ], [ 141.43013747, 40.45833333 ], [ 141.430126810000019, 40.45832708 ], [ 141.430080440000012, 40.45829987 ], [ 141.429664620000011, 40.45824233 ], [ 141.429523220000021, 40.45825511 ], [ 141.429381830000011, 40.45829344 ], [ 141.429303530000027, 40.45832705 ], [ 141.429288910000025, 40.45833333 ], [ 141.4292485, 40.45835067 ], [ 141.429146550000013, 40.45844623 ], [ 141.42882462, 40.45870733 ], [ 141.42844795000002, 40.45888539 ], [ 141.42842156, 40.45889205 ], [ 141.427937660000026, 40.45901289 ], [ 141.427670730000017, 40.4592165 ], [ 141.427513770000019, 40.45942677 ], [ 141.4273535, 40.45956484 ], [ 141.42731156, 40.45965011 ], [ 141.42734905, 40.45976428 ], [ 141.4276207, 40.46007347 ], [ 141.4276207, 40.46011903 ], [ 141.42756097, 40.46015875 ], [ 141.42738236, 40.46014875 ], [ 141.42721542000001, 40.46013959 ], [ 141.427052090000018, 40.4601532 ], [ 141.42683431, 40.46021013 ], [ 141.42677097, 40.46028431 ], [ 141.42668319, 40.46044403 ], [ 141.426595420000012, 40.46060347 ], [ 141.426490140000027, 40.46070597 ], [ 141.42631319, 40.46084013 ], [ 141.426077640000017, 40.46116487 ], [ 141.425984310000018, 40.46141847 ], [ 141.42593514, 40.4614868 ], [ 141.425808750000016, 40.46149236 ], [ 141.425724310000021, 40.4615382 ], [ 141.425724310000021, 40.46170597 ], [ 141.42577348, 40.46187431 ], [ 141.425780700000018, 40.46199403 ], [ 141.425696250000016, 40.46209097 ], [ 141.42557542, 40.46223431 ], [ 141.42549681, 40.46248903 ], [ 141.42538681000002, 40.46259736 ], [ 141.425167080000023, 40.46270541 ], [ 141.425065140000015, 40.4627882 ], [ 141.42500569, 40.46281777 ], [ 141.425, 40.46282061 ], [ 141.42486097, 40.46289014 ], [ 141.42444597, 40.46294541 ], [ 141.42434764, 40.4630082 ], [ 141.424311530000011, 40.46317041 ], [ 141.42429597, 40.46332959 ], [ 141.42423514, 40.46342431 ], [ 141.42410737, 40.46345041 ], [ 141.423801240000017, 40.46332959 ], [ 141.42358153, 40.46328486 ], [ 141.423424580000017, 40.46333597 ], [ 141.42328319, 40.46341875 ], [ 141.42317348, 40.46356514 ], [ 141.42313292, 40.46371069 ], [ 141.42304486, 40.46394736 ], [ 141.4229918, 40.46414236 ], [ 141.423012920000019, 40.4642618 ], [ 141.4231393, 40.46432431 ], [ 141.42331458000001, 40.46429708 ], [ 141.423832630000021, 40.46402347 ], [ 141.42393486, 40.46401097 ], [ 141.4239818, 40.46403625 ], [ 141.42413876, 40.46431653 ], [ 141.42436847, 40.46443847 ], [ 141.424607330000015, 40.46446125 ], [ 141.424978720000013, 40.46443736 ], [ 141.425, 40.46444289 ], [ 141.425005670000019, 40.46444439 ], [ 141.42517455, 40.46448847 ], [ 141.425315940000019, 40.46461541 ], [ 141.42532372, 40.4646982 ], [ 141.42529234, 40.46483208 ], [ 141.42515122, 40.46497208 ], [ 141.425005670000019, 40.46504956 ], [ 141.425, 40.46505256 ], [ 141.424965380000032, 40.46507097 ], [ 141.424733450000019, 40.46520208 ], [ 141.424554840000013, 40.46533487 ], [ 141.42453484, 40.46537347 ], [ 141.42438956, 40.46565236 ], [ 141.42433345, 40.46582347 ], [ 141.42442122, 40.46601625 ], [ 141.424570390000014, 40.46615013 ], [ 141.424876500000011, 40.46624541 ], [ 141.424978440000018, 40.46637931 ], [ 141.425, 40.46649369 ], [ 141.425005670000019, 40.46652375 ], [ 141.425031410000031, 40.46666041 ], [ 141.42503258, 40.46666667 ], [ 141.42506484, 40.46683764 ], [ 141.42506372, 40.46711097 ], [ 141.42511289, 40.46717959 ], [ 141.425276780000019, 40.4672768 ], [ 141.42541484, 40.4673732 ], [ 141.425443160000015, 40.46743597 ], [ 141.425400950000011, 40.46748708 ], [ 141.425309560000017, 40.46752708 ], [ 141.425166780000012, 40.46754431 ], [ 141.42504258, 40.46773236 ], [ 141.42500564, 40.4677768 ], [ 141.425, 40.46778361 ], [ 141.424892020000016, 40.46791347 ], [ 141.424577130000017, 40.46812922 ], [ 141.42443674, 40.46822541 ], [ 141.42413647, 40.46841041 ], [ 141.42367536, 40.46864569 ], [ 141.423581480000024, 40.46873541 ], [ 141.42356564, 40.46881125 ], [ 141.423609810000016, 40.46888347 ], [ 141.423706740000029, 40.46898959 ], [ 141.42374591, 40.46920625 ], [ 141.423604810000029, 40.46946041 ], [ 141.423604810000029, 40.46970264 ], [ 141.423677590000011, 40.47000097 ], [ 141.4236237, 40.47009153 ], [ 141.423462310000019, 40.47016569 ], [ 141.42327508, 40.47023097 ], [ 141.422835640000017, 40.47051125 ], [ 141.422520920000011, 40.47064431 ], [ 141.422261190000029, 40.47080375 ], [ 141.422212020000018, 40.47091792 ], [ 141.422223699999989, 40.47110347 ], [ 141.42228925, 40.47144208 ], [ 141.422247030000023, 40.47159597 ], [ 141.422105640000012, 40.47180986 ], [ 141.42205008000002, 40.47199459 ], [ 141.42208202, 40.47216014 ], [ 141.422391730000015, 40.47235041 ], [ 141.422588110000021, 40.47247097 ], [ 141.42263144, 40.47249764 ], [ 141.421843670000015, 40.47333541 ], [ 141.421112550000032, 40.47417875 ], [ 141.420406250000013, 40.47499375 ], [ 141.42040083, 40.475 ], [ 141.420329220000013, 40.47508264 ], [ 141.41993506, 40.4755082 ], [ 141.419755330000015, 40.47570236 ], [ 141.41958034000001, 40.47589125 ], [ 141.419018390000019, 40.47634236 ], [ 141.41896728, 40.47636959 ], [ 141.41861423, 40.47655847 ], [ 141.41860005, 40.47656597 ], [ 141.41837949, 40.47658375 ], [ 141.41814839, 40.47653459 ], [ 141.41789506, 40.47633792 ], [ 141.41746533, 40.47575292 ], [ 141.41706228000001, 40.475 ], [ 141.417058950000012, 40.47499375 ], [ 141.41667228, 40.47427144 ], [ 141.416666670000012, 40.47426095 ], [ 141.416606450000018, 40.47414847 ], [ 141.41579314, 40.47290486 ], [ 141.41569202, 40.47275013 ], [ 141.415235360000025, 40.47178931 ], [ 141.415167030000021, 40.47165764 ], [ 141.415091750000016, 40.47151264 ], [ 141.41497092, 40.47127987 ], [ 141.41461261, 40.47097986 ], [ 141.414436780000017, 40.47083292 ], [ 141.41405122, 40.47064069 ], [ 141.413505940000022, 40.47045764 ], [ 141.41304817, 40.47030069 ], [ 141.41289927, 40.47026903 ], [ 141.412373450000018, 40.47016705 ], [ 141.411985940000022, 40.470109 ], [ 141.411955940000013, 40.47010928 ], [ 141.411402330000016, 40.47011344 ], [ 141.41122428, 40.47013289 ], [ 141.41096844, 40.47016067 ], [ 141.410419, 40.47031344 ], [ 141.410410120000023, 40.47031678 ], [ 141.410081500000018, 40.47044095 ], [ 141.40956345, 40.4708165 ], [ 141.408896230000011, 40.47152122 ], [ 141.40850372, 40.47184567 ], [ 141.408339, 40.47198139 ], [ 141.40833333, 40.47198605 ], [ 141.40830012, 40.47201344 ], [ 141.408042610000024, 40.47234317 ], [ 141.408043170000013, 40.47235595 ], [ 141.40805372, 40.47254872 ], [ 141.408205940000016, 40.47308956 ], [ 141.40833333, 40.47334461 ], [ 141.408339, 40.47335595 ], [ 141.40840953, 40.47349708 ], [ 141.408447860000024, 40.47353792 ], [ 141.408629530000013, 40.47373264 ], [ 141.4087437, 40.47391847 ], [ 141.40883008, 40.47405931 ], [ 141.4089237, 40.47437653 ], [ 141.40891258, 40.47463097 ], [ 141.40878594000003, 40.47499375 ], [ 141.40878375, 40.475 ], [ 141.40877064, 40.47503764 ], [ 141.408480360000027, 40.47520959 ], [ 141.408338970000017, 40.47522797 ], [ 141.40833333, 40.47522869 ], [ 141.40823703, 40.47524125 ], [ 141.40789953, 40.4751968 ], [ 141.40731231, 40.47508875 ], [ 141.40724036, 40.47507569 ], [ 141.40707178, 40.475 ], [ 141.407057830000014, 40.47499375 ], [ 141.40629064, 40.47464931 ], [ 141.40558428, 40.47426705 ], [ 141.40520733, 40.47403789 ], [ 141.40500372, 40.47397178 ], [ 141.40489872, 40.47397178 ], [ 141.404270950000011, 40.47461789 ], [ 141.40421733, 40.47467289 ], [ 141.404140120000022, 40.47467289 ], [ 141.40404872000002, 40.47464428 ], [ 141.402418830000016, 40.47387769 ], [ 141.401243990000012, 40.47332511 ], [ 141.401140950000013, 40.47332817 ], [ 141.40106372, 40.47340761 ], [ 141.400952890000013, 40.47356484 ], [ 141.40070567, 40.47391484 ], [ 141.400506230000019, 40.47433067 ], [ 141.400424550000025, 40.47450178 ], [ 141.400403450000027, 40.47468984 ], [ 141.400444420000014, 40.47499372 ], [ 141.400445250000018, 40.475 ], [ 141.40045261, 40.47505456 ], [ 141.400410390000019, 40.47520289 ], [ 141.40027706, 40.47530539 ], [ 141.400005670000013, 40.4754122 ], [ 141.4, 40.47541441 ], [ 141.399760390000012, 40.47550872 ], [ 141.399360950000016, 40.47561233 ], [ 141.39911817, 40.47567567 ], [ 141.399053990000027, 40.47572511 ], [ 141.398802890000013, 40.47660372 ], [ 141.398433970000013, 40.47711317 ], [ 141.398159530000015, 40.47741233 ], [ 141.39788092, 40.477619 ], [ 141.397704250000032, 40.47774956 ], [ 141.397029250000031, 40.478119 ], [ 141.396212870000028, 40.47845011 ], [ 141.395530080000015, 40.47873011 ], [ 141.394297860000023, 40.47916956 ], [ 141.39413314, 40.47929678 ], [ 141.393779810000012, 40.47978678 ], [ 141.3934973, 40.4799715 ], [ 141.393215360000028, 40.48012067 ], [ 141.393136200000015, 40.48016261 ], [ 141.39309703, 40.48030261 ], [ 141.393167590000019, 40.48054456 ], [ 141.393198970000014, 40.48088205 ], [ 141.39323815, 40.48109872 ], [ 141.393607300000014, 40.48151233 ], [ 141.393702870000027, 40.48172208 ], [ 141.393709250000029, 40.48183097 ], [ 141.39368898, 40.48188569 ], [ 141.39362564000001, 40.48205792 ], [ 141.393618660000016, 40.48222903 ], [ 141.39374061, 40.48265847 ], [ 141.393866160000016, 40.48308514 ], [ 141.39390567, 40.48332708 ], [ 141.393906690000023, 40.48333333 ], [ 141.393934770000016, 40.48350541 ], [ 141.393905330000024, 40.48363264 ], [ 141.393662830000011, 40.4839782 ], [ 141.392743670000016, 40.48557431 ], [ 141.392449530000022, 40.48610259 ], [ 141.39167224000002, 40.48749905 ], [ 141.39166667, 40.48750911 ], [ 141.39159558, 40.4876368 ], [ 141.39149031, 40.48779653 ], [ 141.391391970000029, 40.48784764 ], [ 141.390805030000024, 40.4878918 ], [ 141.39047531, 40.48795569 ], [ 141.38964336, 40.4882868 ], [ 141.38852669000002, 40.48875597 ], [ 141.38840086, 40.48880903 ], [ 141.38837197, 40.48882125 ], [ 141.38783031, 40.4889232 ], [ 141.387409470000023, 40.48908986 ], [ 141.3868492, 40.48915875 ], [ 141.38627642000003, 40.48920347 ], [ 141.3860017, 40.48920347 ], [ 141.385648370000013, 40.48929236 ], [ 141.385028370000015, 40.48937514 ], [ 141.384965310000013, 40.48943764 ], [ 141.38493309, 40.48957875 ], [ 141.3849028, 40.49018403 ], [ 141.38472224, 40.49055292 ], [ 141.38457725, 40.49070653 ], [ 141.384569200000016, 40.49077236 ], [ 141.38466614, 40.4908968 ], [ 141.384641970000018, 40.49096236 ], [ 141.384094190000013, 40.49151459 ], [ 141.383918440000031, 40.49166041 ], [ 141.38391092, 40.49166667 ], [ 141.383872240000017, 40.49169875 ], [ 141.383741140000012, 40.49180736 ], [ 141.38333891000002, 40.49207725 ], [ 141.383333330000028, 40.492081 ], [ 141.383058080000012, 40.49226569 ], [ 141.38228917, 40.4927432 ], [ 141.38200667000001, 40.4929532 ], [ 141.38184973, 40.49302959 ], [ 141.38154361, 40.49310597 ], [ 141.381433610000016, 40.49322708 ], [ 141.381362780000018, 40.4933482 ], [ 141.38129222, 40.49346903 ], [ 141.381179440000011, 40.49389377 ], [ 141.38116611, 40.49406684 ], [ 141.381165280000033, 40.49407628 ], [ 141.38119445000001, 40.49430961 ], [ 141.38179445, 40.49529628 ], [ 141.38203, 40.49562739 ], [ 141.382092750000027, 40.496436 ], [ 141.382336080000016, 40.49743544 ], [ 141.38228109, 40.49777933 ], [ 141.3822183, 40.49793211 ], [ 141.382273310000016, 40.49829517 ], [ 141.382069140000027, 40.49865156 ], [ 141.38205331, 40.49891267 ], [ 141.38215553, 40.49922433 ], [ 141.382241890000017, 40.4995938 ], [ 141.3821982, 40.4999938 ], [ 141.38219752, 40.5 ], [ 141.382163280000015, 40.50031325 ], [ 141.38173161, 40.50166297 ], [ 141.38128717, 40.50271797 ], [ 141.381152720000017, 40.50282492 ], [ 141.381068, 40.50295269 ], [ 141.381037420000013, 40.50317075 ], [ 141.381063260000019, 40.50331297 ], [ 141.381076300000018, 40.50344992 ], [ 141.38114798, 40.50361353 ], [ 141.38136881, 40.50388241 ], [ 141.38141436, 40.50401408 ], [ 141.38140798, 40.50408797 ], [ 141.381355750000012, 40.50415659 ], [ 141.381238810000013, 40.50424631 ], [ 141.381173800000028, 40.50425159 ], [ 141.38108936, 40.50424103 ], [ 141.38085547, 40.50414603 ], [ 141.38062131, 40.50406159 ], [ 141.380471850000021, 40.50398269 ], [ 141.380283530000014, 40.50387187 ], [ 141.38001047, 40.50365547 ], [ 141.379828560000021, 40.50351325 ], [ 141.379243550000012, 40.50315492 ], [ 141.378458, 40.50271797 ], [ 141.378280220000022, 40.50262687 ], [ 141.37823995, 40.50260631 ], [ 141.37801355000002, 40.50248159 ], [ 141.377577170000023, 40.50235047 ], [ 141.37731856000002, 40.50225214 ], [ 141.3770355, 40.5020488 ], [ 141.376623280000018, 40.50172075 ], [ 141.376259660000017, 40.50134687 ], [ 141.37561302, 40.50061239 ], [ 141.37541914000002, 40.50038295 ], [ 141.375128030000013, 40.50022572 ], [ 141.37500553000001, 40.50015297 ], [ 141.375, 40.50014969 ], [ 141.37491803, 40.500101 ], [ 141.37483720000003, 40.50010767 ], [ 141.37449747, 40.50038295 ], [ 141.374352190000025, 40.50043544 ], [ 141.37425497000001, 40.50039628 ], [ 141.37417414, 40.50031739 ], [ 141.37385914, 40.50006184 ], [ 141.37380564, 40.5 ], [ 141.373800250000016, 40.49999377 ], [ 141.373646640000032, 40.49981628 ], [ 141.373414700000012, 40.49964851 ], [ 141.373099420000017, 40.49945822 ], [ 141.37272747, 40.49927461 ], [ 141.372024450000026, 40.49883517 ], [ 141.371440830000012, 40.49850405 ], [ 141.37129722, 40.49839961 ], [ 141.37123083000003, 40.49836072 ], [ 141.37116416, 40.49835211 ], [ 141.371100270000028, 40.49837156 ], [ 141.370993890000022, 40.4984235 ], [ 141.37089112000001, 40.49842684 ], [ 141.370752780000032, 40.49838544 ], [ 141.37062917, 40.49831461 ], [ 141.370447500000012, 40.49822017 ], [ 141.37032389, 40.49813184 ], [ 141.370207500000021, 40.497996 ], [ 141.37006917, 40.49787211 ], [ 141.369931120000018, 40.49777795 ], [ 141.369785550000017, 40.4976718 ], [ 141.369581950000025, 40.49759513 ], [ 141.369407500000023, 40.49751847 ], [ 141.369225840000013, 40.49739459 ], [ 141.369109440000017, 40.49728236 ], [ 141.369043890000029, 40.49714069 ], [ 141.36896416, 40.4970168 ], [ 141.368699750000019, 40.49668403 ], [ 141.368680580000017, 40.49657431 ], [ 141.368724190000023, 40.49628541 ], [ 141.368695030000026, 40.49608459 ], [ 141.36864419, 40.49594903 ], [ 141.368571410000015, 40.4958782 ], [ 141.368447810000021, 40.49583097 ], [ 141.368222530000025, 40.49580153 ], [ 141.3673717, 40.49568931 ], [ 141.36678975, 40.49556541 ], [ 141.366672240000014, 40.49553817 ], [ 141.36666667, 40.49553686 ], [ 141.36643392000002, 40.49548292 ], [ 141.366158080000019, 40.49540264 ], [ 141.36583808, 40.49524931 ], [ 141.365550860000013, 40.49502347 ], [ 141.365399490000016, 40.49482403 ], [ 141.36521756, 40.49469987 ], [ 141.365072280000021, 40.4946468 ], [ 141.364933940000014, 40.49462931 ], [ 141.36477034, 40.49467041 ], [ 141.364628660000022, 40.49472653 ], [ 141.364523110000022, 40.49476487 ], [ 141.364164230000029, 40.49477708 ], [ 141.36395228, 40.4947718 ], [ 141.363704230000025, 40.49476569 ], [ 141.36362283, 40.49476347 ], [ 141.363657830000022, 40.4947782 ], [ 141.36393283000001, 40.49489459 ], [ 141.364337, 40.49510514 ], [ 141.364521700000012, 40.49523069 ], [ 141.364651410000022, 40.49535208 ], [ 141.36478614, 40.49554264 ], [ 141.364975860000015, 40.49572875 ], [ 141.365135580000015, 40.49584208 ], [ 141.365531410000017, 40.49604208 ], [ 141.3658892, 40.49628347 ], [ 141.366243640000022, 40.49655487 ], [ 141.3664128, 40.49670041 ], [ 141.366417250000012, 40.49670653 ], [ 141.36647725, 40.49679264 ], [ 141.36651781, 40.49685041 ], [ 141.36666667, 40.49716025 ], [ 141.366672240000014, 40.49717184 ], [ 141.36674725, 40.49732792 ], [ 141.366861970000031, 40.49750208 ], [ 141.366941950000012, 40.49772875 ], [ 141.36694694000002, 40.49781375 ], [ 141.36700667, 40.49793513 ], [ 141.36707167, 40.49806487 ], [ 141.36713167, 40.49825097 ], [ 141.36712667, 40.49840097 ], [ 141.366941950000012, 40.49884239 ], [ 141.36684112, 40.49903572 ], [ 141.3666775, 40.49921878 ], [ 141.36667222, 40.4992258 ], [ 141.36666667, 40.4992332 ], [ 141.366537500000021, 40.49940517 ], [ 141.36637306, 40.49951823 ], [ 141.366227220000013, 40.49957461 ], [ 141.36603112, 40.49960017 ], [ 141.36592389, 40.49962351 ], [ 141.365765280000033, 40.499626 ], [ 141.36538472, 40.49958295 ], [ 141.36522112, 40.49955905 ], [ 141.364940830000023, 40.49956684 ], [ 141.364636390000015, 40.49961933 ], [ 141.364426940000016, 40.49964378 ], [ 141.36428195000002, 40.49967072 ], [ 141.3640575, 40.49971267 ], [ 141.363857780000018, 40.49975295 ], [ 141.363398610000019, 40.49986656 ], [ 141.363258880000018, 40.49991489 ], [ 141.36320852, 40.49999377 ], [ 141.36320455, 40.5 ], [ 141.363049440000026, 40.50024295 ], [ 141.36292973, 40.50047795 ], [ 141.36284472, 40.50059933 ], [ 141.362752780000022, 40.50070933 ], [ 141.362370560000016, 40.50097961 ], [ 141.36220861000001, 40.50112517 ], [ 141.36201639, 40.50134017 ], [ 141.36187639000002, 40.50151405 ], [ 141.36173667, 40.50171656 ], [ 141.36152722, 40.50210128 ], [ 141.361336390000019, 40.50232739 ], [ 141.360953330000029, 40.50271767 ], [ 141.36092639, 40.50273933 ], [ 141.360902220000014, 40.50275044 ], [ 141.36085416, 40.50276461 ], [ 141.360511390000028, 40.50282739 ], [ 141.36007611, 40.50288628 ], [ 141.35970778, 40.50299044 ], [ 141.359350560000024, 40.50319851 ], [ 141.35915528000001, 40.50339795 ], [ 141.359004700000014, 40.50358351 ], [ 141.35880358, 40.50369211 ], [ 141.35833886, 40.50398036 ], [ 141.358333330000022, 40.5039838 ], [ 141.35830691000001, 40.50400017 ], [ 141.35817859, 40.504231 ], [ 141.35799997, 40.50452044 ], [ 141.357832480000013, 40.50469267 ], [ 141.357469970000011, 40.50505933 ], [ 141.35732497, 40.50519517 ], [ 141.357101630000017, 40.50556656 ], [ 141.356744690000028, 40.50589239 ], [ 141.35656608, 40.50591517 ], [ 141.356404140000024, 40.505811 ], [ 141.35618636, 40.50572961 ], [ 141.35565667, 40.5056255 ], [ 141.35531581, 40.50558905 ], [ 141.355148300000025, 40.50545322 ], [ 141.35486942, 40.50540795 ], [ 141.35480136000001, 40.50543489 ], [ 141.35462942, 40.50550322 ], [ 141.35448442, 40.50580628 ], [ 141.354498300000017, 40.50584461 ], [ 141.35456248, 40.50601905 ], [ 141.35472442, 40.50620017 ], [ 141.35488053, 40.50633156 ], [ 141.355141920000023, 40.50655656 ], [ 141.35551691, 40.50687936 ], [ 141.355868300000026, 40.50722797 ], [ 141.356415250000026, 40.50771241 ], [ 141.35674158, 40.50800961 ], [ 141.356872720000013, 40.50812908 ], [ 141.357093500000019, 40.50832714 ], [ 141.357100410000015, 40.50833333 ], [ 141.357453, 40.50864964 ], [ 141.357664140000026, 40.50890136 ], [ 141.357737720000017, 40.50898908 ], [ 141.357888270000018, 40.50932436 ], [ 141.35791633, 40.50957325 ], [ 141.358028, 40.50977714 ], [ 141.358128280000017, 40.50990825 ], [ 141.358333330000022, 40.51025795 ], [ 141.35833883, 40.51026731 ], [ 141.358407170000021, 40.5103838 ], [ 141.358367980000025, 40.51086353 ], [ 141.35833881, 40.51089278 ], [ 141.358333330000022, 40.51089828 ], [ 141.35817825, 40.5110538 ], [ 141.35802798, 40.51118495 ], [ 141.357782410000027, 40.51149744 ], [ 141.357603800000021, 40.51167856 ], [ 141.3571627, 40.51214495 ], [ 141.356967420000018, 40.51236689 ], [ 141.35688380000002, 40.51244356 ], [ 141.35681686, 40.51256133 ], [ 141.3566102, 40.51267911 ], [ 141.356420470000018, 40.51301411 ], [ 141.356281020000011, 40.51327217 ], [ 141.356258810000014, 40.51344884 ], [ 141.356202970000027, 40.51375217 ], [ 141.356197420000029, 40.51401495 ], [ 141.356179640000022, 40.514088 ], [ 141.356130470000011, 40.51429078 ], [ 141.35604659, 40.5145805 ], [ 141.355829050000011, 40.51501967 ], [ 141.35564489, 40.515278 ], [ 141.35557795, 40.51541384 ], [ 141.35550516, 40.51554967 ], [ 141.355481340000011, 40.51558475 ], [ 141.355142390000026, 40.51608384 ], [ 141.35503655, 40.51618328 ], [ 141.35489684, 40.51635522 ], [ 141.354786780000012, 40.5166605 ], [ 141.35478455, 40.51666667 ], [ 141.35476294, 40.51672664 ], [ 141.35476294, 40.51706608 ], [ 141.35498628000002, 40.51712053 ], [ 141.355309880000021, 40.51718387 ], [ 141.35599073000003, 40.51728359 ], [ 141.35696711, 40.51746025 ], [ 141.35764795, 40.51758692 ], [ 141.35810014, 40.5176458 ], [ 141.358333330000022, 40.51769225 ], [ 141.35833876, 40.51769333 ], [ 141.35930542, 40.5178858 ], [ 141.360287640000024, 40.51816192 ], [ 141.360589030000028, 40.51823441 ], [ 141.36072847, 40.51832053 ], [ 141.36151375, 40.51867275 ], [ 141.361525140000026, 40.51867775 ], [ 141.361526250000026, 40.51867831 ], [ 141.3621793, 40.51913108 ], [ 141.362753990000016, 40.51948387 ], [ 141.36299956000002, 40.51961525 ], [ 141.363451500000025, 40.51966053 ], [ 141.36402623, 40.51973303 ], [ 141.364667890000021, 40.51981886 ], [ 141.365505110000015, 40.51995944 ], [ 141.366140120000011, 40.52010944 ], [ 141.366334280000018, 40.52015556 ], [ 141.36634761000002, 40.52015861 ], [ 141.36666667, 40.52018433 ], [ 141.36667205, 40.52018477 ], [ 141.36730205, 40.52023556 ], [ 141.36810012, 40.52029444 ], [ 141.368714, 40.52039167 ], [ 141.368875670000023, 40.52043028 ], [ 141.36922428, 40.52062944 ], [ 141.369838140000013, 40.52104833 ], [ 141.37037953, 40.52140389 ], [ 141.37065314, 40.52156222 ], [ 141.370993410000011, 40.52181584 ], [ 141.37143953, 40.52202639 ], [ 141.37181759, 40.52213695 ], [ 141.37223674, 40.52219389 ], [ 141.372726200000017, 40.52226472 ], [ 141.37339591, 40.522345 ], [ 141.374082870000024, 40.52244889 ], [ 141.374304250000023, 40.52249611 ], [ 141.37471783, 40.52263805 ], [ 141.374979780000018, 40.522775 ], [ 141.375, 40.5227878 ], [ 141.375005330000022, 40.5227912 ], [ 141.37521866, 40.52292639 ], [ 141.375329220000026, 40.52302556 ], [ 141.375422550000025, 40.52305861 ], [ 141.37561722, 40.52306631 ], [ 141.37578367, 40.52307278 ], [ 141.375999220000011, 40.52313889 ], [ 141.37617978, 40.52323833 ], [ 141.376337, 40.52335167 ], [ 141.37637783, 40.52339889 ], [ 141.376465060000015, 40.52348389 ], [ 141.37663949, 40.52367753 ], [ 141.37674949, 40.5238278 ], [ 141.37693672, 40.52408392 ], [ 141.37704144, 40.5241928 ], [ 141.377128950000014, 40.52423531 ], [ 141.377245330000022, 40.52423531 ], [ 141.377402550000028, 40.5241928 ], [ 141.377588950000018, 40.52411697 ], [ 141.37779283, 40.5240792 ], [ 141.37828783, 40.52405086 ], [ 141.37845672, 40.52405086 ], [ 141.37885866000002, 40.52404141 ], [ 141.37914394, 40.52406031 ], [ 141.379930050000013, 40.52422113 ], [ 141.38057475, 40.52432197 ], [ 141.380593920000024, 40.52432503 ], [ 141.380803640000011, 40.52432975 ], [ 141.381007520000026, 40.52432975 ], [ 141.3816717, 40.52426864 ], [ 141.383333330000028, 40.52403747 ], [ 141.383336980000024, 40.52403697 ], [ 141.38333864, 40.52403677 ], [ 141.384286420000024, 40.52391892 ], [ 141.38463586, 40.52388114 ], [ 141.38470586, 40.52388808 ], [ 141.38472920000001, 40.52389059 ], [ 141.38474086, 40.52391892 ], [ 141.38472336000001, 40.52400392 ], [ 141.384624190000011, 40.5242592 ], [ 141.38454864000002, 40.52449531 ], [ 141.384513640000023, 40.52459947 ], [ 141.38453698, 40.52480253 ], [ 141.3845428, 40.5248642 ], [ 141.38468837, 40.52491141 ], [ 141.38472920000001, 40.5249678 ], [ 141.384733220000015, 40.52499392 ], [ 141.38473416, 40.525 ], [ 141.384752530000014, 40.52511892 ], [ 141.38478752, 40.52529864 ], [ 141.38483975, 40.52544975 ], [ 141.38502614, 40.52561531 ], [ 141.38515419, 40.5257428 ], [ 141.38527667, 40.52586587 ], [ 141.38535195, 40.52602641 ], [ 141.385392780000018, 40.5261728 ], [ 141.385462780000012, 40.52638087 ], [ 141.385526670000019, 40.5264942 ], [ 141.385590830000012, 40.52656531 ], [ 141.38569, 40.52662197 ], [ 141.385893610000011, 40.52667864 ], [ 141.38608, 40.52676364 ], [ 141.38619083, 40.5268678 ], [ 141.38631306000002, 40.52698587 ], [ 141.386470270000018, 40.52717003 ], [ 141.3866275, 40.52731197 ], [ 141.386813890000013, 40.52742975 ], [ 141.386976940000011, 40.52749586 ], [ 141.387134450000019, 40.52761892 ], [ 141.38728, 40.52775114 ], [ 141.387425550000017, 40.52792144 ], [ 141.387859140000018, 40.52835561 ], [ 141.388100800000018, 40.52859728 ], [ 141.38894553, 40.52939117 ], [ 141.389219140000023, 40.52966061 ], [ 141.389364700000016, 40.52978339 ], [ 141.389836640000027, 40.53020367 ], [ 141.390238300000021, 40.53058172 ], [ 141.390570250000025, 40.53087478 ], [ 141.39088467000002, 40.53113478 ], [ 141.39105939, 40.53128144 ], [ 141.391160220000017, 40.53135561 ], [ 141.39130995, 40.53146561 ], [ 141.39166667, 40.53172295 ], [ 141.39167189, 40.53172672 ], [ 141.391676890000014, 40.53173033 ], [ 141.39202633, 40.53196672 ], [ 141.39227661000001, 40.53216033 ], [ 141.392626060000026, 40.53239672 ], [ 141.392765770000011, 40.53251478 ], [ 141.39295217, 40.53260951 ], [ 141.39330161, 40.53280784 ], [ 141.39347328, 40.53290867 ], [ 141.39357523000001, 40.53296867 ], [ 141.393744110000029, 40.53304867 ], [ 141.393988830000012, 40.53313367 ], [ 141.39415772000001, 40.53318089 ], [ 141.39434409, 40.533247 ], [ 141.39450122, 40.53332728 ], [ 141.39451306, 40.53333333 ], [ 141.394547980000027, 40.5333512 ], [ 141.394827420000013, 40.53350231 ], [ 141.395107130000014, 40.53364897 ], [ 141.39527575, 40.53374341 ], [ 141.395671850000014, 40.53394175 ], [ 141.395962970000028, 40.53408369 ], [ 141.396173800000014, 40.53417314 ], [ 141.396207690000011, 40.53418759 ], [ 141.39639409, 40.53426314 ], [ 141.39663852000001, 40.53437203 ], [ 141.397145470000027, 40.53459869 ], [ 141.39741326, 40.53472647 ], [ 141.397587980000026, 40.5348398 ], [ 141.398222700000019, 40.53519425 ], [ 141.398461280000021, 40.53533147 ], [ 141.398636, 40.53542592 ], [ 141.398816830000015, 40.53550147 ], [ 141.39886156, 40.53552341 ], [ 141.3993235, 40.53575203 ], [ 141.399544890000016, 40.53585592 ], [ 141.39975433, 40.53592203 ], [ 141.4, 40.53602178 ], [ 141.40000516, 40.53602389 ], [ 141.40005739, 40.53604508 ], [ 141.400470440000021, 40.53623397 ], [ 141.40094822, 40.53649841 ], [ 141.40155961, 40.53676787 ], [ 141.40186128000002, 40.53687925 ], [ 141.40220044, 40.53700425 ], [ 141.402386830000012, 40.53708925 ], [ 141.40266044, 40.53718841 ], [ 141.40309708, 40.53731592 ], [ 141.40370292, 40.53746731 ], [ 141.40444263, 40.53764203 ], [ 141.40485014, 40.53772259 ], [ 141.405054030000031, 40.53776508 ], [ 141.405298750000014, 40.53779814 ], [ 141.405770140000016, 40.53784536 ], [ 141.40614263, 40.53787064 ], [ 141.406259580000011, 40.53787841 ], [ 141.406486520000016, 40.53788787 ], [ 141.406783750000017, 40.53786897 ], [ 141.40694097, 40.53784536 ], [ 141.407243750000021, 40.53777453 ], [ 141.407861240000017, 40.53762786 ], [ 141.40833333, 40.53750905 ], [ 141.40833847, 40.53750775 ], [ 141.40855431, 40.53745341 ], [ 141.40875236, 40.53741564 ], [ 141.409107370000015, 40.53729259 ], [ 141.409264580000013, 40.53726897 ], [ 141.409503480000012, 40.53727369 ], [ 141.40974209, 40.53728314 ], [ 141.409917080000014, 40.53730203 ], [ 141.410848750000014, 40.53737314 ], [ 141.411332360000017, 40.53743453 ], [ 141.411501250000015, 40.53746759 ], [ 141.411635140000016, 40.53750064 ], [ 141.411920700000024, 40.53762341 ], [ 141.412281510000014, 40.53778897 ], [ 141.412805670000012, 40.53802064 ], [ 141.412961780000018, 40.53808647 ], [ 141.413242340000011, 40.53820453 ], [ 141.41385983, 40.53850703 ], [ 141.41428511, 40.53868675 ], [ 141.414645940000014, 40.53882841 ], [ 141.41508844, 40.53897008 ], [ 141.41559511, 40.53911675 ], [ 141.416037890000013, 40.53920647 ], [ 141.41631733, 40.53924897 ], [ 141.416497890000016, 40.53927259 ], [ 141.416589, 40.53928064 ], [ 141.416666670000012, 40.53928747 ], [ 141.41667178, 40.53928792 ], [ 141.41676594, 40.5392962 ], [ 141.417360120000012, 40.53936231 ], [ 141.41758678, 40.53937675 ], [ 141.417761500000012, 40.53934341 ], [ 141.41786066, 40.53934341 ], [ 141.418454810000014, 40.53941925 ], [ 141.418518690000013, 40.53944759 ], [ 141.41850703, 40.53950425 ], [ 141.418437300000022, 40.53967425 ], [ 141.41837897000002, 40.53972647 ], [ 141.418338150000011, 40.53980675 ], [ 141.418343970000024, 40.53983508 ], [ 141.41840231, 40.53987286 ], [ 141.418542020000018, 40.53993425 ], [ 141.418775080000017, 40.54005731 ], [ 141.418929250000019, 40.54011786 ], [ 141.41912453, 40.54019425 ], [ 141.41956148, 40.54039289 ], [ 141.41977674, 40.54048261 ], [ 141.420178420000013, 40.54060067 ], [ 141.420551190000026, 40.54068567 ], [ 141.42079591000001, 40.54073789 ], [ 141.42095314, 40.54074733 ], [ 141.421038690000017, 40.54074317 ], [ 141.42134925000002, 40.54072844 ], [ 141.421815080000016, 40.54067623 ], [ 141.422059800000028, 40.54065261 ], [ 141.4221937, 40.54062425 ], [ 141.422433970000014, 40.54047008 ], [ 141.42266564, 40.54032175 ], [ 141.42290614, 40.54023553 ], [ 141.42291591, 40.54023203 ], [ 141.423096470000019, 40.54019425 ], [ 141.423195640000017, 40.54018953 ], [ 141.42328287, 40.54020369 ], [ 141.423317860000026, 40.54023675 ], [ 141.4233237, 40.54028397 ], [ 141.42328287, 40.54031703 ], [ 141.423189800000017, 40.54038814 ], [ 141.42305564, 40.54047786 ], [ 141.422892870000027, 40.54057536 ], [ 141.422700360000022, 40.54069036 ], [ 141.42262481000003, 40.5407048 ], [ 141.42250815, 40.54074733 ], [ 141.422391750000031, 40.54080872 ], [ 141.42228119, 40.54082289 ], [ 141.422112310000017, 40.54082289 ], [ 141.42192591, 40.54083705 ], [ 141.421640360000026, 40.54089372 ], [ 141.421255910000014, 40.54092205 ], [ 141.421145360000025, 40.54095984 ], [ 141.421110360000029, 40.5410165 ], [ 141.4211162, 40.54106872 ], [ 141.421261750000014, 40.54117733 ], [ 141.421366740000025, 40.54125761 ], [ 141.42150647, 40.54132844 ], [ 141.42152397000001, 40.54135205 ], [ 141.421518140000018, 40.54135205 ], [ 141.421497300000027, 40.54136539 ], [ 141.421488970000013, 40.54137095 ], [ 141.42139591, 40.54137095 ], [ 141.421279250000026, 40.54132844 ], [ 141.421151190000018, 40.54123872 ], [ 141.4210462, 40.54115372 ], [ 141.42092980000001, 40.54108761 ], [ 141.420725910000016, 40.54097872 ], [ 141.42065341, 40.54095677 ], [ 141.42044647, 40.54089372 ], [ 141.42019008, 40.54081817 ], [ 141.420068140000012, 40.54080872 ], [ 141.41998064, 40.54081817 ], [ 141.419934250000011, 40.54085595 ], [ 141.41980591, 40.54093151 ], [ 141.41974202, 40.54093151 ], [ 141.41967786, 40.54089372 ], [ 141.419631190000018, 40.54085595 ], [ 141.4191362, 40.54060067 ], [ 141.418780920000017, 40.54043539 ], [ 141.41859258, 40.54037233 ], [ 141.418315080000013, 40.54027928 ], [ 141.41816341, 40.54024622 ], [ 141.41801786000002, 40.54024622 ], [ 141.417907300000024, 40.54031233 ], [ 141.417773410000024, 40.54045428 ], [ 141.41768008, 40.54056289 ], [ 141.417563700000017, 40.5406715 ], [ 141.41731898, 40.54082761 ], [ 141.417027860000019, 40.54099733 ], [ 141.41687647, 40.54105428 ], [ 141.41672508, 40.54115344 ], [ 141.41667175, 40.54118541 ], [ 141.416666670000012, 40.54118844 ], [ 141.41621258, 40.54146067 ], [ 141.4158873, 40.54166067 ], [ 141.415877560000013, 40.54166667 ], [ 141.41582815000001, 40.54169705 ], [ 141.4152573, 40.541919 ], [ 141.41402258, 40.54232539 ], [ 141.413929530000019, 40.54236817 ], [ 141.41391202, 40.5423965 ], [ 141.413908970000023, 40.54250539 ], [ 141.413900360000014, 40.54280733 ], [ 141.413929530000019, 40.54286872 ], [ 141.414020920000013, 40.54291067 ], [ 141.41410425, 40.542949 ], [ 141.414179800000028, 40.54301511 ], [ 141.414261480000022, 40.54308623 ], [ 141.414366199999989, 40.54314289 ], [ 141.41454092, 40.54318539 ], [ 141.41509425000001, 40.54335067 ], [ 141.415342580000015, 40.54341456 ], [ 141.41589756, 40.54355761 ], [ 141.41643367, 40.54369567 ], [ 141.41663756, 40.54378567 ], [ 141.416666670000012, 40.54381011 ], [ 141.416671720000011, 40.54381436 ], [ 141.416800610000024, 40.54392261 ], [ 141.416876450000018, 40.54399344 ], [ 141.416870610000018, 40.5440265 ], [ 141.416835620000029, 40.54404567 ], [ 141.41675394, 40.54404567 ], [ 141.416671720000011, 40.54402172 ], [ 141.416666670000012, 40.54402025 ], [ 141.416590900000017, 40.54399817 ], [ 141.416422, 40.54393677 ], [ 141.41623562, 40.54387067 ], [ 141.415633110000016, 40.543704 ], [ 141.415449780000017, 40.54365317 ], [ 141.41522258, 40.54362011 ], [ 141.414482870000029, 40.54350205 ], [ 141.414284810000026, 40.54346428 ], [ 141.414150920000026, 40.54342177 ], [ 141.41399759, 40.54339844 ], [ 141.41384202, 40.54337456 ], [ 141.41374898, 40.54339817 ], [ 141.413638420000012, 40.54344539 ], [ 141.413341190000011, 40.54365789 ], [ 141.413189800000026, 40.54378567 ], [ 141.412642310000024, 40.54435261 ], [ 141.41233949, 40.54468789 ], [ 141.412123940000015, 40.54485817 ], [ 141.411757280000018, 40.54504736 ], [ 141.41146616, 40.54525513 ], [ 141.4113845, 40.5453118 ], [ 141.411297, 40.54543486 ], [ 141.411064230000022, 40.54582236 ], [ 141.410941720000011, 40.54598764 ], [ 141.410825330000023, 40.54611069 ], [ 141.41054005, 40.5464368 ], [ 141.410497280000016, 40.54652292 ], [ 141.41045839, 40.5466018 ], [ 141.410440890000018, 40.54669153 ], [ 141.410462280000019, 40.54674541 ], [ 141.410510050000028, 40.54686459 ], [ 141.410563380000013, 40.54699875 ], [ 141.41067978, 40.54717847 ], [ 141.410730340000015, 40.54723792 ], [ 141.410796160000018, 40.54731541 ], [ 141.410930050000019, 40.54743847 ], [ 141.41109895, 40.54756125 ], [ 141.41127949, 40.54764625 ], [ 141.411535620000024, 40.54774569 ], [ 141.411663940000011, 40.54783069 ], [ 141.411861720000019, 40.54799125 ], [ 141.41207725000001, 40.54817569 ], [ 141.41224614, 40.54829375 ], [ 141.412496690000012, 40.5485018 ], [ 141.41260725, 40.54859153 ], [ 141.41274725, 40.54878541 ], [ 141.412822800000015, 40.54894125 ], [ 141.412927810000014, 40.54909236 ], [ 141.41313141, 40.54932375 ], [ 141.413253640000022, 40.54940403 ], [ 141.41341669000002, 40.54948931 ], [ 141.41366725, 40.54955541 ], [ 141.413859200000019, 40.54956959 ], [ 141.414051410000013, 40.54954597 ], [ 141.414173920000025, 40.54950347 ], [ 141.414255310000016, 40.54943736 ], [ 141.414290310000013, 40.54936153 ], [ 141.41433698000003, 40.54922013 ], [ 141.414354480000014, 40.54907375 ], [ 141.414354480000014, 40.5486718 ], [ 141.414342800000014, 40.54847347 ], [ 141.414377810000019, 40.54841208 ], [ 141.4144417, 40.54835514 ], [ 141.414593090000011, 40.54826541 ], [ 141.414773640000021, 40.54818041 ], [ 141.415292240000014, 40.54790625 ], [ 141.41549031, 40.54784014 ], [ 141.415630030000017, 40.54775987 ], [ 141.415793090000022, 40.54761792 ], [ 141.41583975, 40.54751875 ], [ 141.41583975, 40.54742431 ], [ 141.41579891, 40.54728264 ], [ 141.415746420000033, 40.54715513 ], [ 141.415763920000018, 40.54705125 ], [ 141.415781410000022, 40.5470132 ], [ 141.41595031, 40.54696597 ], [ 141.41614837, 40.5469518 ], [ 141.41623558, 40.54696125 ], [ 141.41631141000002, 40.5470132 ], [ 141.41633475, 40.54707013 ], [ 141.41631725000002, 40.54715986 ], [ 141.416195030000011, 40.54737236 ], [ 141.41607837, 40.54753292 ], [ 141.415944470000028, 40.54767931 ], [ 141.415857250000016, 40.54783069 ], [ 141.41578725, 40.54794875 ], [ 141.415758080000018, 40.54805736 ], [ 141.415746420000033, 40.54814264 ], [ 141.41576975000001, 40.54823708 ], [ 141.41579891, 40.54834569 ], [ 141.415844470000025, 40.54843208 ], [ 141.415851410000016, 40.54844514 ], [ 141.4159328, 40.5485018 ], [ 141.415996980000017, 40.54849708 ], [ 141.41613086000001, 40.54843097 ], [ 141.41632309000002, 40.54833153 ], [ 141.4165328, 40.54819931 ], [ 141.416666670000012, 40.54812836 ], [ 141.416671700000023, 40.54812569 ], [ 141.41680058, 40.54805736 ], [ 141.416963650000014, 40.54796764 ], [ 141.417248910000012, 40.5477218 ], [ 141.417376980000029, 40.5476132 ], [ 141.417446980000022, 40.54751903 ], [ 141.41749336, 40.54741514 ], [ 141.41754586, 40.54720236 ], [ 141.41755752, 40.54704153 ], [ 141.41758698000001, 40.54671069 ], [ 141.41761614, 40.54665403 ], [ 141.41766253000003, 40.54665875 ], [ 141.417813920000015, 40.54671541 ], [ 141.417947810000015, 40.54679597 ], [ 141.417947810000015, 40.5468432 ], [ 141.41788947, 40.54693764 ], [ 141.41786031, 40.54703208 ], [ 141.41788947, 40.54709847 ], [ 141.41798864, 40.54715041 ], [ 141.418052530000011, 40.54720236 ], [ 141.418052530000011, 40.54726847 ], [ 141.418029470000022, 40.54734875 ], [ 141.417947810000015, 40.54749069 ], [ 141.417837250000019, 40.54764153 ], [ 141.41775558, 40.54771708 ], [ 141.4175692, 40.5477882 ], [ 141.417522530000014, 40.54782597 ], [ 141.417464470000027, 40.54793931 ], [ 141.417464470000027, 40.54802431 ], [ 141.417442970000025, 40.54808661 ], [ 141.417423650000018, 40.54814264 ], [ 141.41736531, 40.54818986 ], [ 141.41717309, 40.54829847 ], [ 141.417045030000025, 40.54840736 ], [ 141.416893640000012, 40.54858208 ], [ 141.416713360000017, 40.54871431 ], [ 141.416671700000023, 40.54874014 ], [ 141.416666670000012, 40.54874325 ], [ 141.416195030000011, 40.54903569 ], [ 141.41578725, 40.54932403 ], [ 141.415682530000026, 40.54944236 ], [ 141.41560669, 40.5495932 ], [ 141.415519470000021, 40.54986264 ], [ 141.41548927, 40.54999403 ], [ 141.41548789, 40.55 ], [ 141.4154728, 40.55006569 ], [ 141.4154728, 40.55023125 ], [ 141.41547864, 40.55029736 ], [ 141.415571700000015, 40.55041541 ], [ 141.4157, 40.5504818 ], [ 141.415979170000014, 40.55056208 ], [ 141.416095550000023, 40.55058569 ], [ 141.416171390000017, 40.5506282 ], [ 141.416299440000017, 40.55075097 ], [ 141.416421950000029, 40.5508032 ], [ 141.416666670000012, 40.55087377 ], [ 141.41667167, 40.55087522 ], [ 141.41668389000003, 40.55087875 ], [ 141.41676555, 40.55092125 ], [ 141.41690528, 40.55103931 ], [ 141.417027500000017, 40.55112931 ], [ 141.417182780000019, 40.55116541 ], [ 141.417190560000023, 40.55116708 ], [ 141.41731888000001, 40.55113875 ], [ 141.417557500000015, 40.55104875 ], [ 141.417866390000029, 40.55090708 ], [ 141.41806445, 40.55083153 ], [ 141.41822167, 40.55074653 ], [ 141.418448610000013, 40.55062347 ], [ 141.41852445, 40.55059041 ], [ 141.41859445, 40.55059987 ], [ 141.418646670000015, 40.55064236 ], [ 141.418646670000015, 40.55070375 ], [ 141.418623330000031, 40.55086459 ], [ 141.418565280000024, 40.55100625 ], [ 141.41848944, 40.55126625 ], [ 141.418413890000011, 40.55137959 ], [ 141.418046940000011, 40.55171517 ], [ 141.41776722, 40.55193267 ], [ 141.417703330000023, 40.55199877 ], [ 141.417674160000018, 40.55212628 ], [ 141.417691670000011, 40.55222544 ], [ 141.41773222, 40.55230572 ], [ 141.41787222, 40.55241905 ], [ 141.418035280000026, 40.55252323 ], [ 141.4181925, 40.55266017 ], [ 141.41824472, 40.55274517 ], [ 141.418285280000021, 40.55284933 ], [ 141.418285250000025, 40.55304767 ], [ 141.41829109, 40.55318017 ], [ 141.418331920000014, 40.55324628 ], [ 141.41837275, 40.55327461 ], [ 141.41848914000002, 40.55328405 ], [ 141.418541630000021, 40.55326044 ], [ 141.418617470000015, 40.55319905 ], [ 141.41869302, 40.55310905 ], [ 141.41879803, 40.55282572 ], [ 141.418809440000018, 40.55278795 ], [ 141.419019170000013, 40.55265072 ], [ 141.41919973, 40.55249489 ], [ 141.41925805, 40.55241905 ], [ 141.419298880000014, 40.55235322 ], [ 141.419467780000019, 40.55223517 ], [ 141.41971805, 40.55210295 ], [ 141.41985222, 40.55204128 ], [ 141.420067780000011, 40.551876 ], [ 141.42017834, 40.55179097 ], [ 141.42040555, 40.55162541 ], [ 141.420521950000023, 40.55150264 ], [ 141.420615280000021, 40.55132764 ], [ 141.420714160000017, 40.55112459 ], [ 141.42074917, 40.55100625 ], [ 141.42076083, 40.55070375 ], [ 141.420755010000022, 40.55060459 ], [ 141.4208, 40.55044347 ], [ 141.42084222, 40.55029292 ], [ 141.42090056, 40.5501418 ], [ 141.42093553, 40.55 ], [ 141.420937, 40.54999403 ], [ 141.420947220000016, 40.54995264 ], [ 141.42104027000002, 40.54976847 ], [ 141.42113889, 40.54962625 ], [ 141.421145280000019, 40.54961708 ], [ 141.4212675, 40.54952736 ], [ 141.421360830000026, 40.5493382 ], [ 141.421383890000016, 40.54913041 ], [ 141.421349170000013, 40.54904987 ], [ 141.421191670000013, 40.54887514 ], [ 141.421046140000016, 40.54874764 ], [ 141.42092392, 40.54865764 ], [ 141.42085975, 40.54859153 ], [ 141.420877250000018, 40.54854431 ], [ 141.420970580000017, 40.54853013 ], [ 141.421098640000025, 40.54855375 ], [ 141.421137610000017, 40.54857547 ], [ 141.42128503, 40.54865764 ], [ 141.42145973, 40.54873347 ], [ 141.42159361, 40.54879959 ], [ 141.421681120000017, 40.54880431 ], [ 141.4217625, 40.54879959 ], [ 141.421972220000015, 40.5486718 ], [ 141.42218778000003, 40.5485632 ], [ 141.42237416, 40.54848764 ], [ 141.422560560000022, 40.54842653 ], [ 141.42265361, 40.5483982 ], [ 141.422758640000012, 40.54830347 ], [ 141.42284003, 40.54819013 ], [ 141.423061410000031, 40.54801041 ], [ 141.423206980000032, 40.54785931 ], [ 141.423271140000026, 40.54772708 ], [ 141.423311970000015, 40.54758513 ], [ 141.42333531, 40.54745764 ], [ 141.42333531, 40.54723069 ], [ 141.423364470000024, 40.54703208 ], [ 141.42328864000001, 40.54694236 ], [ 141.423178080000014, 40.54688097 ], [ 141.42309058, 40.54683847 ], [ 141.423049750000018, 40.54679597 ], [ 141.42309058, 40.54673931 ], [ 141.42316642000003, 40.54671569 ], [ 141.423218640000016, 40.54668705 ], [ 141.42325947, 40.54658789 ], [ 141.423241970000021, 40.546399 ], [ 141.42318975, 40.54628067 ], [ 141.423061410000031, 40.54611567 ], [ 141.422915860000018, 40.54581789 ], [ 141.42283419, 40.54564289 ], [ 141.42273531, 40.54552484 ], [ 141.422554750000018, 40.54533095 ], [ 141.422368370000015, 40.54517511 ], [ 141.422065620000012, 40.54496705 ], [ 141.421518390000017, 40.54466928 ], [ 141.42140756, 40.54460317 ], [ 141.421390050000014, 40.54455123 ], [ 141.42142506, 40.54451344 ], [ 141.421489220000012, 40.54451344 ], [ 141.42159394, 40.54455595 ], [ 141.421687280000015, 40.54458428 ], [ 141.42180922, 40.54457011 ], [ 141.421983940000018, 40.54448039 ], [ 141.42204811000002, 40.54448039 ], [ 141.42209477, 40.54452289 ], [ 141.42214117, 40.54463622 ], [ 141.422187830000013, 40.544674 ], [ 141.42236839, 40.54471205 ], [ 141.42242672, 40.5447215 ], [ 141.422508110000024, 40.54472622 ], [ 141.422543110000021, 40.54476872 ], [ 141.42247672000002, 40.54486233 ], [ 141.422457370000018, 40.54488944 ], [ 141.42245589, 40.54489151 ], [ 141.42245589, 40.54491984 ], [ 141.422484770000011, 40.54496705 ], [ 141.422618910000011, 40.54504761 ], [ 141.422682800000018, 40.54511844 ], [ 141.422776130000017, 40.54520817 ], [ 141.422851700000024, 40.54531205 ], [ 141.42305558000001, 40.54546817 ], [ 141.42314891, 40.54558623 ], [ 141.42323031, 40.545714 ], [ 141.42333531, 40.54585095 ], [ 141.423445860000015, 40.54597372 ], [ 141.423579750000016, 40.54621956 ], [ 141.423696420000027, 40.54642261 ], [ 141.42381864, 40.54655484 ], [ 141.423935030000024, 40.54664456 ], [ 141.42401086000001, 40.54677233 ], [ 141.424010580000015, 40.5468668 ], [ 141.42391752, 40.54715513 ], [ 141.4238417, 40.5473818 ], [ 141.42385336000001, 40.54742931 ], [ 141.423888370000014, 40.54749069 ], [ 141.42400475, 40.54756153 ], [ 141.42415614, 40.54766069 ], [ 141.424348370000018, 40.54778847 ], [ 141.424395010000012, 40.54787347 ], [ 141.42436584, 40.54793959 ], [ 141.42403389, 40.54825625 ], [ 141.423719440000013, 40.54862959 ], [ 141.42363778, 40.54873347 ], [ 141.423550560000024, 40.54892708 ], [ 141.42348056, 40.54910208 ], [ 141.42338167, 40.54925792 ], [ 141.42325917, 40.54937597 ], [ 141.422997220000013, 40.54957459 ], [ 141.422991390000021, 40.54960292 ], [ 141.4233, 40.54989597 ], [ 141.423376280000014, 40.54999403 ], [ 141.42338092, 40.55 ], [ 141.42339917000001, 40.55002347 ], [ 141.42378917, 40.55049153 ], [ 141.42401056, 40.55080347 ], [ 141.424261120000011, 40.55116236 ], [ 141.42441248, 40.55137013 ], [ 141.424418300000013, 40.55148375 ], [ 141.42434248, 40.55164903 ], [ 141.424284420000021, 40.55172459 ], [ 141.424161920000017, 40.55179569 ], [ 141.42384747, 40.55191847 ], [ 141.423701920000013, 40.55196097 ], [ 141.423608590000015, 40.55197513 ], [ 141.42341163, 40.55196375 ], [ 141.42295053, 40.55193736 ], [ 141.422234140000029, 40.55193736 ], [ 141.42210608, 40.55195153 ], [ 141.422012750000022, 40.55198931 ], [ 141.4218672, 40.55207903 ], [ 141.42175691, 40.55216905 ], [ 141.421605250000027, 40.55232017 ], [ 141.421417760000026, 40.55249239 ], [ 141.42133747, 40.552566 ], [ 141.420923860000016, 40.55302405 ], [ 141.420784140000023, 40.55317072 ], [ 141.42063275000001, 40.55332656 ], [ 141.42037636, 40.55358656 ], [ 141.42018997, 40.55375684 ], [ 141.420061920000023, 40.55387489 ], [ 141.41984636, 40.55409239 ], [ 141.41974747, 40.55424823 ], [ 141.4197183, 40.554371 ], [ 141.4197183, 40.55455544 ], [ 141.419712480000015, 40.55473933 ], [ 141.419706640000015, 40.55508905 ], [ 141.41974163, 40.55529711 ], [ 141.419764970000017, 40.55546267 ], [ 141.41977664, 40.55559489 ], [ 141.419898860000018, 40.5557035 ], [ 141.41991553, 40.55576489 ], [ 141.419922190000023, 40.55578878 ], [ 141.419904670000022, 40.55586905 ], [ 141.419823, 40.55601544 ], [ 141.419764940000022, 40.55618572 ], [ 141.41970661000002, 40.55632739 ], [ 141.41970661000002, 40.55643128 ], [ 141.419741610000017, 40.55656851 ], [ 141.419776610000014, 40.55670544 ], [ 141.419776610000014, 40.55685184 ], [ 141.41972411, 40.557036 ], [ 141.41970717, 40.55715492 ], [ 141.419694940000028, 40.55723936 ], [ 141.41970661000002, 40.55731492 ], [ 141.419747450000017, 40.55752769 ], [ 141.419811050000021, 40.55769297 ], [ 141.41983438, 40.55781603 ], [ 141.419886890000015, 40.55785853 ], [ 141.41995689, 40.55784908 ], [ 141.420020780000016, 40.55781131 ], [ 141.42008494000001, 40.55770714 ], [ 141.42025467000002, 40.5574452 ], [ 141.420504380000011, 40.55705961 ], [ 141.420665500000013, 40.55685572 ], [ 141.420970220000015, 40.55646933 ], [ 141.421838, 40.5556185 ], [ 141.42211189, 40.55538211 ], [ 141.422845810000013, 40.55482017 ], [ 141.42331747, 40.55453656 ], [ 141.423358300000018, 40.55453656 ], [ 141.4234108, 40.55455544 ], [ 141.423527200000024, 40.55462628 ], [ 141.423707760000013, 40.55453656 ], [ 141.423827760000023, 40.55448433 ], [ 141.423946640000025, 40.55443239 ], [ 141.42414469000002, 40.55439933 ], [ 141.42454608, 40.55432377 ], [ 141.42467442, 40.55428128 ], [ 141.42476747, 40.55423405 ], [ 141.424924690000012, 40.55408739 ], [ 141.425, 40.55400592 ], [ 141.42500497, 40.55400056 ], [ 141.425064420000012, 40.55393628 ], [ 141.42511109, 40.55380877 ], [ 141.425221920000013, 40.55361961 ], [ 141.425262480000015, 40.55357239 ], [ 141.425309140000024, 40.55353489 ], [ 141.42536747, 40.55353489 ], [ 141.425414140000015, 40.55354905 ], [ 141.425425530000012, 40.553596 ], [ 141.425408300000015, 40.55364323 ], [ 141.425349970000013, 40.55370933 ], [ 141.425309140000024, 40.55383239 ], [ 141.425250800000015, 40.55391739 ], [ 141.42510525, 40.55408267 ], [ 141.42507025, 40.55414433 ], [ 141.425047200000023, 40.55422461 ], [ 141.425087760000025, 40.554286 ], [ 141.42517523, 40.55431433 ], [ 141.42527995, 40.55432377 ], [ 141.425489660000011, 40.554286 ], [ 141.42596717, 40.55413961 ], [ 141.426351610000012, 40.55405905 ], [ 141.42645078000001, 40.55404961 ], [ 141.42652633, 40.55404961 ], [ 141.42670689, 40.55408267 ], [ 141.426736060000025, 40.55412544 ], [ 141.426730220000024, 40.55417267 ], [ 141.426660510000033, 40.55421517 ], [ 141.42632828, 40.55430961 ], [ 141.426060510000013, 40.55440405 ], [ 141.425850780000019, 40.55446572 ], [ 141.42575772, 40.55448933 ], [ 141.42559467000001, 40.55450822 ], [ 141.42518745000001, 40.55450822 ], [ 141.42501217, 40.55450822 ], [ 141.42500494, 40.55450872 ], [ 141.425, 40.55450905 ], [ 141.42480828, 40.55452239 ], [ 141.42465689, 40.554546 ], [ 141.424010510000016, 40.55473017 ], [ 141.423755770000014, 40.55482433 ], [ 141.42369022, 40.55484851 ], [ 141.423538830000012, 40.55491933 ], [ 141.423468830000019, 40.55497128 ], [ 141.42338161, 40.55501851 ], [ 141.423264940000024, 40.55508461 ], [ 141.42318355, 40.55514628 ], [ 141.422909660000016, 40.55541989 ], [ 141.422758280000011, 40.555576 ], [ 141.42269438, 40.55569878 ], [ 141.42256606, 40.55581711 ], [ 141.42249633, 40.55587851 ], [ 141.42233883, 40.55598711 ], [ 141.42213523, 40.55616211 ], [ 141.422036060000011, 40.55625656 ], [ 141.421931340000015, 40.55638878 ], [ 141.421908, 40.55646461 ], [ 141.42189633000001, 40.55654489 ], [ 141.42191384, 40.55659684 ], [ 141.42201272, 40.55665351 ], [ 141.42212939, 40.55669128 ], [ 141.422356330000014, 40.55672905 ], [ 141.42257189, 40.55672433 ], [ 141.422816610000012, 40.55672433 ], [ 141.42304966, 40.55670544 ], [ 141.423317450000013, 40.55668656 ], [ 141.42350939, 40.55668656 ], [ 141.42363745, 40.55668184 ], [ 141.42366078, 40.55671017 ], [ 141.423643280000022, 40.55674322 ], [ 141.423585230000015, 40.55675267 ], [ 141.423241890000014, 40.55680017 ], [ 141.423038, 40.55686628 ], [ 141.422892170000011, 40.55689933 ], [ 141.42255438, 40.55700795 ], [ 141.422385500000019, 40.55707877 ], [ 141.42210022, 40.55723961 ], [ 141.421873, 40.55735267 ], [ 141.42176828, 40.55743297 ], [ 141.421733280000012, 40.55752297 ], [ 141.421733280000012, 40.55759853 ], [ 141.42176244, 40.55771659 ], [ 141.421855500000021, 40.55781603 ], [ 141.42184384, 40.55784436 ], [ 141.42177995, 40.55787741 ], [ 141.421622440000021, 40.55789631 ], [ 141.42154105, 40.55792936 ], [ 141.421465230000024, 40.55800492 ], [ 141.42145883, 40.55803825 ], [ 141.421453550000024, 40.55806631 ], [ 141.42145939, 40.55811825 ], [ 141.421523550000018, 40.55817047 ], [ 141.421634110000014, 40.55821769 ], [ 141.42165745, 40.55827908 ], [ 141.421644640000011, 40.55832741 ], [ 141.42164306, 40.55833333 ], [ 141.421593550000011, 40.5585202 ], [ 141.421593550000011, 40.55858159 ], [ 141.42160519, 40.55865713 ], [ 141.421791580000018, 40.55883214 ], [ 141.42194297, 40.55902575 ], [ 141.4220827, 40.55913936 ], [ 141.422114360000023, 40.55914964 ], [ 141.42227492, 40.55920075 ], [ 141.422432140000012, 40.55927159 ], [ 141.422484640000022, 40.55934241 ], [ 141.422461310000017, 40.5594938 ], [ 141.42246713, 40.55958797 ], [ 141.42254825, 40.55968713 ], [ 141.422664920000017, 40.55977687 ], [ 141.422664920000017, 40.55981492 ], [ 141.422612410000028, 40.55995659 ], [ 141.42261825, 40.56005103 ], [ 141.42264742, 40.56011241 ], [ 141.422722970000024, 40.56016464 ], [ 141.422880470000024, 40.56024964 ], [ 141.422926860000018, 40.56033936 ], [ 141.422932700000018, 40.56051436 ], [ 141.42296769, 40.5607788 ], [ 141.422979360000028, 40.56091603 ], [ 141.42310742, 40.5611002 ], [ 141.423130750000013, 40.5611902 ], [ 141.42310742, 40.56134603 ], [ 141.42310158, 40.5614452 ], [ 141.42311322, 40.56152575 ], [ 141.42320655, 40.56163908 ], [ 141.423404620000014, 40.5619602 ], [ 141.42347433, 40.56216325 ], [ 141.42350934000001, 40.56230992 ], [ 141.42350934000001, 40.56246103 ], [ 141.423468500000013, 40.56264077 ], [ 141.42342211, 40.56267384 ], [ 141.422967660000012, 40.56268328 ], [ 141.422862940000016, 40.56271161 ], [ 141.42282211, 40.56275884 ], [ 141.42282211, 40.562863 ], [ 141.42284462, 40.56316744 ], [ 141.422845450000011, 40.56317939 ], [ 141.42285711, 40.56343939 ], [ 141.422938500000015, 40.56348661 ], [ 141.42308988000002, 40.56348661 ], [ 141.42311322, 40.56351022 ], [ 141.423098220000014, 40.56359578 ], [ 141.4230785, 40.56370884 ], [ 141.42296183000002, 40.56403939 ], [ 141.422807950000021, 40.56456577 ], [ 141.422517640000024, 40.56555939 ], [ 141.422449300000011, 40.56579244 ], [ 141.422251530000011, 40.56647078 ], [ 141.42219608, 40.56666078 ], [ 141.42219436000002, 40.56666667 ], [ 141.422149860000019, 40.56681911 ], [ 141.422099590000016, 40.56699161 ], [ 141.42201236, 40.5672908 ], [ 141.4215465, 40.56881692 ], [ 141.42139706, 40.56934831 ], [ 141.42115039, 40.57022497 ], [ 141.42112205, 40.57031941 ], [ 141.42092317, 40.57098608 ], [ 141.420837060000025, 40.57127387 ], [ 141.42059119000001, 40.57209639 ], [ 141.420492310000014, 40.572465 ], [ 141.420346740000014, 40.57289028 ], [ 141.42032925, 40.57296611 ], [ 141.420294250000012, 40.57298972 ], [ 141.42019536, 40.57298972 ], [ 141.419979800000021, 40.572985 ], [ 141.419554810000022, 40.57298972 ], [ 141.41901314, 40.57293777 ], [ 141.418931480000026, 40.57293777 ], [ 141.41889674, 40.57295667 ], [ 141.41887341, 40.57303222 ], [ 141.41880341000001, 40.57333917 ], [ 141.41871036, 40.57352805 ], [ 141.418681190000029, 40.57355639 ], [ 141.41863453000002, 40.57354695 ], [ 141.418564810000021, 40.57351861 ], [ 141.41848898, 40.57351861 ], [ 141.41840231, 40.57363805 ], [ 141.41831425, 40.57375972 ], [ 141.418273410000012, 40.57376917 ], [ 141.41799397, 40.57366528 ], [ 141.417638690000018, 40.57356111 ], [ 141.41761703, 40.57355139 ], [ 141.41744064, 40.57347139 ], [ 141.41699786, 40.57329667 ], [ 141.416846470000024, 40.57324917 ], [ 141.416689250000019, 40.573235 ], [ 141.416671510000015, 40.57323817 ], [ 141.416666670000012, 40.57323903 ], [ 141.416502890000032, 40.57326805 ], [ 141.416450390000023, 40.57330611 ], [ 141.416397860000018, 40.57339111 ], [ 141.416269810000017, 40.5735375 ], [ 141.416153410000021, 40.57367 ], [ 141.416030920000026, 40.57374084 ], [ 141.415902870000025, 40.57384944 ], [ 141.415879530000012, 40.573925 ], [ 141.41591453, 40.57401972 ], [ 141.4159962, 40.57408111 ], [ 141.41624647, 40.5741425 ], [ 141.416666670000012, 40.57423097 ], [ 141.416671480000019, 40.57423197 ], [ 141.416695080000011, 40.57423695 ], [ 141.41697453, 40.57431278 ], [ 141.41734148, 40.57445917 ], [ 141.41746397, 40.57451111 ], [ 141.41762703, 40.57462944 ], [ 141.41772008, 40.57471917 ], [ 141.417801750000024, 40.57480417 ], [ 141.41785981000001, 40.57485111 ], [ 141.418028690000028, 40.57486528 ], [ 141.418104530000022, 40.57488417 ], [ 141.418127860000027, 40.57497889 ], [ 141.418122610000012, 40.57499417 ], [ 141.418120610000017, 40.575 ], [ 141.418098690000022, 40.57506389 ], [ 141.41802314, 40.57509695 ], [ 141.417929800000024, 40.57509222 ], [ 141.417842580000013, 40.57505917 ], [ 141.417759690000025, 40.575 ], [ 141.417751530000032, 40.57499417 ], [ 141.41740564, 40.57474723 ], [ 141.41718425000002, 40.57459611 ], [ 141.4170037, 40.57450639 ], [ 141.416793970000015, 40.57440723 ], [ 141.416671480000019, 40.57436861 ], [ 141.416666670000012, 40.57436708 ], [ 141.416584250000028, 40.57434111 ], [ 141.416298970000014, 40.57427944 ], [ 141.416077590000015, 40.57423695 ], [ 141.415955360000027, 40.57422751 ], [ 141.415827300000018, 40.57422751 ], [ 141.41566425000002, 40.57424167 ], [ 141.41544898, 40.57427944 ], [ 141.415239250000013, 40.57433611 ], [ 141.41495953, 40.57441639 ], [ 141.41482564, 40.57444 ], [ 141.414540360000018, 40.57438805 ], [ 141.414283970000014, 40.57431251 ], [ 141.41415591, 40.57422723 ], [ 141.414016230000016, 40.574095 ], [ 141.413969560000027, 40.57400084 ], [ 141.41389956, 40.57383528 ], [ 141.413841500000018, 40.57375028 ], [ 141.413771500000024, 40.57372667 ], [ 141.41343956, 40.57363695 ], [ 141.413224, 40.57357056 ], [ 141.41308428, 40.57350444 ], [ 141.41298538, 40.57344028 ], [ 141.41285122, 40.57335333 ], [ 141.412362340000016, 40.57296584 ], [ 141.412175940000026, 40.57284277 ], [ 141.411960390000019, 40.57275777 ], [ 141.41166927, 40.57270584 ], [ 141.41155261, 40.57270111 ], [ 141.41147706000001, 40.57270584 ], [ 141.41142511000001, 40.57274195 ], [ 141.411395380000016, 40.57276251 ], [ 141.41122066, 40.57300833 ], [ 141.41116234, 40.57311695 ], [ 141.411127890000017, 40.57322584 ], [ 141.41111372, 40.57327056 ], [ 141.41109817, 40.57332 ], [ 141.411040120000024, 40.57350417 ], [ 141.41102261, 40.57362251 ], [ 141.41097012, 40.57373584 ], [ 141.41096428, 40.57379723 ], [ 141.41099927, 40.57384444 ], [ 141.411401220000016, 40.57406195 ], [ 141.41148289000003, 40.57412333 ], [ 141.41147122000001, 40.57419889 ], [ 141.411447890000034, 40.57431251 ], [ 141.41135455, 40.57456277 ], [ 141.410737329999989, 40.57438805 ], [ 141.410663450000015, 40.57437917 ], [ 141.410539270000015, 40.57436444 ], [ 141.41032956, 40.57437861 ], [ 141.409817060000023, 40.57446833 ], [ 141.40966567000001, 40.57446361 ], [ 141.409601510000016, 40.57443056 ], [ 141.409566500000011, 40.57434556 ], [ 141.40957817, 40.57427444 ], [ 141.40966567000001, 40.57418472 ], [ 141.40974706, 40.57413278 ], [ 141.40987511, 40.57410444 ], [ 141.410131510000014, 40.57403833 ], [ 141.410282890000019, 40.57400056 ], [ 141.410347060000021, 40.57394361 ], [ 141.41038789000001, 40.57386333 ], [ 141.41043428, 40.57368389 ], [ 141.410236500000025, 40.57366028 ], [ 141.409985940000013, 40.57359861 ], [ 141.40986956, 40.57352778 ], [ 141.409712050000024, 40.57349472 ], [ 141.40964817, 40.57351361 ], [ 141.409601510000016, 40.57355139 ], [ 141.40955484, 40.57365084 ], [ 141.40946761, 40.57383028 ], [ 141.40939178, 40.57393417 ], [ 141.40931039000003, 40.57399111 ], [ 141.409135670000012, 40.57401 ], [ 141.40907150000001, 40.57400528 ], [ 141.408978170000012, 40.57396751 ], [ 141.40875122, 40.57374528 ], [ 141.40868122, 40.57362251 ], [ 141.40868122, 40.57349 ], [ 141.40880927, 40.57325361 ], [ 141.40905983, 40.57292305 ], [ 141.40907733, 40.57287584 ], [ 141.409065670000018, 40.57283333 ], [ 141.40876319, 40.57238917 ], [ 141.40851847, 40.57205833 ], [ 141.408489300000014, 40.57204889 ], [ 141.40846597, 40.57207251 ], [ 141.40837292, 40.57226139 ], [ 141.4083382, 40.57230108 ], [ 141.40833333, 40.57230661 ], [ 141.40824458000003, 40.57240805 ], [ 141.40816903000001, 40.57246 ], [ 141.40808737, 40.57251195 ], [ 141.40755153, 40.57271972 ], [ 141.40738847, 40.57281417 ], [ 141.407231240000016, 40.57294639 ], [ 141.407103190000015, 40.57305528 ], [ 141.406922630000025, 40.57319223 ], [ 141.406905140000021, 40.57321584 ], [ 141.407109030000015, 40.57341444 ], [ 141.40723122, 40.57354667 ], [ 141.407225380000028, 40.57357972 ], [ 141.40705567, 40.57371333 ], [ 141.40703317, 40.57373111 ], [ 141.407015670000021, 40.57375944 ], [ 141.40702733, 40.57382556 ], [ 141.407312890000014, 40.57418 ], [ 141.40741761000001, 40.57429333 ], [ 141.40751567, 40.57435861 ], [ 141.407545670000019, 40.57437861 ], [ 141.407708720000016, 40.574525 ], [ 141.40771455, 40.57455805 ], [ 141.40759817, 40.57470444 ], [ 141.407493450000032, 40.57489333 ], [ 141.40749150000002, 40.57489889 ], [ 141.40746428, 40.57497389 ], [ 141.407461630000029, 40.57499417 ], [ 141.407460900000018, 40.575 ], [ 141.40745261, 40.57506361 ], [ 141.407440950000023, 40.57532833 ], [ 141.40734178, 40.57583864 ], [ 141.40732455, 40.57591892 ], [ 141.40670484, 40.57675517 ], [ 141.40670122, 40.57676003 ], [ 141.406642890000029, 40.57687808 ], [ 141.406532310000017, 40.5771192 ], [ 141.406532310000017, 40.57725141 ], [ 141.406561480000022, 40.57747364 ], [ 141.406625360000021, 40.57767225 ], [ 141.406642870000013, 40.57781864 ], [ 141.406660360000018, 40.57814003 ], [ 141.406736200000012, 40.57818725 ], [ 141.406992310000021, 40.57830059 ], [ 141.407405910000023, 40.57845669 ], [ 141.407638970000022, 40.57854169 ], [ 141.40833333, 40.57878739 ], [ 141.408338140000012, 40.57878908 ], [ 141.4085473, 40.57886308 ], [ 141.409356740000021, 40.57913225 ], [ 141.409677280000011, 40.57925503 ], [ 141.409968390000017, 40.57943947 ], [ 141.410078950000013, 40.57954808 ], [ 141.410504230000015, 40.58000641 ], [ 141.410842, 40.58041308 ], [ 141.41109228000002, 40.58075811 ], [ 141.411295060000015, 40.58104672 ], [ 141.411432550000029, 40.58098089 ], [ 141.411494230000017, 40.58094644 ], [ 141.411552, 40.58093089 ], [ 141.411598110000028, 40.58094644 ], [ 141.41160589, 40.58100256 ], [ 141.411552, 40.58132423 ], [ 141.41155978, 40.58141811 ], [ 141.411552, 40.58154617 ], [ 141.41155586, 40.58173644 ], [ 141.41159031, 40.58184561 ], [ 141.411659750000013, 40.58195811 ], [ 141.411725030000014, 40.58207977 ], [ 141.41173280000001, 40.58214533 ], [ 141.411713640000016, 40.58223923 ], [ 141.411705860000012, 40.58233922 ], [ 141.41169808, 40.58241395 ], [ 141.411640580000011, 40.58256395 ], [ 141.41158669, 40.58267644 ], [ 141.411563640000026, 40.5827795 ], [ 141.41152503, 40.58305728 ], [ 141.41151725, 40.58320423 ], [ 141.41153073000001, 40.58332756 ], [ 141.41153136, 40.58333333 ], [ 141.41153669000002, 40.58338228 ], [ 141.411563640000026, 40.58351644 ], [ 141.411613640000013, 40.58358839 ], [ 141.411675030000026, 40.58364756 ], [ 141.4117828, 40.58368839 ], [ 141.41201781, 40.58368505 ], [ 141.412198640000014, 40.58370089 ], [ 141.41247558, 40.58373505 ], [ 141.412606690000018, 40.58372895 ], [ 141.412795030000012, 40.583682 ], [ 141.412972240000016, 40.58363505 ], [ 141.413187810000011, 40.58358839 ], [ 141.41323392000001, 40.58356339 ], [ 141.413287810000014, 40.58348228 ], [ 141.413303090000028, 40.58334478 ], [ 141.413318980000014, 40.58333333 ], [ 141.413327, 40.58332756 ], [ 141.41333781, 40.58331978 ], [ 141.41344558, 40.58332589 ], [ 141.41346189, 40.58332756 ], [ 141.41351837, 40.58333333 ], [ 141.41363031, 40.58334478 ], [ 141.41374586, 40.58337284 ], [ 141.413784470000024, 40.58340089 ], [ 141.41378058, 40.58344144 ], [ 141.413730580000021, 40.58351339 ], [ 141.413707250000016, 40.583607 ], [ 141.413722800000016, 40.58366005 ], [ 141.413818910000032, 40.58372256 ], [ 141.414003650000012, 40.58385367 ], [ 141.414119200000016, 40.58391005 ], [ 141.414234470000025, 40.58394756 ], [ 141.414303640000014, 40.58395061 ], [ 141.41445361000001, 40.58392867 ], [ 141.41462306, 40.58389117 ], [ 141.414707780000015, 40.58390367 ], [ 141.414830830000028, 40.583932 ], [ 141.41495027000002, 40.58396311 ], [ 141.415008050000012, 40.5839695 ], [ 141.415061950000023, 40.58396005 ], [ 141.415100270000011, 40.58392256 ], [ 141.415208050000018, 40.58371644 ], [ 141.41525808, 40.58359451 ], [ 141.415269750000022, 40.58340728 ], [ 141.4152635, 40.58333333 ], [ 141.41526302, 40.58332756 ], [ 141.415254480000016, 40.58322617 ], [ 141.41526586, 40.58313533 ], [ 141.415296690000019, 40.58307311 ], [ 141.415350580000023, 40.58302005 ], [ 141.415450580000027, 40.58298256 ], [ 141.415531410000028, 40.58297617 ], [ 141.415581410000016, 40.58298256 ], [ 141.415693090000019, 40.58302922 ], [ 141.415754750000019, 40.58308228 ], [ 141.415866420000015, 40.58321672 ], [ 141.41592645, 40.58332756 ], [ 141.415929560000023, 40.58333333 ], [ 141.416020270000018, 40.58350089 ], [ 141.41601639000001, 40.583582 ], [ 141.416005010000021, 40.58364451 ], [ 141.41594333, 40.5837195 ], [ 141.41574694000002, 40.58384117 ], [ 141.41570083000002, 40.58389451 ], [ 141.41567778000001, 40.58395367 ], [ 141.41565472, 40.58406589 ], [ 141.41565083, 40.58415672 ], [ 141.41568917, 40.58422867 ], [ 141.4157625, 40.58427867 ], [ 141.41610112, 40.58443478 ], [ 141.416328890000017, 40.58452339 ], [ 141.416462780000018, 40.58457533 ], [ 141.41661306, 40.58463144 ], [ 141.416666670000012, 40.58464089 ], [ 141.41667139, 40.58464172 ], [ 141.416701390000014, 40.584647 ], [ 141.41682861000001, 40.584647 ], [ 141.41695167, 40.584622 ], [ 141.41717112, 40.584547 ], [ 141.41726361000002, 40.58449395 ], [ 141.417282780000022, 40.58445644 ], [ 141.41724416, 40.58440339 ], [ 141.41719416, 40.58435339 ], [ 141.41719027000002, 40.58428784 ], [ 141.41722501000001, 40.58422228 ], [ 141.417282780000022, 40.58416617 ], [ 141.417513610000015, 40.58405672 ], [ 141.41766, 40.58393811 ], [ 141.41782167, 40.58387561 ], [ 141.417902500000025, 40.583832 ], [ 141.41794861, 40.58382256 ], [ 141.41796389000001, 40.58383505 ], [ 141.41796, 40.583857 ], [ 141.41791778000001, 40.58389756 ], [ 141.417775280000029, 40.58399756 ], [ 141.41772917, 40.58406617 ], [ 141.41771645, 40.58411444 ], [ 141.417706110000012, 40.58415367 ], [ 141.417721390000025, 40.58430672 ], [ 141.417721390000025, 40.58456895 ], [ 141.417733060000018, 40.58459395 ], [ 141.41776, 40.58460033 ], [ 141.41791501, 40.58463144 ], [ 141.41802555000001, 40.58465339 ], [ 141.41810222, 40.58469089 ], [ 141.41817917, 40.58470339 ], [ 141.41826389000002, 40.58470005 ], [ 141.41848722, 40.58466589 ], [ 141.418548610000016, 40.58466589 ], [ 141.41861416, 40.584672 ], [ 141.41867973, 40.58470005 ], [ 141.41872584, 40.584747 ], [ 141.41873361, 40.58477811 ], [ 141.41873722, 40.58498451 ], [ 141.41871805, 40.58508117 ], [ 141.41876056000001, 40.58514644 ], [ 141.418821950000023, 40.58520284 ], [ 141.418879730000015, 40.58523395 ], [ 141.41898361, 40.58526505 ], [ 141.419087500000018, 40.58527451 ], [ 141.419187780000016, 40.58526839 ], [ 141.419253060000017, 40.5852495 ], [ 141.419295550000015, 40.5851995 ], [ 141.419310830000029, 40.58513117 ], [ 141.419387780000022, 40.58494367 ], [ 141.419426390000012, 40.5848845 ], [ 141.41948027, 40.58483756 ], [ 141.41954167, 40.58482505 ], [ 141.41956861, 40.58486561 ], [ 141.41958416, 40.58504367 ], [ 141.4196225, 40.58515617 ], [ 141.419676360000011, 40.58527144 ], [ 141.41971497, 40.58540895 ], [ 141.419757200000021, 40.58547451 ], [ 141.41981109, 40.58549951 ], [ 141.41986886, 40.58551505 ], [ 141.419895810000014, 40.58550867 ], [ 141.419926640000028, 40.58548061 ], [ 141.41998053, 40.58534339 ], [ 141.42004219, 40.58524367 ], [ 141.420180800000026, 40.58511256 ], [ 141.420303860000018, 40.58502811 ], [ 141.420361630000031, 40.58502505 ], [ 141.420396079999989, 40.58505311 ], [ 141.42041942, 40.58509672 ], [ 141.420388590000016, 40.58519367 ], [ 141.420319140000032, 40.58534033 ], [ 141.420296080000014, 40.58546811 ], [ 141.420311630000015, 40.58564311 ], [ 141.420319140000032, 40.58594922 ], [ 141.420330800000016, 40.58604147 ], [ 141.42036192, 40.58611286 ], [ 141.42042387, 40.58617175 ], [ 141.42053608, 40.58621341 ], [ 141.42075053, 40.58619953 ], [ 141.42083747, 40.58613287 ], [ 141.420915810000025, 40.58604147 ], [ 141.420996640000027, 40.58595839 ], [ 141.421046640000014, 40.58589617 ], [ 141.421069690000024, 40.58584284 ], [ 141.42107747, 40.58571478 ], [ 141.421092750000014, 40.58559923 ], [ 141.421127470000016, 40.58544644 ], [ 141.42116608, 40.58530284 ], [ 141.42119691000002, 40.58529367 ], [ 141.4213508, 40.58527784 ], [ 141.42167803000001, 40.58527172 ], [ 141.421785810000017, 40.58528728 ], [ 141.421843310000014, 40.58531839 ], [ 141.421889690000029, 40.58537784 ], [ 141.42189331, 40.58543395 ], [ 141.421820250000025, 40.58559005 ], [ 141.421751090000015, 40.58571811 ], [ 141.421731630000011, 40.58583033 ], [ 141.42172803, 40.58604144 ], [ 141.42176691, 40.58617175 ], [ 141.42184497, 40.58629814 ], [ 141.42198525, 40.58632341 ], [ 141.422153870000017, 40.58623536 ], [ 141.42226442, 40.58613756 ], [ 141.422396350000014, 40.58613284 ], [ 141.42251553, 40.58618647 ], [ 141.422678030000014, 40.58639064 ], [ 141.42277414000003, 40.58656092 ], [ 141.42285192, 40.58667759 ], [ 141.422997760000015, 40.58673397 ], [ 141.42359553, 40.58686259 ], [ 141.423938, 40.58696869 ], [ 141.42416717, 40.58701759 ], [ 141.424344940000026, 40.5870962 ], [ 141.42446494, 40.58724203 ], [ 141.424446890000013, 40.58738314 ], [ 141.424291050000022, 40.58756813 ], [ 141.42411966, 40.58775203 ], [ 141.423937450000011, 40.58794731 ], [ 141.423859390000018, 40.58817092 ], [ 141.423853840000021, 40.58831814 ], [ 141.423926060000014, 40.58850397 ], [ 141.42397438, 40.58871897 ], [ 141.42410523, 40.5890812 ], [ 141.424273, 40.58927592 ], [ 141.424372170000026, 40.58937425 ], [ 141.42457883, 40.58957759 ], [ 141.424746860000027, 40.58982564 ], [ 141.4247945, 40.5902268 ], [ 141.424827420000014, 40.59050453 ], [ 141.42482464, 40.59086178 ], [ 141.424986860000018, 40.59095844 ], [ 141.425, 40.59103817 ], [ 141.42500464, 40.59106633 ], [ 141.42501103, 40.59110511 ], [ 141.42500464, 40.59112461 ], [ 141.425, 40.59113875 ], [ 141.424962970000024, 40.59125178 ], [ 141.424962970000024, 40.59142595 ], [ 141.424962970000024, 40.59166095 ], [ 141.424962970000024, 40.59166667 ], [ 141.424962970000024, 40.59168205 ], [ 141.42497409, 40.59172456 ], [ 141.425, 40.59182513 ], [ 141.42500464, 40.59184311 ], [ 141.42501103, 40.59186789 ], [ 141.425555190000011, 40.59175984 ], [ 141.42571798, 40.59172761 ], [ 141.4259202, 40.59169984 ], [ 141.42608798, 40.59167678 ], [ 141.426161800000017, 40.59166667 ], [ 141.426203720000018, 40.59166095 ], [ 141.42626464, 40.59165261 ], [ 141.42663547, 40.59160928 ], [ 141.427349640000017, 40.59152567 ], [ 141.427506300000033, 40.59146678 ], [ 141.427942410000014, 40.59139205 ], [ 141.427944640000021, 40.59139177 ], [ 141.42878436, 40.59132984 ], [ 141.428952970000012, 40.59134956 ], [ 141.429146030000027, 40.59135928 ], [ 141.42953739, 40.59144539 ], [ 141.429549340000023, 40.59145067 ], [ 141.429856840000014, 40.59158428 ], [ 141.430175690000027, 40.59166095 ], [ 141.430190730000021, 40.59166456 ], [ 141.430196740000014, 40.59166667 ], [ 141.43082128, 40.59188733 ], [ 141.43112822, 40.59203344 ], [ 141.431291280000011, 40.59211095 ], [ 141.43185655, 40.59237984 ], [ 141.432075160000011, 40.59248372 ], [ 141.432159610000014, 40.59252289 ], [ 141.432196840000017, 40.59254317 ], [ 141.43227711, 40.5925865 ], [ 141.43255739, 40.59273789 ], [ 141.43305156, 40.59310956 ], [ 141.433333330000011, 40.59331992 ], [ 141.43333791, 40.59332336 ], [ 141.43335292, 40.59333456 ], [ 141.433606250000025, 40.59351039 ], [ 141.43397514000003, 40.59372067 ], [ 141.43405236000001, 40.59376484 ], [ 141.434089300000011, 40.593799 ], [ 141.434220970000013, 40.59392123 ], [ 141.43459458000001, 40.59410705 ], [ 141.43519236, 40.59441233 ], [ 141.43524542, 40.59443956 ], [ 141.43555903, 40.59458623 ], [ 141.435739860000012, 40.59466428 ], [ 141.435790140000023, 40.59467872 ], [ 141.43603542, 40.59474956 ], [ 141.43628236, 40.59482067 ], [ 141.436506520000023, 40.5949115 ], [ 141.436595690000019, 40.59494789 ], [ 141.436816250000021, 40.59500511 ], [ 141.437463720000011, 40.59517261 ], [ 141.437921500000016, 40.59528039 ], [ 141.440043450000019, 40.59588651 ], [ 141.44056178, 40.59599428 ], [ 141.441140390000015, 40.59616039 ], [ 141.44148983, 40.596219 ], [ 141.441666670000018, 40.59629087 ], [ 141.441671220000018, 40.59629269 ], [ 141.441682610000015, 40.59629733 ], [ 141.44183927, 40.59629733 ], [ 141.442139270000013, 40.59638484 ], [ 141.442309560000012, 40.59643428 ], [ 141.44267122, 40.59652233 ], [ 141.443032890000012, 40.59662011 ], [ 141.443353450000018, 40.59665317 ], [ 141.443599560000024, 40.59667872 ], [ 141.44411789000003, 40.59664956 ], [ 141.44516647, 40.59660039 ], [ 141.445564250000018, 40.59658095 ], [ 141.446420360000019, 40.59662984 ], [ 141.4471437, 40.59671789 ], [ 141.44763759, 40.596894 ], [ 141.44809564, 40.59709928 ], [ 141.448571190000024, 40.59736761 ], [ 141.448650360000016, 40.59741233 ], [ 141.44883564, 40.59753513 ], [ 141.4493737, 40.59789153 ], [ 141.45, 40.59841439 ], [ 141.45000453, 40.59841817 ], [ 141.450603110000031, 40.59891792 ], [ 141.451362550000027, 40.59961236 ], [ 141.45162783, 40.59986653 ], [ 141.451652560000014, 40.59988097 ], [ 141.45184837, 40.59999431 ], [ 141.4518582, 40.6 ], [ 141.451909780000022, 40.60002987 ], [ 141.45204978000001, 40.60011097 ], [ 141.45261589, 40.60034569 ], [ 141.453833670000023, 40.60054125 ], [ 141.454560610000016, 40.60060875 ], [ 141.454790340000017, 40.60062903 ], [ 141.45515949, 40.60059013 ], [ 141.456449220000025, 40.60035597 ], [ 141.45683144, 40.6002718 ], [ 141.45738645, 40.6001132 ], [ 141.457588390000012, 40.60005541 ], [ 141.457811280000016, 40.6 ], [ 141.45783423, 40.59999431 ], [ 141.45823228, 40.59990013 ], [ 141.458333330000016, 40.59987614 ], [ 141.45833783, 40.59987508 ], [ 141.458838390000011, 40.59975625 ], [ 141.45917866000002, 40.59968041 ], [ 141.459402550000021, 40.59967153 ], [ 141.45986034, 40.59965208 ], [ 141.460246160000025, 40.59971069 ], [ 141.46049922, 40.59979875 ], [ 141.46080477000001, 40.5999068 ], [ 141.460912830000012, 40.59994486 ], [ 141.4609882, 40.59999431 ], [ 141.460996890000018, 40.6 ], [ 141.461331170000022, 40.60021931 ], [ 141.46158419, 40.60047347 ], [ 141.462135030000013, 40.60097431 ], [ 141.462280580000026, 40.6011018 ], [ 141.462345030000023, 40.60119375 ], [ 141.46241586, 40.60129459 ], [ 141.46251224, 40.60146097 ], [ 141.462554470000015, 40.60161708 ], [ 141.46259669, 40.60177375 ], [ 141.46276864, 40.60236653 ], [ 141.462886130000015, 40.60277125 ], [ 141.46299222, 40.60345194 ], [ 141.462994590000022, 40.60346713 ], [ 141.46324776000003, 40.60356659 ], [ 141.463246390000023, 40.60357172 ], [ 141.46324536, 40.60357533 ], [ 141.463244920000022, 40.60357859 ], [ 141.46324519, 40.60358272 ], [ 141.463245720000032, 40.60358795 ], [ 141.46324601, 40.60359417 ], [ 141.463246060000017, 40.60359975 ], [ 141.46324655, 40.60360361 ], [ 141.46324934, 40.60360784 ], [ 141.46325611, 40.60361456 ], [ 141.46326484, 40.60362217 ], [ 141.46327409, 40.60362851 ], [ 141.463288910000017, 40.60363292 ], [ 141.463312800000011, 40.60363541 ], [ 141.463337280000019, 40.60363644 ], [ 141.46335464, 40.60363636 ], [ 141.46337258, 40.60363372 ], [ 141.463398970000014, 40.60362756 ], [ 141.46342633, 40.6036212 ], [ 141.46344733, 40.60361756 ], [ 141.46346847, 40.60361536 ], [ 141.46349633, 40.60361269 ], [ 141.46352289, 40.60361031 ], [ 141.463539880000013, 40.60360913 ], [ 141.46355195000001, 40.60360869 ], [ 141.463566, 40.60360828 ], [ 141.463586300000031, 40.60360572 ], [ 141.463614480000018, 40.60359953 ], [ 141.463643140000016, 40.60359228 ], [ 141.463665280000015, 40.60358611 ], [ 141.463684480000012, 40.60357917 ], [ 141.463705300000015, 40.60356905 ], [ 141.463725620000019, 40.60355533 ], [ 141.463742240000016, 40.60353877 ], [ 141.463754380000012, 40.60352259 ], [ 141.463762170000024, 40.60350975 ], [ 141.46376822000002, 40.60349836 ], [ 141.46377458, 40.60348617 ], [ 141.463780750000012, 40.60347417 ], [ 141.463785840000014, 40.60346377 ], [ 141.463790140000015, 40.60345447 ], [ 141.46379384, 40.60344572 ], [ 141.46379742000002, 40.60343805 ], [ 141.463801610000019, 40.60343192 ], [ 141.46380722, 40.60342592 ], [ 141.463814500000012, 40.60341895 ], [ 141.463821020000012, 40.60341172 ], [ 141.463824750000015, 40.60340467 ], [ 141.46382725, 40.60339484 ], [ 141.463831020000015, 40.60338005 ], [ 141.463835620000026, 40.60336472 ], [ 141.463840340000019, 40.60335305 ], [ 141.463844750000021, 40.60334331 ], [ 141.46384852, 40.60333267 ], [ 141.46385139, 40.60332186 ], [ 141.46385294000001, 40.60331195 ], [ 141.46385239, 40.60330284 ], [ 141.463849580000016, 40.60329439 ], [ 141.46384659, 40.6032872 ], [ 141.463845580000026, 40.60328144 ], [ 141.46384869000002, 40.60327439 ], [ 141.46385722, 40.60326372 ], [ 141.46386859, 40.60325231 ], [ 141.46387961, 40.60324353 ], [ 141.463887950000014, 40.60323753 ], [ 141.46389202, 40.60323364 ], [ 141.46389367, 40.60322975 ], [ 141.46389489, 40.60322425 ], [ 141.463895190000017, 40.60321731 ], [ 141.46389384, 40.60320995 ], [ 141.463891390000015, 40.60320303 ], [ 141.46388898, 40.60319728 ], [ 141.463887130000018, 40.60319117 ], [ 141.46388636, 40.60318286 ], [ 141.46388803, 40.60317205 ], [ 141.463893, 40.60315897 ], [ 141.463899250000026, 40.60314578 ], [ 141.46390492, 40.60313422 ], [ 141.46390815, 40.60312423 ], [ 141.463908420000024, 40.60311539 ], [ 141.46390691000002, 40.60310747 ], [ 141.463905550000021, 40.60310056 ], [ 141.46390477, 40.60309425 ], [ 141.463904860000014, 40.60308847 ], [ 141.463905860000011, 40.60308261 ], [ 141.46390839, 40.60307611 ], [ 141.4639127, 40.60306825 ], [ 141.46391886, 40.60305905 ], [ 141.46392484, 40.60305072 ], [ 141.46392878, 40.60304539 ], [ 141.463931, 40.60304051 ], [ 141.463931850000023, 40.60303375 ], [ 141.46393214, 40.6030262 ], [ 141.46393219, 40.60301944 ], [ 141.46393261, 40.60301267 ], [ 141.46393419, 40.603005 ], [ 141.463936350000012, 40.60299744 ], [ 141.46393914, 40.6029912 ], [ 141.46394394, 40.60298453 ], [ 141.463951410000021, 40.60297584 ], [ 141.463958890000015, 40.60296641 ], [ 141.463963770000021, 40.60295775 ], [ 141.463968640000019, 40.60294844 ], [ 141.463976450000018, 40.60293722 ], [ 141.463985450000024, 40.60292584 ], [ 141.463993500000015, 40.60291605 ], [ 141.46400136, 40.602908 ], [ 141.464009920000024, 40.60290111 ], [ 141.46401789, 40.60289413 ], [ 141.464024060000014, 40.6028862 ], [ 141.46402978, 40.60287778 ], [ 141.464036780000015, 40.6028698 ], [ 141.46404711, 40.60286111 ], [ 141.464061190000024, 40.60285103 ], [ 141.464074230000023, 40.60284205 ], [ 141.464081610000022, 40.60283589 ], [ 141.464085910000023, 40.60282939 ], [ 141.464090660000011, 40.60281936 ], [ 141.46409614, 40.60280889 ], [ 141.464102310000015, 40.60280064 ], [ 141.464109560000026, 40.60279186 ], [ 141.46411759, 40.60277951 ], [ 141.464123840000013, 40.60276486 ], [ 141.464126300000032, 40.60275017 ], [ 141.46412795, 40.60273631 ], [ 141.464131720000012, 40.60272395 ], [ 141.464136350000018, 40.6027142 ], [ 141.464139609999989, 40.60270777 ], [ 141.46414217, 40.6027028 ], [ 141.464144840000017, 40.60269747 ], [ 141.46414783, 40.60269069 ], [ 141.46415131, 40.60268195 ], [ 141.464156640000027, 40.60267084 ], [ 141.46416453, 40.60265728 ], [ 141.46417292000001, 40.60264328 ], [ 141.464179880000017, 40.602631 ], [ 141.464185940000021, 40.60262141 ], [ 141.464191920000019, 40.60261508 ], [ 141.464197200000029, 40.60261084 ], [ 141.464200580000011, 40.60260711 ], [ 141.46420183, 40.60260297 ], [ 141.464201190000011, 40.60259775 ], [ 141.46419995, 40.60259161 ], [ 141.46419978, 40.60258497 ], [ 141.46420394, 40.6025762 ], [ 141.464214700000014, 40.60256461 ], [ 141.464226670000016, 40.60255339 ], [ 141.464235300000013, 40.60254461 ], [ 141.46424416, 40.60253033 ], [ 141.46425713, 40.60250413 ], [ 141.464269420000022, 40.60247589 ], [ 141.464275940000022, 40.60245575 ], [ 141.464280170000023, 40.60244017 ], [ 141.46428581, 40.60242364 ], [ 141.464292280000024, 40.60240767 ], [ 141.46429842, 40.60239359 ], [ 141.46430781, 40.60237561 ], [ 141.46432328, 40.60234869 ], [ 141.464340830000026, 40.60231761 ], [ 141.46435581, 40.60228897 ], [ 141.464368080000014, 40.60226459 ], [ 141.46437795, 40.60224528 ], [ 141.464385720000024, 40.60223036 ], [ 141.464391410000019, 40.60221917 ], [ 141.464396890000017, 40.60220914 ], [ 141.46440328, 40.60219867 ], [ 141.46440886000002, 40.60218817 ], [ 141.464412190000019, 40.60217825 ], [ 141.46441633, 40.60216725 ], [ 141.464423770000025, 40.60215377 ], [ 141.46443202, 40.60214069 ], [ 141.464437980000014, 40.60213031 ], [ 141.46444403000001, 40.60212044 ], [ 141.46445205, 40.60210869 ], [ 141.46445997, 40.60209695 ], [ 141.46446508, 40.60208728 ], [ 141.464469030000032, 40.60207869 ], [ 141.464473450000014, 40.60206967 ], [ 141.46447737, 40.60206136 ], [ 141.46447978, 40.60205414 ], [ 141.464481440000014, 40.60204314 ], [ 141.464483530000024, 40.60202475 ], [ 141.46448608, 40.60200708 ], [ 141.46448883, 40.60199808 ], [ 141.464491170000031, 40.601995 ], [ 141.464492550000017, 40.60199292 ], [ 141.464493, 40.60199014 ], [ 141.46449261, 40.60198564 ], [ 141.46449292, 40.60198003 ], [ 141.46449497, 40.60197372 ], [ 141.464497640000019, 40.60196714 ], [ 141.464499800000027, 40.6019602 ], [ 141.464502220000014, 40.60195161 ], [ 141.46450601, 40.6019398 ], [ 141.46451294000002, 40.60192328 ], [ 141.46452419000002, 40.60190189 ], [ 141.46453759000002, 40.60187964 ], [ 141.46455086, 40.60186047 ], [ 141.46456358, 40.60184303 ], [ 141.46457584, 40.60182531 ], [ 141.464589, 40.60180786 ], [ 141.46460411000001, 40.60179192 ], [ 141.464619810000016, 40.60177753 ], [ 141.46463423000003, 40.60176447 ], [ 141.464646250000015, 40.60175172 ], [ 141.46465606000001, 40.60173825 ], [ 141.464667390000017, 40.60172331 ], [ 141.46468306, 40.6017072 ], [ 141.464697590000014, 40.60169361 ], [ 141.46470603, 40.60168572 ], [ 141.46471462, 40.60168128 ], [ 141.464729440000013, 40.60167714 ], [ 141.464747760000023, 40.60167405 ], [ 141.46476497, 40.60167305 ], [ 141.464778690000031, 40.60167317 ], [ 141.464787780000023, 40.60167303 ], [ 141.46479414, 40.60167175 ], [ 141.46480073, 40.601668 ], [ 141.464810340000014, 40.60165859 ], [ 141.46482506000001, 40.60164139 ], [ 141.464843160000015, 40.6016205 ], [ 141.46486189, 40.60160095 ], [ 141.46487733, 40.60158492 ], [ 141.464887170000026, 40.60157333 ], [ 141.464896300000021, 40.60156517 ], [ 141.464909730000016, 40.60155897 ], [ 141.464925380000011, 40.60155484 ], [ 141.464940510000019, 40.60155314 ], [ 141.46495633, 40.60155269 ], [ 141.46497406, 40.60155233 ], [ 141.46499047, 40.60155197 ], [ 141.46500287, 40.6015518 ], [ 141.46501419, 40.60155095 ], [ 141.465028140000015, 40.60154841 ], [ 141.46504508000001, 40.60154339 ], [ 141.465064860000012, 40.60153525 ], [ 141.46508545, 40.60152561 ], [ 141.46510486, 40.60151622 ], [ 141.465122630000025, 40.60150811 ], [ 141.465139, 40.6015018 ], [ 141.46515467, 40.60149603 ], [ 141.46517008, 40.60148992 ], [ 141.46518419, 40.60148508 ], [ 141.46519659, 40.60148275 ], [ 141.465211480000022, 40.60148105 ], [ 141.465232360000016, 40.60147777 ], [ 141.465254640000012, 40.60147389 ], [ 141.465272920000018, 40.60147097 ], [ 141.465287, 40.60147092 ], [ 141.46529752, 40.60147436 ], [ 141.465304920000023, 40.60147964 ], [ 141.465309800000028, 40.60148475 ], [ 141.46531292, 40.60148887 ], [ 141.465315550000014, 40.60149184 ], [ 141.465319100000016, 40.60149461 ], [ 141.465324690000017, 40.60149836 ], [ 141.465331240000012, 40.60150336 ], [ 141.465337440000013, 40.60150964 ], [ 141.46534248, 40.60151653 ], [ 141.465345970000016, 40.601523 ], [ 141.465348150000011, 40.60152823 ], [ 141.46534947, 40.60153164 ], [ 141.46535222, 40.60153405 ], [ 141.46535745, 40.60153636 ], [ 141.465362670000019, 40.60153947 ], [ 141.465365530000014, 40.60154361 ], [ 141.46536864, 40.60154711 ], [ 141.465375060000014, 40.60154869 ], [ 141.46538275, 40.60155064 ], [ 141.46538953000001, 40.601555 ], [ 141.465393840000019, 40.6015612 ], [ 141.46539508, 40.60156823 ], [ 141.465395030000025, 40.60157533 ], [ 141.465395670000021, 40.60158208 ], [ 141.465398690000029, 40.60158775 ], [ 141.465405010000012, 40.60159167 ], [ 141.465411970000019, 40.60159425 ], [ 141.46541708, 40.6015962 ], [ 141.465422190000027, 40.60159967 ], [ 141.465429340000014, 40.60160575 ], [ 141.46543745, 40.60161184 ], [ 141.46544492000001, 40.60161514 ], [ 141.465451280000025, 40.60161511 ], [ 141.46545659, 40.60161175 ], [ 141.465460170000028, 40.60160569 ], [ 141.46546222, 40.60159747 ], [ 141.46546261, 40.60158864 ], [ 141.465461950000019, 40.60158056 ], [ 141.465461190000013, 40.60157389 ], [ 141.46546161, 40.60156867 ], [ 141.46546475, 40.60156369 ], [ 141.46547131, 40.60155744 ], [ 141.46547881, 40.60155084 ], [ 141.46548442, 40.60154467 ], [ 141.465487450000012, 40.60153853 ], [ 141.46548844000003, 40.60153214 ], [ 141.46548861, 40.60152608 ], [ 141.465490120000027, 40.60152095 ], [ 141.46549489, 40.60151597 ], [ 141.46550431, 40.60151005 ], [ 141.46551464, 40.60150417 ], [ 141.46552250000002, 40.6014988 ], [ 141.46553036, 40.6014922 ], [ 141.465540440000012, 40.60148295 ], [ 141.465549340000024, 40.60147333 ], [ 141.46555375, 40.60146639 ], [ 141.465556300000031, 40.60146151 ], [ 141.46556039, 40.60145753 ], [ 141.465567560000011, 40.60145325 ], [ 141.465578030000017, 40.60144761 ], [ 141.465589560000012, 40.60144117 ], [ 141.465599420000018, 40.60143444 ], [ 141.465607, 40.60142556 ], [ 141.465611970000026, 40.60141331 ], [ 141.46561492, 40.60140003 ], [ 141.465616590000025, 40.60138886 ], [ 141.465617660000021, 40.60137939 ], [ 141.465618300000017, 40.60137092 ], [ 141.465619560000022, 40.6013648 ], [ 141.46562178, 40.60136192 ], [ 141.46562472, 40.60136064 ], [ 141.46562789, 40.60135908 ], [ 141.465630800000014, 40.60135653 ], [ 141.465632920000019, 40.60135275 ], [ 141.465633920000016, 40.60134777 ], [ 141.46563387, 40.60134203 ], [ 141.465632390000025, 40.601336 ], [ 141.46562927, 40.60133008 ], [ 141.46562519, 40.60132505 ], [ 141.465621280000022, 40.60132128 ], [ 141.465619340000018, 40.60131761 ], [ 141.465621090000013, 40.60131284 ], [ 141.465625750000015, 40.6013082 ], [ 141.465632, 40.60130511 ], [ 141.46563881, 40.60130284 ], [ 141.465645420000016, 40.60130053 ], [ 141.465650700000026, 40.60129797 ], [ 141.465653990000021, 40.60129525 ], [ 141.46565562, 40.60129192 ], [ 141.465656390000021, 40.60128795 ], [ 141.46565684, 40.60128417 ], [ 141.465658, 40.60128156 ], [ 141.465660580000019, 40.60127992 ], [ 141.465665520000016, 40.60127944 ], [ 141.465671220000019, 40.60127987 ], [ 141.465676420000023, 40.60128128 ], [ 141.46568222, 40.60128267 ], [ 141.46568969, 40.60128353 ], [ 141.46569711, 40.6012835 ], [ 141.465702310000012, 40.60128231 ], [ 141.465705360000015, 40.60128011 ], [ 141.465706160000025, 40.60127697 ], [ 141.465704940000023, 40.60127347 ], [ 141.465701970000026, 40.60127013 ], [ 141.46569817, 40.60126747 ], [ 141.465694250000013, 40.60126595 ], [ 141.465689270000013, 40.60126536 ], [ 141.46568231, 40.6012652 ], [ 141.465675690000012, 40.60126525 ], [ 141.46567178, 40.60126492 ], [ 141.46567012, 40.60126347 ], [ 141.465669250000019, 40.60126033 ], [ 141.46566934, 40.6012562 ], [ 141.465670830000022, 40.60125086 ], [ 141.465675550000014, 40.60123939 ], [ 141.465684810000027, 40.60121864 ], [ 141.465695470000014, 40.60119605 ], [ 141.46570384, 40.60117997 ], [ 141.46570986, 40.60116922 ], [ 141.465714280000014, 40.60116084 ], [ 141.465718440000018, 40.60115233 ], [ 141.465723450000013, 40.60114214 ], [ 141.46572842, 40.60113184 ], [ 141.46573261, 40.60112328 ], [ 141.465736670000013, 40.60111639 ], [ 141.465741, 40.60111089 ], [ 141.46574508, 40.60110672 ], [ 141.46574872, 40.60110356 ], [ 141.465753410000019, 40.60110092 ], [ 141.465760730000028, 40.60109817 ], [ 141.46576803, 40.60109553 ], [ 141.465772720000018, 40.60109305 ], [ 141.465775190000016, 40.60109061 ], [ 141.465776230000017, 40.60108792 ], [ 141.46577584000002, 40.60108539 ], [ 141.46577406, 40.60108333 ], [ 141.46577192, 40.60108153 ], [ 141.465770470000024, 40.60107956 ], [ 141.46577008, 40.60107623 ], [ 141.465770510000027, 40.60107056 ], [ 141.4657708, 40.60106441 ], [ 141.465770640000017, 40.60105967 ], [ 141.465770730000031, 40.60105514 ], [ 141.46577231, 40.60104947 ], [ 141.46577639, 40.60104233 ], [ 141.46578292, 40.60103428 ], [ 141.465789360000031, 40.60102714 ], [ 141.465793220000023, 40.60102261 ], [ 141.46579555, 40.60101961 ], [ 141.465797760000015, 40.6010168 ], [ 141.46579961, 40.60101347 ], [ 141.465800170000023, 40.60100961 ], [ 141.465800250000029, 40.60100536 ], [ 141.465800560000019, 40.60100105 ], [ 141.465801950000014, 40.60099653 ], [ 141.46580484, 40.6009912 ], [ 141.465808440000018, 40.60098405 ], [ 141.46581236, 40.60097477 ], [ 141.46581667, 40.60096511 ], [ 141.465821530000028, 40.60095689 ], [ 141.46582586, 40.60095056 ], [ 141.46582817, 40.60094569 ], [ 141.46582905, 40.60094092 ], [ 141.46582973, 40.60093531 ], [ 141.465830860000011, 40.60093 ], [ 141.465833160000017, 40.60092584 ], [ 141.4658363, 40.60092041 ], [ 141.4658393, 40.60091175 ], [ 141.465841830000016, 40.60090247 ], [ 141.46584328, 40.60089517 ], [ 141.465844310000023, 40.60088931 ], [ 141.465845520000016, 40.60088353 ], [ 141.46584844000003, 40.60087731 ], [ 141.46585438, 40.60087033 ], [ 141.465861890000014, 40.60086228 ], [ 141.46588803, 40.60085222 ], [ 141.465912020000019, 40.60084131 ], [ 141.46593694, 40.60082944 ], [ 141.46596236000002, 40.60081669 ], [ 141.46598739, 40.60080351 ], [ 141.46601056, 40.60079103 ], [ 141.466030780000011, 40.60078039 ], [ 141.46604711, 40.60077075 ], [ 141.46605825, 40.60076097 ], [ 141.46606263000001, 40.60075078 ], [ 141.466059100000024, 40.60074017 ], [ 141.46604872, 40.60072797 ], [ 141.466033220000014, 40.60071292 ], [ 141.46601365, 40.60069223 ], [ 141.46599070000002, 40.60066344 ], [ 141.46596353000001, 40.60062639 ], [ 141.465961360000023, 40.600623 ], [ 141.46595847, 40.60061805 ], [ 141.46595523000002, 40.60061113 ], [ 141.4659528, 40.60060395 ], [ 141.465952610000016, 40.60059853 ], [ 141.465954580000016, 40.60059475 ], [ 141.465958110000031, 40.60059159 ], [ 141.46596222, 40.60058895 ], [ 141.465965860000011, 40.60058651 ], [ 141.46596939, 40.60058377 ], [ 141.465973110000022, 40.60057969 ], [ 141.465977200000026, 40.600573 ], [ 141.465981480000011, 40.60056264 ], [ 141.465985030000013, 40.60055089 ], [ 141.46598739, 40.60054025 ], [ 141.465989920000027, 40.60053125 ], [ 141.46599409, 40.60052347 ], [ 141.465999470000014, 40.60051577 ], [ 141.466005280000019, 40.60050764 ], [ 141.466010050000023, 40.60050061 ], [ 141.46601275, 40.600496 ], [ 141.466013530000026, 40.60049239 ], [ 141.46601302, 40.60048833 ], [ 141.466012050000018, 40.60048428 ], [ 141.466011190000017, 40.60048097 ], [ 141.46601114, 40.600477 ], [ 141.46601239, 40.60047113 ], [ 141.466014230000013, 40.6004652 ], [ 141.46601594, 40.60046103 ], [ 141.46601805, 40.60045759 ], [ 141.466020970000017, 40.60045361 ], [ 141.46602353, 40.60044892 ], [ 141.466025140000028, 40.60044333 ], [ 141.46602662, 40.60043739 ], [ 141.466028810000012, 40.60043151 ], [ 141.466031110000017, 40.60042628 ], [ 141.466033450000026, 40.60042203 ], [ 141.46603636, 40.60041859 ], [ 141.4660407, 40.60041569 ], [ 141.466045280000031, 40.60041295 ], [ 141.466049030000022, 40.60041005 ], [ 141.466051610000022, 40.6004068 ], [ 141.466052870000027, 40.6004032 ], [ 141.46605331, 40.6003995 ], [ 141.466053390000013, 40.60039617 ], [ 141.466052530000013, 40.60039311 ], [ 141.466050510000031, 40.60039013 ], [ 141.46604786, 40.60038736 ], [ 141.46604525, 40.60038495 ], [ 141.466043090000028, 40.60038189 ], [ 141.466041170000011, 40.6003775 ], [ 141.466040050000032, 40.60037192 ], [ 141.46604012, 40.60036553 ], [ 141.46604195, 40.60035875 ], [ 141.46604564, 40.60035208 ], [ 141.46604997, 40.60034628 ], [ 141.466053720000019, 40.60034211 ], [ 141.46605686, 40.60033833 ], [ 141.466059880000017, 40.60033397 ], [ 141.46606244000003, 40.60032975 ], [ 141.46606419, 40.60032659 ], [ 141.466064750000015, 40.60032377 ], [ 141.466064250000017, 40.60032028 ], [ 141.466063750000018, 40.60031639 ], [ 141.46606442, 40.60031233 ], [ 141.466066740000031, 40.60030811 ], [ 141.46607119, 40.60030359 ], [ 141.466075530000012, 40.60030003 ], [ 141.466078110000012, 40.6002985 ], [ 141.466080120000015, 40.60029795 ], [ 141.466082700000015, 40.60029703 ], [ 141.46608516, 40.60029531 ], [ 141.4660862, 40.60029251 ], [ 141.46608569, 40.60028889 ], [ 141.466083670000017, 40.60028478 ], [ 141.466080410000018, 40.60028056 ], [ 141.466076610000016, 40.60027669 ], [ 141.46607326, 40.60027303 ], [ 141.46607112, 40.600269 ], [ 141.466070120000012, 40.60026539 ], [ 141.46607056000002, 40.60026233 ], [ 141.46607384, 40.60025844 ], [ 141.466080510000012, 40.60025236 ], [ 141.466087660000028, 40.60024575 ], [ 141.466091750000032, 40.60024041 ], [ 141.46609358, 40.60023625 ], [ 141.46609462, 40.60023275 ], [ 141.466094940000033, 40.60022877 ], [ 141.466094670000018, 40.60022347 ], [ 141.466093890000025, 40.60021725 ], [ 141.466092780000025, 40.60021097 ], [ 141.46609272, 40.60020528 ], [ 141.466094450000014, 40.60020069 ], [ 141.46609652, 40.6001968 ], [ 141.46609745, 40.60019356 ], [ 141.46609730000003, 40.60019031 ], [ 141.466097390000016, 40.60018644 ], [ 141.466099220000018, 40.60018111 ], [ 141.46610375, 40.60017425 ], [ 141.466108420000012, 40.60016728 ], [ 141.466110730000025, 40.60016205 ], [ 141.466112220000014, 40.60015753 ], [ 141.466115140000028, 40.60015267 ], [ 141.46611980000003, 40.60014751 ], [ 141.466125550000015, 40.60014261 ], [ 141.466130830000026, 40.60013853 ], [ 141.466134470000014, 40.60013544 ], [ 141.466136690000013, 40.60013256 ], [ 141.466137950000018, 40.60012895 ], [ 141.46613876, 40.60012477 ], [ 141.46613881, 40.6001202 ], [ 141.466137950000018, 40.60011541 ], [ 141.46613589, 40.60011051 ], [ 141.466133720000016, 40.600106 ], [ 141.466132610000017, 40.60010231 ], [ 141.466132830000021, 40.60009905 ], [ 141.466134550000021, 40.60009556 ], [ 141.46613997, 40.60009092 ], [ 141.46615005000001, 40.60008439 ], [ 141.466161920000019, 40.60007659 ], [ 141.466172480000012, 40.60006851 ], [ 141.466182700000019, 40.60006053 ], [ 141.46619419000001, 40.60005317 ], [ 141.46620630000001, 40.60004625 ], [ 141.466218520000012, 40.60003978 ], [ 141.46623144, 40.60003322 ], [ 141.46624545, 40.60002603 ], [ 141.46625778, 40.60001878 ], [ 141.466266470000022, 40.60001141 ], [ 141.466273840000014, 40.60000336 ], [ 141.466276980000032, 40.6 ], [ 141.4662825, 40.59999414 ], [ 141.466289860000018, 40.59998564 ], [ 141.46629311, 40.59997959 ], [ 141.466293650000011, 40.59997425 ], [ 141.466293580000013, 40.59996769 ], [ 141.4662935, 40.59996022 ], [ 141.466293310000026, 40.59995228 ], [ 141.4662917, 40.59994347 ], [ 141.46628759, 40.59993323 ], [ 141.46628075000001, 40.59992139 ], [ 141.466272, 40.59990872 ], [ 141.46626397, 40.59989805 ], [ 141.466259200000025, 40.59989159 ], [ 141.466256890000011, 40.59988664 ], [ 141.46625542000001, 40.59988017 ], [ 141.46625523, 40.59987261 ], [ 141.46625681, 40.59986503 ], [ 141.466258760000017, 40.599859 ], [ 141.466259920000027, 40.59985547 ], [ 141.46626047, 40.59985313 ], [ 141.466260920000025, 40.59985069 ], [ 141.466261390000028, 40.59984836 ], [ 141.466261950000018, 40.59984644 ], [ 141.46626322000003, 40.59984367 ], [ 141.46626555, 40.59983887 ], [ 141.46626667000001, 40.59983384 ], [ 141.46626464000002, 40.59983022 ], [ 141.466261090000017, 40.59982817 ], [ 141.466257860000013, 40.59982675 ], [ 141.466255840000031, 40.59982389 ], [ 141.46625508, 40.59981831 ], [ 141.46625477, 40.59981236 ], [ 141.466254140000018, 40.59980867 ], [ 141.46625309, 40.59980669 ], [ 141.466251630000016, 40.59980528 ], [ 141.46624986, 40.59980411 ], [ 141.466247720000013, 40.59980286 ], [ 141.46624581, 40.59979989 ], [ 141.466244690000025, 40.59979422 ], [ 141.466245330000021, 40.5997882 ], [ 141.466248150000013, 40.59978431 ], [ 141.46625236, 40.59978256 ], [ 141.466256860000016, 40.59978236 ], [ 141.4662609, 40.59978278 ], [ 141.466263840000011, 40.59978278 ], [ 141.466265720000024, 40.59978133 ], [ 141.466266980000029, 40.59977808 ], [ 141.46626742, 40.59977392 ], [ 141.46626713, 40.59977005 ], [ 141.46626652, 40.59976692 ], [ 141.46626591, 40.59976431 ], [ 141.466265280000016, 40.59976113 ], [ 141.46626501, 40.59975684 ], [ 141.46626591, 40.59975205 ], [ 141.466268470000017, 40.59974789 ], [ 141.46627139, 40.59974339 ], [ 141.466273450000017, 40.59973786 ], [ 141.466275280000019, 40.59973228 ], [ 141.466277500000018, 40.59972759 ], [ 141.466278750000015, 40.59972325 ], [ 141.466278220000021, 40.59971867 ], [ 141.466277250000019, 40.59971397 ], [ 141.4662772, 40.59970959 ], [ 141.466276810000011, 40.59970561 ], [ 141.466274770000012, 40.59970239 ], [ 141.46627192, 40.59970005 ], [ 141.46626953, 40.59969853 ], [ 141.466268, 40.599697 ], [ 141.466267720000019, 40.59969467 ], [ 141.466269470000015, 40.59969222 ], [ 141.466274060000018, 40.59969041 ], [ 141.466280080000018, 40.59968939 ], [ 141.46628575, 40.59968872 ], [ 141.466290220000019, 40.59968689 ], [ 141.46629336, 40.59968272 ], [ 141.46629569000001, 40.59967803 ], [ 141.46629825, 40.59967486 ], [ 141.466300250000018, 40.59967325 ], [ 141.46630144, 40.59967261 ], [ 141.466302720000016, 40.59967251 ], [ 141.46630497000001, 40.59967205 ], [ 141.466307910000012, 40.59967123 ], [ 141.46631075, 40.59966987 ], [ 141.466312720000019, 40.59966814 ], [ 141.46631306, 40.59966589 ], [ 141.466311850000011, 40.599663 ], [ 141.466309470000027, 40.59965933 ], [ 141.466306590000016, 40.59965572 ], [ 141.466304330000014, 40.59965322 ], [ 141.466303, 40.59965133 ], [ 141.466302970000015, 40.59964936 ], [ 141.46630414, 40.599647 ], [ 141.46630625, 40.59964375 ], [ 141.466309170000017, 40.59963997 ], [ 141.46631231, 40.59963608 ], [ 141.466315010000017, 40.5996322 ], [ 141.466316130000024, 40.59962859 ], [ 141.46631553, 40.59962533 ], [ 141.466313360000015, 40.59962272 ], [ 141.46631075, 40.59962067 ], [ 141.466308490000017, 40.59961925 ], [ 141.466306840000016, 40.59961756 ], [ 141.46630586, 40.59961495 ], [ 141.466305690000013, 40.59961197 ], [ 141.466306390000028, 40.59960936 ], [ 141.466307780000022, 40.59960672 ], [ 141.466309880000011, 40.59960367 ], [ 141.466311500000018, 40.5996005 ], [ 141.466311830000024, 40.59959753 ], [ 141.4663117, 40.59959508 ], [ 141.466312140000014, 40.59959295 ], [ 141.466313550000024, 40.59959122 ], [ 141.46631636, 40.59958959 ], [ 141.466319780000021, 40.59958739 ], [ 141.46632292000001, 40.59958395 ], [ 141.466325620000021, 40.59958017 ], [ 141.466327690000014, 40.59957672 ], [ 141.466328980000014, 40.59957367 ], [ 141.466329420000022, 40.59957077 ], [ 141.46632939, 40.59956808 ], [ 141.46632961, 40.59956564 ], [ 141.46633064, 40.59956284 ], [ 141.466332970000025, 40.59955922 ], [ 141.46633577, 40.59955541 ], [ 141.466338220000011, 40.59955189 ], [ 141.46634056000002, 40.59954892 ], [ 141.46634336, 40.59954639 ], [ 141.46634642, 40.59954375 ], [ 141.46634911000001, 40.5995405 ], [ 141.466350730000016, 40.59953741 ], [ 141.466351170000024, 40.59953517 ], [ 141.46634986, 40.59953356 ], [ 141.466347, 40.59953195 ], [ 141.46634370000001, 40.59953017 ], [ 141.46634119, 40.5995282 ], [ 141.46633975, 40.59952622 ], [ 141.466339030000029, 40.59952397 ], [ 141.466338520000022, 40.59952136 ], [ 141.466337420000031, 40.59951805 ], [ 141.46633681, 40.59951425 ], [ 141.466337720000013, 40.59951031 ], [ 141.466340390000028, 40.5995065 ], [ 141.46634438000001, 40.59950333 ], [ 141.466348720000013, 40.59950078 ], [ 141.46635224000002, 40.59949851 ], [ 141.46635484, 40.59949633 ], [ 141.46635659, 40.59949397 ], [ 141.466357610000017, 40.59949047 ], [ 141.46635791, 40.59948541 ], [ 141.466357860000016, 40.59948028 ], [ 141.466357720000019, 40.59947633 ], [ 141.46635756, 40.59947325 ], [ 141.46635752, 40.59947039 ], [ 141.466358220000018, 40.59946759 ], [ 141.46635973, 40.59946505 ], [ 141.466361950000021, 40.59946253 ], [ 141.46636428, 40.59945964 ], [ 141.46636591, 40.59945684 ], [ 141.466366830000027, 40.59945456 ], [ 141.466367890000015, 40.59945177 ], [ 141.46637031, 40.59944725 ], [ 141.466374140000028, 40.59944039 ], [ 141.466378910000032, 40.59943153 ], [ 141.466383770000022, 40.59942233 ], [ 141.46638844, 40.59941484 ], [ 141.466393, 40.59940923 ], [ 141.466397810000018, 40.59940541 ], [ 141.46640217, 40.59940278 ], [ 141.466405550000019, 40.59940059 ], [ 141.466407520000018, 40.59939741 ], [ 141.466408560000019, 40.59939192 ], [ 141.466409780000021, 40.59938544 ], [ 141.4664127, 40.59937931 ], [ 141.466416520000024, 40.59937405 ], [ 141.466420390000025, 40.5993698 ], [ 141.466424, 40.59936508 ], [ 141.4664275, 40.59935895 ], [ 141.46643051, 40.59935253 ], [ 141.46643248, 40.59934714 ], [ 141.46643394, 40.59934233 ], [ 141.46643523, 40.59933756 ], [ 141.466436690000023, 40.59933314 ], [ 141.46643881, 40.59932961 ], [ 141.46644314, 40.59932592 ], [ 141.46645017000003, 40.59932108 ], [ 141.46645711, 40.59931556 ], [ 141.46646131, 40.59931005 ], [ 141.46646339, 40.59930536 ], [ 141.466464420000023, 40.599302 ], [ 141.46646475, 40.59929959 ], [ 141.466464620000011, 40.59929741 ], [ 141.46646292, 40.59929492 ], [ 141.466459250000014, 40.59929159 ], [ 141.466455520000011, 40.59928811 ], [ 141.46645375, 40.59928514 ], [ 141.46645394, 40.5992828 ], [ 141.46645584, 40.59928097 ], [ 141.46645842, 40.59927953 ], [ 141.466461220000014, 40.59927789 ], [ 141.466463330000011, 40.59927564 ], [ 141.4664645, 40.59927228 ], [ 141.46646411, 40.59926833 ], [ 141.466461800000019, 40.59926456 ], [ 141.46645905, 40.59926117 ], [ 141.466457500000018, 40.59925792 ], [ 141.466458280000012, 40.59925322 ], [ 141.46646175, 40.599246 ], [ 141.46646569, 40.59923869 ], [ 141.4664673, 40.59923384 ], [ 141.46646562, 40.59922941 ], [ 141.466460730000023, 40.59922359 ], [ 141.46645523, 40.59921759 ], [ 141.46645211, 40.59921284 ], [ 141.466452530000026, 40.59920769 ], [ 141.466456610000023, 40.59920072 ], [ 141.46646161000001, 40.59919378 ], [ 141.466464890000026, 40.5991888 ], [ 141.466467560000012, 40.5991852 ], [ 141.46647109, 40.59918211 ], [ 141.46647589, 40.5991792 ], [ 141.466482140000011, 40.59917672 ], [ 141.466489920000015, 40.59917453 ], [ 141.466498880000017, 40.59917267 ], [ 141.46650703, 40.599171 ], [ 141.466512550000033, 40.59916936 ], [ 141.466516300000023, 40.59916753 ], [ 141.46651961, 40.59916528 ], [ 141.466522170000019, 40.59916272 ], [ 141.46652370000001, 40.59916003 ], [ 141.46652377, 40.59915731 ], [ 141.46652294, 40.59915489 ], [ 141.466521140000026, 40.59915228 ], [ 141.466518980000018, 40.59914925 ], [ 141.466517520000025, 40.59914547 ], [ 141.466517610000011, 40.59914114 ], [ 141.4665185, 40.59913717 ], [ 141.46651978, 40.59913428 ], [ 141.46652248, 40.59913203 ], [ 141.46652837, 40.59912992 ], [ 141.466536720000022, 40.59912761 ], [ 141.466546390000019, 40.59912505 ], [ 141.466555230000012, 40.59912203 ], [ 141.466561220000017, 40.59911856 ], [ 141.466565190000011, 40.59911475 ], [ 141.46656825, 40.5991105 ], [ 141.4665708, 40.59910617 ], [ 141.466573110000013, 40.59910203 ], [ 141.466575330000012, 40.59909769 ], [ 141.466577640000025, 40.599093 ], [ 141.46658008, 40.59908747 ], [ 141.466583090000029, 40.59908072 ], [ 141.466586330000013, 40.59907367 ], [ 141.466589920000018, 40.59906733 ], [ 141.466592720000023, 40.59906247 ], [ 141.466594110000017, 40.59905922 ], [ 141.46659431, 40.59905678 ], [ 141.4665937, 40.59905453 ], [ 141.46659202, 40.59905239 ], [ 141.46658883, 40.59905041 ], [ 141.46658419000002, 40.59904836 ], [ 141.46657815, 40.59904633 ], [ 141.466572580000019, 40.59904439 ], [ 141.4665683, 40.59904305 ], [ 141.46656416, 40.59904217 ], [ 141.46655883, 40.59904151 ], [ 141.4665535, 40.59903989 ], [ 141.466549800000024, 40.59903678 ], [ 141.466547890000015, 40.59903308 ], [ 141.46654713, 40.59902947 ], [ 141.46654722, 40.59902497 ], [ 141.46654752, 40.59901823 ], [ 141.466548500000016, 40.59901011 ], [ 141.46655103, 40.59900192 ], [ 141.4665545, 40.5989945 ], [ 141.466558690000028, 40.59898836 ], [ 141.46656336, 40.59898303 ], [ 141.466568420000016, 40.59897823 ], [ 141.466573220000015, 40.59897431 ], [ 141.466576980000013, 40.59897178 ], [ 141.466579560000014, 40.59896969 ], [ 141.466580830000026, 40.59896725 ], [ 141.466581170000012, 40.59896456 ], [ 141.466580420000014, 40.59896175 ], [ 141.46657934000001, 40.59895889 ], [ 141.46657847, 40.59895584 ], [ 141.46657761, 40.59895277 ], [ 141.466576520000018, 40.59894997 ], [ 141.466575300000017, 40.59894675 ], [ 141.466573970000013, 40.59894269 ], [ 141.46657263, 40.59893867 ], [ 141.46657109, 40.59893578 ], [ 141.46657, 40.59893372 ], [ 141.46657012, 40.598932 ], [ 141.466572090000028, 40.59892975 ], [ 141.46657608000001, 40.59892631 ], [ 141.46658027, 40.59892286 ], [ 141.466583220000018, 40.59892051 ], [ 141.466585580000014, 40.59891877 ], [ 141.46658839, 40.59891705 ], [ 141.46659109, 40.59891567 ], [ 141.46659309, 40.59891467 ], [ 141.46659462, 40.59891359 ], [ 141.466595550000022, 40.59891125 ], [ 141.46659655, 40.59890511 ], [ 141.46659822, 40.59889395 ], [ 141.46660128000002, 40.59888103 ], [ 141.46660614000001, 40.5988702 ], [ 141.466611140000026, 40.5988618 ], [ 141.466614860000021, 40.5988552 ], [ 141.46661764000001, 40.59884925 ], [ 141.46661995, 40.59884284 ], [ 141.466622020000017, 40.59883697 ], [ 141.466623640000023, 40.59883284 ], [ 141.466625140000019, 40.59882923 ], [ 141.466626640000015, 40.59882505 ], [ 141.466627660000029, 40.59882092 ], [ 141.466628220000018, 40.59881751 ], [ 141.4666282, 40.59881469 ], [ 141.46662781, 40.598812 ], [ 141.466627300000027, 40.59880911 ], [ 141.46662691, 40.59880569 ], [ 141.466626670000011, 40.59880244 ], [ 141.466626640000015, 40.59879967 ], [ 141.466626830000024, 40.59879641 ], [ 141.46662713, 40.59879156 ], [ 141.46662803000001, 40.59878578 ], [ 141.46662953, 40.59878011 ], [ 141.466631730000017, 40.59877487 ], [ 141.466634140000025, 40.59877017 ], [ 141.46663647, 40.59876475 ], [ 141.466638750000016, 40.59875744 ], [ 141.466640800000022, 40.59874913 ], [ 141.466643190000013, 40.59874095 ], [ 141.46664608, 40.598733 ], [ 141.466649780000012, 40.59872505 ], [ 141.46665339, 40.5987172 ], [ 141.46665625, 40.59870972 ], [ 141.466657860000026, 40.59870323 ], [ 141.466658270000011, 40.59869808 ], [ 141.466658110000026, 40.59869359 ], [ 141.4666583, 40.59868872 ], [ 141.46665966, 40.59868384 ], [ 141.466662830000018, 40.59867913 ], [ 141.46666667, 40.59867544 ], [ 141.466667170000022, 40.59867497 ], [ 141.466672090000031, 40.59867108 ], [ 141.466676740000025, 40.5986662 ], [ 141.46668073, 40.59865951 ], [ 141.466683140000015, 40.59865292 ], [ 141.46668403000001, 40.59864805 ], [ 141.466683640000014, 40.59864308 ], [ 141.466682500000019, 40.598636 ], [ 141.466681240000014, 40.59862825 ], [ 141.466680250000024, 40.59862159 ], [ 141.466680780000019, 40.59861636 ], [ 141.4666837, 40.59861195 ], [ 141.46668803, 40.59860695 ], [ 141.46669234, 40.59860036 ], [ 141.46669591, 40.59859286 ], [ 141.466698560000026, 40.59858536 ], [ 141.46670075, 40.59857889 ], [ 141.466703310000014, 40.598574 ], [ 141.46670647000002, 40.59857056 ], [ 141.46671022000001, 40.59856811 ], [ 141.46671292, 40.59856531 ], [ 141.46671348000001, 40.59856133 ], [ 141.466713310000017, 40.59855684 ], [ 141.46671361, 40.59855225 ], [ 141.466714280000019, 40.59854728 ], [ 141.466714920000015, 40.59854125 ], [ 141.46671674000001, 40.5985352 ], [ 141.46672025, 40.59853013 ], [ 141.466723890000026, 40.59852561 ], [ 141.46672608, 40.59852075 ], [ 141.466727080000027, 40.59851551 ], [ 141.466727390000017, 40.59850992 ], [ 141.46672781, 40.59850361 ], [ 141.466728690000025, 40.59849678 ], [ 141.46673064, 40.59848992 ], [ 141.46673353, 40.59848413 ], [ 141.46673608, 40.59847953 ], [ 141.46673711, 40.59847592 ], [ 141.466736280000021, 40.59847322 ], [ 141.46673365, 40.59847133 ], [ 141.466730800000022, 40.59847 ], [ 141.466729140000012, 40.59846895 ], [ 141.46672842000001, 40.59846787 ], [ 141.466728390000014, 40.59846633 ], [ 141.46673039, 40.59846325 ], [ 141.466735160000013, 40.5984582 ], [ 141.466741500000012, 40.59845175 ], [ 141.466747950000013, 40.59844513 ], [ 141.466752940000021, 40.59843864 ], [ 141.46675608000001, 40.59843259 ], [ 141.46675886, 40.59842644 ], [ 141.46676258, 40.59841986 ], [ 141.46676616000002, 40.59841272 ], [ 141.466768, 40.59840569 ], [ 141.466769, 40.59839928 ], [ 141.466770250000025, 40.59839422 ], [ 141.466771630000011, 40.59839053 ], [ 141.466773390000014, 40.59838828 ], [ 141.466776330000016, 40.59838753 ], [ 141.46678141000001, 40.59838831 ], [ 141.466788520000023, 40.5983898 ], [ 141.46679691, 40.5983912 ], [ 141.466804140000022, 40.59839241 ], [ 141.466808300000025, 40.59839331 ], [ 141.46681042, 40.59839392 ], [ 141.46681292, 40.59839372 ], [ 141.466813480000013, 40.59839228 ], [ 141.46681322, 40.59838995 ], [ 141.46681189, 40.59838689 ], [ 141.466809970000014, 40.59838375 ], [ 141.46680795, 40.59838133 ], [ 141.46680533, 40.59837908 ], [ 141.46680211, 40.5983765 ], [ 141.466799110000011, 40.598373 ], [ 141.46679706, 40.59836825 ], [ 141.466795720000022, 40.59836259 ], [ 141.46679484, 40.59835608 ], [ 141.466795840000032, 40.59834913 ], [ 141.46679978, 40.59834184 ], [ 141.46680655, 40.59833531 ], [ 141.466815380000014, 40.59833031 ], [ 141.46682481000002, 40.59832656 ], [ 141.46683339, 40.59832336 ], [ 141.466841390000013, 40.59831936 ], [ 141.466848660000011, 40.5983132 ], [ 141.466854470000015, 40.59830453 ], [ 141.466857910000016, 40.59829333 ], [ 141.466859590000013, 40.59828117 ], [ 141.46686005, 40.59826936 ], [ 141.466859250000027, 40.59825811 ], [ 141.46685713, 40.59824723 ], [ 141.466855380000027, 40.59823689 ], [ 141.466855280000033, 40.59822717 ], [ 141.466855910000021, 40.59821778 ], [ 141.466855690000017, 40.59820878 ], [ 141.46685492, 40.5982015 ], [ 141.46685394, 40.59819708 ], [ 141.466852390000014, 40.59819447 ], [ 141.46685022, 40.59819233 ], [ 141.466847980000011, 40.59819017 ], [ 141.466846280000027, 40.59818784 ], [ 141.466844470000012, 40.59818469 ], [ 141.466841720000019, 40.59818031 ], [ 141.466838390000021, 40.59817572 ], [ 141.46683538000002, 40.59817189 ], [ 141.466833330000014, 40.59816811 ], [ 141.466832480000022, 40.59816378 ], [ 141.466833260000016, 40.59815911 ], [ 141.46683594000001, 40.59815467 ], [ 141.466839560000011, 40.59815013 ], [ 141.46684328, 40.59814528 ], [ 141.46684678, 40.59814011 ], [ 141.46684958000003, 40.59813505 ], [ 141.466851780000013, 40.59812964 ], [ 141.466853360000016, 40.59812359 ], [ 141.466854360000013, 40.5981172 ], [ 141.46685514, 40.5981108 ], [ 141.46685555000002, 40.59810511 ], [ 141.46685586000001, 40.59809997 ], [ 141.46685614, 40.59809214 ], [ 141.46685672000001, 40.5980788 ], [ 141.46685917, 40.59806205 ], [ 141.46686445, 40.598045 ], [ 141.466870780000022, 40.59802947 ], [ 141.46687655, 40.5980162 ], [ 141.466882240000018, 40.59800428 ], [ 141.46688828, 40.5979928 ], [ 141.466894450000012, 40.59798369 ], [ 141.46689973, 40.59797869 ], [ 141.466904090000014, 40.59797597 ], [ 141.46690711, 40.597973 ], [ 141.466908390000015, 40.59796867 ], [ 141.466907610000021, 40.59796253 ], [ 141.466906350000016, 40.59795641 ], [ 141.46690623, 40.59795192 ], [ 141.466906890000018, 40.59794831 ], [ 141.466907660000032, 40.59794469 ], [ 141.466908, 40.59794047 ], [ 141.46690759, 40.59793569 ], [ 141.46690684, 40.5979312 ], [ 141.46690645000001, 40.59792761 ], [ 141.466906670000014, 40.59792436 ], [ 141.46690781, 40.59792047 ], [ 141.46690966, 40.59791659 ], [ 141.46691175, 40.59791308 ], [ 141.466914090000017, 40.59790964 ], [ 141.466917, 40.59790556 ], [ 141.46691966, 40.59790151 ], [ 141.46692153, 40.59789772 ], [ 141.466922550000021, 40.59789375 ], [ 141.46692311000001, 40.59788905 ], [ 141.46692353, 40.5978842 ], [ 141.466924310000024, 40.59787978 ], [ 141.466926280000024, 40.5978748 ], [ 141.466929420000014, 40.59786867 ], [ 141.46693195, 40.59786236 ], [ 141.466932140000011, 40.59785711 ], [ 141.466931030000012, 40.5978528 ], [ 141.46693027, 40.59784903 ], [ 141.466930360000021, 40.59784517 ], [ 141.466931140000014, 40.59784056 ], [ 141.466933110000014, 40.59783441 ], [ 141.46693611, 40.59782647 ], [ 141.46693958000003, 40.5978188 ], [ 141.466942830000022, 40.59781311 ], [ 141.46694575, 40.59780877 ], [ 141.466948050000013, 40.59780453 ], [ 141.466950140000023, 40.59779992 ], [ 141.46695211, 40.59779461 ], [ 141.466953800000027, 40.59778828 ], [ 141.46695528, 40.59778117 ], [ 141.466956740000029, 40.59777475 ], [ 141.4669585, 40.59777041 ], [ 141.466960250000028, 40.5977678 ], [ 141.466961390000023, 40.59776572 ], [ 141.4669628, 40.59776339 ], [ 141.466965250000015, 40.59775995 ], [ 141.46696817, 40.59775613 ], [ 141.466971340000015, 40.59775269 ], [ 141.46697484, 40.59774964 ], [ 141.4669792, 40.5977468 ], [ 141.466985060000013, 40.59774353 ], [ 141.46699258000001, 40.59773944 ], [ 141.466999750000014, 40.59773489 ], [ 141.467004420000023, 40.5977302 ], [ 141.467006640000022, 40.5977255 ], [ 141.46700694, 40.5977208 ], [ 141.46700655, 40.59771659 ], [ 141.467006740000016, 40.59771341 ], [ 141.46700815, 40.59771064 ], [ 141.467010730000027, 40.59770756 ], [ 141.46701506, 40.59770447 ], [ 141.4670207, 40.59770156 ], [ 141.46702647, 40.59769892 ], [ 141.467030920000013, 40.59769628 ], [ 141.467033970000017, 40.59769311 ], [ 141.467035840000023, 40.59768931 ], [ 141.46703803, 40.59768541 ], [ 141.467041560000013, 40.59768208 ], [ 141.46704553, 40.59767908 ], [ 141.46704917, 40.59767608 ], [ 141.467052560000013, 40.59767067 ], [ 141.467056720000016, 40.59766156 ], [ 141.46706158, 40.59765169 ], [ 141.467067300000025, 40.59764439 ], [ 141.46707258, 40.59763939 ], [ 141.467076670000012, 40.59763559 ], [ 141.46708161, 40.59763241 ], [ 141.467089030000011, 40.59762959 ], [ 141.46709678, 40.59762684 ], [ 141.467102670000031, 40.59762375 ], [ 141.467106280000024, 40.59761914 ], [ 141.46710834000001, 40.59761192 ], [ 141.467110140000017, 40.59760289 ], [ 141.467113, 40.59759317 ], [ 141.467118, 40.59758303 ], [ 141.467125940000017, 40.59757272 ], [ 141.467135160000026, 40.59756269 ], [ 141.46714406000001, 40.59755336 ], [ 141.467151090000016, 40.59754522 ], [ 141.467155140000017, 40.59753844 ], [ 141.467157, 40.5975332 ], [ 141.467157300000025, 40.59752969 ], [ 141.46715623, 40.5975268 ], [ 141.467153700000011, 40.59752341 ], [ 141.46714964, 40.5975192 ], [ 141.467144280000014, 40.59751408 ], [ 141.467138660000018, 40.59750764 ], [ 141.467133390000015, 40.59749992 ], [ 141.467129300000011, 40.59749292 ], [ 141.46712713, 40.59748805 ], [ 141.467127080000012, 40.59748275 ], [ 141.467128780000024, 40.59747436 ], [ 141.467130830000031, 40.59746444 ], [ 141.46713134, 40.59745489 ], [ 141.467130170000019, 40.59744564 ], [ 141.46712713, 40.59743611 ], [ 141.46712326, 40.59742667 ], [ 141.467119270000012, 40.59741777 ], [ 141.467116130000022, 40.5974105 ], [ 141.467115030000031, 40.59740564 ], [ 141.467115940000014, 40.59740211 ], [ 141.46711922, 40.59739851 ], [ 141.467124110000015, 40.59739305 ], [ 141.46713005, 40.59738467 ], [ 141.467137060000027, 40.59737533 ], [ 141.46714455, 40.59736747 ], [ 141.46715122, 40.59736014 ], [ 141.467156, 40.59735236 ], [ 141.467159690000017, 40.59734522 ], [ 141.467163920000019, 40.59733997 ], [ 141.46716847, 40.59733644 ], [ 141.467172940000012, 40.597334 ], [ 141.467177890000016, 40.59733125 ], [ 141.46718328, 40.59732708 ], [ 141.46718808, 40.59732156 ], [ 141.46719097, 40.59731525 ], [ 141.467192220000015, 40.59730931 ], [ 141.46719217, 40.5973048 ], [ 141.46718988, 40.5973012 ], [ 141.467184770000017, 40.59729808 ], [ 141.467178030000014, 40.59729586 ], [ 141.467171170000029, 40.59729492 ], [ 141.467165500000021, 40.59729523 ], [ 141.467162090000016, 40.59729631 ], [ 141.46715986000001, 40.59729803 ], [ 141.467157500000013, 40.59729995 ], [ 141.467155030000015, 40.59730139 ], [ 141.467152670000019, 40.59730186 ], [ 141.46715161, 40.59730033 ], [ 141.467152630000015, 40.59729636 ], [ 141.46715506000001, 40.59729175 ], [ 141.467157860000015, 40.59728797 ], [ 141.46716244000001, 40.59728497 ], [ 141.46716949, 40.59728223 ], [ 141.46717691, 40.59727995 ], [ 141.467182220000012, 40.59727784 ], [ 141.46718633, 40.59727475 ], [ 141.46719017, 40.59726933 ], [ 141.467193310000027, 40.597263 ], [ 141.46719514000003, 40.59725723 ], [ 141.46719733, 40.59725164 ], [ 141.46720095, 40.59724584 ], [ 141.467204920000029, 40.59724041 ], [ 141.467207590000015, 40.59723625 ], [ 141.46720944, 40.59723239 ], [ 141.467210830000027, 40.59722797 ], [ 141.467211240000012, 40.59722284 ], [ 141.467210610000024, 40.59721717 ], [ 141.467209140000023, 40.59721223 ], [ 141.467207910000013, 40.5972088 ], [ 141.467207660000014, 40.597206 ], [ 141.467208910000011, 40.59720267 ], [ 141.467211970000022, 40.59719922 ], [ 141.467216300000018, 40.59719631 ], [ 141.467220420000018, 40.59719269 ], [ 141.46722283, 40.59718756 ], [ 141.467222920000012, 40.59718141 ], [ 141.467220830000031, 40.59717531 ], [ 141.46721808, 40.59717064 ], [ 141.467216740000026, 40.59716795 ], [ 141.467217910000016, 40.59716633 ], [ 141.46722202, 40.59716459 ], [ 141.467226980000021, 40.59716303 ], [ 141.46723075, 40.59716203 ], [ 141.46723394, 40.59716084 ], [ 141.46723781, 40.59715847 ], [ 141.467241090000016, 40.59715475 ], [ 141.467242700000014, 40.5971498 ], [ 141.467244060000013, 40.59714464 ], [ 141.467246610000018, 40.59714005 ], [ 141.46724881, 40.59713525 ], [ 141.467249110000012, 40.59712967 ], [ 141.46724742, 40.59712456 ], [ 141.467244420000014, 40.59712113 ], [ 141.46724158, 40.59711892 ], [ 141.46724014000003, 40.59711703 ], [ 141.46724022, 40.59711441 ], [ 141.46724161, 40.59711072 ], [ 141.467244060000013, 40.59710647 ], [ 141.467246980000027, 40.59710231 ], [ 141.46725, 40.59709869 ], [ 141.46725294, 40.59709589 ], [ 141.46725611, 40.59709317 ], [ 141.46725973, 40.59708964 ], [ 141.467262410000018, 40.59708584 ], [ 141.46726297, 40.59708251 ], [ 141.46726175, 40.59707936 ], [ 141.467259250000012, 40.59707631 ], [ 141.467256390000017, 40.5970738 ], [ 141.467254250000025, 40.5970722 ], [ 141.46725375, 40.59707111 ], [ 141.467255420000015, 40.59707039 ], [ 141.46725859, 40.59706984 ], [ 141.46726261, 40.59706953 ], [ 141.467266610000024, 40.59706905 ], [ 141.467269800000025, 40.59706797 ], [ 141.46727156, 40.59706589 ], [ 141.467271530000033, 40.59706292 ], [ 141.467270440000021, 40.59705995 ], [ 141.467268890000014, 40.59705789 ], [ 141.467266860000024, 40.59705592 ], [ 141.46726411, 40.59705331 ], [ 141.467261830000012, 40.59705025 ], [ 141.467261220000012, 40.5970472 ], [ 141.467263450000019, 40.59704431 ], [ 141.467268610000019, 40.59704175 ], [ 141.467274250000031, 40.59703956 ], [ 141.46727791, 40.59703784 ], [ 141.467279780000013, 40.59703584 ], [ 141.46728034, 40.59703322 ], [ 141.46727973, 40.59703044 ], [ 141.46727805, 40.59702839 ], [ 141.467274140000029, 40.59702751 ], [ 141.467267780000014, 40.59702808 ], [ 141.467261170000029, 40.59702947 ], [ 141.46725681, 40.59703092 ], [ 141.467254110000027, 40.59703159 ], [ 141.46725244000001, 40.59703095 ], [ 141.467252410000015, 40.59702897 ], [ 141.46725475, 40.59702589 ], [ 141.46725828000001, 40.59702253 ], [ 141.46726189, 40.59701964 ], [ 141.467265890000021, 40.59701692 ], [ 141.467270730000024, 40.59701428 ], [ 141.467275300000011, 40.59701156 ], [ 141.467278910000033, 40.59700847 ], [ 141.46728092, 40.59700547 ], [ 141.467281220000018, 40.59700241 ], [ 141.467281190000023, 40.59699728 ], [ 141.4672818, 40.59698917 ], [ 141.46728353, 40.59698117 ], [ 141.467286300000012, 40.59697644 ], [ 141.46728969000003, 40.59697392 ], [ 141.46729289000001, 40.59697175 ], [ 141.46729547000001, 40.59696992 ], [ 141.46729733, 40.59696875 ], [ 141.46729910000002, 40.5969682 ], [ 141.467301830000025, 40.59696792 ], [ 141.467305010000018, 40.5969678 ], [ 141.467308300000013, 40.59696733 ], [ 141.467310920000017, 40.59696633 ], [ 141.46731219000003, 40.59696441 ], [ 141.46731205, 40.596962 ], [ 141.46731073, 40.59695922 ], [ 141.467308910000014, 40.59695653 ], [ 141.46730711, 40.59695408 ], [ 141.467305910000022, 40.59695187 ], [ 141.46730555000002, 40.59694941 ], [ 141.467305620000019, 40.59694536 ], [ 141.467305330000016, 40.59693861 ], [ 141.46730503, 40.59693159 ], [ 141.467304750000011, 40.59692647 ], [ 141.467304330000019, 40.59692223 ], [ 141.46730348, 40.59691736 ], [ 141.467301530000015, 40.59691197 ], [ 141.467298170000021, 40.59690659 ], [ 141.46729484, 40.59690228 ], [ 141.46729302, 40.59690013 ], [ 141.46729278, 40.59689841 ], [ 141.467293450000028, 40.59689556 ], [ 141.4672965, 40.59689184 ], [ 141.46730248, 40.59688784 ], [ 141.467309050000011, 40.59688411 ], [ 141.467314470000019, 40.59688075 ], [ 141.467321390000023, 40.59687675 ], [ 141.46733244, 40.59687147 ], [ 141.46734387, 40.59686592 ], [ 141.46735161, 40.59686128 ], [ 141.467356780000017, 40.59685747 ], [ 141.467360750000012, 40.59685384 ], [ 141.467363330000012, 40.59685013 ], [ 141.467364230000015, 40.5968458 ], [ 141.467365140000027, 40.59684156 ], [ 141.46736747, 40.59683795 ], [ 141.46737134, 40.59683477 ], [ 141.467376130000019, 40.59683141 ], [ 141.46738117000001, 40.59682553 ], [ 141.46738603, 40.59681497 ], [ 141.46739205, 40.59680069 ], [ 141.467399810000018, 40.59678472 ], [ 141.467407370000018, 40.59677092 ], [ 141.467412700000011, 40.59676195 ], [ 141.467417470000015, 40.59675464 ], [ 141.467423310000015, 40.59674513 ], [ 141.46743042, 40.59673403 ], [ 141.467438110000018, 40.59672308 ], [ 141.46744497, 40.59671289 ], [ 141.467449610000017, 40.59670331 ], [ 141.4674527, 40.59669347 ], [ 141.467454840000016, 40.59668239 ], [ 141.467456030000022, 40.59666905 ], [ 141.46745601, 40.59665328 ], [ 141.467454770000018, 40.5966378 ], [ 141.467452630000025, 40.59662503 ], [ 141.46745042, 40.59661369 ], [ 141.467448890000014, 40.59660225 ], [ 141.46744798, 40.59659192 ], [ 141.467447780000015, 40.5965838 ], [ 141.4674483, 40.59657669 ], [ 141.467449640000012, 40.5965692 ], [ 141.467450860000014, 40.59656144 ], [ 141.46745139, 40.59655353 ], [ 141.467451050000022, 40.59654513 ], [ 141.46744992, 40.59653605 ], [ 141.467448780000012, 40.59652777 ], [ 141.46744847, 40.59652192 ], [ 141.467449030000012, 40.59651725 ], [ 141.46745039000001, 40.596512 ], [ 141.467452330000015, 40.59650533 ], [ 141.46745438, 40.59649686 ], [ 141.46745597, 40.59648892 ], [ 141.467456390000024, 40.59648353 ], [ 141.46745623000001, 40.59647903 ], [ 141.467456200000015, 40.59647369 ], [ 141.46745625, 40.59646831 ], [ 141.46745633, 40.59646397 ], [ 141.467456420000019, 40.59645975 ], [ 141.467456590000012, 40.59645461 ], [ 141.46745678, 40.59644975 ], [ 141.467456860000027, 40.59644623 ], [ 141.46745672, 40.59644272 ], [ 141.467456200000015, 40.59643795 ], [ 141.467455300000012, 40.59643247 ], [ 141.467453870000014, 40.59642717 ], [ 141.46745239, 40.59642275 ], [ 141.467451050000022, 40.59641989 ], [ 141.467449970000018, 40.59641753 ], [ 141.467449360000018, 40.59641475 ], [ 141.467450170000035, 40.59641169 ], [ 141.467453190000015, 40.59640825 ], [ 141.467457200000013, 40.59640461 ], [ 141.467460580000022, 40.59640084 ], [ 141.4674635, 40.59639711 ], [ 141.467465940000011, 40.59639413 ], [ 141.467467590000012, 40.59639187 ], [ 141.46746803, 40.59639033 ], [ 141.467467660000011, 40.59638897 ], [ 141.46746742000002, 40.5963872 ], [ 141.467468110000027, 40.59638475 ], [ 141.467470780000014, 40.59638175 ], [ 141.467474770000024, 40.59637887 ], [ 141.467479250000025, 40.59637639 ], [ 141.46748263, 40.59637395 ], [ 141.46748416, 40.59637105 ], [ 141.46748494000002, 40.59636728 ], [ 141.467486330000014, 40.59636251 ], [ 141.4674885, 40.59635617 ], [ 141.4674908, 40.59634833 ], [ 141.46749250000002, 40.59634131 ], [ 141.467493170000012, 40.59633714 ], [ 141.467493140000016, 40.59633489 ], [ 141.46749361000002, 40.59633292 ], [ 141.467495010000022, 40.59633084 ], [ 141.46749817, 40.59632856 ], [ 141.46750205, 40.59632584 ], [ 141.46750545, 40.59632239 ], [ 141.467508470000013, 40.59631753 ], [ 141.467511, 40.59631084 ], [ 141.467513890000021, 40.59630372 ], [ 141.467517610000016, 40.59629775 ], [ 141.467522630000019, 40.59629278 ], [ 141.467528860000016, 40.59628841 ], [ 141.46753462, 40.59628514 ], [ 141.467538860000019, 40.59628314 ], [ 141.46754167, 40.59628159 ], [ 141.467544250000032, 40.59627941 ], [ 141.467547390000021, 40.59627417 ], [ 141.46755192, 40.59626433 ], [ 141.467556300000012, 40.59625403 ], [ 141.46755988000001, 40.59624689 ], [ 141.46756575, 40.59623975 ], [ 141.4675765, 40.59622925 ], [ 141.46758811, 40.59621839 ], [ 141.46759642, 40.59621059 ], [ 141.4676025, 40.59620505 ], [ 141.467608830000017, 40.59620033 ], [ 141.467616470000024, 40.59619517 ], [ 141.46762601, 40.5961888 ], [ 141.46763536, 40.596182 ], [ 141.467643110000012, 40.59617531 ], [ 141.46765167, 40.59616705 ], [ 141.467663140000013, 40.5961562 ], [ 141.467674030000012, 40.59614613 ], [ 141.46768105000001, 40.59613989 ], [ 141.46768633, 40.5961348 ], [ 141.467692410000012, 40.59612811 ], [ 141.467698150000018, 40.59612159 ], [ 141.467702700000018, 40.59611725 ], [ 141.467708080000023, 40.59611253 ], [ 141.46771664000002, 40.59610492 ], [ 141.46772601, 40.59609631 ], [ 141.46773361000001, 40.59608853 ], [ 141.467739920000014, 40.59607995 ], [ 141.467745940000015, 40.59606864 ], [ 141.4677508, 40.59605656 ], [ 141.46775377, 40.59604592 ], [ 141.467755110000013, 40.59603769 ], [ 141.46775553, 40.59603239 ], [ 141.46775575, 40.59602905 ], [ 141.4677562, 40.5960268 ], [ 141.46775747, 40.59602453 ], [ 141.467759560000019, 40.59602128 ], [ 141.46776211, 40.59601605 ], [ 141.467764640000013, 40.59600828 ], [ 141.46776655, 40.595999 ], [ 141.467768, 40.59598917 ], [ 141.467768980000017, 40.59597892 ], [ 141.467769800000013, 40.5959682 ], [ 141.467770660000014, 40.59595908 ], [ 141.467771560000017, 40.5959535 ], [ 141.46777248, 40.59594997 ], [ 141.467772920000016, 40.59594684 ], [ 141.46777289000002, 40.59594331 ], [ 141.46777236, 40.59593864 ], [ 141.46777241, 40.59593141 ], [ 141.467773970000025, 40.59592069 ], [ 141.46777659, 40.59590889 ], [ 141.467779200000024, 40.59589851 ], [ 141.46778183, 40.59588859 ], [ 141.46778397, 40.59587814 ], [ 141.467785640000017, 40.59586814 ], [ 141.467787, 40.59585992 ], [ 141.467788440000021, 40.59585272 ], [ 141.46779075, 40.59584559 ], [ 141.46779294000001, 40.59583928 ], [ 141.467794090000012, 40.59583459 ], [ 141.467794640000022, 40.59583069 ], [ 141.46779458, 40.59582628 ], [ 141.467793450000016, 40.59581936 ], [ 141.46779086, 40.59580867 ], [ 141.46778817, 40.59579805 ], [ 141.46778706, 40.59579075 ], [ 141.467786250000017, 40.59578339 ], [ 141.46778486, 40.59577267 ], [ 141.46778358, 40.59576214 ], [ 141.467782920000019, 40.59575539 ], [ 141.467783110000028, 40.59575061 ], [ 141.46778353000002, 40.59574503 ], [ 141.46778394, 40.59573736 ], [ 141.46778397, 40.59572764 ], [ 141.467783750000024, 40.59571836 ], [ 141.46778358, 40.59571197 ], [ 141.46778353000002, 40.59570784 ], [ 141.46778328000002, 40.59570451 ], [ 141.467782310000018, 40.59570117 ], [ 141.46778061, 40.59569731 ], [ 141.46777961, 40.59569272 ], [ 141.46778075, 40.59568731 ], [ 141.46778258, 40.59568189 ], [ 141.46778361, 40.59567711 ], [ 141.4677838, 40.59567341 ], [ 141.467783670000017, 40.59567092 ], [ 141.467783640000022, 40.59566775 ], [ 141.46778394, 40.5956628 ], [ 141.46778494000003, 40.59565759 ], [ 141.46778645, 40.59565378 ], [ 141.46778783000002, 40.59565036 ], [ 141.46778781, 40.59564603 ], [ 141.46778669, 40.59564117 ], [ 141.467784750000021, 40.59563667 ], [ 141.467781750000029, 40.59563211 ], [ 141.46777795, 40.59562725 ], [ 141.46777423, 40.59562295 ], [ 141.46777197000003, 40.59562 ], [ 141.46777075, 40.59561731 ], [ 141.467770140000027, 40.59561389 ], [ 141.46777044000001, 40.59561056 ], [ 141.46777219, 40.59560828 ], [ 141.46777608, 40.5956072 ], [ 141.46778236, 40.59560697 ], [ 141.46778980000002, 40.59560728 ], [ 141.46779652, 40.5956078 ], [ 141.46780175, 40.59560811 ], [ 141.46780492000002, 40.59560803 ], [ 141.467806810000013, 40.59560739 ], [ 141.467808220000023, 40.59560628 ], [ 141.467809030000012, 40.59560484 ], [ 141.467809250000016, 40.59560331 ], [ 141.467809, 40.59560161 ], [ 141.467808500000018, 40.59559972 ], [ 141.46780861000002, 40.595598 ], [ 141.46781003000001, 40.59559672 ], [ 141.46781214, 40.5955958 ], [ 141.467814250000032, 40.59559528 ], [ 141.467816130000017, 40.59559472 ], [ 141.467817780000019, 40.59559344 ], [ 141.46781895, 40.59559039 ], [ 141.46781973, 40.59558489 ], [ 141.46781988, 40.59557867 ], [ 141.467819490000011, 40.59557361 ], [ 141.467818390000019, 40.5955695 ], [ 141.467817060000016, 40.5955658 ], [ 141.467816200000016, 40.59556203 ], [ 141.467816500000026, 40.59555769 ], [ 141.467817520000011, 40.59555256 ], [ 141.467818750000021, 40.59554653 ], [ 141.46782, 40.59554039 ], [ 141.467821140000012, 40.59553505 ], [ 141.46782287000002, 40.59553028 ], [ 141.467825300000015, 40.59552559 ], [ 141.46782808, 40.59552061 ], [ 141.46783111000002, 40.59551511 ], [ 141.467834720000013, 40.59550959 ], [ 141.467839489999989, 40.5955048 ], [ 141.46784503, 40.59550117 ], [ 141.4678508, 40.59549853 ], [ 141.467856330000018, 40.59549605 ], [ 141.467861500000026, 40.59549269 ], [ 141.467866160000028, 40.59548772 ], [ 141.46787025, 40.59548095 ], [ 141.46787361, 40.59547436 ], [ 141.46787606, 40.59546975 ], [ 141.467878500000012, 40.59546703 ], [ 141.46788156, 40.59546547 ], [ 141.46788508, 40.59546447 ], [ 141.467888860000016, 40.595463 ], [ 141.467893670000024, 40.59545875 ], [ 141.46790008, 40.59544997 ], [ 141.467907520000011, 40.59543931 ], [ 141.46791525, 40.59542972 ], [ 141.46792367, 40.59542075 ], [ 141.467933280000011, 40.59541153 ], [ 141.467943330000026, 40.59540256 ], [ 141.46795283, 40.59539439 ], [ 141.46796197, 40.59538669 ], [ 141.467971, 40.5953788 ], [ 141.467978970000019, 40.59537064 ], [ 141.467985030000023, 40.59536269 ], [ 141.46798934, 40.59535572 ], [ 141.467992360000011, 40.59535013 ], [ 141.46799547, 40.59534389 ], [ 141.467999420000012, 40.59533559 ], [ 141.46800314, 40.59532764 ], [ 141.468005550000015, 40.59532269 ], [ 141.468007520000015, 40.59531941 ], [ 141.468010580000026, 40.59531617 ], [ 141.468014090000025, 40.59531211 ], [ 141.46801747, 40.59530714 ], [ 141.46802, 40.59530172 ], [ 141.468021240000013, 40.59529639 ], [ 141.4680218, 40.59529197 ], [ 141.468022140000016, 40.5952888 ], [ 141.468022830000024, 40.5952862 ], [ 141.46802433000002, 40.59528339 ], [ 141.468026420000029, 40.59528025 ], [ 141.46802922, 40.59527689 ], [ 141.468032500000021, 40.5952738 ], [ 141.46803591, 40.59527164 ], [ 141.468039200000021, 40.5952698 ], [ 141.46804214, 40.59526792 ], [ 141.468044470000024, 40.59526564 ], [ 141.468046470000019, 40.59526303 ], [ 141.468048340000024, 40.59526039 ], [ 141.468050340000019, 40.59525814 ], [ 141.46805314, 40.59525605 ], [ 141.468056780000012, 40.59525405 ], [ 141.46806042, 40.59525205 ], [ 141.46806326, 40.59525022 ], [ 141.46806652, 40.59524751 ], [ 141.468071440000017, 40.59524353 ], [ 141.468076130000014, 40.59523925 ], [ 141.46807895, 40.59523584 ], [ 141.468080440000023, 40.59523195 ], [ 141.4680817, 40.59522636 ], [ 141.46808306, 40.59522031 ], [ 141.468084670000025, 40.59521569 ], [ 141.468086740000018, 40.59521228 ], [ 141.46808956000001, 40.59520947 ], [ 141.468092500000012, 40.59520692 ], [ 141.46809542, 40.59520431 ], [ 141.468098, 40.59520159 ], [ 141.46810034, 40.5951985 ], [ 141.46810231, 40.59519453 ], [ 141.46810414, 40.59518903 ], [ 141.46810645, 40.59518225 ], [ 141.4681093, 40.59517477 ], [ 141.46811209, 40.5951682 ], [ 141.4681137, 40.59516375 ], [ 141.468114140000012, 40.59516053 ], [ 141.468113750000015, 40.59515684 ], [ 141.468112390000016, 40.59515133 ], [ 141.46810997, 40.59514389 ], [ 141.468107520000018, 40.59513678 ], [ 141.46810645, 40.59513256 ], [ 141.468106280000029, 40.59512967 ], [ 141.468106620000015, 40.59512597 ], [ 141.4681075, 40.59512128 ], [ 141.468109, 40.59511586 ], [ 141.46811058, 40.59510975 ], [ 141.46811205, 40.5951028 ], [ 141.468113390000013, 40.59509405 ], [ 141.468114720000017, 40.59508325 ], [ 141.468115550000022, 40.59507305 ], [ 141.46811562000002, 40.59506611 ], [ 141.468114970000016, 40.59506128 ], [ 141.468113860000017, 40.59505695 ], [ 141.468112530000013, 40.59505256 ], [ 141.468110830000029, 40.59504813 ], [ 141.468109030000022, 40.59504372 ], [ 141.468106980000016, 40.59503925 ], [ 141.468104770000025, 40.59503375 ], [ 141.46810222, 40.59502595 ], [ 141.468098, 40.59501417 ], [ 141.468091110000017, 40.594998 ], [ 141.468083650000011, 40.59498208 ], [ 141.468078080000026, 40.59497105 ], [ 141.468074480000013, 40.59496351 ], [ 141.46807192, 40.59495723 ], [ 141.468070220000016, 40.5949512 ], [ 141.468068970000019, 40.5949448 ], [ 141.468068080000023, 40.59493887 ], [ 141.46806769, 40.59493417 ], [ 141.46806706000001, 40.59493003 ], [ 141.468065500000023, 40.59492564 ], [ 141.468063770000015, 40.59492014 ], [ 141.468062780000025, 40.59491313 ], [ 141.468062, 40.59490584 ], [ 141.468061120000016, 40.59489964 ], [ 141.46806036000001, 40.59489478 ], [ 141.46806056, 40.59489108 ], [ 141.468061580000011, 40.5948872 ], [ 141.468063090000015, 40.59488233 ], [ 141.468064810000016, 40.59487764 ], [ 141.46806652, 40.59487456 ], [ 141.4680683, 40.59487275 ], [ 141.468070050000023, 40.59487139 ], [ 141.468072530000029, 40.59486967 ], [ 141.46807628000002, 40.59486677 ], [ 141.46807966, 40.59486269 ], [ 141.468081610000013, 40.59485772 ], [ 141.46808228, 40.59485331 ], [ 141.46808224, 40.59485044 ], [ 141.46808189, 40.594848 ], [ 141.46808175000001, 40.59484511 ], [ 141.468082310000028, 40.59484233 ], [ 141.46808384000002, 40.59484025 ], [ 141.468086740000018, 40.59483825 ], [ 141.468091110000017, 40.59483569 ], [ 141.468095450000021, 40.59483236 ], [ 141.46809883, 40.59482844 ], [ 141.4681007, 40.59482467 ], [ 141.468101250000018, 40.59482125 ], [ 141.468100730000032, 40.594817 ], [ 141.46809939, 40.59481108 ], [ 141.46809825, 40.5948055 ], [ 141.46809822000003, 40.59480253 ], [ 141.468099170000016, 40.59480125 ], [ 141.468100580000026, 40.59480053 ], [ 141.468102440000024, 40.59479944 ], [ 141.46810503, 40.59479736 ], [ 141.468107980000013, 40.59479428 ], [ 141.46811122, 40.59479064 ], [ 141.46811581, 40.59478739 ], [ 141.468122280000017, 40.59478528 ], [ 141.468128780000029, 40.5947838 ], [ 141.46813348, 40.59478217 ], [ 141.46813667, 40.59478017 ], [ 141.46813886000001, 40.59477761 ], [ 141.468140270000021, 40.59477528 ], [ 141.468141090000017, 40.59477339 ], [ 141.46814211, 40.59477013 ], [ 141.468144420000016, 40.59476408 ], [ 141.46814742, 40.59475605 ], [ 141.46815017000003, 40.59474792 ], [ 141.468152700000019, 40.59474089 ], [ 141.46815503000002, 40.59473539 ], [ 141.468156720000025, 40.59472944 ], [ 141.46815737, 40.59472113 ], [ 141.468157390000016, 40.59471259 ], [ 141.46815747, 40.59470647 ], [ 141.46815837, 40.59470278 ], [ 141.468160730000022, 40.59470067 ], [ 141.468163530000027, 40.59469905 ], [ 141.468165520000014, 40.59469641 ], [ 141.468167, 40.594692 ], [ 141.468168490000011, 40.59468569 ], [ 141.46817056, 40.59467964 ], [ 141.46817384000002, 40.59467575 ], [ 141.46817805, 40.59467222 ], [ 141.468182830000018, 40.59466733 ], [ 141.468187890000024, 40.59466208 ], [ 141.468193140000011, 40.59465744 ], [ 141.468200310000014, 40.59465084 ], [ 141.46821, 40.59464017 ], [ 141.46821995, 40.59462895 ], [ 141.46822778, 40.59462053 ], [ 141.468235140000019, 40.59461372 ], [ 141.468244310000017, 40.59460656 ], [ 141.46825497, 40.59459867 ], [ 141.468266590000013, 40.59459087 ], [ 141.468277280000024, 40.59458431 ], [ 141.468286010000014, 40.59458039 ], [ 141.468294250000014, 40.59457808 ], [ 141.46830377, 40.59457613 ], [ 141.468314280000016, 40.59457367 ], [ 141.46832501, 40.59457008 ], [ 141.46833394, 40.5945658 ], [ 141.46834003, 40.59456117 ], [ 141.46834506, 40.59455503 ], [ 141.468351360000014, 40.59454653 ], [ 141.46835837, 40.59453623 ], [ 141.468365450000022, 40.59452503 ], [ 141.46837302, 40.59451417 ], [ 141.46838086, 40.59450431 ], [ 141.46838761, 40.594494 ], [ 141.468391850000017, 40.594482 ], [ 141.46839386000002, 40.59446939 ], [ 141.46839423000003, 40.59445731 ], [ 141.468393060000011, 40.59444472 ], [ 141.46839008, 40.59443023 ], [ 141.46838577, 40.59441377 ], [ 141.468380310000015, 40.59439605 ], [ 141.46837341, 40.59438089 ], [ 141.46836506, 40.59437136 ], [ 141.46835625, 40.59436511 ], [ 141.468348170000013, 40.59435913 ], [ 141.468341970000012, 40.59435331 ], [ 141.468338250000016, 40.59434828 ], [ 141.468335500000023, 40.59434272 ], [ 141.46833258, 40.594335 ], [ 141.46833, 40.59432367 ], [ 141.468328660000026, 40.59430853 ], [ 141.46832852, 40.59429367 ], [ 141.468329360000013, 40.59428303 ], [ 141.46833167, 40.59427608 ], [ 141.468335520000011, 40.59427103 ], [ 141.468339750000013, 40.59426723 ], [ 141.46834302, 40.59426387 ], [ 141.46834555, 40.59425844 ], [ 141.46834747, 40.59424925 ], [ 141.46834917000001, 40.59424005 ], [ 141.46835066, 40.59423447 ], [ 141.46835311000001, 40.59423113 ], [ 141.46835708, 40.59422795 ], [ 141.46836239000001, 40.59422531 ], [ 141.468368170000019, 40.59422356 ], [ 141.468373110000016, 40.59422211 ], [ 141.46837591000002, 40.59422 ], [ 141.46837708000001, 40.59421711 ], [ 141.468376810000024, 40.59421353 ], [ 141.46837489, 40.59420975 ], [ 141.468371170000012, 40.59420636 ], [ 141.468367130000019, 40.59420331 ], [ 141.468364030000032, 40.59420036 ], [ 141.468361750000014, 40.59419759 ], [ 141.468359860000021, 40.59419505 ], [ 141.468358880000011, 40.59419272 ], [ 141.468359220000025, 40.59419056 ], [ 141.46836097, 40.59418884 ], [ 141.46836414, 40.59418711 ], [ 141.46836883, 40.59418259 ], [ 141.468375010000017, 40.59417336 ], [ 141.46838044, 40.59416236 ], [ 141.46838392, 40.59415297 ], [ 141.468386910000021, 40.59414495 ], [ 141.46839144, 40.59413733 ], [ 141.46839608, 40.59412984 ], [ 141.468399340000019, 40.59412217 ], [ 141.468402310000016, 40.59411333 ], [ 141.468406690000023, 40.59410259 ], [ 141.468411700000019, 40.59409203 ], [ 141.46841633, 40.59408325 ], [ 141.46842073000002, 40.59407361 ], [ 141.46842523, 40.59406069 ], [ 141.468429220000019, 40.59404753 ], [ 141.468432550000017, 40.59403761 ], [ 141.468434620000011, 40.59402984 ], [ 141.46843536, 40.59402244 ], [ 141.46843564, 40.5940148 ], [ 141.46843628000002, 40.59400651 ], [ 141.468437500000022, 40.59399803 ], [ 141.468439780000011, 40.59398992 ], [ 141.46844314, 40.59398125 ], [ 141.468447280000021, 40.59397169 ], [ 141.468450170000011, 40.59396267 ], [ 141.46845044, 40.59395544 ], [ 141.468450250000018, 40.59394736 ], [ 141.468452500000012, 40.593936 ], [ 141.468456520000018, 40.59392317 ], [ 141.468461140000016, 40.5939118 ], [ 141.46846542, 40.59390305 ], [ 141.468468910000013, 40.59389672 ], [ 141.4684737, 40.59388905 ], [ 141.468480780000021, 40.59387695 ], [ 141.46848703, 40.59386447 ], [ 141.468488300000018, 40.59386005 ], [ 141.468489560000023, 40.59385564 ], [ 141.468491140000026, 40.59384733 ], [ 141.468495640000015, 40.59383641 ], [ 141.46850403000002, 40.5938252 ], [ 141.46851564, 40.59381667 ], [ 141.46852798, 40.59380959 ], [ 141.46853866, 40.59380205 ], [ 141.46854886, 40.59379397 ], [ 141.468560610000026, 40.59378572 ], [ 141.468574690000025, 40.59377725 ], [ 141.468590800000015, 40.59376853 ], [ 141.46860584, 40.59375889 ], [ 141.46861672, 40.59374822 ], [ 141.468623260000015, 40.59373844 ], [ 141.468626500000028, 40.59373141 ], [ 141.46862834, 40.5937268 ], [ 141.46863092000001, 40.59372364 ], [ 141.468636300000014, 40.59372172 ], [ 141.468646010000015, 40.59372075 ], [ 141.46865803, 40.59371961 ], [ 141.46867031, 40.59371747 ], [ 141.468682340000015, 40.593714 ], [ 141.46869387000001, 40.59370878 ], [ 141.4687037, 40.59370053 ], [ 141.46871103, 40.59368833 ], [ 141.468716230000013, 40.59367569 ], [ 141.468720390000016, 40.59366559 ], [ 141.46872348, 40.59365575 ], [ 141.4687255, 40.59364395 ], [ 141.4687262, 40.59363214 ], [ 141.468725280000029, 40.59362241 ], [ 141.46872224, 40.59361253 ], [ 141.468717060000017, 40.59360005 ], [ 141.468709220000022, 40.59358659 ], [ 141.468699080000022, 40.59357403 ], [ 141.468687250000016, 40.59356167 ], [ 141.46867472, 40.59354813 ], [ 141.468661700000013, 40.59353128 ], [ 141.4686485, 40.59351064 ], [ 141.468637450000017, 40.59349197 ], [ 141.46863036000002, 40.5934802 ], [ 141.46862497, 40.59347131 ], [ 141.468618970000023, 40.59346028 ], [ 141.468613670000025, 40.59344978 ], [ 141.46861053, 40.59344303 ], [ 141.46860895, 40.59343853 ], [ 141.468608440000025, 40.59343411 ], [ 141.468608860000018, 40.59342908 ], [ 141.46861044000002, 40.59342331 ], [ 141.46861275, 40.59341725 ], [ 141.46861530000001, 40.59341131 ], [ 141.468618910000032, 40.59340525 ], [ 141.46862464, 40.59339864 ], [ 141.46863248, 40.59339147 ], [ 141.46864163, 40.59338377 ], [ 141.46864983, 40.59337636 ], [ 141.468655080000019, 40.59336931 ], [ 141.468657950000022, 40.59336064 ], [ 141.46865949, 40.59334864 ], [ 141.468660310000018, 40.59333522 ], [ 141.468661, 40.59332253 ], [ 141.468662920000014, 40.5933118 ], [ 141.468666980000023, 40.59330322 ], [ 141.46867219, 40.59329408 ], [ 141.46867728, 40.59328208 ], [ 141.46868283, 40.59326836 ], [ 141.4686892, 40.59325508 ], [ 141.46869464, 40.59324389 ], [ 141.468697420000012, 40.59323595 ], [ 141.468699360000016, 40.59322972 ], [ 141.46870261, 40.59322341 ], [ 141.468707030000019, 40.59321753 ], [ 141.468711610000014, 40.59321236 ], [ 141.468715670000023, 40.59320659 ], [ 141.46871891, 40.59319872 ], [ 141.468722140000011, 40.59318997 ], [ 141.46872608000001, 40.59318203 ], [ 141.46873027, 40.59317533 ], [ 141.46873389000001, 40.59316984 ], [ 141.468736300000018, 40.59316478 ], [ 141.46873781, 40.59315936 ], [ 141.46873997, 40.59315205 ], [ 141.468744030000011, 40.59314231 ], [ 141.46874711000001, 40.5931332 ], [ 141.468746590000023, 40.59312769 ], [ 141.468743610000018, 40.59312411 ], [ 141.468740250000025, 40.59311989 ], [ 141.46873772, 40.59311414 ], [ 141.468736690000014, 40.59310641 ], [ 141.46873756, 40.59309703 ], [ 141.46874005, 40.59308639 ], [ 141.46874445, 40.59307539 ], [ 141.46875051, 40.59306472 ], [ 141.468756300000024, 40.59305453 ], [ 141.46876022, 40.59304495 ], [ 141.46876309000001, 40.59303556 ], [ 141.468765840000032, 40.59302636 ], [ 141.468768830000016, 40.59301886 ], [ 141.46877222, 40.59301408 ], [ 141.46877623, 40.59301144 ], [ 141.468780800000019, 40.59300989 ], [ 141.468784700000015, 40.59300861 ], [ 141.468786810000012, 40.59300689 ], [ 141.468788890000013, 40.59300272 ], [ 141.468792480000019, 40.59299497 ], [ 141.468796200000014, 40.59298675 ], [ 141.46879861, 40.5929808 ], [ 141.46880092, 40.59297467 ], [ 141.468804620000014, 40.59296544 ], [ 141.46880852000001, 40.59295633 ], [ 141.46881144, 40.59295056 ], [ 141.46881234, 40.5929465 ], [ 141.468811360000018, 40.59294228 ], [ 141.468810140000016, 40.59293714 ], [ 141.468810890000015, 40.5929312 ], [ 141.468815910000018, 40.59292531 ], [ 141.46882603, 40.59292031 ], [ 141.468836610000011, 40.59291584 ], [ 141.46884377, 40.59291092 ], [ 141.468851050000012, 40.59290503 ], [ 141.468862090000016, 40.59289751 ], [ 141.46887569, 40.59288805 ], [ 141.4688892, 40.592877 ], [ 141.468901250000016, 40.59286695 ], [ 141.46891148, 40.59285995 ], [ 141.468920170000018, 40.59285439 ], [ 141.46892803, 40.59284797 ], [ 141.46893597, 40.59284036 ], [ 141.468945110000021, 40.59283147 ], [ 141.46895458000003, 40.59282125 ], [ 141.468963920000022, 40.59280959 ], [ 141.468973260000013, 40.5927972 ], [ 141.468982480000022, 40.59278489 ], [ 141.468990140000017, 40.59277153 ], [ 141.468994720000012, 40.59275644 ], [ 141.468996940000011, 40.59274159 ], [ 141.468997420000022, 40.59272869 ], [ 141.468996230000016, 40.59271584 ], [ 141.46899302, 40.59270072 ], [ 141.46898983, 40.59268895 ], [ 141.46898825, 40.59268336 ], [ 141.468983110000011, 40.59266503 ], [ 141.46897988, 40.59264944 ], [ 141.46896153000003, 40.59258156 ], [ 141.468966420000015, 40.59246167 ], [ 141.468995940000013, 40.59237225 ], [ 141.469086940000011, 40.5922408 ], [ 141.46911995, 40.59220531 ], [ 141.46915167, 40.59218659 ], [ 141.469171970000019, 40.59216225 ], [ 141.469239580000021, 40.59208892 ], [ 141.46927481000003, 40.59205369 ], [ 141.46928066000001, 40.59202423 ], [ 141.469281780000017, 40.59199097 ], [ 141.469271030000016, 40.59186667 ], [ 141.4692545, 40.59175544 ], [ 141.469258490000016, 40.5916812 ], [ 141.469264110000012, 40.59166667 ], [ 141.46928053, 40.59162425 ], [ 141.46929581, 40.5915912 ], [ 141.46929978, 40.59156084 ], [ 141.46931608, 40.59153572 ], [ 141.469335030000025, 40.59151417 ], [ 141.469358809999989, 40.59148189 ], [ 141.469396830000022, 40.59145395 ], [ 141.46944625, 40.59141953 ], [ 141.46949475, 40.59138944 ], [ 141.469557420000029, 40.59134425 ], [ 141.469579340000024, 40.59132559 ], [ 141.469606860000027, 40.59130195 ], [ 141.469626810000022, 40.59127533 ], [ 141.46963241, 40.59125522 ], [ 141.46963438, 40.59123864 ], [ 141.469627910000014, 40.59120392 ], [ 141.469620390000017, 40.59115992 ], [ 141.46960377000002, 40.59105239 ], [ 141.46960103, 40.59099964 ], [ 141.46960302, 40.59094631 ], [ 141.469614620000016, 40.59089941 ], [ 141.46962428, 40.59086992 ], [ 141.469638560000021, 40.590831 ], [ 141.469667200000032, 40.59078644 ], [ 141.469717660000015, 40.59072672 ], [ 141.46973477, 40.59071241 ], [ 141.469767980000029, 40.59068944 ], [ 141.469800360000022, 40.5906788 ], [ 141.469828830000012, 40.59066453 ], [ 141.46984501, 40.59065084 ], [ 141.469868690000027, 40.59064592 ], [ 141.46989148, 40.59063087 ], [ 141.46991817, 40.59060647 ], [ 141.46994292, 40.5905748 ], [ 141.469971360000017, 40.59053233 ], [ 141.46998964, 40.59048117 ], [ 141.469990610000025, 40.59044586 ], [ 141.46998603, 40.5904105 ], [ 141.46996630000001, 40.59037431 ], [ 141.46993980000002, 40.59033456 ], [ 141.469916330000018, 40.59027389 ], [ 141.46990983, 40.59025005 ], [ 141.46990438, 40.59015986 ], [ 141.469920170000023, 40.59000703 ], [ 141.469927860000013, 40.58994575 ], [ 141.469967060000016, 40.58979431 ], [ 141.46997769, 40.58973239 ], [ 141.47000645, 40.58964944 ], [ 141.47003691, 40.58958544 ], [ 141.470074360000012, 40.58947239 ], [ 141.47010597, 40.58939251 ], [ 141.470113700000013, 40.58936003 ], [ 141.47039042, 40.588873 ], [ 141.47066713000001, 40.58838595 ], [ 141.47068178, 40.58837344 ], [ 141.47069464, 40.58836014 ], [ 141.47070272000002, 40.58835313 ], [ 141.470705080000016, 40.58835117 ], [ 141.470741170000025, 40.58832025 ], [ 141.470763990000023, 40.58829869 ], [ 141.47078986, 40.58827441 ], [ 141.47082336, 40.58824387 ], [ 141.47087898, 40.58818853 ], [ 141.47097211, 40.58810733 ], [ 141.47099964, 40.58808223 ], [ 141.471060420000015, 40.58801469 ], [ 141.47111031, 40.58795714 ], [ 141.471148880000015, 40.58790039 ], [ 141.471176980000024, 40.58785969 ], [ 141.471178150000014, 40.5878578 ], [ 141.47120128, 40.58781987 ], [ 141.47123636, 40.58776903 ], [ 141.47126148000001, 40.58774117 ], [ 141.47136633, 40.58762503 ], [ 141.471494580000012, 40.58749492 ], [ 141.471644640000022, 40.58733639 ], [ 141.47175372, 40.58723022 ], [ 141.47186008, 40.58714633 ], [ 141.471906860000018, 40.58710869 ], [ 141.47193536, 40.5870872 ], [ 141.471987110000015, 40.58706197 ], [ 141.47205231, 40.58702503 ], [ 141.472095380000013, 40.58699561 ], [ 141.472141920000013, 40.5869578 ], [ 141.472260030000029, 40.58684323 ], [ 141.47243219, 40.58670053 ], [ 141.472556250000025, 40.5866268 ], [ 141.472677690000012, 40.58655208 ], [ 141.47276034, 40.58651039 ], [ 141.472824310000021, 40.58647805 ], [ 141.47301608, 40.58654608 ], [ 141.473473500000011, 40.58670792 ], [ 141.47386881, 40.58684728 ], [ 141.474103500000012, 40.58693236 ], [ 141.474583450000011, 40.58710253 ], [ 141.475, 40.58724892 ], [ 141.475128340000026, 40.58729403 ], [ 141.47580389, 40.58753505 ], [ 141.475906080000016, 40.58757231 ], [ 141.47638903, 40.58740067 ], [ 141.476722780000017, 40.58728192 ], [ 141.477250920000017, 40.58709272 ], [ 141.477513330000022, 40.58699887 ], [ 141.47772455, 40.58686222 ], [ 141.47790652, 40.58674467 ], [ 141.47808555, 40.58662931 ], [ 141.478237, 40.58652967 ], [ 141.47813725, 40.58643789 ], [ 141.477867910000015, 40.58661133 ], [ 141.477830220000016, 40.5866355 ], [ 141.47760681, 40.58677986 ], [ 141.47744222, 40.58688739 ], [ 141.47745737, 40.58690108 ], [ 141.477121580000016, 40.58702147 ], [ 141.476495380000017, 40.58724508 ], [ 141.47599302, 40.58742487 ], [ 141.47590781, 40.58745531 ], [ 141.47581234, 40.58749025 ], [ 141.4752463, 40.58728859 ], [ 141.475, 40.58720067 ], [ 141.474878140000015, 40.58715717 ], [ 141.474400340000017, 40.58698844 ], [ 141.47406973, 40.58687123 ], [ 141.473837060000022, 40.58678867 ], [ 141.47390375, 40.58668344 ], [ 141.47391737, 40.58668805 ], [ 141.474337280000015, 40.58598892 ], [ 141.47469014, 40.58542211 ], [ 141.47484234, 40.58547523 ], [ 141.474876860000023, 40.58541639 ], [ 141.475, 40.58546028 ], [ 141.475176980000015, 40.58552333 ], [ 141.476026830000023, 40.58582159 ], [ 141.476563220000031, 40.58601375 ], [ 141.476784970000011, 40.5860915 ], [ 141.477050570000017, 40.58652355 ], [ 141.47715506, 40.58648904 ], [ 141.476751050000018, 40.58583317 ], [ 141.475782800000019, 40.58548799 ], [ 141.476277220000014, 40.58465751 ], [ 141.47647486, 40.58433775 ], [ 141.476640410000016, 40.58405953 ], [ 141.476816610000014, 40.58377108 ], [ 141.476957520000013, 40.58353614 ], [ 141.47708173, 40.58333333 ], [ 141.47711978000001, 40.58327128 ], [ 141.47721508, 40.58310861 ], [ 141.477358970000012, 40.58287564 ], [ 141.47734309, 40.58287005 ], [ 141.47730789000002, 40.58285775 ], [ 141.477417300000013, 40.58267603 ], [ 141.47772745, 40.58216689 ], [ 141.47795686, 40.58178853 ], [ 141.478054940000021, 40.58162008 ], [ 141.478094250000026, 40.58155603 ], [ 141.47818462, 40.58140828 ], [ 141.47830195, 40.58121397 ], [ 141.47845272, 40.58096267 ], [ 141.47850531, 40.58087864 ], [ 141.47849725, 40.5808748 ], [ 141.478541220000011, 40.58080403 ], [ 141.478551720000013, 40.58080425 ], [ 141.47863623, 40.58066014 ], [ 141.4787125, 40.58053308 ], [ 141.478761920000011, 40.58045347 ], [ 141.478814770000014, 40.58036067 ], [ 141.47886, 40.58028413 ], [ 141.47885431, 40.58028192 ], [ 141.478882090000013, 40.58023386 ], [ 141.47887911, 40.58023225 ], [ 141.47896825, 40.58008153 ], [ 141.479078970000018, 40.57989061 ], [ 141.47915122, 40.57977311 ], [ 141.47919837, 40.57968884 ], [ 141.47923472, 40.57962487 ], [ 141.47929117000001, 40.57953917 ], [ 141.47929722, 40.57954147 ], [ 141.479348640000012, 40.57947013 ], [ 141.47936475, 40.57947617 ], [ 141.479411530000021, 40.57940305 ], [ 141.479456390000024, 40.57932741 ], [ 141.47944597, 40.57932377 ], [ 141.47942025, 40.5793672 ], [ 141.479422240000019, 40.579368 ], [ 141.479402170000014, 40.57939368 ], [ 141.47933649, 40.57936955 ], [ 141.4785144, 40.5790892 ], [ 141.477812090000015, 40.578843 ], [ 141.477338870000011, 40.57867836 ], [ 141.477168870000014, 40.5786118 ], [ 141.477136710000025, 40.57856626 ], [ 141.47713327, 40.57853851 ], [ 141.47715879, 40.57850193 ], [ 141.47715267, 40.57847313 ], [ 141.47710877, 40.57846689 ], [ 141.47711694, 40.57842875 ], [ 141.4771394, 40.57838827 ], [ 141.47717309, 40.57838049 ], [ 141.477198610000016, 40.57834312 ], [ 141.477180230000016, 40.57832522 ], [ 141.47718738, 40.57830108 ], [ 141.47722108, 40.57828941 ], [ 141.477239450000013, 40.57826605 ], [ 141.477263960000016, 40.57821078 ], [ 141.477293770000017, 40.57816439 ], [ 141.47731521, 40.57812779 ], [ 141.477344820000013, 40.57806786 ], [ 141.477376470000024, 40.57801103 ], [ 141.477402, 40.57796198 ], [ 141.47742241, 40.57792072 ], [ 141.47745508, 40.57786623 ], [ 141.47748572, 40.57781018 ], [ 141.477505720000011, 40.5777662 ], [ 141.47752818, 40.57771405 ], [ 141.477550650000012, 40.57767823 ], [ 141.477577180000026, 40.57763152 ], [ 141.477598640000025, 40.57759183 ], [ 141.477610880000015, 40.57754901 ], [ 141.477627220000016, 40.57753188 ], [ 141.477656420000017, 40.57750137 ], [ 141.477679900000027, 40.57744454 ], [ 141.47768195, 40.5773916 ], [ 141.47769521, 40.57734178 ], [ 141.47771462, 40.57727873 ], [ 141.477755450000018, 40.57724214 ], [ 141.47778097, 40.57721645 ], [ 141.477889200000021, 40.57705515 ], [ 141.47789226, 40.57702323 ], [ 141.477921870000017, 40.57699832 ], [ 141.477939220000025, 40.5769633 ], [ 141.477956580000011, 40.57691581 ], [ 141.47801988, 40.57680604 ], [ 141.47803887, 40.57676985 ], [ 141.47804908, 40.5767208 ], [ 141.478083790000028, 40.57667176 ], [ 141.47811442, 40.57664451 ], [ 141.47812054000002, 40.57660949 ], [ 141.47813381, 40.57659236 ], [ 141.4781379, 40.576569 ], [ 141.4781379, 40.57654565 ], [ 141.47816649, 40.57652386 ], [ 141.47818283, 40.576465 ], [ 141.47824204, 40.57640117 ], [ 141.47826878, 40.57633624 ], [ 141.47830453, 40.57627163 ], [ 141.478331060000016, 40.57623815 ], [ 141.478361700000022, 40.57616498 ], [ 141.47838109, 40.57611438 ], [ 141.478401500000018, 40.57608324 ], [ 141.478405590000023, 40.57607234 ], [ 141.47841682, 40.57605366 ], [ 141.478420910000011, 40.57603576 ], [ 141.478460730000023, 40.57598905 ], [ 141.478484620000017, 40.57593806 ], [ 141.478503, 40.57588279 ], [ 141.478545880000013, 40.57583219 ], [ 141.478561180000014, 40.57578782 ], [ 141.478580580000028, 40.57575746 ], [ 141.478599990000021, 40.57571542 ], [ 141.47863265, 40.57566949 ], [ 141.4786449, 40.57563913 ], [ 141.47866123, 40.5755865 ], [ 141.478668380000016, 40.57554603 ], [ 141.47867553, 40.575518 ], [ 141.47868881, 40.5754783 ], [ 141.478696970000016, 40.57545495 ], [ 141.478727600000013, 40.57544015 ], [ 141.47874699, 40.57542692 ], [ 141.47879702, 40.57533429 ], [ 141.478821530000033, 40.57527979 ], [ 141.47882866, 40.5752541 ], [ 141.478870930000028, 40.57518085 ], [ 141.478888290000015, 40.57513025 ], [ 141.478950570000023, 40.57505707 ], [ 141.478973330000031, 40.575 ], [ 141.478975070000018, 40.57499565 ], [ 141.478997540000023, 40.5749505 ], [ 141.47902306, 40.5749217 ], [ 141.47901898, 40.57484619 ], [ 141.47904245, 40.57482439 ], [ 141.47908329, 40.57480571 ], [ 141.479125150000016, 40.57474499 ], [ 141.47914047, 40.57470606 ], [ 141.479157820000012, 40.57467882 ], [ 141.47917211, 40.57463087 ], [ 141.47916598, 40.57459428 ], [ 141.479189470000023, 40.57455847 ], [ 141.47922112, 40.57453123 ], [ 141.47923541, 40.57450086 ], [ 141.479265020000014, 40.57446972 ], [ 141.47929258, 40.57443469 ], [ 141.479310960000021, 40.57440511 ], [ 141.47932219, 40.57431481 ], [ 141.47935485, 40.57429613 ], [ 141.47937997, 40.5742604 ], [ 141.479420800000014, 40.57417943 ], [ 141.47943816, 40.57413584 ], [ 141.47947492000003, 40.57408291 ], [ 141.47952658, 40.57398007 ], [ 141.479585790000016, 40.57387187 ], [ 141.479664400000019, 40.57375198 ], [ 141.479658880000017, 40.57371322 ], [ 141.479660920000015, 40.5736595 ], [ 141.479747700000019, 40.57359177 ], [ 141.47980895, 40.57349447 ], [ 141.47989185000003, 40.57335208 ], [ 141.4799286, 40.57324154 ], [ 141.479946980000022, 40.57320651 ], [ 141.47995923000002, 40.57318549 ], [ 141.47999292, 40.57315591 ], [ 141.480035800000024, 40.57309675 ], [ 141.48005009000002, 40.57306094 ], [ 141.480035590000028, 40.5730393 ], [ 141.480034570000015, 40.57300816 ], [ 141.48005294, 40.57298403 ], [ 141.48009582, 40.5729669 ], [ 141.480119310000021, 40.57294199 ], [ 141.480143810000015, 40.57288984 ], [ 141.4801387, 40.57286959 ], [ 141.480145850000014, 40.57283456 ], [ 141.480174440000013, 40.57281666 ], [ 141.480197090000019, 40.5727877 ], [ 141.48021241, 40.572755 ], [ 141.480244060000018, 40.5727262 ], [ 141.480266520000015, 40.57270129 ], [ 141.48030021, 40.57263823 ], [ 141.480334920000018, 40.57257518 ], [ 141.48038188000001, 40.57251758 ], [ 141.4804023, 40.57246347 ], [ 141.480433940000012, 40.57240976 ], [ 141.480442110000013, 40.57237472 ], [ 141.480425770000011, 40.57234904 ], [ 141.480447210000023, 40.5723179 ], [ 141.48048499, 40.57229454 ], [ 141.48052092, 40.5722093 ], [ 141.480526030000021, 40.57217972 ], [ 141.480571970000028, 40.57213769 ], [ 141.480586260000024, 40.57211511 ], [ 141.48061791, 40.57209409 ], [ 141.480645470000013, 40.57203181 ], [ 141.48065262, 40.57200145 ], [ 141.48068999, 40.57194657 ], [ 141.48072367, 40.57189208 ], [ 141.48075226, 40.57184926 ], [ 141.480755320000014, 40.57181657 ], [ 141.48079309000002, 40.57176519 ], [ 141.480821670000012, 40.5717068 ], [ 141.4808227, 40.5716601 ], [ 141.480858620000021, 40.57159611 ], [ 141.48086170000002, 40.57156964 ], [ 141.48087292, 40.57151982 ], [ 141.480909680000025, 40.57145442 ], [ 141.48093927, 40.57143185 ], [ 141.48094132, 40.57140694 ], [ 141.480952550000012, 40.57138359 ], [ 141.480958680000015, 40.57136879 ], [ 141.48098318000001, 40.57134311 ], [ 141.480991350000011, 40.57132676 ], [ 141.481021970000029, 40.5712964 ], [ 141.48104444, 40.57125904 ], [ 141.48104362, 40.57124767 ], [ 141.481073220000013, 40.57118461 ], [ 141.481090570000021, 40.57116048 ], [ 141.481123240000016, 40.5711488 ], [ 141.481157950000011, 40.57112467 ], [ 141.48118348, 40.5710764 ], [ 141.481188570000029, 40.57103437 ], [ 141.48121104, 40.57098221 ], [ 141.481224310000016, 40.57093628 ], [ 141.481253920000029, 40.57089541 ], [ 141.481278420000024, 40.57084325 ], [ 141.48130802, 40.57079499 ], [ 141.481361100000015, 40.57074361 ], [ 141.481394790000024, 40.57072649 ], [ 141.48143257000001, 40.57066888 ], [ 141.48147952, 40.57056068 ], [ 141.481517700000012, 40.57052837 ], [ 141.481532, 40.57050579 ], [ 141.481545270000026, 40.57046064 ], [ 141.481549350000023, 40.57043885 ], [ 141.4816351, 40.57031662 ], [ 141.481660620000014, 40.57026377 ], [ 141.48168716, 40.57019449 ], [ 141.481694310000023, 40.57015868 ], [ 141.48169329000001, 40.57009484 ], [ 141.48177189, 40.57000142 ], [ 141.48173821, 40.5699734 ], [ 141.481731060000016, 40.5699446 ], [ 141.481733100000014, 40.56990723 ], [ 141.48176271, 40.56984729 ], [ 141.48176741, 40.56982837 ], [ 141.48192257, 40.56977855 ], [ 141.482081830000027, 40.56949363 ], [ 141.482162460000012, 40.56949752 ], [ 141.48216961, 40.56944614 ], [ 141.48223965, 40.56936659 ], [ 141.48221515000003, 40.56932688 ], [ 141.48220901000002, 40.56928096 ], [ 141.482273330000027, 40.56914784 ], [ 141.482326420000021, 40.56912215 ], [ 141.482408080000027, 40.56906859 ], [ 141.48245402, 40.56907871 ], [ 141.48247852, 40.56903745 ], [ 141.48244993000003, 40.56899464 ], [ 141.48240196, 40.56900554 ], [ 141.482309070000014, 40.56897595 ], [ 141.4822958, 40.56896116 ], [ 141.482356630000027, 40.5688666 ], [ 141.483333330000022, 40.56921202 ], [ 141.483853720000013, 40.56939606 ], [ 141.484225040000013, 40.56953005 ], [ 141.4842203, 40.56953541 ], [ 141.48477023, 40.56973169 ], [ 141.485043850000011, 40.56982951 ], [ 141.48542494000003, 40.5699634 ], [ 141.485915150000011, 40.57013528 ], [ 141.486207770000021, 40.5702387 ], [ 141.48724454, 40.57060533 ], [ 141.48801337, 40.57087777 ], [ 141.48814632, 40.57092466 ], [ 141.488330140000016, 40.57099002 ], [ 141.48894389000003, 40.57120791 ], [ 141.48970842, 40.56995176 ], [ 141.48982573, 40.56976182 ], [ 141.490044110000014, 40.56940498 ], [ 141.490130170000015, 40.56926219 ], [ 141.490275420000017, 40.56902174 ], [ 141.490370430000013, 40.56886162 ], [ 141.490506470000014, 40.56863955 ], [ 141.490606980000024, 40.56847838 ], [ 141.490772750000019, 40.56820727 ], [ 141.4909125, 40.56797706 ], [ 141.4910261, 40.5677866 ], [ 141.49111174, 40.56764459 ], [ 141.49119436, 40.56749496 ], [ 141.491237040000016, 40.56741412 ], [ 141.491261230000021, 40.56736987 ], [ 141.49130263, 40.56730556 ], [ 141.491352440000014, 40.56722821 ], [ 141.49136725, 40.56720859 ], [ 141.49144512, 40.5670964 ], [ 141.49166667, 40.5667342 ], [ 141.491707980000029, 40.56666667 ], [ 141.49193484, 40.56629578 ], [ 141.491929950000014, 40.56628859 ], [ 141.49214226, 40.5661684 ], [ 141.492124010000026, 40.5661543 ], [ 141.492275490000026, 40.56606547 ], [ 141.492255520000015, 40.56604423 ], [ 141.492407770000028, 40.5659588 ], [ 141.492427180000021, 40.56597499 ], [ 141.49257745, 40.56588736 ], [ 141.49256746, 40.56587944 ], [ 141.492874680000028, 40.56570603 ], [ 141.49288887, 40.56571866 ], [ 141.493187510000013, 40.56553592 ], [ 141.493194070000015, 40.56554243 ], [ 141.49994472, 40.56157901 ], [ 141.499930380000023, 40.56156685 ], [ 141.5, 40.56152714 ], [ 141.500080360000027, 40.56148132 ], [ 141.50009737000002, 40.56148905 ], [ 141.500848390000016, 40.56104714 ], [ 141.50083533, 40.56103384 ], [ 141.50093472, 40.56097652 ], [ 141.500900030000025, 40.56094279 ], [ 141.501005240000012, 40.56088186 ], [ 141.501048570000023, 40.56092474 ], [ 141.50244016000002, 40.560108 ], [ 141.50243344, 40.56010223 ], [ 141.502537070000017, 40.56004345 ], [ 141.502529690000017, 40.56003585 ], [ 141.502633440000011, 40.55997737 ], [ 141.502642540000011, 40.5599854 ], [ 141.503337510000023, 40.55957768 ], [ 141.50334131, 40.55958053 ], [ 141.50362223, 40.55941337 ], [ 141.506501500000013, 40.55875567 ], [ 141.508333330000028, 40.55833768 ], [ 141.50835239, 40.55833333 ], [ 141.509136860000012, 40.55815433 ], [ 141.516032780000018, 40.55657861 ], [ 141.51666667, 40.55643522 ], [ 141.517163970000013, 40.55632272 ], [ 141.51815847, 40.55609653 ], [ 141.518192280000022, 40.55608877 ], [ 141.5197765, 40.55572641 ], [ 141.520733800000016, 40.55551053 ], [ 141.520961750000026, 40.55545884 ], [ 141.52110769, 40.55542572 ], [ 141.525, 40.55731351 ], [ 141.527102720000016, 40.55833333 ], [ 141.52772306, 40.5586342 ], [ 141.527754890000011, 40.55865159 ], [ 141.52789988, 40.55873103 ], [ 141.52804394, 40.55879925 ], [ 141.528050220000011, 40.5587912 ], [ 141.52809406, 40.55873544 ], [ 141.52792577, 40.55865514 ], [ 141.52792917, 40.55865169 ], [ 141.52778293, 40.55857199 ], [ 141.527294590000025, 40.55833333 ], [ 141.525, 40.55721195 ], [ 141.524104250000022, 40.55677419 ], [ 141.52410078, 40.55677832 ], [ 141.521172330000013, 40.55534887 ], [ 141.521056390000012, 40.55529272 ], [ 141.52104348, 40.55526497 ], [ 141.520871090000014, 40.55530995 ], [ 141.520879440000016, 40.5553208 ], [ 141.520539470000017, 40.55539856 ], [ 141.520540270000026, 40.55540884 ], [ 141.52050258, 40.55541717 ], [ 141.520479170000016, 40.55541225 ], [ 141.51985564, 40.5555542 ], [ 141.51916764, 40.55571059 ], [ 141.518190700000019, 40.55593305 ], [ 141.518146280000025, 40.55594325 ], [ 141.517801830000025, 40.55602236 ], [ 141.517804970000014, 40.5560302 ], [ 141.517771630000027, 40.55603751 ], [ 141.51774258, 40.55603525 ], [ 141.51666667, 40.55627808 ], [ 141.509084360000031, 40.55802008 ], [ 141.508333330000028, 40.5581938 ], [ 141.507717540000016, 40.55833333 ], [ 141.506448440000014, 40.55862089 ], [ 141.506001340000012, 40.55872436 ], [ 141.505373750000018, 40.55886797 ], [ 141.504965770000013, 40.55896184 ], [ 141.5040275, 40.55917597 ], [ 141.50353431000002, 40.55928853 ], [ 141.503325690000025, 40.55941086 ], [ 141.50333189, 40.55941713 ], [ 141.503282110000015, 40.55944461 ], [ 141.503276030000023, 40.55943833 ], [ 141.503032750000017, 40.55957808 ], [ 141.50252533, 40.55987544 ], [ 141.502516160000027, 40.55986739 ], [ 141.502416110000013, 40.55992344 ], [ 141.502423640000018, 40.5599315 ], [ 141.502322780000014, 40.55998875 ], [ 141.502326720000013, 40.55999303 ], [ 141.50173258, 40.56034467 ], [ 141.5009345, 40.56081425 ], [ 141.500890390000023, 40.56077128 ], [ 141.50079022, 40.56082959 ], [ 141.50082372, 40.56086172 ], [ 141.50072287, 40.56091941 ], [ 141.50073445000001, 40.56093223 ], [ 141.50013586, 40.56128828 ], [ 141.50017462, 40.56132453 ], [ 141.50002236, 40.56141797 ], [ 141.500008050000019, 40.56140439 ], [ 141.5, 40.56140911 ], [ 141.49985743000002, 40.5614926 ], [ 141.499866860000026, 40.56150264 ], [ 141.49976437, 40.56156375 ], [ 141.49976712, 40.5615667 ], [ 141.499402, 40.561781 ], [ 141.499145100000021, 40.56193072 ], [ 141.49865846000003, 40.56221668 ], [ 141.498084190000014, 40.5625515 ], [ 141.4974828, 40.56290277 ], [ 141.49689358, 40.56325397 ], [ 141.496550010000021, 40.56345354 ], [ 141.495936070000027, 40.56381352 ], [ 141.49533577, 40.56416956 ], [ 141.495242780000012, 40.56422386 ], [ 141.495259710000028, 40.56424114 ], [ 141.49508173000001, 40.564346 ], [ 141.495065720000014, 40.56432871 ], [ 141.49466003, 40.56456311 ], [ 141.49432589, 40.56475011 ], [ 141.493941020000022, 40.56498 ], [ 141.49391158, 40.56495205 ], [ 141.49384691, 40.56499222 ], [ 141.49387189, 40.56502117 ], [ 141.493209730000018, 40.56541628 ], [ 141.49312036, 40.56546831 ], [ 141.49311416, 40.56546295 ], [ 141.49299358, 40.56553603 ], [ 141.492810920000011, 40.56564677 ], [ 141.492800050000028, 40.56563297 ], [ 141.492497250000014, 40.56580311 ], [ 141.49250669, 40.56581359 ], [ 141.49245667, 40.56584169 ], [ 141.49246431, 40.56584967 ], [ 141.492430950000028, 40.56586913 ], [ 141.492423450000018, 40.56586153 ], [ 141.49235403000003, 40.56590192 ], [ 141.49233747, 40.56588605 ], [ 141.49218486, 40.56596684 ], [ 141.49220703, 40.56598887 ], [ 141.49205333, 40.56608013 ], [ 141.492064310000018, 40.56608884 ], [ 141.4919692, 40.56614664 ], [ 141.49186554000002, 40.56620974 ], [ 141.49166667, 40.56612709 ], [ 141.49155214000001, 40.56607949 ], [ 141.49156844, 40.56605607 ], [ 141.491410050000013, 40.56600038 ], [ 141.491396800000018, 40.56601339 ], [ 141.491159910000022, 40.56591656 ], [ 141.49166667, 40.56519308 ], [ 141.491888140000015, 40.56487689 ], [ 141.49198752, 40.56473978 ], [ 141.49166667, 40.56460984 ], [ 141.488644670000014, 40.5633858 ], [ 141.487864670000022, 40.56306897 ], [ 141.48657674, 40.56254347 ], [ 141.485775140000015, 40.56221269 ], [ 141.485208590000013, 40.56198508 ], [ 141.48454842000001, 40.56171439 ], [ 141.484714140000023, 40.56148623 ], [ 141.48470086, 40.56148036 ], [ 141.484535500000021, 40.56170905 ], [ 141.483556250000021, 40.56131056 ], [ 141.48355239, 40.56131633 ], [ 141.483517170000027, 40.56130031 ], [ 141.484085060000012, 40.56049684 ], [ 141.484117200000014, 40.56050989 ], [ 141.484113940000015, 40.56051567 ], [ 141.485103, 40.56091484 ], [ 141.484934330000016, 40.561154 ], [ 141.48494752000002, 40.56116131 ], [ 141.485118780000022, 40.56092113 ], [ 141.48513467, 40.56092753 ], [ 141.485206450000021, 40.56082717 ], [ 141.485227890000033, 40.56083541 ], [ 141.48574489, 40.56010725 ], [ 141.48548341, 40.55999605 ], [ 141.48527698, 40.55991813 ], [ 141.485272, 40.55991628 ], [ 141.48527328, 40.55991439 ], [ 141.48544211, 40.55966989 ], [ 141.48540761000001, 40.55965605 ], [ 141.48536642000002, 40.55963359 ], [ 141.485380830000025, 40.5596098 ], [ 141.485350970000013, 40.55959936 ], [ 141.485348080000023, 40.55960433 ], [ 141.48530234, 40.55958836 ], [ 141.485303860000016, 40.55958531 ], [ 141.485358220000023, 40.5595052 ], [ 141.48535973, 40.55950303 ], [ 141.48561214, 40.55960661 ], [ 141.48571486, 40.55965395 ], [ 141.48598895, 40.55976569 ], [ 141.486462750000015, 40.55910053 ], [ 141.486008200000015, 40.55891341 ], [ 141.486161440000018, 40.55869308 ], [ 141.48641686000002, 40.55833333 ], [ 141.48666608, 40.55798244 ], [ 141.48670056, 40.55789741 ], [ 141.48685569, 40.55767633 ], [ 141.48742078, 40.55688139 ], [ 141.487405720000027, 40.556876 ], [ 141.48742997, 40.55684325 ], [ 141.48744075, 40.55684833 ], [ 141.48744564, 40.55684164 ], [ 141.487475160000031, 40.5568058 ], [ 141.487491170000027, 40.55678761 ], [ 141.48788217, 40.55694939 ], [ 141.489830470000015, 40.5577462 ], [ 141.49062752, 40.5580722 ], [ 141.491256740000011, 40.55833333 ], [ 141.491612550000013, 40.55848103 ], [ 141.49166667, 40.55850325 ], [ 141.49284345, 40.55898611 ], [ 141.4932262, 40.55843769 ], [ 141.493301240000022, 40.55833333 ], [ 141.49340654, 40.55818693 ], [ 141.49459486, 40.55794092 ], [ 141.494860950000032, 40.55788664 ], [ 141.49515403, 40.55782687 ], [ 141.495474420000022, 40.55775839 ], [ 141.495823450000017, 40.55768441 ], [ 141.49613864, 40.55761759 ], [ 141.496558860000022, 40.55753041 ], [ 141.49687997, 40.55746284 ], [ 141.49734447000003, 40.55736541 ], [ 141.49789737, 40.55724841 ], [ 141.49835597, 40.55715247 ], [ 141.498916980000018, 40.55703161 ], [ 141.49945112, 40.55691931 ], [ 141.5, 40.55680211 ], [ 141.500118390000011, 40.55677684 ], [ 141.500125060000016, 40.55677275 ], [ 141.50073167, 40.55595456 ], [ 141.501295160000012, 40.55519775 ], [ 141.5, 40.55464031 ], [ 141.499665250000021, 40.55449623 ], [ 141.497857720000013, 40.55371787 ], [ 141.496869800000013, 40.55329892 ], [ 141.497282550000023, 40.55274536 ], [ 141.49783553, 40.55199908 ], [ 141.49785394, 40.55197411 ], [ 141.49832889000001, 40.55133475 ], [ 141.498686740000011, 40.55148867 ], [ 141.499669340000025, 40.55191836 ], [ 141.49982978, 40.55198761 ], [ 141.5, 40.55206111 ], [ 141.50131783, 40.55263013 ], [ 141.501596980000016, 40.55275067 ], [ 141.50265411, 40.55274408 ], [ 141.50456086, 40.55273141 ], [ 141.504904860000011, 40.55272608 ], [ 141.50502438, 40.55256436 ], [ 141.50513730000003, 40.5524132 ], [ 141.505477830000018, 40.55195489 ], [ 141.505491700000022, 40.55193633 ], [ 141.5057237, 40.55162733 ], [ 141.50572383, 40.55162659 ], [ 141.505957180000024, 40.55131246 ], [ 141.506126280000018, 40.55108484 ], [ 141.503618970000019, 40.55 ], [ 141.503352980000017, 40.54988491 ], [ 141.503352090000021, 40.54988613 ], [ 141.502193260000013, 40.54938189 ], [ 141.50036674, 40.54859647 ], [ 141.500876810000022, 40.54790889 ], [ 141.501478970000022, 40.54710495 ], [ 141.501821190000015, 40.5466368 ], [ 141.50248564, 40.54692097 ], [ 141.50349828, 40.54736 ], [ 141.505084690000018, 40.54804741 ], [ 141.50582828, 40.54836578 ], [ 141.506035060000016, 40.54817139 ], [ 141.506221830000015, 40.548289 ], [ 141.506320750000015, 40.54835877 ], [ 141.50641361000001, 40.54841236 ], [ 141.507550470000012, 40.54910787 ], [ 141.508333330000028, 40.54806067 ], [ 141.508541440000016, 40.54778231 ], [ 141.508910510000021, 40.54728759 ], [ 141.508942750000017, 40.54724392 ], [ 141.50901939, 40.54714005 ], [ 141.509056360000017, 40.54715436 ], [ 141.509928270000017, 40.54598105 ], [ 141.509894550000013, 40.54596305 ], [ 141.50997995, 40.54584928 ], [ 141.51029144, 40.545973 ], [ 141.510578200000026, 40.54608695 ], [ 141.512293890000024, 40.54676964 ], [ 141.512285030000015, 40.54677941 ], [ 141.512381, 40.54702356 ], [ 141.513550470000013, 40.55 ], [ 141.514298270000012, 40.55190322 ], [ 141.514479, 40.5523632 ], [ 141.51452795, 40.5524878 ], [ 141.51462197, 40.55246644 ], [ 141.514414110000018, 40.55193695 ], [ 141.514400780000017, 40.55190261 ], [ 141.51365558, 40.55 ], [ 141.512647890000011, 40.54742717 ], [ 141.512429360000027, 40.54687908 ], [ 141.51242525, 40.54686875 ], [ 141.51236803, 40.5467228 ], [ 141.510228, 40.54587222 ], [ 141.509753390000014, 40.54568525 ], [ 141.508541630000025, 40.54520375 ], [ 141.508333330000028, 40.54512097 ], [ 141.50815545, 40.54505028 ], [ 141.5080662, 40.54501478 ], [ 141.507521670000017, 40.5447975 ], [ 141.507256980000022, 40.54469133 ], [ 141.506208720000018, 40.54427892 ], [ 141.505894810000029, 40.5441535 ], [ 141.505298050000022, 40.54391505 ], [ 141.504701630000028, 40.54367931 ], [ 141.502852830000023, 40.54293894 ], [ 141.502876830000019, 40.54289531 ], [ 141.502807500000017, 40.54285644 ], [ 141.50279236, 40.54284256 ], [ 141.502791190000011, 40.54283195 ], [ 141.502791120000012, 40.54282367 ], [ 141.502798340000027, 40.54276697 ], [ 141.502840510000027, 40.54262687 ], [ 141.502907, 40.54240447 ], [ 141.50295241, 40.54225947 ], [ 141.503039140000027, 40.542004 ], [ 141.50305791, 40.54189861 ], [ 141.503283260000018, 40.54166667 ], [ 141.50361007, 40.54133027 ], [ 141.504528970000024, 40.54038441 ], [ 141.504588220000016, 40.54036987 ], [ 141.504632390000012, 40.54034953 ], [ 141.50466523, 40.54032536 ], [ 141.50470175, 40.54029641 ], [ 141.504738300000014, 40.54028092 ], [ 141.504813970000015, 40.5402692 ], [ 141.50486691, 40.54026322 ], [ 141.50494889, 40.54025436 ], [ 141.50502713, 40.54024259 ], [ 141.505100270000014, 40.54022414 ], [ 141.50514691, 40.54020277 ], [ 141.50517331, 40.54018544 ], [ 141.50520112, 40.54016708 ], [ 141.50523647, 40.54014867 ], [ 141.505276110000011, 40.54012269 ], [ 141.505512780000032, 40.54021669 ], [ 141.50581477, 40.54033689 ], [ 141.506182670000015, 40.54048325 ], [ 141.506318390000018, 40.54053767 ], [ 141.50655674, 40.54063308 ], [ 141.506566470000024, 40.540637 ], [ 141.506778200000014, 40.54072475 ], [ 141.50753706, 40.54102292 ], [ 141.508092530000027, 40.54124603 ], [ 141.50816409, 40.54127477 ], [ 141.508333330000028, 40.54134223 ], [ 141.508955940000021, 40.54159031 ], [ 141.50914606, 40.54166667 ], [ 141.50958097, 40.54184133 ], [ 141.51007472, 40.54203525 ], [ 141.51044497, 40.54217808 ], [ 141.51069737, 40.54224667 ], [ 141.511124450000011, 40.54233692 ], [ 141.51116737000001, 40.54234495 ], [ 141.51163005, 40.54245372 ], [ 141.512557, 40.542662 ], [ 141.51294569, 40.54274889 ], [ 141.51302961, 40.54277 ], [ 141.513733160000015, 40.54293039 ], [ 141.51420803, 40.54303775 ], [ 141.514345470000023, 40.54307511 ], [ 141.51504528000001, 40.54252639 ], [ 141.51604597, 40.54171887 ], [ 141.516111020000011, 40.54166667 ], [ 141.516360140000018, 40.5414668 ], [ 141.51666667, 40.54122033 ], [ 141.51744234, 40.54059661 ], [ 141.51741852, 40.54057731 ], [ 141.51803197000001, 40.54034889 ], [ 141.51805808, 40.54033917 ], [ 141.51803141000002, 40.5402962 ], [ 141.518022310000021, 40.54028156 ], [ 141.51786519, 40.54034231 ], [ 141.517862330000014, 40.54033872 ], [ 141.517341, 40.54053247 ], [ 141.51666667, 40.54003603 ], [ 141.51665484, 40.54002731 ], [ 141.51607475, 40.53961151 ], [ 141.51536472, 40.53909011 ], [ 141.515083160000017, 40.53889353 ], [ 141.515243920000017, 40.53877156 ], [ 141.515386010000014, 40.53887347 ], [ 141.515494280000013, 40.53878195 ], [ 141.51538020000001, 40.53869672 ], [ 141.515561140000017, 40.53865908 ], [ 141.51573234, 40.53860241 ], [ 141.5158183, 40.53856056 ], [ 141.516000140000017, 40.53846041 ], [ 141.51609703, 40.53839805 ], [ 141.51611872, 40.53838325 ], [ 141.516169100000013, 40.53834884 ], [ 141.516411800000014, 40.53816133 ], [ 141.51666667, 40.53796344 ], [ 141.516867420000011, 40.53780759 ], [ 141.51743253, 40.53735797 ], [ 141.517919800000016, 40.53698556 ], [ 141.51799711000001, 40.53692584 ], [ 141.518122780000027, 40.53682756 ], [ 141.518149100000016, 40.53680489 ], [ 141.518161780000014, 40.53679661 ], [ 141.51842647, 40.53659259 ], [ 141.518719, 40.53636344 ], [ 141.51876966, 40.53640069 ], [ 141.51891859, 40.53651025 ], [ 141.51893109, 40.53651944 ], [ 141.51923672, 40.53674422 ], [ 141.519619690000013, 40.53702484 ], [ 141.519999440000021, 40.53731223 ], [ 141.520481750000016, 40.53766761 ], [ 141.520530900000011, 40.53762653 ], [ 141.52042706, 40.53754941 ], [ 141.520196520000013, 40.53737822 ], [ 141.520181170000029, 40.53736572 ], [ 141.519688910000013, 40.5370065 ], [ 141.519661140000011, 40.53697928 ], [ 141.519150700000012, 40.53660659 ], [ 141.51913844, 40.53659728 ], [ 141.51891842, 40.53643539 ], [ 141.518513550000023, 40.53613797 ], [ 141.518481800000018, 40.53611467 ], [ 141.518483480000015, 40.53610411 ], [ 141.518495160000015, 40.53609478 ], [ 141.518889250000029, 40.53578641 ], [ 141.519373410000014, 40.53540005 ], [ 141.51948581000002, 40.53530805 ], [ 141.51950917, 40.53529703 ], [ 141.519620340000017, 40.53521325 ], [ 141.519932670000031, 40.53496903 ], [ 141.52031992000002, 40.5346652 ], [ 141.520585580000017, 40.53445144 ], [ 141.520622340000017, 40.53442186 ], [ 141.520643330000013, 40.53440967 ], [ 141.520683970000022, 40.534378 ], [ 141.52105519, 40.53408686 ], [ 141.521659880000016, 40.53361287 ], [ 141.521761670000018, 40.53352356 ], [ 141.521738590000012, 40.53350559 ], [ 141.521773700000011, 40.53347556 ], [ 141.521799140000013, 40.53349353 ], [ 141.52183309, 40.53346551 ], [ 141.521838660000014, 40.53346987 ], [ 141.521855640000012, 40.53345617 ], [ 141.52186905, 40.5334388 ], [ 141.52200575, 40.53333333 ], [ 141.522094940000017, 40.53326453 ], [ 141.52238817, 40.53303528 ], [ 141.522731850000014, 40.53275467 ], [ 141.52273864, 40.53274887 ], [ 141.52276336, 40.53272953 ], [ 141.522805500000032, 40.53269641 ], [ 141.522817910000015, 40.53268669 ], [ 141.52305934, 40.53250577 ], [ 141.52310861, 40.53246405 ], [ 141.523500080000019, 40.53216072 ], [ 141.52370453, 40.53234503 ], [ 141.524150890000016, 40.53275422 ], [ 141.52413253, 40.53277108 ], [ 141.524117780000012, 40.53278133 ], [ 141.524189050000018, 40.53283775 ], [ 141.52425636000001, 40.53288605 ], [ 141.524299470000017, 40.53284375 ], [ 141.524299580000019, 40.53284369 ], [ 141.524508520000012, 40.53270731 ], [ 141.525, 40.53306289 ], [ 141.525278340000028, 40.53326425 ], [ 141.52533022, 40.53322484 ], [ 141.525, 40.53297786 ], [ 141.52447577, 40.53258575 ], [ 141.524495550000012, 40.53257067 ], [ 141.52447061, 40.53254292 ], [ 141.524477610000019, 40.53253575 ], [ 141.524399690000024, 40.53247731 ], [ 141.52404820000001, 40.53221339 ], [ 141.523809200000017, 40.5320308 ], [ 141.523750580000012, 40.53199 ], [ 141.523502940000014, 40.53181775 ], [ 141.523394110000027, 40.53173889 ], [ 141.52328646, 40.53166088 ], [ 141.52318686000001, 40.53158872 ], [ 141.52283859, 40.53132772 ], [ 141.5228118, 40.53130764 ], [ 141.522768440000021, 40.53127889 ], [ 141.52263611, 40.53118575 ], [ 141.522468980000014, 40.53105922 ], [ 141.52245453, 40.53103328 ], [ 141.523076840000016, 40.53057653 ], [ 141.52373361, 40.53009451 ], [ 141.523754420000017, 40.53008589 ], [ 141.523769470000019, 40.53008159 ], [ 141.523786840000014, 40.53009436 ], [ 141.52379733, 40.53010447 ], [ 141.52385025000001, 40.53011 ], [ 141.523888910000011, 40.53011561 ], [ 141.523939440000021, 40.53012892 ], [ 141.52413192, 40.5302852 ], [ 141.524120830000015, 40.53030975 ], [ 141.524124770000014, 40.53032703 ], [ 141.524135280000024, 40.53033705 ], [ 141.52413934, 40.53036522 ], [ 141.52413859, 40.5303818 ], [ 141.52415756, 40.53039105 ], [ 141.52417542, 40.53038311 ], [ 141.52418961, 40.5303852 ], [ 141.52419722, 40.53039161 ], [ 141.524202780000024, 40.53039239 ], [ 141.524230030000012, 40.53037856 ], [ 141.524275940000024, 40.53035675 ], [ 141.524379610000011, 40.53042997 ], [ 141.524354230000029, 40.530462 ], [ 141.52434292, 40.53048684 ], [ 141.52430603000002, 40.53048123 ], [ 141.52429375, 40.530482 ], [ 141.524283450000013, 40.53048847 ], [ 141.524289220000014, 40.53049933 ], [ 141.52431489, 40.53051728 ], [ 141.52432353, 40.5305528 ], [ 141.524563990000019, 40.53071933 ], [ 141.52460503, 40.53068025 ], [ 141.525, 40.530979 ], [ 141.52518914, 40.53112203 ], [ 141.525445530000013, 40.53132033 ], [ 141.525499250000024, 40.53127697 ], [ 141.525, 40.5308952 ], [ 141.52465647, 40.53063251 ], [ 141.524159270000013, 40.53026036 ], [ 141.52380811, 40.52997092 ], [ 141.52432066, 40.52958672 ], [ 141.524751440000017, 40.52983477 ], [ 141.525, 40.52996614 ], [ 141.525060360000026, 40.52999803 ], [ 141.525817830000022, 40.53040497 ], [ 141.526383940000017, 40.5307048 ], [ 141.52630514, 40.53078959 ], [ 141.526354310000016, 40.53081911 ], [ 141.52649747000001, 40.53066867 ], [ 141.527010780000012, 40.53094097 ], [ 141.527963410000012, 40.53144392 ], [ 141.527654860000013, 40.5317845 ], [ 141.5276938, 40.53180831 ], [ 141.5279793, 40.53149533 ], [ 141.52808156, 40.53139711 ], [ 141.52833372, 40.53140172 ], [ 141.52833053, 40.53149053 ], [ 141.528835690000022, 40.53150036 ], [ 141.52961302, 40.53151795 ], [ 141.530205720000026, 40.5315338 ], [ 141.530317520000011, 40.53153559 ], [ 141.531166360000014, 40.53156277 ], [ 141.531166160000026, 40.53147741 ], [ 141.53213095000001, 40.53149597 ], [ 141.532883990000016, 40.53151628 ], [ 141.53333333, 40.5315278 ], [ 141.533783890000024, 40.53153939 ], [ 141.53431136, 40.53154636 ], [ 141.53432263000002, 40.53145064 ], [ 141.53445438, 40.53145408 ], [ 141.534453920000033, 40.53154478 ], [ 141.53447386000002, 40.53154511 ], [ 141.53450075, 40.53088513 ], [ 141.53450064, 40.53083031 ], [ 141.53336558, 40.53079261 ], [ 141.53333333, 40.53079156 ], [ 141.533071830000011, 40.53078303 ], [ 141.532364160000014, 40.53094844 ], [ 141.531568490000012, 40.53114203 ], [ 141.53115397000002, 40.53123369 ], [ 141.530733060000017, 40.5312212 ], [ 141.53030156, 40.5312128 ], [ 141.530150780000014, 40.53120839 ], [ 141.529589440000024, 40.53120251 ], [ 141.528126390000011, 40.53116644 ], [ 141.527934280000011, 40.53066633 ], [ 141.52777973, 40.53029559 ], [ 141.527799610000017, 40.53025672 ], [ 141.52856558000002, 40.53009072 ], [ 141.529296520000031, 40.52992856 ], [ 141.530162870000026, 40.5297332 ], [ 141.530708560000022, 40.52960931 ], [ 141.530722, 40.52963264 ], [ 141.53094852000001, 40.52957625 ], [ 141.53088034000001, 40.52939656 ], [ 141.530648110000016, 40.52944928 ], [ 141.530653090000015, 40.52947331 ], [ 141.530182090000011, 40.52958222 ], [ 141.529573670000019, 40.52972197 ], [ 141.528598750000015, 40.52994184 ], [ 141.52775416, 40.53012947 ], [ 141.527713580000011, 40.530109 ], [ 141.527539420000011, 40.52964686 ], [ 141.527399050000014, 40.52927828 ], [ 141.52721686000001, 40.52881195 ], [ 141.52759764000001, 40.52872347 ], [ 141.52893764, 40.52842613 ], [ 141.529522090000029, 40.52829572 ], [ 141.530307420000014, 40.52812247 ], [ 141.530349880000017, 40.5281105 ], [ 141.530900440000011, 40.52799092 ], [ 141.53125608, 40.52791251 ], [ 141.531772890000013, 40.5277938 ], [ 141.53206542, 40.52773289 ], [ 141.53206086, 40.52772633 ], [ 141.532072780000021, 40.52772392 ], [ 141.53207828, 40.5277312 ], [ 141.53219167, 40.527706 ], [ 141.532640800000024, 40.52760672 ], [ 141.532966160000029, 40.52753605 ], [ 141.53333333, 40.52745453 ], [ 141.53337066, 40.52744625 ], [ 141.53383086, 40.52734359 ], [ 141.53427961, 40.52724403 ], [ 141.53456283, 40.5271818 ], [ 141.534692830000012, 40.52752775 ], [ 141.534786810000014, 40.52776567 ], [ 141.534871360000011, 40.52799875 ], [ 141.53495365, 40.52821377 ], [ 141.53504903000001, 40.52846572 ], [ 141.535147780000017, 40.5287318 ], [ 141.535253410000024, 40.52900414 ], [ 141.535336230000013, 40.52922617 ], [ 141.535438950000014, 40.52948864 ], [ 141.535517810000016, 40.52970592 ], [ 141.53560837, 40.52994395 ], [ 141.5357127, 40.53022717 ], [ 141.535801720000023, 40.53045575 ], [ 141.53582036, 40.53046511 ], [ 141.535911500000026, 40.53071608 ], [ 141.53601992000003, 40.53100517 ], [ 141.536424360000012, 40.53118003 ], [ 141.536528440000012, 40.53122333 ], [ 141.536552630000017, 40.53118951 ], [ 141.53690022, 40.53134536 ], [ 141.53687419000002, 40.53138264 ], [ 141.537204770000017, 40.53152805 ], [ 141.538536860000022, 40.53173417 ], [ 141.5389518, 40.53179533 ], [ 141.53897462, 40.53172053 ], [ 141.53907501, 40.53134247 ], [ 141.53918586, 40.53090641 ], [ 141.53894484, 40.53087187 ], [ 141.53853589000002, 40.53080844 ], [ 141.53811776, 40.53074605 ], [ 141.537735810000015, 40.53069184 ], [ 141.537698150000011, 40.53071214 ], [ 141.537690560000016, 40.53074533 ], [ 141.537651860000011, 40.53073611 ], [ 141.537667520000014, 40.53067577 ], [ 141.536520470000028, 40.53050469 ], [ 141.53660302, 40.52990097 ], [ 141.536701720000025, 40.52916969 ], [ 141.53682086, 40.52832733 ], [ 141.536887470000011, 40.52778964 ], [ 141.53695392000003, 40.52725751 ], [ 141.537263750000022, 40.52728272 ], [ 141.538011580000017, 40.52733841 ], [ 141.538887860000017, 40.52740925 ], [ 141.53975005, 40.5274792 ], [ 141.540304750000018, 40.52751839 ], [ 141.54021608, 40.52833751 ], [ 141.54089306, 40.5283785 ], [ 141.54090406, 40.52826844 ], [ 141.54037306, 40.52823425 ], [ 141.540450310000011, 40.52743275 ], [ 141.54124575, 40.52748292 ], [ 141.541260360000024, 40.52732189 ], [ 141.54143725, 40.52732953 ], [ 141.54143686, 40.5273598 ], [ 141.54150533, 40.52736369 ], [ 141.54161231, 40.52736603 ], [ 141.541600220000021, 40.52749705 ], [ 141.541666670000012, 40.52750123 ], [ 141.541863480000018, 40.52751361 ], [ 141.541784550000017, 40.52832222 ], [ 141.541666670000012, 40.52831633 ], [ 141.541515300000015, 40.52830875 ], [ 141.54125442, 40.52829405 ], [ 141.54124442, 40.52839751 ], [ 141.541516390000027, 40.52841214 ], [ 141.541666670000012, 40.52841961 ], [ 141.541901, 40.52843131 ], [ 141.54199764, 40.52751956 ], [ 141.54234815, 40.52753984 ], [ 141.542792780000013, 40.52756484 ], [ 141.543615030000012, 40.52761472 ], [ 141.543660750000015, 40.52761895 ], [ 141.543578750000023, 40.52822603 ], [ 141.543591830000025, 40.52822503 ], [ 141.54359039000002, 40.52826603 ], [ 141.543574330000013, 40.52826611 ], [ 141.543565300000012, 40.52836111 ], [ 141.54334934000002, 40.52835108 ], [ 141.543321920000011, 40.52856164 ], [ 141.543238420000023, 40.52912595 ], [ 141.543144550000022, 40.52983997 ], [ 141.542987200000027, 40.53099067 ], [ 141.54470555, 40.53112584 ], [ 141.54470519, 40.53111439 ], [ 141.544762720000023, 40.53111764 ], [ 141.544760250000024, 40.53112989 ], [ 141.545194360000011, 40.53116308 ], [ 141.54539189, 40.52976123 ], [ 141.545373920000031, 40.52976017 ], [ 141.545376620000013, 40.52972339 ], [ 141.545395500000012, 40.52972311 ], [ 141.54541472, 40.52955467 ], [ 141.54563339, 40.52956295 ], [ 141.545650420000015, 40.52956544 ], [ 141.54564639, 40.52961987 ], [ 141.546089, 40.52965084 ], [ 141.54819258, 40.52979886 ], [ 141.54894128, 40.52985475 ], [ 141.548953410000024, 40.52979811 ], [ 141.549228910000011, 40.52982269 ], [ 141.54959908, 40.53097672 ], [ 141.549798340000024, 40.53159717 ], [ 141.55, 40.53223411 ], [ 141.55022949, 40.53295895 ], [ 141.550352670000024, 40.53333333 ], [ 141.550399660000011, 40.53347628 ], [ 141.551805030000025, 40.53364064 ], [ 141.552438170000016, 40.53452164 ], [ 141.552508910000029, 40.534494 ], [ 141.552448690000034, 40.53441395 ], [ 141.55241189, 40.53442705 ], [ 141.55231681, 40.53429995 ], [ 141.55186939, 40.533665 ], [ 141.551974420000022, 40.53361769 ], [ 141.551946890000011, 40.53359392 ], [ 141.551862310000018, 40.53333333 ], [ 141.551298660000015, 40.53159686 ], [ 141.550783530000018, 40.52995617 ], [ 141.551581140000025, 40.52969553 ], [ 141.552291560000015, 40.52946344 ], [ 141.552992890000013, 40.53017847 ], [ 141.553435620000016, 40.53063 ], [ 141.55362506, 40.53096025 ], [ 141.55394053, 40.531519 ], [ 141.55387031, 40.53154359 ], [ 141.554214480000013, 40.53214584 ], [ 141.55437562000003, 40.53251047 ], [ 141.55442944, 40.53263353 ], [ 141.554435620000021, 40.5326462 ], [ 141.554521780000016, 40.53282341 ], [ 141.55459589, 40.5329758 ], [ 141.554758030000016, 40.53333333 ], [ 141.55476056, 40.53333889 ], [ 141.55499122, 40.53384703 ], [ 141.55509170000002, 40.53406847 ], [ 141.55523384, 40.53437984 ], [ 141.555560970000016, 40.535099 ], [ 141.555228880000016, 40.53518431 ], [ 141.55465591, 40.53501892 ], [ 141.554668170000014, 40.53499244 ], [ 141.554530140000026, 40.53495603 ], [ 141.55453358, 40.53494772 ], [ 141.553841580000011, 40.53474669 ], [ 141.553803640000012, 40.53481889 ], [ 141.554502140000011, 40.53502025 ], [ 141.554498560000013, 40.53502864 ], [ 141.554636030000012, 40.53506669 ], [ 141.554641480000015, 40.53504684 ], [ 141.55520205000002, 40.53521231 ], [ 141.555211220000018, 40.5352515 ], [ 141.55554905, 40.53516564 ], [ 141.55556064000001, 40.53516708 ], [ 141.55556815, 40.53517156 ], [ 141.555609920000023, 40.53518103 ], [ 141.555681030000017, 40.53519741 ], [ 141.555711700000018, 40.53520747 ], [ 141.55575153, 40.53522164 ], [ 141.55548453, 40.53530122 ], [ 141.555496010000013, 40.53532359 ], [ 141.555677950000018, 40.53527272 ], [ 141.55568761, 40.53528411 ], [ 141.555480390000014, 40.53534467 ], [ 141.55549044, 40.53536684 ], [ 141.555703920000013, 40.53530678 ], [ 141.555711800000012, 40.53531456 ], [ 141.555498340000014, 40.53537786 ], [ 141.555505010000019, 40.53540439 ], [ 141.555746160000012, 40.53533759 ], [ 141.555746520000014, 40.53536092 ], [ 141.555760580000026, 40.53537344 ], [ 141.55577953, 40.53537736 ], [ 141.555791390000024, 40.53537269 ], [ 141.55580611000002, 40.53535884 ], [ 141.55589508, 40.53555478 ], [ 141.555895940000028, 40.53555667 ], [ 141.55597759, 40.53574017 ], [ 141.556079440000019, 40.53595784 ], [ 141.556075640000017, 40.53601 ], [ 141.556078300000024, 40.53610536 ], [ 141.55607064, 40.53610567 ], [ 141.556068880000026, 40.53617351 ], [ 141.556119270000011, 40.53617284 ], [ 141.556119100000018, 40.53615697 ], [ 141.556098220000024, 40.53615811 ], [ 141.556097170000015, 40.53613497 ], [ 141.556119580000029, 40.53613564 ], [ 141.556120030000017, 40.53611033 ], [ 141.55610008, 40.53610972 ], [ 141.55610189, 40.5360598 ], [ 141.556173770000015, 40.53603723 ], [ 141.55679883000002, 40.53587417 ], [ 141.557509580000016, 40.53567797 ], [ 141.55764095, 40.5358308 ], [ 141.557840200000015, 40.53605947 ], [ 141.55808776, 40.53634486 ], [ 141.55826231, 40.53654972 ], [ 141.558333330000011, 40.53662992 ], [ 141.558492700000016, 40.53680984 ], [ 141.558346160000013, 40.53688433 ], [ 141.558394360000023, 40.53691978 ], [ 141.5584392, 40.53696228 ], [ 141.558441970000018, 40.53696739 ], [ 141.55843228, 40.53697736 ], [ 141.558333330000011, 40.537052 ], [ 141.55817034, 40.53717497 ], [ 141.558194110000017, 40.53719986 ], [ 141.55814655, 40.5372578 ], [ 141.55812978, 40.537267 ], [ 141.55809756, 40.53726739 ], [ 141.558086300000014, 40.53726431 ], [ 141.558048970000016, 40.53726164 ], [ 141.557659950000016, 40.53746169 ], [ 141.55754153, 40.53752575 ], [ 141.55747022, 40.53743784 ], [ 141.55747503, 40.53743431 ], [ 141.55738134, 40.53732905 ], [ 141.55696506000001, 40.53737859 ], [ 141.556719360000017, 40.53727575 ], [ 141.556237780000032, 40.53709217 ], [ 141.55618411, 40.53704313 ], [ 141.55591214, 40.53682211 ], [ 141.55526623, 40.53628469 ], [ 141.5552217, 40.53631751 ], [ 141.555217660000011, 40.53631436 ], [ 141.555172890000023, 40.536344 ], [ 141.555269580000015, 40.5364242 ], [ 141.555388690000029, 40.53652287 ], [ 141.555428950000021, 40.53655622 ], [ 141.555530080000011, 40.53663997 ], [ 141.555646200000012, 40.53673633 ], [ 141.55571027000002, 40.53678941 ], [ 141.55577008, 40.53683895 ], [ 141.555790920000021, 40.5368562 ], [ 141.555794360000021, 40.53685905 ], [ 141.555730470000015, 40.53690069 ], [ 141.55576664000003, 40.53692497 ], [ 141.55581713, 40.53688997 ], [ 141.55582555, 40.53688417 ], [ 141.55582805, 40.53688614 ], [ 141.555887860000013, 40.53693575 ], [ 141.55592202, 40.53696408 ], [ 141.555966330000018, 40.5370008 ], [ 141.555977660000025, 40.5370102 ], [ 141.556012440000018, 40.537039 ], [ 141.556050560000017, 40.53707053 ], [ 141.55611416, 40.53712328 ], [ 141.55605555, 40.53716344 ], [ 141.556086300000032, 40.53718992 ], [ 141.556145250000014, 40.53714903 ], [ 141.55615144, 40.53715411 ], [ 141.556211830000024, 40.53720408 ], [ 141.556235890000011, 40.53722403 ], [ 141.55636689, 40.53733236 ], [ 141.55634022000001, 40.53735467 ], [ 141.55612008, 40.53751005 ], [ 141.55611416, 40.53751936 ], [ 141.55591131, 40.5375808 ], [ 141.555935940000012, 40.53762056 ], [ 141.55567711, 40.53770169 ], [ 141.55568603, 40.53771884 ], [ 141.556007080000029, 40.53761803 ], [ 141.55605134000001, 40.53760414 ], [ 141.55611475, 40.53758423 ], [ 141.556186640000021, 40.53756161 ], [ 141.556194620000014, 40.53756814 ], [ 141.556231390000022, 40.53759797 ], [ 141.55630095, 40.53765456 ], [ 141.556679200000019, 40.53765714 ], [ 141.55668036, 40.53766759 ], [ 141.55668122, 40.53774711 ], [ 141.556693280000019, 40.53776025 ], [ 141.556735840000016, 40.53779792 ], [ 141.55674805000001, 40.53780341 ], [ 141.556757950000019, 40.53780003 ], [ 141.556754810000029, 40.53794711 ], [ 141.556751970000022, 40.53807897 ], [ 141.556751750000018, 40.538136 ], [ 141.556748200000015, 40.53826533 ], [ 141.55671791, 40.53830577 ], [ 141.55670122, 40.53833264 ], [ 141.55665248, 40.53839969 ], [ 141.556631170000031, 40.53839369 ], [ 141.556622190000013, 40.5384052 ], [ 141.556627080000027, 40.53842156 ], [ 141.5566317, 40.53845439 ], [ 141.556615060000013, 40.53847772 ], [ 141.556613530000021, 40.53847659 ], [ 141.556595160000029, 40.53844922 ], [ 141.55659411000002, 40.53844914 ], [ 141.55655733, 40.53845377 ], [ 141.55653075, 40.53846314 ], [ 141.556531730000017, 40.53848913 ], [ 141.556550390000012, 40.53851056 ], [ 141.556567950000016, 40.53851936 ], [ 141.55659438, 40.53851956 ], [ 141.55663217, 40.53852087 ], [ 141.55665475, 40.53853459 ], [ 141.55667231000001, 40.53854239 ], [ 141.556696140000014, 40.53855225 ], [ 141.556735030000027, 40.53856803 ], [ 141.556748640000023, 40.53858253 ], [ 141.55673966, 40.53859403 ], [ 141.556739490000012, 40.53861041 ], [ 141.55672669, 40.53862672 ], [ 141.556711480000018, 40.53863817 ], [ 141.55668995, 40.53864667 ], [ 141.55667481, 40.53865325 ], [ 141.55667336, 40.53865136 ], [ 141.556671030000018, 40.53864356 ], [ 141.55668508, 40.53863311 ], [ 141.556694310000012, 40.53860141 ], [ 141.556684470000022, 40.53857528 ], [ 141.556660640000018, 40.53856641 ], [ 141.55665178000001, 40.53856539 ], [ 141.556637890000019, 40.53857008 ], [ 141.55661361, 40.53856177 ], [ 141.556612780000023, 40.53856123 ], [ 141.55661791, 40.53855544 ], [ 141.556621850000028, 40.53853811 ], [ 141.55662056, 40.53853767 ], [ 141.55659925, 40.53853314 ], [ 141.556566420000024, 40.53854253 ], [ 141.55655973, 40.53856841 ], [ 141.556568560000017, 40.5385762 ], [ 141.556590780000022, 40.53861305 ], [ 141.556608200000028, 40.53862864 ], [ 141.55661189, 40.53864408 ], [ 141.556639220000022, 40.53867031 ], [ 141.556656910000015, 40.53867047 ], [ 141.55667581, 40.53867061 ], [ 141.55669078, 40.53868033 ], [ 141.556694360000023, 40.53870544 ], [ 141.55668781, 40.5387208 ], [ 141.556682440000031, 40.53875064 ], [ 141.556702340000015, 40.5387768 ], [ 141.55668947, 40.53879987 ], [ 141.556680410000013, 40.53881425 ], [ 141.55669131, 40.53884992 ], [ 141.556692390000023, 40.53887305 ], [ 141.55668703, 40.53890003 ], [ 141.556696890000012, 40.53891841 ], [ 141.55674708, 40.53893136 ], [ 141.55679889000001, 40.53892987 ], [ 141.55683761, 40.53895231 ], [ 141.556863920000012, 40.53897078 ], [ 141.556841920000011, 40.53902272 ], [ 141.5568163, 40.5390552 ], [ 141.556823670000028, 40.53907075 ], [ 141.556836080000011, 40.53908425 ], [ 141.556832190000023, 40.53909484 ], [ 141.55681186000001, 40.53910431 ], [ 141.55681180000002, 40.53911972 ], [ 141.55684034, 40.53915078 ], [ 141.55688523, 40.53919733 ], [ 141.55691525, 40.53921211 ], [ 141.5569355, 40.5392055 ], [ 141.556947980000018, 40.53921325 ], [ 141.55695302, 40.53922411 ], [ 141.55695294, 40.53922492 ], [ 141.55694409, 40.5392248 ], [ 141.55692633000001, 40.53923339 ], [ 141.556923579999989, 40.53925167 ], [ 141.556928490000018, 40.53926803 ], [ 141.556956, 40.53928075 ], [ 141.556959560000024, 40.53930297 ], [ 141.556990700000028, 40.53933403 ], [ 141.55703438, 40.53936905 ], [ 141.55706214, 40.53936833 ], [ 141.557098750000023, 40.53935992 ], [ 141.557104030000033, 40.53934459 ], [ 141.55708655, 40.53933289 ], [ 141.55708375, 40.53932433 ], [ 141.557084090000018, 40.53932317 ], [ 141.55709536, 40.53932905 ], [ 141.557119340000014, 40.53933025 ], [ 141.55715014, 40.53933086 ], [ 141.557152020000018, 40.53933051 ], [ 141.557152280000025, 40.53930922 ], [ 141.557151440000013, 40.53930861 ], [ 141.55712975, 40.53929947 ], [ 141.557119810000017, 40.53928595 ], [ 141.557130120000011, 40.53926767 ], [ 141.55715533, 40.53926311 ], [ 141.557178, 40.53926522 ], [ 141.557207080000012, 40.53925775 ], [ 141.557246060000011, 40.53925992 ], [ 141.557263670000026, 40.53925992 ], [ 141.55726508, 40.53926008 ], [ 141.557291190000029, 40.53928431 ], [ 141.55732, 40.53929611 ], [ 141.557345140000024, 40.53929514 ], [ 141.55734655, 40.53929541 ], [ 141.55734691, 40.53929675 ], [ 141.557347640000017, 40.53930892 ], [ 141.557341190000017, 40.53932444 ], [ 141.55734109, 40.53932517 ], [ 141.557341700000023, 40.5393258 ], [ 141.557357450000012, 40.53933208 ], [ 141.55737248, 40.53933405 ], [ 141.557372720000018, 40.53933523 ], [ 141.557367060000018, 40.53936778 ], [ 141.557364810000024, 40.53936733 ], [ 141.557340730000021, 40.53935697 ], [ 141.557321700000017, 40.53936544 ], [ 141.557315280000012, 40.53938277 ], [ 141.557320190000013, 40.5393905 ], [ 141.55733752, 40.53940003 ], [ 141.557337780000012, 40.53940031 ], [ 141.557330080000014, 40.53940889 ], [ 141.557319920000026, 40.53941941 ], [ 141.55731964, 40.53943669 ], [ 141.55730567, 40.53944436 ], [ 141.557299340000014, 40.53945889 ], [ 141.55729922, 40.53946061 ], [ 141.557328150000018, 40.53947123 ], [ 141.55733064, 40.5394715 ], [ 141.557349640000012, 40.53946003 ], [ 141.55736886, 40.53945811 ], [ 141.55737109, 40.53945828 ], [ 141.55736586, 40.53947659 ], [ 141.55736195, 40.53948617 ], [ 141.55736314, 40.53948714 ], [ 141.557397110000011, 40.53949603 ], [ 141.557419610000011, 40.539503 ], [ 141.557448780000016, 40.53949164 ], [ 141.55745575, 40.53948097 ], [ 141.55745772, 40.53947917 ], [ 141.557496610000015, 40.53949487 ], [ 141.557519360000015, 40.53951308 ], [ 141.55752161, 40.53951433 ], [ 141.557550530000015, 40.53951361 ], [ 141.55760075, 40.53952933 ], [ 141.557622890000033, 40.53954695 ], [ 141.55762575, 40.5395488 ], [ 141.557656060000028, 40.53953556 ], [ 141.557656160000022, 40.53953347 ], [ 141.55765267000001, 40.53950567 ], [ 141.557661530000019, 40.53948456 ], [ 141.55766306000001, 40.53948264 ], [ 141.55768713, 40.53948322 ], [ 141.55768949, 40.53948384 ], [ 141.557690580000013, 40.5394858 ], [ 141.557700470000015, 40.53951475 ], [ 141.55772711, 40.53959959 ], [ 141.557755750000013, 40.53961689 ], [ 141.557757200000026, 40.53961813 ], [ 141.557753170000012, 40.53964022 ], [ 141.557754250000016, 40.53964167 ], [ 141.55776936, 40.53965192 ], [ 141.557800750000013, 40.5396618 ], [ 141.557822190000024, 40.53965905 ], [ 141.55784112, 40.53965067 ], [ 141.55784241, 40.53965056 ], [ 141.557855010000026, 40.53965833 ], [ 141.557855140000015, 40.53965923 ], [ 141.55784975, 40.53967367 ], [ 141.55783728, 40.53970013 ], [ 141.557836720000012, 40.53970436 ], [ 141.557864250000023, 40.53972769 ], [ 141.55789389, 40.5397722 ], [ 141.557911280000013, 40.53979731 ], [ 141.557926160000022, 40.53981953 ], [ 141.557950080000012, 40.53981686 ], [ 141.55800202, 40.53978447 ], [ 141.558038520000025, 40.53976344 ], [ 141.55804394, 40.53976269 ], [ 141.55805608, 40.53979451 ], [ 141.55806486, 40.53980713 ], [ 141.55806536, 40.53986486 ], [ 141.558065160000012, 40.53988117 ], [ 141.558075190000011, 40.53988995 ], [ 141.55810528, 40.53989884 ], [ 141.558140340000023, 40.53991159 ], [ 141.558137720000019, 40.53992025 ], [ 141.558120120000012, 40.53991911 ], [ 141.55808747, 40.5399122 ], [ 141.558073670000027, 40.539914 ], [ 141.55807475, 40.5399255 ], [ 141.558095940000015, 40.53994392 ], [ 141.55811202000001, 40.53996814 ], [ 141.55813078, 40.53997695 ], [ 141.5581482, 40.53999341 ], [ 141.55815601, 40.54001669 ], [ 141.55815684, 40.54001747 ], [ 141.558173220000015, 40.54001478 ], [ 141.55819484, 40.53999472 ], [ 141.558217760000019, 40.53997369 ], [ 141.55821925, 40.53994875 ], [ 141.55821472, 40.53991211 ], [ 141.558206060000032, 40.53989759 ], [ 141.558213800000033, 40.53988131 ], [ 141.558207610000011, 40.5398755 ], [ 141.558192890000015, 40.53986831 ], [ 141.558192530000014, 40.53986767 ], [ 141.55819348, 40.53986703 ], [ 141.558207690000017, 40.539862 ], [ 141.55821397, 40.53986403 ], [ 141.558237780000013, 40.53987277 ], [ 141.558258490000014, 40.53987653 ], [ 141.5582592, 40.5398768 ], [ 141.558263940000018, 40.53990092 ], [ 141.55826486, 40.53990847 ], [ 141.55826511, 40.53990956 ], [ 141.558265690000013, 40.53991 ], [ 141.55829895, 40.53991753 ], [ 141.55832156, 40.53992253 ], [ 141.558333330000011, 40.53991936 ], [ 141.558353090000026, 40.53991403 ], [ 141.558362190000025, 40.539893 ], [ 141.55835109, 40.53987072 ], [ 141.558359, 40.53984869 ], [ 141.55837786, 40.53984687 ], [ 141.55839445, 40.53982875 ], [ 141.55838953, 40.53981239 ], [ 141.558402170000022, 40.53981151 ], [ 141.558413670000022, 40.53979522 ], [ 141.558425140000026, 40.53978469 ], [ 141.558441580000022, 40.53977714 ], [ 141.55845545, 40.53978208 ], [ 141.558473, 40.53978025 ], [ 141.558486860000016, 40.53978422 ], [ 141.558482890000022, 40.53979859 ], [ 141.558466590000023, 40.53979851 ], [ 141.55845384, 40.53980903 ], [ 141.558439560000011, 40.53984161 ], [ 141.558434230000017, 40.53987236 ], [ 141.55843275, 40.53989056 ], [ 141.55843506, 40.53990505 ], [ 141.558444090000023, 40.53991231 ], [ 141.55844883, 40.5399138 ], [ 141.558452140000014, 40.53991305 ], [ 141.558486890000012, 40.53988617 ], [ 141.55850872000002, 40.53985264 ], [ 141.55850905, 40.53985072 ], [ 141.55850645000001, 40.53982761 ], [ 141.55850713000001, 40.539825 ], [ 141.558534580000014, 40.53979805 ], [ 141.55854577, 40.53977467 ], [ 141.55854611, 40.53977313 ], [ 141.558545280000033, 40.53977251 ], [ 141.55852981000001, 40.53977008 ], [ 141.55851339, 40.53977092 ], [ 141.5585035, 40.53976225 ], [ 141.55850503000002, 40.53974008 ], [ 141.558504670000019, 40.53973944 ], [ 141.558492530000024, 40.53972944 ], [ 141.55847691, 40.53971584 ], [ 141.558476300000024, 40.53971487 ], [ 141.5584762, 40.53971413 ], [ 141.55847706, 40.53970559 ], [ 141.558477760000017, 40.53970431 ], [ 141.558478560000026, 40.53970423 ], [ 141.55849086, 40.53970513 ], [ 141.55849156, 40.53970539 ], [ 141.558512800000017, 40.53971705 ], [ 141.558513770000019, 40.53971759 ], [ 141.558521800000022, 40.53971756 ], [ 141.55852416, 40.53971717 ], [ 141.55855211, 40.53968169 ], [ 141.55855222, 40.53968078 ], [ 141.558550890000021, 40.53967953 ], [ 141.55853603, 40.5396682 ], [ 141.55851475, 40.53965553 ], [ 141.558503670000022, 40.53963525 ], [ 141.55850442000002, 40.53962831 ], [ 141.55850511, 40.53962659 ], [ 141.55850584, 40.53962633 ], [ 141.558512670000027, 40.53962575 ], [ 141.558513480000016, 40.539625 ], [ 141.55851905, 40.53961614 ], [ 141.55851881000001, 40.53961544 ], [ 141.558496780000013, 40.53959828 ], [ 141.55849652, 40.53959764 ], [ 141.558500440000017, 40.53958717 ], [ 141.558500900000013, 40.53955251 ], [ 141.558494810000013, 40.53953517 ], [ 141.558461170000015, 40.53950411 ], [ 141.55841086, 40.53948967 ], [ 141.55840978, 40.53948831 ], [ 141.55840745, 40.53946817 ], [ 141.558408830000019, 40.53946725 ], [ 141.558461610000023, 40.53946664 ], [ 141.558473110000023, 40.53945036 ], [ 141.55846462, 40.53942817 ], [ 141.558440610000019, 40.539414 ], [ 141.558439560000011, 40.53941356 ], [ 141.5584373, 40.53941403 ], [ 141.55842217, 40.53942122 ], [ 141.558420860000012, 40.53942133 ], [ 141.558419440000023, 40.53942108 ], [ 141.55840297, 40.53941711 ], [ 141.558401920000023, 40.53941659 ], [ 141.558382670000015, 40.53940384 ], [ 141.55837922, 40.5394025 ], [ 141.558376740000028, 40.53940253 ], [ 141.55834647, 40.53940803 ], [ 141.558333330000011, 40.53940547 ], [ 141.55830506, 40.5394 ], [ 141.558280390000021, 40.53937925 ], [ 141.558280830000029, 40.53937611 ], [ 141.55829423000003, 40.53935756 ], [ 141.55830828, 40.53933659 ], [ 141.558333330000011, 40.53932203 ], [ 141.558336200000014, 40.53932036 ], [ 141.55833883, 40.53930313 ], [ 141.558333330000011, 40.53929859 ], [ 141.55832014, 40.53928759 ], [ 141.558287420000028, 40.53928636 ], [ 141.558285970000014, 40.53928347 ], [ 141.558278950000016, 40.53925641 ], [ 141.55827678, 40.53922951 ], [ 141.55829694000002, 40.53922867 ], [ 141.558305750000017, 40.53922392 ], [ 141.558304670000012, 40.5392105 ], [ 141.558285970000014, 40.53919684 ], [ 141.55825961, 40.53919277 ], [ 141.558231950000021, 40.53918872 ], [ 141.558209200000022, 40.53919147 ], [ 141.55816791, 40.5391738 ], [ 141.558158030000016, 40.53915253 ], [ 141.55816711, 40.5391315 ], [ 141.55815345000002, 40.53911113 ], [ 141.5581527, 40.53907556 ], [ 141.55819012, 40.53899697 ], [ 141.558193280000012, 40.5389412 ], [ 141.55820144, 40.53888828 ], [ 141.558221, 40.5388298 ], [ 141.55824239, 40.53883092 ], [ 141.558261610000017, 40.53880703 ], [ 141.55824783, 40.53879056 ], [ 141.558229110000013, 40.53878364 ], [ 141.55823798000003, 40.53877314 ], [ 141.55825056, 40.53878 ], [ 141.55825837, 40.53875987 ], [ 141.55825733, 40.53873969 ], [ 141.55826608000001, 40.53863292 ], [ 141.558274110000013, 40.53859836 ], [ 141.55830739000001, 40.53854286 ], [ 141.55831655, 40.53851795 ], [ 141.5583145, 40.53848041 ], [ 141.558280170000018, 40.53839541 ], [ 141.558256640000025, 40.53836287 ], [ 141.558226980000029, 40.5383218 ], [ 141.55817195, 40.53828667 ], [ 141.558139440000019, 40.53826239 ], [ 141.5581335, 40.53823631 ], [ 141.55817036000002, 40.53820492 ], [ 141.55821083, 40.53819277 ], [ 141.55824597, 40.53820175 ], [ 141.55830222, 40.53823786 ], [ 141.558333330000011, 40.5382702 ], [ 141.558358200000015, 40.53829605 ], [ 141.55842647, 40.53837747 ], [ 141.5584483, 40.53845175 ], [ 141.55847523, 40.53851831 ], [ 141.558475860000016, 40.53856739 ], [ 141.558473, 40.53859711 ], [ 141.55845144, 40.53861139 ], [ 141.558447300000012, 40.53864411 ], [ 141.558458420000022, 40.53865667 ], [ 141.55847302, 40.5387078 ], [ 141.558468520000019, 40.53876259 ], [ 141.558459100000022, 40.5388202 ], [ 141.558449920000015, 40.53885377 ], [ 141.55845217000001, 40.53887592 ], [ 141.55844414, 40.53890856 ], [ 141.55847128000002, 40.53896269 ], [ 141.558480800000012, 40.53900317 ], [ 141.558506060000013, 40.53900236 ], [ 141.558522780000033, 40.53896597 ], [ 141.55853837, 40.53893247 ], [ 141.55854122, 40.53890264 ], [ 141.558557060000027, 40.53883733 ], [ 141.558542280000012, 40.5388142 ], [ 141.55855908, 40.5387748 ], [ 141.558582280000024, 40.53872603 ], [ 141.558618170000017, 40.53866953 ], [ 141.558621250000016, 40.53861764 ], [ 141.558608220000025, 40.53854736 ], [ 141.558590170000031, 40.53848175 ], [ 141.558561950000012, 40.53841608 ], [ 141.55855503, 40.53840828 ], [ 141.55854477, 40.53838872 ], [ 141.558603770000019, 40.53835531 ], [ 141.55866842, 40.53831617 ], [ 141.55871861, 40.53829856 ], [ 141.558783160000019, 40.5382732 ], [ 141.55882667, 40.53825844 ], [ 141.558846610000018, 40.53824705 ], [ 141.55886769, 40.53822989 ], [ 141.55889416, 40.53822369 ], [ 141.558914860000016, 40.53822672 ], [ 141.558969690000026, 40.53822069 ], [ 141.55899815, 40.53820872 ], [ 141.559060640000013, 40.53819123 ], [ 141.559101390000023, 40.53818295 ], [ 141.55911355, 40.53818305 ], [ 141.55913725000002, 40.53818184 ], [ 141.559156160000015, 40.53817405 ], [ 141.559180830000031, 40.538162 ], [ 141.55920258, 40.53815431 ], [ 141.559227170000014, 40.53815522 ], [ 141.559255450000023, 40.538162 ], [ 141.55928842, 40.53816664 ], [ 141.559310970000013, 40.5381675 ], [ 141.5593393, 40.53816561 ], [ 141.55936294, 40.53816797 ], [ 141.55940056, 40.53817692 ], [ 141.559439270000013, 40.53817586 ], [ 141.559475140000018, 40.53817331 ], [ 141.55950445000002, 40.53816636 ], [ 141.559519530000017, 40.53816428 ], [ 141.55954691, 40.53816387 ], [ 141.55957433, 40.53816556 ], [ 141.559621390000018, 40.53817392 ], [ 141.559648690000017, 40.538177 ], [ 141.55967883, 40.53817869 ], [ 141.55971005, 40.53817389 ], [ 141.559739340000021, 40.53817489 ], [ 141.55976092, 40.53818231 ], [ 141.559814530000011, 40.53819575 ], [ 141.559859750000015, 40.53819764 ], [ 141.559893610000017, 40.53820725 ], [ 141.559923770000012, 40.53821256 ], [ 141.55994633, 40.5382142 ], [ 141.559969880000011, 40.53821803 ], [ 141.560016890000014, 40.53823069 ], [ 141.56004597, 40.53824608 ], [ 141.56005815, 40.538257 ], [ 141.560069489999989, 40.53829459 ], [ 141.560065160000022, 40.53834072 ], [ 141.560054720000011, 40.53836853 ], [ 141.560040730000026, 40.53838472 ], [ 141.56004306, 40.538403 ], [ 141.560051750000014, 40.5384088 ], [ 141.560083170000013, 40.53841103 ], [ 141.56009966000002, 40.53839867 ], [ 141.560108469999989, 40.53840347 ], [ 141.56011314, 40.53843336 ], [ 141.56014, 40.53850272 ], [ 141.56017386000002, 40.53857861 ], [ 141.56019042, 40.53862578 ], [ 141.56020365, 40.53864703 ], [ 141.560249270000014, 40.53867423 ], [ 141.560298440000025, 40.53870336 ], [ 141.560327130000019, 40.53870356 ], [ 141.560343800000027, 40.53868344 ], [ 141.560326690000011, 40.5386632 ], [ 141.56031341000002, 40.53864484 ], [ 141.56028606000001, 40.53863887 ], [ 141.56026555, 40.53860803 ], [ 141.56025630000002, 40.53857241 ], [ 141.56026406, 40.53855803 ], [ 141.560312580000016, 40.53855739 ], [ 141.56034503, 40.53855761 ], [ 141.560381530000029, 40.53853767 ], [ 141.56038872000002, 40.53851384 ], [ 141.560388, 40.53851222 ], [ 141.56038419, 40.53851161 ], [ 141.56036462, 40.53851167 ], [ 141.56033484, 40.53850761 ], [ 141.56031895000001, 40.53849113 ], [ 141.560314190000014, 40.53847767 ], [ 141.560326910000015, 40.53846525 ], [ 141.56032966, 40.53845631 ], [ 141.560328950000013, 40.5384545 ], [ 141.56030241000002, 40.53844684 ], [ 141.560274750000019, 40.53845531 ], [ 141.56025234, 40.53845517 ], [ 141.560237980000011, 40.53842628 ], [ 141.56023883, 40.53838689 ], [ 141.56026484, 40.53833333 ], [ 141.56030411, 40.53829805 ], [ 141.560370800000015, 40.53826487 ], [ 141.56042464, 40.53825461 ], [ 141.560450660000015, 40.53826056 ], [ 141.560551280000027, 40.53834 ], [ 141.560697660000017, 40.53843887 ], [ 141.560820700000022, 40.53851744 ], [ 141.561059530000023, 40.53867364 ], [ 141.56149095, 40.53894144 ], [ 141.561497910000014, 40.5389732 ], [ 141.561504970000016, 40.53899341 ], [ 141.561524750000018, 40.53900023 ], [ 141.561526640000011, 40.53903192 ], [ 141.561494940000017, 40.53905959 ], [ 141.561463550000013, 40.53907095 ], [ 141.561468140000017, 40.5390902 ], [ 141.561454250000025, 40.53909489 ], [ 141.56140786, 40.53910714 ], [ 141.561365720000026, 40.53913847 ], [ 141.561365420000016, 40.53914417 ], [ 141.56136973, 40.53914917 ], [ 141.56141786, 40.53916959 ], [ 141.561485190000013, 40.53917384 ], [ 141.561538560000031, 40.53919441 ], [ 141.561605380000032, 40.53921884 ], [ 141.561654030000028, 40.53922933 ], [ 141.561669100000017, 40.53921628 ], [ 141.561635310000014, 40.53920036 ], [ 141.56162470000001, 40.53919205 ], [ 141.561606500000011, 40.53917839 ], [ 141.561602530000016, 40.53917303 ], [ 141.561604750000015, 40.5391712 ], [ 141.561622630000016, 40.53916605 ], [ 141.561688690000011, 40.53917131 ], [ 141.561710190000014, 40.5391618 ], [ 141.561728690000024, 40.53917061 ], [ 141.56176234, 40.53923614 ], [ 141.56181328, 40.53931803 ], [ 141.561816130000011, 40.53936323 ], [ 141.56180914, 40.53940453 ], [ 141.56182961, 40.53944214 ], [ 141.561871170000018, 40.53948564 ], [ 141.56189569, 40.53951459 ], [ 141.561933860000011, 40.53953984 ], [ 141.56199564, 40.53957672 ], [ 141.56203222, 40.53961917 ], [ 141.562032870000024, 40.53965664 ], [ 141.562041170000015, 40.53967153 ], [ 141.562041310000012, 40.53967208 ], [ 141.5620362, 40.53969236 ], [ 141.56203586, 40.5396932 ], [ 141.56203553, 40.53969392 ], [ 141.56201981000001, 40.53970417 ], [ 141.56201944, 40.53970464 ], [ 141.562019, 40.539706 ], [ 141.562016160000013, 40.53972717 ], [ 141.56201667000002, 40.53972959 ], [ 141.562017390000022, 40.53973031 ], [ 141.56204739, 40.53974328 ], [ 141.562069580000014, 40.53975592 ], [ 141.562082800000013, 40.53976511 ], [ 141.562083160000014, 40.53976556 ], [ 141.56208042, 40.53978386 ], [ 141.56208017000003, 40.53978422 ], [ 141.562074700000011, 40.53978959 ], [ 141.56207397, 40.53979047 ], [ 141.562073640000023, 40.53979111 ], [ 141.562073380000015, 40.53980164 ], [ 141.562073770000012, 40.539803 ], [ 141.562074360000025, 40.53980408 ], [ 141.56208769, 40.53981353 ], [ 141.56208852, 40.53981461 ], [ 141.56208852, 40.53981569 ], [ 141.562081190000015, 40.53983395 ], [ 141.56208061000001, 40.53983475 ], [ 141.56207978, 40.53983539 ], [ 141.562047910000018, 40.53984611 ], [ 141.562047330000013, 40.53984647 ], [ 141.562037640000028, 40.53985608 ], [ 141.56203645, 40.53985664 ], [ 141.562035280000032, 40.53985684 ], [ 141.56201601, 40.53985505 ], [ 141.562013990000025, 40.53985553 ], [ 141.562003670000024, 40.5398718 ], [ 141.5620083, 40.5398958 ], [ 141.562013160000021, 40.53996413 ], [ 141.56204655, 40.53998356 ], [ 141.56212847, 40.54001384 ], [ 141.56216597, 40.54001117 ], [ 141.562179610000015, 40.54001795 ], [ 141.562174360000029, 40.54003328 ], [ 141.562160390000031, 40.54004095 ], [ 141.562134140000012, 40.5400465 ], [ 141.562097890000018, 40.54004636 ], [ 141.562078970000016, 40.54005397 ], [ 141.562052440000031, 40.54006917 ], [ 141.562026010000011, 40.54007861 ], [ 141.56199842, 40.54008231 ], [ 141.56199722, 40.54008133 ], [ 141.56200131, 40.54006597 ], [ 141.56198161, 40.54004756 ], [ 141.561961530000019, 40.54005517 ], [ 141.561944860000011, 40.54007525 ], [ 141.561935840000018, 40.54009253 ], [ 141.561943140000011, 40.54010308 ], [ 141.561968150000013, 40.54010041 ], [ 141.561988340000028, 40.54009092 ], [ 141.561986830000023, 40.54010336 ], [ 141.56196406, 40.54011475 ], [ 141.56193883, 40.54012905 ], [ 141.56192375, 40.54013186 ], [ 141.56191103, 40.54014617 ], [ 141.56188978, 40.54014514 ], [ 141.56187825, 40.54015953 ], [ 141.561871500000024, 40.5401902 ], [ 141.561879920000024, 40.54020561 ], [ 141.56186248, 40.54020656 ], [ 141.561841030000011, 40.54021217 ], [ 141.561828640000016, 40.54022313 ], [ 141.5618402, 40.54023389 ], [ 141.56186667, 40.54024597 ], [ 141.561921410000025, 40.54025489 ], [ 141.56198163000002, 40.54024469 ], [ 141.562020250000018, 40.54024689 ], [ 141.56211008, 40.54025795 ], [ 141.562194160000018, 40.54023922 ], [ 141.562220420000017, 40.54023203 ], [ 141.56222462, 40.54023613 ], [ 141.56221489, 40.54026531 ], [ 141.562217170000025, 40.54027969 ], [ 141.562216810000024, 40.54029987 ], [ 141.56221122, 40.54032961 ], [ 141.56220122000002, 40.54034311 ], [ 141.562186130000015, 40.54034636 ], [ 141.56216156, 40.54034461 ], [ 141.562158150000016, 40.54035444 ], [ 141.562170700000024, 40.54036933 ], [ 141.562187760000029, 40.54037605 ], [ 141.562201360000017, 40.54039092 ], [ 141.56224189, 40.54042597 ], [ 141.562279, 40.54044159 ], [ 141.562292750000012, 40.54044556 ], [ 141.56230044, 40.54043695 ], [ 141.562307890000028, 40.54043789 ], [ 141.562331500000028, 40.54044764 ], [ 141.56237411, 40.54043828 ], [ 141.562379640000017, 40.54042572 ], [ 141.562374550000015, 40.54041333 ], [ 141.562374670000025, 40.54040261 ], [ 141.562379490000012, 40.54040125 ], [ 141.56240148, 40.540402 ], [ 141.56243003000003, 40.54042272 ], [ 141.562435310000012, 40.5404415 ], [ 141.562468690000031, 40.54046192 ], [ 141.56247484, 40.54047153 ], [ 141.56247805000001, 40.54049653 ], [ 141.56249997, 40.54052747 ], [ 141.562511, 40.54054197 ], [ 141.562538280000012, 40.54055361 ], [ 141.56255053000001, 40.54056236 ], [ 141.562550250000015, 40.54058064 ], [ 141.562552440000019, 40.54059603 ], [ 141.56257964, 40.54061253 ], [ 141.562611850000025, 40.54063195 ], [ 141.562615310000012, 40.54064444 ], [ 141.562611170000025, 40.54066664 ], [ 141.562622310000023, 40.54067053 ], [ 141.562660050000034, 40.54065722 ], [ 141.56267655, 40.54064389 ], [ 141.562687980000021, 40.54064011 ], [ 141.562683140000019, 40.54063141 ], [ 141.562677200000024, 40.54061505 ], [ 141.562812830000013, 40.54058214 ], [ 141.562967250000014, 40.54055217 ], [ 141.56298338000002, 40.54055808 ], [ 141.563021920000011, 40.54063808 ], [ 141.56294409, 40.54065687 ], [ 141.56293058, 40.54064147 ], [ 141.562914230000018, 40.54064705 ], [ 141.56291883, 40.54066828 ], [ 141.562788150000017, 40.54070128 ], [ 141.56272361, 40.54071617 ], [ 141.56270975000001, 40.54067869 ], [ 141.562701280000027, 40.54066039 ], [ 141.5626762, 40.54066595 ], [ 141.562645670000023, 40.5406918 ], [ 141.562629080000022, 40.54070803 ], [ 141.562594940000025, 40.54072805 ], [ 141.562569560000014, 40.54074911 ], [ 141.562552830000016, 40.540773 ], [ 141.56256131, 40.54079331 ], [ 141.56257367, 40.54080005 ], [ 141.56259606, 40.54080786 ], [ 141.562608200000028, 40.54082723 ], [ 141.5626028, 40.54084259 ], [ 141.562607470000017, 40.54086084 ], [ 141.562628610000019, 40.54087059 ], [ 141.562648490000015, 40.54087741 ], [ 141.56266453, 40.54089478 ], [ 141.562678, 40.54091875 ], [ 141.562659490000016, 40.54093353 ], [ 141.56264202, 40.54095536 ], [ 141.562651530000011, 40.54098041 ], [ 141.562669920000019, 40.54099975 ], [ 141.5626862, 40.54099884 ], [ 141.562707660000029, 40.54098744 ], [ 141.562715060000016, 40.54099325 ], [ 141.56272365, 40.54100195 ], [ 141.562751280000015, 40.54100211 ], [ 141.56278531000001, 40.54098397 ], [ 141.562796470000023, 40.54098887 ], [ 141.56281647, 40.54099377 ], [ 141.562835300000017, 40.54099005 ], [ 141.562841720000023, 40.54098236 ], [ 141.562821970000016, 40.5409678 ], [ 141.562837170000023, 40.54095539 ], [ 141.56285503, 40.54093536 ], [ 141.562873700000011, 40.54093831 ], [ 141.562886030000016, 40.5409528 ], [ 141.56291859000001, 40.54095008 ], [ 141.56294397000002, 40.54092903 ], [ 141.562960390000029, 40.54092047 ], [ 141.562984230000012, 40.54091969 ], [ 141.56300586, 40.54090056 ], [ 141.56302747, 40.54087953 ], [ 141.56302514, 40.5408708 ], [ 141.563007810000016, 40.54086208 ], [ 141.563001860000014, 40.54084761 ], [ 141.56302711, 40.54083531 ], [ 141.563046, 40.54082484 ], [ 141.56305025, 40.54080175 ], [ 141.56306283, 40.54079797 ], [ 141.563065810000012, 40.54076814 ], [ 141.56305355, 40.54075851 ], [ 141.563033640000015, 40.54075159 ], [ 141.563017370000011, 40.54075251 ], [ 141.562999750000017, 40.54076008 ], [ 141.5629925, 40.54074464 ], [ 141.563012610000015, 40.54073803 ], [ 141.56303628, 40.54074303 ], [ 141.56304917, 40.54072475 ], [ 141.56304828, 40.54070647 ], [ 141.563014770000024, 40.54068803 ], [ 141.56301997, 40.54067747 ], [ 141.563051240000021, 40.54067575 ], [ 141.563085550000011, 40.54065095 ], [ 141.56312594000002, 40.54063005 ], [ 141.563160830000015, 40.54063695 ], [ 141.56318586, 40.54063617 ], [ 141.56320248, 40.54062184 ], [ 141.56320163, 40.54059967 ], [ 141.56320317, 40.54058859 ], [ 141.56321822000001, 40.54058292 ], [ 141.563216250000011, 40.54057636 ], [ 141.563195940000014, 40.54057459 ], [ 141.56317589, 40.54056689 ], [ 141.563148340000026, 40.54057244 ], [ 141.563109360000027, 40.54058277 ], [ 141.56306472, 40.54055847 ], [ 141.56303645, 40.54052947 ], [ 141.563063, 40.54051905 ], [ 141.563096840000014, 40.5405145 ], [ 141.563115840000023, 40.54050403 ], [ 141.563133500000021, 40.54048969 ], [ 141.56319973, 40.54043333 ], [ 141.56327047000002, 40.54039525 ], [ 141.563342, 40.54038128 ], [ 141.563449800000029, 40.54037422 ], [ 141.56353837, 40.54038628 ], [ 141.563578200000023, 40.54040277 ], [ 141.56358655, 40.54042208 ], [ 141.563558780000022, 40.5404392 ], [ 141.56354484, 40.54044872 ], [ 141.563512, 40.54046011 ], [ 141.563487890000033, 40.54047728 ], [ 141.5634662, 40.54050208 ], [ 141.563452090000027, 40.54051839 ], [ 141.563442970000011, 40.54053853 ], [ 141.563444840000017, 40.54057797 ], [ 141.563451970000017, 40.54059431 ], [ 141.56347581, 40.54059444 ], [ 141.563505940000027, 40.54058595 ], [ 141.563549530000017, 40.54059875 ], [ 141.56356686, 40.54058567 ], [ 141.56357136, 40.54056708 ], [ 141.56358044000001, 40.54055469 ], [ 141.563591950000017, 40.54056028 ], [ 141.56360895, 40.54057028 ], [ 141.563632750000011, 40.5405665 ], [ 141.56364686, 40.54054931 ], [ 141.563653500000015, 40.54053008 ], [ 141.56363747, 40.54051272 ], [ 141.563636590000016, 40.54049444 ], [ 141.56366725, 40.54045903 ], [ 141.563690270000023, 40.54042933 ], [ 141.56368355, 40.54038605 ], [ 141.56370791, 40.54035736 ], [ 141.56376927, 40.54035392 ], [ 141.56379428, 40.54036169 ], [ 141.56381861, 40.54039647 ], [ 141.563803310000026, 40.5404108 ], [ 141.563785380000013, 40.54043667 ], [ 141.563793890000028, 40.54044633 ], [ 141.56385911000001, 40.54044089 ], [ 141.563894250000033, 40.54043725 ], [ 141.563923190000025, 40.54042777 ], [ 141.563950120000015, 40.54039717 ], [ 141.56397536, 40.54038487 ], [ 141.564028, 40.54038417 ], [ 141.56413538000001, 40.54040211 ], [ 141.564185160000022, 40.54041875 ], [ 141.564282170000013, 40.54045964 ], [ 141.56432161, 40.54049253 ], [ 141.564355910000018, 40.54053303 ], [ 141.56439131, 40.54058513 ], [ 141.56437367, 40.5405918 ], [ 141.56432399000002, 40.54057133 ], [ 141.56430586, 40.54055361 ], [ 141.56428983, 40.54054613 ], [ 141.564270390000019, 40.54055853 ], [ 141.564273220000018, 40.54058136 ], [ 141.56429603, 40.54059331 ], [ 141.56431086, 40.54060203 ], [ 141.564298050000019, 40.54061733 ], [ 141.56428012, 40.54064022 ], [ 141.56425983, 40.54065361 ], [ 141.56424575, 40.5406708 ], [ 141.5642417, 40.54068911 ], [ 141.56426786, 40.54069597 ], [ 141.564291950000012, 40.54068456 ], [ 141.56433594, 40.54067231 ], [ 141.564354720000011, 40.54067236 ], [ 141.56436326, 40.54068689 ], [ 141.56435294000002, 40.54070317 ], [ 141.564348880000011, 40.54072139 ], [ 141.56436012, 40.54072339 ], [ 141.56439645, 40.54072064 ], [ 141.564506720000026, 40.54072131 ], [ 141.56457538, 40.54073995 ], [ 141.564629780000018, 40.54078059 ], [ 141.564661530000024, 40.54082397 ], [ 141.564705160000017, 40.54090792 ], [ 141.564746250000013, 40.54092925 ], [ 141.564807370000011, 40.54087141 ], [ 141.56485711, 40.54089587 ], [ 141.56479995, 40.54098125 ], [ 141.56437961, 40.54166667 ], [ 141.56422519, 40.54191847 ], [ 141.564278170000023, 40.54193786 ], [ 141.56430180000001, 40.54189689 ], [ 141.564414060000018, 40.54171095 ], [ 141.564848300000023, 40.54186713 ], [ 141.564862800000014, 40.54184436 ], [ 141.56442973, 40.54168669 ], [ 141.564442, 40.54166667 ], [ 141.56466555, 40.541302 ], [ 141.56473236, 40.54119341 ], [ 141.564807520000016, 40.54122175 ], [ 141.565024470000026, 40.54129405 ], [ 141.56526341, 40.54138251 ], [ 141.56543837000001, 40.54144722 ], [ 141.565696550000013, 40.54153484 ], [ 141.565616420000026, 40.54166667 ], [ 141.56539224, 40.54203544 ], [ 141.56527263000001, 40.54222859 ], [ 141.56506428, 40.54256511 ], [ 141.564213530000018, 40.54225753 ], [ 141.563693700000016, 40.54218975 ], [ 141.563686140000016, 40.54223131 ], [ 141.56367431000001, 40.54229541 ], [ 141.56366725, 40.54231953 ], [ 141.56416144, 40.54237575 ], [ 141.56499377, 40.542672 ], [ 141.565029580000015, 40.54262072 ], [ 141.56527786, 40.54270992 ], [ 141.56538501, 40.5427485 ], [ 141.566092670000018, 40.54300041 ], [ 141.566204670000019, 40.54294513 ], [ 141.566352630000011, 40.54290467 ], [ 141.566666670000018, 40.542717 ], [ 141.566704030000011, 40.54269467 ], [ 141.566813110000027, 40.5426512 ], [ 141.56718908000002, 40.542637 ], [ 141.567471970000014, 40.54262872 ], [ 141.567468910000031, 40.54267277 ], [ 141.5674602, 40.54269608 ], [ 141.56744769, 40.54270759 ], [ 141.56735219, 40.54272972 ], [ 141.56732464000001, 40.5427488 ], [ 141.567314580000016, 40.54276725 ], [ 141.56730472000001, 40.54279433 ], [ 141.56730353, 40.54283611 ], [ 141.567308220000029, 40.54284564 ], [ 141.567320470000027, 40.54285411 ], [ 141.56734825, 40.542867 ], [ 141.56736978, 40.54287064 ], [ 141.567383800000016, 40.54286839 ], [ 141.56739601000001, 40.54286192 ], [ 141.567425380000032, 40.54284003 ], [ 141.567434940000027, 40.54283744 ], [ 141.567443020000013, 40.54284272 ], [ 141.56746616, 40.54287597 ], [ 141.567478640000019, 40.54288292 ], [ 141.5674927, 40.54288436 ], [ 141.567539300000021, 40.542882 ], [ 141.567580030000016, 40.54289184 ], [ 141.567601530000019, 40.54289403 ], [ 141.56763139, 40.54289259 ], [ 141.56766815, 40.54288569 ], [ 141.567689560000019, 40.54287853 ], [ 141.567714920000014, 40.542867 ], [ 141.56775109, 40.54284705 ], [ 141.56778555, 40.54282559 ], [ 141.567814840000011, 40.54280378 ], [ 141.567870310000018, 40.54275047 ], [ 141.567896420000011, 40.54273113 ], [ 141.56792027000003, 40.54272025 ], [ 141.567988970000016, 40.54269659 ], [ 141.56801328, 40.5426848 ], [ 141.568023110000013, 40.54267736 ], [ 141.568035230000021, 40.54266387 ], [ 141.568073750000025, 40.54260184 ], [ 141.56808214, 40.54259144 ], [ 141.568096060000016, 40.54257836 ], [ 141.56812825, 40.5425552 ], [ 141.5681692, 40.54253036 ], [ 141.568205810000023, 40.54251095 ], [ 141.568235890000011, 40.54249833 ], [ 141.56829706000002, 40.54247884 ], [ 141.5683737, 40.54245817 ], [ 141.56841645, 40.5424488 ], [ 141.568451950000025, 40.54244461 ], [ 141.56849917, 40.54244567 ], [ 141.568544450000019, 40.54245213 ], [ 141.56856969, 40.54246089 ], [ 141.56858064, 40.54246939 ], [ 141.568613670000019, 40.54252005 ], [ 141.568647860000027, 40.54254795 ], [ 141.56865231, 40.54255484 ], [ 141.568650780000013, 40.54255747 ], [ 141.56864163000003, 40.54256175 ], [ 141.568583800000027, 40.54257456 ], [ 141.568570780000016, 40.54258067 ], [ 141.568564470000013, 40.54258772 ], [ 141.568560390000016, 40.54260369 ], [ 141.56856056, 40.54264008 ], [ 141.568551050000025, 40.54267897 ], [ 141.568552630000028, 40.54269336 ], [ 141.56855866, 40.54270451 ], [ 141.568568200000016, 40.54271397 ], [ 141.56858066, 40.54271975 ], [ 141.56859058, 40.54272067 ], [ 141.568621020000023, 40.54271913 ], [ 141.56863039000001, 40.54272151 ], [ 141.56863992000001, 40.54272928 ], [ 141.568652500000013, 40.54274603 ], [ 141.568666470000011, 40.54276008 ], [ 141.56868205, 40.54277214 ], [ 141.568704640000021, 40.54278651 ], [ 141.568734580000012, 40.5428028 ], [ 141.56876839, 40.54281817 ], [ 141.568802630000022, 40.54283056 ], [ 141.568830830000024, 40.54283811 ], [ 141.56885248, 40.54284122 ], [ 141.568867110000014, 40.54284122 ], [ 141.568918690000032, 40.54283133 ], [ 141.568940310000016, 40.54283111 ], [ 141.56894717, 40.54283289 ], [ 141.568958660000021, 40.54283867 ], [ 141.56898781000001, 40.542858 ], [ 141.568992670000029, 40.54285917 ], [ 141.56899834, 40.54285795 ], [ 141.569006280000025, 40.54285123 ], [ 141.56904319, 40.54278284 ], [ 141.569051240000022, 40.54277592 ], [ 141.569055720000023, 40.54277464 ], [ 141.569060700000023, 40.54277513 ], [ 141.569076500000023, 40.54278467 ], [ 141.569086520000013, 40.54279525 ], [ 141.56909506, 40.54280744 ], [ 141.56910197000002, 40.5428245 ], [ 141.56910811000003, 40.54285895 ], [ 141.56911678, 40.54287241 ], [ 141.569128520000021, 40.542879 ], [ 141.569143110000027, 40.54288341 ], [ 141.56916722, 40.54288641 ], [ 141.569182670000032, 40.54288541 ], [ 141.569198420000021, 40.5428798 ], [ 141.56920803, 40.5428722 ], [ 141.569215940000021, 40.54286259 ], [ 141.56923064, 40.54283431 ], [ 141.56923828, 40.54280978 ], [ 141.569237660000027, 40.54279841 ], [ 141.569231190000011, 40.54278856 ], [ 141.56921825, 40.54278089 ], [ 141.569195580000013, 40.54277175 ], [ 141.569188690000033, 40.54276695 ], [ 141.56919292, 40.54276359 ], [ 141.569216, 40.54275984 ], [ 141.569235500000019, 40.54276025 ], [ 141.569252170000027, 40.54276411 ], [ 141.569283770000027, 40.54278175 ], [ 141.56929550000001, 40.54278464 ], [ 141.56930703, 40.54278133 ], [ 141.56934, 40.54276417 ], [ 141.569373190000022, 40.54275522 ], [ 141.56938022, 40.54274969 ], [ 141.56938519, 40.54274056 ], [ 141.569387660000018, 40.54272964 ], [ 141.56939158, 40.54267541 ], [ 141.56940756, 40.54262514 ], [ 141.569410190000013, 40.5426092 ], [ 141.56940659, 40.54258984 ], [ 141.56938917, 40.54255231 ], [ 141.56938331, 40.54253569 ], [ 141.56938195, 40.54251975 ], [ 141.569386520000023, 40.54249623 ], [ 141.569399590000017, 40.54246859 ], [ 141.56940713, 40.54245908 ], [ 141.569416500000017, 40.54245108 ], [ 141.569430950000026, 40.54244397 ], [ 141.56944436, 40.54243984 ], [ 141.569659780000023, 40.54240495 ], [ 141.56969597, 40.54240086 ], [ 141.5697237, 40.54239933 ], [ 141.56978319000001, 40.54239939 ], [ 141.5698275, 40.542402 ], [ 141.56986086, 40.54240728 ], [ 141.569895190000011, 40.54241822 ], [ 141.56993423000003, 40.54243544 ], [ 141.569963480000013, 40.542453 ], [ 141.569981250000012, 40.54247008 ], [ 141.56999122000002, 40.54248553 ], [ 141.569996060000022, 40.54249647 ], [ 141.569999470000027, 40.542517 ], [ 141.56999453, 40.542539 ], [ 141.56997837, 40.54257277 ], [ 141.56995550000002, 40.54260941 ], [ 141.569940610000032, 40.54262922 ], [ 141.56992309, 40.54264708 ], [ 141.56990681000002, 40.54265789 ], [ 141.569880730000023, 40.54266922 ], [ 141.56987275, 40.54267451 ], [ 141.569864470000027, 40.54268367 ], [ 141.56985078, 40.54270428 ], [ 141.56984214000002, 40.54271317 ], [ 141.569833800000026, 40.54271825 ], [ 141.569792550000017, 40.54273633 ], [ 141.569765280000013, 40.54275544 ], [ 141.569741, 40.54278217 ], [ 141.569731140000016, 40.54279797 ], [ 141.56972667, 40.54280872 ], [ 141.56972464, 40.54281956 ], [ 141.56972667, 40.54283205 ], [ 141.56973258, 40.54284264 ], [ 141.56974467, 40.54285789 ], [ 141.56974639, 40.54286453 ], [ 141.569741670000013, 40.54287403 ], [ 141.569716160000013, 40.54289777 ], [ 141.569710390000012, 40.5429078 ], [ 141.56971217, 40.54291886 ], [ 141.569722720000016, 40.54293484 ], [ 141.56973886, 40.54295256 ], [ 141.569746690000017, 40.54295756 ], [ 141.56975949, 40.54296233 ], [ 141.56977394, 40.54296523 ], [ 141.56979698, 40.54296722 ], [ 141.569848080000014, 40.54296556 ], [ 141.569920830000029, 40.54295736 ], [ 141.56998375, 40.54294722 ], [ 141.570019660000014, 40.54293861 ], [ 141.570101670000014, 40.54291313 ], [ 141.570205860000016, 40.54289744 ], [ 141.570234840000012, 40.54289105 ], [ 141.570254580000011, 40.54288444 ], [ 141.57027278000001, 40.54287351 ], [ 141.57028538000003, 40.54286036 ], [ 141.57029922000001, 40.5428402 ], [ 141.57033365, 40.54278144 ], [ 141.570353920000031, 40.54275833 ], [ 141.570364230000024, 40.54275133 ], [ 141.57038302, 40.54274303 ], [ 141.570439140000019, 40.54272556 ], [ 141.570458880000018, 40.54271795 ], [ 141.570477200000028, 40.54270686 ], [ 141.57051569, 40.54266517 ], [ 141.570536390000029, 40.5426482 ], [ 141.570588, 40.54261608 ], [ 141.570640510000032, 40.54258072 ], [ 141.57065881, 40.54257133 ], [ 141.570672550000012, 40.54256647 ], [ 141.570700030000012, 40.54256251 ], [ 141.570716080000011, 40.54256331 ], [ 141.570729590000013, 40.54256692 ], [ 141.570734580000021, 40.54257003 ], [ 141.570740120000011, 40.54257784 ], [ 141.570748830000014, 40.54262092 ], [ 141.57075623, 40.54263708 ], [ 141.570764060000016, 40.54264277 ], [ 141.570770080000017, 40.54264331 ], [ 141.57078949000001, 40.54263759 ], [ 141.570818370000012, 40.54262011 ], [ 141.570828300000016, 40.54261095 ], [ 141.57083008, 40.54260203 ], [ 141.57082326, 40.54259217 ], [ 141.570795840000017, 40.54256784 ], [ 141.570792830000016, 40.54256336 ], [ 141.570793110000011, 40.54255625 ], [ 141.57079662000001, 40.54255233 ], [ 141.570808560000017, 40.54254525 ], [ 141.570834420000011, 40.542535 ], [ 141.57087167, 40.54251908 ], [ 141.57091503, 40.54248953 ], [ 141.57092044, 40.54248825 ], [ 141.57092484, 40.54248947 ], [ 141.57092903000003, 40.54249675 ], [ 141.570928110000011, 40.54250925 ], [ 141.5709218, 40.54251597 ], [ 141.57089745, 40.54253217 ], [ 141.570887390000024, 40.54254095 ], [ 141.57087844000003, 40.54255541 ], [ 141.57087866, 40.54256497 ], [ 141.57088292, 40.54257603 ], [ 141.57089302, 40.54259233 ], [ 141.570901280000015, 40.54260256 ], [ 141.57091105, 40.54261105 ], [ 141.57092302, 40.54261664 ], [ 141.570934380000011, 40.54261828 ], [ 141.570957610000022, 40.54261533 ], [ 141.570972090000026, 40.54261003 ], [ 141.570985770000021, 40.54259978 ], [ 141.570993610000016, 40.54258333 ], [ 141.571000610000027, 40.54255392 ], [ 141.57100606000003, 40.54254441 ], [ 141.571010270000016, 40.54254072 ], [ 141.571023090000011, 40.5425355 ], [ 141.57106927000001, 40.5425278 ], [ 141.571081280000016, 40.54252289 ], [ 141.571085690000018, 40.54251905 ], [ 141.571091500000023, 40.54250939 ], [ 141.571105030000012, 40.54247228 ], [ 141.57111222, 40.54246133 ], [ 141.57112158000001, 40.54245264 ], [ 141.5711337, 40.54244761 ], [ 141.57114783, 40.54244741 ], [ 141.571163, 40.54245139 ], [ 141.57117464000001, 40.54245861 ], [ 141.571179590000014, 40.54246695 ], [ 141.571180390000023, 40.54250847 ], [ 141.571185360000015, 40.54251951 ], [ 141.571195580000023, 40.54252639 ], [ 141.571235550000011, 40.54254269 ], [ 141.57127445, 40.54256947 ], [ 141.571301050000017, 40.54258489 ], [ 141.571320510000021, 40.5425915 ], [ 141.57133217, 40.54259133 ], [ 141.571340640000017, 40.54258733 ], [ 141.571349489999989, 40.5425788 ], [ 141.57136283, 40.54255584 ], [ 141.57136739, 40.54254203 ], [ 141.571376250000014, 40.54249795 ], [ 141.57139297, 40.54246128 ], [ 141.57141056, 40.54239613 ], [ 141.571417450000013, 40.5423795 ], [ 141.571428950000012, 40.54236153 ], [ 141.571438980000011, 40.54235156 ], [ 141.57145058, 40.54234517 ], [ 141.57145803, 40.54234422 ], [ 141.57147189, 40.5423482 ], [ 141.571489970000016, 40.5423622 ], [ 141.57149647, 40.54237333 ], [ 141.57149608, 40.542381 ], [ 141.571488390000013, 40.54238969 ], [ 141.571469880000024, 40.54240411 ], [ 141.57145817, 40.54242103 ], [ 141.57145234, 40.54243964 ], [ 141.571452780000016, 40.54245736 ], [ 141.571457370000019, 40.54246741 ], [ 141.571468300000021, 40.54247547 ], [ 141.571490080000018, 40.54248072 ], [ 141.57151667, 40.54248039 ], [ 141.571538340000018, 40.5424762 ], [ 141.571558910000022, 40.54246984 ], [ 141.57158114, 40.54246061 ], [ 141.57160542, 40.54244784 ], [ 141.571640030000026, 40.54242664 ], [ 141.571673060000023, 40.542404 ], [ 141.571727370000019, 40.54235953 ], [ 141.57174978, 40.54233713 ], [ 141.57176616000001, 40.54231514 ], [ 141.57177538000002, 40.5422932 ], [ 141.57177844, 40.54227067 ], [ 141.57177558, 40.542257 ], [ 141.571767860000023, 40.54224172 ], [ 141.571717690000014, 40.54217803 ], [ 141.57170253000001, 40.542152 ], [ 141.571698810000015, 40.54213644 ], [ 141.571698690000034, 40.54212472 ], [ 141.571702390000013, 40.54210777 ], [ 141.57170772, 40.54209756 ], [ 141.57171764, 40.54208741 ], [ 141.571728300000018, 40.54208005 ], [ 141.57175331000002, 40.54206747 ], [ 141.57178092, 40.54205684 ], [ 141.57180975, 40.54204811 ], [ 141.571839080000018, 40.54204197 ], [ 141.57186092, 40.54204011 ], [ 141.571890310000015, 40.54204056 ], [ 141.57191241000001, 40.54204267 ], [ 141.571936780000016, 40.5420472 ], [ 141.571965080000012, 40.54205684 ], [ 141.57198044, 40.54206817 ], [ 141.57198664, 40.54208344 ], [ 141.571989800000011, 40.54212522 ], [ 141.57199416, 40.54213536 ], [ 141.57199789, 40.54213959 ], [ 141.572013090000013, 40.54214759 ], [ 141.572047810000015, 40.54216014 ], [ 141.5720565, 40.54216775 ], [ 141.572060390000019, 40.54217744 ], [ 141.57206097, 40.54218861 ], [ 141.57205192, 40.54224341 ], [ 141.5720537, 40.54226547 ], [ 141.572058640000023, 40.5422768 ], [ 141.57207263, 40.54229392 ], [ 141.57209025, 40.54230613 ], [ 141.572101480000015, 40.54230769 ], [ 141.57210842, 40.54230387 ], [ 141.57211261, 40.54229925 ], [ 141.572132830000015, 40.54226092 ], [ 141.572138780000017, 40.54225261 ], [ 141.572142190000022, 40.54225095 ], [ 141.57214525, 40.54225184 ], [ 141.57215195, 40.5422588 ], [ 141.57217248, 40.54228841 ], [ 141.572183310000014, 40.54229817 ], [ 141.572191390000029, 40.54230197 ], [ 141.5722237, 40.5423088 ], [ 141.572279340000023, 40.54232384 ], [ 141.572304030000026, 40.54232522 ], [ 141.572319100000016, 40.54232305 ], [ 141.57233086, 40.54231747 ], [ 141.572335160000023, 40.54231277 ], [ 141.57234713, 40.5422845 ], [ 141.572354580000024, 40.5422758 ], [ 141.572364360000023, 40.54227205 ], [ 141.57239464, 40.54226772 ], [ 141.57240711, 40.54226331 ], [ 141.572417520000016, 40.54225567 ], [ 141.572446860000014, 40.54222711 ], [ 141.572463280000022, 40.54220711 ], [ 141.572466470000023, 40.54219764 ], [ 141.572465940000029, 40.54219313 ], [ 141.572461390000029, 40.54218597 ], [ 141.572451020000017, 40.54217856 ], [ 141.57242886, 40.54217031 ], [ 141.572411030000012, 40.54216792 ], [ 141.572383160000015, 40.54216728 ], [ 141.572379110000014, 40.54216522 ], [ 141.572378500000013, 40.5421618 ], [ 141.572380660000022, 40.54215667 ], [ 141.572391050000022, 40.54214553 ], [ 141.57240034, 40.54213997 ], [ 141.57241597, 40.54213428 ], [ 141.572445500000015, 40.54212644 ], [ 141.572455140000017, 40.54212097 ], [ 141.57245745, 40.54211717 ], [ 141.572457860000014, 40.54211187 ], [ 141.572451120000011, 40.54208795 ], [ 141.572452530000021, 40.54207741 ], [ 141.572456980000027, 40.54207314 ], [ 141.5724835, 40.54205964 ], [ 141.57249131, 40.54205013 ], [ 141.572494480000017, 40.54203867 ], [ 141.57249275, 40.54202077 ], [ 141.572484920000022, 40.54200513 ], [ 141.572472800000014, 40.54199036 ], [ 141.572437470000011, 40.54195323 ], [ 141.57243075, 40.54194372 ], [ 141.5724265, 40.54193364 ], [ 141.57242531, 40.54192069 ], [ 141.57243255000003, 40.54189272 ], [ 141.572450730000014, 40.54185992 ], [ 141.572463310000018, 40.54184553 ], [ 141.572488860000021, 40.54182725 ], [ 141.57253911, 40.54180305 ], [ 141.57261248, 40.54177567 ], [ 141.572653670000022, 40.54176289 ], [ 141.57268134, 40.54175623 ], [ 141.57270431, 40.541753 ], [ 141.57274031, 40.54175144 ], [ 141.57278481000003, 40.54175286 ], [ 141.57282086, 40.54175713 ], [ 141.5728527, 40.54176414 ], [ 141.572866810000022, 40.5417688 ], [ 141.572878440000011, 40.54177459 ], [ 141.57288645, 40.54178256 ], [ 141.572888150000011, 40.54179678 ], [ 141.572871750000019, 40.54184325 ], [ 141.57286847, 40.54186669 ], [ 141.57287224, 40.541889 ], [ 141.57288047, 40.54190517 ], [ 141.572897080000018, 40.54192369 ], [ 141.57291781, 40.54194041 ], [ 141.57297803, 40.54197553 ], [ 141.573031830000019, 40.54201444 ], [ 141.57310995, 40.54206572 ], [ 141.57312772, 40.54208264 ], [ 141.573130780000014, 40.54209036 ], [ 141.57312986, 40.54209397 ], [ 141.573127060000019, 40.54209731 ], [ 141.573104450000017, 40.54211097 ], [ 141.573099220000017, 40.54211947 ], [ 141.57309942, 40.54212856 ], [ 141.573106610000025, 40.54213789 ], [ 141.573130420000012, 40.54215528 ], [ 141.57314403, 40.54216836 ], [ 141.57317606, 40.54221569 ], [ 141.57318883, 40.54222967 ], [ 141.57319881, 40.54223475 ], [ 141.573213920000029, 40.54223356 ], [ 141.5732265, 40.54222817 ], [ 141.57324477, 40.54221525 ], [ 141.57325538, 40.54220447 ], [ 141.57326433, 40.54219064 ], [ 141.57327747, 40.54214075 ], [ 141.573283770000018, 40.54213359 ], [ 141.57329389, 40.54213164 ], [ 141.573301, 40.54213267 ], [ 141.573315690000015, 40.5421378 ], [ 141.57332377, 40.5421428 ], [ 141.57333144, 40.54215231 ], [ 141.57333222, 40.54215869 ], [ 141.573325720000014, 40.54218141 ], [ 141.57332503, 40.54219223 ], [ 141.57332969, 40.54220995 ], [ 141.573336300000022, 40.54222025 ], [ 141.5733462, 40.54222831 ], [ 141.573353920000017, 40.54223223 ], [ 141.573375230000011, 40.54223803 ], [ 141.57339815, 40.54223914 ], [ 141.57341292000001, 40.54224075 ], [ 141.57341625, 40.54224261 ], [ 141.573415110000013, 40.54224605 ], [ 141.57339575, 40.5422578 ], [ 141.57335659, 40.542272 ], [ 141.573346640000011, 40.542278 ], [ 141.57334455, 40.54228189 ], [ 141.57334472, 40.54228723 ], [ 141.573350510000012, 40.54229817 ], [ 141.573364360000028, 40.54231231 ], [ 141.573387890000021, 40.54232711 ], [ 141.57342075, 40.54234131 ], [ 141.573501360000023, 40.54237122 ], [ 141.573525330000024, 40.54238314 ], [ 141.573540340000022, 40.54239431 ], [ 141.573585620000017, 40.54245436 ], [ 141.57359394, 40.54246978 ], [ 141.573594, 40.54248644 ], [ 141.573582360000017, 40.5425222 ], [ 141.57358248, 40.54253208 ], [ 141.57358464, 40.54253613 ], [ 141.573597690000014, 40.54254389 ], [ 141.5736272, 40.54255305 ], [ 141.573640970000014, 40.54255947 ], [ 141.573650390000012, 40.54256805 ], [ 141.57366815, 40.54259269 ], [ 141.573681240000013, 40.54260559 ], [ 141.57371244, 40.542628 ], [ 141.57375436, 40.54265069 ], [ 141.573789690000012, 40.54266441 ], [ 141.573823890000028, 40.54267231 ], [ 141.573850360000023, 40.54267475 ], [ 141.57386438, 40.54267347 ], [ 141.57386922, 40.54267156 ], [ 141.57387214000002, 40.54266867 ], [ 141.573872920000014, 40.54266405 ], [ 141.573861240000014, 40.54263433 ], [ 141.573859950000013, 40.54262272 ], [ 141.573862240000011, 40.54261803 ], [ 141.57386964, 40.54261303 ], [ 141.573884470000024, 40.54260922 ], [ 141.57389674, 40.54260905 ], [ 141.573910470000015, 40.54261159 ], [ 141.57392956000001, 40.54261931 ], [ 141.574000900000016, 40.54266459 ], [ 141.574019780000015, 40.54267411 ], [ 141.574033390000011, 40.5426788 ], [ 141.57406878, 40.54268569 ], [ 141.57410655000001, 40.54268689 ], [ 141.574131310000013, 40.54268395 ], [ 141.574179250000014, 40.5426738 ], [ 141.57419988, 40.54267222 ], [ 141.57421066, 40.54267495 ], [ 141.57421577, 40.54267889 ], [ 141.574227, 40.542699 ], [ 141.57423519, 40.5427165 ], [ 141.57424778, 40.542731 ], [ 141.57426737, 40.54274077 ], [ 141.57428202, 40.54274323 ], [ 141.57428944, 40.54274289 ], [ 141.5743018, 40.54273967 ], [ 141.57432222, 40.5427282 ], [ 141.57438092000001, 40.54267703 ], [ 141.57438983, 40.54267092 ], [ 141.57439678, 40.542669 ], [ 141.57439939, 40.54267014 ], [ 141.57440241, 40.54267661 ], [ 141.574406690000018, 40.54270072 ], [ 141.57441083, 40.54271359 ], [ 141.574416360000015, 40.54272208 ], [ 141.574426140000014, 40.54273122 ], [ 141.574445030000021, 40.54274084 ], [ 141.574459580000024, 40.54274397 ], [ 141.57447869, 40.54274367 ], [ 141.574494, 40.54274041 ], [ 141.574507520000026, 40.54273467 ], [ 141.574519080000016, 40.54272359 ], [ 141.57452287000001, 40.54271205 ], [ 141.57452569, 40.54268114 ], [ 141.57452973, 40.54267164 ], [ 141.574533480000014, 40.54266831 ], [ 141.57454406, 40.54266517 ], [ 141.574551610000015, 40.54266467 ], [ 141.574611750000031, 40.54266878 ], [ 141.574623990000021, 40.54266725 ], [ 141.574627890000016, 40.54266517 ], [ 141.574629860000016, 40.54266192 ], [ 141.57462917, 40.54265247 ], [ 141.574620800000019, 40.54263387 ], [ 141.57459949, 40.54259556 ], [ 141.57459691, 40.54258684 ], [ 141.57459759, 40.54258403 ], [ 141.574600270000019, 40.54258239 ], [ 141.574615310000013, 40.54258436 ], [ 141.57463711, 40.54259205 ], [ 141.574738810000014, 40.54263889 ], [ 141.574761530000018, 40.54264322 ], [ 141.574787080000021, 40.54264 ], [ 141.57481992000001, 40.54262936 ], [ 141.57485953, 40.54261253 ], [ 141.57491189000001, 40.54258689 ], [ 141.574949560000022, 40.54256531 ], [ 141.574967, 40.54255303 ], [ 141.57498125, 40.54254023 ], [ 141.575, 40.5425178 ], [ 141.57502961, 40.54248239 ], [ 141.57504462, 40.54247184 ], [ 141.575056250000017, 40.54246833 ], [ 141.575073870000011, 40.5424702 ], [ 141.575088110000024, 40.54247625 ], [ 141.57509883, 40.54248492 ], [ 141.575101830000023, 40.54248984 ], [ 141.57510224, 40.54249713 ], [ 141.575097660000012, 40.54250805 ], [ 141.57508625, 40.54252336 ], [ 141.57504691, 40.54256451 ], [ 141.575, 40.542608 ], [ 141.57497192, 40.54263405 ], [ 141.574955030000012, 40.5426555 ], [ 141.57493917, 40.5426838 ], [ 141.574931610000021, 40.54270653 ], [ 141.5749308, 40.54271744 ], [ 141.57493292, 40.54272769 ], [ 141.57493711, 40.54273461 ], [ 141.57494655, 40.542743 ], [ 141.57496577, 40.54275297 ], [ 141.574980340000025, 40.5427572 ], [ 141.574993580000012, 40.54275892 ], [ 141.575, 40.54275864 ], [ 141.575008220000029, 40.54275828 ], [ 141.575029880000017, 40.54275408 ], [ 141.575050950000019, 40.54274739 ], [ 141.575077640000018, 40.5427365 ], [ 141.575176130000017, 40.5426865 ], [ 141.57521761000001, 40.5426702 ], [ 141.57525365, 40.5426615 ], [ 141.57529703, 40.54265511 ], [ 141.575319440000015, 40.54265497 ], [ 141.57532183, 40.54265631 ], [ 141.57531986, 40.5426602 ], [ 141.57530112, 40.54267228 ], [ 141.575272110000014, 40.54268697 ], [ 141.575174940000011, 40.54272931 ], [ 141.57515973, 40.54274056 ], [ 141.57515078, 40.54275341 ], [ 141.57514591, 40.54277297 ], [ 141.57514839000001, 40.54278367 ], [ 141.575151850000026, 40.542787 ], [ 141.57516333, 40.54278864 ], [ 141.5751955, 40.5427848 ], [ 141.57520711, 40.54278656 ], [ 141.57521828, 40.54279359 ], [ 141.575243160000014, 40.54282513 ], [ 141.575252440000014, 40.54283172 ], [ 141.575262970000011, 40.5428332 ], [ 141.575269360000021, 40.54283253 ], [ 141.57532122, 40.54281597 ], [ 141.575336420000014, 40.542813 ], [ 141.575360860000018, 40.54281186 ], [ 141.57541516, 40.54281431 ], [ 141.575428860000017, 40.5428135 ], [ 141.575441, 40.54281053 ], [ 141.5754492, 40.54280597 ], [ 141.57545725, 40.54279744 ], [ 141.575479250000029, 40.54275814 ], [ 141.57549173000001, 40.542744 ], [ 141.57550348, 40.54273817 ], [ 141.575512310000022, 40.54273675 ], [ 141.575528030000015, 40.54273764 ], [ 141.57553525, 40.54273959 ], [ 141.57554153000001, 40.54274241 ], [ 141.57554808, 40.54274813 ], [ 141.57555317, 40.54275847 ], [ 141.575555470000012, 40.54277647 ], [ 141.57555328, 40.54281305 ], [ 141.57554798000001, 40.54285433 ], [ 141.575541140000013, 40.54288789 ], [ 141.575533480000018, 40.5429098 ], [ 141.57551623, 40.54294197 ], [ 141.57551375, 40.542953 ], [ 141.575514060000017, 40.54295895 ], [ 141.57551878000001, 40.54297061 ], [ 141.575527280000017, 40.54298028 ], [ 141.57553475, 40.54298439 ], [ 141.57554586, 40.54298475 ], [ 141.5755575, 40.542981 ], [ 141.575615520000014, 40.54294433 ], [ 141.575636450000019, 40.5429348 ], [ 141.57565105, 40.54293231 ], [ 141.57568022000001, 40.54293328 ], [ 141.575692480000015, 40.54293013 ], [ 141.57570365, 40.54292495 ], [ 141.57571908, 40.54291431 ], [ 141.57573394, 40.54290151 ], [ 141.575818490000017, 40.54281728 ], [ 141.575845030000011, 40.54279469 ], [ 141.575852310000016, 40.54279041 ], [ 141.57585633, 40.54279092 ], [ 141.575855940000025, 40.54279822 ], [ 141.575845140000013, 40.54283675 ], [ 141.575843890000016, 40.54285008 ], [ 141.575846720000015, 40.54286097 ], [ 141.575855640000015, 40.54286767 ], [ 141.57587053, 40.54286972 ], [ 141.575883870000013, 40.54286856 ], [ 141.57594506, 40.54285125 ], [ 141.57595014, 40.54285147 ], [ 141.57595633, 40.54285587 ], [ 141.57596533, 40.54289084 ], [ 141.57598234, 40.54291097 ], [ 141.575987030000022, 40.54291961 ], [ 141.575985160000016, 40.54293456 ], [ 141.575971950000024, 40.54295536 ], [ 141.575946140000013, 40.54298047 ], [ 141.575927760000013, 40.54299328 ], [ 141.575892630000027, 40.54301017 ], [ 141.575882440000015, 40.54301736 ], [ 141.57587455, 40.54302992 ], [ 141.57587192, 40.5430475 ], [ 141.57587394, 40.54305964 ], [ 141.575879250000014, 40.54307113 ], [ 141.575887860000023, 40.5430808 ], [ 141.575899530000015, 40.54308975 ], [ 141.575912830000021, 40.54309731 ], [ 141.57593442000001, 40.543106 ], [ 141.57595562000003, 40.54311056 ], [ 141.575968340000031, 40.54311011 ], [ 141.57598302, 40.54310372 ], [ 141.57599611, 40.54309172 ], [ 141.576040390000031, 40.54302617 ], [ 141.57605786000002, 40.54300678 ], [ 141.57607464, 40.54299659 ], [ 141.57611394, 40.54298553 ], [ 141.57613978, 40.5429732 ], [ 141.57616872, 40.54295364 ], [ 141.57619222, 40.54293125 ], [ 141.57619895000002, 40.54292147 ], [ 141.57620411000002, 40.54290759 ], [ 141.576205280000011, 40.54289639 ], [ 141.57620380000003, 40.5428792 ], [ 141.576194500000014, 40.542851 ], [ 141.57617253, 40.54281672 ], [ 141.576164810000023, 40.54280103 ], [ 141.576162550000021, 40.54279005 ], [ 141.576165450000019, 40.54277497 ], [ 141.57617231, 40.54276413 ], [ 141.576176860000032, 40.54275978 ], [ 141.576184970000014, 40.54275578 ], [ 141.57619839, 40.54275441 ], [ 141.576229220000016, 40.54275503 ], [ 141.57623711, 40.54275364 ], [ 141.57625239, 40.54274723 ], [ 141.576266550000014, 40.54273714 ], [ 141.576283610000019, 40.54271956 ], [ 141.57629012000001, 40.54270869 ], [ 141.57629036, 40.54270061 ], [ 141.5762875, 40.54269828 ], [ 141.57628241, 40.54269741 ], [ 141.57624078, 40.542701 ], [ 141.576228720000017, 40.54269847 ], [ 141.57622591, 40.54269067 ], [ 141.57622713, 40.5426848 ], [ 141.57623387000001, 40.54267222 ], [ 141.57624224, 40.542663 ], [ 141.57626031, 40.54265225 ], [ 141.576315640000018, 40.54263659 ], [ 141.576341250000013, 40.54262561 ], [ 141.576374750000014, 40.54260341 ], [ 141.57641486, 40.54256923 ], [ 141.576442050000026, 40.54253978 ], [ 141.576512220000012, 40.5424478 ], [ 141.57657669, 40.542384 ], [ 141.576594420000021, 40.54236433 ], [ 141.57660322000001, 40.54235022 ], [ 141.576605500000028, 40.54234139 ], [ 141.57660302, 40.54233303 ], [ 141.576595060000017, 40.54232561 ], [ 141.57657523, 40.5423168 ], [ 141.576558560000024, 40.54231297 ], [ 141.57649759, 40.54230967 ], [ 141.57648706, 40.54230767 ], [ 141.57648372, 40.54230469 ], [ 141.576485670000011, 40.54229831 ], [ 141.57649803000001, 40.54228544 ], [ 141.5765528, 40.54224231 ], [ 141.576568830000014, 40.54222797 ], [ 141.576576860000017, 40.54221847 ], [ 141.576581480000016, 40.54220905 ], [ 141.576581510000011, 40.54219969 ], [ 141.576578250000011, 40.54219359 ], [ 141.576563, 40.54218092 ], [ 141.576540830000027, 40.54217367 ], [ 141.576499829999989, 40.54217087 ], [ 141.576494380000014, 40.5421698 ], [ 141.57648975, 40.54216633 ], [ 141.576489830000014, 40.54216308 ], [ 141.576494810000014, 40.5421545 ], [ 141.576534450000025, 40.54210913 ], [ 141.57653869, 40.54209856 ], [ 141.576536130000022, 40.54208995 ], [ 141.57652636, 40.54208305 ], [ 141.57650397, 40.54207592 ], [ 141.576475500000015, 40.54207213 ], [ 141.576453190000024, 40.54207353 ], [ 141.57644542, 40.54207575 ], [ 141.576433580000014, 40.54208177 ], [ 141.576392280000022, 40.5421158 ], [ 141.576380660000012, 40.54212192 ], [ 141.576368420000023, 40.54212533 ], [ 141.576346860000029, 40.54212989 ], [ 141.576328750000016, 40.54213711 ], [ 141.576269810000014, 40.54217613 ], [ 141.57626769, 40.54217595 ], [ 141.576266840000017, 40.54217308 ], [ 141.57626898, 40.54216469 ], [ 141.576281920000014, 40.54214047 ], [ 141.576296980000023, 40.54212264 ], [ 141.57630986, 40.54211356 ], [ 141.57632336, 40.54210822 ], [ 141.576371750000021, 40.54209587 ], [ 141.57638336, 40.54208992 ], [ 141.57639881, 40.54207759 ], [ 141.576410340000024, 40.54206236 ], [ 141.576415060000016, 40.5420508 ], [ 141.576417660000033, 40.54200992 ], [ 141.576420750000011, 40.54200053 ], [ 141.576423770000019, 40.54199708 ], [ 141.576432480000022, 40.54199333 ], [ 141.57643872, 40.54199239 ], [ 141.576486520000032, 40.54199164 ], [ 141.57651034, 40.54198761 ], [ 141.57652489, 40.54198159 ], [ 141.576538270000015, 40.54197364 ], [ 141.576561560000016, 40.54195459 ], [ 141.576575420000012, 40.5419392 ], [ 141.576582170000023, 40.54192905 ], [ 141.5765862, 40.54191959 ], [ 141.57658623, 40.54191103 ], [ 141.576580340000021, 40.54190277 ], [ 141.57657119000001, 40.5418968 ], [ 141.576538950000014, 40.54188495 ], [ 141.57649988, 40.54187556 ], [ 141.576458370000012, 40.54186844 ], [ 141.576424920000022, 40.54186514 ], [ 141.576366830000012, 40.54186397 ], [ 141.57634694, 40.54186041 ], [ 141.57633747, 40.54185605 ], [ 141.57632842000001, 40.54184856 ], [ 141.57632064, 40.54183933 ], [ 141.576294640000015, 40.541796 ], [ 141.576276810000024, 40.54177205 ], [ 141.57619713, 40.54168836 ], [ 141.576178560000017, 40.54166667 ], [ 141.57617597, 40.54166364 ], [ 141.57616336000001, 40.54164384 ], [ 141.57615927, 40.54162889 ], [ 141.576160360000017, 40.54161997 ], [ 141.576168220000028, 40.54160517 ], [ 141.57618586000001, 40.54158605 ], [ 141.576214060000012, 40.54156461 ], [ 141.57624458, 40.54154775 ], [ 141.576276520000022, 40.54153422 ], [ 141.576312780000023, 40.54152417 ], [ 141.57640669, 40.54150825 ], [ 141.57642691, 40.54150192 ], [ 141.576466420000031, 40.54148589 ], [ 141.57648372, 40.54148164 ], [ 141.576513330000012, 40.54148064 ], [ 141.576589800000022, 40.54148708 ], [ 141.57661776, 40.541485 ], [ 141.576635970000012, 40.54147769 ], [ 141.57666433, 40.54145922 ], [ 141.57667747, 40.54145256 ], [ 141.576733500000017, 40.54143717 ], [ 141.576745250000016, 40.54143195 ], [ 141.57675189, 40.5414248 ], [ 141.576750700000019, 40.54141167 ], [ 141.57674083, 40.54139441 ], [ 141.57672872, 40.54137984 ], [ 141.57670428, 40.54135736 ], [ 141.576677500000017, 40.54133764 ], [ 141.576654690000026, 40.54132392 ], [ 141.576629780000019, 40.54131292 ], [ 141.57661250000001, 40.54130825 ], [ 141.57659795, 40.5413062 ], [ 141.576567830000016, 40.54130592 ], [ 141.576546640000032, 40.54130975 ], [ 141.57649733, 40.54132547 ], [ 141.576483310000015, 40.54132664 ], [ 141.57647623, 40.54132577 ], [ 141.57645997, 40.54131967 ], [ 141.576441750000015, 40.5413062 ], [ 141.576434090000021, 40.54129572 ], [ 141.576432550000021, 40.54128536 ], [ 141.57643708, 40.54127803 ], [ 141.576448340000013, 40.54127039 ], [ 141.576463500000017, 40.54126525 ], [ 141.576480730000014, 40.54126353 ], [ 141.57650791, 40.54126847 ], [ 141.576554860000016, 40.54128484 ], [ 141.57656645, 40.54128611 ], [ 141.576571020000017, 40.54128492 ], [ 141.576574420000014, 40.54128203 ], [ 141.57657717, 40.5412738 ], [ 141.576576980000027, 40.54126759 ], [ 141.57657214, 40.5412568 ], [ 141.576562020000011, 40.54124914 ], [ 141.576521220000018, 40.54123228 ], [ 141.576510970000015, 40.54122425 ], [ 141.576507760000027, 40.54121931 ], [ 141.57650442000002, 40.54120744 ], [ 141.57650558, 40.54119528 ], [ 141.57651092, 40.54118517 ], [ 141.576521220000018, 40.54117877 ], [ 141.57653442, 40.54117592 ], [ 141.57654975, 40.54117536 ], [ 141.57658297, 40.54117859 ], [ 141.57662131, 40.54118697 ], [ 141.576667760000021, 40.54120244 ], [ 141.57670708, 40.54121469 ], [ 141.57673711000001, 40.54121992 ], [ 141.57676003, 40.54122067 ], [ 141.576777720000024, 40.5412192 ], [ 141.57679219000002, 40.54121586 ], [ 141.576797130000017, 40.54121339 ], [ 141.576800050000031, 40.54121022 ], [ 141.576799490000013, 40.54120347 ], [ 141.57677365, 40.54117069 ], [ 141.57676856, 40.54116 ], [ 141.576768860000016, 40.54115522 ], [ 141.57677492000002, 40.54114805 ], [ 141.576805160000021, 40.54112941 ], [ 141.57681348, 40.54112044 ], [ 141.576839, 40.54107084 ], [ 141.57685086, 40.54105464 ], [ 141.57686080000002, 40.54104684 ], [ 141.57686669, 40.54104444 ], [ 141.57687542, 40.54104331 ], [ 141.57689008, 40.5410462 ], [ 141.57689672, 40.54104931 ], [ 141.57690494000002, 40.5410568 ], [ 141.576913890000014, 40.54108459 ], [ 141.57691964, 40.54109184 ], [ 141.576925330000023, 40.54109578 ], [ 141.576939920000029, 40.54110144 ], [ 141.576956350000017, 40.54110411 ], [ 141.5769718, 40.54110303 ], [ 141.576982870000023, 40.541098 ], [ 141.576990420000016, 40.5410885 ], [ 141.57699531, 40.54107056 ], [ 141.57699445, 40.54105613 ], [ 141.57698611, 40.54104069 ], [ 141.576961830000016, 40.54102231 ], [ 141.576957670000013, 40.54101847 ], [ 141.576957030000017, 40.5410155 ], [ 141.57696078, 40.54101286 ], [ 141.576967860000025, 40.54101164 ], [ 141.576987660000015, 40.54101044 ], [ 141.577006940000018, 40.54100211 ], [ 141.577022240000019, 40.54098869 ], [ 141.57705655, 40.54094092 ], [ 141.57708267000001, 40.54089931 ], [ 141.57709348, 40.54088511 ], [ 141.577107500000011, 40.54087214 ], [ 141.57715314, 40.54083656 ], [ 141.57718717, 40.5407948 ], [ 141.577195940000024, 40.54078925 ], [ 141.577200190000013, 40.54078987 ], [ 141.577204250000023, 40.54079325 ], [ 141.577210270000023, 40.54080403 ], [ 141.57721224, 40.54082167 ], [ 141.57720805, 40.54083817 ], [ 141.577191530000022, 40.54087969 ], [ 141.577183550000029, 40.54090741 ], [ 141.577180030000022, 40.54092967 ], [ 141.57718044, 40.54094561 ], [ 141.577184580000022, 40.540968 ], [ 141.57719144, 40.54099003 ], [ 141.57723275, 40.54108613 ], [ 141.577243770000024, 40.54113225 ], [ 141.57724872, 40.54114277 ], [ 141.57725708000001, 40.5411518 ], [ 141.57726589, 40.54115669 ], [ 141.57728842, 40.54116547 ], [ 141.577299580000016, 40.54117197 ], [ 141.57730211, 40.54117692 ], [ 141.577297110000018, 40.54119441 ], [ 141.57729652, 40.54120605 ], [ 141.57730136, 40.54121664 ], [ 141.57730722, 40.54122164 ], [ 141.5773193, 40.54122553 ], [ 141.57732662, 40.54122422 ], [ 141.57735864, 40.541206 ], [ 141.577362170000015, 40.54120597 ], [ 141.577365970000017, 40.54120867 ], [ 141.57737584000003, 40.54122553 ], [ 141.57738326, 40.54123286 ], [ 141.57739569, 40.541238 ], [ 141.577424580000013, 40.54124503 ], [ 141.577454, 40.54125753 ], [ 141.57746652000003, 40.54126053 ], [ 141.57747525000002, 40.54125731 ], [ 141.577494920000021, 40.54123161 ], [ 141.5775037, 40.54122614 ], [ 141.57751747, 40.54122325 ], [ 141.577554060000011, 40.54122177 ], [ 141.577567830000021, 40.54121844 ], [ 141.577574360000028, 40.54121164 ], [ 141.577579970000016, 40.54119575 ], [ 141.5775837, 40.54119022 ], [ 141.577607170000022, 40.54116659 ], [ 141.577608750000024, 40.54116053 ], [ 141.577606910000014, 40.54115613 ], [ 141.577597500000024, 40.54114764 ], [ 141.57757745, 40.54113813 ], [ 141.57755545, 40.54113314 ], [ 141.577525550000018, 40.54113117 ], [ 141.577446940000016, 40.54113167 ], [ 141.57743511000001, 40.54112978 ], [ 141.577434970000013, 40.54112725 ], [ 141.57745183, 40.54111677 ], [ 141.57749236, 40.54109689 ], [ 141.57750458000001, 40.54109267 ], [ 141.57752217, 40.54109247 ], [ 141.577559080000015, 40.54109897 ], [ 141.57757655, 40.54109869 ], [ 141.57758361, 40.54109684 ], [ 141.577587, 40.54109467 ], [ 141.57758908, 40.54108997 ], [ 141.577588420000012, 40.54108403 ], [ 141.577577390000016, 40.54105841 ], [ 141.57757759, 40.54105303 ], [ 141.577581480000021, 40.5410522 ], [ 141.577621560000011, 40.54105886 ], [ 141.57766192, 40.54105897 ], [ 141.57766917, 40.54106269 ], [ 141.577670270000027, 40.54106692 ], [ 141.57767178, 40.54108503 ], [ 141.577679220000022, 40.54109759 ], [ 141.577680360000016, 40.54110277 ], [ 141.577676130000015, 40.54110533 ], [ 141.577656, 40.5411105 ], [ 141.577649920000027, 40.54111469 ], [ 141.57764608, 40.54111995 ], [ 141.57764484, 40.54112572 ], [ 141.577648610000011, 40.54113461 ], [ 141.57765397, 40.54113889 ], [ 141.57766795, 40.54114439 ], [ 141.577677860000023, 40.54114495 ], [ 141.57769776, 40.54113889 ], [ 141.57772861, 40.54112203 ], [ 141.57774189, 40.54111628 ], [ 141.57779659000002, 40.54109908 ], [ 141.577816470000016, 40.54109139 ], [ 141.577839340000025, 40.5410778 ], [ 141.577865550000013, 40.54105775 ], [ 141.57797577, 40.54095859 ], [ 141.578049690000029, 40.54089705 ], [ 141.57807309, 40.54087539 ], [ 141.578088910000019, 40.54085547 ], [ 141.57812608, 40.54079164 ], [ 141.578190050000018, 40.54071595 ], [ 141.578228170000017, 40.54065877 ], [ 141.578239560000014, 40.54064439 ], [ 141.57825886, 40.54062741 ], [ 141.578311500000012, 40.54059556 ], [ 141.57833222, 40.54057895 ], [ 141.578344970000018, 40.54055887 ], [ 141.57834861, 40.54054441 ], [ 141.578348340000019, 40.54053136 ], [ 141.57834639, 40.5405258 ], [ 141.578338520000017, 40.54051956 ], [ 141.578331190000029, 40.54051869 ], [ 141.57832367, 40.54052028 ], [ 141.57831674000002, 40.540526 ], [ 141.578310120000026, 40.54054422 ], [ 141.57830555000001, 40.54054903 ], [ 141.57830003, 40.54054925 ], [ 141.578280730000017, 40.54054523 ], [ 141.57827211, 40.54054528 ], [ 141.578254690000023, 40.54054908 ], [ 141.57822411, 40.54056008 ], [ 141.578218220000025, 40.54056131 ], [ 141.57821125000001, 40.54055964 ], [ 141.57820956, 40.54055578 ], [ 141.57820953, 40.54054389 ], [ 141.578211440000018, 40.54052469 ], [ 141.57821453, 40.54051423 ], [ 141.57822219000002, 40.540504 ], [ 141.57824414000001, 40.5404808 ], [ 141.578248340000016, 40.54046736 ], [ 141.57824614, 40.54045017 ], [ 141.578238640000023, 40.54043336 ], [ 141.57821056, 40.54040122 ], [ 141.578202330000011, 40.54038561 ], [ 141.57820211, 40.54037461 ], [ 141.578203800000011, 40.54036831 ], [ 141.57820694, 40.54036297 ], [ 141.578212090000022, 40.54035914 ], [ 141.578218110000023, 40.54035859 ], [ 141.57822497, 40.54036025 ], [ 141.57823876, 40.54036817 ], [ 141.5782465, 40.54037578 ], [ 141.57826222, 40.54039792 ], [ 141.578269, 40.54040264 ], [ 141.57827722, 40.54039989 ], [ 141.57830353, 40.54037623 ], [ 141.57831689, 40.54036775 ], [ 141.57833409, 40.54036395 ], [ 141.57834331, 40.54036505 ], [ 141.578348420000026, 40.54036772 ], [ 141.57835236, 40.54037175 ], [ 141.578357080000018, 40.54038236 ], [ 141.57836219, 40.54043841 ], [ 141.578365030000015, 40.54044903 ], [ 141.578371530000027, 40.54046044 ], [ 141.57838584000001, 40.54047467 ], [ 141.578403920000028, 40.54048608 ], [ 141.578422750000016, 40.5404918 ], [ 141.57843667, 40.54049117 ], [ 141.5784827, 40.54048077 ], [ 141.57856411, 40.54047684 ], [ 141.57861503, 40.54046867 ], [ 141.57865012000002, 40.54045892 ], [ 141.578720730000015, 40.54042856 ], [ 141.57875236000001, 40.54041889 ], [ 141.578770640000016, 40.54041814 ], [ 141.578806980000024, 40.540426 ], [ 141.578818860000013, 40.54042333 ], [ 141.57883455000001, 40.54041251 ], [ 141.578859560000012, 40.54038811 ], [ 141.57887326, 40.54037695 ], [ 141.578892020000012, 40.54036711 ], [ 141.578931530000034, 40.54035153 ], [ 141.57895086, 40.5403398 ], [ 141.578995500000019, 40.54028789 ], [ 141.579015380000016, 40.5402722 ], [ 141.579074330000026, 40.54023075 ], [ 141.57908939, 40.54021659 ], [ 141.579101020000024, 40.54020184 ], [ 141.57911711, 40.54017239 ], [ 141.579118420000015, 40.54016256 ], [ 141.579113580000012, 40.54016141 ], [ 141.579087980000025, 40.54017275 ], [ 141.57900314, 40.54021986 ], [ 141.57897022, 40.54023331 ], [ 141.57894601000001, 40.54024139 ], [ 141.578923870000011, 40.54024675 ], [ 141.578911730000016, 40.540248 ], [ 141.578906890000013, 40.54024751 ], [ 141.57890178, 40.54024508 ], [ 141.578899340000021, 40.54023772 ], [ 141.578902920000019, 40.54022114 ], [ 141.578915530000017, 40.54019628 ], [ 141.578929970000019, 40.5401798 ], [ 141.578964110000015, 40.54015031 ], [ 141.57896947, 40.54014261 ], [ 141.578972530000016, 40.54013261 ], [ 141.57897134000001, 40.54011064 ], [ 141.578961360000022, 40.54008197 ], [ 141.57895066, 40.54006539 ], [ 141.57893956, 40.54005464 ], [ 141.57893328, 40.540051 ], [ 141.57892947000002, 40.54005092 ], [ 141.578924840000013, 40.54005725 ], [ 141.57891856, 40.54009864 ], [ 141.57891314, 40.54011064 ], [ 141.578903090000011, 40.540119 ], [ 141.578877370000015, 40.54013053 ], [ 141.578864030000034, 40.54014077 ], [ 141.578853940000016, 40.54015831 ], [ 141.57883947000002, 40.54019553 ], [ 141.578833190000012, 40.54020411 ], [ 141.57882428, 40.54020777 ], [ 141.578812410000012, 40.54020441 ], [ 141.57879995, 40.54019631 ], [ 141.578789200000017, 40.54018422 ], [ 141.578784230000025, 40.5401728 ], [ 141.578782140000015, 40.54015508 ], [ 141.57878514, 40.54013786 ], [ 141.578790340000012, 40.54012731 ], [ 141.57879650000001, 40.54012014 ], [ 141.57880691, 40.54011189 ], [ 141.578853580000015, 40.54008195 ], [ 141.578861030000013, 40.54007325 ], [ 141.57886367, 40.54006631 ], [ 141.57886056000001, 40.54002047 ], [ 141.57886652000002, 40.54000495 ], [ 141.578879, 40.53999108 ], [ 141.578927080000028, 40.53995069 ], [ 141.578953800000022, 40.53992397 ], [ 141.57896728, 40.53990308 ], [ 141.578986520000029, 40.53986025 ], [ 141.57899722, 40.53984586 ], [ 141.579007030000014, 40.53983725 ], [ 141.57902428, 40.53982687 ], [ 141.579037450000015, 40.53982228 ], [ 141.57905864, 40.53981792 ], [ 141.57912217, 40.53980886 ], [ 141.57916384, 40.53979733 ], [ 141.57924472, 40.53976708 ], [ 141.57930253, 40.53974259 ], [ 141.57933881, 40.53972486 ], [ 141.57935555, 40.53971341 ], [ 141.579362530000026, 40.53970267 ], [ 141.579362050000015, 40.53966978 ], [ 141.579363530000023, 40.5396652 ], [ 141.579367030000014, 40.53966244 ], [ 141.579389220000024, 40.53966169 ], [ 141.579394620000016, 40.53965795 ], [ 141.57940492000003, 40.53964078 ], [ 141.579409030000022, 40.53963813 ], [ 141.57941484, 40.539639 ], [ 141.57943022, 40.53964495 ], [ 141.57943791, 40.53964561 ], [ 141.57945239, 40.53964192 ], [ 141.579464920000021, 40.53963264 ], [ 141.57947131, 40.53962253 ], [ 141.57947508, 40.53961141 ], [ 141.579477890000021, 40.53957772 ], [ 141.57947733, 40.53951611 ], [ 141.57948092, 40.53949961 ], [ 141.579489250000023, 40.53948336 ], [ 141.57949881, 40.53947456 ], [ 141.579505160000025, 40.53947153 ], [ 141.57951986, 40.53946775 ], [ 141.57954336, 40.53946769 ], [ 141.57955973, 40.53947361 ], [ 141.579569490000011, 40.53948228 ], [ 141.579575500000033, 40.53949028 ], [ 141.579587, 40.53951711 ], [ 141.579606300000023, 40.53960895 ], [ 141.579649800000027, 40.53972017 ], [ 141.5796618, 40.53978925 ], [ 141.579666910000014, 40.53980444 ], [ 141.57967027, 40.53980947 ], [ 141.57967861, 40.53981408 ], [ 141.579712890000025, 40.53981936 ], [ 141.579718250000013, 40.53982275 ], [ 141.57973805, 40.53984317 ], [ 141.579750890000014, 40.53984903 ], [ 141.57976589, 40.53985153 ], [ 141.579774970000017, 40.5398512 ], [ 141.579790270000018, 40.53984723 ], [ 141.57979555, 40.53984359 ], [ 141.57979681, 40.53983961 ], [ 141.57979533, 40.53983513 ], [ 141.579777, 40.53980931 ], [ 141.579774860000015, 40.53979689 ], [ 141.579776230000022, 40.53979347 ], [ 141.57978012, 40.53979156 ], [ 141.57978577, 40.53979186 ], [ 141.57980036, 40.539797 ], [ 141.57984786, 40.53982172 ], [ 141.579866910000021, 40.53982756 ], [ 141.579883, 40.5398288 ], [ 141.57989975000001, 40.53982769 ], [ 141.57991433, 40.53982408 ], [ 141.57991997000002, 40.53982108 ], [ 141.579925550000013, 40.53981278 ], [ 141.579924840000018, 40.53980089 ], [ 141.57990958000002, 40.53976928 ], [ 141.57990783, 40.53975939 ], [ 141.579911190000018, 40.53975441 ], [ 141.57991708000003, 40.53975223 ], [ 141.579928170000017, 40.53975114 ], [ 141.57994908, 40.5397522 ], [ 141.57995058, 40.5397492 ], [ 141.579944110000014, 40.53973113 ], [ 141.579944, 40.53972195 ], [ 141.57994808, 40.53971661 ], [ 141.57995477, 40.53971253 ], [ 141.579969730000016, 40.53970944 ], [ 141.579976830000021, 40.53971239 ], [ 141.579980190000015, 40.53971678 ], [ 141.579988500000013, 40.53974123 ], [ 141.580001170000031, 40.53975528 ], [ 141.580070700000022, 40.53979761 ], [ 141.580089080000022, 40.53980647 ], [ 141.580099640000014, 40.53980956 ], [ 141.580113800000021, 40.53981136 ], [ 141.58016717000001, 40.53981175 ], [ 141.58018180000002, 40.53981139 ], [ 141.580214230000024, 40.53980684 ], [ 141.580228760000011, 40.53980631 ], [ 141.5802362, 40.53980814 ], [ 141.580241560000019, 40.53981136 ], [ 141.58025586, 40.53982503 ], [ 141.58026584000001, 40.53983056 ], [ 141.580272480000019, 40.53983205 ], [ 141.58028722, 40.53983251 ], [ 141.58031066, 40.53982828 ], [ 141.580327830000016, 40.53982205 ], [ 141.580341340000018, 40.53981451 ], [ 141.58035222, 40.53980577 ], [ 141.5803593, 40.53979628 ], [ 141.58036066, 40.53979103 ], [ 141.5803583, 40.53978125 ], [ 141.58033895, 40.53974947 ], [ 141.58033864, 40.53973228 ], [ 141.58034358, 40.53971984 ], [ 141.58035175, 40.53970995 ], [ 141.580360900000016, 40.53970575 ], [ 141.580374140000032, 40.53970739 ], [ 141.58040345, 40.53971925 ], [ 141.580416690000021, 40.53972205 ], [ 141.580423750000023, 40.5397202 ], [ 141.58043239, 40.53971231 ], [ 141.580447860000021, 40.53968041 ], [ 141.58049222, 40.53955028 ], [ 141.58052025, 40.53948192 ], [ 141.580536350000017, 40.53945541 ], [ 141.580550730000027, 40.53943903 ], [ 141.580575620000019, 40.53941813 ], [ 141.5805918, 40.53940903 ], [ 141.58059678, 40.53940892 ], [ 141.580599300000017, 40.53941495 ], [ 141.580596470000017, 40.53944639 ], [ 141.580598560000027, 40.5394642 ], [ 141.580607720000017, 40.53948061 ], [ 141.58063820000001, 40.53951356 ], [ 141.58064898, 40.53952764 ], [ 141.580653720000015, 40.53954059 ], [ 141.580651250000017, 40.53957384 ], [ 141.58065597, 40.53958425 ], [ 141.580669590000014, 40.53959811 ], [ 141.58068789, 40.5396098 ], [ 141.580709470000016, 40.53961795 ], [ 141.58073192, 40.53961986 ], [ 141.58074722, 40.53961697 ], [ 141.58075358, 40.53961361 ], [ 141.580756550000018, 40.53960539 ], [ 141.580746010000013, 40.53956925 ], [ 141.58074672, 40.53956041 ], [ 141.580751410000033, 40.53954822 ], [ 141.580756330000014, 40.53954413 ], [ 141.580760250000026, 40.53954467 ], [ 141.58077911, 40.53956336 ], [ 141.580791730000016, 40.53957372 ], [ 141.580798610000016, 40.53957647 ], [ 141.580822500000011, 40.53958172 ], [ 141.580833800000022, 40.53958805 ], [ 141.580843, 40.53959717 ], [ 141.580855230000026, 40.53961564 ], [ 141.580864420000012, 40.53962361 ], [ 141.5808728, 40.53962464 ], [ 141.580880220000012, 40.53962331 ], [ 141.580892330000012, 40.53961784 ], [ 141.58089747, 40.53961347 ], [ 141.58090445000002, 40.53960353 ], [ 141.58090869000003, 40.53959341 ], [ 141.580910050000028, 40.53957656 ], [ 141.58090214, 40.53955564 ], [ 141.580902800000018, 40.53955256 ], [ 141.58090694, 40.53955192 ], [ 141.580921860000018, 40.53955631 ], [ 141.580963750000024, 40.53957613 ], [ 141.58098111000001, 40.53957672 ], [ 141.581001480000026, 40.53957056 ], [ 141.58102811, 40.53955644 ], [ 141.581048110000012, 40.53953992 ], [ 141.581080440000022, 40.53950584 ], [ 141.581095550000015, 40.53949628 ], [ 141.58110156, 40.5394948 ], [ 141.58111442, 40.53949517 ], [ 141.58117328, 40.53951028 ], [ 141.581185770000019, 40.53951031 ], [ 141.581192610000016, 40.5395088 ], [ 141.581205160000025, 40.53950287 ], [ 141.581216060000031, 40.53949433 ], [ 141.581222700000012, 40.53948636 ], [ 141.58122764, 40.53947525 ], [ 141.581228300000021, 40.53946967 ], [ 141.581224750000018, 40.53945953 ], [ 141.58120158, 40.5394358 ], [ 141.58119847, 40.53943087 ], [ 141.58119720000002, 40.53942331 ], [ 141.581203110000018, 40.53941175 ], [ 141.58121419, 40.53940203 ], [ 141.58122455, 40.5393982 ], [ 141.58122927, 40.53939933 ], [ 141.58123681, 40.53940703 ], [ 141.58125053, 40.53943125 ], [ 141.581259860000017, 40.53944136 ], [ 141.581265810000019, 40.5394452 ], [ 141.58127908, 40.53945041 ], [ 141.58128947000003, 40.53945172 ], [ 141.581304580000022, 40.53944992 ], [ 141.581318080000017, 40.5394445 ], [ 141.58132733, 40.53943625 ], [ 141.581341, 40.53940375 ], [ 141.581350440000023, 40.53939313 ], [ 141.58142258, 40.53935197 ], [ 141.58143542000002, 40.53934828 ], [ 141.581440970000017, 40.53934923 ], [ 141.581447170000018, 40.53935433 ], [ 141.58145866000001, 40.53936859 ], [ 141.58146317, 40.53936953 ], [ 141.581473610000018, 40.53936497 ], [ 141.58150326, 40.53934441 ], [ 141.58151136, 40.53934111 ], [ 141.581527760000029, 40.53933795 ], [ 141.58154027, 40.53934022 ], [ 141.58154411000001, 40.53934469 ], [ 141.58155167000001, 40.53937633 ], [ 141.581558640000026, 40.53938739 ], [ 141.581568520000019, 40.53939533 ], [ 141.581575750000013, 40.5393978 ], [ 141.581598300000024, 40.53939864 ], [ 141.58160433, 40.53940005 ], [ 141.58162389, 40.53941695 ], [ 141.581629690000028, 40.53941925 ], [ 141.5816362, 40.53941984 ], [ 141.58165058, 40.53941759 ], [ 141.581672890000021, 40.53940844 ], [ 141.581692340000018, 40.53939497 ], [ 141.58170178, 40.53938251 ], [ 141.581703670000024, 40.53937195 ], [ 141.58170241000002, 40.53936672 ], [ 141.581696420000014, 40.53935703 ], [ 141.581667420000031, 40.53932975 ], [ 141.581658080000011, 40.53931875 ], [ 141.581652190000028, 40.53930833 ], [ 141.58164645, 40.53929197 ], [ 141.5816408, 40.53926256 ], [ 141.581627130000015, 40.53924147 ], [ 141.58162409000002, 40.53923387 ], [ 141.581622940000017, 40.53920539 ], [ 141.581620510000022, 40.53919775 ], [ 141.581614360000032, 40.53918772 ], [ 141.58158914, 40.53915913 ], [ 141.58158219, 40.53914903 ], [ 141.58157645, 40.53913303 ], [ 141.58156876000001, 40.53908867 ], [ 141.581558950000016, 40.53906695 ], [ 141.5815507, 40.53905744 ], [ 141.58154, 40.53905022 ], [ 141.581524250000029, 40.53904475 ], [ 141.58148248, 40.53903536 ], [ 141.581472390000016, 40.53903084 ], [ 141.58147058, 40.53902797 ], [ 141.581472670000011, 40.53902356 ], [ 141.58148331000001, 40.53901556 ], [ 141.581498690000018, 40.53900925 ], [ 141.58150778000001, 40.53900756 ], [ 141.581522670000027, 40.53900908 ], [ 141.581562390000016, 40.5390255 ], [ 141.58157409, 40.53902675 ], [ 141.581587520000028, 40.53902425 ], [ 141.58160761000002, 40.53901503 ], [ 141.581623990000026, 40.53900295 ], [ 141.581633090000025, 40.53899233 ], [ 141.581633940000017, 40.53898459 ], [ 141.58163, 40.5389812 ], [ 141.5816235, 40.53897897 ], [ 141.58160647, 40.53897784 ], [ 141.581592, 40.53898117 ], [ 141.581573610000021, 40.53899453 ], [ 141.58157008, 40.53899528 ], [ 141.58156689, 40.53899395 ], [ 141.581561140000019, 40.53898677 ], [ 141.581543360000012, 40.53894877 ], [ 141.581534250000033, 40.53893569 ], [ 141.581522440000015, 40.53892525 ], [ 141.58149895, 40.53891369 ], [ 141.58148377, 40.53891008 ], [ 141.581477300000017, 40.53890995 ], [ 141.581469530000021, 40.53891297 ], [ 141.58146645, 40.53892272 ], [ 141.581472190000028, 40.53896059 ], [ 141.58147, 40.53896431 ], [ 141.58146345000003, 40.53896075 ], [ 141.58145438, 40.53895241 ], [ 141.58143311, 40.53892878 ], [ 141.58139189, 40.53887384 ], [ 141.581382240000011, 40.5388668 ], [ 141.58137394, 40.53886341 ], [ 141.581359530000015, 40.53886028 ], [ 141.581345810000016, 40.53885939 ], [ 141.581323640000022, 40.5388615 ], [ 141.58130244000003, 40.53886678 ], [ 141.581249, 40.5388892 ], [ 141.581201280000016, 40.53889867 ], [ 141.581149580000016, 40.53891964 ], [ 141.581137520000027, 40.53891944 ], [ 141.58111992000002, 40.53890478 ], [ 141.58111317, 40.53890395 ], [ 141.581080440000022, 40.53891289 ], [ 141.58107689, 40.53891172 ], [ 141.581075030000022, 40.53890408 ], [ 141.58108428, 40.53885387 ], [ 141.58108156, 40.53884236 ], [ 141.581078080000026, 40.53883833 ], [ 141.581071440000017, 40.53883567 ], [ 141.581048520000024, 40.53883356 ], [ 141.581035860000014, 40.53883095 ], [ 141.581023640000012, 40.53882489 ], [ 141.580996390000024, 40.53880508 ], [ 141.580983670000023, 40.53879786 ], [ 141.580963380000014, 40.53878953 ], [ 141.58094234, 40.53878489 ], [ 141.580920390000017, 40.53878639 ], [ 141.580871190000011, 40.53880131 ], [ 141.58084986, 40.53880377 ], [ 141.580835330000014, 40.53880144 ], [ 141.58082134, 40.53879639 ], [ 141.58080922000002, 40.53878936 ], [ 141.58079978, 40.53878005 ], [ 141.58079462, 40.53877008 ], [ 141.580791, 40.53875372 ], [ 141.580790080000014, 40.53873644 ], [ 141.58079189, 40.53870697 ], [ 141.58080053, 40.53866647 ], [ 141.58082, 40.53862339 ], [ 141.580829530000017, 40.53860839 ], [ 141.58084163, 40.53859461 ], [ 141.58090486, 40.5385482 ], [ 141.58092414, 40.53853014 ], [ 141.580934250000013, 40.53851451 ], [ 141.580960080000011, 40.53845939 ], [ 141.58096742, 40.53845105 ], [ 141.58097694, 40.53844675 ], [ 141.580989360000018, 40.53844867 ], [ 141.58099815, 40.53845375 ], [ 141.581002190000021, 40.53845831 ], [ 141.58100586, 40.53846908 ], [ 141.581005500000032, 40.53849908 ], [ 141.581010140000018, 40.53851275 ], [ 141.581020140000021, 40.53852061 ], [ 141.581046, 40.53853375 ], [ 141.58105591, 40.53854341 ], [ 141.58105781, 40.53855314 ], [ 141.581056280000013, 40.53856387 ], [ 141.58103392000001, 40.53862356 ], [ 141.581031560000014, 40.53864633 ], [ 141.581035500000013, 40.538661 ], [ 141.581042700000012, 40.53867113 ], [ 141.58105272, 40.53868041 ], [ 141.5810645, 40.53868856 ], [ 141.5810773, 40.53869495 ], [ 141.581092110000014, 40.53869872 ], [ 141.581113110000018, 40.53869705 ], [ 141.581167030000017, 40.53868392 ], [ 141.58117866, 40.53867953 ], [ 141.58118348, 40.53867617 ], [ 141.5811908, 40.53866764 ], [ 141.58119589, 40.53865744 ], [ 141.581211310000015, 40.53859925 ], [ 141.58122545, 40.53856672 ], [ 141.581242890000027, 40.53854078 ], [ 141.58127416, 40.53850913 ], [ 141.58128464, 40.53849647 ], [ 141.581312310000015, 40.53843695 ], [ 141.58131462, 40.53842025 ], [ 141.581311050000011, 40.5384092 ], [ 141.58130326, 40.53839792 ], [ 141.581274940000014, 40.53836611 ], [ 141.581270220000022, 40.53835751 ], [ 141.581270890000013, 40.53835228 ], [ 141.58127416, 40.53834964 ], [ 141.58128591000002, 40.53834613 ], [ 141.581302190000031, 40.53834414 ], [ 141.58133075, 40.53834333 ], [ 141.581376010000014, 40.53834656 ], [ 141.581388080000011, 40.53834997 ], [ 141.581391530000019, 40.53835247 ], [ 141.581392530000016, 40.53835725 ], [ 141.581386940000016, 40.53836559 ], [ 141.581356230000011, 40.53839369 ], [ 141.581343160000017, 40.5384088 ], [ 141.581337030000014, 40.53841886 ], [ 141.581331280000029, 40.53843331 ], [ 141.58132975, 40.5384552 ], [ 141.581332190000012, 40.5384722 ], [ 141.581337080000026, 40.5384892 ], [ 141.58134973, 40.53851117 ], [ 141.581359750000018, 40.53851939 ], [ 141.58137205, 40.53852344 ], [ 141.58138625, 40.5385248 ], [ 141.581433, 40.5385245 ], [ 141.581447890000021, 40.5385262 ], [ 141.58145973, 40.53852984 ], [ 141.58146577, 40.53853311 ], [ 141.581474500000013, 40.53854144 ], [ 141.581485690000022, 40.53857217 ], [ 141.581488220000011, 40.53857664 ], [ 141.581493220000027, 40.53858005 ], [ 141.581505250000021, 40.53857844 ], [ 141.58152322, 40.53857211 ], [ 141.581555620000017, 40.53856353 ], [ 141.58156864, 40.53855856 ], [ 141.58157345, 40.53855531 ], [ 141.58157739, 40.53854922 ], [ 141.58157781, 40.53854347 ], [ 141.5815727, 40.53851892 ], [ 141.58157394, 40.53851459 ], [ 141.58157759, 40.53851323 ], [ 141.58159036, 40.53851475 ], [ 141.581615910000011, 40.5385208 ], [ 141.58163506, 40.53852147 ], [ 141.581654550000025, 40.53851397 ], [ 141.58169283, 40.5384842 ], [ 141.581704190000011, 40.53847717 ], [ 141.58171267000003, 40.53847397 ], [ 141.58173341, 40.53847211 ], [ 141.581778910000025, 40.53847641 ], [ 141.581805010000011, 40.53847489 ], [ 141.581832530000014, 40.53846753 ], [ 141.581924, 40.53843305 ], [ 141.582097200000021, 40.53838241 ], [ 141.582185970000012, 40.53835239 ], [ 141.582259220000026, 40.5383248 ], [ 141.582289250000031, 40.53830884 ], [ 141.58230538, 40.53829389 ], [ 141.582311050000015, 40.53828323 ], [ 141.58231170000002, 40.53827833 ], [ 141.582310830000011, 40.53827331 ], [ 141.582304580000027, 40.5382638 ], [ 141.5822885, 40.53825095 ], [ 141.58226511, 40.53823823 ], [ 141.58224365, 40.53822961 ], [ 141.582222340000015, 40.53822569 ], [ 141.582210800000013, 40.53822714 ], [ 141.58220445, 40.53822961 ], [ 141.582169640000018, 40.53825253 ], [ 141.582158910000032, 40.53825447 ], [ 141.582153260000013, 40.53825353 ], [ 141.582136390000016, 40.53824517 ], [ 141.582089470000028, 40.53820953 ], [ 141.582063, 40.53819639 ], [ 141.58204239, 40.53818995 ], [ 141.58200713, 40.53818197 ], [ 141.581970730000023, 40.53817689 ], [ 141.58194674, 40.53817613 ], [ 141.581929660000014, 40.53817841 ], [ 141.581917300000015, 40.53818336 ], [ 141.581901030000012, 40.5381942 ], [ 141.581864280000019, 40.53822341 ], [ 141.58185409, 40.53822933 ], [ 141.58182659000002, 40.53824061 ], [ 141.581815230000018, 40.53824753 ], [ 141.581809640000017, 40.53825495 ], [ 141.58180805, 40.53826108 ], [ 141.58180815, 40.53829017 ], [ 141.58180436, 40.53829128 ], [ 141.581799860000018, 40.53828951 ], [ 141.581765160000032, 40.53826964 ], [ 141.58175086, 40.53826631 ], [ 141.5817427, 40.53826636 ], [ 141.581726550000013, 40.53826917 ], [ 141.58171056, 40.53827441 ], [ 141.581653220000021, 40.53829864 ], [ 141.581643090000028, 40.53830033 ], [ 141.581639420000016, 40.53829956 ], [ 141.581636450000019, 40.53829669 ], [ 141.581634580000014, 40.53828805 ], [ 141.58163442, 40.5382415 ], [ 141.581630390000015, 40.53822953 ], [ 141.581623770000022, 40.53821895 ], [ 141.58161494, 40.5382102 ], [ 141.58160211, 40.53820333 ], [ 141.5815885, 40.5381998 ], [ 141.58156581, 40.53819789 ], [ 141.581542220000017, 40.53819887 ], [ 141.581526780000019, 40.53820131 ], [ 141.581512190000012, 40.53820561 ], [ 141.58150280000001, 40.53821 ], [ 141.58147881, 40.53822792 ], [ 141.581428220000021, 40.53827659 ], [ 141.58141591, 40.53828377 ], [ 141.58140917, 40.53828284 ], [ 141.581403920000014, 40.53827711 ], [ 141.5813975, 40.53826292 ], [ 141.58139073000001, 40.53823875 ], [ 141.581383220000021, 40.53819897 ], [ 141.58138075, 40.53816964 ], [ 141.5813837, 40.53809469 ], [ 141.5813828, 40.53807839 ], [ 141.581379100000021, 40.53806292 ], [ 141.581372720000019, 40.53805189 ], [ 141.58135983, 40.538039 ], [ 141.581289140000024, 40.53798686 ], [ 141.5812828, 40.5379798 ], [ 141.581283450000029, 40.53797539 ], [ 141.581282410000028, 40.53796728 ], [ 141.581288050000012, 40.537934 ], [ 141.581267500000024, 40.53793208 ], [ 141.581268640000019, 40.53792684 ], [ 141.581271140000013, 40.5379188 ], [ 141.581280730000032, 40.5379092 ], [ 141.581298270000019, 40.53790736 ], [ 141.581304640000013, 40.53791697 ], [ 141.58131567, 40.53792223 ], [ 141.58133387, 40.53792184 ], [ 141.581339750000012, 40.53792061 ], [ 141.58133942, 40.53791197 ], [ 141.581336390000018, 40.53790541 ], [ 141.58135202, 40.53789911 ], [ 141.58136109, 40.53788536 ], [ 141.58136489, 40.53786831 ], [ 141.58135737, 40.53785008 ], [ 141.58132575, 40.53782056 ], [ 141.58132319, 40.53781372 ], [ 141.581321120000013, 40.53780556 ], [ 141.58130608, 40.53779169 ], [ 141.581290270000011, 40.53778241 ], [ 141.58128964, 40.5377782 ], [ 141.58129713, 40.53777428 ], [ 141.581308780000029, 40.5377688 ], [ 141.581311170000021, 40.53776139 ], [ 141.581307950000024, 40.53774728 ], [ 141.581284940000018, 40.53772669 ], [ 141.581225620000026, 40.53770908 ], [ 141.581211390000021, 40.53770487 ], [ 141.581206110000011, 40.53769839 ], [ 141.581236390000015, 40.5376928 ], [ 141.581246130000011, 40.53768877 ], [ 141.581256810000014, 40.53768123 ], [ 141.58127339, 40.53767636 ], [ 141.58129064, 40.53767695 ], [ 141.581309, 40.53768205 ], [ 141.581387200000023, 40.53772 ], [ 141.58141336, 40.53773669 ], [ 141.58142533, 40.5377402 ], [ 141.581463, 40.53773069 ], [ 141.581474470000018, 40.53773278 ], [ 141.581477, 40.53773861 ], [ 141.58147209, 40.53775197 ], [ 141.581470510000031, 40.53775928 ], [ 141.58147964, 40.53777292 ], [ 141.58148936, 40.53777644 ], [ 141.581492700000013, 40.53778022 ], [ 141.581487610000011, 40.53779041 ], [ 141.58147883, 40.53779722 ], [ 141.58148442000001, 40.53780053 ], [ 141.58150584, 40.53780308 ], [ 141.581506, 40.53780831 ], [ 141.58148431, 40.53781097 ], [ 141.581477760000013, 40.53781561 ], [ 141.58147761, 40.53782533 ], [ 141.58150219, 40.53782753 ], [ 141.58151064, 40.53783286 ], [ 141.581525770000013, 40.53782592 ], [ 141.58154095, 40.53783033 ], [ 141.5815502, 40.53783433 ], [ 141.581551170000012, 40.53784784 ], [ 141.581560270000011, 40.53785903 ], [ 141.58159287, 40.53787033 ], [ 141.581610730000023, 40.53787239 ], [ 141.58162192, 40.53787033 ], [ 141.581629390000018, 40.53786425 ], [ 141.58163384, 40.53785 ], [ 141.58163905, 40.53784259 ], [ 141.58166022, 40.53780353 ], [ 141.581663750000018, 40.537801 ], [ 141.581671560000018, 40.53780364 ], [ 141.58167253000002, 40.53780597 ], [ 141.581652500000018, 40.53783978 ], [ 141.58166492, 40.53785339 ], [ 141.581682780000023, 40.53785705 ], [ 141.58173847, 40.53785436 ], [ 141.58176333000003, 40.53783917 ], [ 141.58178214, 40.53783284 ], [ 141.58180144, 40.53782747 ], [ 141.581824250000011, 40.53781761 ], [ 141.58184326, 40.53781847 ], [ 141.581870830000014, 40.53782441 ], [ 141.58197397, 40.53786384 ], [ 141.581985770000017, 40.53786392 ], [ 141.581997390000026, 40.53785772 ], [ 141.582017420000028, 40.53780247 ], [ 141.582032390000023, 40.53779931 ], [ 141.582040050000018, 40.53781025 ], [ 141.58204889000001, 40.53781759 ], [ 141.58205795, 40.53781428 ], [ 141.582065910000011, 40.53781136 ], [ 141.58207533, 40.53781841 ], [ 141.582077590000011, 40.5378308 ], [ 141.5820845, 40.53784592 ], [ 141.582093750000013, 40.53785017 ], [ 141.582128, 40.53785284 ], [ 141.58215039000001, 40.53787969 ], [ 141.58214328, 40.53790928 ], [ 141.58215365, 40.53791877 ], [ 141.582181750000018, 40.53792886 ], [ 141.582211240000021, 40.53792947 ], [ 141.582235670000017, 40.53792617 ], [ 141.582264190000018, 40.53792472 ], [ 141.58228555, 40.53791313 ], [ 141.58234611, 40.53786897 ], [ 141.582413550000012, 40.53783125 ], [ 141.582423260000013, 40.5378102 ], [ 141.582416980000033, 40.53778925 ], [ 141.58238061000003, 40.53776725 ], [ 141.582361280000015, 40.53775836 ], [ 141.582360780000016, 40.53773541 ], [ 141.582344480000017, 40.537723 ], [ 141.582283860000018, 40.5377068 ], [ 141.58225097, 40.53770036 ], [ 141.582206, 40.53770075 ], [ 141.582174550000019, 40.53769664 ], [ 141.58214153000003, 40.53768775 ], [ 141.582130830000011, 40.53767133 ], [ 141.582126030000012, 40.53766353 ], [ 141.582119660000018, 40.53765395 ], [ 141.58209969, 40.53764192 ], [ 141.582089950000011, 40.53763559 ], [ 141.58210859, 40.53763544 ], [ 141.582126280000011, 40.53763505 ], [ 141.58213458000003, 40.53762789 ], [ 141.58213297, 40.53760856 ], [ 141.582121950000015, 40.537606 ], [ 141.58208908, 40.53760092 ], [ 141.582081280000011, 40.53760041 ], [ 141.582076030000025, 40.53759397 ], [ 141.58206066, 40.53758289 ], [ 141.58201341, 40.5375705 ], [ 141.581976420000018, 40.53756444 ], [ 141.581966860000023, 40.53756505 ], [ 141.58195859, 40.53757464 ], [ 141.58195523, 40.53757925 ], [ 141.581945640000015, 40.53757877 ], [ 141.58185423, 40.53756261 ], [ 141.58181964000002, 40.53756347 ], [ 141.58180095000003, 40.5375708 ], [ 141.581784700000014, 40.53758441 ], [ 141.58174442, 40.53763431 ], [ 141.58173553, 40.537663 ], [ 141.581732970000019, 40.53767797 ], [ 141.581720890000014, 40.53769695 ], [ 141.58171053, 40.53770936 ], [ 141.581690440000017, 40.53771922 ], [ 141.58168805, 40.53771653 ], [ 141.581713190000016, 40.5376618 ], [ 141.58171733, 40.53765122 ], [ 141.58172737000001, 40.53763992 ], [ 141.58172380000002, 40.53762995 ], [ 141.581709470000021, 40.53762336 ], [ 141.581684250000023, 40.53761811 ], [ 141.581669080000012, 40.53761328 ], [ 141.581646740000025, 40.53759953 ], [ 141.58166492, 40.53758905 ], [ 141.58166764, 40.53757689 ], [ 141.58166008, 40.53756731 ], [ 141.58164542, 40.53756389 ], [ 141.581626130000018, 40.53757131 ], [ 141.5815992, 40.53758031 ], [ 141.581570780000021, 40.53758408 ], [ 141.58154144, 40.53758725 ], [ 141.58153267000003, 40.53759613 ], [ 141.58151691, 40.53761075 ], [ 141.5815, 40.53761975 ], [ 141.581489800000014, 40.53762486 ], [ 141.58148472, 40.53763617 ], [ 141.58147883, 40.53763628 ], [ 141.581477370000016, 40.5376318 ], [ 141.581480390000024, 40.53761853 ], [ 141.58147575000001, 40.53761489 ], [ 141.58147158, 40.53761247 ], [ 141.581459170000016, 40.53760931 ], [ 141.58145086, 40.53760575 ], [ 141.581452110000015, 40.53760117 ], [ 141.581463110000016, 40.53759261 ], [ 141.581462440000024, 40.53758705 ], [ 141.581459780000017, 40.53757914 ], [ 141.581423550000011, 40.53758217 ], [ 141.58140008, 40.53757331 ], [ 141.581384110000016, 40.53756953 ], [ 141.58135414000003, 40.53757028 ], [ 141.58134236, 40.53757197 ], [ 141.581350120000025, 40.53754786 ], [ 141.58135586, 40.53754495 ], [ 141.5813637, 40.53754789 ], [ 141.581368, 40.53755225 ], [ 141.581359220000024, 40.53756041 ], [ 141.58136292, 40.53756347 ], [ 141.58136756, 40.53756613 ], [ 141.58137389, 40.53756359 ], [ 141.5813755, 40.53755869 ], [ 141.58138888000002, 40.53755177 ], [ 141.581398780000029, 40.53755153 ], [ 141.581421750000032, 40.53755614 ], [ 141.581433890000028, 40.53755372 ], [ 141.581440250000014, 40.53754395 ], [ 141.581441, 40.53753739 ], [ 141.58144316000002, 40.53752844 ], [ 141.581444940000011, 40.53751844 ], [ 141.581442360000011, 40.53751125 ], [ 141.581439860000017, 40.53750703 ], [ 141.5814373, 40.53750236 ], [ 141.581433090000019, 40.53749259 ], [ 141.581429970000016, 40.53749025 ], [ 141.581426280000017, 40.53748695 ], [ 141.58141497, 40.53748836 ], [ 141.581403800000032, 40.53749241 ], [ 141.581391700000012, 40.53749653 ], [ 141.58138564, 40.53749289 ], [ 141.58138163000001, 40.53748428 ], [ 141.58138531, 40.53747453 ], [ 141.581387370000016, 40.53746892 ], [ 141.5813808, 40.53746284 ], [ 141.58136597, 40.53745628 ], [ 141.5812962, 40.53741323 ], [ 141.58122756, 40.53738611 ], [ 141.58121416, 40.53738223 ], [ 141.58121211, 40.53738756 ], [ 141.5812108, 40.537399 ], [ 141.58121248, 40.53741944 ], [ 141.58121244000003, 40.5374288 ], [ 141.581212310000012, 40.53743611 ], [ 141.581205940000018, 40.53743831 ], [ 141.581177030000021, 40.53742931 ], [ 141.581166500000023, 40.53742711 ], [ 141.581158390000013, 40.53742797 ], [ 141.581137500000011, 40.53744064 ], [ 141.58113097, 40.53744708 ], [ 141.581127, 40.53745205 ], [ 141.581115840000024, 40.53745572 ], [ 141.5811018, 40.53745753 ], [ 141.58109348, 40.53745217 ], [ 141.581092220000016, 40.53744525 ], [ 141.581102410000028, 40.53743905 ], [ 141.581087560000014, 40.53742908 ], [ 141.581070170000032, 40.53742603 ], [ 141.581077640000018, 40.5374185 ], [ 141.58108389, 40.53741667 ], [ 141.58108594, 40.53741105 ], [ 141.58107109, 40.53740172 ], [ 141.58107572000003, 40.53739467 ], [ 141.581084770000018, 40.53739136 ], [ 141.581106160000019, 40.53739392 ], [ 141.581115110000013, 40.53739197 ], [ 141.581131, 40.53735511 ], [ 141.58111808000001, 40.53733989 ], [ 141.58109287000002, 40.53733359 ], [ 141.58107927, 40.53733287 ], [ 141.58107433, 40.53733369 ], [ 141.581063700000016, 40.53734123 ], [ 141.581046110000017, 40.53733117 ], [ 141.581036060000031, 40.53732933 ], [ 141.58101772, 40.53733884 ], [ 141.581013920000032, 40.53734589 ], [ 141.581008340000011, 40.53735367 ], [ 141.58100689, 40.53736205 ], [ 141.58100708, 40.53736925 ], [ 141.581008690000033, 40.53737447 ], [ 141.581012360000017, 40.53737569 ], [ 141.58100983, 40.53738103 ], [ 141.58100406, 40.53738322 ], [ 141.580989220000021, 40.53737667 ], [ 141.58098109, 40.5373758 ], [ 141.58096752, 40.53737897 ], [ 141.580963700000012, 40.53737205 ], [ 141.58096097, 40.53737217 ], [ 141.580960190000013, 40.53737631 ], [ 141.58095939, 40.53737947 ], [ 141.58095555, 40.53738408 ], [ 141.580949050000015, 40.53738322 ], [ 141.580933450000032, 40.53738061 ], [ 141.58092713000002, 40.53737644 ], [ 141.580925810000025, 40.53737284 ], [ 141.580925380000025, 40.53736744 ], [ 141.580925810000025, 40.53736167 ], [ 141.580926230000017, 40.53735653 ], [ 141.580930170000016, 40.53735056 ], [ 141.580940950000013, 40.53734295 ], [ 141.580948830000011, 40.5373308 ], [ 141.58094817, 40.53732533 ], [ 141.580936690000016, 40.53732144 ], [ 141.580925810000025, 40.53732025 ], [ 141.580918270000012, 40.53732308 ], [ 141.580911360000016, 40.5373278 ], [ 141.580903330000012, 40.53733686 ], [ 141.58089608, 40.53734411 ], [ 141.580890050000022, 40.53735217 ], [ 141.58088167, 40.53735259 ], [ 141.580878470000016, 40.53735161 ], [ 141.580880390000033, 40.53734323 ], [ 141.580877860000015, 40.53733875 ], [ 141.580871120000012, 40.53733761 ], [ 141.58086555, 40.53733595 ], [ 141.580861240000019, 40.53733228 ], [ 141.58086345000001, 40.53732767 ], [ 141.58086633, 40.53732241 ], [ 141.58086122, 40.53731878 ], [ 141.58085341, 40.5373172 ], [ 141.580849420000021, 40.53731767 ], [ 141.58084431, 40.53731636 ], [ 141.58083966, 40.53731161 ], [ 141.58084861, 40.53731111 ], [ 141.580852280000016, 40.537311 ], [ 141.58085148, 40.53730272 ], [ 141.58085053, 40.53730092 ], [ 141.580863110000024, 40.53729859 ], [ 141.580874890000018, 40.53729517 ], [ 141.58088591, 40.53728897 ], [ 141.58088878, 40.53728131 ], [ 141.580868440000017, 40.53723497 ], [ 141.58084545, 40.5372272 ], [ 141.580828220000029, 40.53722767 ], [ 141.580817520000011, 40.53722269 ], [ 141.58081547, 40.53721756 ], [ 141.58086423, 40.53719653 ], [ 141.58087031, 40.53719092 ], [ 141.58085927, 40.53717623 ], [ 141.580852390000018, 40.53717292 ], [ 141.58081861, 40.53716992 ], [ 141.58078717, 40.53716759 ], [ 141.580776160000028, 40.53717414 ], [ 141.58077058, 40.53717111 ], [ 141.580775010000025, 40.53715613 ], [ 141.580769780000026, 40.53715203 ], [ 141.58075795000002, 40.53715067 ], [ 141.580743750000011, 40.5371485 ], [ 141.58070978, 40.53714936 ], [ 141.58069078, 40.5371502 ], [ 141.58068409, 40.53715347 ], [ 141.58064966, 40.53716956 ], [ 141.580623190000011, 40.53716567 ], [ 141.580598440000017, 40.53716944 ], [ 141.58058650000001, 40.53716628 ], [ 141.58058409, 40.53716105 ], [ 141.58060591, 40.53714147 ], [ 141.580641480000025, 40.53712259 ], [ 141.580648, 40.53711311 ], [ 141.580644810000024, 40.53710311 ], [ 141.58063647, 40.53709597 ], [ 141.580629470000019, 40.53709447 ], [ 141.580621, 40.53709536 ], [ 141.58060569, 40.53709913 ], [ 141.58055883, 40.53713125 ], [ 141.58053750000002, 40.53714525 ], [ 141.58052903, 40.53714684 ], [ 141.58052156, 40.53714356 ], [ 141.580528720000018, 40.53712953 ], [ 141.580533770000017, 40.53711861 ], [ 141.58053297, 40.53710825 ], [ 141.580524060000016, 40.53710292 ], [ 141.580493390000015, 40.53709636 ], [ 141.580487660000017, 40.53710169 ], [ 141.5804875, 40.53710792 ], [ 141.58049341, 40.53711861 ], [ 141.580498050000017, 40.53712333 ], [ 141.580494550000026, 40.53712653 ], [ 141.58048628, 40.53712433 ], [ 141.58045433, 40.53711741 ], [ 141.58045053, 40.53711508 ], [ 141.580450830000018, 40.53711195 ], [ 141.580460250000016, 40.53710864 ], [ 141.580466280000024, 40.53709913 ], [ 141.58046406, 40.53708944 ], [ 141.58045125000001, 40.53706447 ], [ 141.580444840000013, 40.53705039 ], [ 141.58041608, 40.53702156 ], [ 141.58040781, 40.53702008 ], [ 141.58039711, 40.5370252 ], [ 141.580385940000014, 40.53702861 ], [ 141.58037908, 40.53702911 ], [ 141.58036795000001, 40.53702351 ], [ 141.58036297000001, 40.53702192 ], [ 141.58035756000001, 40.53702411 ], [ 141.58035372, 40.5370308 ], [ 141.580354090000014, 40.53704114 ], [ 141.58035472, 40.537046 ], [ 141.58034674000001, 40.53705003 ], [ 141.580328720000011, 40.53705392 ], [ 141.58032008, 40.53705172 ], [ 141.58031628, 40.53704833 ], [ 141.580320390000026, 40.53703751 ], [ 141.58032645, 40.53703005 ], [ 141.580338760000018, 40.53702036 ], [ 141.580342090000016, 40.53701303 ], [ 141.580338720000015, 40.5370082 ], [ 141.580332340000012, 40.53700669 ], [ 141.58030681, 40.53702533 ], [ 141.58029406, 40.53702497 ], [ 141.580282870000019, 40.5370172 ], [ 141.58028586, 40.53697728 ], [ 141.580283940000015, 40.53695369 ], [ 141.580288220000028, 40.53694531 ], [ 141.58029586, 40.536943 ], [ 141.58030864, 40.5369448 ], [ 141.580319950000018, 40.53694384 ], [ 141.580328880000025, 40.53694117 ], [ 141.58034294, 40.53694089 ], [ 141.580350580000015, 40.53693714 ], [ 141.580352800000014, 40.53692641 ], [ 141.58034211, 40.53691864 ], [ 141.580332090000013, 40.53691889 ], [ 141.580328080000015, 40.53692036 ], [ 141.580311780000017, 40.53690967 ], [ 141.580304470000016, 40.53690989 ], [ 141.58029202, 40.53691536 ], [ 141.580283550000019, 40.53692011 ], [ 141.580275280000023, 40.53691756 ], [ 141.580272720000011, 40.53690992 ], [ 141.580283190000017, 40.53689761 ], [ 141.580282090000026, 40.53689347 ], [ 141.58027698, 40.53688972 ], [ 141.58026153000003, 40.53689044 ], [ 141.580245750000017, 40.53689433 ], [ 141.58023423, 40.53689908 ], [ 141.58022947, 40.5369065 ], [ 141.580221970000025, 40.53691051 ], [ 141.580205550000017, 40.53691125 ], [ 141.580169970000014, 40.53691661 ], [ 141.58014336, 40.53692247 ], [ 141.580116840000017, 40.53691613 ], [ 141.580099170000011, 40.53690725 ], [ 141.58009066, 40.53689847 ], [ 141.58007097, 40.5368362 ], [ 141.580024330000015, 40.53679147 ], [ 141.579945940000016, 40.53674903 ], [ 141.579911630000026, 40.53672177 ], [ 141.57989214, 40.53670767 ], [ 141.579888440000019, 40.53669489 ], [ 141.579885580000024, 40.53668113 ], [ 141.579882920000017, 40.53667575 ], [ 141.57988258, 40.53664433 ], [ 141.57988713, 40.53663989 ], [ 141.57990428, 40.53663147 ], [ 141.579912890000031, 40.53662153 ], [ 141.57991272000001, 40.53660495 ], [ 141.579905620000034, 40.53659356 ], [ 141.579895060000013, 40.53658733 ], [ 141.5798809, 40.53658769 ], [ 141.579823, 40.53659528 ], [ 141.57981358, 40.53659622 ], [ 141.57980569, 40.53658736 ], [ 141.57979178, 40.53656817 ], [ 141.579782, 40.53654933 ], [ 141.57978528000001, 40.53652328 ], [ 141.5797909, 40.53650972 ], [ 141.579789920000024, 40.53649641 ], [ 141.579780610000029, 40.53647567 ], [ 141.579765970000011, 40.53645369 ], [ 141.57975467, 40.53640377 ], [ 141.579753550000021, 40.53639947 ], [ 141.57975815, 40.5363972 ], [ 141.579785030000011, 40.53638459 ], [ 141.57979131, 40.53637536 ], [ 141.57979425000002, 40.53636597 ], [ 141.579792970000028, 40.53635697 ], [ 141.579789050000016, 40.53634367 ], [ 141.57976066, 40.53630539 ], [ 141.579750530000013, 40.5362862 ], [ 141.579766230000018, 40.53626375 ], [ 141.579765230000021, 40.53622656 ], [ 141.579751140000013, 40.53621341 ], [ 141.57973997000002, 40.53620672 ], [ 141.57971219, 40.53619459 ], [ 141.579704060000012, 40.53618408 ], [ 141.57970756, 40.53616975 ], [ 141.579717890000012, 40.53615247 ], [ 141.57971151000001, 40.53614117 ], [ 141.57968372000002, 40.53611659 ], [ 141.57966711, 40.53609787 ], [ 141.57966597, 40.53608195 ], [ 141.57966898, 40.5360638 ], [ 141.57967822, 40.536047 ], [ 141.579687950000022, 40.53603984 ], [ 141.579713450000014, 40.53602877 ], [ 141.579725720000027, 40.53601913 ], [ 141.579726350000016, 40.53601184 ], [ 141.57971533, 40.53600722 ], [ 141.57969173, 40.5360082 ], [ 141.579659360000022, 40.53601731 ], [ 141.579631750000033, 40.53601686 ], [ 141.57961674, 40.53600553 ], [ 141.57961336, 40.53598825 ], [ 141.579622280000024, 40.53597208 ], [ 141.57963375, 40.5359638 ], [ 141.579647500000021, 40.53595759 ], [ 141.57965228, 40.53595189 ], [ 141.57965192, 40.5359408 ], [ 141.579642800000016, 40.53592997 ], [ 141.57962973, 40.53592087 ], [ 141.57962075, 40.53588886 ], [ 141.57963297, 40.53586259 ], [ 141.57964684, 40.53584556 ], [ 141.579656230000012, 40.53583072 ], [ 141.57967844, 40.53577872 ], [ 141.57967869, 40.53573711 ], [ 141.5796908, 40.53572289 ], [ 141.57972475, 40.5357068 ], [ 141.579750890000014, 40.53570277 ], [ 141.57977306, 40.53568831 ], [ 141.57978073000001, 40.53567772 ], [ 141.579791730000011, 40.53568089 ], [ 141.57981713, 40.53570387 ], [ 141.57984012, 40.53571031 ], [ 141.57984647, 40.5357108 ], [ 141.579852550000027, 40.53570372 ], [ 141.579845810000023, 40.53569208 ], [ 141.57986195, 40.53568892 ], [ 141.579874690000025, 40.53568864 ], [ 141.57988122, 40.53569328 ], [ 141.579901050000018, 40.53571361 ], [ 141.57992066, 40.53572636 ], [ 141.57994348, 40.53572856 ], [ 141.579969, 40.53573 ], [ 141.5799762, 40.53572987 ], [ 141.579988469999989, 40.53574203 ], [ 141.580010800000025, 40.53573386 ], [ 141.579988750000012, 40.53570251 ], [ 141.57999322, 40.53570031 ], [ 141.580013160000021, 40.53570189 ], [ 141.580035360000011, 40.53571103 ], [ 141.580055620000024, 40.5357182 ], [ 141.580073310000017, 40.53572817 ], [ 141.580096130000015, 40.53573241 ], [ 141.58011431, 40.53573131 ], [ 141.580133, 40.53572328 ], [ 141.5801462, 40.53571184 ], [ 141.580143, 40.53570013 ], [ 141.58013073, 40.53568861 ], [ 141.58009433, 40.53568533 ], [ 141.580079470000015, 40.53567597 ], [ 141.580079300000023, 40.53567184 ], [ 141.58010389, 40.53565251 ], [ 141.580103720000011, 40.53564833 ], [ 141.58011086, 40.53564264 ], [ 141.5801262, 40.53564225 ], [ 141.580135620000021, 40.53564967 ], [ 141.580146, 40.53566051 ], [ 141.58014953, 40.53568056 ], [ 141.58016645, 40.53569541 ], [ 141.58019167, 40.53571413 ], [ 141.580211920000011, 40.53571997 ], [ 141.58022839, 40.53572436 ], [ 141.58024817, 40.535719 ], [ 141.580282110000013, 40.53570572 ], [ 141.58029803, 40.53569211 ], [ 141.580310920000016, 40.53567384 ], [ 141.58032591, 40.53566303 ], [ 141.580340220000011, 40.53563359 ], [ 141.58034326, 40.53561961 ], [ 141.580342750000028, 40.53560717 ], [ 141.580341280000027, 40.53559125 ], [ 141.58031703, 40.5355758 ], [ 141.58029633000001, 40.53558189 ], [ 141.580288, 40.53557592 ], [ 141.58028861, 40.53556825 ], [ 141.580293720000014, 40.53555913 ], [ 141.58023864, 40.53552022 ], [ 141.580254420000017, 40.53550805 ], [ 141.58027691, 40.53550403 ], [ 141.580267500000019, 40.53549456 ], [ 141.58021545, 40.53546184 ], [ 141.580188970000023, 40.53545895 ], [ 141.580162, 40.53544372 ], [ 141.58011603, 40.53542744 ], [ 141.580104550000016, 40.53543605 ], [ 141.58009064, 40.53542877 ], [ 141.58008014, 40.53543875 ], [ 141.58007025, 40.53544251 ], [ 141.580043140000015, 40.53544592 ], [ 141.58002131, 40.53544436 ], [ 141.579998780000011, 40.5354255 ], [ 141.58000211, 40.53541708 ], [ 141.58003815, 40.53538839 ], [ 141.5800509, 40.53538741 ], [ 141.580045160000026, 40.53540287 ], [ 141.580044550000025, 40.53541186 ], [ 141.58005462, 40.53541441 ], [ 141.580072480000013, 40.535407 ], [ 141.58009397, 40.53539751 ], [ 141.580126330000013, 40.53538972 ], [ 141.58012747, 40.53539592 ], [ 141.58012781, 40.53540567 ], [ 141.580134360000017, 40.53540967 ], [ 141.58019898, 40.5354352 ], [ 141.58022144, 40.53542972 ], [ 141.580255250000022, 40.53541087 ], [ 141.580271050000022, 40.53542095 ], [ 141.580297520000016, 40.53542508 ], [ 141.580333920000015, 40.53542775 ], [ 141.580348440000023, 40.535428 ], [ 141.580389140000023, 40.53544575 ], [ 141.58044433, 40.53546386 ], [ 141.58046669, 40.53545705 ], [ 141.58049211, 40.53540861 ], [ 141.580502, 40.53538405 ], [ 141.58049384, 40.53536141 ], [ 141.580491610000024, 40.53535097 ], [ 141.58050545, 40.53533269 ], [ 141.58051597, 40.53534489 ], [ 141.580529580000018, 40.5353702 ], [ 141.58052608, 40.53539597 ], [ 141.58051864, 40.53541484 ], [ 141.58052883000002, 40.53541944 ], [ 141.58055995, 40.53542492 ], [ 141.58057542, 40.53542664 ], [ 141.580583220000022, 40.53541747 ], [ 141.580613700000015, 40.53536603 ], [ 141.58061903, 40.53534656 ], [ 141.58063433, 40.53531017 ], [ 141.58062591, 40.53530597 ], [ 141.58060986000001, 40.5353068 ], [ 141.580599830000011, 40.53530814 ], [ 141.580584500000015, 40.535331 ], [ 141.58056745, 40.53532384 ], [ 141.580562050000026, 40.53531667 ], [ 141.580537610000022, 40.53529584 ], [ 141.58052769, 40.53529669 ], [ 141.5805145, 40.53530814 ], [ 141.58048163, 40.53532628 ], [ 141.58046489, 40.53531559 ], [ 141.58043031, 40.53531641 ], [ 141.580395230000022, 40.53532422 ], [ 141.580374480000017, 40.53532678 ], [ 141.580347390000014, 40.53533164 ], [ 141.58031864, 40.53533723 ], [ 141.580299360000026, 40.5353342 ], [ 141.580292610000015, 40.53532256 ], [ 141.580297590000015, 40.53531205 ], [ 141.5802827, 40.53530136 ], [ 141.580229050000014, 40.53527559 ], [ 141.580250440000015, 40.53526536 ], [ 141.58028472, 40.535261 ], [ 141.58028361, 40.53525551 ], [ 141.580256, 40.53524651 ], [ 141.58020891000001, 40.53522608 ], [ 141.58019311000001, 40.53521684 ], [ 141.580186390000023, 40.53520723 ], [ 141.580185140000026, 40.53519967 ], [ 141.580163380000016, 40.53517586 ], [ 141.58016403000002, 40.53517036 ], [ 141.580180610000014, 40.53517413 ], [ 141.58019436, 40.53518069 ], [ 141.58021095, 40.5351858 ], [ 141.580207910000013, 40.53520053 ], [ 141.580212090000032, 40.53521356 ], [ 141.58027275, 40.53523495 ], [ 141.58030462, 40.5352342 ], [ 141.58034419, 40.53522631 ], [ 141.58035375, 40.53521497 ], [ 141.580348970000017, 40.5352088 ], [ 141.580323280000016, 40.5352032 ], [ 141.58030014000002, 40.53519128 ], [ 141.58029056, 40.53517908 ], [ 141.58029097, 40.5351645 ], [ 141.58029066, 40.53515756 ], [ 141.580259829999989, 40.53513469 ], [ 141.580264140000025, 40.53512767 ], [ 141.58027672, 40.53512522 ], [ 141.58030389000001, 40.53514747 ], [ 141.580354160000013, 40.53515733 ], [ 141.580361510000017, 40.53515792 ], [ 141.580369140000016, 40.53516605 ], [ 141.58036678, 40.5351758 ], [ 141.580381610000018, 40.53518308 ], [ 141.58039503, 40.53517922 ], [ 141.580412700000011, 40.53516569 ], [ 141.58043358, 40.53516584 ], [ 141.58043969000002, 40.53516156 ], [ 141.580442870000013, 40.53514964 ], [ 141.580421240000021, 40.53512872 ], [ 141.580445670000017, 40.53512739 ], [ 141.58046689, 40.53511231 ], [ 141.58048331, 40.53511533 ], [ 141.58047597, 40.53513503 ], [ 141.58048672000001, 40.53515559 ], [ 141.580509690000014, 40.53516397 ], [ 141.58052752, 40.53515387 ], [ 141.580538690000026, 40.53513695 ], [ 141.58054506, 40.53511595 ], [ 141.580547390000021, 40.53505972 ], [ 141.58055403000003, 40.5350422 ], [ 141.58055353, 40.53502833 ], [ 141.58052387, 40.5350152 ], [ 141.580495140000011, 40.53502141 ], [ 141.580489590000013, 40.53504236 ], [ 141.58048309, 40.5350405 ], [ 141.580476520000019, 40.53503577 ], [ 141.58048144, 40.53502105 ], [ 141.580487, 40.53500156 ], [ 141.58047086, 40.53498177 ], [ 141.580454090000018, 40.53497117 ], [ 141.58041934000002, 40.53496508 ], [ 141.580386620000013, 40.53496511 ], [ 141.58037131, 40.5349662 ], [ 141.580348970000017, 40.53497644 ], [ 141.58033975, 40.53499675 ], [ 141.58033389000002, 40.53501011 ], [ 141.58032302, 40.53501036 ], [ 141.58030131000001, 40.53501025 ], [ 141.58027995, 40.5350212 ], [ 141.580264160000013, 40.53501392 ], [ 141.58025297, 40.53500587 ], [ 141.580265420000018, 40.53499931 ], [ 141.580275280000023, 40.53499492 ], [ 141.58027834, 40.53498167 ], [ 141.580320270000016, 40.53496328 ], [ 141.58031803, 40.53495222 ], [ 141.580316520000025, 40.53494647 ], [ 141.580311720000026, 40.53493875 ], [ 141.580304500000011, 40.53493672 ], [ 141.580295770000021, 40.53493705 ], [ 141.580282580000016, 40.53494039 ], [ 141.580268780000011, 40.53493914 ], [ 141.580262190000013, 40.53493287 ], [ 141.580263060000021, 40.53492322 ], [ 141.580278560000011, 40.53491664 ], [ 141.58030012, 40.53491172 ], [ 141.580339, 40.53488517 ], [ 141.580337830000019, 40.53487753 ], [ 141.580334030000017, 40.53487351 ], [ 141.58031852000002, 40.53487036 ], [ 141.580312440000029, 40.53487453 ], [ 141.580307, 40.53487539 ], [ 141.580302530000012, 40.53487478 ], [ 141.580299780000018, 40.53487336 ], [ 141.580296910000015, 40.53487005 ], [ 141.58029438, 40.53486556 ], [ 141.580294090000024, 40.53485817 ], [ 141.58029234, 40.53484944 ], [ 141.580274840000016, 40.53484767 ], [ 141.5802572, 40.53485444 ], [ 141.58025086, 40.53486728 ], [ 141.58024047, 40.53487933 ], [ 141.58022781, 40.53489741 ], [ 141.580224580000021, 40.53490511 ], [ 141.58021625, 40.53491903 ], [ 141.58021231, 40.53492392 ], [ 141.580188910000032, 40.5349228 ], [ 141.58016691, 40.53491844 ], [ 141.580163090000013, 40.53491369 ], [ 141.580172630000021, 40.53490372 ], [ 141.5801945, 40.53487403 ], [ 141.58022022, 40.53484092 ], [ 141.580206980000014, 40.53482731 ], [ 141.580184190000011, 40.53482792 ], [ 141.58017078, 40.53483241 ], [ 141.580151, 40.53483703 ], [ 141.58013939, 40.53484217 ], [ 141.580120050000033, 40.53483364 ], [ 141.58010409000002, 40.53481941 ], [ 141.58008747, 40.53481359 ], [ 141.58007713, 40.53480617 ], [ 141.58011406, 40.53477341 ], [ 141.58013097, 40.53476539 ], [ 141.58013703, 40.53475761 ], [ 141.580118660000011, 40.53475323 ], [ 141.580101610000014, 40.53475847 ], [ 141.580089030000011, 40.53476153 ], [ 141.58006988, 40.5347592 ], [ 141.580060610000032, 40.53475387 ], [ 141.580064420000014, 40.53473575 ], [ 141.580076350000013, 40.53471675 ], [ 141.58013392, 40.53467856 ], [ 141.580163700000014, 40.53464944 ], [ 141.58017786000002, 40.53464072 ], [ 141.580191110000015, 40.53463205 ], [ 141.580199530000016, 40.53461456 ], [ 141.58020586, 40.53459008 ], [ 141.580228200000022, 40.53458195 ], [ 141.58025319, 40.53454664 ], [ 141.58025462, 40.53451403 ], [ 141.580222170000013, 40.53447453 ], [ 141.58022947, 40.53445008 ], [ 141.580261190000016, 40.53442644 ], [ 141.580294810000026, 40.53440417 ], [ 141.58032350000002, 40.53437292 ], [ 141.580344380000014, 40.53437241 ], [ 141.58034394, 40.53438495 ], [ 141.580331020000017, 40.53440114 ], [ 141.58030553, 40.534424 ], [ 141.580290420000011, 40.53445553 ], [ 141.58029092000001, 40.53446805 ], [ 141.58029761, 40.53447547 ], [ 141.58032394, 40.53447559 ], [ 141.580353920000022, 40.53445405 ], [ 141.580348440000023, 40.53442777 ], [ 141.580344310000015, 40.53441744 ], [ 141.580346030000015, 40.53441259 ], [ 141.580367390000021, 40.53440308 ], [ 141.58039241, 40.53439139 ], [ 141.58041012000001, 40.53437911 ], [ 141.580433220000032, 40.53436817 ], [ 141.580443920000022, 40.53436303 ], [ 141.580448030000014, 40.53435184 ], [ 141.58043942, 40.53434028 ], [ 141.58041022, 40.53433822 ], [ 141.580400030000021, 40.53433289 ], [ 141.580388660000011, 40.53432 ], [ 141.580400420000018, 40.53429469 ], [ 141.580426980000027, 40.53423095 ], [ 141.580465230000016, 40.53418844 ], [ 141.580486420000028, 40.53417192 ], [ 141.58049628, 40.53414672 ], [ 141.58049306, 40.53411072 ], [ 141.580494280000011, 40.53409478 ], [ 141.58054861, 40.53404489 ], [ 141.58056044, 40.53404528 ], [ 141.580576690000015, 40.53404211 ], [ 141.580613840000012, 40.534019 ], [ 141.58065910000002, 40.53399295 ], [ 141.580634190000012, 40.53398039 ], [ 141.580641830000019, 40.53396764 ], [ 141.58066689, 40.53395875 ], [ 141.580672310000011, 40.53395792 ], [ 141.58069161, 40.53396372 ], [ 141.580711580000013, 40.53396459 ], [ 141.58073214, 40.53395644 ], [ 141.58076447000002, 40.53392444 ], [ 141.580796670000012, 40.53391189 ], [ 141.58085219000003, 40.5339372 ], [ 141.58087423, 40.53394328 ], [ 141.58092672, 40.53393997 ], [ 141.580963090000012, 40.5339418 ], [ 141.580994190000013, 40.53394592 ], [ 141.58102961, 40.53394713 ], [ 141.58106501, 40.53394556 ], [ 141.581087, 40.53392911 ], [ 141.58109317, 40.5338998 ], [ 141.58110197000002, 40.53389405 ], [ 141.581129050000015, 40.53388851 ], [ 141.58113817, 40.53389103 ], [ 141.58114523, 40.5339082 ], [ 141.58116297, 40.53394456 ], [ 141.58118097, 40.5339622 ], [ 141.581200140000021, 40.53396584 ], [ 141.58131511000002, 40.53395547 ], [ 141.581337030000014, 40.53396117 ], [ 141.58135008, 40.53396847 ], [ 141.581351220000016, 40.53397467 ], [ 141.581344090000016, 40.53402336 ], [ 141.58137969, 40.53402944 ], [ 141.581400390000027, 40.53402344 ], [ 141.581420340000022, 40.53400072 ], [ 141.581442, 40.53399605 ], [ 141.58147073, 40.53401128 ], [ 141.58149759, 40.53402661 ], [ 141.581533920000027, 40.53402431 ], [ 141.58157953, 40.53400725 ], [ 141.58160949, 40.53400859 ], [ 141.58162436, 40.53401795 ], [ 141.581685470000025, 40.53402475 ], [ 141.581706200000013, 40.53404228 ], [ 141.58173847, 40.53405675 ], [ 141.581792890000031, 40.53407692 ], [ 141.58182224, 40.53408664 ], [ 141.58182815, 40.53409623 ], [ 141.58183073, 40.53411559 ], [ 141.581827080000011, 40.53413859 ], [ 141.581829660000011, 40.53415792 ], [ 141.581844690000025, 40.53417214 ], [ 141.581865890000017, 40.53417786 ], [ 141.58188684000001, 40.5341815 ], [ 141.58194136, 40.53418223 ], [ 141.581972, 40.53417664 ], [ 141.582026520000028, 40.53417808 ], [ 141.582077390000023, 40.53415533 ], [ 141.58210083000003, 40.53415131 ], [ 141.58212314, 40.53414033 ], [ 141.58215678, 40.53411797 ], [ 141.582172550000024, 40.53410444 ], [ 141.58223175, 40.53410859 ], [ 141.5822507, 40.53410395 ], [ 141.5822737, 40.53409092 ], [ 141.582308660000024, 40.53403108 ], [ 141.582330700000028, 40.53403751 ], [ 141.58233406, 40.53405405 ], [ 141.582327720000023, 40.53407705 ], [ 141.582304940000029, 40.5340992 ], [ 141.58230384, 40.53411647 ], [ 141.582317760000024, 40.53412522 ], [ 141.58234134, 40.53412325 ], [ 141.582366060000027, 40.53410733 ], [ 141.58239597, 40.53408095 ], [ 141.582411, 40.53409308 ], [ 141.58241419, 40.5341055 ], [ 141.5824225, 40.53410877 ], [ 141.582442440000023, 40.53410964 ], [ 141.58245202, 40.53409967 ], [ 141.582530510000026, 40.534086 ], [ 141.582552140000018, 40.53408064 ], [ 141.58256825, 40.53407541 ], [ 141.582613720000012, 40.53407636 ], [ 141.582636550000018, 40.534082 ], [ 141.582642610000022, 40.53409644 ], [ 141.582652670000016, 40.53409828 ], [ 141.582683310000021, 40.53409339 ], [ 141.582808640000025, 40.53406953 ], [ 141.58282158, 40.53407611 ], [ 141.582841850000023, 40.534084 ], [ 141.582872, 40.53406587 ], [ 141.582878, 40.53405467 ], [ 141.582863800000013, 40.53404177 ], [ 141.582859, 40.53403292 ], [ 141.582893750000011, 40.53401747 ], [ 141.58291545, 40.53401344 ], [ 141.582944770000012, 40.53399751 ], [ 141.58297042, 40.53398022 ], [ 141.58299525000001, 40.53391928 ], [ 141.58300859, 40.53388847 ], [ 141.583020730000015, 40.5338965 ], [ 141.583027, 40.53391925 ], [ 141.58304458, 40.53397289 ], [ 141.583037030000014, 40.534014 ], [ 141.583035450000011, 40.53404247 ], [ 141.583049030000012, 40.53406364 ], [ 141.583065500000032, 40.53406875 ], [ 141.5830908, 40.53406328 ], [ 141.583117470000019, 40.53405086 ], [ 141.583155380000022, 40.53404439 ], [ 141.58317564, 40.53405011 ], [ 141.583199920000027, 40.5340468 ], [ 141.58322508, 40.53403711 ], [ 141.58324375, 40.53402905 ], [ 141.583247860000029, 40.5340165 ], [ 141.583252970000018, 40.53400936 ], [ 141.58327581, 40.53401372 ], [ 141.583290440000013, 40.53401408 ], [ 141.58330387, 40.5340102 ], [ 141.58331167, 40.53400033 ], [ 141.583319, 40.53398003 ], [ 141.58333202, 40.53394159 ], [ 141.583333330000016, 40.53394544 ], [ 141.58333506, 40.53395056 ], [ 141.583345010000016, 40.53399464 ], [ 141.58337228000002, 40.533994 ], [ 141.583398890000012, 40.53397877 ], [ 141.58341625, 40.53395822 ], [ 141.583451970000027, 40.53394422 ], [ 141.5834685, 40.53392367 ], [ 141.583471340000017, 40.53388133 ], [ 141.583461090000014, 40.53385175 ], [ 141.58344431, 40.53383961 ], [ 141.58341961, 40.53383536 ], [ 141.58340156, 40.5338372 ], [ 141.583381800000012, 40.53384461 ], [ 141.583334470000011, 40.5338652 ], [ 141.583333330000016, 40.53386353 ], [ 141.583287300000023, 40.53379633 ], [ 141.58322616, 40.53374305 ], [ 141.58317095000001, 40.53372422 ], [ 141.58311953, 40.53370744 ], [ 141.583098660000019, 40.53370867 ], [ 141.583083720000019, 40.533713 ], [ 141.58305489, 40.53372084 ], [ 141.583040860000011, 40.53373308 ], [ 141.583033990000018, 40.53374403 ], [ 141.5830282, 40.53375197 ], [ 141.583024110000025, 40.53375625 ], [ 141.583017860000012, 40.53375547 ], [ 141.583014920000011, 40.53374756 ], [ 141.58301, 40.53373886 ], [ 141.583004030000012, 40.53373414 ], [ 141.58299881, 40.53373156 ], [ 141.582998050000015, 40.53372705 ], [ 141.58300066000001, 40.53370767 ], [ 141.58297761, 40.53364092 ], [ 141.58293523, 40.53360786 ], [ 141.58291542, 40.53359953 ], [ 141.582906080000015, 40.53359877 ], [ 141.58289034, 40.53360436 ], [ 141.58288633, 40.53360511 ], [ 141.58288302, 40.53360495 ], [ 141.582881220000019, 40.53360192 ], [ 141.582878490000013, 40.53359084 ], [ 141.582869250000016, 40.53358703 ], [ 141.58285056, 40.53358384 ], [ 141.582792360000013, 40.53358259 ], [ 141.582783940000013, 40.53358056 ], [ 141.5827793, 40.53357753 ], [ 141.582754890000018, 40.53355625 ], [ 141.58272686, 40.53354247 ], [ 141.58271572000001, 40.53353714 ], [ 141.582701050000026, 40.53353453 ], [ 141.582692670000029, 40.53353341 ], [ 141.582679110000015, 40.53353659 ], [ 141.5826518, 40.53355403 ], [ 141.58264689, 40.53355659 ], [ 141.58264533000002, 40.53355569 ], [ 141.58264219000003, 40.53354853 ], [ 141.582639530000023, 40.53354197 ], [ 141.582632550000028, 40.53353075 ], [ 141.58263109, 40.53352661 ], [ 141.582642170000014, 40.53348395 ], [ 141.582641750000022, 40.53347764 ], [ 141.58263861, 40.53347036 ], [ 141.58263309, 40.53346275 ], [ 141.582622390000012, 40.53345525 ], [ 141.58260547, 40.53345167 ], [ 141.582593160000016, 40.53345023 ], [ 141.58250511, 40.53346017 ], [ 141.58250014, 40.53346 ], [ 141.58244636, 40.53345387 ], [ 141.582399560000027, 40.53344814 ], [ 141.58239008000001, 40.53344389 ], [ 141.582396610000018, 40.533426 ], [ 141.5823862, 40.53341311 ], [ 141.5823608, 40.53340103 ], [ 141.58233633, 40.53338903 ], [ 141.582281720000026, 40.53337056 ], [ 141.582288050000017, 40.5333362 ], [ 141.582282890000016, 40.53333333 ], [ 141.58227394, 40.53332836 ], [ 141.58225711, 40.53333269 ], [ 141.58225572, 40.53333333 ], [ 141.58217536, 40.53336961 ], [ 141.58216711, 40.53337211 ], [ 141.58216275, 40.53337231 ], [ 141.582156860000026, 40.53337236 ], [ 141.58214905, 40.53337195 ], [ 141.5821345, 40.53336908 ], [ 141.58212930000002, 40.53336884 ], [ 141.58212462, 40.53336941 ], [ 141.58211623, 40.53337064 ], [ 141.582072720000014, 40.53338541 ], [ 141.582043380000016, 40.53340147 ], [ 141.582025620000024, 40.5334158 ], [ 141.582014470000018, 40.53343369 ], [ 141.581999560000014, 40.53345028 ], [ 141.58193878000003, 40.53348264 ], [ 141.58190973, 40.53349347 ], [ 141.5818863, 40.53349931 ], [ 141.58187211, 40.53349722 ], [ 141.58185803, 40.53348156 ], [ 141.58185975, 40.53345787 ], [ 141.581892360000012, 40.53341767 ], [ 141.58190484, 40.53340192 ], [ 141.58190097, 40.53339608 ], [ 141.58189891, 40.53339069 ], [ 141.581899220000025, 40.53338744 ], [ 141.58190392000003, 40.53338408 ], [ 141.581908640000023, 40.53338351 ], [ 141.581994330000015, 40.53336297 ], [ 141.5820309, 40.53334923 ], [ 141.58205519, 40.53333841 ], [ 141.582064420000023, 40.53333333 ], [ 141.582128300000022, 40.53329805 ], [ 141.582174970000011, 40.53324931 ], [ 141.58219781, 40.53316044 ], [ 141.582206300000024, 40.53314895 ], [ 141.58223533, 40.53313814 ], [ 141.582252110000013, 40.53312731 ], [ 141.582241610000011, 40.53309803 ], [ 141.582207470000014, 40.53304231 ], [ 141.5822018, 40.53303164 ], [ 141.58221764000001, 40.53301008 ], [ 141.582213800000034, 40.53299508 ], [ 141.582195910000024, 40.53299087 ], [ 141.582176130000022, 40.53297297 ], [ 141.58219947, 40.53294933 ], [ 141.582213310000014, 40.532907 ], [ 141.582211390000026, 40.53289413 ], [ 141.58220008, 40.53288556 ], [ 141.5821728, 40.53288503 ], [ 141.58215117, 40.53287147 ], [ 141.582124640000018, 40.53284364 ], [ 141.582087980000011, 40.53282659 ], [ 141.582103800000027, 40.53280647 ], [ 141.582096230000019, 40.53279295 ], [ 141.58208869, 40.53278433 ], [ 141.582083920000031, 40.53278005 ], [ 141.582088590000012, 40.53277505 ], [ 141.5821075, 40.53278647 ], [ 141.58213003000003, 40.53278569 ], [ 141.58214586, 40.53277703 ], [ 141.582169530000016, 40.53276075 ], [ 141.582206720000016, 40.53274105 ], [ 141.582227280000012, 40.53273308 ], [ 141.58224128, 40.53271797 ], [ 141.58222717000001, 40.53270087 ], [ 141.58222416000001, 40.53268656 ], [ 141.58221859, 40.53268297 ], [ 141.58220633000002, 40.5326845 ], [ 141.58219886, 40.53268095 ], [ 141.582183800000024, 40.53267528 ], [ 141.58215567000002, 40.53269178 ], [ 141.582149140000013, 40.53268892 ], [ 141.58214973, 40.53262525 ], [ 141.582149580000021, 40.53261308 ], [ 141.58215428, 40.5326002 ], [ 141.58216920000001, 40.53258225 ], [ 141.58217847, 40.53257725 ], [ 141.58219345, 40.53256641 ], [ 141.58218786, 40.53256359 ], [ 141.58217095, 40.53255936 ], [ 141.582152890000032, 40.53253797 ], [ 141.58213508, 40.53252872 ], [ 141.582138660000027, 40.5325122 ], [ 141.582152800000017, 40.53251005 ], [ 141.58215752000001, 40.53253217 ], [ 141.58217453, 40.53253141 ], [ 141.58218942000002, 40.53251205 ], [ 141.58220053, 40.53249272 ], [ 141.582178950000014, 40.53248347 ], [ 141.58219564, 40.53245544 ], [ 141.58220406, 40.53244828 ], [ 141.582225670000014, 40.53244967 ], [ 141.582232190000013, 40.5324418 ], [ 141.58219258, 40.53240397 ], [ 141.582197080000014, 40.53238467 ], [ 141.58219895000002, 40.53237033 ], [ 141.58219506, 40.53236097 ], [ 141.582184720000015, 40.53235467 ], [ 141.58216214, 40.53235256 ], [ 141.582146130000012, 40.53234544 ], [ 141.58214523, 40.53233761 ], [ 141.582169390000018, 40.53230387 ], [ 141.582146890000018, 40.5322968 ], [ 141.582128, 40.53229684 ], [ 141.582115840000029, 40.53229547 ], [ 141.58207725, 40.53228556 ], [ 141.58205003, 40.53229141 ], [ 141.58203881, 40.53229067 ], [ 141.58203878, 40.53228572 ], [ 141.58204151000001, 40.53227777 ], [ 141.58204905, 40.53227708 ], [ 141.582064090000017, 40.53226989 ], [ 141.58206973, 40.53226841 ], [ 141.582077200000015, 40.53226125 ], [ 141.582076200000017, 40.53225478 ], [ 141.58206486, 40.53225484 ], [ 141.582040510000013, 40.53226067 ], [ 141.582035720000022, 40.53224495 ], [ 141.58202628, 40.53223564 ], [ 141.582027200000027, 40.53223203 ], [ 141.582032750000025, 40.532212 ], [ 141.58203642, 40.53219197 ], [ 141.582041050000015, 40.53218475 ], [ 141.5820673, 40.53217684 ], [ 141.582041800000013, 40.53216547 ], [ 141.582023, 40.53215333 ], [ 141.582011670000014, 40.53214269 ], [ 141.582012530000014, 40.53212333 ], [ 141.58206861, 40.53208377 ], [ 141.582082610000015, 40.53207803 ], [ 141.58209489, 40.53207795 ], [ 141.582121090000015, 40.53206787 ], [ 141.58212477, 40.53205928 ], [ 141.58211431, 40.53203205 ], [ 141.58212455, 40.53201992 ], [ 141.58213022000001, 40.53201989 ], [ 141.58214616, 40.53201978 ], [ 141.58216586, 40.53201831 ], [ 141.58217414, 40.53199897 ], [ 141.5821817, 40.53199895 ], [ 141.58220706, 40.53200741 ], [ 141.58222681, 40.53199944 ], [ 141.58217876, 40.53196672 ], [ 141.58218783, 40.53195595 ], [ 141.58218986, 40.53194736 ], [ 141.58218625, 40.53193136 ], [ 141.5821755, 40.53189875 ], [ 141.582161480000025, 40.53187928 ], [ 141.582137660000029, 40.53185953 ], [ 141.58210861, 40.53184864 ], [ 141.582079030000017, 40.53184217 ], [ 141.582031020000016, 40.53184447 ], [ 141.58196331000002, 40.53182753 ], [ 141.58191453, 40.53182486 ], [ 141.58167, 40.53175413 ], [ 141.581643610000015, 40.531737 ], [ 141.581637890000025, 40.53172128 ], [ 141.581658520000019, 40.5317198 ], [ 141.581722500000012, 40.53173964 ], [ 141.58186914, 40.53176636 ], [ 141.581887760000029, 40.53175056 ], [ 141.581927220000011, 40.53174608 ], [ 141.5819309, 40.53172461 ], [ 141.58193258, 40.53170597 ], [ 141.58195136, 40.5317088 ], [ 141.58197769, 40.53170872 ], [ 141.582017060000027, 40.5317028 ], [ 141.58203219, 40.53171711 ], [ 141.582060470000016, 40.53174422 ], [ 141.582130190000015, 40.53178259 ], [ 141.58221856000003, 40.53179947 ], [ 141.58225431, 40.53180941 ], [ 141.58226739, 40.53180789 ], [ 141.58228047, 40.53179495 ], [ 141.582305030000015, 40.53180639 ], [ 141.582366980000018, 40.53181472 ], [ 141.582402630000018, 40.53181747 ], [ 141.582412, 40.53181031 ], [ 141.582381950000013, 40.5317932 ], [ 141.582379949999989, 40.53178177 ], [ 141.582458880000019, 40.53180008 ], [ 141.58244217, 40.53181586 ], [ 141.58246283, 40.53182725 ], [ 141.58251472, 40.53183305 ], [ 141.58253, 40.53182764 ], [ 141.582539360000027, 40.53181947 ], [ 141.582558950000021, 40.53181808 ], [ 141.58257358, 40.53181833 ], [ 141.58259336, 40.53180453 ], [ 141.582586610000021, 40.53179105 ], [ 141.582554550000026, 40.53178541 ], [ 141.58253134, 40.53178872 ], [ 141.582509580000021, 40.53178417 ], [ 141.58248136, 40.53177428 ], [ 141.58245936000003, 40.53176884 ], [ 141.58243798, 40.53175725 ], [ 141.58238542, 40.53175453 ], [ 141.582359100000019, 40.53175461 ], [ 141.582336740000017, 40.53177189 ], [ 141.58228969000001, 40.53176489 ], [ 141.58226905, 40.53175495 ], [ 141.582253870000017, 40.53173784 ], [ 141.582327, 40.53171177 ], [ 141.582349560000011, 40.53171317 ], [ 141.5824172, 40.53173441 ], [ 141.58247542, 40.53173847 ], [ 141.58256183, 40.53173817 ], [ 141.58260131, 40.53174233 ], [ 141.582608780000015, 40.53173661 ], [ 141.58258416000001, 40.53169805 ], [ 141.58257978, 40.53169708 ], [ 141.582569660000019, 40.53168914 ], [ 141.582540610000024, 40.53167878 ], [ 141.5825137, 40.53166733 ], [ 141.58248781, 40.53166256 ], [ 141.58244783, 40.53165633 ], [ 141.582403280000023, 40.53165013 ], [ 141.58240003, 40.53164503 ], [ 141.582401410000017, 40.53164323 ], [ 141.582407300000028, 40.53164184 ], [ 141.58242820000001, 40.53164251 ], [ 141.582561610000027, 40.53166711 ], [ 141.582583990000018, 40.53167228 ], [ 141.58261966, 40.53166359 ], [ 141.582644, 40.53165489 ], [ 141.58264189, 40.53162625 ], [ 141.58257586, 40.53156922 ], [ 141.582485580000025, 40.53154811 ], [ 141.58246302, 40.53152528 ], [ 141.58247416, 40.53152089 ], [ 141.582513990000024, 40.53151333 ], [ 141.582507890000016, 40.53149644 ], [ 141.582464550000026, 40.53148231 ], [ 141.582436420000022, 40.53147953 ], [ 141.58239691, 40.53147113 ], [ 141.58226148, 40.53142572 ], [ 141.582152580000013, 40.53144047 ], [ 141.582055060000016, 40.53145795 ], [ 141.582042020000017, 40.53146513 ], [ 141.582038440000019, 40.5314938 ], [ 141.582047980000027, 40.53153239 ], [ 141.58202, 40.53155544 ], [ 141.582005010000017, 40.53155256 ], [ 141.581976590000011, 40.53151403 ], [ 141.58194283, 40.53152413 ], [ 141.58192022, 40.53151853 ], [ 141.581891950000028, 40.53149286 ], [ 141.581804690000013, 40.53135284 ], [ 141.581794890000026, 40.53127708 ], [ 141.581765890000014, 40.53112111 ], [ 141.581785520000011, 40.530955 ], [ 141.581803450000024, 40.53081608 ], [ 141.58186659, 40.53068708 ], [ 141.5819093, 40.53061105 ], [ 141.58194462, 40.53054939 ], [ 141.58208034, 40.5303142 ], [ 141.58242228, 40.5297018 ], [ 141.58277722, 40.52907797 ], [ 141.583074860000011, 40.52859747 ], [ 141.583333330000016, 40.5282248 ], [ 141.58340825, 40.5281168 ], [ 141.583763670000025, 40.52757017 ], [ 141.58395134, 40.5272332 ], [ 141.584314690000014, 40.52676241 ], [ 141.584413450000028, 40.52664192 ], [ 141.584740580000016, 40.52606961 ], [ 141.584828110000018, 40.52593908 ], [ 141.58490462, 40.52586725 ], [ 141.585338980000017, 40.5253318 ], [ 141.585521280000023, 40.52504061 ], [ 141.58554594, 40.525 ], [ 141.58585781, 40.52448697 ], [ 141.58588597, 40.52444069 ], [ 141.58595331, 40.52433072 ], [ 141.586142700000011, 40.52414775 ], [ 141.58636689, 40.52387961 ], [ 141.586459220000023, 40.52371411 ], [ 141.586666720000011, 40.5234315 ], [ 141.58695577, 40.52304317 ], [ 141.58737136000002, 40.52257187 ], [ 141.587764920000012, 40.52218039 ], [ 141.588088560000017, 40.52196286 ], [ 141.588450610000024, 40.52173931 ], [ 141.58865173, 40.52160289 ], [ 141.588779030000012, 40.5215165 ], [ 141.58884889, 40.5214622 ], [ 141.58891189, 40.5214092 ], [ 141.589208690000021, 40.52111372 ], [ 141.589274110000019, 40.52105451 ], [ 141.5893283, 40.5210138 ], [ 141.58939942, 40.52096605 ], [ 141.58943384, 40.52094133 ], [ 141.58945825, 40.5209208 ], [ 141.589541670000017, 40.52084489 ], [ 141.58963394, 40.52074872 ], [ 141.589694190000017, 40.52068159 ], [ 141.58975988, 40.52061478 ], [ 141.58977859, 40.52059856 ], [ 141.589796420000027, 40.52058869 ], [ 141.589814500000017, 40.52058075 ], [ 141.589828690000019, 40.5205728 ], [ 141.589835940000029, 40.5205678 ], [ 141.5898425, 40.520562 ], [ 141.58985567000002, 40.52054753 ], [ 141.5898635, 40.52054036 ], [ 141.589871360000018, 40.52053553 ], [ 141.589897060000027, 40.52052239 ], [ 141.589911700000016, 40.520514 ], [ 141.589920510000013, 40.52050836 ], [ 141.58999866000002, 40.52045011 ], [ 141.59001036, 40.52043941 ], [ 141.59001781, 40.52043125 ], [ 141.590023380000019, 40.52042323 ], [ 141.590026280000018, 40.52041797 ], [ 141.590028220000022, 40.52041192 ], [ 141.590028610000019, 40.52040553 ], [ 141.59002737, 40.52039851 ], [ 141.590027780000014, 40.520394 ], [ 141.59002917, 40.52039022 ], [ 141.59003103, 40.52038751 ], [ 141.590035910000012, 40.52038241 ], [ 141.590037200000012, 40.52038061 ], [ 141.590037420000016, 40.52037864 ], [ 141.590037, 40.52037351 ], [ 141.590036130000016, 40.5203718 ], [ 141.59003494000001, 40.52036956 ], [ 141.590064250000012, 40.52028811 ], [ 141.59007341, 40.52028536 ], [ 141.590078910000017, 40.52028217 ], [ 141.59008922000001, 40.52027444 ], [ 141.590173390000018, 40.52022275 ], [ 141.59020136, 40.52020284 ], [ 141.590228110000027, 40.52017897 ], [ 141.59025589, 40.52015097 ], [ 141.59026377, 40.52013931 ], [ 141.590271, 40.52012051 ], [ 141.590280390000032, 40.52008344 ], [ 141.590289220000017, 40.52006077 ], [ 141.5902982, 40.52005053 ], [ 141.590308030000017, 40.52004344 ], [ 141.59036608, 40.520012 ], [ 141.590394310000022, 40.51999353 ], [ 141.59041375000001, 40.51997836 ], [ 141.590521140000021, 40.519873 ], [ 141.59053781, 40.51985669 ], [ 141.59056167, 40.51983744 ], [ 141.59057589, 40.51983223 ], [ 141.59058872, 40.51982861 ], [ 141.59060156000001, 40.51982575 ], [ 141.590614640000013, 40.51982387 ], [ 141.590619590000017, 40.51982344 ], [ 141.5906209, 40.51982344 ], [ 141.59062584000003, 40.51982341 ], [ 141.59063905, 40.51982233 ], [ 141.590651530000031, 40.51982 ], [ 141.59066445000002, 40.5198155 ], [ 141.590672670000032, 40.51981033 ], [ 141.59068109, 40.51980397 ], [ 141.59068553, 40.51979997 ], [ 141.590689140000023, 40.519795 ], [ 141.59068969, 40.51979356 ], [ 141.590689560000015, 40.51979228 ], [ 141.590687890000027, 40.51978925 ], [ 141.590680580000026, 40.51977947 ], [ 141.5906683, 40.51974947 ], [ 141.590665380000019, 40.51974047 ], [ 141.59066433000001, 40.5197305 ], [ 141.590665770000015, 40.519724 ], [ 141.590669140000017, 40.51971703 ], [ 141.590672940000019, 40.51971072 ], [ 141.59067761, 40.51970628 ], [ 141.590682190000024, 40.5197038 ], [ 141.59068973, 40.51970123 ], [ 141.59069467, 40.51970022 ], [ 141.59069939, 40.5197 ], [ 141.590703280000014, 40.51970053 ], [ 141.590706830000016, 40.51970131 ], [ 141.59072244, 40.519704 ], [ 141.590741850000029, 40.5197088 ], [ 141.59074694, 40.51970913 ], [ 141.590752330000015, 40.51970775 ], [ 141.590866620000014, 40.51965908 ], [ 141.590878590000017, 40.5196528 ], [ 141.590882890000017, 40.51964559 ], [ 141.59088467, 40.51963584 ], [ 141.5908808, 40.51962867 ], [ 141.59087234, 40.51961997 ], [ 141.590860920000011, 40.51961231 ], [ 141.59085542, 40.51960767 ], [ 141.590851, 40.519603 ], [ 141.59084519000001, 40.51959113 ], [ 141.59084316000002, 40.51958747 ], [ 141.590842630000026, 40.51958217 ], [ 141.590842550000019, 40.51957613 ], [ 141.590843770000021, 40.51957017 ], [ 141.59084689, 40.51956161 ], [ 141.590849420000012, 40.51955717 ], [ 141.590860170000013, 40.51954664 ], [ 141.590863450000029, 40.51954484 ], [ 141.59086567, 40.51954356 ], [ 141.59087639, 40.51954133 ], [ 141.590883220000023, 40.51954064 ], [ 141.59089409, 40.51954084 ], [ 141.590897860000013, 40.51954136 ], [ 141.59091328, 40.51954631 ], [ 141.590918720000019, 40.51954753 ], [ 141.590927080000029, 40.51954775 ], [ 141.59093759000001, 40.51954722 ], [ 141.590982500000024, 40.51954277 ], [ 141.59100086, 40.51953853 ], [ 141.591004380000015, 40.51953697 ], [ 141.591008500000015, 40.51953486 ], [ 141.591015380000016, 40.51952925 ], [ 141.591021360000013, 40.51952453 ], [ 141.59105922, 40.51948195 ], [ 141.591063970000022, 40.51947244 ], [ 141.591065380000032, 40.51946308 ], [ 141.59106545, 40.51945659 ], [ 141.59106861, 40.51943397 ], [ 141.59107355, 40.51942197 ], [ 141.59107531, 40.51942033 ], [ 141.591077520000027, 40.51941861 ], [ 141.59107997000001, 40.51941722 ], [ 141.59108423, 40.51941523 ], [ 141.59108550000002, 40.51941523 ], [ 141.591087980000026, 40.51941511 ], [ 141.59109519, 40.51941514 ], [ 141.591115030000026, 40.51941744 ], [ 141.591122580000018, 40.51941778 ], [ 141.59112436, 40.51941767 ], [ 141.59112908, 40.51941692 ], [ 141.59114141, 40.51941277 ], [ 141.59115717, 40.5194062 ], [ 141.591163380000012, 40.519403 ], [ 141.591222720000019, 40.51936028 ], [ 141.59125287, 40.51933161 ], [ 141.59125355, 40.51933089 ], [ 141.591254030000016, 40.51933036 ], [ 141.591254140000018, 40.5193298 ], [ 141.591254140000018, 40.51932956 ], [ 141.591253640000019, 40.51932864 ], [ 141.59124947, 40.51932425 ], [ 141.591246, 40.51931914 ], [ 141.5912428, 40.51930997 ], [ 141.591241670000016, 40.51930269 ], [ 141.591242170000015, 40.51929459 ], [ 141.591245380000032, 40.51928764 ], [ 141.59125481, 40.51927505 ], [ 141.59125728, 40.51927333 ], [ 141.59125975, 40.51927214 ], [ 141.59127211, 40.51927017 ], [ 141.591287780000016, 40.51926853 ], [ 141.591313610000014, 40.519268 ], [ 141.59131917000002, 40.51926761 ], [ 141.59132317000001, 40.51926686 ], [ 141.591326330000015, 40.51926567 ], [ 141.59134008, 40.51925972 ], [ 141.591399220000028, 40.51921917 ], [ 141.59145092, 40.51918847 ], [ 141.591455250000024, 40.51918439 ], [ 141.59146372, 40.51917253 ], [ 141.591466390000022, 40.51916747 ], [ 141.591466610000026, 40.51916639 ], [ 141.59146659000001, 40.51916531 ], [ 141.59146659000001, 40.51916389 ], [ 141.591466200000013, 40.51916064 ], [ 141.59146547, 40.5191592 ], [ 141.591464140000028, 40.51915686 ], [ 141.591448860000014, 40.51914156 ], [ 141.591444420000016, 40.51913556 ], [ 141.5914435, 40.51912764 ], [ 141.591444140000021, 40.51912197 ], [ 141.591445310000012, 40.51911897 ], [ 141.591451950000021, 40.51911208 ], [ 141.591454060000018, 40.51911092 ], [ 141.591456060000013, 40.51910992 ], [ 141.59146064, 40.51910905 ], [ 141.591502360000021, 40.51910392 ], [ 141.59157131, 40.5190952 ], [ 141.59166667, 40.51905028 ], [ 141.59166708, 40.51905008 ], [ 141.5916909, 40.51902441 ], [ 141.591724360000029, 40.51899105 ], [ 141.591736670000017, 40.51898136 ], [ 141.59174253, 40.51897805 ], [ 141.59174348, 40.51897769 ], [ 141.59174464, 40.51897778 ], [ 141.59174711, 40.51897803 ], [ 141.591750780000012, 40.51897892 ], [ 141.59175872, 40.51898039 ], [ 141.59178936, 40.51898803 ], [ 141.591804250000024, 40.51899056 ], [ 141.591809690000019, 40.51899095 ], [ 141.59181558, 40.51899011 ], [ 141.59182759, 40.51898678 ], [ 141.59189336, 40.51895833 ], [ 141.591917200000012, 40.51893731 ], [ 141.59192864000002, 40.51892641 ], [ 141.591948950000017, 40.51891656 ], [ 141.59199161, 40.51890133 ], [ 141.5920092, 40.51889039 ], [ 141.59201601, 40.51888684 ], [ 141.592017860000027, 40.51888628 ], [ 141.59201927, 40.51888611 ], [ 141.59202425, 40.5188858 ], [ 141.592060950000018, 40.51888511 ], [ 141.59209783, 40.51888253 ], [ 141.59218103, 40.51885928 ], [ 141.592235530000011, 40.51883775 ], [ 141.592239050000018, 40.51883667 ], [ 141.59224, 40.51883656 ], [ 141.592241050000013, 40.51883647 ], [ 141.59224555, 40.51883697 ], [ 141.592268140000016, 40.51884053 ], [ 141.59227167, 40.51884059 ], [ 141.592275910000012, 40.5188402 ], [ 141.592295580000012, 40.5188372 ], [ 141.592322500000023, 40.51882611 ], [ 141.59234781, 40.51880936 ], [ 141.592384230000022, 40.51880608 ], [ 141.59241092000002, 40.51880753 ], [ 141.59244837, 40.51881097 ], [ 141.592475910000019, 40.5188052 ], [ 141.59252358, 40.51878425 ], [ 141.5925755, 40.518784 ], [ 141.59266808000001, 40.51878889 ], [ 141.59270737, 40.51878656 ], [ 141.59274075, 40.51877653 ], [ 141.592763140000017, 40.51877233 ], [ 141.59277645, 40.51877964 ], [ 141.592831720000021, 40.51878431 ], [ 141.59288650000002, 40.51878684 ], [ 141.592957110000015, 40.51879086 ], [ 141.59297761000002, 40.51878669 ], [ 141.59300097, 40.51878644 ], [ 141.59303503000001, 40.51880333 ], [ 141.593045360000019, 40.51880992 ], [ 141.59304964, 40.51881178 ], [ 141.593052, 40.51881267 ], [ 141.593087500000024, 40.51882044 ], [ 141.593088560000012, 40.51882072 ], [ 141.59309, 40.51882117 ], [ 141.593090830000023, 40.51882169 ], [ 141.5931008, 40.51882911 ], [ 141.593105450000024, 40.51883178 ], [ 141.59311645, 40.51883467 ], [ 141.593124750000015, 40.51883686 ], [ 141.59316128, 40.51884259 ], [ 141.59317475, 40.51884347 ], [ 141.593185620000014, 40.51884387 ], [ 141.593195280000032, 40.51884305 ], [ 141.59320681, 40.51884075 ], [ 141.593211610000026, 40.51883811 ], [ 141.59321372, 40.51883664 ], [ 141.593215110000017, 40.51883492 ], [ 141.59321603, 40.51883295 ], [ 141.593218760000013, 40.51882203 ], [ 141.59321086, 40.51878192 ], [ 141.593211, 40.51877272 ], [ 141.593215110000017, 40.51876072 ], [ 141.59321961, 40.51875311 ], [ 141.59322008, 40.51875284 ], [ 141.593221020000016, 40.51875267 ], [ 141.593222340000011, 40.51875256 ], [ 141.593225530000012, 40.51875264 ], [ 141.593230730000016, 40.51875322 ], [ 141.59323178, 40.51875359 ], [ 141.59323261, 40.51875411 ], [ 141.593233110000028, 40.51875511 ], [ 141.59323358, 40.51875717 ], [ 141.593234470000027, 40.51877256 ], [ 141.59324516, 40.51881995 ], [ 141.593245670000016, 40.51882275 ], [ 141.59324623, 40.51882959 ], [ 141.59324623, 40.51883111 ], [ 141.593246250000021, 40.51883192 ], [ 141.59324523, 40.51883464 ], [ 141.59323942, 40.51884305 ], [ 141.593210390000024, 40.51887611 ], [ 141.59320506, 40.51888461 ], [ 141.593204250000014, 40.51888661 ], [ 141.59320394, 40.51888939 ], [ 141.593203860000017, 40.51892389 ], [ 141.593205860000012, 40.51894603 ], [ 141.593206010000017, 40.51894647 ], [ 141.593206470000013, 40.51894692 ], [ 141.593207520000021, 40.51894728 ], [ 141.593213220000024, 40.51894805 ], [ 141.5932137, 40.51894805 ], [ 141.59321416, 40.51894795 ], [ 141.59321462, 40.51894769 ], [ 141.59321545, 40.51894705 ], [ 141.593222920000017, 40.51893925 ], [ 141.593266450000016, 40.51888728 ], [ 141.593274690000015, 40.51887417 ], [ 141.5932818, 40.51886692 ], [ 141.59329058, 40.51886028 ], [ 141.593291280000017, 40.51886 ], [ 141.59329211, 40.51886008 ], [ 141.593310410000015, 40.5188615 ], [ 141.593310660000014, 40.5188615 ], [ 141.5933109, 40.51886159 ], [ 141.59331124000002, 40.51886195 ], [ 141.59331745, 40.51886723 ], [ 141.59337278000001, 40.51889603 ], [ 141.59338377, 40.51889956 ], [ 141.593390410000012, 40.51890105 ], [ 141.59339372, 40.51890131 ], [ 141.59340964, 40.51890111 ], [ 141.593410700000021, 40.51890128 ], [ 141.593411410000016, 40.51890144 ], [ 141.593412, 40.51890172 ], [ 141.593413770000012, 40.51890269 ], [ 141.59344698000001, 40.51892453 ], [ 141.59346, 40.51892869 ], [ 141.59347861, 40.51892739 ], [ 141.593509830000016, 40.51892161 ], [ 141.593524620000011, 40.51892467 ], [ 141.59356501000002, 40.51893672 ], [ 141.593604530000022, 40.51896736 ], [ 141.593624840000018, 40.51898003 ], [ 141.593717200000015, 40.5190275 ], [ 141.59375759, 40.51906075 ], [ 141.593790270000028, 40.51909339 ], [ 141.593804550000016, 40.5191168 ], [ 141.5938165, 40.51913636 ], [ 141.593900640000015, 40.5193462 ], [ 141.59394394, 40.51941884 ], [ 141.593976670000018, 40.51947375 ], [ 141.594012440000029, 40.5195172 ], [ 141.594026160000027, 40.51953053 ], [ 141.594029140000032, 40.51953214 ], [ 141.59403423, 40.51953328 ], [ 141.594077, 40.51953822 ], [ 141.59407986, 40.51953972 ], [ 141.59408178000001, 40.51954133 ], [ 141.594200410000013, 40.51953505 ], [ 141.59420978, 40.5196528 ], [ 141.594210190000013, 40.51972197 ], [ 141.594279810000018, 40.51972005 ], [ 141.594283, 40.51977336 ], [ 141.5942737, 40.5198378 ], [ 141.59430964, 40.51984264 ], [ 141.594321800000017, 40.51984433 ], [ 141.59434217, 40.51972478 ], [ 141.594317720000021, 40.51950286 ], [ 141.5943045, 40.5193792 ], [ 141.59429953, 40.51933608 ], [ 141.59430361, 40.51933139 ], [ 141.594311, 40.5193262 ], [ 141.59431358, 40.51932564 ], [ 141.59431759, 40.5193258 ], [ 141.594331630000028, 40.51932661 ], [ 141.594421220000015, 40.51933592 ], [ 141.5944718, 40.5193428 ], [ 141.594526550000012, 40.51934225 ], [ 141.59473064, 40.51934569 ], [ 141.594767610000019, 40.51934877 ], [ 141.594792670000032, 40.51935328 ], [ 141.59479317, 40.51935392 ], [ 141.594793410000023, 40.519355 ], [ 141.594793190000019, 40.51935625 ], [ 141.59475597, 40.51940486 ], [ 141.594977060000019, 40.51951364 ], [ 141.59481431, 40.51994072 ], [ 141.594808300000011, 40.519932 ], [ 141.594784480000015, 40.519931 ], [ 141.59476655, 40.51993472 ], [ 141.594765500000022, 40.5199348 ], [ 141.594764920000017, 40.51993484 ], [ 141.594764090000012, 40.51993464 ], [ 141.594756980000028, 40.51993289 ], [ 141.59475533, 40.51993264 ], [ 141.594754280000018, 40.51993264 ], [ 141.594753450000013, 40.51993264 ], [ 141.59474545, 40.51993487 ], [ 141.59473508, 40.51993808 ], [ 141.59472267000001, 40.5199458 ], [ 141.594708, 40.51995356 ], [ 141.594680440000019, 40.51995933 ], [ 141.594635230000023, 40.51997656 ], [ 141.594629, 40.51997939 ], [ 141.5946262, 40.51998195 ], [ 141.594624330000016, 40.51998428 ], [ 141.59462353, 40.51998556 ], [ 141.594621250000017, 40.51999495 ], [ 141.59461927000001, 40.51999731 ], [ 141.594617170000021, 40.51999856 ], [ 141.594614940000014, 40.51999984 ], [ 141.59461178, 40.52000123 ], [ 141.59460542, 40.52000253 ], [ 141.594602580000014, 40.52000264 ], [ 141.59459927, 40.52000175 ], [ 141.594596420000016, 40.51999989 ], [ 141.59458964, 40.51999417 ], [ 141.594585470000027, 40.51999103 ], [ 141.594581410000018, 40.51998953 ], [ 141.594571240000022, 40.51998636 ], [ 141.594547760000012, 40.51998589 ], [ 141.594540920000014, 40.519987 ], [ 141.594539170000019, 40.5199882 ], [ 141.594536940000012, 40.51998972 ], [ 141.59452761, 40.51999917 ], [ 141.594527030000023, 40.51999953 ], [ 141.5945262, 40.51999969 ], [ 141.59452536, 40.51999972 ], [ 141.59452348, 40.51999944 ], [ 141.594516130000017, 40.5199978 ], [ 141.594500080000017, 40.51999717 ], [ 141.594493890000024, 40.52000208 ], [ 141.594490920000027, 40.52000967 ], [ 141.594362780000012, 40.52004311 ], [ 141.594266740000023, 40.52006887 ], [ 141.59400567, 40.52024197 ], [ 141.594045470000026, 40.5202782 ], [ 141.594052530000027, 40.52028589 ], [ 141.59408525, 40.52031972 ], [ 141.59416406, 40.52026561 ], [ 141.59414192, 40.52023856 ], [ 141.594309830000014, 40.52013261 ], [ 141.59440453000002, 40.52010436 ], [ 141.59450905, 40.5200798 ], [ 141.59450406000002, 40.52010784 ], [ 141.59450394000001, 40.520109 ], [ 141.594504420000021, 40.52010956 ], [ 141.594505140000024, 40.52011025 ], [ 141.594510250000013, 40.52011384 ], [ 141.59451134, 40.52011428 ], [ 141.59451192, 40.52011444 ], [ 141.59451737, 40.52011578 ], [ 141.59451761, 40.52011603 ], [ 141.59451747, 40.52011631 ], [ 141.59451406, 40.52012605 ], [ 141.59451064000001, 40.52013608 ], [ 141.59451066, 40.52013967 ], [ 141.594512220000013, 40.520142 ], [ 141.59451501, 40.52014667 ], [ 141.59451834, 40.52014864 ], [ 141.59452317, 40.52015014 ], [ 141.59453713000002, 40.52015336 ], [ 141.594542550000028, 40.52015353 ], [ 141.594554360000018, 40.520152 ], [ 141.5945825, 40.52014714 ], [ 141.5945838, 40.52014667 ], [ 141.59458472, 40.52014587 ], [ 141.594586030000016, 40.52014467 ], [ 141.594592780000028, 40.5201368 ], [ 141.59459428, 40.52013336 ], [ 141.59459575, 40.52012823 ], [ 141.594595840000011, 40.5201265 ], [ 141.59459475, 40.52012344 ], [ 141.594592190000014, 40.52011608 ], [ 141.594588250000015, 40.52011233 ], [ 141.594603550000016, 40.52009828 ], [ 141.594616810000019, 40.52007997 ], [ 141.594620360000022, 40.52007167 ], [ 141.594621170000011, 40.52007005 ], [ 141.594621280000013, 40.52007013 ], [ 141.59462141000003, 40.5200705 ], [ 141.59462348, 40.52008678 ], [ 141.59463112, 40.52014636 ], [ 141.59463403, 40.52015372 ], [ 141.59463428, 40.5201548 ], [ 141.59463489, 40.52015597 ], [ 141.594640360000028, 40.52015936 ], [ 141.594660170000026, 40.52016813 ], [ 141.59468025000001, 40.52017008 ], [ 141.594688640000015, 40.52017039 ], [ 141.59469253, 40.52017036 ], [ 141.594695810000019, 40.52016961 ], [ 141.594700750000015, 40.52016751 ], [ 141.594714450000026, 40.5201585 ], [ 141.594717130000021, 40.52015489 ], [ 141.59471781000002, 40.52015217 ], [ 141.594717420000023, 40.52014939 ], [ 141.59471586, 40.52014741 ], [ 141.594713, 40.52014572 ], [ 141.594708270000012, 40.52014333 ], [ 141.594702550000022, 40.52013931 ], [ 141.59470783, 40.52013531 ], [ 141.59479608, 40.52015428 ], [ 141.594808, 40.520155 ], [ 141.594822970000024, 40.52015436 ], [ 141.59484353000002, 40.5201555 ], [ 141.5948627, 40.52016033 ], [ 141.59489326, 40.52016995 ], [ 141.594915160000028, 40.52017664 ], [ 141.594937980000026, 40.52019072 ], [ 141.59496983, 40.52021969 ], [ 141.59498969, 40.52023341 ], [ 141.59500555, 40.52023892 ], [ 141.59502655, 40.52023822 ], [ 141.595038660000029, 40.520234 ], [ 141.59505189, 40.5202242 ], [ 141.595054160000018, 40.5202175 ], [ 141.59507645, 40.52021367 ], [ 141.595089660000014, 40.52020495 ], [ 141.595094750000015, 40.52020508 ], [ 141.595107720000016, 40.52021408 ], [ 141.595110560000023, 40.52021533 ], [ 141.59511197, 40.52021559 ], [ 141.595113750000024, 40.52021595 ], [ 141.595116830000023, 40.52021636 ], [ 141.59511978, 40.52021617 ], [ 141.595123670000021, 40.52021497 ], [ 141.59512564, 40.52021297 ], [ 141.595127860000019, 40.52021053 ], [ 141.5951302, 40.520208 ], [ 141.595133480000015, 40.52020608 ], [ 141.595136520000011, 40.52020508 ], [ 141.595139, 40.52020525 ], [ 141.595141720000015, 40.52020603 ], [ 141.595145770000016, 40.52020772 ], [ 141.59515109, 40.52020939 ], [ 141.595153940000017, 40.52021044 ], [ 141.59515678, 40.52021105 ], [ 141.59516066, 40.52021141 ], [ 141.595164230000023, 40.52021139 ], [ 141.595168950000016, 40.52021072 ], [ 141.59517211, 40.52020989 ], [ 141.595173640000013, 40.52020905 ], [ 141.59517528, 40.52020744 ], [ 141.5951762, 40.52020544 ], [ 141.595176980000019, 40.52020203 ], [ 141.59517655, 40.52019617 ], [ 141.59517567, 40.5201915 ], [ 141.59517519, 40.52018961 ], [ 141.595174110000016, 40.52018844 ], [ 141.595172550000029, 40.52018747 ], [ 141.595169, 40.52018522 ], [ 141.595168270000016, 40.52018469 ], [ 141.59516781, 40.52018425 ], [ 141.59516733000001, 40.52018325 ], [ 141.595164720000014, 40.52017264 ], [ 141.59516406, 40.52016472 ], [ 141.59516345000003, 40.52016347 ], [ 141.595151630000032, 40.52015336 ], [ 141.59513949, 40.52014328 ], [ 141.59513542000002, 40.5201378 ], [ 141.59513224, 40.52012872 ], [ 141.595127980000029, 40.52010561 ], [ 141.59512297, 40.52007989 ], [ 141.59509791, 40.52004672 ], [ 141.59509953, 40.52003231 ], [ 141.595114060000014, 40.52002347 ], [ 141.59514769, 40.51999247 ], [ 141.595194860000021, 40.51990613 ], [ 141.595233650000011, 40.51991164 ], [ 141.595258170000022, 40.51992103 ], [ 141.595283450000011, 40.51993175 ], [ 141.59529995, 40.51993167 ], [ 141.595309220000019, 40.519926 ], [ 141.595312780000029, 40.51991877 ], [ 141.59531569, 40.51991389 ], [ 141.595316610000026, 40.51991164 ], [ 141.595317420000015, 40.51991011 ], [ 141.595318110000022, 40.51990839 ], [ 141.59532031, 40.51990459 ], [ 141.595322050000021, 40.51990277 ], [ 141.595323920000027, 40.51990113 ], [ 141.595326130000018, 40.5198995 ], [ 141.59532825, 40.51989859 ], [ 141.595330250000018, 40.51989813 ], [ 141.595333110000013, 40.51989884 ], [ 141.59533536, 40.51989936 ], [ 141.595337, 40.51989936 ], [ 141.59533878000002, 40.51989941 ], [ 141.59534020000001, 40.51989941 ], [ 141.59534326, 40.51989887 ], [ 141.595348780000023, 40.51989728 ], [ 141.59534975, 40.51988856 ], [ 141.59534589, 40.51987039 ], [ 141.595345840000022, 40.51986669 ], [ 141.59534616000002, 40.5198638 ], [ 141.595347660000016, 40.51986056 ], [ 141.59537733, 40.5198028 ], [ 141.595375640000015, 40.51978959 ], [ 141.595365640000011, 40.51978117 ], [ 141.5953518, 40.51977947 ], [ 141.59533144, 40.51978284 ], [ 141.595321410000025, 40.5197832 ], [ 141.595313160000018, 40.51977361 ], [ 141.595307280000014, 40.51971231 ], [ 141.595298860000014, 40.51969895 ], [ 141.595291850000024, 40.51969675 ], [ 141.595270510000034, 40.51968669 ], [ 141.59526956000002, 40.51968589 ], [ 141.595268950000019, 40.51968508 ], [ 141.59526519, 40.51967692 ], [ 141.59526458000002, 40.51967511 ], [ 141.595264690000022, 40.51967459 ], [ 141.595264940000021, 40.51967403 ], [ 141.59527017000002, 40.5196658 ], [ 141.59527075, 40.51966528 ], [ 141.59527122, 40.519665 ], [ 141.595271560000015, 40.5196648 ], [ 141.59527983000001, 40.51966556 ], [ 141.59528667, 40.51966569 ], [ 141.595297660000028, 40.5196658 ], [ 141.595308970000019, 40.51966475 ], [ 141.59532053, 40.51966422 ], [ 141.595334470000012, 40.51966647 ], [ 141.59534525, 40.51967017 ], [ 141.595412630000027, 40.5197008 ], [ 141.59545222, 40.51971531 ], [ 141.595491510000016, 40.51972289 ], [ 141.59550611, 40.51972244 ], [ 141.595514920000028, 40.5197085 ], [ 141.595521170000012, 40.51969578 ], [ 141.595536330000016, 40.51968061 ], [ 141.59554239000002, 40.519664 ], [ 141.59553847, 40.51965225 ], [ 141.5955318, 40.51964653 ], [ 141.59546859, 40.51960786 ], [ 141.59546828, 40.51960056 ], [ 141.59547577, 40.51959644 ], [ 141.595548520000023, 40.51959011 ], [ 141.59555183, 40.51959072 ], [ 141.59561739, 40.51959605 ], [ 141.595631090000012, 40.51959533 ], [ 141.59565297, 40.51959005 ], [ 141.595658140000012, 40.51958786 ], [ 141.595662480000016, 40.51958495 ], [ 141.595698780000021, 40.51955111 ], [ 141.59569983, 40.51955023 ], [ 141.595700890000018, 40.51954967 ], [ 141.595703360000016, 40.51954911 ], [ 141.595723970000023, 40.51954608 ], [ 141.595744060000015, 40.51954633 ], [ 141.59574616, 40.51954631 ], [ 141.595746420000012, 40.51954623 ], [ 141.59574686000002, 40.51954611 ], [ 141.59574722, 40.51954586 ], [ 141.595764090000017, 40.51953403 ], [ 141.595788640000023, 40.51951369 ], [ 141.59582577, 40.51949967 ], [ 141.59585569, 40.51949461 ], [ 141.595877520000016, 40.51949617 ], [ 141.59588086, 40.51949725 ], [ 141.595884190000021, 40.51950044 ], [ 141.59592795, 40.51954908 ], [ 141.595956390000026, 40.51957014 ], [ 141.595984110000018, 40.51958095 ], [ 141.59601856, 40.51959989 ], [ 141.596040030000012, 40.51962003 ], [ 141.596082500000023, 40.51964892 ], [ 141.596117280000016, 40.51966778 ], [ 141.596205380000015, 40.51968431 ], [ 141.59622097, 40.51968495 ], [ 141.59623772, 40.51968375 ], [ 141.596264890000015, 40.51968636 ], [ 141.59627377000001, 40.519689 ], [ 141.596277660000027, 40.51968951 ], [ 141.596279440000018, 40.51968951 ], [ 141.596281340000019, 40.51968913 ], [ 141.596283090000014, 40.51968875 ], [ 141.596297080000028, 40.51968433 ], [ 141.596298970000021, 40.51968361 ], [ 141.596300610000014, 40.51968269 ], [ 141.59630411, 40.51968025 ], [ 141.59630647, 40.51967861 ], [ 141.59631092, 40.51967641 ], [ 141.596312220000016, 40.51967595 ], [ 141.59631328, 40.51967622 ], [ 141.59631375, 40.51967684 ], [ 141.59631389, 40.51967836 ], [ 141.59631442, 40.51968297 ], [ 141.596315160000017, 40.51968567 ], [ 141.59631553, 40.51968792 ], [ 141.59631674000002, 40.51969097 ], [ 141.59631961, 40.51969247 ], [ 141.59632302, 40.51969344 ], [ 141.59632811000003, 40.51969423 ], [ 141.59633224000001, 40.51969472 ], [ 141.59633545, 40.51969444 ], [ 141.59633756, 40.51969361 ], [ 141.59637856, 40.51967831 ], [ 141.596380340000024, 40.51967784 ], [ 141.59638056, 40.51967784 ], [ 141.59638092, 40.51967784 ], [ 141.59638197000001, 40.51967803 ], [ 141.59638872, 40.51967941 ], [ 141.596391580000017, 40.51968047 ], [ 141.596392890000033, 40.51968253 ], [ 141.596391860000011, 40.51968525 ], [ 141.596390120000024, 40.51968725 ], [ 141.5963872, 40.51969041 ], [ 141.59638591, 40.51969267 ], [ 141.59638562, 40.51969511 ], [ 141.59638564, 40.51969736 ], [ 141.596386250000023, 40.51969987 ], [ 141.596387080000028, 40.51970077 ], [ 141.596388280000014, 40.51970184 ], [ 141.596396590000012, 40.51970584 ], [ 141.59639883, 40.51970664 ], [ 141.596400360000018, 40.51970689 ], [ 141.59640167, 40.51970689 ], [ 141.596403770000023, 40.51970678 ], [ 141.596408270000012, 40.51970631 ], [ 141.59641438, 40.51970472 ], [ 141.596424750000011, 40.51970197 ], [ 141.596435230000026, 40.51969911 ], [ 141.59644287, 40.51969717 ], [ 141.59644830000002, 40.51969795 ], [ 141.59645022, 40.51970072 ], [ 141.59645555, 40.51973408 ], [ 141.59646394, 40.51974611 ], [ 141.59648365000001, 40.51975569 ], [ 141.596494330000013, 40.51976095 ], [ 141.5965017, 40.51976441 ], [ 141.59650597000001, 40.51976644 ], [ 141.596508590000013, 40.51976913 ], [ 141.596508170000021, 40.51977336 ], [ 141.5965055, 40.51977717 ], [ 141.596502110000017, 40.51978025 ], [ 141.59649484, 40.51978444 ], [ 141.59648672, 40.51978811 ], [ 141.59646847, 40.51980217 ], [ 141.596466610000022, 40.51980425 ], [ 141.596464580000031, 40.51981175 ], [ 141.5964645, 40.51981597 ], [ 141.596468110000018, 40.51982192 ], [ 141.596483090000021, 40.51984161 ], [ 141.59648453, 40.51984261 ], [ 141.59650503, 40.51985075 ], [ 141.596529030000028, 40.51985564 ], [ 141.596548720000015, 40.51986405 ], [ 141.596548970000015, 40.51986425 ], [ 141.5965492, 40.51986451 ], [ 141.596548500000011, 40.51986487 ], [ 141.596534280000014, 40.51987047 ], [ 141.59651022, 40.51987189 ], [ 141.5964927, 40.51987731 ], [ 141.59648569, 40.51988484 ], [ 141.596482, 40.51989008 ], [ 141.596479140000014, 40.51989884 ], [ 141.59647917, 40.519901 ], [ 141.59648156, 40.51990503 ], [ 141.596487670000016, 40.51991156 ], [ 141.596492670000032, 40.51991531 ], [ 141.59650326000002, 40.519922 ], [ 141.596510470000027, 40.51992528 ], [ 141.596517, 40.51992723 ], [ 141.59652681, 40.51992851 ], [ 141.596540950000019, 40.51992797 ], [ 141.5966062, 40.51992492 ], [ 141.596733770000014, 40.51991669 ], [ 141.596766450000018, 40.51991405 ], [ 141.59678119000003, 40.51991475 ], [ 141.59678428, 40.51991672 ], [ 141.596782780000012, 40.51991989 ], [ 141.59677066, 40.51992239 ], [ 141.59673733, 40.51992711 ], [ 141.59671185000002, 40.51993108 ], [ 141.59669822, 40.51993478 ], [ 141.596690360000025, 40.51993967 ], [ 141.596683970000015, 40.5199472 ], [ 141.59667703, 40.51995867 ], [ 141.59667103000001, 40.51996223 ], [ 141.59666353, 40.51996517 ], [ 141.59665189, 40.51997036 ], [ 141.59664903, 40.51997641 ], [ 141.596640080000014, 40.51999036 ], [ 141.59662234000001, 40.52000723 ], [ 141.596621410000012, 40.52000931 ], [ 141.596622670000016, 40.52001551 ], [ 141.596626500000013, 40.52001997 ], [ 141.596646300000032, 40.52002967 ], [ 141.596672580000018, 40.5200348 ], [ 141.596716470000018, 40.52003561 ], [ 141.596773750000011, 40.5200482 ], [ 141.59682061, 40.52007156 ], [ 141.59686326, 40.52008328 ], [ 141.596905580000026, 40.52009253 ], [ 141.596921950000024, 40.52009684 ], [ 141.596929030000013, 40.52009761 ], [ 141.59693611, 40.52009747 ], [ 141.596944940000014, 40.5200965 ], [ 141.596949780000017, 40.52009639 ], [ 141.596952280000011, 40.52009744 ], [ 141.5969537, 40.52009861 ], [ 141.59695467, 40.52010013 ], [ 141.596956330000012, 40.52010328 ], [ 141.59695756, 40.52010489 ], [ 141.5969585, 40.52010561 ], [ 141.596967060000026, 40.52010987 ], [ 141.596967760000013, 40.52011078 ], [ 141.59696847, 40.52011184 ], [ 141.59696886, 40.52011364 ], [ 141.596967950000021, 40.52011528 ], [ 141.59696406, 40.52011664 ], [ 141.59695217, 40.5201195 ], [ 141.596938030000018, 40.52012195 ], [ 141.59691036000001, 40.52012761 ], [ 141.59687815, 40.52015828 ], [ 141.59687073, 40.52017013 ], [ 141.596873550000026, 40.52018108 ], [ 141.596881390000021, 40.52018544 ], [ 141.59689581, 40.52018661 ], [ 141.596911480000017, 40.5201832 ], [ 141.59692431000002, 40.52018139 ], [ 141.596927890000018, 40.52018405 ], [ 141.596931610000013, 40.52019105 ], [ 141.59694031, 40.52019705 ], [ 141.596960170000017, 40.52020078 ], [ 141.5969845, 40.52020197 ], [ 141.597010080000018, 40.52020984 ], [ 141.59703331, 40.52021759 ], [ 141.597043920000033, 40.52021905 ], [ 141.597052780000013, 40.52021989 ], [ 141.59706047, 40.5202202 ], [ 141.597066360000014, 40.5202198 ], [ 141.59707545, 40.52021967 ], [ 141.59708064, 40.52021936 ], [ 141.597085110000023, 40.52021941 ], [ 141.597087980000026, 40.52022039 ], [ 141.59708917, 40.52022172 ], [ 141.597088470000017, 40.52022353 ], [ 141.597087080000023, 40.52022641 ], [ 141.59708409000001, 40.52023203 ], [ 141.597084140000021, 40.52023572 ], [ 141.597086420000011, 40.52024003 ], [ 141.597089860000011, 40.5202428 ], [ 141.59711575, 40.52025522 ], [ 141.597126860000031, 40.52025841 ], [ 141.597139660000011, 40.52026328 ], [ 141.597141560000011, 40.52027397 ], [ 141.59713575, 40.52028159 ], [ 141.597129200000012, 40.52028603 ], [ 141.597120390000015, 40.52029113 ], [ 141.597114920000024, 40.52029595 ], [ 141.59711389, 40.52029928 ], [ 141.59711497, 40.52030233 ], [ 141.59711925000002, 40.52030511 ], [ 141.597127450000016, 40.52030831 ], [ 141.597138200000018, 40.52030975 ], [ 141.597144110000016, 40.52031025 ], [ 141.597170080000012, 40.52031169 ], [ 141.5971945, 40.52031128 ], [ 141.59720995, 40.52031053 ], [ 141.597213580000016, 40.5203088 ], [ 141.597214580000013, 40.52030223 ], [ 141.59721525, 40.52028969 ], [ 141.59721672, 40.5202842 ], [ 141.59721983, 40.52027741 ], [ 141.59722639, 40.52027289 ], [ 141.59723372000002, 40.52027211 ], [ 141.597240920000019, 40.52027395 ], [ 141.59725008, 40.52028011 ], [ 141.597263060000017, 40.52028992 ], [ 141.597285310000018, 40.52030411 ], [ 141.59729722, 40.52031447 ], [ 141.59729927, 40.52032039 ], [ 141.59729859, 40.5203322 ], [ 141.597296130000018, 40.5203458 ], [ 141.597296590000013, 40.52035392 ], [ 141.59729973, 40.52035911 ], [ 141.597304580000014, 40.52036177 ], [ 141.59731156, 40.52036284 ], [ 141.59731416, 40.52036264 ], [ 141.597320170000017, 40.52036078 ], [ 141.59732438, 40.52035825 ], [ 141.59732917, 40.52035461 ], [ 141.597331500000024, 40.52035241 ], [ 141.59733394, 40.52034764 ], [ 141.597338910000019, 40.52033914 ], [ 141.59734261, 40.520333 ], [ 141.59734745, 40.52033069 ], [ 141.597351920000023, 40.52032987 ], [ 141.59736053, 40.52032989 ], [ 141.59736881, 40.52033092 ], [ 141.59738217, 40.52033328 ], [ 141.597398, 40.52033659 ], [ 141.59740453, 40.52033797 ], [ 141.597413530000011, 40.52034125 ], [ 141.59741639, 40.52034423 ], [ 141.597418880000021, 40.52034689 ], [ 141.59742105, 40.52035022 ], [ 141.59742122, 40.52035408 ], [ 141.597421560000015, 40.5203628 ], [ 141.597422750000021, 40.52037325 ], [ 141.59742355, 40.52038172 ], [ 141.597425360000017, 40.52038667 ], [ 141.597427760000016, 40.52038953 ], [ 141.597432630000014, 40.52039247 ], [ 141.597443310000017, 40.52039644 ], [ 141.59745455, 40.52040005 ], [ 141.597457170000013, 40.52040067 ], [ 141.59746, 40.52040103 ], [ 141.597469220000022, 40.52040251 ], [ 141.597479490000012, 40.52040405 ], [ 141.59748647, 40.5204058 ], [ 141.597494450000028, 40.52040989 ], [ 141.59750372000002, 40.52041695 ], [ 141.597518, 40.52042739 ], [ 141.597552, 40.52044978 ], [ 141.59758475000001, 40.52046586 ], [ 141.597623220000031, 40.52047486 ], [ 141.59763533, 40.52047064 ], [ 141.59763711, 40.52046225 ], [ 141.59762759, 40.52045377 ], [ 141.59762189, 40.52044067 ], [ 141.597635520000011, 40.52044759 ], [ 141.5976507, 40.52043208 ], [ 141.597680610000026, 40.52043613 ], [ 141.5977045, 40.5204312 ], [ 141.59770372, 40.52042489 ], [ 141.597680360000027, 40.52041405 ], [ 141.597699440000014, 40.52041214 ], [ 141.59771042, 40.52042053 ], [ 141.597740860000016, 40.52039061 ], [ 141.59774553, 40.52037472 ], [ 141.597728910000029, 40.52034728 ], [ 141.597718, 40.52032978 ], [ 141.59769506, 40.52032633 ], [ 141.597706720000019, 40.52031544 ], [ 141.597721050000018, 40.52030805 ], [ 141.59773189, 40.52030564 ], [ 141.597732050000019, 40.5203105 ], [ 141.59772472, 40.52031875 ], [ 141.59772895, 40.52032808 ], [ 141.597769340000013, 40.52035025 ], [ 141.597776420000031, 40.52035092 ], [ 141.59777711000001, 40.52035092 ], [ 141.597777370000017, 40.52035084 ], [ 141.597777370000017, 40.52035047 ], [ 141.597777330000014, 40.52034975 ], [ 141.5977762, 40.52034236 ], [ 141.59777542, 40.52033489 ], [ 141.597775750000011, 40.52033489 ], [ 141.59778597, 40.52034095 ], [ 141.59778655, 40.52034114 ], [ 141.59778681, 40.52034114 ], [ 141.59778717, 40.52034114 ], [ 141.597787760000017, 40.52034103 ], [ 141.59780056, 40.52033672 ], [ 141.59780102000002, 40.52033653 ], [ 141.597801510000011, 40.52033625 ], [ 141.59780161, 40.5203358 ], [ 141.59780314, 40.52032372 ], [ 141.597802670000021, 40.52031536 ], [ 141.59780523, 40.52031147 ], [ 141.597819220000019, 40.52030687 ], [ 141.597824670000023, 40.52030739 ], [ 141.59785856000002, 40.52030877 ], [ 141.59786141, 40.5203028 ], [ 141.59785222, 40.52029225 ], [ 141.59784586, 40.52028336 ], [ 141.597853750000013, 40.52028153 ], [ 141.597854450000028, 40.5202815 ], [ 141.59785469000002, 40.5202815 ], [ 141.597855160000023, 40.52028159 ], [ 141.59785564, 40.52028187 ], [ 141.597866690000018, 40.520289 ], [ 141.59787209000001, 40.52029544 ], [ 141.597873220000025, 40.52030175 ], [ 141.597873330000027, 40.520302 ], [ 141.5978737, 40.52030228 ], [ 141.597883670000016, 40.52030697 ], [ 141.59789131, 40.52030505 ], [ 141.597896610000021, 40.52029367 ], [ 141.597913160000019, 40.52022403 ], [ 141.59791180000002, 40.520208 ], [ 141.597897030000013, 40.52019623 ], [ 141.59788047, 40.5201928 ], [ 141.597875720000019, 40.52019051 ], [ 141.59784503000003, 40.520189 ], [ 141.59784536, 40.52017711 ], [ 141.59785148, 40.52016292 ], [ 141.5978408, 40.52015039 ], [ 141.597814890000024, 40.5201438 ], [ 141.59780713, 40.52013531 ], [ 141.597814060000019, 40.52010047 ], [ 141.597806140000017, 40.5200808 ], [ 141.597788200000025, 40.52006978 ], [ 141.59775134, 40.52005453 ], [ 141.59772555, 40.5200602 ], [ 141.59769655, 40.52007289 ], [ 141.597676300000018, 40.52007914 ], [ 141.597663330000017, 40.52006797 ], [ 141.597654450000022, 40.52005389 ], [ 141.59758144, 40.51997575 ], [ 141.59757292, 40.51995392 ], [ 141.597575330000012, 40.5199378 ], [ 141.597573360000013, 40.51990853 ], [ 141.597560800000025, 40.51989456 ], [ 141.597546350000016, 40.51988944 ], [ 141.597535810000011, 40.51988653 ], [ 141.59752623, 40.51988228 ], [ 141.59751961, 40.51987403 ], [ 141.597509340000016, 40.51986178 ], [ 141.59736455, 40.51974005 ], [ 141.597221780000012, 40.51963744 ], [ 141.597189110000016, 40.51960695 ], [ 141.597167470000016, 40.51959347 ], [ 141.597162750000024, 40.51958233 ], [ 141.59716683000002, 40.51956844 ], [ 141.597170170000027, 40.51956122 ], [ 141.59717713, 40.51955208 ], [ 141.597184670000019, 40.51953825 ], [ 141.59718995, 40.51953497 ], [ 141.597241610000026, 40.51955328 ], [ 141.59726086, 40.51955595 ], [ 141.597266780000012, 40.51955636 ], [ 141.597269, 40.51955617 ], [ 141.597275360000026, 40.51955475 ], [ 141.59728361, 40.51955292 ], [ 141.597284670000022, 40.51955244 ], [ 141.597285250000027, 40.51955192 ], [ 141.597293190000016, 40.51954411 ], [ 141.59731531, 40.51953811 ], [ 141.597326330000016, 40.51954369 ], [ 141.597332630000011, 40.51954808 ], [ 141.597338470000011, 40.51955111 ], [ 141.59734178, 40.51955244 ], [ 141.597345690000026, 40.51955339 ], [ 141.597348760000017, 40.51955339 ], [ 141.597353110000029, 40.519552 ], [ 141.597358140000011, 40.51954908 ], [ 141.59736178, 40.51954697 ], [ 141.597365060000016, 40.51954336 ], [ 141.597369110000017, 40.51953723 ], [ 141.59737533, 40.51951503 ], [ 141.597392090000028, 40.51951384 ], [ 141.597409250000027, 40.51950847 ], [ 141.59741739, 40.51949772 ], [ 141.59742112, 40.5194822 ], [ 141.59741195, 40.51946497 ], [ 141.59742497000002, 40.51945767 ], [ 141.597439800000018, 40.51946389 ], [ 141.597457420000012, 40.51946756 ], [ 141.597477810000015, 40.51946589 ], [ 141.597496740000025, 40.51946 ], [ 141.59750761, 40.51945064 ], [ 141.59751128000002, 40.51944108 ], [ 141.597507, 40.51942831 ], [ 141.597491, 40.51942067 ], [ 141.597476500000027, 40.51942223 ], [ 141.597443220000031, 40.51943297 ], [ 141.59743384, 40.51942736 ], [ 141.597438470000014, 40.51941987 ], [ 141.59744645, 40.51941575 ], [ 141.59746411, 40.51941347 ], [ 141.59754003, 40.51937433 ], [ 141.597507440000015, 40.51930069 ], [ 141.59755192, 40.51929897 ], [ 141.59757231, 40.51930559 ], [ 141.59759, 40.51930608 ], [ 141.597625030000017, 40.51930425 ], [ 141.597632550000014, 40.51931095 ], [ 141.59763114, 40.5193215 ], [ 141.597607329999988, 40.51934669 ], [ 141.59760270000001, 40.51936356 ], [ 141.597610610000032, 40.51937522 ], [ 141.597622670000021, 40.51937767 ], [ 141.59768698000002, 40.51937605 ], [ 141.597752670000034, 40.51943489 ], [ 141.5977593, 40.51945708 ], [ 141.59778759, 40.5194842 ], [ 141.597814920000019, 40.51949175 ], [ 141.597880660000015, 40.51952508 ], [ 141.597976280000012, 40.51959839 ], [ 141.598045690000021, 40.51964208 ], [ 141.598159220000014, 40.51973436 ], [ 141.59818224, 40.5197478 ], [ 141.598201860000017, 40.5197592 ], [ 141.59819986, 40.51977003 ], [ 141.59818202, 40.5197805 ], [ 141.598171700000023, 40.51979469 ], [ 141.598173410000015, 40.51981028 ], [ 141.598192780000034, 40.51982123 ], [ 141.598215230000022, 40.51982278 ], [ 141.598245750000018, 40.51981086 ], [ 141.598293610000013, 40.51978433 ], [ 141.59832173, 40.51977669 ], [ 141.598331730000012, 40.51978372 ], [ 141.598334250000022, 40.51979867 ], [ 141.59834508, 40.51984795 ], [ 141.59834711, 40.51986189 ], [ 141.59835883, 40.51987551 ], [ 141.598379360000024, 40.519885 ], [ 141.598398880000019, 40.51989036 ], [ 141.598464330000013, 40.51993633 ], [ 141.598492310000012, 40.51994839 ], [ 141.598525310000014, 40.51995367 ], [ 141.59856406, 40.51995808 ], [ 141.59859623, 40.51996292 ], [ 141.598624230000013, 40.51996617 ], [ 141.59864406, 40.5199662 ], [ 141.598662870000027, 40.51996005 ], [ 141.59868053, 40.51994605 ], [ 141.598708610000017, 40.51993561 ], [ 141.59872501000001, 40.51993405 ], [ 141.59877222, 40.51993617 ], [ 141.598807250000021, 40.51994351 ], [ 141.598819140000018, 40.5199508 ], [ 141.59881927, 40.51996341 ], [ 141.598812110000011, 40.51996608 ], [ 141.598755280000034, 40.51998105 ], [ 141.598737200000016, 40.52000117 ], [ 141.598732720000015, 40.52001108 ], [ 141.59873317, 40.52002056 ], [ 141.598736550000012, 40.520037 ], [ 141.59873669000001, 40.52004853 ], [ 141.598731390000012, 40.52005992 ], [ 141.59871569, 40.52008011 ], [ 141.598711510000015, 40.52009589 ], [ 141.598720220000018, 40.52010647 ], [ 141.598729140000017, 40.5201118 ], [ 141.598743920000032, 40.52011341 ], [ 141.598749340000012, 40.52011295 ], [ 141.59879756, 40.52011775 ], [ 141.59881411, 40.52011169 ], [ 141.59882939, 40.52009656 ], [ 141.59883975, 40.52009451 ], [ 141.598874030000019, 40.52013023 ], [ 141.598891530000031, 40.52013325 ], [ 141.598905380000019, 40.52012675 ], [ 141.59891156, 40.52010861 ], [ 141.5989128, 40.52009447 ], [ 141.598914330000014, 40.52008267 ], [ 141.59892964, 40.52007995 ], [ 141.5989528, 40.52007223 ], [ 141.59895348, 40.520059 ], [ 141.59895586, 40.52005013 ], [ 141.59896416, 40.52004289 ], [ 141.59897136, 40.52003392 ], [ 141.598971700000021, 40.52002103 ], [ 141.598963640000022, 40.52000759 ], [ 141.598967030000011, 40.51999387 ], [ 141.599014230000023, 40.51995123 ], [ 141.59908575, 40.51983944 ], [ 141.599099750000022, 40.51979377 ], [ 141.599092110000015, 40.51975411 ], [ 141.59906756, 40.51972331 ], [ 141.59893636000001, 40.51968597 ], [ 141.598899470000021, 40.51966928 ], [ 141.598869050000019, 40.51964014 ], [ 141.59886197000003, 40.51961875 ], [ 141.598838110000031, 40.51958603 ], [ 141.59881316000002, 40.51956259 ], [ 141.59877409, 40.51953997 ], [ 141.598736620000011, 40.51951395 ], [ 141.598700730000019, 40.51949011 ], [ 141.59867236, 40.51947725 ], [ 141.598655010000016, 40.51946692 ], [ 141.59863908, 40.51945684 ], [ 141.59849141, 40.51939136 ], [ 141.598465190000013, 40.5193782 ], [ 141.598447890000017, 40.519363 ], [ 141.598414360000021, 40.51934972 ], [ 141.598375550000014, 40.51934178 ], [ 141.59827189, 40.51931689 ], [ 141.59813066000001, 40.519289 ], [ 141.59809808, 40.51927741 ], [ 141.59803416, 40.51926011 ], [ 141.5980202, 40.51925597 ], [ 141.59801636, 40.51925195 ], [ 141.59806248000001, 40.51926064 ], [ 141.598097170000017, 40.51926067 ], [ 141.598110050000031, 40.51926131 ], [ 141.598136740000029, 40.51927311 ], [ 141.598164420000018, 40.51927889 ], [ 141.598192610000012, 40.51927733 ], [ 141.5982118, 40.51928487 ], [ 141.598223890000014, 40.51928839 ], [ 141.598224940000023, 40.51928864 ], [ 141.59822542, 40.51928875 ], [ 141.59822577, 40.51928875 ], [ 141.598227890000032, 40.51928856 ], [ 141.598266420000016, 40.5192818 ], [ 141.598274230000015, 40.51927247 ], [ 141.598256720000023, 40.51921711 ], [ 141.59821469000002, 40.51917433 ], [ 141.598187, 40.51911572 ], [ 141.598186390000023, 40.51911492 ], [ 141.598123500000014, 40.51905436 ], [ 141.598116520000019, 40.51904269 ], [ 141.59811761, 40.51903305 ], [ 141.598122390000015, 40.51902761 ], [ 141.59823881, 40.5190952 ], [ 141.598242670000019, 40.51910392 ], [ 141.598238660000021, 40.51911439 ], [ 141.598228660000018, 40.51911653 ], [ 141.598220830000031, 40.51912413 ], [ 141.598216830000013, 40.51913408 ], [ 141.598217910000017, 40.51914623 ], [ 141.598244920000013, 40.51916567 ], [ 141.59824645, 40.51918592 ], [ 141.598264700000016, 40.51920356 ], [ 141.59832555, 40.51924089 ], [ 141.598343990000018, 40.5192442 ], [ 141.59834616, 40.51925875 ], [ 141.598547860000025, 40.51930056 ], [ 141.598548810000011, 40.51930056 ], [ 141.598641110000017, 40.51931436 ], [ 141.598682440000033, 40.51932597 ], [ 141.59872353, 40.51934731 ], [ 141.59878122, 40.5193788 ], [ 141.59881506, 40.51939525 ], [ 141.59884789000003, 40.51940889 ], [ 141.59889136000001, 40.51942195 ], [ 141.598923500000012, 40.51942695 ], [ 141.59895112, 40.51942477 ], [ 141.598977, 40.51941877 ], [ 141.598984700000017, 40.51940133 ], [ 141.59897005000002, 40.519378 ], [ 141.59892872, 40.5193355 ], [ 141.59890728000002, 40.51929575 ], [ 141.59889031, 40.51925678 ], [ 141.598847950000021, 40.51922564 ], [ 141.598647559999989, 40.51912175 ], [ 141.59864934, 40.51909186 ], [ 141.59861616, 40.51906964 ], [ 141.59866012, 40.51906322 ], [ 141.59869497, 40.51905697 ], [ 141.59872464, 40.51909225 ], [ 141.598758440000012, 40.51910753 ], [ 141.59879380000001, 40.51911603 ], [ 141.59886416, 40.51915851 ], [ 141.59889039, 40.51916087 ], [ 141.59891905, 40.51915022 ], [ 141.598940360000029, 40.5191335 ], [ 141.598932140000016, 40.51911584 ], [ 141.598933550000027, 40.51909564 ], [ 141.598946830000017, 40.51909203 ], [ 141.598986610000026, 40.5191015 ], [ 141.59901577, 40.51911356 ], [ 141.599048300000021, 40.51912136 ], [ 141.599077670000014, 40.51911884 ], [ 141.599097390000026, 40.51910817 ], [ 141.59909944, 40.51909311 ], [ 141.599093610000011, 40.5190772 ], [ 141.599096130000021, 40.51906089 ], [ 141.599104330000017, 40.5190465 ], [ 141.59910973, 40.51903214 ], [ 141.59912022, 40.51901975 ], [ 141.599129730000016, 40.51900553 ], [ 141.599132020000013, 40.51898978 ], [ 141.5990962, 40.51895164 ], [ 141.59906272, 40.51894475 ], [ 141.599019489999989, 40.51894359 ], [ 141.59897883, 40.51893828 ], [ 141.598960560000023, 40.51891697 ], [ 141.598954890000016, 40.51890647 ], [ 141.59896494000003, 40.5189 ], [ 141.598994550000015, 40.518909 ], [ 141.599016080000013, 40.51891217 ], [ 141.599042240000017, 40.51888851 ], [ 141.59904253000002, 40.51887239 ], [ 141.59897075, 40.51881692 ], [ 141.598966890000014, 40.51880011 ], [ 141.59899808, 40.51879241 ], [ 141.59909786, 40.51885103 ], [ 141.59914326, 40.51885686 ], [ 141.599166390000022, 40.51885625 ], [ 141.599224140000018, 40.51879795 ], [ 141.599246500000021, 40.51878205 ], [ 141.5992718, 40.51878756 ], [ 141.59927353, 40.51880286 ], [ 141.5992435, 40.51885123 ], [ 141.599247080000026, 40.51886417 ], [ 141.5992645, 40.51887136 ], [ 141.59927486, 40.51887875 ], [ 141.599276740000022, 40.5189002 ], [ 141.599301610000026, 40.51891641 ], [ 141.59933109, 40.51892567 ], [ 141.599346200000014, 40.51892531 ], [ 141.599362190000022, 40.51890105 ], [ 141.599381280000017, 40.51885536 ], [ 141.599386940000016, 40.51884678 ], [ 141.59940667, 40.51883708 ], [ 141.599438780000014, 40.5188385 ], [ 141.599447170000019, 40.51884853 ], [ 141.59944217, 40.5188655 ], [ 141.599424230000011, 40.5188965 ], [ 141.599415420000014, 40.51892069 ], [ 141.599417980000027, 40.51894778 ], [ 141.59942722, 40.51896314 ], [ 141.599455840000019, 40.51896844 ], [ 141.59947667, 40.5189728 ], [ 141.59949555, 40.51898511 ], [ 141.599514700000014, 40.51899597 ], [ 141.599542219999989, 40.519 ], [ 141.59956144, 40.51900744 ], [ 141.599582500000025, 40.51902208 ], [ 141.59962217, 40.51903489 ], [ 141.599653330000024, 40.51903639 ], [ 141.59968759, 40.51903778 ], [ 141.59972567, 40.51903528 ], [ 141.59976283, 40.51903295 ], [ 141.599809100000016, 40.51903661 ], [ 141.599850270000019, 40.51905533 ], [ 141.599884770000017, 40.51906728 ], [ 141.59993119, 40.51907147 ], [ 141.59995326, 40.51907095 ], [ 141.599978690000029, 40.51905575 ], [ 141.59999061000002, 40.51904559 ], [ 141.6, 40.51904214 ], [ 141.600009300000011, 40.51903869 ], [ 141.600032240000019, 40.51902369 ], [ 141.600042890000026, 40.51900453 ], [ 141.600044060000016, 40.51898084 ], [ 141.60003531000001, 40.51894839 ], [ 141.6, 40.51891825 ], [ 141.599880860000013, 40.51881656 ], [ 141.59966345, 40.51866869 ], [ 141.59960616, 40.51860269 ], [ 141.599596, 40.51858223 ], [ 141.59957350000002, 40.51855336 ], [ 141.59945008, 40.51845314 ], [ 141.599403800000033, 40.51842995 ], [ 141.59932803, 40.51841864 ], [ 141.59928756, 40.51838747 ], [ 141.59927839, 40.51836089 ], [ 141.59927353, 40.51818069 ], [ 141.599302440000031, 40.51815033 ], [ 141.599376690000014, 40.51812075 ], [ 141.599452090000028, 40.5180992 ], [ 141.59949064, 40.51808551 ], [ 141.59951161, 40.51807323 ], [ 141.59953633, 40.51804703 ], [ 141.59952623, 40.5180072 ], [ 141.599459530000019, 40.5179972 ], [ 141.599362500000012, 40.51800531 ], [ 141.59925339, 40.5180398 ], [ 141.599195010000017, 40.51806333 ], [ 141.599167760000029, 40.51805425 ], [ 141.599145110000023, 40.51803584 ], [ 141.59913384, 40.51801861 ], [ 141.599131480000011, 40.51798639 ], [ 141.59911462, 40.51794697 ], [ 141.599117370000016, 40.51794067 ], [ 141.59912922, 40.51791364 ], [ 141.599149340000025, 40.51775275 ], [ 141.59915197, 40.51774508 ], [ 141.59916161000001, 40.51771178 ], [ 141.59912258, 40.51769286 ], [ 141.59905355, 40.51765161 ], [ 141.599043, 40.51752461 ], [ 141.59903725, 40.51748556 ], [ 141.59904178, 40.51744669 ], [ 141.599282, 40.5173908 ], [ 141.599751280000021, 40.51731367 ], [ 141.599790970000015, 40.51746453 ], [ 141.6, 40.51756456 ], [ 141.60004455, 40.51758587 ], [ 141.600080170000012, 40.51754331 ], [ 141.6, 40.51750489 ], [ 141.599854140000019, 40.51743503 ], [ 141.59981997, 40.51731536 ], [ 141.59979895, 40.51724203 ], [ 141.6, 40.51720539 ], [ 141.600490950000022, 40.51711595 ], [ 141.600516840000012, 40.51710928 ], [ 141.60074864, 40.51704964 ], [ 141.60078525, 40.51704392 ], [ 141.60081384, 40.51704436 ], [ 141.60085611, 40.51705903 ], [ 141.60088575, 40.51707044 ], [ 141.60088944, 40.51708339 ], [ 141.600863160000017, 40.51711905 ], [ 141.60086684, 40.5171292 ], [ 141.600927760000019, 40.51714175 ], [ 141.600947640000015, 40.51715864 ], [ 141.60098564, 40.51718767 ], [ 141.60101623, 40.51720105 ], [ 141.601035810000013, 40.51720095 ], [ 141.60104949, 40.51719951 ], [ 141.601063360000012, 40.51720569 ], [ 141.60106564, 40.51721775 ], [ 141.601069420000016, 40.51723917 ], [ 141.60109455, 40.51724953 ], [ 141.60112978, 40.51724544 ], [ 141.601160560000011, 40.51723341 ], [ 141.60118, 40.51722977 ], [ 141.60119008, 40.51722387 ], [ 141.601192, 40.51721584 ], [ 141.60119852, 40.51720923 ], [ 141.601213530000024, 40.51721047 ], [ 141.601224420000023, 40.51721311 ], [ 141.601241360000017, 40.51720859 ], [ 141.60125306, 40.51720067 ], [ 141.601411, 40.51708892 ], [ 141.601425550000016, 40.5170718 ], [ 141.60142966, 40.51706069 ], [ 141.60142772, 40.51704675 ], [ 141.60141844, 40.51703825 ], [ 141.60140805, 40.51702905 ], [ 141.601370730000014, 40.51701497 ], [ 141.60134086, 40.51700267 ], [ 141.60132944, 40.51699508 ], [ 141.60132438, 40.51698684 ], [ 141.601325300000013, 40.51697523 ], [ 141.60133117, 40.51696147 ], [ 141.6013307, 40.51695014 ], [ 141.601324810000023, 40.51694044 ], [ 141.601300900000012, 40.51691367 ], [ 141.60129737, 40.51690333 ], [ 141.601301120000016, 40.51690069 ], [ 141.601308390000014, 40.51689931 ], [ 141.601322970000012, 40.51690397 ], [ 141.601337390000026, 40.5169155 ], [ 141.60135064, 40.51693047 ], [ 141.60135969000001, 40.51693625 ], [ 141.601368340000022, 40.51693844 ], [ 141.601375500000017, 40.51693751 ], [ 141.60138034000002, 40.51693559 ], [ 141.601382550000011, 40.51693367 ], [ 141.601383890000022, 40.51692844 ], [ 141.6013835, 40.51692331 ], [ 141.60138022000001, 40.51691647 ], [ 141.6013735, 40.51690644 ], [ 141.601365360000017, 40.51689561 ], [ 141.601344550000022, 40.51688214 ], [ 141.601343500000013, 40.51687189 ], [ 141.601343860000014, 40.51686367 ], [ 141.601342140000014, 40.51685695 ], [ 141.6013407, 40.51685461 ], [ 141.60133008, 40.51684575 ], [ 141.60132178, 40.51684167 ], [ 141.60130075, 40.51683811 ], [ 141.601291170000025, 40.51683764 ], [ 141.601281850000021, 40.51683797 ], [ 141.601268520000019, 40.51683941 ], [ 141.6012038, 40.51685517 ], [ 141.601182500000021, 40.5168588 ], [ 141.60112419, 40.51684831 ], [ 141.601170140000022, 40.51681117 ], [ 141.601167170000025, 40.51678795 ], [ 141.601153410000023, 40.5167628 ], [ 141.601161140000016, 40.51673611 ], [ 141.601178560000022, 40.51670913 ], [ 141.60119745, 40.51670128 ], [ 141.601231800000022, 40.51670267 ], [ 141.60126306, 40.51671039 ], [ 141.601296500000018, 40.51672503 ], [ 141.601319360000019, 40.51672253 ], [ 141.601337390000026, 40.51670928 ], [ 141.601342, 40.51668905 ], [ 141.601341850000011, 40.51666708 ], [ 141.60134195, 40.51666667 ], [ 141.60134917, 40.51662578 ], [ 141.601352440000028, 40.5166012 ], [ 141.60135309, 40.51657641 ], [ 141.601345550000019, 40.51654511 ], [ 141.60133786, 40.51653336 ], [ 141.60133511, 40.51651989 ], [ 141.601335280000029, 40.51650339 ], [ 141.601314360000032, 40.51649092 ], [ 141.60124086, 40.51647295 ], [ 141.60121837, 40.5164642 ], [ 141.601220830000017, 40.51644372 ], [ 141.601234840000018, 40.51641841 ], [ 141.601258780000023, 40.51640728 ], [ 141.60128472, 40.51640711 ], [ 141.60130533, 40.51641308 ], [ 141.601388860000014, 40.51644314 ], [ 141.60141655000001, 40.5164382 ], [ 141.60142973, 40.51642513 ], [ 141.601443890000013, 40.51641478 ], [ 141.601479580000017, 40.51640905 ], [ 141.601501190000022, 40.51642053 ], [ 141.60158114, 40.51644647 ], [ 141.601615110000012, 40.51644417 ], [ 141.601651530000026, 40.51643159 ], [ 141.601665720000028, 40.51642267 ], [ 141.601668280000013, 40.51640897 ], [ 141.60165114, 40.51639756 ], [ 141.601640170000024, 40.51639572 ], [ 141.60163406, 40.51638875 ], [ 141.601633140000018, 40.51638172 ], [ 141.601623720000021, 40.5163735 ], [ 141.60160973, 40.51636703 ], [ 141.601598780000018, 40.516358 ], [ 141.60159202, 40.51634525 ], [ 141.601577780000014, 40.51633739 ], [ 141.601568140000012, 40.51633208 ], [ 141.601430420000014, 40.51626889 ], [ 141.601427590000014, 40.516258 ], [ 141.60142647, 40.51624441 ], [ 141.60143211, 40.51619933 ], [ 141.6014255, 40.51616867 ], [ 141.601433390000011, 40.51615564 ], [ 141.60159411, 40.51607253 ], [ 141.60178825, 40.51622903 ], [ 141.60180681, 40.51624331 ], [ 141.60182064, 40.51625467 ], [ 141.60183713, 40.5162632 ], [ 141.60184805, 40.51626817 ], [ 141.60186044, 40.516269 ], [ 141.601868690000032, 40.51626731 ], [ 141.601874090000024, 40.5162635 ], [ 141.601875940000014, 40.51626169 ], [ 141.601878270000014, 40.51625941 ], [ 141.601879420000017, 40.51625733 ], [ 141.601881390000017, 40.516253 ], [ 141.601881780000014, 40.51624705 ], [ 141.60188144, 40.51623705 ], [ 141.601877890000026, 40.51622484 ], [ 141.601869920000013, 40.51621067 ], [ 141.601855450000016, 40.5161922 ], [ 141.601835640000019, 40.51617297 ], [ 141.601811850000018, 40.51615792 ], [ 141.601789950000011, 40.51614147 ], [ 141.60178167, 40.51612884 ], [ 141.60178289000001, 40.51611189 ], [ 141.60180484, 40.51610067 ], [ 141.60184555, 40.5161022 ], [ 141.60188964, 40.51611739 ], [ 141.60192964, 40.51612811 ], [ 141.601968170000021, 40.516133 ], [ 141.601985690000021, 40.51614828 ], [ 141.60198997, 40.51617159 ], [ 141.601993530000016, 40.51620408 ], [ 141.602007640000011, 40.51625089 ], [ 141.602040120000026, 40.51627384 ], [ 141.60209064, 40.51630692 ], [ 141.602119140000013, 40.5163115 ], [ 141.60214253, 40.51630386 ], [ 141.60216086, 40.51629672 ], [ 141.60217294, 40.51630041 ], [ 141.60217477, 40.51631644 ], [ 141.60218297, 40.51633133 ], [ 141.602195470000026, 40.51635125 ], [ 141.602220750000015, 40.51637484 ], [ 141.602240890000019, 40.51639264 ], [ 141.602252280000016, 40.51640822 ], [ 141.60226597, 40.51641903 ], [ 141.60228455, 40.51643297 ], [ 141.60230769, 40.51644425 ], [ 141.602331170000014, 40.51645272 ], [ 141.602348880000022, 40.51645551 ], [ 141.60236642000001, 40.51645078 ], [ 141.602380220000015, 40.51644089 ], [ 141.602389530000011, 40.51642939 ], [ 141.60239611, 40.51641564 ], [ 141.602403330000016, 40.51639839 ], [ 141.6024102, 40.51637872 ], [ 141.602412940000022, 40.51635997 ], [ 141.60241109, 40.51634297 ], [ 141.602403410000022, 40.51633211 ], [ 141.602400470000021, 40.51632323 ], [ 141.60240289, 40.51631817 ], [ 141.602412110000017, 40.51631772 ], [ 141.602421830000026, 40.5163228 ], [ 141.602435470000017, 40.51632892 ], [ 141.602448720000012, 40.51633144 ], [ 141.602461580000011, 40.516332 ], [ 141.602467830000023, 40.51633097 ], [ 141.602472050000017, 40.51632967 ], [ 141.6024783, 40.51632711 ], [ 141.602483190000015, 40.51632275 ], [ 141.602489490000011, 40.51631695 ], [ 141.602490950000032, 40.51630856 ], [ 141.60248927, 40.51629767 ], [ 141.602481110000014, 40.51628522 ], [ 141.60246978, 40.51627431 ], [ 141.602443670000014, 40.51625125 ], [ 141.602430410000011, 40.51623853 ], [ 141.602423500000015, 40.51623047 ], [ 141.602432310000012, 40.51621708 ], [ 141.602458560000031, 40.51620177 ], [ 141.60246508, 40.51619275 ], [ 141.60249034, 40.51619211 ], [ 141.602512, 40.51619944 ], [ 141.60252533000002, 40.516209 ], [ 141.602526940000018, 40.51623672 ], [ 141.60254942, 40.51625089 ], [ 141.60257, 40.51624528 ], [ 141.602586620000011, 40.51622264 ], [ 141.60259786, 40.51619528 ], [ 141.602638750000011, 40.51618059 ], [ 141.60264564, 40.51615325 ], [ 141.602642780000025, 40.51613897 ], [ 141.6026245, 40.51611044 ], [ 141.602679360000025, 40.51606775 ], [ 141.60275747, 40.51602625 ], [ 141.60279136, 40.51601575 ], [ 141.602890610000031, 40.51601636 ], [ 141.602996110000021, 40.51608923 ], [ 141.603030220000022, 40.51610125 ], [ 141.60305827000002, 40.51610872 ], [ 141.60309458, 40.51611453 ], [ 141.60313217, 40.5161302 ], [ 141.603150610000029, 40.51614395 ], [ 141.60320988, 40.51616669 ], [ 141.603240340000013, 40.51616786 ], [ 141.603268860000014, 40.51616425 ], [ 141.603284140000028, 40.51616953 ], [ 141.60335519, 40.51621267 ], [ 141.60338289, 40.51622967 ], [ 141.603401780000013, 40.5162398 ], [ 141.60341317000001, 40.51624497 ], [ 141.603426860000013, 40.51624675 ], [ 141.603435940000026, 40.51624589 ], [ 141.603442530000024, 40.51624395 ], [ 141.603448500000013, 40.51624013 ], [ 141.60345497, 40.51623711 ], [ 141.60346003, 40.51623744 ], [ 141.603464700000018, 40.51624128 ], [ 141.60346783, 40.51624739 ], [ 141.60347109, 40.51625395 ], [ 141.60347497, 40.51626336 ], [ 141.603481250000016, 40.51626659 ], [ 141.603492830000022, 40.51626767 ], [ 141.60350211, 40.51626336 ], [ 141.603509340000016, 40.51625431 ], [ 141.603518340000022, 40.51623733 ], [ 141.60352158, 40.51621208 ], [ 141.60349703, 40.51618084 ], [ 141.603462580000013, 40.51616053 ], [ 141.603427520000025, 40.51615059 ], [ 141.60339475, 40.51614169 ], [ 141.60338217, 40.5161352 ], [ 141.60338228, 40.51612459 ], [ 141.603393650000015, 40.51611811 ], [ 141.60341839, 40.51611397 ], [ 141.603424530000012, 40.51610367 ], [ 141.60341394, 40.51609708 ], [ 141.603392110000016, 40.51608633 ], [ 141.603369970000017, 40.51607025 ], [ 141.60335222, 40.51605553 ], [ 141.60334214, 40.5160408 ], [ 141.60334633, 40.5160262 ], [ 141.603352780000023, 40.51601247 ], [ 141.603356780000013, 40.51599892 ], [ 141.603355030000017, 40.51598164 ], [ 141.60335397, 40.51597147 ], [ 141.60335817, 40.51595622 ], [ 141.603367780000013, 40.51594978 ], [ 141.603374230000014, 40.51594747 ], [ 141.60338438, 40.51594795 ], [ 141.603394580000014, 40.51595123 ], [ 141.603410340000011, 40.51595786 ], [ 141.603426720000016, 40.51596722 ], [ 141.60345905, 40.5159878 ], [ 141.60348506, 40.51600087 ], [ 141.6035027, 40.516004 ], [ 141.60351978, 40.51600261 ], [ 141.60353674000001, 40.51599178 ], [ 141.60355353, 40.51597105 ], [ 141.603556670000017, 40.5159568 ], [ 141.603541730000018, 40.51593087 ], [ 141.603511630000014, 40.51589928 ], [ 141.603499810000017, 40.51587731 ], [ 141.603507370000017, 40.5158658 ], [ 141.603524360000023, 40.51585659 ], [ 141.6035382, 40.51585911 ], [ 141.603547660000032, 40.51587311 ], [ 141.603546670000014, 40.51588877 ], [ 141.603560120000026, 40.51590669 ], [ 141.603583, 40.51591836 ], [ 141.603602630000012, 40.51591136 ], [ 141.60360866000002, 40.51590105 ], [ 141.60361025, 40.51588539 ], [ 141.6036272, 40.51588113 ], [ 141.60363978, 40.51588925 ], [ 141.603638280000013, 40.51590222 ], [ 141.60364051000002, 40.51592131 ], [ 141.603656500000028, 40.51592569 ], [ 141.60367689, 40.51592431 ], [ 141.603693890000017, 40.51591508 ], [ 141.60371086, 40.5159022 ], [ 141.60372601, 40.51589513 ], [ 141.60373178, 40.51589556 ], [ 141.60373808, 40.51589777 ], [ 141.60374864000002, 40.51590464 ], [ 141.6037565, 40.51591053 ], [ 141.60376739, 40.51591297 ], [ 141.603775750000011, 40.5159122 ], [ 141.60378419, 40.51590747 ], [ 141.60379097, 40.51590047 ], [ 141.60379538, 40.51589389 ], [ 141.60379778, 40.51588703 ], [ 141.603798720000015, 40.51587603 ], [ 141.603795160000033, 40.51586469 ], [ 141.60378606, 40.51585261 ], [ 141.603759170000018, 40.51583241 ], [ 141.603736500000025, 40.51581205 ], [ 141.603731220000014, 40.51580533 ], [ 141.60373433, 40.51578775 ], [ 141.603739420000011, 40.51577841 ], [ 141.60374586, 40.5157755 ], [ 141.60375464, 40.51577697 ], [ 141.60377739, 40.51579592 ], [ 141.603802050000013, 40.51581664 ], [ 141.60381988, 40.51582905 ], [ 141.60382997, 40.51583359 ], [ 141.603837660000011, 40.51583533 ], [ 141.603844030000033, 40.51583464 ], [ 141.603849920000016, 40.51583317 ], [ 141.60385331, 40.51583108 ], [ 141.60385575, 40.51582864 ], [ 141.60386311000002, 40.51582184 ], [ 141.603867890000032, 40.51581684 ], [ 141.603875030000012, 40.51581156 ], [ 141.60387925, 40.51580939 ], [ 141.60388384, 40.51580772 ], [ 141.603887390000011, 40.51580753 ], [ 141.60388961000001, 40.51580786 ], [ 141.60389211, 40.51580875 ], [ 141.60389294, 40.51580984 ], [ 141.603893920000019, 40.51581161 ], [ 141.603894530000019, 40.51581413 ], [ 141.60389287000001, 40.51582172 ], [ 141.60388917, 40.5158295 ], [ 141.6038835, 40.51583933 ], [ 141.60387633000002, 40.51585361 ], [ 141.603878220000013, 40.51586361 ], [ 141.603887250000014, 40.51586877 ], [ 141.60389722, 40.51587303 ], [ 141.603903060000022, 40.51587911 ], [ 141.60390601, 40.51589728 ], [ 141.603913, 40.51590211 ], [ 141.603923310000027, 40.51589472 ], [ 141.603929030000018, 40.51587903 ], [ 141.60392647, 40.51586228 ], [ 141.60393725, 40.51584564 ], [ 141.603926450000017, 40.51582961 ], [ 141.6039217, 40.51581469 ], [ 141.603932610000015, 40.51580975 ], [ 141.60394462, 40.51581831 ], [ 141.603977830000019, 40.51583467 ], [ 141.60400109, 40.51583389 ], [ 141.60402012, 40.51582556 ], [ 141.604033970000017, 40.51582022 ], [ 141.60404817, 40.51582339 ], [ 141.60404986, 40.51583653 ], [ 141.604041610000024, 40.51586836 ], [ 141.60404066000001, 40.51589892 ], [ 141.60405314, 40.51591703 ], [ 141.60407569, 40.5159302 ], [ 141.60409635000002, 40.51594005 ], [ 141.604124500000012, 40.51595544 ], [ 141.604154670000014, 40.51597297 ], [ 141.604176720000027, 40.51599211 ], [ 141.604192940000019, 40.51600839 ], [ 141.60421747, 40.51601669 ], [ 141.60424691, 40.51602128 ], [ 141.604273800000016, 40.51602003 ], [ 141.6043017, 40.51601369 ], [ 141.604319590000017, 40.51600908 ], [ 141.604331170000023, 40.51600944 ], [ 141.604340270000023, 40.51601364 ], [ 141.60434453000002, 40.51602253 ], [ 141.604356060000015, 40.51603117 ], [ 141.60437144, 40.51603431 ], [ 141.60438122, 40.51603264 ], [ 141.604393800000025, 40.51602839 ], [ 141.604407470000012, 40.51601677 ], [ 141.60441606, 40.51600286 ], [ 141.60442358, 40.51598084 ], [ 141.604427980000025, 40.51596169 ], [ 141.6044245, 40.51594713 ], [ 141.60440472, 40.51593041 ], [ 141.604350830000016, 40.51589395 ], [ 141.6043027, 40.51586447 ], [ 141.604229030000027, 40.51581875 ], [ 141.60418508, 40.51581428 ], [ 141.604165140000021, 40.51580586 ], [ 141.604161950000019, 40.51580417 ], [ 141.604161340000019, 40.51580364 ], [ 141.60416122, 40.51580317 ], [ 141.604162410000015, 40.51579525 ], [ 141.604162670000022, 40.51579489 ], [ 141.60416314, 40.51579461 ], [ 141.6041792, 40.51578631 ], [ 141.604180730000024, 40.51578567 ], [ 141.60418192, 40.51578539 ], [ 141.604183330000012, 40.51578539 ], [ 141.60420302, 40.51578525 ], [ 141.60420328, 40.51578525 ], [ 141.604203500000011, 40.51578525 ], [ 141.604223550000029, 40.51579547 ], [ 141.604253160000013, 40.51581608 ], [ 141.60426769, 40.51581633 ], [ 141.604275520000016, 40.51581872 ], [ 141.60427608, 40.51582844 ], [ 141.60428815, 40.51583844 ], [ 141.604304190000022, 40.51584041 ], [ 141.604321340000013, 40.51583192 ], [ 141.604326610000015, 40.51581964 ], [ 141.60431134000001, 40.51580308 ], [ 141.60425608, 40.51577011 ], [ 141.60424472, 40.51576814 ], [ 141.604245940000027, 40.5157612 ], [ 141.60423681, 40.51572684 ], [ 141.60416927, 40.515671 ], [ 141.60417558, 40.51566636 ], [ 141.604187560000014, 40.51567113 ], [ 141.60419416, 40.51568056 ], [ 141.60423839, 40.51570972 ], [ 141.604254810000015, 40.51571131 ], [ 141.60426128, 40.51571895 ], [ 141.604272830000014, 40.51573003 ], [ 141.604288, 40.51573369 ], [ 141.60429414, 40.51574511 ], [ 141.604312610000022, 40.51575992 ], [ 141.604337980000025, 40.51578092 ], [ 141.604391030000016, 40.51581669 ], [ 141.604440970000013, 40.5158612 ], [ 141.60447163, 40.51586964 ], [ 141.60450995, 40.51589711 ], [ 141.604525470000027, 40.51590225 ], [ 141.604585720000017, 40.51589725 ], [ 141.60459645, 40.515886 ], [ 141.60460533, 40.51587028 ], [ 141.60461942, 40.51586253 ], [ 141.604637950000011, 40.51585295 ], [ 141.60465326, 40.51583853 ], [ 141.604642970000015, 40.51581672 ], [ 141.604638170000015, 40.515799 ], [ 141.60461881, 40.51578805 ], [ 141.60461236, 40.51578322 ], [ 141.604611580000011, 40.51576613 ], [ 141.604498150000012, 40.51568005 ], [ 141.60443475, 40.51564697 ], [ 141.604401970000026, 40.51563928 ], [ 141.60439027000001, 40.51562884 ], [ 141.604388110000031, 40.51561433 ], [ 141.60438652000002, 40.51559867 ], [ 141.60437156, 40.51557978 ], [ 141.604371630000031, 40.51556744 ], [ 141.60438453, 40.51556005 ], [ 141.60441053, 40.51556286 ], [ 141.604432530000025, 40.51556647 ], [ 141.60444458, 40.5155782 ], [ 141.60445601, 40.51560803 ], [ 141.60447722, 40.51562669 ], [ 141.60450205, 40.51563969 ], [ 141.60451713, 40.51563814 ], [ 141.60452834000003, 40.51562628 ], [ 141.604529140000011, 40.51561447 ], [ 141.604525810000013, 40.51560189 ], [ 141.604525250000023, 40.51559414 ], [ 141.6045262, 40.51558351 ], [ 141.604527610000019, 40.51557369 ], [ 141.6045282, 40.51556277 ], [ 141.604532830000011, 40.5155558 ], [ 141.604545910000013, 40.515555 ], [ 141.60455547, 40.51555559 ], [ 141.604566620000014, 40.51554947 ], [ 141.60457562000002, 40.51554175 ], [ 141.60459189, 40.51553967 ], [ 141.60461224, 40.51554611 ], [ 141.60464148, 40.51556167 ], [ 141.60464355000002, 40.51557867 ], [ 141.604654770000025, 40.5155905 ], [ 141.604677, 40.51560584 ], [ 141.604704090000013, 40.51562033 ], [ 141.604736640000027, 40.51563939 ], [ 141.604758440000012, 40.51564861 ], [ 141.60477642, 40.51565064 ], [ 141.604807250000022, 40.51565314 ], [ 141.604824810000025, 40.51566211 ], [ 141.604839, 40.51567536 ], [ 141.604857690000017, 40.51568964 ], [ 141.60489511, 40.51571156 ], [ 141.60492536000001, 40.51572459 ], [ 141.60495577, 40.51573267 ], [ 141.60498431000002, 40.5157305 ], [ 141.605008520000013, 40.51572251 ], [ 141.60503423000003, 40.515709 ], [ 141.605050270000021, 40.51569808 ], [ 141.605061120000016, 40.51568695 ], [ 141.60506652, 40.51567475 ], [ 141.605064700000014, 40.51565989 ], [ 141.60505348, 40.51564897 ], [ 141.605039050000016, 40.51563692 ], [ 141.605031630000013, 40.51562814 ], [ 141.60503355000003, 40.51562084 ], [ 141.605045940000025, 40.51562003 ], [ 141.605072220000011, 40.51562777 ], [ 141.605097200000017, 40.51562339 ], [ 141.605108880000017, 40.51561359 ], [ 141.60511630000002, 40.5156012 ], [ 141.60511501000002, 40.51559003 ], [ 141.605103220000018, 40.5155822 ], [ 141.60508167, 40.51557647 ], [ 141.605063380000018, 40.51556577 ], [ 141.60505769, 40.51555403 ], [ 141.605072, 40.51553656 ], [ 141.60508589, 40.51553286 ], [ 141.60510872, 40.51553847 ], [ 141.605119, 40.51554956 ], [ 141.605124500000016, 40.51556431 ], [ 141.605143, 40.51558292 ], [ 141.605164550000012, 40.51559105 ], [ 141.60517647, 40.51559025 ], [ 141.60522519, 40.51555678 ], [ 141.605246720000025, 40.51556187 ], [ 141.60526042, 40.51556239 ], [ 141.60526769, 40.5155582 ], [ 141.60526708, 40.51554778 ], [ 141.605257450000011, 40.51554053 ], [ 141.605239610000012, 40.51553895 ], [ 141.605236720000022, 40.51553444 ], [ 141.60523747000002, 40.51551777 ], [ 141.605236, 40.51551113 ], [ 141.605228830000016, 40.51550425 ], [ 141.605233750000025, 40.51550069 ], [ 141.605242700000019, 40.51550011 ], [ 141.60525536, 40.51549272 ], [ 141.6052637, 40.51548917 ], [ 141.605273610000012, 40.51548811 ], [ 141.605291920000013, 40.51549951 ], [ 141.60531778, 40.51552231 ], [ 141.60535189, 40.51551261 ], [ 141.605370530000016, 40.51550097 ], [ 141.60538122, 40.51548764 ], [ 141.60538698000002, 40.51547472 ], [ 141.60538283, 40.51546369 ], [ 141.605379920000019, 40.51545533 ], [ 141.60538847, 40.51544159 ], [ 141.605399030000029, 40.51543628 ], [ 141.60541523, 40.51543644 ], [ 141.60543066, 40.51543536 ], [ 141.605447950000013, 40.51543003 ], [ 141.605460560000012, 40.51541984 ], [ 141.60546489, 40.51540623 ], [ 141.605452440000022, 40.51539064 ], [ 141.605439390000015, 40.51537477 ], [ 141.605416940000026, 40.5153715 ], [ 141.60541591, 40.5153652 ], [ 141.60541314, 40.51535864 ], [ 141.60540484, 40.51535384 ], [ 141.60540645, 40.51534095 ], [ 141.605401390000026, 40.51533333 ], [ 141.60539628, 40.51532923 ], [ 141.605406610000017, 40.51531447 ], [ 141.60541975000001, 40.51530672 ], [ 141.60545633000001, 40.51531928 ], [ 141.60548689, 40.51531692 ], [ 141.605531860000013, 40.51529705 ], [ 141.60554231, 40.51529323 ], [ 141.60555331, 40.5152945 ], [ 141.605575470000019, 40.51530453 ], [ 141.605585620000028, 40.51530192 ], [ 141.60562772, 40.51523853 ], [ 141.605636280000027, 40.5152245 ], [ 141.60564431, 40.51521336 ], [ 141.60565467, 40.51521131 ], [ 141.605662610000024, 40.51521513 ], [ 141.60566934000002, 40.515226 ], [ 141.605682050000013, 40.51523303 ], [ 141.60570297000001, 40.51523513 ], [ 141.60572969, 40.51522028 ], [ 141.605739140000026, 40.51520939 ], [ 141.60574531, 40.51519297 ], [ 141.605741020000011, 40.51517878 ], [ 141.605729360000026, 40.51517092 ], [ 141.60571536, 40.51516497 ], [ 141.60570691, 40.51515747 ], [ 141.605708420000013, 40.51514603 ], [ 141.60571553, 40.51513805 ], [ 141.60572939, 40.51513103 ], [ 141.605743220000022, 40.5151248 ], [ 141.605755890000012, 40.51511741 ], [ 141.605770440000015, 40.51510967 ], [ 141.60577555, 40.51510397 ], [ 141.605776890000016, 40.51509575 ], [ 141.605769970000011, 40.51508959 ], [ 141.60575689, 40.51508159 ], [ 141.605757760000017, 40.51507456 ], [ 141.60576314, 40.51507144 ], [ 141.605783190000011, 40.5150705 ], [ 141.60579217, 40.51506108 ], [ 141.605804140000032, 40.51506341 ], [ 141.60580248, 40.51507453 ], [ 141.60579988, 40.51508472 ], [ 141.605840140000026, 40.51512677 ], [ 141.605838, 40.51516686 ], [ 141.605856940000024, 40.51518195 ], [ 141.60587575, 40.51518741 ], [ 141.605898560000014, 40.51518897 ], [ 141.60591462, 40.5151885 ], [ 141.60593, 40.5151838 ], [ 141.60593949, 40.51517817 ], [ 141.605940800000013, 40.51516914 ], [ 141.60593978, 40.51516077 ], [ 141.60595056, 40.51515341 ], [ 141.605958860000015, 40.51512759 ], [ 141.605946830000022, 40.51511895 ], [ 141.605924940000023, 40.51511422 ], [ 141.605907590000015, 40.51511236 ], [ 141.605912440000026, 40.51510395 ], [ 141.605986030000025, 40.515017 ], [ 141.60602022, 40.51501425 ], [ 141.606028720000012, 40.51500347 ], [ 141.60603864, 40.51499431 ], [ 141.60606322000001, 40.51498856 ], [ 141.606122090000014, 40.51498492 ], [ 141.60614694, 40.51503447 ], [ 141.606158030000017, 40.51507367 ], [ 141.60619294, 40.51509325 ], [ 141.606200340000015, 40.5151005 ], [ 141.606189300000011, 40.51512497 ], [ 141.606194, 40.51513431 ], [ 141.60620606, 40.51514503 ], [ 141.606233870000011, 40.51514089 ], [ 141.60625428, 40.51513272 ], [ 141.606269270000013, 40.51513336 ], [ 141.60627442, 40.51513953 ], [ 141.606297110000014, 40.51516308 ], [ 141.606333190000015, 40.5151902 ], [ 141.606357980000013, 40.51520013 ], [ 141.606406300000032, 40.51519584 ], [ 141.60644536, 40.5151872 ], [ 141.606474890000015, 40.51517684 ], [ 141.606489860000011, 40.51516592 ], [ 141.606491020000021, 40.51515411 ], [ 141.606487250000015, 40.51514513 ], [ 141.606472970000027, 40.51513514 ], [ 141.606484060000014, 40.51511272 ], [ 141.606469800000013, 40.5151042 ], [ 141.60645141, 40.515097 ], [ 141.606445720000011, 40.51508284 ], [ 141.606450140000021, 40.51504795 ], [ 141.606438200000014, 40.51503414 ], [ 141.606433800000019, 40.515023 ], [ 141.606505250000026, 40.51503667 ], [ 141.606521610000016, 40.51503278 ], [ 141.60653022, 40.51502192 ], [ 141.60652722, 40.51500761 ], [ 141.606510140000012, 40.51496008 ], [ 141.60649942, 40.5149508 ], [ 141.606477860000012, 40.51494336 ], [ 141.606464640000013, 40.51494203 ], [ 141.606410950000026, 40.51498353 ], [ 141.60639314, 40.51498439 ], [ 141.6063373, 40.51494205 ], [ 141.60633722, 40.51493611 ], [ 141.60635141000003, 40.51493808 ], [ 141.60637528, 40.51495117 ], [ 141.60640211, 40.51494531 ], [ 141.60641659, 40.51493136 ], [ 141.606422310000028, 40.51491564 ], [ 141.606442890000011, 40.51488831 ], [ 141.60645489, 40.51489651 ], [ 141.60645722000001, 40.5149038 ], [ 141.606536840000018, 40.51495056 ], [ 141.60661224, 40.51498228 ], [ 141.606662, 40.51501905 ], [ 141.606685420000019, 40.51502447 ], [ 141.606703220000014, 40.51502356 ], [ 141.606719100000021, 40.51501895 ], [ 141.606731310000015, 40.51501328 ], [ 141.60673294, 40.51500172 ], [ 141.606732280000017, 40.51498364 ], [ 141.60674484, 40.51493628 ], [ 141.606764700000014, 40.51492011 ], [ 141.60677178, 40.51490989 ], [ 141.606770950000026, 40.51489853 ], [ 141.60677927, 40.51488453 ], [ 141.60679866000001, 40.514877 ], [ 141.60680492000003, 40.51486653 ], [ 141.606791890000011, 40.51485311 ], [ 141.606789390000017, 40.51484051 ], [ 141.60680489, 40.51483375 ], [ 141.606815690000019, 40.51482872 ], [ 141.606824330000023, 40.51482036 ], [ 141.606825860000015, 40.51481136 ], [ 141.60682341, 40.5148028 ], [ 141.606812500000018, 40.51479795 ], [ 141.606800920000012, 40.51479647 ], [ 141.606792050000024, 40.514795 ], [ 141.60678572, 40.51478928 ], [ 141.60679464, 40.51475392 ], [ 141.606809100000021, 40.51474995 ], [ 141.60682730000002, 40.514751 ], [ 141.606864840000014, 40.51476128 ], [ 141.60684569, 40.51481013 ], [ 141.606846470000022, 40.51483761 ], [ 141.606858910000028, 40.51484239 ], [ 141.606872110000012, 40.51484122 ], [ 141.60692581, 40.51480059 ], [ 141.606938750000012, 40.51479744 ], [ 141.606950610000013, 40.51480044 ], [ 141.60695365, 40.51480897 ], [ 141.606953060000023, 40.51481878 ], [ 141.606948970000019, 40.5148335 ], [ 141.606946780000015, 40.51484792 ], [ 141.606955280000022, 40.51485887 ], [ 141.606975550000016, 40.51486808 ], [ 141.60700205, 40.51487195 ], [ 141.60702122, 40.51486741 ], [ 141.60703092, 40.51485844 ], [ 141.60703706000001, 40.51484751 ], [ 141.60704739000002, 40.51483356 ], [ 141.607061390000013, 40.51482013 ], [ 141.607074860000012, 40.51481203 ], [ 141.60708956000002, 40.51480544 ], [ 141.607105250000018, 40.51479625 ], [ 141.607123060000021, 40.51477478 ], [ 141.60712973, 40.51474889 ], [ 141.60712988, 40.51473187 ], [ 141.607124920000018, 40.51470992 ], [ 141.607118660000026, 40.51470069 ], [ 141.607113890000022, 40.51469623 ], [ 141.607111120000013, 40.51469075 ], [ 141.60711131, 40.51468525 ], [ 141.60711394, 40.51467892 ], [ 141.60711061, 40.51466625 ], [ 141.607099800000015, 40.51465003 ], [ 141.60709484, 40.51464897 ], [ 141.60708756, 40.51465192 ], [ 141.607085910000023, 40.514663 ], [ 141.607084719999989, 40.514673 ], [ 141.607077440000012, 40.51467603 ], [ 141.607069530000018, 40.51467436 ], [ 141.607059920000012, 40.51466003 ], [ 141.607064030000032, 40.51464989 ], [ 141.607073390000011, 40.51464092 ], [ 141.607075280000032, 40.5146328 ], [ 141.607071280000014, 40.5146232 ], [ 141.60706092, 40.51460336 ], [ 141.607062500000012, 40.51459687 ], [ 141.607070830000026, 40.51459375 ], [ 141.607094940000025, 40.5145972 ], [ 141.60712109, 40.51460213 ], [ 141.607144330000011, 40.51460405 ], [ 141.60715389, 40.51460228 ], [ 141.60715883, 40.51459108 ], [ 141.60715776, 40.51457992 ], [ 141.60711591, 40.51456392 ], [ 141.607101970000031, 40.51455275 ], [ 141.607094530000012, 40.5145408 ], [ 141.607092890000018, 40.51453084 ], [ 141.60709655, 40.51452269 ], [ 141.60710645, 40.51451911 ], [ 141.607119920000031, 40.51452056 ], [ 141.60713508, 40.51452639 ], [ 141.607150250000018, 40.51453269 ], [ 141.60716678, 40.51454231 ], [ 141.607179340000016, 40.51455817 ], [ 141.60719523, 40.51458417 ], [ 141.60721623, 40.51458503 ], [ 141.607249780000018, 40.51456769 ], [ 141.607256060000026, 40.51455828 ], [ 141.60725353, 40.51454541 ], [ 141.607228860000021, 40.51450236 ], [ 141.607209250000011, 40.51448097 ], [ 141.60721192, 40.5144768 ], [ 141.607218970000019, 40.51447567 ], [ 141.607233090000022, 40.5144818 ], [ 141.607242140000011, 40.51448767 ], [ 141.607256740000025, 40.51448687 ], [ 141.60726086, 40.51448547 ], [ 141.607264940000022, 40.5144795 ], [ 141.607256550000017, 40.51446875 ], [ 141.607228030000016, 40.51439005 ], [ 141.60723416, 40.51438092 ], [ 141.607241390000013, 40.51437113 ], [ 141.607242500000012, 40.51435475 ], [ 141.60723066, 40.51432078 ], [ 141.607223190000013, 40.51427833 ], [ 141.607227860000023, 40.51426289 ], [ 141.60724380000002, 40.51425287 ], [ 141.60726394, 40.51425059 ], [ 141.60728506, 40.51424908 ], [ 141.607300190000018, 40.51424241 ], [ 141.607304670000019, 40.51423123 ], [ 141.607306390000019, 40.51421653 ], [ 141.607311580000015, 40.51420522 ], [ 141.607332050000025, 40.51419951 ], [ 141.60735445, 40.514207 ], [ 141.607405160000013, 40.51426747 ], [ 141.60742997, 40.51428044 ], [ 141.607439950000014, 40.51427553 ], [ 141.60744472, 40.51426017 ], [ 141.60740494, 40.51419687 ], [ 141.607410390000013, 40.51418736 ], [ 141.607430360000023, 40.51418092 ], [ 141.607442170000013, 40.51418192 ], [ 141.60749805, 40.51425972 ], [ 141.607517810000019, 40.51426375 ], [ 141.607534690000023, 40.51426425 ], [ 141.607553060000015, 40.51426972 ], [ 141.607573800000011, 40.51432036 ], [ 141.607582090000022, 40.51438364 ], [ 141.607606160000017, 40.514405 ], [ 141.607621, 40.51441103 ], [ 141.607632440000032, 40.51441211 ], [ 141.607644940000029, 40.51440995 ], [ 141.607701670000012, 40.51438761 ], [ 141.60771825, 40.51438144 ], [ 141.607731500000028, 40.51437497 ], [ 141.60773859, 40.51436511 ], [ 141.6077425, 40.51434572 ], [ 141.607741050000016, 40.51433359 ], [ 141.607731020000017, 40.51432328 ], [ 141.607717720000011, 40.51431689 ], [ 141.607712780000014, 40.51430711 ], [ 141.607716300000021, 40.51429411 ], [ 141.607715720000016, 40.5142868 ], [ 141.60770195, 40.51427889 ], [ 141.607695450000023, 40.51426678 ], [ 141.607724860000019, 40.51424984 ], [ 141.60772148, 40.51424147 ], [ 141.607744450000013, 40.51424789 ], [ 141.607752050000016, 40.51424297 ], [ 141.60775608, 40.51423531 ], [ 141.6077583, 40.51423359 ], [ 141.607794500000011, 40.51427017 ], [ 141.60782064, 40.51427656 ], [ 141.60785852, 40.51427695 ], [ 141.607910030000028, 40.51427164 ], [ 141.607943670000026, 40.51426161 ], [ 141.60804389, 40.51422356 ], [ 141.608155360000012, 40.51416833 ], [ 141.60815713, 40.51415959 ], [ 141.60815144, 40.51414575 ], [ 141.608150920000014, 40.51414259 ], [ 141.608167830000014, 40.51414528 ], [ 141.608176140000012, 40.51414972 ], [ 141.608204480000012, 40.51415053 ], [ 141.608237200000019, 40.51414292 ], [ 141.60825078000002, 40.5141348 ], [ 141.608258300000017, 40.51412189 ], [ 141.60825309, 40.51410795 ], [ 141.608190730000018, 40.5140528 ], [ 141.60818728000001, 40.51404103 ], [ 141.60819455, 40.51403711 ], [ 141.608206030000019, 40.51403911 ], [ 141.60828519, 40.51412061 ], [ 141.60831331, 40.51413187 ], [ 141.60832772, 40.51412439 ], [ 141.608333330000022, 40.51411597 ], [ 141.608334, 40.51411497 ], [ 141.608333330000022, 40.51411213 ], [ 141.608329640000022, 40.5140962 ], [ 141.608307950000011, 40.51407589 ], [ 141.608229100000017, 40.51399411 ], [ 141.60823302, 40.51398605 ], [ 141.60824384, 40.5139822 ], [ 141.60826031000002, 40.51398875 ], [ 141.60829791, 40.51401544 ], [ 141.608321720000021, 40.51402428 ], [ 141.608333330000022, 40.51403197 ], [ 141.60834241, 40.514038 ], [ 141.608395030000025, 40.51404595 ], [ 141.6084228, 40.5140398 ], [ 141.6084735, 40.51400597 ], [ 141.608480510000021, 40.51398784 ], [ 141.608479390000014, 40.51397277 ], [ 141.608492550000022, 40.51396928 ], [ 141.608509, 40.51397187 ], [ 141.60852467, 40.51397978 ], [ 141.60854353000002, 40.51398867 ], [ 141.608559440000022, 40.51398784 ], [ 141.60857722, 40.5139842 ], [ 141.608614230000029, 40.51395811 ], [ 141.60861406, 40.51394522 ], [ 141.60860467, 40.51392728 ], [ 141.608596300000016, 40.51392031 ], [ 141.60855791, 40.51391614 ], [ 141.60858042000001, 40.51389331 ], [ 141.60857389, 40.51387875 ], [ 141.60854988, 40.51386469 ], [ 141.60853341, 40.51385786 ], [ 141.60852997, 40.51384708 ], [ 141.6085208, 40.51380923 ], [ 141.60850331, 40.51379584 ], [ 141.60848815, 40.51379072 ], [ 141.60847156, 40.51378361 ], [ 141.60842881, 40.51372997 ], [ 141.608402610000013, 40.51372051 ], [ 141.608380860000011, 40.51372659 ], [ 141.608333330000022, 40.51375277 ], [ 141.608305230000013, 40.51376825 ], [ 141.608283, 40.51377641 ], [ 141.608272020000015, 40.51377623 ], [ 141.608255380000031, 40.51376625 ], [ 141.60825481, 40.51375617 ], [ 141.608262020000012, 40.51374739 ], [ 141.60832131, 40.51370997 ], [ 141.608329250000025, 40.51369397 ], [ 141.60832898000001, 40.51368039 ], [ 141.60832711, 40.51367236 ], [ 141.608333330000022, 40.51367095 ], [ 141.60833477, 40.51367061 ], [ 141.60834250000002, 40.51366561 ], [ 141.608343670000011, 40.51365478 ], [ 141.608333330000022, 40.51364795 ], [ 141.608279220000014, 40.51361217 ], [ 141.60825986, 40.51360059 ], [ 141.608258660000018, 40.51358944 ], [ 141.608272170000021, 40.51358205 ], [ 141.608286980000031, 40.5135668 ], [ 141.60828197, 40.51354217 ], [ 141.60828003, 40.51352751 ], [ 141.608293160000017, 40.51352184 ], [ 141.608305030000025, 40.51352608 ], [ 141.60832, 40.51354508 ], [ 141.608333330000022, 40.51354777 ], [ 141.608335840000024, 40.51354831 ], [ 141.60834803, 40.51354111 ], [ 141.608352390000022, 40.51353017 ], [ 141.60836036, 40.51351625 ], [ 141.60836905, 40.51350286 ], [ 141.608383800000013, 40.51349231 ], [ 141.60840158000002, 40.51348833 ], [ 141.60842209, 40.5134855 ], [ 141.608434530000011, 40.51347864 ], [ 141.60844008, 40.51347114 ], [ 141.608451480000014, 40.51346475 ], [ 141.608466610000022, 40.51346844 ], [ 141.60848042, 40.51347933 ], [ 141.60849331, 40.51349105 ], [ 141.608504330000017, 40.51349584 ], [ 141.60852961, 40.51350711 ], [ 141.608547390000012, 40.51350492 ], [ 141.608565890000023, 40.5134912 ], [ 141.608571250000011, 40.5134852 ], [ 141.608592109999989, 40.51347425 ], [ 141.608605380000029, 40.51346951 ], [ 141.608616940000019, 40.51346825 ], [ 141.60862409, 40.51347205 ], [ 141.608624140000018, 40.51347864 ], [ 141.608623330000029, 40.51348972 ], [ 141.608626860000015, 40.51349997 ], [ 141.608634580000029, 40.51350433 ], [ 141.608647280000014, 40.51350911 ], [ 141.608655360000029, 40.51351572 ], [ 141.608663770000021, 40.51351908 ], [ 141.60867464, 40.51351847 ], [ 141.60868591000002, 40.51351497 ], [ 141.60869575000001, 40.51350769 ], [ 141.60870211, 40.51349684 ], [ 141.608699590000015, 40.51348244 ], [ 141.60868525, 40.51346589 ], [ 141.60867389, 40.51345244 ], [ 141.60867056, 40.51343951 ], [ 141.60867306, 40.51342087 ], [ 141.60867681000002, 40.5133985 ], [ 141.608665450000018, 40.51337587 ], [ 141.608646980000032, 40.51334978 ], [ 141.608642780000025, 40.51333369 ], [ 141.608651720000012, 40.51332211 ], [ 141.6086637, 40.51331697 ], [ 141.608680420000013, 40.51332228 ], [ 141.608713280000018, 40.51335861 ], [ 141.60872397, 40.51337567 ], [ 141.608742480000018, 40.51338247 ], [ 141.60876453, 40.51338205 ], [ 141.60878034000001, 40.51337286 ], [ 141.608788420000025, 40.51335711 ], [ 141.608792530000017, 40.51333511 ], [ 141.608794690000025, 40.51331872 ], [ 141.608807300000024, 40.51330495 ], [ 141.608828500000016, 40.51330244 ], [ 141.608853720000013, 40.51330841 ], [ 141.608876110000011, 40.51331753 ], [ 141.608905530000015, 40.51332959 ], [ 141.60899272, 40.51334017 ], [ 141.609052, 40.51332195 ], [ 141.60907161, 40.51330525 ], [ 141.609076690000023, 40.51324414 ], [ 141.60926326, 40.5131395 ], [ 141.609275420000017, 40.51312214 ], [ 141.60928956, 40.51310808 ], [ 141.609320310000015, 40.51310561 ], [ 141.609349030000033, 40.51310839 ], [ 141.60938163000003, 40.51310295 ], [ 141.60949034, 40.51305161 ], [ 141.60950367, 40.51302061 ], [ 141.609497200000021, 40.51299159 ], [ 141.609494580000018, 40.51297186 ], [ 141.609513110000023, 40.51296147 ], [ 141.60953616, 40.51296395 ], [ 141.60956189, 40.51297484 ], [ 141.60958564, 40.51297731 ], [ 141.60960178, 40.51296584 ], [ 141.609611950000016, 40.51294489 ], [ 141.60963078, 40.51294195 ], [ 141.609659140000019, 40.51295617 ], [ 141.60969497, 40.51295305 ], [ 141.60975328, 40.51294339 ], [ 141.609794640000018, 40.51292733 ], [ 141.60980297, 40.51291441 ], [ 141.60973053, 40.51283347 ], [ 141.609740750000014, 40.51280756 ], [ 141.60975289000001, 40.51279595 ], [ 141.60977358, 40.51280022 ], [ 141.60985348, 40.51287236 ], [ 141.609932670000035, 40.51287408 ], [ 141.60999109, 40.51287308 ], [ 141.61008214, 40.51283877 ], [ 141.610121410000033, 40.51279689 ], [ 141.61014628, 40.51274205 ], [ 141.610130200000015, 40.51272992 ], [ 141.61011209000003, 40.51271564 ], [ 141.610117520000017, 40.51269553 ], [ 141.6101118, 40.51268113 ], [ 141.61009377000002, 40.51267261 ], [ 141.610019, 40.51263422 ], [ 141.609976890000013, 40.51257397 ], [ 141.60994645, 40.51254464 ], [ 141.60991908, 40.51253475 ], [ 141.60990652000001, 40.51249961 ], [ 141.609884640000018, 40.51248536 ], [ 141.609904379999989, 40.51247728 ], [ 141.609887250000014, 40.51245661 ], [ 141.609847520000017, 40.51243877 ], [ 141.60984172000002, 40.51242664 ], [ 141.609852090000032, 40.51242441 ], [ 141.609878470000012, 40.51243217 ], [ 141.609919100000013, 40.51244559 ], [ 141.6099427, 40.51244336 ], [ 141.60999109, 40.51238331 ], [ 141.6100308, 40.51238961 ], [ 141.61005839, 40.51241897 ], [ 141.61014419, 40.51242931 ], [ 141.61016577, 40.51240897 ], [ 141.610203330000019, 40.51239072 ], [ 141.610243750000024, 40.51237505 ], [ 141.610265140000024, 40.51235633 ], [ 141.61026547, 40.51232556 ], [ 141.61023236, 40.51229831 ], [ 141.610176860000024, 40.5122838 ], [ 141.61011842000002, 40.51229131 ], [ 141.610105230000016, 40.51228492 ], [ 141.61011910000002, 40.51225969 ], [ 141.610112410000028, 40.51225253 ], [ 141.610072890000026, 40.51225272 ], [ 141.610053, 40.51224853 ], [ 141.610037780000027, 40.51222631 ], [ 141.61002822, 40.51219636 ], [ 141.609995360000028, 40.51217128 ], [ 141.609978610000013, 40.51216123 ], [ 141.60997606, 40.51214539 ], [ 141.609984140000023, 40.51212839 ], [ 141.609993190000012, 40.51211564 ], [ 141.610011220000018, 40.51210436 ], [ 141.610031240000012, 40.51210025 ], [ 141.610045380000031, 40.51208953 ], [ 141.61004528, 40.512079 ], [ 141.609962700000011, 40.51196931 ], [ 141.609832090000026, 40.511806 ], [ 141.6098327, 40.51177728 ], [ 141.60986545, 40.51175192 ], [ 141.609907860000021, 40.51174597 ], [ 141.60993625, 40.51176164 ], [ 141.61015083, 40.51193231 ], [ 141.610184770000018, 40.5119372 ], [ 141.610216690000016, 40.51192259 ], [ 141.610210830000028, 40.51189461 ], [ 141.610115300000018, 40.51176636 ], [ 141.610031390000017, 40.51165175 ], [ 141.610049100000026, 40.51163369 ], [ 141.61010662000001, 40.51163844 ], [ 141.610141530000021, 40.51164759 ], [ 141.61026411, 40.51174761 ], [ 141.61030756, 40.51176031 ], [ 141.61043167, 40.51172505 ], [ 141.610478980000011, 40.51172608 ], [ 141.610511480000014, 40.5117302 ], [ 141.610542830000014, 40.51173703 ], [ 141.61056869, 40.51175836 ], [ 141.61058542, 40.51178708 ], [ 141.610595250000017, 40.51182105 ], [ 141.61061428, 40.51183317 ], [ 141.610640750000016, 40.51183695 ], [ 141.61065328, 40.51184911 ], [ 141.610658880000017, 40.51186647 ], [ 141.610686110000017, 40.51188239 ], [ 141.610735280000029, 40.51188008 ], [ 141.61076064, 40.51186739 ], [ 141.610787980000026, 40.51184397 ], [ 141.61079620000001, 40.51181087 ], [ 141.61084908, 40.51182347 ], [ 141.610857690000017, 40.51183208 ], [ 141.610841850000014, 40.51185156 ], [ 141.610846720000012, 40.51187456 ], [ 141.610868610000011, 40.51188956 ], [ 141.61089322, 40.51190522 ], [ 141.610917810000018, 40.51190939 ], [ 141.61094577, 40.51188767 ], [ 141.61097387, 40.51185661 ], [ 141.610938340000018, 40.51179641 ], [ 141.610962780000023, 40.51178697 ], [ 141.61098739000002, 40.51179328 ], [ 141.611000730000029, 40.511814 ], [ 141.611011280000014, 40.51183769 ], [ 141.611035969999989, 40.51185123 ], [ 141.611049080000015, 40.51184259 ], [ 141.611052670000021, 40.51182528 ], [ 141.611063800000011, 40.51181005 ], [ 141.61112667, 40.51177667 ], [ 141.611145280000017, 40.51175286 ], [ 141.611150700000024, 40.51173051 ], [ 141.61116847, 40.51171751 ], [ 141.611221170000022, 40.51170353 ], [ 141.611232480000012, 40.51169986 ], [ 141.611380310000015, 40.51168825 ], [ 141.611399050000017, 40.51167811 ], [ 141.61140355, 40.51165792 ], [ 141.61139492, 40.51164572 ], [ 141.611351480000025, 40.51163377 ], [ 141.61133073000002, 40.51163677 ], [ 141.61122167, 40.5116532 ], [ 141.611131340000014, 40.51168028 ], [ 141.61110869, 40.51166961 ], [ 141.61111589, 40.51164013 ], [ 141.611096010000011, 40.51162441 ], [ 141.611097780000023, 40.51161503 ], [ 141.61111066, 40.51158623 ], [ 141.61120406, 40.51149867 ], [ 141.611207660000019, 40.51147353 ], [ 141.61118475, 40.51144053 ], [ 141.611164770000016, 40.51142841 ], [ 141.611026160000023, 40.51141117 ], [ 141.611003450000027, 40.51140556 ], [ 141.61097336, 40.51141647 ], [ 141.610939420000022, 40.51140877 ], [ 141.610893920000024, 40.51138169 ], [ 141.61081361, 40.51135756 ], [ 141.61080185000003, 40.51135105 ], [ 141.610802940000013, 40.51134125 ], [ 141.610822050000024, 40.51133095 ], [ 141.610823090000025, 40.51131841 ], [ 141.610807130000012, 40.51130656 ], [ 141.61074908, 40.51127587 ], [ 141.61074525, 40.5112612 ], [ 141.610751530000016, 40.51125423 ], [ 141.610768050000019, 40.51125439 ], [ 141.610861170000021, 40.51127511 ], [ 141.61088263000002, 40.51127389 ], [ 141.61091, 40.51126325 ], [ 141.610930700000011, 40.51123764 ], [ 141.61092876, 40.51122125 ], [ 141.61085961, 40.511181 ], [ 141.610822550000023, 40.5111608 ], [ 141.610804250000029, 40.51114931 ], [ 141.61078808000002, 40.51113797 ], [ 141.61078136, 40.51112931 ], [ 141.61077942, 40.51112408 ], [ 141.610778880000026, 40.51111967 ], [ 141.610779220000012, 40.51111677 ], [ 141.61078224000002, 40.51111272 ], [ 141.61078713, 40.51110864 ], [ 141.61079322, 40.511104 ], [ 141.610797660000031, 40.51110036 ], [ 141.610798890000012, 40.51109387 ], [ 141.610796350000015, 40.51108984 ], [ 141.610791480000017, 40.51108484 ], [ 141.610781850000023, 40.51108092 ], [ 141.610769340000019, 40.51107777 ], [ 141.61074425000001, 40.51107264 ], [ 141.61071039, 40.51106375 ], [ 141.61068056000002, 40.51105459 ], [ 141.61064464, 40.51104005 ], [ 141.610629080000024, 40.51099128 ], [ 141.610649810000012, 40.5109868 ], [ 141.610860270000018, 40.51101439 ], [ 141.61089966, 40.51100125 ], [ 141.61091183000002, 40.5109818 ], [ 141.610887170000012, 40.51095225 ], [ 141.610867250000013, 40.51093239 ], [ 141.610847910000018, 40.51091377 ], [ 141.61083202, 40.51089867 ], [ 141.610824190000017, 40.51088459 ], [ 141.610824550000018, 40.51087269 ], [ 141.610833550000024, 40.51086751 ], [ 141.61085222, 40.51086853 ], [ 141.61087416, 40.51087775 ], [ 141.61090255000002, 40.51089539 ], [ 141.610932890000015, 40.5109152 ], [ 141.61097856, 40.51094578 ], [ 141.61101105, 40.51097211 ], [ 141.61108973, 40.51104003 ], [ 141.611099490000015, 40.51104897 ], [ 141.611105110000011, 40.51105272 ], [ 141.611114110000017, 40.51105636 ], [ 141.61112406, 40.51105836 ], [ 141.611130410000015, 40.51105878 ], [ 141.61113477, 40.51105864 ], [ 141.611138200000028, 40.511057 ], [ 141.611140390000031, 40.51105403 ], [ 141.611142, 40.51104995 ], [ 141.611143840000011, 40.51104444 ], [ 141.611144250000024, 40.51104067 ], [ 141.6111435, 40.51103608 ], [ 141.611141410000016, 40.51102941 ], [ 141.61113706, 40.51102117 ], [ 141.61112975, 40.5110115 ], [ 141.61099864000002, 40.5108972 ], [ 141.611023280000012, 40.51087377 ], [ 141.61102503, 40.51087278 ], [ 141.611025380000029, 40.51087278 ], [ 141.611025720000015, 40.51087278 ], [ 141.61102645, 40.51087278 ], [ 141.611028440000013, 40.51087267 ], [ 141.611041090000015, 40.51087322 ], [ 141.611041410000013, 40.51087322 ], [ 141.61104167000002, 40.51087322 ], [ 141.61104178, 40.51087331 ], [ 141.611042390000023, 40.51087367 ], [ 141.611169530000012, 40.5109715 ], [ 141.611170610000016, 40.51097214 ], [ 141.611171190000022, 40.51097239 ], [ 141.61117189, 40.51097247 ], [ 141.611172360000012, 40.51097247 ], [ 141.611206720000013, 40.51097361 ], [ 141.61120756, 40.51097359 ], [ 141.61120803, 40.51097351 ], [ 141.6112085, 40.51097341 ], [ 141.61120883000001, 40.51097331 ], [ 141.611211190000034, 40.51097214 ], [ 141.611245060000016, 40.51095264 ], [ 141.61140409, 40.51079495 ], [ 141.611425520000012, 40.51076228 ], [ 141.61143261, 40.51075141 ], [ 141.61143988, 40.51073967 ], [ 141.61144672, 40.51072772 ], [ 141.611453090000026, 40.51071561 ], [ 141.61145883, 40.51070341 ], [ 141.611471360000024, 40.51067505 ], [ 141.61147205, 40.5106728 ], [ 141.611472140000018, 40.51067047 ], [ 141.611471750000021, 40.51066823 ], [ 141.611470780000019, 40.51066597 ], [ 141.61139886, 40.51053839 ], [ 141.61139538, 40.51053272 ], [ 141.61139141000001, 40.51052728 ], [ 141.61138689, 40.51052208 ], [ 141.611381850000015, 40.51051717 ], [ 141.61115966, 40.51031269 ], [ 141.61115597, 40.51030956 ], [ 141.611151830000011, 40.51030677 ], [ 141.611147300000027, 40.51030431 ], [ 141.61114244, 40.51030225 ], [ 141.611100140000019, 40.51028625 ], [ 141.61109611, 40.510285 ], [ 141.611091860000016, 40.51028413 ], [ 141.61108747, 40.51028372 ], [ 141.61108311000001, 40.51028367 ], [ 141.611035940000022, 40.51028595 ], [ 141.611032280000018, 40.51028633 ], [ 141.611028760000011, 40.51028717 ], [ 141.611025360000014, 40.51028836 ], [ 141.61102231000001, 40.51029 ], [ 141.610977890000015, 40.51031714 ], [ 141.6109772, 40.51031733 ], [ 141.61097647, 40.51031733 ], [ 141.61097577000001, 40.51031697 ], [ 141.610975420000017, 40.51031653 ], [ 141.610966420000011, 40.51029517 ], [ 141.610961800000013, 40.51028367 ], [ 141.610957660000025, 40.51027197 ], [ 141.610954110000023, 40.51026031 ], [ 141.610951020000016, 40.51024844 ], [ 141.61094173, 40.51020967 ], [ 141.61093947, 40.51019925 ], [ 141.610937950000022, 40.51018872 ], [ 141.61093689, 40.5101782 ], [ 141.61093639, 40.51016767 ], [ 141.610935500000011, 40.51009922 ], [ 141.61093492, 40.51007931 ], [ 141.61093372000002, 40.51005941 ], [ 141.610931970000024, 40.51003953 ], [ 141.61092961, 40.51001964 ], [ 141.61092328, 40.50997141 ], [ 141.610922530000011, 40.509968 ], [ 141.610921190000028, 40.50996475 ], [ 141.61091939, 40.50996161 ], [ 141.610917, 40.50995875 ], [ 141.610869920000027, 40.50990728 ], [ 141.610854140000015, 40.50988964 ], [ 141.61083847, 40.50987192 ], [ 141.610794940000034, 40.50982097 ], [ 141.61079361, 40.5098198 ], [ 141.610792090000018, 40.50981892 ], [ 141.610790190000017, 40.50981847 ], [ 141.61078817, 40.50981831 ], [ 141.610744770000025, 40.50982059 ], [ 141.610728860000023, 40.50982177 ], [ 141.610712940000013, 40.50982313 ], [ 141.61069717, 40.50982478 ], [ 141.6106565, 40.50982936 ], [ 141.61064012, 40.50983103 ], [ 141.61062372, 40.5098322 ], [ 141.61060722, 40.50983295 ], [ 141.610590700000017, 40.50983325 ], [ 141.61054339, 40.50983339 ], [ 141.61053856, 40.50983314 ], [ 141.61053394000001, 40.50983253 ], [ 141.610529440000022, 40.5098315 ], [ 141.610525060000015, 40.50983 ], [ 141.61047467, 40.50980997 ], [ 141.610468490000017, 40.50980723 ], [ 141.610462580000018, 40.50980411 ], [ 141.61045711, 40.50980072 ], [ 141.610451860000012, 40.50979689 ], [ 141.61039839, 40.50975428 ], [ 141.61039636000001, 40.50975231 ], [ 141.610394690000021, 40.50975008 ], [ 141.61039348, 40.50974767 ], [ 141.610392870000027, 40.50974505 ], [ 141.610386420000026, 40.50969636 ], [ 141.61038611, 40.50969178 ], [ 141.610386300000016, 40.50968728 ], [ 141.610387200000019, 40.50968275 ], [ 141.610388660000012, 40.50967825 ], [ 141.61039772, 40.50965487 ], [ 141.61039888000002, 40.50965253 ], [ 141.610400610000028, 40.50965025 ], [ 141.61040283, 40.50964825 ], [ 141.61040542, 40.50964653 ], [ 141.610488660000016, 40.50960075 ], [ 141.6105575, 40.50955384 ], [ 141.61055239, 40.50952936 ], [ 141.61051326, 40.50948217 ], [ 141.610460780000011, 40.5094228 ], [ 141.61039881, 40.50934908 ], [ 141.610385380000025, 40.50933333 ], [ 141.610380420000013, 40.50931041 ], [ 141.610381830000023, 40.50928087 ], [ 141.610400360000028, 40.50925992 ], [ 141.610419, 40.509249 ], [ 141.61043953, 40.50923733 ], [ 141.610452480000021, 40.509225 ], [ 141.610461630000032, 40.50921197 ], [ 141.610503670000014, 40.50919375 ], [ 141.610530580000017, 40.50917484 ], [ 141.61058764, 40.50915933 ], [ 141.610598720000013, 40.50914772 ], [ 141.61058995, 40.5091248 ], [ 141.610539800000026, 40.50909489 ], [ 141.61042061, 40.50895836 ], [ 141.61041086, 40.5089332 ], [ 141.610399270000016, 40.50891031 ], [ 141.610436640000017, 40.50889636 ], [ 141.610457130000015, 40.50889264 ], [ 141.61049681, 40.50890605 ], [ 141.610533800000013, 40.50893236 ], [ 141.61055939, 40.50895095 ], [ 141.61059326, 40.50895936 ], [ 141.610636390000025, 40.50895547 ], [ 141.61058961, 40.50890111 ], [ 141.610531830000014, 40.50886267 ], [ 141.61052472, 40.5088195 ], [ 141.610552670000033, 40.50880713 ], [ 141.610584530000011, 40.50880695 ], [ 141.610608250000013, 40.50881751 ], [ 141.61061523, 40.50884987 ], [ 141.61064289, 40.50888489 ], [ 141.610671560000014, 40.50891489 ], [ 141.61069805, 40.50893272 ], [ 141.61071772, 40.50892825 ], [ 141.610790580000014, 40.508904 ], [ 141.61084458000002, 40.50886769 ], [ 141.610867720000016, 40.50885025 ], [ 141.610937830000012, 40.50883186 ], [ 141.611003550000021, 40.50883069 ], [ 141.61103442000001, 40.50881536 ], [ 141.61104158, 40.50879225 ], [ 141.61099601, 40.50875805 ], [ 141.610878340000028, 40.50866392 ], [ 141.610797860000019, 40.5086242 ], [ 141.61075358, 40.50861153 ], [ 141.610770270000017, 40.50859495 ], [ 141.61079075, 40.50858111 ], [ 141.610805520000014, 40.508563 ], [ 141.61081847, 40.50854923 ], [ 141.61086258, 40.50854677 ], [ 141.610944, 40.50859944 ], [ 141.610978140000014, 40.508623 ], [ 141.61101331, 40.50865292 ], [ 141.61103886, 40.50866861 ], [ 141.611061700000022, 40.50868495 ], [ 141.61111939, 40.50871625 ], [ 141.611245380000014, 40.50866217 ], [ 141.61127195, 40.50861164 ], [ 141.611233020000014, 40.50858308 ], [ 141.611185010000014, 40.50857269 ], [ 141.611160470000016, 40.50856495 ], [ 141.61112239000002, 40.50852495 ], [ 141.611130170000024, 40.50848453 ], [ 141.611139110000011, 40.50845069 ], [ 141.61117292, 40.50838364 ], [ 141.61117778000002, 40.50833333 ], [ 141.6111828, 40.50828144 ], [ 141.61114655, 40.50824792 ], [ 141.611131410000013, 40.50823361 ], [ 141.611138440000019, 40.50819836 ], [ 141.611156060000013, 40.50818095 ], [ 141.611168080000027, 40.50817078 ], [ 141.611298560000023, 40.5081472 ], [ 141.611306330000019, 40.50814625 ], [ 141.61131423, 40.50814575 ], [ 141.611322020000017, 40.50814578 ], [ 141.611403700000011, 40.50814784 ], [ 141.61140545, 40.50814767 ], [ 141.611407110000016, 40.50814711 ], [ 141.61140839, 40.50814628 ], [ 141.611409440000017, 40.5081452 ], [ 141.611439100000013, 40.50809853 ], [ 141.61143956, 40.50809744 ], [ 141.61143956, 40.50809617 ], [ 141.61143905, 40.508095 ], [ 141.611438110000023, 40.50809411 ], [ 141.61137075, 40.50804323 ], [ 141.611367640000026, 40.5080412 ], [ 141.611364230000021, 40.50803959 ], [ 141.611360530000013, 40.50803836 ], [ 141.611356740000019, 40.50803747 ], [ 141.611213, 40.50801378 ], [ 141.611194920000031, 40.50801056 ], [ 141.611176910000012, 40.50800689 ], [ 141.61115905, 40.50800278 ], [ 141.61114131, 40.50799831 ], [ 141.610972890000028, 40.50795297 ], [ 141.610969340000025, 40.50795184 ], [ 141.610966140000016, 40.50795022 ], [ 141.610963280000021, 40.50794836 ], [ 141.61096078, 40.50794611 ], [ 141.610865470000022, 40.50784787 ], [ 141.61086438000001, 40.50784644 ], [ 141.61086377, 40.5078448 ], [ 141.610863670000015, 40.50784311 ], [ 141.610864110000023, 40.50784147 ], [ 141.610976890000018, 40.50758486 ], [ 141.61097769, 40.50758253 ], [ 141.610977780000013, 40.50758008 ], [ 141.61097752, 40.50757764 ], [ 141.61097655, 40.50757541 ], [ 141.61093336, 40.50749392 ], [ 141.610926980000016, 40.50748253 ], [ 141.610920140000019, 40.50747141 ], [ 141.6109127, 40.50746047 ], [ 141.610904770000019, 40.50744972 ], [ 141.610836130000024, 40.50736039 ], [ 141.6108135, 40.50733117 ], [ 141.610790510000015, 40.50730214 ], [ 141.61076717, 40.50727322 ], [ 141.61076472, 40.50727025 ], [ 141.61074348, 40.50724447 ], [ 141.61069837, 40.50719036 ], [ 141.610697390000013, 40.50718875 ], [ 141.61069691, 40.50718705 ], [ 141.610696890000014, 40.50718533 ], [ 141.61069745, 40.50718361 ], [ 141.61086628000001, 40.50685395 ], [ 141.61086895, 40.50684941 ], [ 141.610872050000012, 40.50684508 ], [ 141.61087581000001, 40.50684092 ], [ 141.61087988, 40.506837 ], [ 141.611124640000014, 40.50662741 ], [ 141.611125840000028, 40.50662659 ], [ 141.61112737000002, 40.50662622 ], [ 141.611128880000024, 40.50662611 ], [ 141.61113031, 40.50662647 ], [ 141.611163840000017, 40.50663823 ], [ 141.611188, 40.50664725 ], [ 141.611234110000026, 40.5066655 ], [ 141.611241120000017, 40.50666797 ], [ 141.6112482, 40.50667008 ], [ 141.61125567000002, 40.50667175 ], [ 141.61126311000001, 40.50667295 ], [ 141.61127706000002, 40.50667484 ], [ 141.611283090000029, 40.50667553 ], [ 141.61128922, 40.50667567 ], [ 141.611295330000019, 40.50667533 ], [ 141.61130148, 40.50667467 ], [ 141.61132419, 40.50667111 ], [ 141.611325030000017, 40.50667084 ], [ 141.611325720000025, 40.50667028 ], [ 141.611325940000029, 40.50666956 ], [ 141.61132584, 40.50666884 ], [ 141.61131567000001, 40.50664756 ], [ 141.61131031, 40.50662095 ], [ 141.611309560000024, 40.50661887 ], [ 141.611308370000017, 40.506617 ], [ 141.611306690000021, 40.50661528 ], [ 141.61130467000001, 40.50661387 ], [ 141.611262870000019, 40.506591 ], [ 141.611243160000015, 40.50657987 ], [ 141.611223920000015, 40.50656847 ], [ 141.61120489000001, 40.50655672 ], [ 141.61118633000001, 40.50654459 ], [ 141.611143670000018, 40.50651605 ], [ 141.61113236, 40.5065082 ], [ 141.61112153000002, 40.5065 ], [ 141.611111170000015, 40.50649161 ], [ 141.611101140000017, 40.50648275 ], [ 141.611071220000014, 40.50645531 ], [ 141.611071580000015, 40.50645531 ], [ 141.611095190000015, 40.50646695 ], [ 141.611107420000025, 40.50647325 ], [ 141.611119270000017, 40.50647984 ], [ 141.611130950000017, 40.50648677 ], [ 141.61114222, 40.506494 ], [ 141.611172780000032, 40.50651425 ], [ 141.611176590000014, 40.50651647 ], [ 141.61118086, 40.50651841 ], [ 141.61118536, 40.50651992 ], [ 141.61118997, 40.50652105 ], [ 141.611201560000012, 40.50652305 ], [ 141.611208760000011, 40.506524 ], [ 141.611215969999989, 40.50652459 ], [ 141.611223280000019, 40.50652497 ], [ 141.61125314, 40.50652567 ], [ 141.611255030000024, 40.50652595 ], [ 141.61125669, 40.50652656 ], [ 141.611258110000023, 40.50652744 ], [ 141.61125908, 40.50652861 ], [ 141.611270390000016, 40.50654728 ], [ 141.611272190000022, 40.50654986 ], [ 141.611274580000014, 40.5065522 ], [ 141.611277300000012, 40.50655425 ], [ 141.611280530000016, 40.50655595 ], [ 141.611325110000024, 40.5065768 ], [ 141.611343870000013, 40.50658541 ], [ 141.611362720000017, 40.50659367 ], [ 141.611381920000014, 40.50660156 ], [ 141.611401240000021, 40.50660925 ], [ 141.611436810000015, 40.50662289 ], [ 141.611438440000029, 40.50662322 ], [ 141.611440120000026, 40.50662331 ], [ 141.611441750000012, 40.50662295 ], [ 141.611443160000022, 40.5066222 ], [ 141.61148706, 40.50659236 ], [ 141.611488220000012, 40.50659128 ], [ 141.611489050000017, 40.50659 ], [ 141.61148939, 40.50658859 ], [ 141.61148925, 40.50658713 ], [ 141.611482630000012, 40.50656656 ], [ 141.6114818, 40.50656503 ], [ 141.611480610000029, 40.50656377 ], [ 141.611479050000014, 40.50656269 ], [ 141.61147717, 40.506562 ], [ 141.61144983, 40.50655505 ], [ 141.611447810000016, 40.50655436 ], [ 141.611446130000019, 40.50655328 ], [ 141.61144484, 40.50655195 ], [ 141.611443990000026, 40.50655041 ], [ 141.611432670000028, 40.50652131 ], [ 141.611431720000013, 40.50651941 ], [ 141.611430170000034, 40.50651772 ], [ 141.611428250000017, 40.50651631 ], [ 141.61142601, 40.50651522 ], [ 141.611359530000016, 40.50648992 ], [ 141.611351110000015, 40.50648692 ], [ 141.611342330000014, 40.50648436 ], [ 141.611333480000013, 40.50648217 ], [ 141.611324470000028, 40.50648044 ], [ 141.611295750000011, 40.50647577 ], [ 141.611292440000028, 40.50647497 ], [ 141.611289250000027, 40.50647384 ], [ 141.6112865, 40.50647231 ], [ 141.611284, 40.50647044 ], [ 141.611244920000019, 40.5064355 ], [ 141.611244670000019, 40.50643513 ], [ 141.611244770000013, 40.50643478 ], [ 141.611245030000021, 40.50643451 ], [ 141.61124547, 40.50643441 ], [ 141.611275230000018, 40.50643395 ], [ 141.61127711, 40.50643364 ], [ 141.61127886, 40.50643311 ], [ 141.611280390000019, 40.50643211 ], [ 141.61128144, 40.50643092 ], [ 141.611289660000011, 40.50641889 ], [ 141.611290360000027, 40.50641761 ], [ 141.61129047, 40.50641617 ], [ 141.61129008, 40.50641484 ], [ 141.611289140000025, 40.50641359 ], [ 141.61125486, 40.50637805 ], [ 141.61125175, 40.5063752 ], [ 141.6112482, 40.50637269 ], [ 141.61124428, 40.50637047 ], [ 141.611240120000019, 40.50636861 ], [ 141.611160120000022, 40.50633789 ], [ 141.611140390000031, 40.50630425 ], [ 141.611139880000025, 40.50630308 ], [ 141.61114, 40.50630184 ], [ 141.611140580000011, 40.50630064 ], [ 141.61114151000001, 40.50629964 ], [ 141.61120481, 40.50625284 ], [ 141.611237660000029, 40.50622839 ], [ 141.6112702, 40.50620359 ], [ 141.61130236, 40.50617861 ], [ 141.61133428, 40.50615336 ], [ 141.611426740000013, 40.50607951 ], [ 141.611440890000011, 40.50606841 ], [ 141.61145553, 40.50605769 ], [ 141.611470610000026, 40.50604725 ], [ 141.61148608, 40.50603723 ], [ 141.611748690000013, 40.50587092 ], [ 141.611849560000024, 40.50580728 ], [ 141.61195075, 40.50574403 ], [ 141.612052440000014, 40.50568108 ], [ 141.612070830000022, 40.50566989 ], [ 141.6121545, 40.50561853 ], [ 141.61232003, 40.50551756 ], [ 141.612370560000016, 40.50546884 ], [ 141.61241694, 40.5054298 ], [ 141.612458270000019, 40.50539928 ], [ 141.61247183, 40.50538925 ], [ 141.61253506, 40.50534731 ], [ 141.612544940000021, 40.50534223 ], [ 141.612578910000025, 40.50532478 ], [ 141.612621850000011, 40.50530522 ], [ 141.61265445, 40.5052842 ], [ 141.612698200000011, 40.50525308 ], [ 141.612742090000012, 40.50523272 ], [ 141.612808520000016, 40.50521228 ], [ 141.61286856000001, 40.50519969 ], [ 141.612910030000023, 40.50519439 ], [ 141.612942700000019, 40.50519292 ], [ 141.61297815, 40.50517761 ], [ 141.61299109, 40.50516395 ], [ 141.61299847, 40.5051502 ], [ 141.61300842, 40.50512356 ], [ 141.61302889000001, 40.50510767 ], [ 141.613056860000029, 40.5050982 ], [ 141.613080250000024, 40.50508947 ], [ 141.613105500000017, 40.50508075 ], [ 141.61313361, 40.50507192 ], [ 141.61316542, 40.50505739 ], [ 141.613187780000032, 40.50504364 ], [ 141.613201800000013, 40.50504075 ], [ 141.61321508, 40.50504713 ], [ 141.61321917, 40.50507441 ], [ 141.613223450000021, 40.50510814 ], [ 141.61323306, 40.50512241 ], [ 141.61324348, 40.50512595 ], [ 141.61326514000001, 40.50513084 ], [ 141.613384920000016, 40.50515244 ], [ 141.613513, 40.50516905 ], [ 141.613548, 40.50517603 ], [ 141.61359694, 40.505183 ], [ 141.61363934000002, 40.50518559 ], [ 141.613660830000015, 40.50517833 ], [ 141.613668250000018, 40.5051682 ], [ 141.6136727, 40.50515311 ], [ 141.61366684, 40.50513739 ], [ 141.613665810000015, 40.50512875 ], [ 141.6136693, 40.5051165 ], [ 141.613672, 40.50510431 ], [ 141.613683110000011, 40.50509631 ], [ 141.61369722, 40.50509128 ], [ 141.61370922, 40.50507895 ], [ 141.613719440000011, 40.50506456 ], [ 141.613732410000011, 40.50505303 ], [ 141.61375397, 40.50505072 ], [ 141.61377575, 40.50505633 ], [ 141.613801140000021, 40.50505697 ], [ 141.61382642, 40.50504969 ], [ 141.61385353, 40.50503797 ], [ 141.613873650000016, 40.505035 ], [ 141.61390416, 40.50503053 ], [ 141.613951220000018, 40.50502741 ], [ 141.61403214, 40.50502489 ], [ 141.614099830000015, 40.50502236 ], [ 141.61416655, 40.50501767 ], [ 141.61423431, 40.50501947 ], [ 141.614323750000011, 40.50502047 ], [ 141.614381110000011, 40.50502233 ], [ 141.61445095000002, 40.50505078 ], [ 141.614773390000011, 40.50518125 ], [ 141.6150637, 40.50529997 ], [ 141.61543297, 40.50544969 ], [ 141.615575940000014, 40.50550769 ], [ 141.615567590000012, 40.50551939 ], [ 141.615554550000013, 40.50551397 ], [ 141.615340560000021, 40.5058212 ], [ 141.615323, 40.50581508 ], [ 141.615161090000015, 40.50604575 ], [ 141.615176280000014, 40.50605339 ], [ 141.61517272, 40.50606097 ], [ 141.615226620000016, 40.50607953 ], [ 141.615482050000026, 40.50571189 ], [ 141.6156128, 40.50552267 ], [ 141.6157662, 40.50558305 ], [ 141.6158685, 40.50574592 ], [ 141.61588167, 40.50574251 ], [ 141.6159135, 40.50572967 ], [ 141.61588623, 40.50568744 ], [ 141.61620883, 40.5055672 ], [ 141.6161907, 40.50554075 ], [ 141.615870560000019, 40.5056588 ], [ 141.615804250000025, 40.50555731 ], [ 141.614874330000021, 40.50517814 ], [ 141.614380360000013, 40.50497777 ], [ 141.614152280000013, 40.50488584 ], [ 141.61415294, 40.50485278 ], [ 141.61417764, 40.50480477 ], [ 141.61423898000001, 40.50472997 ], [ 141.614290220000015, 40.50468433 ], [ 141.614336420000029, 40.50464861 ], [ 141.61439542, 40.50460867 ], [ 141.614449690000015, 40.50455769 ], [ 141.61449214000001, 40.50452553 ], [ 141.614550830000013, 40.50446875 ], [ 141.61461005000001, 40.50440667 ], [ 141.614707660000022, 40.50432756 ], [ 141.614792, 40.50426556 ], [ 141.61484078, 40.5042385 ], [ 141.614862750000015, 40.50423978 ], [ 141.614877420000028, 40.50425464 ], [ 141.61489733, 40.50426233 ], [ 141.614923060000024, 40.50426241 ], [ 141.61493852000001, 40.50427495 ], [ 141.614960470000028, 40.50427272 ], [ 141.61496331, 40.50426277 ], [ 141.614973060000011, 40.50426084 ], [ 141.614987470000017, 40.50426172 ], [ 141.615001850000027, 40.50426144 ], [ 141.615014620000011, 40.50425253 ], [ 141.615028750000022, 40.50424 ], [ 141.61504961, 40.504227 ], [ 141.615380580000021, 40.50436192 ], [ 141.615783280000016, 40.50452392 ], [ 141.616137980000019, 40.50466803 ], [ 141.61591625, 40.50499053 ], [ 141.61595949, 40.50500741 ], [ 141.61618253, 40.50468422 ], [ 141.61666667, 40.50488089 ], [ 141.616809030000013, 40.50493872 ], [ 141.61686462, 40.50485667 ], [ 141.617291850000015, 40.50502028 ], [ 141.61724086000001, 40.50508969 ], [ 141.61723745, 40.50510972 ], [ 141.61733608, 40.50514975 ], [ 141.616878300000025, 40.5058105 ], [ 141.61666667, 40.50611195 ], [ 141.61664964000002, 40.50613617 ], [ 141.616640220000022, 40.50613777 ], [ 141.6164517, 40.50620931 ], [ 141.616271860000012, 40.50628031 ], [ 141.61621686, 40.50619703 ], [ 141.616163770000014, 40.50621747 ], [ 141.616218420000024, 40.50630147 ], [ 141.61584983, 40.50644467 ], [ 141.61588742, 40.50649961 ], [ 141.615930030000015, 40.50656208 ], [ 141.615942750000016, 40.50658172 ], [ 141.61623756, 40.50646456 ], [ 141.61666667, 40.50630075 ], [ 141.61669297, 40.50629069 ], [ 141.616798220000021, 40.50625044 ], [ 141.616921190000028, 40.50607951 ], [ 141.617056280000014, 40.50588692 ], [ 141.617031850000018, 40.50587636 ], [ 141.617011360000021, 40.50586931 ], [ 141.617180470000022, 40.50562823 ], [ 141.61728431, 40.50547751 ], [ 141.61723652, 40.50545611 ], [ 141.61741973, 40.50519 ], [ 141.617519970000018, 40.50504405 ], [ 141.61757008, 40.50501228 ], [ 141.617603410000015, 40.50505733 ], [ 141.617628270000012, 40.50511528 ], [ 141.6176317, 40.50513505 ], [ 141.617655840000026, 40.50514011 ], [ 141.61769837, 40.50514513 ], [ 141.61773811, 40.5051655 ], [ 141.617769, 40.50517169 ], [ 141.61783949, 40.50517867 ], [ 141.61786333, 40.50517653 ], [ 141.617882670000029, 40.50516623 ], [ 141.61791944, 40.5051622 ], [ 141.617963770000017, 40.50516053 ], [ 141.6179827, 40.50514347 ], [ 141.617983770000023, 40.5051262 ], [ 141.617998490000019, 40.50510178 ], [ 141.61797711, 40.50500889 ], [ 141.618215310000011, 40.50473311 ], [ 141.618261280000013, 40.50476089 ], [ 141.61828044, 40.50477508 ], [ 141.618277910000018, 40.50479113 ], [ 141.61824983, 40.50481133 ], [ 141.618223640000025, 40.50483069 ], [ 141.618211850000023, 40.50486364 ], [ 141.61822189, 40.5048932 ], [ 141.618247760000031, 40.50490617 ], [ 141.618264720000013, 40.50490408 ], [ 141.61829205, 40.5049102 ], [ 141.61831367000002, 40.50491147 ], [ 141.61834927000001, 40.50489997 ], [ 141.61837947, 40.50488941 ], [ 141.61838706, 40.5048918 ], [ 141.61839064, 40.50490503 ], [ 141.618395420000013, 40.50492984 ], [ 141.618395470000024, 40.50493651 ], [ 141.618386720000018, 40.50493333 ], [ 141.618370360000029, 40.50492786 ], [ 141.61835636, 40.50492975 ], [ 141.61834575, 40.50494161 ], [ 141.618338390000019, 40.50495672 ], [ 141.61835492000003, 40.50496884 ], [ 141.618375620000023, 40.50497178 ], [ 141.618400470000012, 40.50497041 ], [ 141.618456640000034, 40.50496022 ], [ 141.61847053, 40.50494592 ], [ 141.618459420000022, 40.50493608 ], [ 141.61844514, 40.50492556 ], [ 141.618448200000017, 40.50491392 ], [ 141.6184709, 40.504906 ], [ 141.618502190000015, 40.50489959 ], [ 141.618531110000021, 40.50488156 ], [ 141.618530830000026, 40.50486661 ], [ 141.618519860000021, 40.50485687 ], [ 141.618474280000015, 40.50485356 ], [ 141.61841533, 40.50483723 ], [ 141.61832601, 40.50481656 ], [ 141.61831501, 40.50480259 ], [ 141.618319140000011, 40.50479339 ], [ 141.618341630000032, 40.50478133 ], [ 141.61836645, 40.50477333 ], [ 141.61836949, 40.50476331 ], [ 141.6183508, 40.50474875 ], [ 141.618280610000028, 40.50470853 ], [ 141.61824986000002, 40.50468253 ], [ 141.618249420000012, 40.50466264 ], [ 141.61831078, 40.50463311 ], [ 141.618372, 40.50460128 ], [ 141.618410510000018, 40.50457553 ], [ 141.618448560000019, 40.50454933 ], [ 141.618512830000014, 40.50460769 ], [ 141.618662020000016, 40.50452303 ], [ 141.618861700000025, 40.50438313 ], [ 141.618888220000031, 40.50438313 ], [ 141.619095030000011, 40.50459167 ], [ 141.619074330000018, 40.50458751 ], [ 141.61906703, 40.50459997 ], [ 141.619045250000028, 40.504604 ], [ 141.619036030000018, 40.50462172 ], [ 141.61903652, 40.50464422 ], [ 141.619052870000019, 40.50465917 ], [ 141.619053160000021, 40.50467447 ], [ 141.61903042, 40.50475739 ], [ 141.618978520000013, 40.50475936 ], [ 141.618833450000011, 40.50482375 ], [ 141.61877464, 40.50486989 ], [ 141.61869306, 40.50492656 ], [ 141.61879815, 40.50501464 ], [ 141.61877202, 40.50503256 ], [ 141.61874678, 40.5050512 ], [ 141.61871589, 40.50507428 ], [ 141.618720920000015, 40.50508947 ], [ 141.618755250000021, 40.50510122 ], [ 141.6188008, 40.50510108 ], [ 141.618827690000018, 40.50512089 ], [ 141.618834280000016, 40.50516805 ], [ 141.618828050000019, 40.50519069 ], [ 141.618834060000012, 40.50521164 ], [ 141.618878560000013, 40.50525223 ], [ 141.618911170000018, 40.50527631 ], [ 141.61892348, 40.50526959 ], [ 141.61894014, 40.50525108 ], [ 141.618944470000031, 40.50522844 ], [ 141.61895292, 40.50522469 ], [ 141.61897803, 40.50524308 ], [ 141.619015890000014, 40.50529253 ], [ 141.61902472, 40.50531059 ], [ 141.61905442, 40.50532822 ], [ 141.61907341, 40.50532925 ], [ 141.61909326, 40.5053202 ], [ 141.619109080000015, 40.50530244 ], [ 141.619120510000016, 40.50530947 ], [ 141.619127390000017, 40.50532177 ], [ 141.619116390000016, 40.50534156 ], [ 141.61909047, 40.50537408 ], [ 141.619050969999989, 40.50539731 ], [ 141.61904472, 40.50541708 ], [ 141.61907278000001, 40.50544525 ], [ 141.61910591, 40.50544351 ], [ 141.61916263, 40.50543159 ], [ 141.619207610000018, 40.50540236 ], [ 141.619220580000018, 40.50538328 ], [ 141.619239360000023, 40.50537269 ], [ 141.61926397000002, 40.50536939 ], [ 141.619278300000019, 40.50537413 ], [ 141.619293310000018, 40.50536595 ], [ 141.619304450000016, 40.50534967 ], [ 141.61932117, 40.50532684 ], [ 141.619335330000013, 40.50532728 ], [ 141.619371750000028, 40.50534333 ], [ 141.61946531000001, 40.50537289 ], [ 141.619493160000019, 40.50538413 ], [ 141.619511750000015, 40.50537869 ], [ 141.619538780000028, 40.50534987 ], [ 141.61955737, 40.50534605 ], [ 141.619570510000017, 40.50534795 ], [ 141.619588970000024, 40.50536403 ], [ 141.619601970000019, 40.50537672 ], [ 141.6196128, 40.50538439 ], [ 141.61963022, 40.50539131 ], [ 141.619643310000015, 40.50539905 ], [ 141.61965075, 40.50541169 ], [ 141.61964953, 40.50542747 ], [ 141.619643700000012, 40.50545317 ], [ 141.619635840000029, 40.505468 ], [ 141.619635720000019, 40.505478 ], [ 141.619635580000022, 40.50549717 ], [ 141.619638690000016, 40.50551059 ], [ 141.619649340000024, 40.50553159 ], [ 141.61967747, 40.50556614 ], [ 141.619716330000017, 40.50561003 ], [ 141.619745450000011, 40.50563964 ], [ 141.619762800000018, 40.50565995 ], [ 141.619773650000013, 40.50566844 ], [ 141.61979542, 40.50567377 ], [ 141.61982387, 40.50567422 ], [ 141.61986438, 40.50566908 ], [ 141.61990272, 40.505668 ], [ 141.619914670000014, 40.50567153 ], [ 141.619926670000012, 40.50567759 ], [ 141.61992652, 40.50568747 ], [ 141.619926300000031, 40.50570747 ], [ 141.61992061, 40.50572569 ], [ 141.619914940000029, 40.50574564 ], [ 141.61991577, 40.50576725 ], [ 141.61992747, 40.50579825 ], [ 141.6199382, 40.50581753 ], [ 141.61995983, 40.50583036 ], [ 141.619991390000024, 40.5058442 ], [ 141.62000455, 40.50585023 ], [ 141.62001428, 40.50585459 ], [ 141.62003066, 40.50585484 ], [ 141.6200493, 40.50585433 ], [ 141.620061310000011, 40.50585208 ], [ 141.620067330000012, 40.50585197 ], [ 141.62007691, 40.50585487 ], [ 141.620080920000021, 40.50586231 ], [ 141.6200775, 40.50587387 ], [ 141.62008064, 40.50588889 ], [ 141.620098970000015, 40.50590336 ], [ 141.620112050000017, 40.50591192 ], [ 141.620127170000018, 40.50592297 ], [ 141.62014348, 40.50593567 ], [ 141.62016083, 40.50594761 ], [ 141.62017287, 40.50594778 ], [ 141.620191510000012, 40.50594641 ], [ 141.620208440000027, 40.50594259 ], [ 141.62021783, 40.50593767 ], [ 141.620228810000015, 40.50592769 ], [ 141.620236550000016, 40.50592387 ], [ 141.620243, 40.50592139 ], [ 141.620249950000016, 40.50591908 ], [ 141.62025275000002, 40.50591689 ], [ 141.62025533000002, 40.505905 ], [ 141.620244550000024, 40.50589156 ], [ 141.620221720000018, 40.50588784 ], [ 141.62021078, 40.50588953 ], [ 141.62019428, 40.50589244 ], [ 141.62018555, 40.50589141 ], [ 141.620181120000012, 40.50588425 ], [ 141.620178150000015, 40.5058738 ], [ 141.62018258, 40.50586056 ], [ 141.620188250000012, 40.50585069 ], [ 141.62021027000003, 40.50583686 ], [ 141.620227950000015, 40.50582387 ], [ 141.620237910000014, 40.50580984 ], [ 141.62023708000001, 40.50578903 ], [ 141.62023625, 40.50576822 ], [ 141.620222310000031, 40.50574633 ], [ 141.62019949, 40.50573353 ], [ 141.6201745, 40.50572317 ], [ 141.62016141, 40.50571461 ], [ 141.62015713, 40.50570203 ], [ 141.6201575, 40.50567295 ], [ 141.62015764, 40.50566295 ], [ 141.62015997, 40.50565211 ], [ 141.620167830000014, 40.50563811 ], [ 141.620175620000026, 40.5056258 ], [ 141.62017241, 40.50561492 ], [ 141.620163860000019, 40.50559978 ], [ 141.620163970000021, 40.50559059 ], [ 141.620174920000011, 40.50558833 ], [ 141.620192410000016, 40.50559111 ], [ 141.620223970000012, 40.50560575 ], [ 141.620244720000017, 40.50560353 ], [ 141.62026136, 40.50559297 ], [ 141.620302310000028, 40.50555289 ], [ 141.620323330000019, 40.50552664 ], [ 141.620332140000016, 40.50552169 ], [ 141.6203409, 40.50552272 ], [ 141.62034947, 40.50553203 ], [ 141.620354750000018, 40.50554795 ], [ 141.620360030000029, 40.50556717 ], [ 141.620359830000012, 40.50558041 ], [ 141.62035964, 40.50559375 ], [ 141.62036616, 40.50560639 ], [ 141.620376980000032, 40.50561236 ], [ 141.620395380000019, 40.50562431 ], [ 141.620416060000025, 40.50563541 ], [ 141.620429140000027, 40.50564317 ], [ 141.620447520000027, 40.5056535 ], [ 141.620460510000015, 40.50566195 ], [ 141.620483450000023, 40.5056682 ], [ 141.620510610000025, 40.50567944 ], [ 141.620529140000031, 40.50568887 ], [ 141.62054988, 40.50568836 ], [ 141.62056192, 40.50568695 ], [ 141.620572970000012, 40.50567461 ], [ 141.620584090000023, 40.50565644 ], [ 141.620587890000024, 40.50561911 ], [ 141.620585940000012, 40.50559408 ], [ 141.62056872, 40.50557467 ], [ 141.6205482, 40.50555356 ], [ 141.620548300000024, 40.50554356 ], [ 141.62055711, 40.50554033 ], [ 141.62056691, 40.50554056 ], [ 141.620590920000012, 40.50554508 ], [ 141.62060514, 40.50555028 ], [ 141.620612670000014, 40.50555789 ], [ 141.620613610000021, 40.50556877 ], [ 141.62061455, 40.50557786 ], [ 141.620626360000017, 40.50559805 ], [ 141.620651050000021, 40.50563347 ], [ 141.620667200000014, 40.5056512 ], [ 141.62067703, 40.50565464 ], [ 141.620690140000022, 40.5056548 ], [ 141.620705500000014, 40.50565597 ], [ 141.62072294, 40.50565539 ], [ 141.620733800000011, 40.50565559 ], [ 141.62074689, 40.50566405 ], [ 141.62075442, 40.50567256 ], [ 141.620767390000026, 40.50568184 ], [ 141.62078589, 40.50568964 ], [ 141.620805500000017, 40.50569247 ], [ 141.620833870000013, 40.50569544 ], [ 141.620869950000014, 40.50569439 ], [ 141.620891850000021, 40.50569217 ], [ 141.62091591, 40.50569011 ], [ 141.620926780000019, 40.50569192 ], [ 141.62093547, 40.50569708 ], [ 141.62093533, 40.5057062 ], [ 141.620931720000016, 40.50573117 ], [ 141.620922780000029, 40.50575256 ], [ 141.62092272000001, 40.50575922 ], [ 141.620923670000025, 40.50576841 ], [ 141.62093224, 40.50577692 ], [ 141.62094969, 40.50578553 ], [ 141.620980140000029, 40.50579433 ], [ 141.62101708000003, 40.50580651 ], [ 141.621037780000023, 40.50581103 ], [ 141.621066160000026, 40.50581561 ], [ 141.62109236, 40.50581525 ], [ 141.621140610000026, 40.5058052 ], [ 141.621226080000014, 40.50577995 ], [ 141.621260050000018, 40.505768 ], [ 141.621295190000012, 40.50575525 ], [ 141.621329050000014, 40.50574664 ], [ 141.621361950000022, 40.505743 ], [ 141.621387030000022, 40.50573841 ], [ 141.621399170000018, 40.50572861 ], [ 141.62140044, 40.50571697 ], [ 141.62139292, 40.50570856 ], [ 141.62136272, 40.50567813 ], [ 141.62129453, 40.50562961 ], [ 141.62125222, 40.50560397 ], [ 141.62119372, 40.50556564 ], [ 141.621116980000011, 40.50549953 ], [ 141.621071700000016, 40.50545136 ], [ 141.621051190000031, 40.5054335 ], [ 141.621047060000024, 40.5054218 ], [ 141.621048200000018, 40.50540847 ], [ 141.621059270000018, 40.50539867 ], [ 141.62107803, 40.50538739 ], [ 141.621090080000016, 40.50537839 ], [ 141.62110328, 40.50537775 ], [ 141.621116300000011, 40.50538136 ], [ 141.62112489, 40.50538977 ], [ 141.62113781, 40.50540417 ], [ 141.621156, 40.50543692 ], [ 141.62118092, 40.50545811 ], [ 141.62123294, 40.5054872 ], [ 141.62134805, 40.50553487 ], [ 141.621375230000012, 40.50554692 ], [ 141.621401390000017, 40.50555395 ], [ 141.62142302, 40.5055602 ], [ 141.621433920000015, 40.50557203 ], [ 141.62143477, 40.50558444 ], [ 141.621434580000027, 40.50559859 ], [ 141.621430050000015, 40.50561436 ], [ 141.621422280000019, 40.50562586 ], [ 141.62141241, 40.50562989 ], [ 141.621398200000016, 40.50563547 ], [ 141.621397, 40.50564297 ], [ 141.621409950000015, 40.50565144 ], [ 141.62146092, 40.50568225 ], [ 141.621513110000024, 40.50569386 ], [ 141.62156217, 40.5056938 ], [ 141.62159942, 40.50568861 ], [ 141.621615840000032, 40.50568136 ], [ 141.62162355000001, 40.50567564 ], [ 141.621615060000011, 40.50566392 ], [ 141.621594360000017, 40.50565108 ], [ 141.621587910000017, 40.50564347 ], [ 141.621594580000021, 40.50563864 ], [ 141.621609800000016, 40.50563972 ], [ 141.62163486, 40.50564341 ], [ 141.621657890000023, 40.50563461 ], [ 141.62166844, 40.50562987 ], [ 141.62167506, 40.5056308 ], [ 141.62168078000002, 40.5056358 ], [ 141.621691630000015, 40.505646 ], [ 141.621698080000016, 40.50565108 ], [ 141.62170445000001, 40.50566113 ], [ 141.62171645, 40.50566797 ], [ 141.621732780000031, 40.50567156 ], [ 141.62174914000002, 40.50566775 ], [ 141.621766640000033, 40.50566133 ], [ 141.6218072, 40.50565033 ], [ 141.621821510000018, 40.50564141 ], [ 141.621824250000031, 40.50563475 ], [ 141.62181956, 40.50562559 ], [ 141.621798970000015, 40.50561275 ], [ 141.621788150000015, 40.50560347 ], [ 141.62178713, 40.50559841 ], [ 141.621789300000017, 40.50559356 ], [ 141.621798150000018, 40.50559033 ], [ 141.621808970000018, 40.50559017 ], [ 141.621821, 40.50558992 ], [ 141.62183742000002, 40.50559017 ], [ 141.621852720000021, 40.50558708 ], [ 141.62186577, 40.50558475 ], [ 141.621871390000024, 40.50557903 ], [ 141.62187044, 40.50556903 ], [ 141.62184898000001, 40.50553956 ], [ 141.621825280000024, 40.5055118 ], [ 141.621803700000015, 40.50549231 ], [ 141.621784140000017, 40.50548453 ], [ 141.621754770000024, 40.50547653 ], [ 141.6216962, 40.5054498 ], [ 141.62166910000002, 40.50543361 ], [ 141.621642830000013, 40.50541847 ], [ 141.62161508, 40.50540633 ], [ 141.621586010000016, 40.50540075 ], [ 141.62155737, 40.50540259 ], [ 141.621517690000019, 40.50540222 ], [ 141.621487280000025, 40.50540314 ], [ 141.62145783, 40.50539847 ], [ 141.621421970000029, 40.50538792 ], [ 141.621399140000022, 40.50537339 ], [ 141.621344890000017, 40.50534595 ], [ 141.62130811000003, 40.5053278 ], [ 141.621291720000016, 40.50531928 ], [ 141.62128103, 40.50530161 ], [ 141.62127365, 40.50528572 ], [ 141.62126394, 40.50527308 ], [ 141.621244530000013, 40.50525772 ], [ 141.621205300000014, 40.50524467 ], [ 141.621144360000017, 40.50522869 ], [ 141.621112870000019, 40.5052182 ], [ 141.621087860000017, 40.50521025 ], [ 141.62105309, 40.50519223 ], [ 141.621030250000018, 40.50518605 ], [ 141.621006250000022, 40.50518236 ], [ 141.620980030000027, 40.50517939 ], [ 141.62095711, 40.50517736 ], [ 141.620940830000023, 40.50516795 ], [ 141.620923480000016, 40.50515761 ], [ 141.62090608, 40.50515241 ], [ 141.62088861, 40.50515208 ], [ 141.620856810000021, 40.50515653 ], [ 141.62084489, 40.50515553 ], [ 141.620837280000018, 40.50515125 ], [ 141.620835140000025, 40.50514039 ], [ 141.62083536, 40.50512875 ], [ 141.620840890000011, 40.505118 ], [ 141.62085966, 40.50510753 ], [ 141.620878370000014, 40.50509369 ], [ 141.62088394, 40.50508547 ], [ 141.62088406, 40.50507547 ], [ 141.620882, 40.50507044 ], [ 141.62087553, 40.50506284 ], [ 141.620864550000022, 40.50506184 ], [ 141.62084934, 40.50506156 ], [ 141.62082633, 40.50506369 ], [ 141.620814250000024, 40.50506767 ], [ 141.62079555, 40.505074 ], [ 141.62078241, 40.50508039 ], [ 141.62077367, 40.50508028 ], [ 141.62076597, 40.50507764 ], [ 141.62074872, 40.50506577 ], [ 141.620720510000012, 40.50504361 ], [ 141.620701, 40.50502997 ], [ 141.620683720000017, 40.50501641 ], [ 141.62066859, 40.50500111 ], [ 141.62065669, 40.50499517 ], [ 141.62064569, 40.50499325 ], [ 141.620629300000019, 40.504993 ], [ 141.62062064, 40.50498956 ], [ 141.620616300000023, 40.504982 ], [ 141.620607760000013, 40.50496603 ], [ 141.620588590000011, 40.50493159 ], [ 141.620572410000023, 40.50491044 ], [ 141.62055397, 40.50489851 ], [ 141.62053211, 40.50489486 ], [ 141.620505840000021, 40.50489775 ], [ 141.62047185000003, 40.50490877 ], [ 141.620403720000013, 40.50493347 ], [ 141.62036745, 40.50494786 ], [ 141.620335550000021, 40.50496736 ], [ 141.62031348, 40.50498453 ], [ 141.620294700000017, 40.5049942 ], [ 141.62028392000002, 40.50498895 ], [ 141.620275280000016, 40.50497803 ], [ 141.620272170000021, 40.50496464 ], [ 141.620272280000023, 40.5049522 ], [ 141.620282340000017, 40.50493484 ], [ 141.620301190000021, 40.50491344 ], [ 141.62032978000002, 40.5048965 ], [ 141.62037375, 40.50488225 ], [ 141.62042528, 40.50486975 ], [ 141.620446140000013, 40.5048668 ], [ 141.620461510000013, 40.50485869 ], [ 141.620461630000023, 40.50485041 ], [ 141.620453060000017, 40.50483353 ], [ 141.62043467, 40.50481584 ], [ 141.620421670000013, 40.50480395 ], [ 141.620408750000024, 40.50478872 ], [ 141.620391500000011, 40.50476595 ], [ 141.62037314, 40.50475067 ], [ 141.620355640000014, 40.50474703 ], [ 141.620349, 40.50475356 ], [ 141.620347690000017, 40.50477356 ], [ 141.6203485, 40.50480192 ], [ 141.620343970000022, 40.50480933 ], [ 141.62033095000001, 40.50480492 ], [ 141.62032567, 40.50478647 ], [ 141.62031934, 40.50476889 ], [ 141.620305230000014, 40.50475447 ], [ 141.620285620000033, 40.50474164 ], [ 141.62024886, 40.50472739 ], [ 141.62021694, 40.50472203 ], [ 141.620186390000015, 40.5047215 ], [ 141.62016462, 40.50472597 ], [ 141.62015433000002, 40.50473461 ], [ 141.62015148, 40.504753 ], [ 141.62015008, 40.50476561 ], [ 141.620148660000012, 40.50477436 ], [ 141.620138520000012, 40.50477514 ], [ 141.62010375, 40.504777 ], [ 141.62007306000001, 40.50477731 ], [ 141.62000525000002, 40.50477959 ], [ 141.619958170000018, 40.50478044 ], [ 141.61993080000002, 40.50477908 ], [ 141.619910080000011, 40.50477384 ], [ 141.61988947, 40.50475595 ], [ 141.619885380000028, 40.50474003 ], [ 141.619873410000025, 40.50472653 ], [ 141.619850610000015, 40.5047128 ], [ 141.6198245, 40.50469992 ], [ 141.61979628, 40.50467697 ], [ 141.619776840000014, 40.50465828 ], [ 141.619766130000016, 40.50464141 ], [ 141.619765250000029, 40.50461811 ], [ 141.61975883, 40.50460303 ], [ 141.619749110000015, 40.50459867 ], [ 141.619731530000024, 40.50459841 ], [ 141.619712870000029, 40.50460559 ], [ 141.619682090000026, 40.5046192 ], [ 141.61964031, 40.50463689 ], [ 141.619602970000017, 40.50464461 ], [ 141.61958895, 40.50464369 ], [ 141.61956791, 40.50464233 ], [ 141.619526420000028, 40.50463414 ], [ 141.61947847, 40.50461167 ], [ 141.6194307, 40.50458175 ], [ 141.619392190000013, 40.50454805 ], [ 141.61934202, 40.50449508 ], [ 141.619309250000015, 40.50445784 ], [ 141.619282530000021, 40.50443144 ], [ 141.619258270000017, 40.50440559 ], [ 141.619235160000017, 40.50437736 ], [ 141.619216890000018, 40.50434877 ], [ 141.619200390000032, 40.50431861 ], [ 141.61918745, 40.50429133 ], [ 141.619166520000022, 40.50423886 ], [ 141.619152830000019, 40.50419692 ], [ 141.619147640000023, 40.50416723 ], [ 141.619143800000018, 40.50414211 ], [ 141.6191393, 40.50411972 ], [ 141.61913489, 40.50409641 ], [ 141.61912953, 40.50407117 ], [ 141.61912501, 40.50404741 ], [ 141.61911772000002, 40.50401944 ], [ 141.61910936000001, 40.50400025 ], [ 141.61909911, 40.5039722 ], [ 141.61909083, 40.50394011 ], [ 141.6190908, 40.50392786 ], [ 141.619090780000022, 40.5039148 ], [ 141.61909506, 40.50390667 ], [ 141.619113310000017, 40.50389447 ], [ 141.61914239, 40.50388797 ], [ 141.619214380000017, 40.50388144 ], [ 141.619293990000017, 40.50387831 ], [ 141.61934553, 40.50387669 ], [ 141.61941109, 40.50387264 ], [ 141.61945633000002, 40.50386611 ], [ 141.619489640000012, 40.50386047 ], [ 141.61951328, 40.50385311 ], [ 141.61953689, 40.50384333 ], [ 141.61955733, 40.50382705 ], [ 141.619584190000012, 40.50380256 ], [ 141.619613110000017, 40.503783 ], [ 141.619637830000016, 40.50376913 ], [ 141.61967114, 40.50375289 ], [ 141.619716330000017, 40.50373251 ], [ 141.619751700000023, 40.50372028 ], [ 141.619799, 40.50370897 ], [ 141.619860360000018, 40.50368856 ], [ 141.619919440000018, 40.50366572 ], [ 141.61994302, 40.50365603 ], [ 141.61996131, 40.50365436 ], [ 141.61999577, 40.50365603 ], [ 141.6200172, 40.50366011 ], [ 141.620046300000013, 40.50365767 ], [ 141.62006231, 40.50365523 ], [ 141.620095640000017, 40.50364059 ], [ 141.620126840000012, 40.50362261 ], [ 141.620159050000012, 40.50359495 ], [ 141.620167690000017, 40.50357614 ], [ 141.620176300000026, 40.503546 ], [ 141.62018161, 40.50352641 ], [ 141.620180560000023, 40.50350436 ], [ 141.62018156000002, 40.50349047 ], [ 141.620186980000028, 40.5034782 ], [ 141.62020633, 40.50346105 ], [ 141.62023639, 40.50344805 ], [ 141.620254640000013, 40.50344317 ], [ 141.620275140000018, 40.50344078 ], [ 141.62029333000001, 40.50343264 ], [ 141.62030956000001, 40.50341792 ], [ 141.62031601000001, 40.503404 ], [ 141.620317060000019, 40.50338447 ], [ 141.62031586, 40.50336323 ], [ 141.62031597, 40.50335097 ], [ 141.62031589, 40.50333377 ], [ 141.62031589, 40.50331422 ], [ 141.62032022, 40.50330033 ], [ 141.620337440000014, 40.50327995 ], [ 141.62035036, 40.503275 ], [ 141.62038684, 40.50326692 ], [ 141.620419170000019, 40.50325713 ], [ 141.62045562000003, 40.50324572 ], [ 141.620476130000014, 40.50323505 ], [ 141.620486860000028, 40.50322364 ], [ 141.620496550000013, 40.50320653 ], [ 141.62049872, 40.5031885 ], [ 141.6204965, 40.50316969 ], [ 141.62049008, 40.50315669 ], [ 141.620487890000021, 40.50314031 ], [ 141.62048798, 40.50312644 ], [ 141.620500830000026, 40.50310761 ], [ 141.620523330000026, 40.50308477 ], [ 141.62056431000002, 40.50303578 ], [ 141.6206008, 40.50300967 ], [ 141.62061481, 40.50299741 ], [ 141.62061798000002, 40.50298514 ], [ 141.620618, 40.50297613 ], [ 141.62060725, 40.50296469 ], [ 141.62059217, 40.50294751 ], [ 141.620589030000019, 40.50293203 ], [ 141.620589, 40.50291889 ], [ 141.620591140000016, 40.5028985 ], [ 141.620619140000031, 40.50286175 ], [ 141.6206535, 40.50281513 ], [ 141.62066109, 40.50279717 ], [ 141.620682610000017, 40.50278161 ], [ 141.62071591, 40.50276364 ], [ 141.620741720000012, 40.50274159 ], [ 141.620766450000019, 40.50270728 ], [ 141.620782530000014, 40.5026928 ], [ 141.6208009, 40.50267625 ], [ 141.62083859, 40.50265905 ], [ 141.62086328, 40.50264187 ], [ 141.62089776000002, 40.502624 ], [ 141.62091597, 40.50261908 ], [ 141.62095367, 40.50261333 ], [ 141.620980560000021, 40.50261341 ], [ 141.621007390000017, 40.50261828 ], [ 141.62102672, 40.50262492 ], [ 141.6210418, 40.50263553 ], [ 141.621041750000018, 40.5026502 ], [ 141.62103747, 40.50267805 ], [ 141.6210375, 40.50270095 ], [ 141.621039560000014, 40.50271489 ], [ 141.621040640000018, 40.50272711 ], [ 141.62105462, 40.502741 ], [ 141.62108258, 40.5027525 ], [ 141.621095520000011, 40.50275828 ], [ 141.62110519, 40.50276723 ], [ 141.621106250000025, 40.50277703 ], [ 141.621109390000015, 40.50278439 ], [ 141.621119170000014, 40.50279341 ], [ 141.621141750000021, 40.50280651 ], [ 141.621196860000026, 40.50281828 ], [ 141.62121217, 40.50282422 ], [ 141.621239920000022, 40.50283672 ], [ 141.621255360000021, 40.50284617 ], [ 141.621272870000013, 40.50285964 ], [ 141.621280270000028, 40.50286797 ], [ 141.62129431, 40.50287697 ], [ 141.621309270000012, 40.50287695 ], [ 141.621332970000026, 40.50287372 ], [ 141.621364140000026, 40.50286641 ], [ 141.62138442, 40.50285536 ], [ 141.621392110000016, 40.50284759 ], [ 141.621401030000015, 40.502833 ], [ 141.621410200000014, 40.50281944 ], [ 141.621422920000015, 40.50280856 ], [ 141.621442630000018, 40.50279895 ], [ 141.62147920000001, 40.50278636 ], [ 141.62150825, 40.50277897 ], [ 141.621528720000015, 40.50276595 ], [ 141.621535110000025, 40.50275608 ], [ 141.62153625000002, 40.50274384 ], [ 141.62153311000003, 40.50272584 ], [ 141.621512700000011, 40.50270544 ], [ 141.62144394, 40.50265792 ], [ 141.62134297, 40.50259978 ], [ 141.62124086, 40.50255464 ], [ 141.62118064, 40.50253011 ], [ 141.621159080000012, 40.50251369 ], [ 141.621147300000018, 40.50249567 ], [ 141.62114406, 40.5024802 ], [ 141.62114406, 40.50246947 ], [ 141.621151610000027, 40.50245889 ], [ 141.62116136, 40.50244575 ], [ 141.62117419, 40.50244413 ], [ 141.621194620000011, 40.502445 ], [ 141.621209690000029, 40.50245156 ], [ 141.621221500000019, 40.5024638 ], [ 141.621230170000018, 40.50247772 ], [ 141.621243060000012, 40.50249086 ], [ 141.62126988, 40.50251464 ], [ 141.621311830000025, 40.50254984 ], [ 141.621378440000029, 40.50258747 ], [ 141.621501970000025, 40.50265633 ], [ 141.621509420000024, 40.5026588 ], [ 141.621521340000015, 40.502658 ], [ 141.62153102000002, 40.50264975 ], [ 141.62153745, 40.50263341 ], [ 141.621560120000026, 40.50258433 ], [ 141.621563310000028, 40.50257378 ], [ 141.621564450000022, 40.50256144 ], [ 141.62156224, 40.50254425 ], [ 141.621547280000016, 40.50252544 ], [ 141.621505360000015, 40.50249267 ], [ 141.62146562, 40.50245341 ], [ 141.62144953, 40.50243047 ], [ 141.621443060000018, 40.50241159 ], [ 141.621445310000013, 40.50240105 ], [ 141.621452870000013, 40.50239197 ], [ 141.621466740000017, 40.50238956 ], [ 141.621488270000015, 40.50239444 ], [ 141.62150975, 40.50240431 ], [ 141.62153122, 40.50242478 ], [ 141.621557, 40.50243956 ], [ 141.621573190000021, 40.50244205 ], [ 141.62158711, 40.50244041 ], [ 141.621597890000032, 40.50243467 ], [ 141.621604420000011, 40.50242733 ], [ 141.62160438, 40.5024052 ], [ 141.621604360000021, 40.50238392 ], [ 141.62160008, 40.50237161 ], [ 141.62159481, 40.50236264 ], [ 141.62159047, 40.50235692 ], [ 141.621589470000032, 40.50234133 ], [ 141.62158728, 40.50232578 ], [ 141.62157761, 40.5022955 ], [ 141.62156805, 40.50228403 ], [ 141.621550800000023, 40.50227341 ], [ 141.621532480000013, 40.50227014 ], [ 141.62151419, 40.50227008 ], [ 141.62149703, 40.50227497 ], [ 141.621478750000023, 40.50227661 ], [ 141.621473330000015, 40.50227656 ], [ 141.62146589, 40.502275 ], [ 141.62146156, 40.50226756 ], [ 141.62146051000002, 40.50225775 ], [ 141.621462630000025, 40.50224061 ], [ 141.621459440000024, 40.50222911 ], [ 141.621448690000022, 40.50221847 ], [ 141.62143581, 40.50221513 ], [ 141.62141538000003, 40.50221436 ], [ 141.621399200000013, 40.50221351 ], [ 141.621383090000023, 40.50221756 ], [ 141.62136261, 40.50223067 ], [ 141.621330340000014, 40.50226664 ], [ 141.62129477000002, 40.50231244 ], [ 141.621289440000027, 40.50232069 ], [ 141.62128406, 40.50232478 ], [ 141.62127322, 40.50232639 ], [ 141.62126577, 40.50232553 ], [ 141.621257110000016, 40.50232144 ], [ 141.6212485, 40.5023198 ], [ 141.621233500000017, 40.5023198 ], [ 141.621228110000033, 40.50232308 ], [ 141.62122267, 40.50233205 ], [ 141.621213, 40.50234103 ], [ 141.62119586, 40.50234925 ], [ 141.6211883, 40.50234839 ], [ 141.62118508, 40.50234517 ], [ 141.62118511, 40.5023378 ], [ 141.62118511, 40.50232717 ], [ 141.621195810000017, 40.50230423 ], [ 141.621206550000011, 40.50229522 ], [ 141.621216300000015, 40.50229111 ], [ 141.62124205, 40.50228464 ], [ 141.62126042, 40.50227072 ], [ 141.62128411, 40.50224859 ], [ 141.62130567, 40.50222575 ], [ 141.621312140000015, 40.50221264 ], [ 141.621312140000015, 40.50220284 ], [ 141.621307810000019, 40.50219708 ], [ 141.62130353, 40.50219297 ], [ 141.62125942, 40.50218472 ], [ 141.62120134, 40.50218061 ], [ 141.62115825, 40.50217975 ], [ 141.621142190000029, 40.50217895 ], [ 141.621124920000028, 40.50217392 ], [ 141.621111970000015, 40.50216825 ], [ 141.62110453, 40.50215759 ], [ 141.621100220000017, 40.50214203 ], [ 141.62109805, 40.50211747 ], [ 141.62109061000001, 40.50206584 ], [ 141.62108842, 40.50204044 ], [ 141.621086390000016, 40.50198723 ], [ 141.621082, 40.5019552 ], [ 141.621083160000012, 40.50192411 ], [ 141.621086350000013, 40.50191428 ], [ 141.62109501, 40.50190611 ], [ 141.621117640000023, 40.50189623 ], [ 141.62113267, 40.50187911 ], [ 141.62114022, 40.50185861 ], [ 141.621142390000017, 40.501834 ], [ 141.621143500000017, 40.5018078 ], [ 141.62114348, 40.50178403 ], [ 141.62114778000003, 40.50176922 ], [ 141.62115864, 40.50174878 ], [ 141.621173700000014, 40.5017242 ], [ 141.62118131, 40.50170944 ], [ 141.62119309000002, 40.50169964 ], [ 141.621212410000027, 40.50169717 ], [ 141.62125555, 40.50169392 ], [ 141.621273800000012, 40.50169144 ], [ 141.621288860000021, 40.50168575 ], [ 141.62132008, 40.50167347 ], [ 141.62135455, 40.50165469 ], [ 141.62137825, 40.50163336 ], [ 141.62138803, 40.50162025 ], [ 141.6213945, 40.50160056 ], [ 141.621399880000013, 40.50158584 ], [ 141.62139883, 40.50157767 ], [ 141.621394550000019, 40.50156444 ], [ 141.62137411, 40.50155217 ], [ 141.621323530000012, 40.50153241 ], [ 141.621253530000018, 40.5015102 ], [ 141.621169560000027, 40.50149295 ], [ 141.621141560000012, 40.5014798 ], [ 141.621131830000024, 40.50147572 ], [ 141.62113086, 40.50147322 ], [ 141.62112973, 40.50146584 ], [ 141.62113944, 40.50145928 ], [ 141.621158880000024, 40.50145761 ], [ 141.62118358, 40.50146097 ], [ 141.621214810000026, 40.50146841 ], [ 141.621238440000013, 40.50147247 ], [ 141.621260050000018, 40.50147414 ], [ 141.621285810000018, 40.50147667 ], [ 141.621303110000014, 40.50148239 ], [ 141.621316010000015, 40.50149472 ], [ 141.62135261, 40.50151772 ], [ 141.62138920000001, 40.50152917 ], [ 141.62140416, 40.50152925 ], [ 141.62143336, 40.50152267 ], [ 141.62145594, 40.50151703 ], [ 141.62147636, 40.50150713 ], [ 141.62148611, 40.50149239 ], [ 141.62149477, 40.50147767 ], [ 141.621494720000015, 40.50146208 ], [ 141.621486160000018, 40.50144728 ], [ 141.62141728, 40.50141847 ], [ 141.62135158000001, 40.50138975 ], [ 141.62126231000002, 40.50136341 ], [ 141.62121061000002, 40.5013502 ], [ 141.621136330000013, 40.50133539 ], [ 141.621122360000015, 40.50133125 ], [ 141.62111156, 40.50132556 ], [ 141.621111610000014, 40.50131897 ], [ 141.621111610000014, 40.50130997 ], [ 141.621112580000016, 40.50130259 ], [ 141.621125550000016, 40.50129105 ], [ 141.62115141000001, 40.50128367 ], [ 141.621183700000017, 40.50127887 ], [ 141.621209530000016, 40.50126986 ], [ 141.62121711, 40.50126241 ], [ 141.6212193, 40.50124764 ], [ 141.62121934000001, 40.50123864 ], [ 141.621211750000015, 40.50122714 ], [ 141.621194620000011, 40.50121403 ], [ 141.62117623, 40.50119586 ], [ 141.621164420000014, 40.50117541 ], [ 141.62116008000001, 40.50115733 ], [ 141.62116336, 40.50113356 ], [ 141.62117745, 40.50110725 ], [ 141.621198970000023, 40.50109169 ], [ 141.621231280000018, 40.50108023 ], [ 141.62126577, 40.50107367 ], [ 141.621281860000011, 40.5010688 ], [ 141.62129594000001, 40.50105231 ], [ 141.62129808, 40.50103267 ], [ 141.62130464, 40.50101784 ], [ 141.6213208, 40.501008 ], [ 141.62134659, 40.50100233 ], [ 141.62137139, 40.50099659 ], [ 141.62138536, 40.5009908 ], [ 141.6213908, 40.50098097 ], [ 141.621394090000024, 40.50095797 ], [ 141.621386550000011, 40.50093092 ], [ 141.62137905, 40.50089475 ], [ 141.62137694, 40.50087505 ], [ 141.62137691, 40.50085369 ], [ 141.62137156, 40.50083808 ], [ 141.621358610000016, 40.50082078 ], [ 141.62133817, 40.50079859 ], [ 141.62132416, 40.50078211 ], [ 141.62131131000001, 40.50076159 ], [ 141.62130056, 40.50073939 ], [ 141.621247780000033, 40.50065636 ], [ 141.62121012, 40.50061356 ], [ 141.621193920000024, 40.50060036 ], [ 141.62117136, 40.50059789 ], [ 141.621168050000023, 40.50059711 ], [ 141.62115519, 40.50059711 ], [ 141.621143330000024, 40.50060367 ], [ 141.621123920000031, 40.50062659 ], [ 141.6211002, 40.5006562 ], [ 141.621083990000017, 40.50067341 ], [ 141.621075420000011, 40.50067592 ], [ 141.621071050000012, 40.50067586 ], [ 141.621064530000012, 40.50067428 ], [ 141.62105922, 40.50066359 ], [ 141.62106895, 40.50064714 ], [ 141.621130420000014, 40.50056747 ], [ 141.621135810000027, 40.50055508 ], [ 141.62113586000001, 40.50053869 ], [ 141.621126160000017, 40.50051561 ], [ 141.621107760000029, 40.50049672 ], [ 141.62107008000001, 40.50046214 ], [ 141.621059950000017, 40.50045331 ], [ 141.621049590000013, 40.50044569 ], [ 141.62104105, 40.50043136 ], [ 141.621042970000019, 40.50040469 ], [ 141.62105336, 40.50039461 ], [ 141.621079800000018, 40.50037669 ], [ 141.621083530000021, 40.50036225 ], [ 141.62108927, 40.50034933 ], [ 141.621108080000027, 40.50034292 ], [ 141.62111572, 40.50032917 ], [ 141.6211355, 40.50032705 ], [ 141.621150560000018, 40.50034217 ], [ 141.62116756, 40.50034439 ], [ 141.62119397, 40.50033359 ], [ 141.62121095, 40.50031997 ], [ 141.621211970000019, 40.50030697 ], [ 141.621212830000019, 40.50029187 ], [ 141.62120536, 40.50027678 ], [ 141.62118842000001, 40.50027022 ], [ 141.62115628, 40.50026739 ], [ 141.62112425, 40.50027308 ], [ 141.62109399000002, 40.50027736 ], [ 141.621070440000011, 40.50028095 ], [ 141.6210393, 40.50028303 ], [ 141.621009110000017, 40.50027369 ], [ 141.62098927, 40.50026139 ], [ 141.62097567, 40.50024772 ], [ 141.62096949, 40.5002355 ], [ 141.620967590000021, 40.50021247 ], [ 141.620975140000013, 40.50019377 ], [ 141.620985580000024, 40.50016859 ], [ 141.620999690000019, 40.50015417 ], [ 141.621021410000026, 40.50013403 ], [ 141.62103467, 40.50011889 ], [ 141.621047950000019, 40.50010241 ], [ 141.62105917, 40.50009378 ], [ 141.621080920000026, 40.50009803 ], [ 141.621104550000013, 40.50010095 ], [ 141.62113097, 40.50010103 ], [ 141.621152670000015, 40.50008953 ], [ 141.621164060000012, 40.50006361 ], [ 141.621156420000034, 40.50004772 ], [ 141.621135690000017, 40.50003111 ], [ 141.621104140000028, 40.50001647 ], [ 141.621088500000013, 40.50001089 ], [ 141.621060170000021, 40.50000875 ], [ 141.6210437, 40.5000222 ], [ 141.62102908, 40.50004328 ], [ 141.620999800000021, 40.50004328 ], [ 141.620963890000013, 40.50003822 ], [ 141.620956330000013, 40.50002667 ], [ 141.620965750000011, 40.50001659 ], [ 141.62098850000001, 40.50000436 ], [ 141.62099156, 40.5 ], [ 141.62100092, 40.49998664 ], [ 141.62099458000003, 40.49997028 ], [ 141.62097326, 40.49996061 ], [ 141.62094934000001, 40.49995384 ], [ 141.620945620000015, 40.49993756 ], [ 141.620941830000021, 40.49990677 ], [ 141.62093553, 40.49987333 ], [ 141.62094056, 40.49983772 ], [ 141.620950730000033, 40.49980892 ], [ 141.62096453, 40.49978108 ], [ 141.620987250000013, 40.49975608 ], [ 141.621003530000024, 40.49973497 ], [ 141.621036300000014, 40.49970333 ], [ 141.62106531, 40.49968125 ], [ 141.621089250000011, 40.49966011 ], [ 141.621109440000026, 40.49964187 ], [ 141.6211245, 40.49961789 ], [ 141.621148300000016, 40.49958431 ], [ 141.621166300000027, 40.49954978 ], [ 141.621173890000023, 40.4995238 ], [ 141.62118616, 40.49948489 ], [ 141.621197500000022, 40.49945311 ], [ 141.621205140000029, 40.49942072 ], [ 141.621216390000029, 40.49939472 ], [ 141.62123341, 40.49936875 ], [ 141.62125333000003, 40.49934647 ], [ 141.62126659, 40.49932772 ], [ 141.621299640000018, 40.49930031 ], [ 141.621328, 40.49927436 ], [ 141.621344110000024, 40.49925056 ], [ 141.62136211, 40.49922386 ], [ 141.62138289, 40.4991958 ], [ 141.62139805000001, 40.49916184 ], [ 141.621402830000022, 40.49912505 ], [ 141.6214085, 40.49909478 ], [ 141.62141983, 40.49906514 ], [ 141.621434060000013, 40.49904136 ], [ 141.621461410000023, 40.49901039 ], [ 141.62147844, 40.49898361 ], [ 141.621502140000018, 40.4989512 ], [ 141.62151828, 40.49892884 ], [ 141.62153805, 40.49890575 ], [ 141.621566500000029, 40.498887 ], [ 141.62158442, 40.49887617 ], [ 141.62159577, 40.49885805 ], [ 141.62160144, 40.49883931 ], [ 141.62161189, 40.49882347 ], [ 141.62162423, 40.49880905 ], [ 141.62164875000002, 40.49878736 ], [ 141.621672440000026, 40.49876505 ], [ 141.62168756, 40.49874622 ], [ 141.62170372, 40.49872603 ], [ 141.621716980000031, 40.49870944 ], [ 141.621733, 40.498687 ], [ 141.621742550000022, 40.49867695 ], [ 141.621755810000025, 40.49866036 ], [ 141.62182103, 40.49862931 ], [ 141.62184564, 40.49861492 ], [ 141.621862670000013, 40.49859903 ], [ 141.621878660000021, 40.49858531 ], [ 141.62189311000003, 40.49856767 ], [ 141.621908340000033, 40.4985492 ], [ 141.62192722, 40.49853986 ], [ 141.621940920000014, 40.49854059 ], [ 141.621960270000017, 40.4985402 ], [ 141.62199428, 40.4985522 ], [ 141.62200508, 40.4985605 ], [ 141.622009390000017, 40.4985755 ], [ 141.622229660000016, 40.49871731 ], [ 141.622306830000014, 40.49878856 ], [ 141.622344090000013, 40.49876551 ], [ 141.62226053, 40.49869177 ], [ 141.62204623, 40.49855689 ], [ 141.622033720000019, 40.49854697 ], [ 141.62204555, 40.49853897 ], [ 141.62206070000002, 40.4985322 ], [ 141.622112390000012, 40.49851392 ], [ 141.622151410000015, 40.49849278 ], [ 141.62215778, 40.4984812 ], [ 141.62216224, 40.49847017 ], [ 141.62217167, 40.49844939 ], [ 141.62218995, 40.49843784 ], [ 141.622219590000014, 40.49842105 ], [ 141.62227511, 40.49839656 ], [ 141.622301610000022, 40.49838347 ], [ 141.62234189, 40.49836672 ], [ 141.622382940000023, 40.49835608 ], [ 141.62241445, 40.49835569 ], [ 141.622449640000013, 40.4983605 ], [ 141.622469810000013, 40.49837936 ], [ 141.622489300000012, 40.49839147 ], [ 141.62252136, 40.49840017 ], [ 141.622553550000021, 40.49839725 ], [ 141.62259131, 40.49838817 ], [ 141.622658050000013, 40.49837664 ], [ 141.6227072, 40.49837089 ], [ 141.622714770000016, 40.49837384 ], [ 141.62271852, 40.49838253 ], [ 141.62271725, 40.49839264 ], [ 141.62271214, 40.49839987 ], [ 141.62271211, 40.49840708 ], [ 141.62271973, 40.49841341 ], [ 141.622726590000013, 40.49842544 ], [ 141.62275428, 40.49844136 ], [ 141.622778830000016, 40.49844336 ], [ 141.62279584, 40.49843559 ], [ 141.62280908, 40.49841631 ], [ 141.622816030000024, 40.49840484 ], [ 141.622840610000026, 40.49839953 ], [ 141.622853220000025, 40.49839808 ], [ 141.62286645, 40.49841061 ], [ 141.62287713, 40.49841495 ], [ 141.622883410000014, 40.49841886 ], [ 141.622888390000014, 40.49843911 ], [ 141.62291034, 40.49845984 ], [ 141.62292353, 40.49848831 ], [ 141.62292531, 40.49851964 ], [ 141.62293406, 40.4985312 ], [ 141.62295047, 40.49853261 ], [ 141.62302531, 40.49852597 ], [ 141.623026079999988, 40.49851031 ], [ 141.62301222, 40.49818564 ], [ 141.623041530000023, 40.49818759 ], [ 141.62307365, 40.49818133 ], [ 141.623141630000021, 40.49817467 ], [ 141.623162480000019, 40.49816895 ], [ 141.62320205, 40.49816513 ], [ 141.623251360000012, 40.4981542 ], [ 141.623272140000012, 40.49815495 ], [ 141.62329961, 40.49815422 ], [ 141.62334589, 40.49814777 ], [ 141.62343275, 40.49813917 ], [ 141.62344411, 40.49813125 ], [ 141.62345825, 40.49813125 ], [ 141.62347713, 40.49813131 ], [ 141.62350577, 40.49812911 ], [ 141.62352, 40.49812533 ], [ 141.623530390000013, 40.49811508 ], [ 141.62353601, 40.49811136 ], [ 141.62354453, 40.49811489 ], [ 141.623556940000014, 40.49811689 ], [ 141.62357591, 40.49811522 ], [ 141.62358633, 40.49810713 ], [ 141.623604310000019, 40.49809097 ], [ 141.623607080000028, 40.49807575 ], [ 141.623616520000013, 40.49806623 ], [ 141.623629810000011, 40.49806317 ], [ 141.62364872, 40.49806511 ], [ 141.62366674, 40.49806408 ], [ 141.623683770000014, 40.49805667 ], [ 141.62369698, 40.49803623 ], [ 141.62371128, 40.49802659 ], [ 141.623725450000023, 40.49802864 ], [ 141.62374917, 40.49804856 ], [ 141.623762530000022, 40.49806217 ], [ 141.62374555, 40.49808264 ], [ 141.62374086, 40.49810589 ], [ 141.623750390000026, 40.49811375 ], [ 141.623786420000016, 40.49812775 ], [ 141.62385189, 40.49814575 ], [ 141.623906940000012, 40.49815375 ], [ 141.623922970000024, 40.49814195 ], [ 141.62392105, 40.49811953 ], [ 141.62392667, 40.4980948 ], [ 141.62393314, 40.49805269 ], [ 141.623936940000021, 40.49803603 ], [ 141.623960610000012, 40.49803208 ], [ 141.623987200000016, 40.49804477 ], [ 141.623988200000014, 40.49807017 ], [ 141.623987280000023, 40.49808178 ], [ 141.623992110000017, 40.49809184 ], [ 141.624001530000015, 40.49809097 ], [ 141.624011970000026, 40.49808503 ], [ 141.624016830000016, 40.49808805 ], [ 141.62402053, 40.49810164 ], [ 141.624014, 40.49811692 ], [ 141.623985550000015, 40.4981462 ], [ 141.62399034, 40.49816284 ], [ 141.623978110000024, 40.49818613 ], [ 141.62397533, 40.49820147 ], [ 141.62398761, 40.49821211 ], [ 141.624045530000018, 40.49822008 ], [ 141.624080640000017, 40.49821605 ], [ 141.624105140000012, 40.498194 ], [ 141.624115470000021, 40.49816925 ], [ 141.62411733, 40.49815764 ], [ 141.62413355000001, 40.49815086 ], [ 141.624167640000024, 40.49815117 ], [ 141.62418562000002, 40.49814303 ], [ 141.624213110000028, 40.49812456 ], [ 141.624214890000019, 40.49810633 ], [ 141.624224310000017, 40.49809322 ], [ 141.62423956, 40.49809592 ], [ 141.6242575, 40.49809859 ], [ 141.62429358, 40.49809672 ], [ 141.624320080000018, 40.49809203 ], [ 141.624338110000025, 40.49810047 ], [ 141.624358, 40.4980952 ], [ 141.62436075, 40.49807987 ], [ 141.624353190000022, 40.49806767 ], [ 141.62435511000001, 40.49806044 ], [ 141.624350310000011, 40.4980438 ], [ 141.624349220000028, 40.49802203 ], [ 141.62435109, 40.49801051 ], [ 141.624388150000016, 40.49800997 ], [ 141.624419440000025, 40.49801461 ], [ 141.624451610000023, 40.4980215 ], [ 141.62447531, 40.49801828 ], [ 141.6244838, 40.4980095 ], [ 141.62447717, 40.49798711 ], [ 141.62446008, 40.49797867 ], [ 141.624453390000014, 40.49796205 ], [ 141.62444095, 40.49793611 ], [ 141.624384030000016, 40.49792092 ], [ 141.624350830000026, 40.49789747 ], [ 141.62430525000002, 40.49789292 ], [ 141.62427112, 40.49789989 ], [ 141.624248420000015, 40.49789725 ], [ 141.624193390000016, 40.49787269 ], [ 141.624191390000021, 40.4978618 ], [ 141.6242, 40.49786175 ], [ 141.62420370000001, 40.49784641 ], [ 141.624179030000022, 40.49783369 ], [ 141.62412022, 40.49780989 ], [ 141.62410394, 40.49778908 ], [ 141.624057420000014, 40.4977462 ], [ 141.624046980000031, 40.49773114 ], [ 141.624046890000017, 40.49772392 ], [ 141.62406489, 40.49771931 ], [ 141.624086740000024, 40.49772195 ], [ 141.62412086, 40.49772441 ], [ 141.624135140000021, 40.49772422 ], [ 141.624140830000016, 40.49772705 ], [ 141.6241427, 40.49773353 ], [ 141.624132280000026, 40.49774233 ], [ 141.62413131, 40.49774964 ], [ 141.624140830000016, 40.49775669 ], [ 141.624169420000015, 40.49778964 ], [ 141.62419222, 40.49780244 ], [ 141.624223480000012, 40.49781069 ], [ 141.624245280000025, 40.4978112 ], [ 141.62426428, 40.4978015 ], [ 141.624275580000017, 40.49777892 ], [ 141.62428691, 40.49775847 ], [ 141.62428591, 40.497744 ], [ 141.62428589000001, 40.49773167 ], [ 141.62429241000001, 40.49772647 ], [ 141.62429817, 40.49773364 ], [ 141.62431236, 40.49773705 ], [ 141.624314250000026, 40.49774722 ], [ 141.624326670000016, 40.49775867 ], [ 141.62434467, 40.49776351 ], [ 141.624361720000024, 40.49776041 ], [ 141.62437022, 40.4977508 ], [ 141.62436639, 40.49773569 ], [ 141.624364500000013, 40.49772625 ], [ 141.62436922, 40.49772478 ], [ 141.624380660000014, 40.49772605 ], [ 141.62438733, 40.49774123 ], [ 141.62438828, 40.49775203 ], [ 141.62440817, 40.49775684 ], [ 141.624424330000011, 40.49775736 ], [ 141.62443756, 40.49774708 ], [ 141.624446060000025, 40.49772741 ], [ 141.62443647, 40.49771667 ], [ 141.624437420000021, 40.49770575 ], [ 141.62443647, 40.49769495 ], [ 141.624431630000032, 40.49768553 ], [ 141.62443167, 40.49766744 ], [ 141.624410700000027, 40.49764956 ], [ 141.624378470000011, 40.49764059 ], [ 141.62435577, 40.49764597 ], [ 141.62429978, 40.49763797 ], [ 141.62426847, 40.49764495 ], [ 141.62423633, 40.49766059 ], [ 141.62420031000002, 40.49765811 ], [ 141.624191780000018, 40.49765395 ], [ 141.62419275000002, 40.49764592 ], [ 141.62420778, 40.49764141 ], [ 141.62424669, 40.49762861 ], [ 141.624272170000012, 40.49760864 ], [ 141.624327130000012, 40.49757828 ], [ 141.624347950000015, 40.49756056 ], [ 141.624375380000032, 40.49755659 ], [ 141.62440856, 40.49756853 ], [ 141.62442844, 40.49756389 ], [ 141.62444163, 40.49754417 ], [ 141.624449140000024, 40.49751944 ], [ 141.62442737, 40.49751175 ], [ 141.62441131, 40.49751122 ], [ 141.62442156, 40.49748061 ], [ 141.62443095, 40.49742617 ], [ 141.62442983, 40.49737259 ], [ 141.624424920000024, 40.49732417 ], [ 141.624423940000014, 40.49730247 ], [ 141.62442961, 40.49730161 ], [ 141.624444770000025, 40.49730792 ], [ 141.624469440000013, 40.49731844 ], [ 141.62447423, 40.49733364 ], [ 141.62446961, 40.49736267 ], [ 141.62445645, 40.49739833 ], [ 141.62445175000002, 40.49743025 ], [ 141.624460360000029, 40.49746056 ], [ 141.624472780000019, 40.49749297 ], [ 141.62449272, 40.4975022 ], [ 141.624504140000028, 40.49749987 ], [ 141.62451925000002, 40.49748087 ], [ 141.624544690000022, 40.49745797 ], [ 141.62457219, 40.49743953 ], [ 141.624578830000019, 40.49744092 ], [ 141.62457978, 40.49745253 ], [ 141.624590220000016, 40.49746831 ], [ 141.62460353, 40.49746595 ], [ 141.624615840000018, 40.49746795 ], [ 141.624616860000032, 40.49747514 ], [ 141.624623500000013, 40.49747725 ], [ 141.624636720000012, 40.4974778 ], [ 141.62464628, 40.49748784 ], [ 141.62465, 40.49749428 ], [ 141.624630170000017, 40.49750397 ], [ 141.62463681, 40.49751544 ], [ 141.624674810000016, 40.49754833 ], [ 141.624694810000022, 40.49754225 ], [ 141.6247117, 40.49751303 ], [ 141.62472772000001, 40.49749186 ], [ 141.624734330000024, 40.49746272 ], [ 141.62476075, 40.497453 ], [ 141.624795910000017, 40.49744239 ], [ 141.624840440000014, 40.49745695 ], [ 141.624905840000025, 40.49746047 ], [ 141.624938110000016, 40.49746656 ], [ 141.62499409, 40.49750056 ], [ 141.624994250000015, 40.4975238 ], [ 141.625, 40.49752561 ], [ 141.62502078, 40.49753217 ], [ 141.62506339, 40.49753522 ], [ 141.62508428000001, 40.49752553 ], [ 141.625097470000014, 40.49751444 ], [ 141.625117390000014, 40.49752286 ], [ 141.62518189, 40.49753872 ], [ 141.625213160000015, 40.49753031 ], [ 141.62522066, 40.49751723 ], [ 141.625212940000011, 40.49749195 ], [ 141.62520917, 40.49746225 ], [ 141.62521092, 40.49745064 ], [ 141.625264940000022, 40.49743036 ], [ 141.62527628, 40.49741928 ], [ 141.62527436000002, 40.49740697 ], [ 141.625266720000013, 40.49739908 ], [ 141.625271390000023, 40.49738528 ], [ 141.625271390000023, 40.49736503 ], [ 141.6252675, 40.49734478 ], [ 141.62520387, 40.49730136 ], [ 141.62514689, 40.49727095 ], [ 141.625107080000021, 40.497257 ], [ 141.625066280000027, 40.49725825 ], [ 141.625023700000014, 40.49725884 ], [ 141.625, 40.497251 ], [ 141.62499431, 40.49724911 ], [ 141.62496109, 40.49724303 ], [ 141.62496008, 40.497238 ], [ 141.62498, 40.4972348 ], [ 141.625, 40.49723417 ], [ 141.625020800000016, 40.49723353 ], [ 141.62508141, 40.49722186 ], [ 141.62509086, 40.49721297 ], [ 141.62509936, 40.49720417 ], [ 141.62512202000002, 40.49720536 ], [ 141.62514761, 40.49720214 ], [ 141.62516747, 40.49718517 ], [ 141.62519781, 40.49718836 ], [ 141.62520533, 40.49717669 ], [ 141.625196890000012, 40.49715947 ], [ 141.625193020000012, 40.49715147 ], [ 141.625192310000017, 40.49715103 ], [ 141.62512597, 40.49709744 ], [ 141.625038690000025, 40.4970695 ], [ 141.625, 40.49704741 ], [ 141.624991310000013, 40.49704244 ], [ 141.625, 40.49704008 ], [ 141.62500258, 40.49703939 ], [ 141.625053770000022, 40.49703741 ], [ 141.625082190000029, 40.49702687 ], [ 141.62510297, 40.4970078 ], [ 141.625129440000023, 40.49700169 ], [ 141.625163550000025, 40.49699397 ], [ 141.62519953, 40.49702247 ], [ 141.625211170000028, 40.49704039 ], [ 141.62522698, 40.49706856 ], [ 141.6252345, 40.49708825 ], [ 141.62528167, 40.49710503 ], [ 141.625321, 40.49711044 ], [ 141.62534986, 40.49710536 ], [ 141.625371, 40.49709703 ], [ 141.62539684, 40.49709784 ], [ 141.62548333, 40.49712941 ], [ 141.625536360000012, 40.49713453 ], [ 141.62556523, 40.49713192 ], [ 141.62562431, 40.49713817 ], [ 141.62566375, 40.49713303 ], [ 141.6257062, 40.49712095 ], [ 141.62571066000001, 40.49709884 ], [ 141.62569086, 40.49708053 ], [ 141.6256908, 40.49706656 ], [ 141.62569839, 40.49705947 ], [ 141.625708980000013, 40.49706517 ], [ 141.625716610000012, 40.49706278 ], [ 141.625739300000021, 40.49705667 ], [ 141.625781830000022, 40.49707241 ], [ 141.62580148, 40.49706644 ], [ 141.625812, 40.49704772 ], [ 141.62580589, 40.49702111 ], [ 141.62575406000002, 40.4969358 ], [ 141.625656890000016, 40.49688008 ], [ 141.625621750000022, 40.4968108 ], [ 141.625603500000011, 40.49679364 ], [ 141.625555840000033, 40.49677344 ], [ 141.62553528, 40.49677123 ], [ 141.625529050000011, 40.49675505 ], [ 141.625538200000022, 40.49673869 ], [ 141.625541670000018, 40.4967138 ], [ 141.62555672000002, 40.49668031 ], [ 141.62556433, 40.49667439 ], [ 141.625639920000026, 40.49664156 ], [ 141.625639880000023, 40.49661975 ], [ 141.625624550000026, 40.49655761 ], [ 141.625573190000011, 40.49648423 ], [ 141.62558064000001, 40.49646669 ], [ 141.6256962, 40.49647111 ], [ 141.62573608, 40.4964822 ], [ 141.62573988, 40.49650397 ], [ 141.62574195000002, 40.49653872 ], [ 141.625780030000016, 40.49659628 ], [ 141.625823670000017, 40.49661759 ], [ 141.62584066, 40.49661739 ], [ 141.62585205000002, 40.49659397 ], [ 141.62585192, 40.49656067 ], [ 141.62583475, 40.496526 ], [ 141.625830950000022, 40.49651297 ], [ 141.625834670000017, 40.49649844 ], [ 141.62587815, 40.49648339 ], [ 141.625940470000018, 40.49642747 ], [ 141.62599358, 40.49641811 ], [ 141.62603698, 40.49639584 ], [ 141.626074940000024, 40.49639675 ], [ 141.62610336, 40.49641384 ], [ 141.626124190000013, 40.49641936 ], [ 141.62615639, 40.49641897 ], [ 141.626182920000019, 40.49641869 ], [ 141.626230310000011, 40.49640505 ], [ 141.6262245, 40.49637178 ], [ 141.62623756, 40.49632944 ], [ 141.62626978, 40.49631023 ], [ 141.62626584000003, 40.49628556 ], [ 141.626233610000014, 40.49626417 ], [ 141.626203190000012, 40.49625736 ], [ 141.62620189, 40.49624531 ], [ 141.626209360000018, 40.49622895 ], [ 141.626235080000015, 40.49619841 ], [ 141.626256110000014, 40.49615289 ], [ 141.62627258, 40.49609808 ], [ 141.62628319, 40.49609686 ], [ 141.626418340000015, 40.49616247 ], [ 141.626451700000018, 40.49619108 ], [ 141.626518420000025, 40.49620531 ], [ 141.626568390000017, 40.49618261 ], [ 141.626625750000017, 40.49613431 ], [ 141.626625690000026, 40.49609944 ], [ 141.62659224, 40.49608484 ], [ 141.62637380000001, 40.49601669 ], [ 141.62636778000001, 40.49599703 ], [ 141.626372170000025, 40.49597844 ], [ 141.62646297, 40.4959355 ], [ 141.62647783, 40.49585631 ], [ 141.626508200000018, 40.49585828 ], [ 141.62654623, 40.49592275 ], [ 141.62663859, 40.49588097 ], [ 141.626668780000017, 40.49588175 ], [ 141.626720580000011, 40.49596353 ], [ 141.626749440000026, 40.49595856 ], [ 141.62682358, 40.49593436 ], [ 141.62678645, 40.49572577 ], [ 141.626797, 40.49568967 ], [ 141.62688917, 40.4956432 ], [ 141.62698097, 40.49562492 ], [ 141.62703148, 40.49561467 ], [ 141.627064280000013, 40.4955948 ], [ 141.627119780000015, 40.49558056 ], [ 141.62718795, 40.49557775 ], [ 141.627213260000019, 40.49560451 ], [ 141.62724105, 40.49562159 ], [ 141.627276450000011, 40.49562117 ], [ 141.62730425, 40.49562656 ], [ 141.62731936000003, 40.49562836 ], [ 141.627309420000017, 40.49567497 ], [ 141.62731949, 40.49568059 ], [ 141.62736752, 40.49568197 ], [ 141.627395300000018, 40.49567575 ], [ 141.627453090000017, 40.49562275 ], [ 141.62745547, 40.49558589 ], [ 141.62744031, 40.49555897 ], [ 141.62745283000001, 40.49553169 ], [ 141.627523330000031, 40.49549789 ], [ 141.6275602, 40.4955015 ], [ 141.627573970000014, 40.49553014 ], [ 141.62762969000002, 40.49557397 ], [ 141.62764236000001, 40.49558741 ], [ 141.627544140000026, 40.4956622 ], [ 141.62752655, 40.49569151 ], [ 141.627486590000018, 40.495783 ], [ 141.627514580000025, 40.49585631 ], [ 141.62756769, 40.4958788 ], [ 141.627645910000012, 40.49587008 ], [ 141.627673550000026, 40.49584261 ], [ 141.627721410000021, 40.49579941 ], [ 141.62776681, 40.49578522 ], [ 141.62778927, 40.49573077 ], [ 141.627774, 40.49568639 ], [ 141.62772338000002, 40.49567539 ], [ 141.627710800000017, 40.49566005 ], [ 141.62771061, 40.49563295 ], [ 141.627713090000015, 40.49561159 ], [ 141.62778119, 40.49560492 ], [ 141.627985380000013, 40.49551505 ], [ 141.628068440000021, 40.49545397 ], [ 141.62807326, 40.49541133 ], [ 141.628063060000017, 40.49538817 ], [ 141.628020140000018, 40.495381 ], [ 141.62794703, 40.49538195 ], [ 141.627898690000023, 40.4953848 ], [ 141.627891050000017, 40.49535731 ], [ 141.62789380000001, 40.49533117 ], [ 141.62791927, 40.49531044 ], [ 141.627951500000023, 40.49531139 ], [ 141.628019560000013, 40.49529167 ], [ 141.628074380000015, 40.49529967 ], [ 141.628134890000013, 40.49527708 ], [ 141.628169, 40.49528972 ], [ 141.628259750000012, 40.49526236 ], [ 141.62832205, 40.49522231 ], [ 141.628317470000013, 40.49524459 ], [ 141.628361860000012, 40.49523625 ], [ 141.62830158, 40.49528792 ], [ 141.628309100000024, 40.49529508 ], [ 141.62833581000001, 40.49532823 ], [ 141.62837553, 40.49534659 ], [ 141.628411560000018, 40.49533887 ], [ 141.628443480000016, 40.49529477 ], [ 141.628508860000011, 40.49526375 ], [ 141.628566300000017, 40.4952365 ], [ 141.628641860000016, 40.49520064 ], [ 141.62868158, 40.49518992 ], [ 141.62871927, 40.49516328 ], [ 141.628740050000033, 40.49513539 ], [ 141.628732410000026, 40.49511797 ], [ 141.62868119, 40.49508672 ], [ 141.62865844, 40.49507833 ], [ 141.628637670000018, 40.49508728 ], [ 141.62859997000001, 40.49512123 ], [ 141.628560530000016, 40.49511372 ], [ 141.628516980000029, 40.49510541 ], [ 141.628455450000018, 40.49507208 ], [ 141.628405640000011, 40.49504511 ], [ 141.62836737, 40.49502439 ], [ 141.6283765, 40.49500864 ], [ 141.628381850000011, 40.49499939 ], [ 141.62838367, 40.49499628 ], [ 141.628402530000017, 40.494964 ], [ 141.62845895000001, 40.49493431 ], [ 141.628481780000016, 40.49492228 ], [ 141.62854798, 40.49490247 ], [ 141.62859742, 40.49490561 ], [ 141.62862365, 40.49490725 ], [ 141.62868241000001, 40.49491956 ], [ 141.628712780000029, 40.49492995 ], [ 141.62876012000001, 40.49494613 ], [ 141.62872908, 40.49500161 ], [ 141.628722440000018, 40.49501351 ], [ 141.628680920000022, 40.49502278 ], [ 141.62866772000001, 40.49503459 ], [ 141.62868075, 40.49504244 ], [ 141.628736060000023, 40.4950758 ], [ 141.62876442000001, 40.49508128 ], [ 141.628790950000024, 40.49507947 ], [ 141.62880497, 40.49506484 ], [ 141.628819140000019, 40.49505003 ], [ 141.62884564, 40.49505541 ], [ 141.62887606000001, 40.49507395 ], [ 141.62887261, 40.49508092 ], [ 141.628866610000017, 40.495093 ], [ 141.628810860000016, 40.49513653 ], [ 141.62882725, 40.49515759 ], [ 141.62915953000001, 40.49558184 ], [ 141.62930209000001, 40.49576439 ], [ 141.629605030000022, 40.49615344 ], [ 141.629581090000016, 40.49616461 ], [ 141.629839, 40.49649686 ], [ 141.63009322000002, 40.49668377 ], [ 141.630158200000011, 40.4966322 ], [ 141.62993158, 40.49646461 ], [ 141.629878390000016, 40.496394 ], [ 141.629668970000012, 40.49612364 ], [ 141.62965533000002, 40.49610817 ], [ 141.62922477, 40.49555311 ], [ 141.62980008, 40.49528059 ], [ 141.63053224, 40.49493411 ], [ 141.63047261, 40.49485995 ], [ 141.631033450000018, 40.4946012 ], [ 141.631122090000019, 40.49472405 ], [ 141.631304379999989, 40.494876 ], [ 141.63140508, 40.49478164 ], [ 141.63111691, 40.49452722 ], [ 141.631375620000028, 40.49402803 ], [ 141.631535620000022, 40.49407105 ], [ 141.632526830000018, 40.49433239 ], [ 141.632251170000018, 40.49494241 ], [ 141.632158, 40.49494467 ], [ 141.632131610000016, 40.49493808 ], [ 141.63208219, 40.49493933 ], [ 141.632056080000012, 40.494916 ], [ 141.632028110000022, 40.49491503 ], [ 141.631899050000015, 40.49495367 ], [ 141.63184995, 40.49498164 ], [ 141.631846780000018, 40.49501167 ], [ 141.631819560000025, 40.49504172 ], [ 141.63176711, 40.49509967 ], [ 141.63175569, 40.49511225 ], [ 141.631762550000019, 40.4951432 ], [ 141.631771390000011, 40.49515731 ], [ 141.631794810000031, 40.49519472 ], [ 141.63180442, 40.49521008 ], [ 141.63183822000002, 40.49523339 ], [ 141.631880420000016, 40.49526244 ], [ 141.631965190000017, 40.49530903 ], [ 141.632000920000024, 40.4953168 ], [ 141.632048810000015, 40.49531561 ], [ 141.632074640000013, 40.49531495 ], [ 141.632074140000014, 40.49536241 ], [ 141.632070700000014, 40.4953808 ], [ 141.632060560000014, 40.4953808 ], [ 141.63204847, 40.49537764 ], [ 141.6320418, 40.49537589 ], [ 141.63198202, 40.49536025 ], [ 141.631936720000027, 40.49534841 ], [ 141.631934030000025, 40.49534772 ], [ 141.631911950000017, 40.49534064 ], [ 141.631845810000016, 40.4953195 ], [ 141.631824250000022, 40.49532244 ], [ 141.63181309, 40.49533405 ], [ 141.63179589, 40.49536092 ], [ 141.63175895, 40.49541867 ], [ 141.63173083, 40.49546261 ], [ 141.631688110000027, 40.49552944 ], [ 141.6316783, 40.49555703 ], [ 141.63166025000001, 40.4956078 ], [ 141.631690170000013, 40.49564372 ], [ 141.63168837, 40.49567661 ], [ 141.63168725, 40.49569697 ], [ 141.63168384, 40.49571733 ], [ 141.631679530000014, 40.4957502 ], [ 141.631679250000019, 40.49575222 ], [ 141.631673670000026, 40.49579478 ], [ 141.631682050000023, 40.49583641 ], [ 141.631696450000021, 40.49585578 ], [ 141.631697890000027, 40.49586747 ], [ 141.631694110000012, 40.49586839 ], [ 141.631657170000011, 40.49586639 ], [ 141.631606690000012, 40.49588667 ], [ 141.63152477, 40.49585461 ], [ 141.631484090000015, 40.49585553 ], [ 141.631460170000025, 40.49586613 ], [ 141.631460270000019, 40.49587578 ], [ 141.631465280000015, 40.49589751 ], [ 141.631474090000012, 40.49593584 ], [ 141.631477640000014, 40.49594675 ], [ 141.631503990000027, 40.49602756 ], [ 141.63151044, 40.49604728 ], [ 141.63156109, 40.49608097 ], [ 141.631285110000022, 40.49629677 ], [ 141.63091555, 40.49658887 ], [ 141.630911630000014, 40.49658708 ], [ 141.630789470000025, 40.49668186 ], [ 141.630789640000017, 40.49668692 ], [ 141.63044969, 40.49694908 ], [ 141.63031761000002, 40.49712428 ], [ 141.63016964000002, 40.49732053 ], [ 141.630216610000019, 40.49734128 ], [ 141.630283500000019, 40.49737072 ], [ 141.630306500000017, 40.4973802 ], [ 141.63049691, 40.49712303 ], [ 141.63056859, 40.49702644 ], [ 141.630896690000014, 40.49677047 ], [ 141.630896640000032, 40.49676605 ], [ 141.631397130000011, 40.496381 ], [ 141.63137047, 40.496362 ], [ 141.63135250000002, 40.49634897 ], [ 141.63168506, 40.49608903 ], [ 141.63164769, 40.49606092 ], [ 141.63168783, 40.49602489 ], [ 141.631709030000025, 40.49599167 ], [ 141.63173927, 40.49597517 ], [ 141.631813530000016, 40.49597941 ], [ 141.63181964, 40.49600231 ], [ 141.631825110000023, 40.49602286 ], [ 141.63182859, 40.49603589 ], [ 141.631849530000011, 40.49603678 ], [ 141.631868950000012, 40.49603759 ], [ 141.631908080000017, 40.49603889 ], [ 141.63192455, 40.49603944 ], [ 141.631931440000017, 40.49602792 ], [ 141.631951050000026, 40.49599513 ], [ 141.631965840000021, 40.49597044 ], [ 141.632006, 40.49595559 ], [ 141.63201761000002, 40.49593823 ], [ 141.63202966, 40.49594156 ], [ 141.63204722, 40.4959498 ], [ 141.632049780000017, 40.49596644 ], [ 141.632048880000013, 40.49598059 ], [ 141.63203311, 40.49601295 ], [ 141.63205564, 40.49605197 ], [ 141.632083170000016, 40.49606447 ], [ 141.63209294, 40.4960645 ], [ 141.632120640000011, 40.49603044 ], [ 141.63212031, 40.49601387 ], [ 141.632099300000021, 40.49599311 ], [ 141.63207811, 40.49596653 ], [ 141.632077890000033, 40.49595733 ], [ 141.63210973, 40.49596739 ], [ 141.632134690000015, 40.49596244 ], [ 141.632151850000014, 40.49594747 ], [ 141.63215484, 40.49593178 ], [ 141.63215005, 40.49590687 ], [ 141.63217167000002, 40.49587725 ], [ 141.632172390000022, 40.4957688 ], [ 141.63217925, 40.49573203 ], [ 141.632194310000017, 40.49571653 ], [ 141.63221458000001, 40.49571656 ], [ 141.63225986, 40.49568364 ], [ 141.632293060000023, 40.49568953 ], [ 141.63228859, 40.4957282 ], [ 141.632294140000027, 40.49574961 ], [ 141.632365580000027, 40.49576513 ], [ 141.632408950000013, 40.49577105 ], [ 141.632414470000015, 40.49578047 ], [ 141.632420390000021, 40.49579061 ], [ 141.632451, 40.49579508 ], [ 141.632496740000022, 40.49579369 ], [ 141.63250414, 40.49578059 ], [ 141.632461580000012, 40.49574423 ], [ 141.632435969999989, 40.49570205 ], [ 141.63238973, 40.49567292 ], [ 141.63239134, 40.49565987 ], [ 141.63242367, 40.49565117 ], [ 141.632463840000014, 40.49565414 ], [ 141.632520200000016, 40.49571084 ], [ 141.632519050000013, 40.49575444 ], [ 141.632547980000027, 40.49577631 ], [ 141.632569170000011, 40.49578211 ], [ 141.63258803, 40.49577053 ], [ 141.63263283, 40.49571969 ], [ 141.63265533, 40.49569803 ], [ 141.63268403, 40.49569944 ], [ 141.632731510000013, 40.49568353 ], [ 141.632766690000011, 40.49562692 ], [ 141.632747170000016, 40.4956022 ], [ 141.63267808, 40.49557744 ], [ 141.632557390000017, 40.4955555 ], [ 141.63247472, 40.49551905 ], [ 141.63243058, 40.49550739 ], [ 141.632367830000021, 40.49551889 ], [ 141.632343280000015, 40.49552761 ], [ 141.632326160000019, 40.49553631 ], [ 141.63230908, 40.49553775 ], [ 141.632291530000032, 40.49552033 ], [ 141.632269730000019, 40.49547087 ], [ 141.632234940000018, 40.49544325 ], [ 141.632243890000012, 40.49541131 ], [ 141.632283380000018, 40.49538087 ], [ 141.63232776000001, 40.49540992 ], [ 141.632387, 40.49541295 ], [ 141.63242202, 40.49545214 ], [ 141.63246805, 40.49546389 ], [ 141.632536640000012, 40.49545667 ], [ 141.63257508, 40.49547559 ], [ 141.63262287, 40.49547569 ], [ 141.63265506, 40.49546559 ], [ 141.632692610000021, 40.49542784 ], [ 141.632712890000022, 40.49538717 ], [ 141.632710660000015, 40.49536584 ], [ 141.632708220000012, 40.49534208 ], [ 141.63268747, 40.49531387 ], [ 141.632666590000014, 40.49528541 ], [ 141.632661220000017, 40.49527811 ], [ 141.63263964, 40.49524033 ], [ 141.63264314, 40.4952172 ], [ 141.632646420000015, 40.49519536 ], [ 141.632623860000024, 40.49518328 ], [ 141.632518420000025, 40.49517417 ], [ 141.632562550000017, 40.49507714 ], [ 141.632663310000027, 40.49485725 ], [ 141.632781, 40.49459695 ], [ 141.63289681, 40.49434397 ], [ 141.63277567, 40.49420667 ], [ 141.632651720000013, 40.49404064 ], [ 141.63246523, 40.49399295 ], [ 141.632311970000018, 40.49395203 ], [ 141.63156501, 40.49375347 ], [ 141.63159769, 40.49366389 ], [ 141.63165766000003, 40.49361961 ], [ 141.631704580000019, 40.49359533 ], [ 141.631731920000021, 40.493593 ], [ 141.63177808, 40.49361744 ], [ 141.631804030000012, 40.49361628 ], [ 141.631853770000021, 40.49358269 ], [ 141.63183633, 40.49354436 ], [ 141.63177783, 40.49351639 ], [ 141.631722390000022, 40.49348617 ], [ 141.63166222000001, 40.49344541 ], [ 141.63166025000001, 40.49341759 ], [ 141.631706300000019, 40.49335253 ], [ 141.631709, 40.49333169 ], [ 141.631619030000024, 40.49324559 ], [ 141.63156508, 40.49321192 ], [ 141.63156633, 40.49319911 ], [ 141.631581440000019, 40.49318984 ], [ 141.63167377000002, 40.49323639 ], [ 141.631749970000016, 40.49323414 ], [ 141.63176866, 40.49320053 ], [ 141.63179822, 40.49314736 ], [ 141.631816500000014, 40.49311453 ], [ 141.631808440000015, 40.49309361 ], [ 141.631742340000017, 40.49305875 ], [ 141.631683920000029, 40.49303664 ], [ 141.63164742, 40.49304239 ], [ 141.63163830000002, 40.49304128 ], [ 141.63159934, 40.49299705 ], [ 141.631576420000016, 40.49299361 ], [ 141.631536720000014, 40.49298895 ], [ 141.63150927, 40.49299239 ], [ 141.631471850000025, 40.49302297 ], [ 141.63143575, 40.49305253 ], [ 141.63142983, 40.49305736 ], [ 141.6313575, 40.49311653 ], [ 141.631352280000016, 40.49316414 ], [ 141.63129167, 40.493185 ], [ 141.63126195000001, 40.49314547 ], [ 141.6312862, 40.4931232 ], [ 141.63137445000001, 40.49304223 ], [ 141.63142672, 40.49297495 ], [ 141.631390730000021, 40.49292267 ], [ 141.631361630000015, 40.49291803 ], [ 141.631347980000015, 40.49292028 ], [ 141.63128842, 40.49300039 ], [ 141.631255160000023, 40.49302241 ], [ 141.63121575, 40.49303169 ], [ 141.631191630000018, 40.49304672 ], [ 141.631172920000012, 40.49305864 ], [ 141.631102890000022, 40.49305284 ], [ 141.631049470000022, 40.493045 ], [ 141.631011170000022, 40.49303725 ], [ 141.63099567, 40.49302464 ], [ 141.630986420000028, 40.4929995 ], [ 141.630938860000015, 40.49289877 ], [ 141.630897300000015, 40.49284756 ], [ 141.630860120000023, 40.49282422 ], [ 141.63084064, 40.49280292 ], [ 141.630728520000019, 40.49263933 ], [ 141.63064655, 40.49252228 ], [ 141.630597170000016, 40.4923868 ], [ 141.630532500000015, 40.49217389 ], [ 141.63048224, 40.49206553 ], [ 141.63047219, 40.49192331 ], [ 141.63046986, 40.49186522 ], [ 141.630480120000016, 40.49179464 ], [ 141.630468690000015, 40.49172789 ], [ 141.63047236, 40.49171723 ], [ 141.630489830000016, 40.49171944 ], [ 141.63049966, 40.49173253 ], [ 141.630524810000026, 40.49175425 ], [ 141.630559080000012, 40.49176005 ], [ 141.63060131, 40.49175959 ], [ 141.63070772, 40.49175867 ], [ 141.630766030000018, 40.49170544 ], [ 141.63080856000002, 40.49166667 ], [ 141.630817520000022, 40.4916585 ], [ 141.630885810000024, 40.49159623 ], [ 141.63087986, 40.4915832 ], [ 141.630858500000016, 40.49156292 ], [ 141.630861950000025, 40.49154397 ], [ 141.630875160000016, 40.49153389 ], [ 141.630890640000018, 40.49154547 ], [ 141.63090986, 40.49155561 ], [ 141.630932630000018, 40.49155708 ], [ 141.631009660000018, 40.4914962 ], [ 141.631006360000015, 40.49148767 ], [ 141.630987760000011, 40.49143961 ], [ 141.630977640000026, 40.49140331 ], [ 141.63096411, 40.491396 ], [ 141.630918470000012, 40.49139605 ], [ 141.630775770000014, 40.49140903 ], [ 141.630736160000026, 40.49143225 ], [ 141.63067501, 40.49152653 ], [ 141.630624550000022, 40.4915802 ], [ 141.630588660000029, 40.49159756 ], [ 141.63057905, 40.4915932 ], [ 141.630547690000014, 40.49154533 ], [ 141.630489860000012, 40.49150178 ], [ 141.630418780000014, 40.49146553 ], [ 141.63036815000001, 40.49140453 ], [ 141.630298050000022, 40.49131305 ], [ 141.630250730000029, 40.49122028 ], [ 141.630208760000016, 40.49116292 ], [ 141.63019073000001, 40.49105631 ], [ 141.630173720000016, 40.49095331 ], [ 141.630202020000013, 40.49072553 ], [ 141.63028083, 40.49044553 ], [ 141.630445380000026, 40.49005686 ], [ 141.63051442, 40.48997847 ], [ 141.63063698000002, 40.48990892 ], [ 141.63065905, 40.48985959 ], [ 141.630618690000034, 40.48983925 ], [ 141.630620030000017, 40.48981167 ], [ 141.630642500000022, 40.48978703 ], [ 141.63068995, 40.48977975 ], [ 141.63070883, 40.48977108 ], [ 141.63073922, 40.48976817 ], [ 141.630766130000012, 40.48977833 ], [ 141.63078798, 40.48983061 ], [ 141.630822440000031, 40.48984072 ], [ 141.630859970000017, 40.48981317 ], [ 141.630892890000013, 40.48973487 ], [ 141.630960950000031, 40.48970286 ], [ 141.63109750000001, 40.48955928 ], [ 141.631172140000018, 40.48952814 ], [ 141.63128336, 40.48949711 ], [ 141.63142506, 40.48946811 ], [ 141.63149292, 40.48942172 ], [ 141.63162639, 40.48935595 ], [ 141.63168908, 40.48931147 ], [ 141.631808, 40.48928436 ], [ 141.631818340000024, 40.48928825 ], [ 141.63194031, 40.48929011 ], [ 141.63201881, 40.48927461 ], [ 141.63218623, 40.48925725 ], [ 141.63223708000001, 40.48925913 ], [ 141.63236859, 40.48921653 ], [ 141.63244728, 40.48920689 ], [ 141.632534030000016, 40.489083 ], [ 141.63264472, 40.48901731 ], [ 141.632725810000011, 40.48900177 ], [ 141.63274859, 40.48899208 ], [ 141.63275837, 40.48897075 ], [ 141.632891500000028, 40.48887789 ], [ 141.63325217000002, 40.48870564 ], [ 141.633308, 40.48869786 ], [ 141.633333330000028, 40.48868813 ], [ 141.63336859, 40.48867464 ], [ 141.633505360000015, 40.48863984 ], [ 141.633563, 40.48858559 ], [ 141.633577060000022, 40.48851786 ], [ 141.63356844, 40.48846956 ], [ 141.63362949, 40.48846561 ], [ 141.63365442, 40.4884385 ], [ 141.633653970000012, 40.4884095 ], [ 141.633613020000013, 40.4883998 ], [ 141.633605010000025, 40.48837861 ], [ 141.633632800000015, 40.48836697 ], [ 141.63368886, 40.48837756 ], [ 141.6337145, 40.48838244 ], [ 141.633806250000021, 40.48839008 ], [ 141.63387481, 40.48836061 ], [ 141.633887640000012, 40.48832972 ], [ 141.633889360000012, 40.48829503 ], [ 141.633890580000013, 40.4882698 ], [ 141.633900860000011, 40.488262 ], [ 141.633920890000013, 40.4882335 ], [ 141.63395447000002, 40.48818577 ], [ 141.633926300000013, 40.48815913 ], [ 141.633946420000029, 40.48813522 ], [ 141.63397409, 40.48814814 ], [ 141.634031240000013, 40.4881748 ], [ 141.634077080000026, 40.48816117 ], [ 141.634120560000014, 40.48813592 ], [ 141.63412567, 40.48812047 ], [ 141.634181860000012, 40.48808559 ], [ 141.634177, 40.48805275 ], [ 141.634151630000019, 40.48803356 ], [ 141.63411358, 40.4880278 ], [ 141.634075310000014, 40.48803175 ], [ 141.63399134, 40.48804161 ], [ 141.633904810000018, 40.48803797 ], [ 141.63386936, 40.48800328 ], [ 141.63387205, 40.48798211 ], [ 141.63386728, 40.48794539 ], [ 141.63385224000001, 40.48790297 ], [ 141.63388508, 40.48790039 ], [ 141.6339202, 40.48789759 ], [ 141.633981410000018, 40.48789272 ], [ 141.63403761, 40.48788828 ], [ 141.634141020000015, 40.48784797 ], [ 141.634150340000019, 40.48784436 ], [ 141.634180360000016, 40.48783161 ], [ 141.634205840000021, 40.4878208 ], [ 141.634219590000015, 40.48781497 ], [ 141.634214500000013, 40.48780931 ], [ 141.63419214000001, 40.48778441 ], [ 141.63418589, 40.48777747 ], [ 141.634171950000024, 40.48778022 ], [ 141.63412575000001, 40.48778941 ], [ 141.634076350000015, 40.48780405 ], [ 141.634056160000029, 40.48781005 ], [ 141.634042500000021, 40.48780197 ], [ 141.63404244000003, 40.48778808 ], [ 141.63405, 40.48777895 ], [ 141.63409834, 40.48775484 ], [ 141.63415433, 40.48775284 ], [ 141.634207170000025, 40.48774236 ], [ 141.634235030000013, 40.48770525 ], [ 141.634240440000013, 40.48765505 ], [ 141.63422528000001, 40.48763778 ], [ 141.634179690000025, 40.48761467 ], [ 141.63413655, 40.48759741 ], [ 141.633963670000014, 40.48759013 ], [ 141.633887200000032, 40.48761733 ], [ 141.633752390000012, 40.48759836 ], [ 141.633757780000025, 40.48756556 ], [ 141.63377053, 40.4875578 ], [ 141.633928340000011, 40.48753617 ], [ 141.63395392000001, 40.48751492 ], [ 141.633959200000021, 40.48749175 ], [ 141.63389847, 40.48744559 ], [ 141.63387047, 40.48743995 ], [ 141.633755810000025, 40.487471 ], [ 141.63372292, 40.48744214 ], [ 141.63367241, 40.48738061 ], [ 141.633639580000022, 40.48734786 ], [ 141.633708660000025, 40.48728408 ], [ 141.63375234, 40.48722623 ], [ 141.63372472, 40.48716653 ], [ 141.633796500000017, 40.48708156 ], [ 141.633850250000023, 40.48702947 ], [ 141.63386319, 40.48699669 ], [ 141.63383289, 40.4869582 ], [ 141.63381769, 40.48695056 ], [ 141.633705640000017, 40.48697969 ], [ 141.63363511, 40.48688164 ], [ 141.633676080000015, 40.48683533 ], [ 141.63364389, 40.48670641 ], [ 141.63360839, 40.48669875 ], [ 141.633562580000017, 40.486695 ], [ 141.63350681, 40.48667584 ], [ 141.63339769000001, 40.48664536 ], [ 141.633344920000013, 40.48655305 ], [ 141.633333330000028, 40.48654336 ], [ 141.63321842000002, 40.48644747 ], [ 141.633290750000015, 40.48630117 ], [ 141.633333330000028, 40.48627828 ], [ 141.633369860000016, 40.48625864 ], [ 141.63349922, 40.48630459 ], [ 141.633560220000021, 40.48630641 ], [ 141.63357825, 40.48625631 ], [ 141.633584190000022, 40.485772 ], [ 141.63338217, 40.48559569 ], [ 141.6333828, 40.48549203 ], [ 141.633333330000028, 40.48540867 ], [ 141.633272440000013, 40.48530608 ], [ 141.633262750000029, 40.48524475 ], [ 141.633270170000031, 40.48520336 ], [ 141.63327292, 40.48518803 ], [ 141.633311920000011, 40.48497059 ], [ 141.633316080000014, 40.48494733 ], [ 141.63332881, 40.48487647 ], [ 141.633333330000028, 40.48485056 ], [ 141.633352670000022, 40.48474031 ], [ 141.633373480000017, 40.48466559 ], [ 141.63342745, 40.48457156 ], [ 141.633481250000017, 40.48448536 ], [ 141.633479470000026, 40.48438387 ], [ 141.633507950000023, 40.48429767 ], [ 141.633564190000016, 40.48422864 ], [ 141.633778200000023, 40.48407333 ], [ 141.63388778, 40.48396414 ], [ 141.63390722, 40.4839215 ], [ 141.6339418, 40.48384541 ], [ 141.634085500000026, 40.48358892 ], [ 141.63415942, 40.4834572 ], [ 141.63425881, 40.48333333 ], [ 141.63428681000002, 40.48329844 ], [ 141.6343683, 40.48321817 ], [ 141.63464786, 40.48304133 ], [ 141.634670390000025, 40.48302108 ], [ 141.63471567000002, 40.48301095 ], [ 141.63486078, 40.48290422 ], [ 141.63490214, 40.48286241 ], [ 141.634936110000012, 40.48284075 ], [ 141.634992780000033, 40.48283503 ], [ 141.63502112, 40.48282925 ], [ 141.635061850000028, 40.48279267 ], [ 141.63509817000002, 40.48273117 ], [ 141.635115010000021, 40.48269944 ], [ 141.63514508, 40.48266053 ], [ 141.63516511, 40.48262813 ], [ 141.635218880000025, 40.48253805 ], [ 141.63526815, 40.48253411 ], [ 141.635330470000014, 40.4825298 ], [ 141.63536442, 40.48251822 ], [ 141.635393, 40.48252056 ], [ 141.63541956, 40.48252244 ], [ 141.635470360000028, 40.48253947 ], [ 141.635526740000017, 40.48253089 ], [ 141.635632110000017, 40.48249351 ], [ 141.63569992, 40.48244195 ], [ 141.635754420000012, 40.48236323 ], [ 141.63591231, 40.48231008 ], [ 141.636100340000013, 40.48228264 ], [ 141.63617567, 40.48231825 ], [ 141.636284690000025, 40.48231377 ], [ 141.636420030000011, 40.48227792 ], [ 141.63661389, 40.48220325 ], [ 141.636687810000012, 40.48217167 ], [ 141.636754940000031, 40.48215344 ], [ 141.6367828, 40.48214533 ], [ 141.636825360000017, 40.48214441 ], [ 141.63693236, 40.48212636 ], [ 141.63698722, 40.48211708 ], [ 141.63704852, 40.48212439 ], [ 141.63715061000002, 40.4820998 ], [ 141.63719433, 40.48207817 ], [ 141.637233220000013, 40.48204531 ], [ 141.637220470000017, 40.48199414 ], [ 141.637211190000016, 40.4819488 ], [ 141.637216720000026, 40.48190769 ], [ 141.63722117, 40.481826 ], [ 141.637213920000022, 40.48176136 ], [ 141.63719287, 40.48165831 ], [ 141.637168340000017, 40.48160975 ], [ 141.637139250000018, 40.48154459 ], [ 141.63712756000001, 40.48152322 ], [ 141.63712992, 40.48149195 ], [ 141.637123480000014, 40.48144805 ], [ 141.637114940000032, 40.48141361 ], [ 141.637103530000019, 40.48138651 ], [ 141.63709080000001, 40.4813575 ], [ 141.637077690000012, 40.48133795 ], [ 141.637059690000029, 40.48131005 ], [ 141.637053720000011, 40.48129417 ], [ 141.637057860000027, 40.48125533 ], [ 141.637071410000033, 40.48121631 ], [ 141.63707163, 40.48119605 ], [ 141.63705217, 40.48116495 ], [ 141.637043480000017, 40.48112797 ], [ 141.63704469000001, 40.48111086 ], [ 141.637053940000015, 40.48109559 ], [ 141.63707681, 40.48107408 ], [ 141.63710623, 40.48101831 ], [ 141.637104920000013, 40.48099769 ], [ 141.637089800000012, 40.48096797 ], [ 141.637076060000027, 40.48094267 ], [ 141.63708005, 40.48092159 ], [ 141.63710856000003, 40.48089751 ], [ 141.637131830000015, 40.48087267 ], [ 141.637151750000015, 40.48081192 ], [ 141.637161850000012, 40.48078978 ], [ 141.637187660000023, 40.4807472 ], [ 141.637214160000013, 40.48071359 ], [ 141.63723353, 40.48070517 ], [ 141.637248640000024, 40.48067859 ], [ 141.63729766000003, 40.48062503 ], [ 141.63731175, 40.48062014 ], [ 141.637360560000019, 40.48058839 ], [ 141.637413260000017, 40.48055695 ], [ 141.63744988000002, 40.48053228 ], [ 141.63746791, 40.48051169 ], [ 141.6374935, 40.48048036 ], [ 141.637510220000024, 40.48044828 ], [ 141.637555580000026, 40.48042408 ], [ 141.637643450000013, 40.48034478 ], [ 141.63767411, 40.4803062 ], [ 141.63769414, 40.48027544 ], [ 141.63770553, 40.48025987 ], [ 141.63773294, 40.48023553 ], [ 141.637789170000019, 40.48020317 ], [ 141.63785772, 40.48017469 ], [ 141.637906140000013, 40.48010059 ], [ 141.637944620000013, 40.48009411 ], [ 141.637982530000016, 40.48010761 ], [ 141.6380035, 40.48016584 ], [ 141.638004810000012, 40.48019572 ], [ 141.638009830000016, 40.48023064 ], [ 141.63801856, 40.48025139 ], [ 141.638048, 40.48030711 ], [ 141.63807861, 40.48034011 ], [ 141.638112310000025, 40.48033908 ], [ 141.638131, 40.48032344 ], [ 141.63815655, 40.48029941 ], [ 141.638200860000012, 40.48027667 ], [ 141.63821956000001, 40.48027097 ], [ 141.63822703, 40.48027613 ], [ 141.638225810000023, 40.48029272 ], [ 141.638243860000017, 40.48029313 ], [ 141.63830569000001, 40.48028459 ], [ 141.638363990000016, 40.48026014 ], [ 141.63843817, 40.48020911 ], [ 141.638468140000015, 40.48018917 ], [ 141.638505620000018, 40.48014667 ], [ 141.638543, 40.48009887 ], [ 141.638551630000023, 40.48007097 ], [ 141.63853667, 40.4800308 ], [ 141.63852294, 40.48000867 ], [ 141.6385285, 40.47997936 ], [ 141.63852664, 40.47994341 ], [ 141.63852409, 40.47991561 ], [ 141.638543450000014, 40.47989811 ], [ 141.638575910000014, 40.47991075 ], [ 141.638572220000015, 40.47994717 ], [ 141.638585940000013, 40.47996131 ], [ 141.63861336, 40.4799358 ], [ 141.63865769, 40.47992341 ], [ 141.63867761, 40.47992247 ], [ 141.63872633, 40.47993467 ], [ 141.638781310000013, 40.47994364 ], [ 141.63879628, 40.47995497 ], [ 141.638818110000017, 40.47997517 ], [ 141.6388537, 40.47997286 ], [ 141.638859270000012, 40.47994589 ], [ 141.638834920000022, 40.47992128 ], [ 141.63881805, 40.47991005 ], [ 141.6388193, 40.4798968 ], [ 141.63886553, 40.47987731 ], [ 141.63889986, 40.47987733 ], [ 141.638963530000012, 40.47987484 ], [ 141.63900842000001, 40.47987197 ], [ 141.639099, 40.47986244 ], [ 141.639123940000019, 40.47985767 ], [ 141.63914144, 40.47984017 ], [ 141.63916136, 40.47982923 ], [ 141.63918633, 40.479816 ], [ 141.63921876, 40.47982539 ], [ 141.639221890000016, 40.47980125 ], [ 141.639226940000015, 40.47978095 ], [ 141.63924756, 40.47977856 ], [ 141.639266890000016, 40.47979697 ], [ 141.639302410000028, 40.47981013 ], [ 141.63932861, 40.47983047 ], [ 141.63936236, 40.47983089 ], [ 141.639391750000016, 40.47982375 ], [ 141.639387910000011, 40.4797982 ], [ 141.63937236000001, 40.47975995 ], [ 141.63936927, 40.47972969 ], [ 141.639387950000014, 40.47972264 ], [ 141.63939983, 40.47971031 ], [ 141.639404860000013, 40.4796772 ], [ 141.639421700000014, 40.47970367 ], [ 141.639431050000013, 40.47973628 ], [ 141.6394535, 40.47978017 ], [ 141.639495910000022, 40.47981653 ], [ 141.63954031, 40.47982784 ], [ 141.63957769000001, 40.47982775 ], [ 141.639651360000016, 40.47980456 ], [ 141.63967445, 40.47979169 ], [ 141.639681950000011, 40.47975911 ], [ 141.639671390000018, 40.47972505 ], [ 141.63963825, 40.47971475 ], [ 141.639617640000012, 40.47970669 ], [ 141.63961706, 40.47968925 ], [ 141.63963575, 40.47968308 ], [ 141.639639580000022, 40.479658 ], [ 141.639628910000027, 40.47963439 ], [ 141.63962428, 40.47960292 ], [ 141.639642970000011, 40.47960764 ], [ 141.639672280000013, 40.47964067 ], [ 141.639715360000025, 40.47966244 ], [ 141.639745330000011, 40.4796742 ], [ 141.63978287, 40.47966567 ], [ 141.639809660000026, 40.47965897 ], [ 141.639830890000013, 40.47964 ], [ 141.639866420000033, 40.47962159 ], [ 141.63988769, 40.47960495 ], [ 141.639893380000018, 40.47956805 ], [ 141.639919530000014, 40.47955528 ], [ 141.639937640000028, 40.47954156 ], [ 141.639932750000014, 40.479508 ], [ 141.639925940000012, 40.47948011 ], [ 141.639971850000023, 40.47945487 ], [ 141.640002090000024, 40.47947669 ], [ 141.640020780000015, 40.47951972 ], [ 141.640033860000017, 40.47955041 ], [ 141.640066890000014, 40.4795802 ], [ 141.640088750000018, 40.47958344 ], [ 141.640114940000018, 40.4795938 ], [ 141.64015667000001, 40.47962117 ], [ 141.640184140000031, 40.47965997 ], [ 141.640208420000022, 40.4797062 ], [ 141.64021336, 40.47974541 ], [ 141.64027761, 40.47976289 ], [ 141.64030827000002, 40.47975241 ], [ 141.640327, 40.47973011 ], [ 141.640295970000011, 40.479621 ], [ 141.640294690000019, 40.47958417 ], [ 141.640277280000021, 40.4795572 ], [ 141.640255380000013, 40.47953223 ], [ 141.64023484, 40.47948111 ], [ 141.640205550000019, 40.47946844 ], [ 141.640195010000014, 40.47941447 ], [ 141.64018572, 40.47939697 ], [ 141.64015322000003, 40.47938233 ], [ 141.640160080000015, 40.47935356 ], [ 141.640176420000017, 40.47932986 ], [ 141.64020450000001, 40.47931039 ], [ 141.640247610000017, 40.47929667 ], [ 141.640289420000016, 40.47929089 ], [ 141.640331240000023, 40.47930841 ], [ 141.6403425, 40.47932113 ], [ 141.640381750000017, 40.47931022 ], [ 141.64041986, 40.47929223 ], [ 141.640450470000019, 40.47930633 ], [ 141.640499730000016, 40.47933184 ], [ 141.640525310000015, 40.47934975 ], [ 141.640533450000021, 40.47937005 ], [ 141.64055958000003, 40.47938564 ], [ 141.64057458000002, 40.47935825 ], [ 141.64058659, 40.47932556 ], [ 141.64061039, 40.47928486 ], [ 141.64062156, 40.47930144 ], [ 141.64063336000001, 40.47935253 ], [ 141.640623890000029, 40.47938753 ], [ 141.640620800000022, 40.47942536 ], [ 141.640636280000024, 40.47942861 ], [ 141.64066311000002, 40.4794338 ], [ 141.64069433, 40.47945033 ], [ 141.640708690000025, 40.47942711 ], [ 141.640718780000014, 40.47941433 ], [ 141.64076934000002, 40.47940911 ], [ 141.640796740000013, 40.47939578 ], [ 141.640837330000011, 40.47939667 ], [ 141.64085178, 40.47939997 ], [ 141.64086423, 40.47941467 ], [ 141.64088039, 40.47941508 ], [ 141.640911030000012, 40.47938336 ], [ 141.640936720000013, 40.479372 ], [ 141.640964810000014, 40.47936389 ], [ 141.640967830000022, 40.47937008 ], [ 141.640963450000015, 40.47938803 ], [ 141.640939730000014, 40.47940647 ], [ 141.64091589, 40.47943584 ], [ 141.640925330000016, 40.47945523 ], [ 141.640951390000026, 40.47947503 ], [ 141.64096881, 40.47950203 ], [ 141.64100012, 40.47951423 ], [ 141.641030050000012, 40.47950475 ], [ 141.641066250000023, 40.47948251 ], [ 141.641090050000031, 40.47945317 ], [ 141.641118780000028, 40.47943659 ], [ 141.641144380000014, 40.47941947 ], [ 141.641224380000011, 40.47939241 ], [ 141.64127034, 40.4793685 ], [ 141.641302750000023, 40.47936703 ], [ 141.64134458, 40.4793552 ], [ 141.64138577, 40.47934708 ], [ 141.64141633, 40.4793565 ], [ 141.641443800000019, 40.47936595 ], [ 141.641469420000021, 40.47936875 ], [ 141.641450640000016, 40.4793858 ], [ 141.641436810000016, 40.47941328 ], [ 141.641436160000012, 40.47942741 ], [ 141.64146234, 40.47943544 ], [ 141.64154969, 40.47945284 ], [ 141.641568420000027, 40.47945136 ], [ 141.64159903, 40.47943664 ], [ 141.641627170000021, 40.4794215 ], [ 141.64165144, 40.4794115 ], [ 141.64166667, 40.47940553 ], [ 141.641696740000015, 40.47939372 ], [ 141.64171667, 40.47940133 ], [ 141.641741670000016, 40.47940125 ], [ 141.64179536, 40.47939267 ], [ 141.641817280000026, 40.47937278 ], [ 141.641831670000016, 40.47935341 ], [ 141.641818590000014, 40.47934397 ], [ 141.6418093, 40.47933592 ], [ 141.641813090000028, 40.47930708 ], [ 141.641833750000018, 40.47928956 ], [ 141.641846890000011, 40.47927531 ], [ 141.64189314, 40.4792568 ], [ 141.641935620000027, 40.47923741 ], [ 141.64196128, 40.47921517 ], [ 141.641993110000016, 40.47919422 ], [ 141.642012530000017, 40.47917914 ], [ 141.64205691, 40.47915397 ], [ 141.642093800000026, 40.47914256 ], [ 141.642126890000014, 40.47914584 ], [ 141.64215678, 40.47915103 ], [ 141.642169920000015, 40.47914533 ], [ 141.642188690000012, 40.47912731 ], [ 141.642198150000013, 40.47909851 ], [ 141.642228220000021, 40.47906056 ], [ 141.642246450000016, 40.47903547 ], [ 141.64227772000001, 40.47902786 ], [ 141.642303920000018, 40.47902831 ], [ 141.64233131, 40.47903111 ], [ 141.642351970000021, 40.47902259 ], [ 141.64236577, 40.47900456 ], [ 141.6423628, 40.47897333 ], [ 141.64234966, 40.47895964 ], [ 141.642322870000015, 40.47894686 ], [ 141.642271170000015, 40.47892372 ], [ 141.64221828, 40.47888123 ], [ 141.642204640000017, 40.47885467 ], [ 141.642179780000021, 40.4788268 ], [ 141.642160390000015, 40.47881353 ], [ 141.64218725, 40.4788112 ], [ 141.64221538000001, 40.47880731 ], [ 141.642234090000017, 40.47881159 ], [ 141.642277760000013, 40.47884225 ], [ 141.642307640000013, 40.47886644 ], [ 141.642323840000017, 40.47887022 ], [ 141.64233883, 40.4788612 ], [ 141.64236944000001, 40.47885784 ], [ 141.642428110000026, 40.47885256 ], [ 141.642482480000012, 40.47885008 ], [ 141.64252431, 40.47884772 ], [ 141.64255058, 40.47882584 ], [ 141.642563220000028, 40.47878847 ], [ 141.642576350000013, 40.47876377 ], [ 141.64259708000003, 40.47874959 ], [ 141.642607060000017, 40.47875672 ], [ 141.64260944, 40.47877851 ], [ 141.642624810000029, 40.47882056 ], [ 141.64263545, 40.47883244 ], [ 141.642668080000021, 40.47878928 ], [ 141.642655640000015, 40.47876567 ], [ 141.642649560000024, 40.47873913 ], [ 141.642660190000015, 40.47872251 ], [ 141.642637830000012, 40.47870553 ], [ 141.642594160000016, 40.47868333 ], [ 141.64254986, 40.47866769 ], [ 141.64251872, 40.4786682 ], [ 141.642484360000026, 40.47866403 ], [ 141.642417030000018, 40.47863522 ], [ 141.64236642000003, 40.47863522 ], [ 141.64233083000002, 40.47862861 ], [ 141.64233655000001, 40.47861444 ], [ 141.642407720000023, 40.47861628 ], [ 141.642482630000018, 40.47861856 ], [ 141.642504450000018, 40.47861903 ], [ 141.642515670000023, 40.47862984 ], [ 141.642543800000027, 40.47863603 ], [ 141.64256258, 40.47862844 ], [ 141.642583110000032, 40.47862792 ], [ 141.64262555000002, 40.4786368 ], [ 141.64267927, 40.47863067 ], [ 141.64271756, 40.47859889 ], [ 141.642723190000027, 40.47857605 ], [ 141.64273881, 40.47856992 ], [ 141.64277698, 40.47855613 ], [ 141.642743310000014, 40.4785325 ], [ 141.64271464, 40.47853208 ], [ 141.642685380000017, 40.47852167 ], [ 141.642684160000016, 40.47848897 ], [ 141.6426893, 40.4784658 ], [ 141.6427107, 40.4784288 ], [ 141.642725250000012, 40.47838377 ], [ 141.64273350000002, 40.47834533 ], [ 141.64274930000002, 40.47830408 ], [ 141.6427725, 40.47828275 ], [ 141.642789360000023, 40.47828084 ], [ 141.642800510000029, 40.47829497 ], [ 141.64279228, 40.47831728 ], [ 141.642752630000018, 40.478396 ], [ 141.642742500000026, 40.47842633 ], [ 141.642755530000017, 40.47845956 ], [ 141.64277859, 40.47846561 ], [ 141.64279484, 40.4784618 ], [ 141.64281678, 40.47845372 ], [ 141.64284608, 40.47845803 ], [ 141.64289545, 40.47846364 ], [ 141.64291545, 40.47845844 ], [ 141.64297095, 40.478455 ], [ 141.643002170000017, 40.47845172 ], [ 141.64302659, 40.4784512 ], [ 141.643070200000011, 40.47847953 ], [ 141.64308503, 40.47849661 ], [ 141.643124890000024, 40.47852541 ], [ 141.64314669, 40.47853347 ], [ 141.64316367, 40.47852397 ], [ 141.64319752, 40.47848467 ], [ 141.64320319, 40.47846617 ], [ 141.64321698, 40.47846472 ], [ 141.64324122, 40.4784605 ], [ 141.643275860000017, 40.47844864 ], [ 141.643296980000031, 40.47844731 ], [ 141.64332117, 40.47844939 ], [ 141.643352970000024, 40.478456 ], [ 141.64338633, 40.47846497 ], [ 141.64340292, 40.47846141 ], [ 141.64342222, 40.47842887 ], [ 141.643381020000021, 40.47839692 ], [ 141.643424720000013, 40.47836167 ], [ 141.64348475, 40.47835214 ], [ 141.643523800000025, 40.47832405 ], [ 141.64352964, 40.47830789 ], [ 141.643514330000016, 40.47829069 ], [ 141.643524720000016, 40.478271 ], [ 141.64350134, 40.4782192 ], [ 141.643494920000023, 40.47818689 ], [ 141.64346577, 40.47814559 ], [ 141.643428910000011, 40.47810208 ], [ 141.64340572, 40.47805603 ], [ 141.643391700000024, 40.47801695 ], [ 141.64338355000001, 40.47796731 ], [ 141.643375530000014, 40.47792936 ], [ 141.64339934, 40.47793656 ], [ 141.643410860000017, 40.47797351 ], [ 141.643433720000019, 40.47800036 ], [ 141.64345947000001, 40.47800478 ], [ 141.643471480000017, 40.47799317 ], [ 141.64347722, 40.47796997 ], [ 141.643490830000019, 40.47796528 ], [ 141.64354219, 40.47796836 ], [ 141.643581360000013, 40.47795069 ], [ 141.6435917, 40.47793675 ], [ 141.6435837, 40.47789872 ], [ 141.6435745, 40.4778895 ], [ 141.643589390000017, 40.47786167 ], [ 141.64363591, 40.4778382 ], [ 141.64367056, 40.47782633 ], [ 141.64370531, 40.47783067 ], [ 141.643738610000014, 40.4778362 ], [ 141.643780890000016, 40.47783123 ], [ 141.64378964, 40.47780225 ], [ 141.643769690000028, 40.47777239 ], [ 141.64374569, 40.47773728 ], [ 141.64371462, 40.47772164 ], [ 141.64366594, 40.47770739 ], [ 141.643695940000015, 40.47769033 ], [ 141.64371667, 40.47767892 ], [ 141.64374294000001, 40.4776765 ], [ 141.64376428, 40.4776542 ], [ 141.643772500000011, 40.47763233 ], [ 141.643778750000024, 40.47763184 ], [ 141.643801020000012, 40.47767123 ], [ 141.643824670000015, 40.47769592 ], [ 141.643842190000015, 40.47769967 ], [ 141.64385852, 40.47768487 ], [ 141.643872970000018, 40.47766117 ], [ 141.643884190000023, 40.47767253 ], [ 141.64388717, 40.47770339 ], [ 141.643875690000016, 40.4777305 ], [ 141.643885580000017, 40.477758 ], [ 141.64391545, 40.47777975 ], [ 141.64395847, 40.47780728 ], [ 141.644002530000023, 40.47784328 ], [ 141.644016830000027, 40.47786505 ], [ 141.644061720000025, 40.47788022 ], [ 141.64408355, 40.47787261 ], [ 141.644118030000016, 40.47786408 ], [ 141.64412934, 40.477845 ], [ 141.64414686, 40.47784072 ], [ 141.644186670000011, 40.47782587 ], [ 141.64417472, 40.47778289 ], [ 141.644183280000021, 40.47773889 ], [ 141.6442037, 40.47767184 ], [ 141.64420475, 40.47765325 ], [ 141.64419942, 40.47762005 ], [ 141.644204550000012, 40.47759625 ], [ 141.64419533, 40.47756541 ], [ 141.644170340000016, 40.47754695 ], [ 141.64411361, 40.47752708 ], [ 141.644082560000015, 40.47750569 ], [ 141.644046910000014, 40.47750341 ], [ 141.64402564, 40.47749861 ], [ 141.64400272, 40.47747733 ], [ 141.64397205, 40.47747595 ], [ 141.64396905000001, 40.47746217 ], [ 141.643962830000021, 40.47744459 ], [ 141.64399733, 40.47741939 ], [ 141.644024360000031, 40.47740272 ], [ 141.644023800000014, 40.47737469 ], [ 141.644011480000017, 40.47735147 ], [ 141.6439885, 40.47733389 ], [ 141.643969810000016, 40.47732725 ], [ 141.64394083000002, 40.47729144 ], [ 141.64392092, 40.47727339 ], [ 141.64390545, 40.47725351 ], [ 141.64387983, 40.47724017 ], [ 141.643823060000017, 40.47721741 ], [ 141.64374761000002, 40.47718139 ], [ 141.64369577, 40.47716717 ], [ 141.643634030000015, 40.47715059 ], [ 141.64356978, 40.477124 ], [ 141.64353189, 40.47711495 ], [ 141.643518560000018, 40.47711175 ], [ 141.64348508, 40.47710405 ], [ 141.64344628, 40.47709361 ], [ 141.643457760000018, 40.47701697 ], [ 141.643298300000026, 40.47697992 ], [ 141.643416420000023, 40.47671844 ], [ 141.643708780000026, 40.47657086 ], [ 141.643800950000013, 40.47668225 ], [ 141.64390283, 40.47663289 ], [ 141.644103380000018, 40.47688395 ], [ 141.644061560000011, 40.47690539 ], [ 141.64404966, 40.47692864 ], [ 141.644083310000013, 40.47695839 ], [ 141.64412581000002, 40.47697187 ], [ 141.64417852, 40.47696223 ], [ 141.644200970000014, 40.47694586 ], [ 141.644225190000014, 40.47695028 ], [ 141.644234450000027, 40.47696397 ], [ 141.644243860000017, 40.47699284 ], [ 141.644259200000022, 40.47701228 ], [ 141.644294160000015, 40.47702705 ], [ 141.64429725, 40.47703856 ], [ 141.64432467, 40.47705217 ], [ 141.644366940000026, 40.47705753 ], [ 141.64439131, 40.47707239 ], [ 141.644394670000025, 40.47709661 ], [ 141.644407170000022, 40.47713569 ], [ 141.64443144, 40.4771448 ], [ 141.64448581000002, 40.47714317 ], [ 141.64454914, 40.47713228 ], [ 141.644576280000024, 40.47712478 ], [ 141.644595690000017, 40.47711239 ], [ 141.64461022, 40.47710239 ], [ 141.644632750000028, 40.47709331 ], [ 141.64465655, 40.47709241 ], [ 141.64467406, 40.47708617 ], [ 141.64475117, 40.4770552 ], [ 141.644779340000014, 40.47704239 ], [ 141.64482633, 40.47702764 ], [ 141.644867660000017, 40.47701331 ], [ 141.644877690000015, 40.47701333 ], [ 141.64487195000001, 40.47702569 ], [ 141.64479803, 40.477059 ], [ 141.64476156, 40.47707611 ], [ 141.644710170000025, 40.47710708 ], [ 141.644705030000011, 40.47712225 ], [ 141.644742310000026, 40.47716072 ], [ 141.644813770000013, 40.47722911 ], [ 141.644840030000012, 40.47723569 ], [ 141.644875620000022, 40.47723236 ], [ 141.644933870000017, 40.47722133 ], [ 141.645004810000017, 40.47721733 ], [ 141.645075580000025, 40.47719828 ], [ 141.64511669, 40.47716656 ], [ 141.645150050000012, 40.47712425 ], [ 141.645149050000015, 40.47710005 ], [ 141.645141, 40.47708722 ], [ 141.64516975, 40.47708667 ], [ 141.645218910000011, 40.47710333 ], [ 141.645247720000015, 40.47709611 ], [ 141.64527228, 40.47706956 ], [ 141.645257110000017, 40.47701392 ], [ 141.64523542, 40.47698453 ], [ 141.645201190000023, 40.47695405 ], [ 141.64516261, 40.47693414 ], [ 141.645121890000013, 40.47694036 ], [ 141.645065640000013, 40.47695131 ], [ 141.645054330000022, 40.47695184 ], [ 141.645045080000017, 40.47693759 ], [ 141.645088910000027, 40.4769252 ], [ 141.645142170000014, 40.47690989 ], [ 141.64520672, 40.47688511 ], [ 141.64528572, 40.47684323 ], [ 141.645311, 40.47680856 ], [ 141.645260190000016, 40.47673244 ], [ 141.645237370000018, 40.47669684 ], [ 141.64523949, 40.47665784 ], [ 141.64527156, 40.4766378 ], [ 141.645317200000022, 40.47663684 ], [ 141.64538244000002, 40.47669817 ], [ 141.645409810000018, 40.47670905 ], [ 141.645477450000016, 40.4766938 ], [ 141.64548703, 40.47666664 ], [ 141.645457280000016, 40.47662433 ], [ 141.645405550000021, 40.47661011 ], [ 141.64535075, 40.47657303 ], [ 141.645307910000014, 40.47652361 ], [ 141.6453075, 40.47650695 ], [ 141.64536942, 40.47648931 ], [ 141.645367170000014, 40.47645889 ], [ 141.64535613000001, 40.47643411 ], [ 141.645328200000023, 40.47640513 ], [ 141.645265250000023, 40.476368 ], [ 141.645190950000028, 40.47634953 ], [ 141.645148690000013, 40.47634703 ], [ 141.64507161, 40.47633967 ], [ 141.644981050000013, 40.47634147 ], [ 141.644928170000014, 40.47633733 ], [ 141.64489635000001, 40.47633177 ], [ 141.64487953, 40.47631461 ], [ 141.64488086, 40.47629847 ], [ 141.644916860000023, 40.47627978 ], [ 141.644941, 40.47627608 ], [ 141.645012, 40.47627784 ], [ 141.64511453, 40.47627117 ], [ 141.645141700000011, 40.47626522 ], [ 141.645200220000021, 40.47623705 ], [ 141.64524674, 40.47621359 ], [ 141.645330950000016, 40.47618184 ], [ 141.64537898, 40.47616647 ], [ 141.645428660000022, 40.47614992 ], [ 141.645442090000017, 40.4761382 ], [ 141.645462800000018, 40.4761058 ], [ 141.645459440000025, 40.47608161 ], [ 141.64543501, 40.47604944 ], [ 141.645430120000015, 40.47602525 ], [ 141.645439030000034, 40.47601023 ], [ 141.64546464, 40.47600311 ], [ 141.6454962, 40.47599939 ], [ 141.645520510000011, 40.47600841 ], [ 141.64556747, 40.47602186 ], [ 141.645591750000023, 40.47602978 ], [ 141.645629470000017, 40.47602944 ], [ 141.645661250000018, 40.4760338 ], [ 141.645703450000013, 40.47603117 ], [ 141.645724480000013, 40.47602292 ], [ 141.645758170000022, 40.4759908 ], [ 141.645788200000027, 40.47597789 ], [ 141.645801580000011, 40.47595239 ], [ 141.64582384000002, 40.47591989 ], [ 141.645856690000016, 40.47589777 ], [ 141.64590185000003, 40.4758882 ], [ 141.64594581, 40.47590284 ], [ 141.64599575, 40.47591861 ], [ 141.646028880000017, 40.47590792 ], [ 141.64602708000001, 40.47588489 ], [ 141.6459935, 40.47585747 ], [ 141.64598114, 40.47582992 ], [ 141.645976280000014, 40.47579995 ], [ 141.64599983, 40.47575825 ], [ 141.64603406, 40.47571992 ], [ 141.646035160000025, 40.47570525 ], [ 141.646020920000012, 40.47568617 ], [ 141.646016160000016, 40.47565567 ], [ 141.64601708, 40.47561369 ], [ 141.646032530000014, 40.47557367 ], [ 141.646039660000014, 40.47553022 ], [ 141.646043060000011, 40.47549875 ], [ 141.64608589, 40.47546108 ], [ 141.646110470000025, 40.47544533 ], [ 141.646149920000028, 40.475441 ], [ 141.646190640000015, 40.47543431 ], [ 141.64620306, 40.47544522 ], [ 141.646214190000023, 40.47547008 ], [ 141.646250800000018, 40.47550387 ], [ 141.646312, 40.475531 ], [ 141.646343770000016, 40.47554528 ], [ 141.64637564, 40.47554811 ], [ 141.646394550000025, 40.47553286 ], [ 141.646441110000012, 40.47550092 ], [ 141.64645597, 40.47552089 ], [ 141.646455670000023, 40.47555377 ], [ 141.646492550000033, 40.47557044 ], [ 141.646523890000026, 40.47556705 ], [ 141.64657409, 40.47554323 ], [ 141.646580610000029, 40.47551705 ], [ 141.646552610000015, 40.47548508 ], [ 141.64654406, 40.47546939 ], [ 141.646544920000025, 40.47544264 ], [ 141.646512170000022, 40.47538639 ], [ 141.64648908, 40.47538017 ], [ 141.646423220000031, 40.47539503 ], [ 141.646397470000011, 40.47540225 ], [ 141.646400660000012, 40.47539267 ], [ 141.64642914, 40.4753578 ], [ 141.64645189, 40.47533772 ], [ 141.646442670000027, 40.47531584 ], [ 141.646385360000011, 40.47527769 ], [ 141.64635536, 40.47527439 ], [ 141.64631713, 40.47527392 ], [ 141.646287130000019, 40.47526875 ], [ 141.64624778000001, 40.475252 ], [ 141.646212170000013, 40.4752535 ], [ 141.64616508, 40.47526969 ], [ 141.646137950000025, 40.47528789 ], [ 141.64610866000001, 40.47527692 ], [ 141.646094190000014, 40.47524136 ], [ 141.64612514, 40.47520511 ], [ 141.64615355, 40.47517503 ], [ 141.646192140000011, 40.47512728 ], [ 141.646205470000012, 40.47509864 ], [ 141.646174360000032, 40.47508239 ], [ 141.64610117, 40.47507578 ], [ 141.646066720000022, 40.47506487 ], [ 141.646044580000023, 40.475 ], [ 141.646041780000019, 40.4749918 ], [ 141.646037980000017, 40.47497886 ], [ 141.646055280000013, 40.47493641 ], [ 141.646112750000015, 40.47486189 ], [ 141.646155110000024, 40.47481603 ], [ 141.64624523, 40.47478684 ], [ 141.64629331, 40.47475353 ], [ 141.646331120000013, 40.47475995 ], [ 141.646394640000011, 40.47477561 ], [ 141.646444160000016, 40.47479641 ], [ 141.646475970000012, 40.47481117 ], [ 141.646501500000028, 40.47479711 ], [ 141.646520830000014, 40.47477617 ], [ 141.646529440000023, 40.47473808 ], [ 141.646523840000015, 40.47470183 ], [ 141.64601525, 40.47456477 ], [ 141.645564690000015, 40.474442 ], [ 141.64541109000001, 40.47440451 ], [ 141.645093060000022, 40.474327 ], [ 141.64472, 40.47428367 ], [ 141.644476670000017, 40.47414505 ], [ 141.64424861, 40.47407367 ], [ 141.64394027000003, 40.47408561 ], [ 141.643841950000024, 40.47405784 ], [ 141.643733060000017, 40.47377672 ], [ 141.643733060000017, 40.47357867 ], [ 141.643681110000017, 40.47351922 ], [ 141.643541670000019, 40.47349172 ], [ 141.64321501, 40.47353895 ], [ 141.64293, 40.47355477 ], [ 141.64267611, 40.47353505 ], [ 141.64241722, 40.47362617 ], [ 141.642152780000032, 40.47363811 ], [ 141.641735840000024, 40.47371339 ], [ 141.641671950000017, 40.47370359 ], [ 141.64166667, 40.47370277 ], [ 141.6415025, 40.47367756 ], [ 141.64138861, 40.47363395 ], [ 141.64116056, 40.47366977 ], [ 141.64054944, 40.47372505 ], [ 141.63995861, 40.4734995 ], [ 141.63960112, 40.47346784 ], [ 141.63934472, 40.47348756 ], [ 141.639002780000027, 40.47359451 ], [ 141.638785010000021, 40.47370144 ], [ 141.638683330000021, 40.47380256 ], [ 141.63857778000002, 40.47390728 ], [ 141.63838611, 40.47404977 ], [ 141.637961390000015, 40.47421228 ], [ 141.63789445, 40.47421728 ], [ 141.637754160000014, 40.47422811 ], [ 141.637541670000019, 40.47416867 ], [ 141.637044160000016, 40.47395089 ], [ 141.63683333000003, 40.47394033 ], [ 141.636803330000021, 40.47393895 ], [ 141.636738050000019, 40.47393505 ], [ 141.63639917, 40.47391533 ], [ 141.635730560000013, 40.47387561 ], [ 141.635101390000017, 40.47391117 ], [ 141.634671390000022, 40.473927 ], [ 141.634205010000017, 40.473927 ], [ 141.633925280000028, 40.47397061 ], [ 141.63365056, 40.47408172 ], [ 141.63347597, 40.4741532 ], [ 141.63336261, 40.47423728 ], [ 141.63333861000001, 40.47426595 ], [ 141.633333330000028, 40.47427225 ], [ 141.633194450000019, 40.47443811 ], [ 141.63280333000003, 40.47452922 ], [ 141.632285280000019, 40.47461617 ], [ 141.632088610000011, 40.47461228 ], [ 141.631694720000013, 40.474537 ], [ 141.631388890000011, 40.47451339 ], [ 141.631072780000011, 40.47441811 ], [ 141.630673890000025, 40.47416867 ], [ 141.630640270000015, 40.47401033 ], [ 141.63072306, 40.47378839 ], [ 141.63074917, 40.47365784 ], [ 141.630691950000028, 40.473527 ], [ 141.63046917, 40.47333311 ], [ 141.630332220000014, 40.47315477 ], [ 141.63022333, 40.47301228 ], [ 141.63004195000002, 40.47289367 ], [ 141.62997472, 40.47281451 ], [ 141.629969440000025, 40.47262839 ], [ 141.629912500000017, 40.47244617 ], [ 141.62988306, 40.4724195 ], [ 141.62969750000002, 40.472252 ], [ 141.62946416, 40.47217672 ], [ 141.62907056, 40.47213339 ], [ 141.629068610000019, 40.47213339 ], [ 141.628671390000022, 40.47212533 ], [ 141.628526390000019, 40.47205811 ], [ 141.62846416, 40.47191951 ], [ 141.628396940000016, 40.47180061 ], [ 141.62830861, 40.47176089 ], [ 141.628179440000025, 40.47174923 ], [ 141.627738890000018, 40.47180061 ], [ 141.62764586, 40.47173728 ], [ 141.62764586, 40.47150367 ], [ 141.627606980000024, 40.47144005 ], [ 141.62757586, 40.4712778 ], [ 141.62756031, 40.47105586 ], [ 141.6274617, 40.47092531 ], [ 141.627223360000016, 40.4708342 ], [ 141.6270317, 40.47076308 ], [ 141.62680642, 40.47056113 ], [ 141.626547250000016, 40.47041475 ], [ 141.626272530000023, 40.47031947 ], [ 141.62611752, 40.47024031 ], [ 141.62594114, 40.47003836 ], [ 141.625746980000031, 40.4696978 ], [ 141.625726140000012, 40.46948392 ], [ 141.6256692, 40.46935725 ], [ 141.625456690000021, 40.46916308 ], [ 141.62543086, 40.46904031 ], [ 141.625267520000023, 40.46881864 ], [ 141.625106980000027, 40.46859697 ], [ 141.62500531, 40.46851928 ], [ 141.62500336, 40.4685178 ], [ 141.625, 40.46851705 ], [ 141.624593920000024, 40.46842669 ], [ 141.624133090000015, 40.46824447 ], [ 141.623957, 40.46810586 ], [ 141.623858660000025, 40.46793169 ], [ 141.623793670000026, 40.46775753 ], [ 141.62367978, 40.46761475 ], [ 141.623410340000021, 40.46741669 ], [ 141.623120050000011, 40.4672742 ], [ 141.622876720000022, 40.46723059 ], [ 141.622602, 40.46725725 ], [ 141.622591730000011, 40.46725836 ], [ 141.622311720000027, 40.46724641 ], [ 141.62192866, 40.46718697 ], [ 141.62141756, 40.46707003 ], [ 141.621039490000015, 40.46686475 ], [ 141.620705620000024, 40.46676225 ], [ 141.620255620000023, 40.4666678 ], [ 141.620252890000017, 40.46666667 ], [ 141.620237520000018, 40.46666031 ], [ 141.62002783, 40.46657336 ], [ 141.619582830000013, 40.46636447 ], [ 141.619420890000015, 40.46628225 ], [ 141.619102560000016, 40.46625364 ], [ 141.618556160000026, 40.46623308 ], [ 141.61801005, 40.46623697 ], [ 141.617559780000022, 40.46615475 ], [ 141.6170845, 40.46603169 ], [ 141.616672, 40.46590564 ], [ 141.61666667, 40.465904 ], [ 141.616199220000027, 40.46576111 ], [ 141.614945080000012, 40.46546333 ], [ 141.61407508, 40.46522556 ], [ 141.612021750000025, 40.46471639 ], [ 141.610906200000016, 40.46446751 ], [ 141.610807860000023, 40.46444556 ], [ 141.609432310000017, 40.46405167 ], [ 141.608602870000027, 40.46378084 ], [ 141.608338690000011, 40.46371687 ], [ 141.608333330000022, 40.46371556 ], [ 141.60792508, 40.46361667 ], [ 141.607075380000026, 40.46345251 ], [ 141.606920660000014, 40.46341305 ], [ 141.60633678, 40.46326361 ], [ 141.60563872, 40.46310751 ], [ 141.605264550000015, 40.46306667 ], [ 141.604940950000014, 40.46306667 ], [ 141.604162050000014, 40.46310751 ], [ 141.60341345, 40.46318972 ], [ 141.602584, 40.46332111 ], [ 141.601977060000024, 40.46350972 ], [ 141.600682330000012, 40.46386278 ], [ 141.60056178, 40.46397751 ], [ 141.600388720000012, 40.46414195 ], [ 141.60038733, 40.46414305 ], [ 141.600152890000032, 40.46434084 ], [ 141.600005380000027, 40.46446517 ], [ 141.6, 40.46446972 ], [ 141.599862890000026, 40.46458528 ], [ 141.599468170000023, 40.46485584 ], [ 141.598992870000018, 40.46522531 ], [ 141.598691480000014, 40.46545975 ], [ 141.59844591, 40.4656778 ], [ 141.59843453000002, 40.4656878 ], [ 141.598011480000025, 40.46588197 ], [ 141.59737425000003, 40.46619392 ], [ 141.597108970000022, 40.46628114 ], [ 141.59686869, 40.4662842 ], [ 141.59671703, 40.46631697 ], [ 141.596110080000017, 40.46652225 ], [ 141.59585241000002, 40.46666031 ], [ 141.59584056, 40.46666667 ], [ 141.594946740000012, 40.46714559 ], [ 141.59479092, 40.46721392 ], [ 141.59354036000002, 40.46776141 ], [ 141.593328140000011, 40.46786808 ], [ 141.593269530000015, 40.46792975 ], [ 141.59322925, 40.46802753 ], [ 141.593283970000016, 40.46820753 ], [ 141.5934962, 40.46856892 ], [ 141.593611190000018, 40.46877087 ], [ 141.593611190000018, 40.4689678 ], [ 141.59358122, 40.46918341 ], [ 141.593692410000017, 40.4693738 ], [ 141.59379852, 40.46947633 ], [ 141.594021170000019, 40.46973169 ], [ 141.594278950000017, 40.47000197 ], [ 141.594602550000019, 40.47034672 ], [ 141.59491589000001, 40.47079839 ], [ 141.59511839000001, 40.47124117 ], [ 141.59521633, 40.471554 ], [ 141.59526089000002, 40.47181286 ], [ 141.59523083000002, 40.47214547 ], [ 141.59521633, 40.47226789 ], [ 141.595164690000018, 40.47262756 ], [ 141.59508453, 40.47293003 ], [ 141.594845030000016, 40.47390867 ], [ 141.59480575, 40.47479517 ], [ 141.594806300000016, 40.47499367 ], [ 141.594806330000011, 40.475 ], [ 141.594807520000018, 40.47543141 ], [ 141.59480475, 40.4761248 ], [ 141.594860860000011, 40.47637256 ], [ 141.594936140000016, 40.47674036 ], [ 141.59491947, 40.47690675 ], [ 141.594915860000015, 40.47694369 ], [ 141.594865280000022, 40.47709953 ], [ 141.594804720000013, 40.47727203 ], [ 141.594723610000017, 40.4773212 ], [ 141.59468222000001, 40.47731731 ], [ 141.594334160000017, 40.47728425 ], [ 141.59383139000002, 40.47722341 ], [ 141.59341280000001, 40.47715286 ], [ 141.593405580000024, 40.47715175 ], [ 141.593003920000029, 40.47707341 ], [ 141.592553920000029, 40.4769948 ], [ 141.59207837, 40.47692092 ], [ 141.591671970000021, 40.47682556 ], [ 141.59166667, 40.47682431 ], [ 141.591533920000018, 40.47679314 ], [ 141.591107250000022, 40.47671592 ], [ 141.59042975, 40.47665008 ], [ 141.589903640000017, 40.4765762 ], [ 141.58941808, 40.47654341 ], [ 141.588932530000022, 40.47646953 ], [ 141.58857837, 40.47640397 ], [ 141.5883992, 40.47636841 ], [ 141.58804224, 40.47629731 ], [ 141.58769837, 40.47616592 ], [ 141.587323920000017, 40.47599341 ], [ 141.587091410000028, 40.47587036 ], [ 141.586869200000024, 40.47578036 ], [ 141.58674781000002, 40.47578036 ], [ 141.58628224, 40.4758048 ], [ 141.585867520000022, 40.47586203 ], [ 141.58544280000001, 40.47590314 ], [ 141.58507864, 40.47596897 ], [ 141.58485586, 40.4760262 ], [ 141.584593090000027, 40.47615759 ], [ 141.58423891000001, 40.47629731 ], [ 141.58382419, 40.47646953 ], [ 141.583338640000022, 40.47673751 ], [ 141.583333330000016, 40.47674041 ], [ 141.58331837, 40.47674869 ], [ 141.582925860000017, 40.47691897 ], [ 141.582296980000024, 40.47719203 ], [ 141.58154837, 40.47745453 ], [ 141.580971700000021, 40.47762703 ], [ 141.580346420000012, 40.47774759 ], [ 141.580121970000022, 40.47779092 ], [ 141.579605860000015, 40.47789759 ], [ 141.57917086, 40.47802897 ], [ 141.5783317, 40.47825869 ], [ 141.57791669, 40.47838203 ], [ 141.577501970000014, 40.47850508 ], [ 141.576810030000019, 40.4786962 ], [ 141.576569200000023, 40.47887869 ], [ 141.576247810000012, 40.47906313 ], [ 141.575903650000015, 40.47912064 ], [ 141.575365770000019, 40.47916756 ], [ 141.575005300000015, 40.47919528 ], [ 141.575, 40.47919569 ], [ 141.57471655, 40.47921747 ], [ 141.57434211, 40.47920172 ], [ 141.573978, 40.47919384 ], [ 141.573131140000015, 40.47919147 ], [ 141.572608910000014, 40.47915231 ], [ 141.57241224, 40.47912647 ], [ 141.57199086, 40.47907092 ], [ 141.57184086, 40.47907259 ], [ 141.57176669, 40.47908786 ], [ 141.57109392000001, 40.47928425 ], [ 141.570756980000027, 40.47945508 ], [ 141.570388080000015, 40.47957425 ], [ 141.56952114, 40.47913675 ], [ 141.568013920000027, 40.4782998 ], [ 141.56737669, 40.47800425 ], [ 141.566739750000011, 40.47768425 ], [ 141.566672, 40.47764986 ], [ 141.566666670000018, 40.47764717 ], [ 141.56633506, 40.47747897 ], [ 141.566031440000017, 40.47736397 ], [ 141.565858110000022, 40.47727259 ], [ 141.565627, 40.47715064 ], [ 141.56531339, 40.47696175 ], [ 141.564480610000032, 40.47664953 ], [ 141.564030610000032, 40.47655175 ], [ 141.563664500000016, 40.47646925 ], [ 141.562946720000014, 40.47631341 ], [ 141.562631720000013, 40.47621203 ], [ 141.562571170000012, 40.47619259 ], [ 141.562410610000029, 40.47614092 ], [ 141.561904770000012, 40.47596036 ], [ 141.561613110000025, 40.47586564 ], [ 141.56150005, 40.47582897 ], [ 141.560518950000017, 40.47549259 ], [ 141.55952756, 40.47514786 ], [ 141.5590827, 40.475 ], [ 141.559063720000012, 40.47499369 ], [ 141.55868842000001, 40.47486897 ], [ 141.558338690000028, 40.47476789 ], [ 141.558333330000011, 40.47476633 ], [ 141.55780815, 40.47461453 ], [ 141.55722148000001, 40.47440092 ], [ 141.556877860000014, 40.47424508 ], [ 141.556726200000014, 40.47411369 ], [ 141.55664508000001, 40.47394953 ], [ 141.55655425, 40.47368675 ], [ 141.55665536, 40.47341592 ], [ 141.556788690000019, 40.4729598 ], [ 141.556797030000013, 40.47293175 ], [ 141.556877860000014, 40.47278397 ], [ 141.556887860000018, 40.47230811 ], [ 141.55692842000002, 40.47211117 ], [ 141.55707012000002, 40.47185672 ], [ 141.55720066, 40.47164897 ], [ 141.55719711, 40.4712348 ], [ 141.55725947000002, 40.47105905 ], [ 141.55730577, 40.47086831 ], [ 141.557409, 40.47044533 ], [ 141.55739872, 40.47029117 ], [ 141.557409, 40.46996284 ], [ 141.55742428, 40.46970839 ], [ 141.557403990000012, 40.469577 ], [ 141.55727234, 40.46927728 ], [ 141.557181220000018, 40.46900644 ], [ 141.557105190000016, 40.46879684 ], [ 141.557110530000017, 40.46857475 ], [ 141.557283330000018, 40.46829136 ], [ 141.557497110000014, 40.46810064 ], [ 141.55763153, 40.46805033 ], [ 141.55794064, 40.46792623 ], [ 141.558198910000016, 40.46771505 ], [ 141.558333330000011, 40.46756761 ], [ 141.558338750000019, 40.46756169 ], [ 141.558387760000016, 40.46750795 ], [ 141.558385140000013, 40.4673895 ], [ 141.55834486, 40.4670695 ], [ 141.55837949, 40.46666667 ], [ 141.558380050000011, 40.46666033 ], [ 141.558380140000025, 40.46665922 ], [ 141.558415420000017, 40.46644589 ], [ 141.55849652, 40.46624895 ], [ 141.558557080000014, 40.46603141 ], [ 141.558513330000011, 40.46586889 ], [ 141.558338750000019, 40.4657002 ], [ 141.558333330000011, 40.46569495 ], [ 141.55817131, 40.4655378 ], [ 141.557914860000011, 40.46529669 ], [ 141.557840390000024, 40.46521853 ], [ 141.557679690000015, 40.46508547 ], [ 141.55746416, 40.4648852 ], [ 141.557410730000015, 40.46472713 ], [ 141.55730073, 40.46440587 ], [ 141.557232390000024, 40.46428725 ], [ 141.556979340000026, 40.4640328 ], [ 141.556857950000023, 40.46395475 ], [ 141.556579880000015, 40.46393836 ], [ 141.556337110000015, 40.46393031 ], [ 141.55594267, 40.46398364 ], [ 141.55539156, 40.46411503 ], [ 141.555083220000029, 40.46416059 ], [ 141.55472878, 40.46421308 ], [ 141.55416739, 40.46436087 ], [ 141.553484890000021, 40.46454975 ], [ 141.55324711, 40.46459475 ], [ 141.55302462, 40.46454975 ], [ 141.55290822, 40.4644842 ], [ 141.55282739, 40.46433225 ], [ 141.55276156, 40.46410641 ], [ 141.552690730000023, 40.46377836 ], [ 141.552574330000027, 40.46346447 ], [ 141.552321830000011, 40.46288169 ], [ 141.55229128000002, 40.46273392 ], [ 141.55230158, 40.46249587 ], [ 141.55238241, 40.46224141 ], [ 141.55238241, 40.46188836 ], [ 141.55231158, 40.46159308 ], [ 141.55212964, 40.46128113 ], [ 141.55206881, 40.46105141 ], [ 141.55203158, 40.46093753 ], [ 141.55197769, 40.46077225 ], [ 141.55199798000001, 40.46033725 ], [ 141.55201825, 40.45995975 ], [ 141.55200825, 40.45976253 ], [ 141.551816030000026, 40.4595578 ], [ 141.551674670000011, 40.45931141 ], [ 141.551674670000011, 40.45908975 ], [ 141.55173523000002, 40.45886003 ], [ 141.551897170000018, 40.45867111 ], [ 141.55233189, 40.4583675 ], [ 141.55238136, 40.45833333 ], [ 141.55239058, 40.45832695 ], [ 141.552534110000011, 40.45822777 ], [ 141.552696060000017, 40.45809667 ], [ 141.552746610000014, 40.45795695 ], [ 141.55273883000001, 40.4578925 ], [ 141.55270606000002, 40.45762084 ], [ 141.55261550000003, 40.45737444 ], [ 141.55247384, 40.45712 ], [ 141.55212995, 40.45675056 ], [ 141.551796060000015, 40.45638944 ], [ 141.55162411, 40.45627444 ], [ 141.55121939, 40.45616777 ], [ 141.55071387000001, 40.45608584 ], [ 141.550005520000013, 40.45599305 ], [ 141.55, 40.45599233 ], [ 141.54978275000002, 40.45596389 ], [ 141.54962358, 40.45590444 ], [ 141.54960608, 40.45586611 ], [ 141.54976302, 40.45518305 ], [ 141.54980358, 40.45496972 ], [ 141.54977302, 40.45483833 ], [ 141.54970219, 40.45476556 ], [ 141.549621630000019, 40.45468222 ], [ 141.549449690000017, 40.45459195 ], [ 141.549449690000017, 40.45441972 ], [ 141.54943942, 40.45408305 ], [ 141.549378860000019, 40.45377111 ], [ 141.549237200000022, 40.45343472 ], [ 141.54896414000001, 40.45320472 ], [ 141.548812500000025, 40.45311944 ], [ 141.54856973, 40.45298333 ], [ 141.54826639, 40.45275361 ], [ 141.54810889, 40.45251611 ], [ 141.54805389, 40.45243333 ], [ 141.547991670000016, 40.45232751 ], [ 141.547942780000028, 40.45224472 ], [ 141.54790222, 40.45205584 ], [ 141.5479325, 40.45188361 ], [ 141.54798306, 40.45170275 ], [ 141.548003330000029, 40.45153859 ], [ 141.54789195, 40.45138275 ], [ 141.547821390000024, 40.45132525 ], [ 141.54774027000002, 40.4513172 ], [ 141.54764584000003, 40.45143387 ], [ 141.547527780000024, 40.45157969 ], [ 141.547173800000024, 40.45201869 ], [ 141.54679944, 40.45248277 ], [ 141.546198340000018, 40.453275 ], [ 141.546071110000014, 40.45344277 ], [ 141.54531248, 40.45442777 ], [ 141.54517109, 40.45446084 ], [ 141.54494859, 40.45441139 ], [ 141.54409886000002, 40.45409944 ], [ 141.543066940000017, 40.45373028 ], [ 141.54258711, 40.45356978 ], [ 141.542163610000017, 40.45342805 ], [ 141.541863330000012, 40.45332777 ], [ 141.54167222, 40.45326295 ], [ 141.541666670000012, 40.45326105 ], [ 141.541074620000018, 40.4530602 ], [ 141.54062944, 40.45290917 ], [ 141.54041722, 40.45286833 ], [ 141.54017416, 40.45284361 ], [ 141.53979, 40.45289278 ], [ 141.53959778, 40.45290917 ], [ 141.53929416, 40.45285195 ], [ 141.5390375, 40.45273695 ], [ 141.538707500000015, 40.45258917 ], [ 141.538565840000018, 40.45256444 ], [ 141.53824222, 40.45257277 ], [ 141.53798917, 40.45268778 ], [ 141.53767584000002, 40.45292556 ], [ 141.537598050000014, 40.45305056 ], [ 141.53759416, 40.45320389 ], [ 141.537790560000019, 40.45359139 ], [ 141.537790560000019, 40.45383251 ], [ 141.537678050000011, 40.45400861 ], [ 141.537422780000014, 40.4542225 ], [ 141.53701973, 40.45452333 ], [ 141.536465280000016, 40.45485586 ], [ 141.53630472, 40.45498613 ], [ 141.536216350000018, 40.45520753 ], [ 141.53625636000001, 40.45571587 ], [ 141.53640109, 40.45610197 ], [ 141.53679442, 40.45666753 ], [ 141.53681581, 40.45683253 ], [ 141.53677525, 40.45702113 ], [ 141.53662358, 40.45721003 ], [ 141.53641109, 40.45731641 ], [ 141.536025140000021, 40.45742095 ], [ 141.53589525000001, 40.45745613 ], [ 141.53578497, 40.45747225 ], [ 141.53571997, 40.45748169 ], [ 141.53561830000001, 40.45749641 ], [ 141.5355872, 40.45750087 ], [ 141.535519140000019, 40.45751975 ], [ 141.53547358, 40.45753253 ], [ 141.535446640000032, 40.45754113 ], [ 141.53534553, 40.45757308 ], [ 141.53527803, 40.45760892 ], [ 141.535234140000028, 40.45764947 ], [ 141.535025530000013, 40.45790753 ], [ 141.534732190000028, 40.45817836 ], [ 141.534583160000011, 40.45832697 ], [ 141.53457678, 40.45833333 ], [ 141.534246350000018, 40.4586628 ], [ 141.53402384, 40.4589742 ], [ 141.533710220000017, 40.45954892 ], [ 141.53346966, 40.45991613 ], [ 141.533425500000021, 40.45997836 ], [ 141.533384110000014, 40.46000864 ], [ 141.533338830000019, 40.46002372 ], [ 141.53333333, 40.46002559 ], [ 141.533301610000024, 40.46003614 ], [ 141.533261610000011, 40.4600328 ], [ 141.53316411, 40.46001669 ], [ 141.53288161, 40.45982613 ], [ 141.532568, 40.45971113 ], [ 141.532187170000014, 40.45965141 ], [ 141.531590510000029, 40.45959392 ], [ 141.531049950000011, 40.45961447 ], [ 141.530604940000018, 40.45960641 ], [ 141.53003856, 40.45955725 ], [ 141.529249690000029, 40.45949141 ], [ 141.52865275000002, 40.45939308 ], [ 141.527990800000026, 40.45928728 ], [ 141.527733860000012, 40.45925477 ], [ 141.527380250000022, 40.45924811 ], [ 141.52709525, 40.45936839 ], [ 141.526641360000013, 40.45955422 ], [ 141.526377200000013, 40.459637 ], [ 141.526124690000017, 40.45971617 ], [ 141.52597803, 40.45974589 ], [ 141.525835250000029, 40.45974756 ], [ 141.525688590000016, 40.45973256 ], [ 141.525611630000014, 40.45969977 ], [ 141.525565810000018, 40.45966867 ], [ 141.52548525, 40.459572 ], [ 141.52545219000001, 40.45951256 ], [ 141.525385520000015, 40.45945839 ], [ 141.525173020000011, 40.45935172 ], [ 141.525005530000016, 40.45930978 ], [ 141.525, 40.45930839 ], [ 141.524751630000026, 40.45924617 ], [ 141.52447387, 40.45917867 ], [ 141.52372358, 40.45895311 ], [ 141.522927760000016, 40.45876895 ], [ 141.522391630000016, 40.45856367 ], [ 141.5220883, 40.45839144 ], [ 141.5219825, 40.45833333 ], [ 141.521970950000025, 40.458327 ], [ 141.521774690000029, 40.45821922 ], [ 141.52167358, 40.45805505 ], [ 141.521521630000024, 40.457817 ], [ 141.521380250000021, 40.457702 ], [ 141.52102611, 40.45748867 ], [ 141.52042917, 40.45732451 ], [ 141.519660830000021, 40.45714395 ], [ 141.51958278, 40.45712672 ], [ 141.519215550000013, 40.45704533 ], [ 141.5189425, 40.45701061 ], [ 141.518891950000011, 40.45700422 ], [ 141.51880083, 40.45694672 ], [ 141.51877056, 40.45684005 ], [ 141.51878195, 40.45652589 ], [ 141.518903330000029, 40.455902 ], [ 141.51915501000002, 40.45502613 ], [ 141.519163330000026, 40.45500753 ], [ 141.51948864000002, 40.4542792 ], [ 141.51965336, 40.45389086 ], [ 141.5197417, 40.45349975 ], [ 141.519798080000015, 40.45316087 ], [ 141.519782240000012, 40.45236697 ], [ 141.51976808, 40.45220559 ], [ 141.51970141000001, 40.45143975 ], [ 141.51967756, 40.4506478 ], [ 141.51967117, 40.45043836 ], [ 141.519650800000022, 40.45 ], [ 141.51965053, 40.44999364 ], [ 141.519613670000012, 40.44919864 ], [ 141.51968589, 40.44875531 ], [ 141.51969394, 40.44833805 ], [ 141.51969397000002, 40.44785611 ], [ 141.519774250000012, 40.44706084 ], [ 141.51992397, 40.44647389 ], [ 141.520049810000017, 40.44610778 ], [ 141.520071480000013, 40.44604444 ], [ 141.52028536, 40.44550472 ], [ 141.52043287, 40.44513195 ], [ 141.52047314, 40.44487778 ], [ 141.52069817, 40.44368528 ], [ 141.52080983, 40.44269861 ], [ 141.52081066, 40.44268222 ], [ 141.520842610000017, 40.44209497 ], [ 141.520882890000024, 40.44173664 ], [ 141.520896670000013, 40.44166667 ], [ 141.52089791, 40.44166025 ], [ 141.520988750000015, 40.44119859 ], [ 141.52107958000002, 40.44063608 ], [ 141.521126520000024, 40.44029275 ], [ 141.52114764, 40.44013941 ], [ 141.521279860000021, 40.43921053 ], [ 141.521309030000026, 40.4386472 ], [ 141.52129292, 40.43810664 ], [ 141.52127859, 40.43774608 ], [ 141.521260730000023, 40.43729831 ], [ 141.521280730000029, 40.43718636 ], [ 141.521381280000014, 40.43662692 ], [ 141.5214535, 40.43628189 ], [ 141.52149377, 40.43591689 ], [ 141.521381280000014, 40.43533661 ], [ 141.521350730000023, 40.43486856 ], [ 141.52137825, 40.43423051 ], [ 141.521372140000011, 40.43407105 ], [ 141.521350750000011, 40.43394133 ], [ 141.52125297, 40.43367384 ], [ 141.521217420000028, 40.43359217 ], [ 141.52117131, 40.43347856 ], [ 141.52115047, 40.43340717 ], [ 141.521135860000015, 40.43333333 ], [ 141.521134580000023, 40.43332689 ], [ 141.521100750000016, 40.43315578 ], [ 141.521099360000022, 40.43308105 ], [ 141.521107980000011, 40.43294495 ], [ 141.521116300000017, 40.43236467 ], [ 141.52120467, 40.43147856 ], [ 141.521179100000012, 40.43085522 ], [ 141.521179100000012, 40.43031353 ], [ 141.521175380000017, 40.43027956 ], [ 141.52112384, 40.42980853 ], [ 141.5211155, 40.42967131 ], [ 141.52111772, 40.42948047 ], [ 141.52113411000002, 40.42934825 ], [ 141.521277170000019, 40.42882603 ], [ 141.52146192, 40.4283438 ], [ 141.52149803, 40.42826769 ], [ 141.521767200000028, 40.4276988 ], [ 141.521783310000018, 40.4273988 ], [ 141.52177608, 40.4271538 ], [ 141.521783310000018, 40.42683186 ], [ 141.52183942000002, 40.42648631 ], [ 141.52199859000001, 40.4261852 ], [ 141.522079690000027, 40.42591436 ], [ 141.522144700000013, 40.42560686 ], [ 141.5221345, 40.425 ], [ 141.522134380000011, 40.42499351 ], [ 141.522130270000019, 40.42475044 ], [ 141.52208056, 40.42432933 ], [ 141.521984160000017, 40.42380795 ], [ 141.521826940000011, 40.42347684 ], [ 141.52162472, 40.42311544 ], [ 141.52152361, 40.42263128 ], [ 141.521412240000018, 40.42185156 ], [ 141.5213717, 40.42129351 ], [ 141.521331410000016, 40.42085017 ], [ 141.521221140000023, 40.420471 ], [ 141.521124750000013, 40.41981295 ], [ 141.52106752, 40.41943544 ], [ 141.521062280000024, 40.4193982 ], [ 141.520997560000012, 40.41913459 ], [ 141.520878110000012, 40.41857736 ], [ 141.520788660000022, 40.41834569 ], [ 141.52054895, 40.41802625 ], [ 141.520453670000023, 40.41794347 ], [ 141.52030117000001, 40.41781097 ], [ 141.520044500000012, 40.4175668 ], [ 141.51976117000001, 40.41729375 ], [ 141.519407280000024, 40.41682041 ], [ 141.519326080000013, 40.41666667 ], [ 141.51932263, 40.41666013 ], [ 141.51922148, 40.41646847 ], [ 141.51912397000001, 40.41613097 ], [ 141.51905341, 40.41585097 ], [ 141.51893397, 40.41530041 ], [ 141.518927860000019, 40.41508347 ], [ 141.5189737, 40.41454459 ], [ 141.51904453, 40.41422153 ], [ 141.51905341, 40.41409208 ], [ 141.51910647, 40.41382653 ], [ 141.519106500000021, 40.41357511 ], [ 141.51909455, 40.41339789 ], [ 141.519106500000021, 40.41310123 ], [ 141.51912234, 40.41281428 ], [ 141.51924817, 40.41260595 ], [ 141.519493450000027, 40.41230123 ], [ 141.519655380000017, 40.41214677 ], [ 141.51993844, 40.41182344 ], [ 141.520003990000021, 40.41172511 ], [ 141.520003990000021, 40.41166095 ], [ 141.519967060000027, 40.41162261 ], [ 141.51984066, 40.41154984 ], [ 141.519756500000028, 40.41145151 ], [ 141.519655380000017, 40.41124928 ], [ 141.519522610000024, 40.41085428 ], [ 141.519398750000022, 40.41034484 ], [ 141.519164030000013, 40.40979651 ], [ 141.5190982, 40.40974956 ], [ 141.519027080000029, 40.40972178 ], [ 141.519797080000018, 40.40942567 ], [ 141.52000375, 40.40930592 ], [ 141.52006097, 40.40893869 ], [ 141.52008042, 40.40872925 ], [ 141.520012630000025, 40.40835092 ], [ 141.52000791, 40.40833333 ], [ 141.520006130000013, 40.40832675 ], [ 141.519938750000023, 40.4080762 ], [ 141.51987681, 40.4077962 ], [ 141.519797110000013, 40.40742286 ], [ 141.519814890000021, 40.40720731 ], [ 141.519885720000019, 40.40692731 ], [ 141.520045160000024, 40.40669759 ], [ 141.52020572, 40.40642341 ], [ 141.520183770000017, 40.4061562 ], [ 141.5201135, 40.40584286 ], [ 141.520112940000018, 40.40582731 ], [ 141.52010711, 40.40562814 ], [ 141.520117950000014, 40.40536814 ], [ 141.520089340000027, 40.40509675 ], [ 141.52005739, 40.40486367 ], [ 141.520045190000019, 40.40443617 ], [ 141.52012464, 40.404027 ], [ 141.520169080000016, 40.40379728 ], [ 141.52033713, 40.40345284 ], [ 141.520629360000015, 40.40303644 ], [ 141.520903530000027, 40.40265756 ], [ 141.521045470000018, 40.40244756 ], [ 141.521187130000015, 40.40210284 ], [ 141.52127575, 40.4018645 ], [ 141.52132852, 40.40172228 ], [ 141.52142606000001, 40.40129892 ], [ 141.52147022, 40.40104059 ], [ 141.521576060000029, 40.40068169 ], [ 141.521663280000013, 40.40050031 ], [ 141.521758270000021, 40.4003042 ], [ 141.521895230000013, 40.4000642 ], [ 141.52193481, 40.4 ], [ 141.521938880000022, 40.39999336 ], [ 141.52210772, 40.39971947 ], [ 141.522337720000024, 40.39937503 ], [ 141.523130800000018, 40.39807697 ], [ 141.52324053000001, 40.39787944 ], [ 141.5234383, 40.39747695 ], [ 141.523496250000022, 40.39731478 ], [ 141.523528560000017, 40.39725184 ], [ 141.52363438, 40.39710795 ], [ 141.523807780000027, 40.39699105 ], [ 141.524104640000019, 40.39681347 ], [ 141.524580750000013, 40.39658192 ], [ 141.525, 40.39633275 ], [ 141.52500608, 40.39632914 ], [ 141.52501575, 40.39632339 ], [ 141.525303770000022, 40.39616377 ], [ 141.52564472, 40.39599069 ], [ 141.52598859, 40.39580411 ], [ 141.526311890000017, 40.39561303 ], [ 141.52670136, 40.39539608 ], [ 141.52715837, 40.39502177 ], [ 141.52749341, 40.39474975 ], [ 141.52768, 40.39458525 ], [ 141.527875530000017, 40.39442828 ], [ 141.52809944, 40.39424164 ], [ 141.52859973, 40.39386469 ], [ 141.528815550000019, 40.39372469 ], [ 141.529077780000023, 40.39348164 ], [ 141.529201050000012, 40.39339644 ], [ 141.529298050000023, 40.39323111 ], [ 141.52933920000001, 40.39303677 ], [ 141.529450890000021, 40.39290189 ], [ 141.529553750000019, 40.39278275 ], [ 141.5297683, 40.39258264 ], [ 141.530121, 40.39225667 ], [ 141.53051484, 40.39182731 ], [ 141.530651850000027, 40.39166667 ], [ 141.53065759, 40.39165995 ], [ 141.53096156, 40.39130353 ], [ 141.53131428, 40.39094833 ], [ 141.531731630000024, 40.39032789 ], [ 141.532193090000021, 40.39006936 ], [ 141.532789690000016, 40.38968941 ], [ 141.53305717, 40.38954331 ], [ 141.53323645, 40.38943539 ], [ 141.53333333, 40.38937561 ], [ 141.533339470000016, 40.3893718 ], [ 141.533571500000022, 40.38922859 ], [ 141.53375372, 40.38903525 ], [ 141.533856610000015, 40.38866884 ], [ 141.533962410000015, 40.38838333 ], [ 141.53409467, 40.38802589 ], [ 141.53423577, 40.387619 ], [ 141.534359200000011, 40.38726377 ], [ 141.534500270000024, 40.38681644 ], [ 141.534553190000025, 40.38674675 ], [ 141.534656060000032, 40.38662761 ], [ 141.53485003000003, 40.38644328 ], [ 141.535167450000017, 40.38618251 ], [ 141.53549075, 40.38591723 ], [ 141.535696500000029, 40.38576211 ], [ 141.536304890000025, 40.38545189 ], [ 141.53650423000002, 40.38530989 ], [ 141.53665464, 40.38520911 ], [ 141.536733990000016, 40.38511244 ], [ 141.536982550000033, 40.38477486 ], [ 141.53710725000002, 40.38466059 ], [ 141.537225330000012, 40.38457792 ], [ 141.537336520000025, 40.38450323 ], [ 141.537521700000013, 40.38437508 ], [ 141.53767453, 40.38428967 ], [ 141.53771272, 40.38417725 ], [ 141.537780340000012, 40.38398169 ], [ 141.53790964, 40.3838468 ], [ 141.537989, 40.38376811 ], [ 141.53805953, 40.38363322 ], [ 141.538071480000013, 40.3835418 ], [ 141.538044860000014, 40.38343092 ], [ 141.53801542, 40.38333333 ], [ 141.53801336, 40.38332653 ], [ 141.53797431000001, 40.38319711 ], [ 141.537856740000024, 40.38284641 ], [ 141.537839100000014, 40.38264411 ], [ 141.53786263, 40.38253844 ], [ 141.53793611, 40.38228669 ], [ 141.53800372, 40.38208887 ], [ 141.53813064, 40.38166123 ], [ 141.53827411, 40.38120987 ], [ 141.53835053, 40.38095808 ], [ 141.538412240000014, 40.38072431 ], [ 141.538485720000011, 40.38058267 ], [ 141.53871202000002, 40.38036689 ], [ 141.538876610000017, 40.38025 ], [ 141.5389883, 40.38017131 ], [ 141.53926752000001, 40.37995775 ], [ 141.53940567, 40.37984984 ], [ 141.53953202, 40.37976217 ], [ 141.53980536, 40.3796228 ], [ 141.539981720000014, 40.37955761 ], [ 141.540225640000017, 40.37948792 ], [ 141.54044608, 40.37946544 ], [ 141.541659920000029, 40.37944967 ], [ 141.541666670000012, 40.37945325 ], [ 141.541672890000029, 40.37945653 ], [ 141.541783360000011, 40.37951486 ], [ 141.542027300000029, 40.37953059 ], [ 141.542268300000018, 40.37953733 ], [ 141.542377030000011, 40.37953508 ], [ 141.54252986, 40.37952608 ], [ 141.542629800000014, 40.37948113 ], [ 141.54275616000001, 40.37939123 ], [ 141.542797330000013, 40.3792968 ], [ 141.54275616000001, 40.37921589 ], [ 141.542547500000012, 40.37890792 ], [ 141.542421110000021, 40.37877528 ], [ 141.54210078, 40.37859769 ], [ 141.542224190000013, 40.37835717 ], [ 141.542253610000017, 40.37815484 ], [ 141.542271240000019, 40.37808964 ], [ 141.54232708, 40.37794128 ], [ 141.542500510000025, 40.37764231 ], [ 141.542573990000022, 40.37749167 ], [ 141.542656280000017, 40.37733884 ], [ 141.54280097, 40.3771312 ], [ 141.542938420000013, 40.37688922 ], [ 141.54299720000003, 40.37676108 ], [ 141.543008970000017, 40.37664644 ], [ 141.543041280000011, 40.37643061 ], [ 141.543047170000023, 40.37629797 ], [ 141.543620270000019, 40.37604623 ], [ 141.543700410000014, 40.37574895 ], [ 141.54378781, 40.37529317 ], [ 141.543958270000019, 40.37511784 ], [ 141.54411486, 40.375 ], [ 141.544124, 40.37499311 ], [ 141.544140510000034, 40.37498069 ], [ 141.544299200000012, 40.37483008 ], [ 141.54445202, 40.37470644 ], [ 141.54480178, 40.37462553 ], [ 141.544930420000014, 40.37453561 ], [ 141.545175030000024, 40.37440072 ], [ 141.54570995, 40.37368586 ], [ 141.54550423, 40.37344533 ], [ 141.545483640000015, 40.37329922 ], [ 141.54547484, 40.37322278 ], [ 141.54525737, 40.37289008 ], [ 141.5451927, 40.37274623 ], [ 141.5451692, 40.37232359 ], [ 141.545186840000014, 40.37222692 ], [ 141.545219140000029, 40.37206733 ], [ 141.54523384, 40.37173913 ], [ 141.54535852, 40.37156064 ], [ 141.545411480000013, 40.37123692 ], [ 141.54547611000001, 40.37111556 ], [ 141.54516458, 40.37091325 ], [ 141.545411480000013, 40.37073787 ], [ 141.545581920000018, 40.370603 ], [ 141.545852310000015, 40.37034672 ], [ 141.545999250000023, 40.37014892 ], [ 141.54615798, 40.36992861 ], [ 141.54631667000001, 40.36974877 ], [ 141.54651064, 40.36953297 ], [ 141.546886860000029, 40.36923972 ], [ 141.546987420000022, 40.36920139 ], [ 141.547339420000014, 40.36900697 ], [ 141.547545140000011, 40.36884961 ], [ 141.54764508, 40.36869675 ], [ 141.54781553, 40.36847644 ], [ 141.547921340000016, 40.36833705 ], [ 141.54796837, 40.36822467 ], [ 141.54801538000001, 40.36803133 ], [ 141.548044810000022, 40.36781553 ], [ 141.548097720000015, 40.36743789 ], [ 141.548174140000015, 40.36706923 ], [ 141.54823878000002, 40.36690286 ], [ 141.54843326, 40.36666667 ], [ 141.54843864, 40.36666011 ], [ 141.548439140000028, 40.36665969 ], [ 141.548626720000016, 40.36650725 ], [ 141.548908860000012, 40.36631841 ], [ 141.5493027, 40.36616556 ], [ 141.54971416, 40.3659992 ], [ 141.549825840000011, 40.36594075 ], [ 141.54992575, 40.36582384 ], [ 141.54991988, 40.36568897 ], [ 141.54987287000003, 40.36540123 ], [ 141.54981995, 40.36509103 ], [ 141.54981995, 40.3647808 ], [ 141.54986112, 40.36454253 ], [ 141.549902280000026, 40.36437169 ], [ 141.55, 40.36419611 ], [ 141.550006350000018, 40.36418469 ], [ 141.550155030000013, 40.36391761 ], [ 141.5503725, 40.36358492 ], [ 141.55051358, 40.36339159 ], [ 141.55070756, 40.36308133 ], [ 141.550866250000013, 40.36272167 ], [ 141.551051630000018, 40.36233659 ], [ 141.551183650000013, 40.36206528 ], [ 141.551336470000024, 40.36180003 ], [ 141.55141878, 40.36155725 ], [ 141.55156575, 40.361292 ], [ 141.552165300000013, 40.36047372 ], [ 141.552323990000019, 40.36029839 ], [ 141.552541500000018, 40.36002414 ], [ 141.552729590000013, 40.35979936 ], [ 141.553252720000017, 40.35923287 ], [ 141.553698880000013, 40.35865767 ], [ 141.553633330000025, 40.35854239 ], [ 141.553505280000024, 40.35833333 ], [ 141.553500950000029, 40.35832628 ], [ 141.553325840000014, 40.35804044 ], [ 141.553064190000015, 40.35776959 ], [ 141.552878080000028, 40.35763708 ], [ 141.55255864, 40.35753069 ], [ 141.552263090000025, 40.35746764 ], [ 141.55185309, 40.35735375 ], [ 141.55152669, 40.35727375 ], [ 141.551371140000015, 40.35721208 ], [ 141.551063640000024, 40.35706764 ], [ 141.550414750000016, 40.35678431 ], [ 141.550006420000017, 40.35653751 ], [ 141.55, 40.35653364 ], [ 141.549996980000031, 40.3565318 ], [ 141.5497009, 40.35622097 ], [ 141.5494845, 40.35598069 ], [ 141.54923783000001, 40.35562986 ], [ 141.549051720000023, 40.3555682 ], [ 141.549042, 40.35556347 ], [ 141.54883533, 40.35546653 ], [ 141.548535620000024, 40.35537403 ], [ 141.547712, 40.35481069 ], [ 141.547578390000012, 40.3546318 ], [ 141.54753728, 40.35449653 ], [ 141.547548660000018, 40.35424403 ], [ 141.54751453, 40.35404431 ], [ 141.547188150000011, 40.35366541 ], [ 141.546979250000021, 40.35340375 ], [ 141.54678202, 40.35317597 ], [ 141.54620508, 40.35215984 ], [ 141.54598508, 40.35185789 ], [ 141.545821780000011, 40.35164567 ], [ 141.54568122, 40.35141789 ], [ 141.54548012, 40.35123623 ], [ 141.545123170000011, 40.35103928 ], [ 141.54480428, 40.35095595 ], [ 141.544530950000023, 40.35096539 ], [ 141.544254280000018, 40.35104844 ], [ 141.544011220000016, 40.35116844 ], [ 141.543658170000015, 40.35134095 ], [ 141.54347205000002, 40.35140236 ], [ 141.543282330000011, 40.35141153 ], [ 141.54307345, 40.35129153 ], [ 141.54303178, 40.35114625 ], [ 141.542997610000015, 40.35102678 ], [ 141.54306983, 40.350839 ], [ 141.543297610000025, 40.35062956 ], [ 141.543427060000027, 40.35049623 ], [ 141.54341234, 40.35036067 ], [ 141.54329372, 40.35026317 ], [ 141.54303872, 40.35014317 ], [ 141.543012890000028, 40.35013095 ], [ 141.54272921, 40.35 ], [ 141.542728910000022, 40.34999985 ], [ 141.542716290000016, 40.34999268 ], [ 141.542538200000024, 40.34990289 ], [ 141.541673190000012, 40.34941223 ], [ 141.541666670000012, 40.34940853 ], [ 141.54141486, 40.34926567 ], [ 141.54060236, 40.34893317 ], [ 141.540286940000016, 40.34878239 ], [ 141.5402607, 40.34876984 ], [ 141.54006375, 40.34856678 ], [ 141.539881530000031, 40.34837595 ], [ 141.53953601, 40.34817261 ], [ 141.539031, 40.34797261 ], [ 141.538628500000016, 40.34785261 ], [ 141.538188220000023, 40.34769539 ], [ 141.537915160000011, 40.34760317 ], [ 141.53720156, 40.34738456 ], [ 141.536829340000025, 40.34735372 ], [ 141.536370170000026, 40.34736289 ], [ 141.53578572, 40.347369 ], [ 141.53569934, 40.34738677 ], [ 141.53565294, 40.34743984 ], [ 141.535675720000029, 40.34771095 ], [ 141.535747390000012, 40.3478615 ], [ 141.535937390000015, 40.34811705 ], [ 141.53611183000001, 40.34840039 ], [ 141.536119610000014, 40.34864041 ], [ 141.53603211, 40.34873292 ], [ 141.535280730000011, 40.34881597 ], [ 141.535099050000014, 40.3488218 ], [ 141.53508711, 40.34882208 ], [ 141.53475683000002, 40.34894847 ], [ 141.53441156, 40.34913931 ], [ 141.534130440000013, 40.34935487 ], [ 141.534016550000018, 40.3494782 ], [ 141.533857080000018, 40.34970875 ], [ 141.53378428, 40.34999281 ], [ 141.53378371, 40.34999962 ], [ 141.53378361, 40.35 ], [ 141.533783350000022, 40.350001 ], [ 141.53378125, 40.35001041 ], [ 141.533694030000021, 40.35046013 ], [ 141.53336737, 40.35073405 ], [ 141.533339860000012, 40.35074653 ], [ 141.53333333, 40.3507503 ], [ 141.533331910000015, 40.35075113 ], [ 141.533075140000022, 40.35086656 ], [ 141.53264625, 40.35103295 ], [ 141.53222514, 40.35122684 ], [ 141.53167847, 40.35144822 ], [ 141.53151514000001, 40.35142044 ], [ 141.531401250000016, 40.35134351 ], [ 141.53137153000003, 40.35131989 ], [ 141.53118486, 40.35117128 ], [ 141.530877370000013, 40.35098656 ], [ 141.53066847, 40.35077711 ], [ 141.530406520000014, 40.35052461 ], [ 141.530160140000021, 40.35040156 ], [ 141.529719880000016, 40.35030933 ], [ 141.52924156, 40.35024767 ], [ 141.52884655, 40.35013684 ], [ 141.528156420000016, 40.35 ], [ 141.52812083, 40.34999295 ], [ 141.527882670000025, 40.34994572 ], [ 141.52758655, 40.34990878 ], [ 141.527134890000013, 40.34991823 ], [ 141.526618500000012, 40.34994572 ], [ 141.52634516, 40.34996433 ], [ 141.526190730000025, 40.34998767 ], [ 141.526155890000013, 40.34999295 ], [ 141.526109360000021, 40.35 ], [ 141.52595795000002, 40.35002295 ], [ 141.525487390000023, 40.35019517 ], [ 141.525271, 40.35032128 ], [ 141.52500655, 40.35047922 ], [ 141.525, 40.35048313 ], [ 141.524781280000013, 40.3506138 ], [ 141.524519340000012, 40.35088464 ], [ 141.52427628, 40.35116492 ], [ 141.524076010000016, 40.35132751 ], [ 141.523991560000013, 40.35139603 ], [ 141.52371822, 40.35146047 ], [ 141.52308822, 40.35150992 ], [ 141.522484890000015, 40.35150992 ], [ 141.52214322, 40.35150047 ], [ 141.521791, 40.35152547 ], [ 141.521448490000012, 40.35154992 ], [ 141.521053500000022, 40.35159297 ], [ 141.520472670000032, 40.35161436 ], [ 141.51949350000001, 40.35170964 ], [ 141.519003770000012, 40.35176522 ], [ 141.51873433, 40.35178661 ], [ 141.518172390000018, 40.35183605 ], [ 141.51781183, 40.35204217 ], [ 141.51752711, 40.35219328 ], [ 141.51724655000001, 40.35244884 ], [ 141.516973220000011, 40.3527105 ], [ 141.51669601, 40.3529105 ], [ 141.51667322000003, 40.35291895 ], [ 141.51666667, 40.35292136 ], [ 141.51637044, 40.35303105 ], [ 141.51624795, 40.35307661 ], [ 141.51570125, 40.35327689 ], [ 141.515154580000029, 40.35350164 ], [ 141.514938200000017, 40.35371413 ], [ 141.51474097, 40.35392969 ], [ 141.514437080000022, 40.35437608 ], [ 141.51417514000002, 40.3545608 ], [ 141.51394375000001, 40.3547608 ], [ 141.513773190000023, 40.35492997 ], [ 141.513272090000015, 40.35531192 ], [ 141.51304431, 40.35562275 ], [ 141.512896250000011, 40.35590611 ], [ 141.512806250000011, 40.35603611 ], [ 141.51274042, 40.35613084 ], [ 141.51252039000002, 40.35637417 ], [ 141.512258440000011, 40.35663556 ], [ 141.512113990000017, 40.35674944 ], [ 141.511730660000012, 40.35727611 ], [ 141.511529560000014, 40.35759333 ], [ 141.511381500000027, 40.35803361 ], [ 141.51126205, 40.35821472 ], [ 141.51102283, 40.35832641 ], [ 141.511007980000016, 40.35833333 ], [ 141.51086511, 40.35840003 ], [ 141.510614550000014, 40.35847087 ], [ 141.510120950000015, 40.35871392 ], [ 141.509783160000012, 40.35885253 ], [ 141.509575940000019, 40.35903087 ], [ 141.509464550000018, 40.35912641 ], [ 141.509172330000013, 40.35932669 ], [ 141.50908733, 40.35942086 ], [ 141.50892536, 40.35960059 ], [ 141.508819250000016, 40.35986864 ], [ 141.508667300000013, 40.36014253 ], [ 141.50849258, 40.36062589 ], [ 141.508339800000016, 40.36080247 ], [ 141.508333330000028, 40.36080995 ], [ 141.508314250000012, 40.360832 ], [ 141.50787008, 40.36113395 ], [ 141.50777148, 40.36122923 ], [ 141.507680360000023, 40.36142033 ], [ 141.50762703, 40.36169728 ], [ 141.507639830000016, 40.36188851 ], [ 141.507646200000011, 40.36198367 ], [ 141.50774481000002, 40.362227 ], [ 141.50779423, 40.36242367 ], [ 141.50768034, 40.36266089 ], [ 141.507505620000018, 40.36286089 ], [ 141.50720949, 40.36292867 ], [ 141.50693228, 40.36284867 ], [ 141.50653756, 40.36276867 ], [ 141.5058845, 40.36268561 ], [ 141.505600050000027, 40.36282397 ], [ 141.505326720000028, 40.36304592 ], [ 141.50511423, 40.36308897 ], [ 141.50457144, 40.36346147 ], [ 141.504263940000016, 40.36368314 ], [ 141.50384255000003, 40.36377869 ], [ 141.50364117, 40.36375397 ], [ 141.503345060000015, 40.3635662 ], [ 141.503056720000018, 40.36340592 ], [ 141.50272283000001, 40.36330453 ], [ 141.502259800000019, 40.36307647 ], [ 141.501991480000015, 40.36294036 ], [ 141.50189536000002, 40.36289175 ], [ 141.501299250000017, 40.36279647 ], [ 141.50099925, 40.36264536 ], [ 141.50065759, 40.36249147 ], [ 141.50009591, 40.36234675 ], [ 141.500006470000017, 40.36226564 ], [ 141.5, 40.36225978 ], [ 141.49987202, 40.36214369 ], [ 141.49950759, 40.36200203 ], [ 141.49935564, 40.36196508 ], [ 141.49894953, 40.36212203 ], [ 141.49845231, 40.36257786 ], [ 141.498019530000022, 40.36298703 ], [ 141.497920640000018, 40.36319956 ], [ 141.497628420000012, 40.36346123 ], [ 141.49727536, 40.36356595 ], [ 141.4969037, 40.36370456 ], [ 141.49682008, 40.36383067 ], [ 141.49671756, 40.36421567 ], [ 141.496736160000012, 40.36495123 ], [ 141.49685783000001, 40.36521595 ], [ 141.49683866, 40.365404 ], [ 141.49705144, 40.36593039 ], [ 141.496990610000012, 40.36639541 ], [ 141.496867300000019, 40.36665987 ], [ 141.496864140000014, 40.36666667 ], [ 141.49665891, 40.3671068 ], [ 141.496434470000025, 40.36741041 ], [ 141.495317520000015, 40.36790403 ], [ 141.494875580000013, 40.36812375 ], [ 141.49449725, 40.36846961 ], [ 141.494234480000017, 40.36857295 ], [ 141.493796420000024, 40.36877989 ], [ 141.493322530000029, 40.36898295 ], [ 141.49294419, 40.36916711 ], [ 141.492581700000017, 40.36937711 ], [ 141.49201224, 40.36977461 ], [ 141.491673060000011, 40.37012214 ], [ 141.49166667, 40.37012872 ], [ 141.49161805, 40.3701785 ], [ 141.491267780000015, 40.37049825 ], [ 141.491076670000012, 40.37069047 ], [ 141.490869730000014, 40.37085353 ], [ 141.490345280000014, 40.37114908 ], [ 141.490008340000031, 40.37123575 ], [ 141.48998445, 40.37124187 ], [ 141.489657780000016, 40.37134214 ], [ 141.48911750000002, 40.37152214 ], [ 141.48883472, 40.37167741 ], [ 141.48850416, 40.37186464 ], [ 141.488185840000028, 40.37215214 ], [ 141.488027500000015, 40.37225744 ], [ 141.48779944, 40.37230078 ], [ 141.48746917, 40.37226522 ], [ 141.486871950000022, 40.37201661 ], [ 141.48646555000002, 40.371813 ], [ 141.48621083, 40.37174189 ], [ 141.485983890000028, 40.37176772 ], [ 141.48558555, 40.37190356 ], [ 141.485318880000023, 40.37203272 ], [ 141.48503611000001, 40.3722555 ], [ 141.484892780000024, 40.37247189 ], [ 141.48483694, 40.37267217 ], [ 141.48483306, 40.37294995 ], [ 141.484753330000018, 40.37323744 ], [ 141.484641950000025, 40.373383 ], [ 141.48421973, 40.37363161 ], [ 141.48404442, 40.37378997 ], [ 141.483901090000018, 40.37414192 ], [ 141.48377776, 40.37435525 ], [ 141.48349525, 40.37456831 ], [ 141.483343860000019, 40.37473969 ], [ 141.48333969, 40.37474256 ], [ 141.483333330000022, 40.37474692 ], [ 141.48308497, 40.3749172 ], [ 141.482799420000021, 40.37499331 ], [ 141.482774330000012, 40.375 ], [ 141.48262442, 40.37503997 ], [ 141.48246053, 40.37508359 ], [ 141.48237219, 40.37511108 ], [ 141.48220497, 40.37507553 ], [ 141.482108300000021, 40.37506136 ], [ 141.481854700000014, 40.37502387 ], [ 141.4817672, 40.37500831 ], [ 141.48172066, 40.375 ], [ 141.481683190000012, 40.37499331 ], [ 141.48160442, 40.37497941 ], [ 141.481074140000032, 40.37488497 ], [ 141.480946640000013, 40.37496247 ], [ 141.480929, 40.37499331 ], [ 141.48092519, 40.375 ], [ 141.480819140000023, 40.37518553 ], [ 141.480620250000015, 40.37541803 ], [ 141.480512940000011, 40.37591664 ], [ 141.480466910000018, 40.37613 ], [ 141.480450530000013, 40.37615084 ], [ 141.48041859, 40.37619167 ], [ 141.479983870000012, 40.37635944 ], [ 141.47959691, 40.37641277 ], [ 141.47927859, 40.37638695 ], [ 141.479100250000016, 40.37637028 ], [ 141.478697200000028, 40.37638695 ], [ 141.47833886, 40.37637722 ], [ 141.478111630000029, 40.37637084 ], [ 141.47797377, 40.37630264 ], [ 141.47792859, 40.37628028 ], [ 141.477383310000022, 40.37599 ], [ 141.47714192, 40.37593417 ], [ 141.476769690000026, 40.37600695 ], [ 141.47635581, 40.37619305 ], [ 141.475854140000024, 40.37649695 ], [ 141.475419970000019, 40.37662611 ], [ 141.47516525, 40.37668392 ], [ 141.47500636, 40.37671897 ], [ 141.475, 40.37672036 ], [ 141.474798860000021, 40.37676475 ], [ 141.47419747, 40.3768392 ], [ 141.47374747, 40.37693587 ], [ 141.473003310000024, 40.37709253 ], [ 141.472835810000021, 40.37705559 ], [ 141.472596910000021, 40.37684864 ], [ 141.47242581, 40.37671308 ], [ 141.471967760000013, 40.3766678 ], [ 141.47159358, 40.37654169 ], [ 141.47119136, 40.3763642 ], [ 141.47099219, 40.37636087 ], [ 141.470586350000019, 40.37648364 ], [ 141.47033525, 40.37663225 ], [ 141.47025525, 40.3766578 ], [ 141.46996109, 40.37675169 ], [ 141.469649340000018, 40.37677692 ], [ 141.469439420000015, 40.37679392 ], [ 141.4691008, 40.37692308 ], [ 141.46871053000001, 40.37700697 ], [ 141.468352190000019, 40.37705225 ], [ 141.46807747, 40.37704892 ], [ 141.46765525, 40.37706836 ], [ 141.467297200000019, 40.37717144 ], [ 141.46680747000002, 40.37740089 ], [ 141.46667302, 40.3774212 ], [ 141.46666667, 40.37742214 ], [ 141.466421090000011, 40.37745923 ], [ 141.466082750000027, 40.37737505 ], [ 141.465501360000019, 40.37708117 ], [ 141.465186640000013, 40.37697756 ], [ 141.464872190000023, 40.37682256 ], [ 141.464641090000015, 40.37661284 ], [ 141.464563310000017, 40.37653672 ], [ 141.46430694, 40.37628644 ], [ 141.463805280000031, 40.3757792 ], [ 141.46348667, 40.37546253 ], [ 141.463035280000014, 40.37506059 ], [ 141.462856520000031, 40.375 ], [ 141.462836940000017, 40.37499336 ], [ 141.462655840000025, 40.37493197 ], [ 141.462062780000025, 40.37483669 ], [ 141.46156611, 40.37486475 ], [ 141.461101050000025, 40.37499336 ], [ 141.46107711, 40.375 ], [ 141.460938340000013, 40.37503836 ], [ 141.4606675, 40.37511697 ], [ 141.46065083000002, 40.37511669 ], [ 141.460251950000014, 40.37511172 ], [ 141.459903060000016, 40.37510728 ], [ 141.459556670000012, 40.37507505 ], [ 141.45913144, 40.375 ], [ 141.459098610000012, 40.37499423 ], [ 141.45909008000001, 40.37499339 ], [ 141.45833973, 40.37492014 ], [ 141.458333330000016, 40.37491951 ], [ 141.45797195, 40.37488423 ], [ 141.457289200000019, 40.37475839 ], [ 141.456635300000016, 40.37466089 ], [ 141.456427250000019, 40.37462978 ], [ 141.45624781, 40.37454589 ], [ 141.456116690000016, 40.37433311 ], [ 141.45598558, 40.37416503 ], [ 141.455714480000012, 40.37401197 ], [ 141.455403640000014, 40.3737178 ], [ 141.45500558, 40.37332697 ], [ 141.454615580000024, 40.37310725 ], [ 141.45430891, 40.37300059 ], [ 141.453532530000018, 40.3730492 ], [ 141.453054470000012, 40.37316531 ], [ 141.452505030000026, 40.37335613 ], [ 141.451896130000023, 40.37336586 ], [ 141.451370310000016, 40.3734078 ], [ 141.45075725, 40.37362422 ], [ 141.45061419000001, 40.37363367 ], [ 141.450311140000025, 40.37365339 ], [ 141.450076130000014, 40.3736545 ], [ 141.450006420000022, 40.37365478 ], [ 141.45, 40.3736548 ], [ 141.449590310000019, 40.37365644 ], [ 141.44910895000001, 40.37362756 ], [ 141.448662830000018, 40.37355644 ], [ 141.448256720000018, 40.37351117 ], [ 141.44798978, 40.37358228 ], [ 141.447754770000017, 40.37378533 ], [ 141.447424500000011, 40.37396311 ], [ 141.44699423000003, 40.37402784 ], [ 141.44641728000002, 40.37401172 ], [ 141.44612645, 40.37401811 ], [ 141.445812, 40.37417951 ], [ 141.445548910000014, 40.37453172 ], [ 141.445302240000018, 40.37479672 ], [ 141.445074190000014, 40.37499339 ], [ 141.445066520000012, 40.375 ], [ 141.444987520000012, 40.37506811 ], [ 141.444589200000024, 40.37527784 ], [ 141.44419503, 40.375462 ], [ 141.443677520000023, 40.37569784 ], [ 141.44336224, 40.37584397 ], [ 141.44315531, 40.37588314 ], [ 141.44267808, 40.37592731 ], [ 141.442112800000018, 40.37597897 ], [ 141.44172031, 40.37605647 ], [ 141.441673090000023, 40.37604975 ], [ 141.441666670000018, 40.37604884 ], [ 141.44160309, 40.3760398 ], [ 141.4408628, 40.37552977 ], [ 141.440516160000016, 40.37529089 ], [ 141.44021756, 40.375 ], [ 141.44021078, 40.37499339 ], [ 141.43997866, 40.37476728 ], [ 141.43968394, 40.37446367 ], [ 141.43951672, 40.37426672 ], [ 141.438931170000018, 40.37404061 ], [ 141.43837506, 40.37386256 ], [ 141.438133670000013, 40.37373951 ], [ 141.437726450000014, 40.37352117 ], [ 141.437623110000033, 40.37351005 ], [ 141.43722283, 40.37365561 ], [ 141.4365745, 40.37378978 ], [ 141.435929250000015, 40.37386617 ], [ 141.435483410000018, 40.37389172 ], [ 141.434567300000026, 40.37385613 ], [ 141.434284250000019, 40.37381197 ], [ 141.43411953, 40.37376447 ], [ 141.43395314, 40.37371669 ], [ 141.433922310000014, 40.37365587 ], [ 141.434089530000023, 40.37318753 ], [ 141.434149250000019, 40.37279669 ], [ 141.434089810000017, 40.37236697 ], [ 141.433953410000015, 40.3720378 ], [ 141.43382234, 40.37171892 ], [ 141.43367178, 40.37143361 ], [ 141.433599, 40.37126805 ], [ 141.433477610000011, 40.37099139 ], [ 141.43333983, 40.37079387 ], [ 141.433333330000011, 40.37078453 ], [ 141.433301500000027, 40.37073889 ], [ 141.433106230000021, 40.37043528 ], [ 141.432660390000024, 40.36987944 ], [ 141.432441250000011, 40.36956944 ], [ 141.43221041000001, 40.36913025 ], [ 141.431983480000014, 40.36845164 ], [ 141.43179236, 40.36808664 ], [ 141.43156958000003, 40.36793469 ], [ 141.43115542000001, 40.36778608 ], [ 141.430816830000026, 40.36771497 ], [ 141.430044330000015, 40.3677022 ], [ 141.429630170000024, 40.3677408 ], [ 141.429455720000021, 40.36768359 ], [ 141.429421280000014, 40.3676358 ], [ 141.429343500000016, 40.36752744 ], [ 141.42929156, 40.36709133 ], [ 141.42927183, 40.36677189 ], [ 141.429236010000011, 40.36666667 ], [ 141.429233720000013, 40.36665995 ], [ 141.429188220000015, 40.36652633 ], [ 141.428830170000026, 40.366213 ], [ 141.428551280000022, 40.36602551 ], [ 141.42821297, 40.3656605 ], [ 141.42804547, 40.36553105 ], [ 141.42773908, 40.36526297 ], [ 141.427416300000033, 40.36500436 ], [ 141.427305750000016, 40.36484269 ], [ 141.427197420000027, 40.36468464 ], [ 141.42714575, 40.36439075 ], [ 141.427201340000011, 40.36359297 ], [ 141.427034670000012, 40.36319492 ], [ 141.426950510000012, 40.36288544 ], [ 141.42700022, 40.36266878 ], [ 141.42733272000001, 40.36218128 ], [ 141.427379660000014, 40.36193017 ], [ 141.427289100000024, 40.36180961 ], [ 141.42693105, 40.36176795 ], [ 141.426586610000015, 40.36168378 ], [ 141.426455500000031, 40.36156628 ], [ 141.425975250000022, 40.36116351 ], [ 141.42577997, 40.36105378 ], [ 141.42539776000001, 40.36096961 ], [ 141.425006640000021, 40.36088703 ], [ 141.425, 40.36088561 ], [ 141.424816350000015, 40.3608468 ], [ 141.424449970000012, 40.36079513 ], [ 141.423972190000029, 40.36079513 ], [ 141.423606080000013, 40.36087264 ], [ 141.4233872, 40.3611732 ], [ 141.42330358000001, 40.3615185 ], [ 141.423109690000018, 40.36204184 ], [ 141.42299939, 40.36223767 ], [ 141.422953, 40.36256544 ], [ 141.422953, 40.36301767 ], [ 141.42293745, 40.36312767 ], [ 141.42283355, 40.36326656 ], [ 141.422592440000017, 40.36337377 ], [ 141.42225438, 40.36344656 ], [ 141.42179411, 40.36358295 ], [ 141.421459660000011, 40.36374767 ], [ 141.421325280000019, 40.36375517 ], [ 141.42106134, 40.36377017 ], [ 141.420778, 40.36373684 ], [ 141.420456060000021, 40.36369905 ], [ 141.419854940000022, 40.36366044 ], [ 141.419241610000029, 40.36352461 ], [ 141.41865248000002, 40.36330822 ], [ 141.41824248, 40.36313041 ], [ 141.417911920000023, 40.36297847 ], [ 141.41717803, 40.36255569 ], [ 141.417087470000013, 40.36250375 ], [ 141.416673310000022, 40.36225917 ], [ 141.416666670000012, 40.36225525 ], [ 141.416605810000021, 40.36221931 ], [ 141.416119970000011, 40.36199653 ], [ 141.415590800000018, 40.36171708 ], [ 141.415266390000028, 40.36153792 ], [ 141.41505694, 40.36138289 ], [ 141.41466667, 40.36102095 ], [ 141.414173060000024, 40.36063317 ], [ 141.413575550000019, 40.36031344 ], [ 141.413189440000025, 40.36014844 ], [ 141.412841390000011, 40.35998761 ], [ 141.412488640000021, 40.35989123 ], [ 141.412170700000019, 40.3598042 ], [ 141.41171614000001, 40.35968008 ], [ 141.411300860000011, 40.35939564 ], [ 141.411258370000013, 40.35936675 ], [ 141.41111031, 40.35923731 ], [ 141.4107928, 40.35899675 ], [ 141.41053058, 40.35890731 ], [ 141.410144480000014, 40.35878953 ], [ 141.409647520000021, 40.3586048 ], [ 141.409304330000026, 40.35833333 ], [ 141.409295640000011, 40.35832647 ], [ 141.40899589, 40.35808728 ], [ 141.408754500000015, 40.35785784 ], [ 141.408340050000021, 40.3576262 ], [ 141.40833333, 40.35762244 ], [ 141.408188390000021, 40.35754144 ], [ 141.407873670000015, 40.35740895 ], [ 141.40770645, 40.35735089 ], [ 141.40742394, 40.35727978 ], [ 141.407126450000021, 40.35712478 ], [ 141.40698144000001, 40.35716395 ], [ 141.40677477, 40.357367 ], [ 141.40637783, 40.35778756 ], [ 141.406113670000025, 40.35801922 ], [ 141.40596409, 40.35832644 ], [ 141.405960730000032, 40.35833333 ], [ 141.405850890000011, 40.35855895 ], [ 141.40556423000001, 40.35900478 ], [ 141.405418950000012, 40.35916478 ], [ 141.40530866, 40.35934923 ], [ 141.40519839000001, 40.35955089 ], [ 141.405143090000024, 40.35980256 ], [ 141.405205030000019, 40.35999839 ], [ 141.405385030000019, 40.36034203 ], [ 141.40548837, 40.36064897 ], [ 141.40553614, 40.36093008 ], [ 141.405519200000015, 40.36100592 ], [ 141.40542086, 40.36105286 ], [ 141.40505447000001, 40.36108841 ], [ 141.40503197000001, 40.36108953 ], [ 141.404640310000019, 40.36111092 ], [ 141.404373920000012, 40.36117953 ], [ 141.404170310000012, 40.36131759 ], [ 141.40415837, 40.36160203 ], [ 141.404178370000011, 40.3621412 ], [ 141.40415837, 40.36244814 ], [ 141.404046980000032, 40.36261953 ], [ 141.40387973, 40.36296841 ], [ 141.403688340000031, 40.36338841 ], [ 141.403525280000025, 40.36360175 ], [ 141.40342555, 40.36387925 ], [ 141.40319861, 40.36441233 ], [ 141.403075280000024, 40.36466428 ], [ 141.402840270000013, 40.36483567 ], [ 141.402625280000024, 40.36501011 ], [ 141.402330560000024, 40.36539761 ], [ 141.4022075, 40.36560095 ], [ 141.401917780000019, 40.36587484 ], [ 141.401534140000024, 40.36636344 ], [ 141.4012193, 40.36665984 ], [ 141.401212050000026, 40.36666667 ], [ 141.40121163, 40.36666705 ], [ 141.400765810000024, 40.36679844 ], [ 141.40031553, 40.36690289 ], [ 141.40000667000001, 40.36692417 ], [ 141.4, 40.36692461 ], [ 141.399985010000023, 40.36692567 ], [ 141.399793890000012, 40.36693205 ], [ 141.399347780000028, 40.36697733 ], [ 141.39864694000002, 40.36715178 ], [ 141.39858973, 40.36716372 ], [ 141.398137500000018, 40.36725844 ], [ 141.39798056, 40.36727317 ], [ 141.397488610000011, 40.36731984 ], [ 141.39725361, 40.36724869 ], [ 141.39723361, 40.3671162 ], [ 141.39698278000003, 40.36679953 ], [ 141.396799080000022, 40.36666667 ], [ 141.396789610000013, 40.3666598 ], [ 141.39661639000002, 40.36653453 ], [ 141.39643139, 40.36636508 ], [ 141.39609472, 40.36605647 ], [ 141.39603112, 40.36599175 ], [ 141.395843920000033, 40.36572703 ], [ 141.395766980000019, 40.36558111 ], [ 141.39560531, 40.36527453 ], [ 141.39510752000001, 40.36487061 ], [ 141.394709200000023, 40.36466061 ], [ 141.394561970000012, 40.36446395 ], [ 141.3943428, 40.36415061 ], [ 141.39392086, 40.363892 ], [ 141.393821170000024, 40.36363033 ], [ 141.39380922, 40.36327811 ], [ 141.393678110000025, 40.36276447 ], [ 141.393598950000012, 40.36257253 ], [ 141.39344005, 40.36233753 ], [ 141.393233110000011, 40.3620578 ], [ 141.393040050000025, 40.36199613 ], [ 141.39292978, 40.3619178 ], [ 141.392909780000025, 40.36175031 ], [ 141.392992550000031, 40.36148336 ], [ 141.393036720000026, 40.36134003 ], [ 141.393124810000018, 40.36105559 ], [ 141.393132580000014, 40.36083531 ], [ 141.393132580000014, 40.36083253 ], [ 141.393098150000014, 40.36068559 ], [ 141.39283647000002, 40.36075253 ], [ 141.39248175000003, 40.36083225 ], [ 141.39225536, 40.36112613 ], [ 141.391968420000012, 40.36113836 ], [ 141.39172703, 40.36120559 ], [ 141.39167341000001, 40.36125705 ], [ 141.39166667, 40.3612635 ], [ 141.391643970000018, 40.36128531 ], [ 141.39166667, 40.36171231 ], [ 141.39166674, 40.36171364 ], [ 141.39166667, 40.36171392 ], [ 141.39162144, 40.36189113 ], [ 141.39139506, 40.36195253 ], [ 141.39077647000002, 40.36205031 ], [ 141.39048949, 40.3622342 ], [ 141.39034616, 40.36252808 ], [ 141.39015756, 40.3626442 ], [ 141.389938660000013, 40.3626628 ], [ 141.38970477, 40.36290141 ], [ 141.389553670000026, 40.3632628 ], [ 141.389448110000018, 40.36338531 ], [ 141.38937034, 40.36340197 ], [ 141.38901783, 40.36347697 ], [ 141.38864061000001, 40.36359308 ], [ 141.388467, 40.36373392 ], [ 141.3882709, 40.36413808 ], [ 141.388097280000011, 40.36424836 ], [ 141.387953940000017, 40.36437697 ], [ 141.38779728, 40.36458753 ], [ 141.387719780000026, 40.36464641 ], [ 141.38739533, 40.36475031 ], [ 141.38714228, 40.3648578 ], [ 141.38707839, 40.36488503 ], [ 141.386872830000016, 40.3650128 ], [ 141.38667547, 40.36524117 ], [ 141.386618110000029, 40.36530753 ], [ 141.38638394, 40.36539947 ], [ 141.38596228, 40.3654828 ], [ 141.385629220000027, 40.36554614 ], [ 141.38532756, 40.36558892 ], [ 141.385010050000034, 40.3655778 ], [ 141.38463311000001, 40.36550336 ], [ 141.384331170000024, 40.36542361 ], [ 141.38400672, 40.36523389 ], [ 141.383818390000016, 40.36504389 ], [ 141.38366756, 40.36491556 ], [ 141.383340080000011, 40.36462336 ], [ 141.383333330000028, 40.36461736 ], [ 141.383139250000028, 40.36444417 ], [ 141.38288258, 40.36434639 ], [ 141.382482580000016, 40.36419305 ], [ 141.382165640000011, 40.36402777 ], [ 141.381939250000016, 40.36393611 ], [ 141.381637300000023, 40.36388695 ], [ 141.381207300000028, 40.36392386 ], [ 141.38107148, 40.36385636 ], [ 141.38083008000001, 40.36372164 ], [ 141.380618690000034, 40.36349497 ], [ 141.380422580000015, 40.36343997 ], [ 141.38030817, 40.36343413 ], [ 141.379939560000025, 40.36341553 ], [ 141.379441500000013, 40.36341553 ], [ 141.379230120000017, 40.36337275 ], [ 141.378611510000013, 40.36347664 ], [ 141.37837761, 40.36350136 ], [ 141.378158720000016, 40.36347053 ], [ 141.37789455, 40.36340331 ], [ 141.377366500000022, 40.36331747 ], [ 141.37716261, 40.36332359 ], [ 141.37671733, 40.36337272 ], [ 141.37656178, 40.36331189 ], [ 141.376105670000015, 40.363133 ], [ 141.37606066, 40.36311551 ], [ 141.375909830000012, 40.36313384 ], [ 141.375615380000028, 40.36326856 ], [ 141.3753365, 40.36341522 ], [ 141.375170390000022, 40.36346411 ], [ 141.37500678, 40.36345169 ], [ 141.375, 40.3634512 ], [ 141.374687610000024, 40.36342744 ], [ 141.37440066000002, 40.36351328 ], [ 141.374113990000012, 40.36364189 ], [ 141.373812050000026, 40.36374577 ], [ 141.37344234, 40.36380105 ], [ 141.373132890000022, 40.36381328 ], [ 141.372962890000025, 40.36395105 ], [ 141.37295927, 40.36395411 ], [ 141.372891220000014, 40.36413161 ], [ 141.372909, 40.36427244 ], [ 141.3729365, 40.364493 ], [ 141.3729365, 40.36476856 ], [ 141.37287623, 40.36504411 ], [ 141.37275205, 40.36543772 ], [ 141.372786780000013, 40.36553272 ], [ 141.37302122, 40.36554384 ], [ 141.37362317, 40.3655155 ], [ 141.374131510000012, 40.36543636 ], [ 141.37433261000001, 40.36540525 ], [ 141.37452872, 40.36537469 ], [ 141.37493178, 40.36534275 ], [ 141.375, 40.36534714 ], [ 141.37500678, 40.36534759 ], [ 141.37542678, 40.36537469 ], [ 141.375668170000012, 40.36541136 ], [ 141.375811750000025, 40.3654972 ], [ 141.376226740000021, 40.36568692 ], [ 141.37651341, 40.36574803 ], [ 141.37692536, 40.3658072 ], [ 141.377267860000018, 40.36576664 ], [ 141.377479250000022, 40.36565636 ], [ 141.37772092, 40.36558887 ], [ 141.37793202, 40.3655522 ], [ 141.37803786, 40.36557053 ], [ 141.378090640000011, 40.36561331 ], [ 141.378256740000012, 40.36572969 ], [ 141.37851314, 40.36589497 ], [ 141.378530610000013, 40.36590113 ], [ 141.37891314, 40.36603584 ], [ 141.37896591, 40.36610944 ], [ 141.379056470000023, 40.36620139 ], [ 141.37907175, 40.36633 ], [ 141.379282870000026, 40.36656861 ], [ 141.379379810000017, 40.36665972 ], [ 141.379387200000025, 40.36666667 ], [ 141.37956949, 40.36683805 ], [ 141.37980339, 40.36696028 ], [ 141.380040050000019, 40.36703111 ], [ 141.38052034, 40.36717472 ], [ 141.380746720000019, 40.36719917 ], [ 141.38108645, 40.36725417 ], [ 141.38153922, 40.36738278 ], [ 141.38174283, 40.36754808 ], [ 141.381908660000022, 40.36760336 ], [ 141.382022, 40.36772559 ], [ 141.38208228000002, 40.36792169 ], [ 141.382071170000017, 40.36807392 ], [ 141.382126450000015, 40.36827003 ], [ 141.382436980000023, 40.36841753 ], [ 141.38261058, 40.36854003 ], [ 141.38278419, 40.36882169 ], [ 141.38298586, 40.36901364 ], [ 141.383003090000017, 40.36903003 ], [ 141.383221970000022, 40.36928697 ], [ 141.383251700000017, 40.3695442 ], [ 141.383176420000012, 40.3697742 ], [ 141.38306309, 40.37011978 ], [ 141.38309336, 40.37027867 ], [ 141.383333330000028, 40.37056256 ], [ 141.383340030000028, 40.37057047 ], [ 141.38335752, 40.37059117 ], [ 141.383591390000021, 40.37075033 ], [ 141.383765010000019, 40.37089117 ], [ 141.383696940000021, 40.37105033 ], [ 141.383493330000022, 40.37125228 ], [ 141.383531120000015, 40.37141784 ], [ 141.383638420000011, 40.37166061 ], [ 141.38367445, 40.37174228 ], [ 141.3837575, 40.37192589 ], [ 141.38390056, 40.37222589 ], [ 141.383968610000011, 40.37242811 ], [ 141.38421, 40.37299147 ], [ 141.38429302, 40.37365231 ], [ 141.3842783, 40.37398453 ], [ 141.38416109, 40.37434813 ], [ 141.383967760000019, 40.37470092 ], [ 141.383891190000014, 40.37499313 ], [ 141.38388939, 40.375 ], [ 141.383878300000021, 40.37504231 ], [ 141.383764690000021, 40.37522592 ], [ 141.38348553, 40.37535453 ], [ 141.38333997, 40.37542864 ], [ 141.383333330000028, 40.37543203 ], [ 141.382836350000019, 40.37568508 ], [ 141.38219497, 40.3759298 ], [ 141.38168914000002, 40.37601564 ], [ 141.38128942, 40.3761198 ], [ 141.38124997, 40.37614064 ], [ 141.380896910000018, 40.37632786 ], [ 141.380640250000027, 40.37638925 ], [ 141.38020248, 40.37652397 ], [ 141.379900530000015, 40.37658508 ], [ 141.3794708, 40.37670759 ], [ 141.379187200000018, 40.37678287 ], [ 141.379021630000011, 40.37680508 ], [ 141.377938590000014, 40.37686117 ], [ 141.37778691, 40.37689477 ], [ 141.37743497, 40.37710728 ], [ 141.377168860000012, 40.37720311 ], [ 141.37683497, 40.37731422 ], [ 141.3767383, 40.37737033 ], [ 141.37664859, 40.37756061 ], [ 141.37653136, 40.37762784 ], [ 141.376172750000023, 40.37756451 ], [ 141.37580302, 40.37755228 ], [ 141.3754408, 40.37759505 ], [ 141.375063579999988, 40.37766867 ], [ 141.37500664, 40.37768061 ], [ 141.375, 40.377682 ], [ 141.37465608, 40.37775422 ], [ 141.37452414, 40.37786284 ], [ 141.374339140000018, 40.37807895 ], [ 141.3740108, 40.37841256 ], [ 141.373841090000013, 40.37853811 ], [ 141.37365997, 40.37866367 ], [ 141.373191920000011, 40.37890811 ], [ 141.372724140000031, 40.37915923 ], [ 141.37239691000002, 40.37926395 ], [ 141.37216025, 40.37928617 ], [ 141.371553310000024, 40.37920559 ], [ 141.371444420000017, 40.37922225 ], [ 141.371267760000023, 40.37928141 ], [ 141.371168860000012, 40.37936197 ], [ 141.371111360000015, 40.3794678 ], [ 141.371079970000011, 40.379692 ], [ 141.370991090000018, 40.379967 ], [ 141.370949420000017, 40.3800645 ], [ 141.37086109, 40.38012784 ], [ 141.37071497, 40.38016172 ], [ 141.370537470000016, 40.38016614 ], [ 141.370339420000022, 40.38012364 ], [ 141.369796910000019, 40.37992059 ], [ 141.36950472, 40.37978087 ], [ 141.36925973000001, 40.37969614 ], [ 141.368902500000019, 40.37957169 ], [ 141.368691110000015, 40.37949308 ], [ 141.368576940000025, 40.37942697 ], [ 141.368508610000021, 40.37937447 ], [ 141.36831584, 40.37914169 ], [ 141.368211390000027, 40.37896392 ], [ 141.368065280000025, 40.37868475 ], [ 141.36787222000001, 40.37856197 ], [ 141.36768973, 40.37849 ], [ 141.367533330000015, 40.37844777 ], [ 141.367371670000011, 40.378435 ], [ 141.36725167, 40.37845195 ], [ 141.36692306, 40.37855777 ], [ 141.366673330000026, 40.37866741 ], [ 141.366672500000021, 40.37866777 ], [ 141.36666667, 40.37866917 ], [ 141.366474450000027, 40.37871444 ], [ 141.36633917, 40.37872695 ], [ 141.36616694, 40.37871444 ], [ 141.365942500000017, 40.37868056 ], [ 141.365530580000012, 40.37857889 ], [ 141.365316690000014, 40.37855361 ], [ 141.36519669, 40.37856195 ], [ 141.365014190000011, 40.37861277 ], [ 141.36449253, 40.37881167 ], [ 141.364054190000019, 40.37902751 ], [ 141.3638717, 40.37917139 ], [ 141.363725580000022, 40.37933222 ], [ 141.363605580000012, 40.37956056 ], [ 141.363579470000019, 40.37964944 ], [ 141.36358472, 40.37976361 ], [ 141.36361611, 40.37992028 ], [ 141.363563890000023, 40.38014028 ], [ 141.363558610000013, 40.38034333 ], [ 141.363577780000014, 40.38040751 ], [ 141.363595280000027, 40.38046611 ], [ 141.36367861, 40.38056778 ], [ 141.36383, 40.38064389 ], [ 141.363955280000027, 40.38067361 ], [ 141.364268050000021, 40.38069056 ], [ 141.364841950000027, 40.38055084 ], [ 141.36510805, 40.38048723 ], [ 141.365266390000016, 40.38047528 ], [ 141.365472780000033, 40.38048305 ], [ 141.365806670000012, 40.3805042 ], [ 141.366056940000021, 40.38055503 ], [ 141.366296940000012, 40.38061864 ], [ 141.36651611000002, 40.38072864 ], [ 141.36666222, 40.38089364 ], [ 141.36666667, 40.38089959 ], [ 141.366673330000026, 40.38090847 ], [ 141.366735280000029, 40.38099114 ] ] ], [ [ [ 141.542623, 40.52828603 ], [ 141.542628690000015, 40.52824436 ], [ 141.54203533, 40.52819677 ], [ 141.54202949, 40.52823833 ], [ 141.542623, 40.52828603 ] ] ], [ [ [ 141.534823140000015, 40.53761061 ], [ 141.53468805, 40.53771095 ], [ 141.53469747, 40.5377188 ], [ 141.53456358, 40.53781708 ], [ 141.53457326, 40.53782792 ], [ 141.53424689, 40.53809125 ], [ 141.534189270000013, 40.5381368 ], [ 141.53418353, 40.53814136 ], [ 141.53404608, 40.53825036 ], [ 141.53408117, 40.53827572 ], [ 141.53413114, 40.5383118 ], [ 141.5341762, 40.53827513 ], [ 141.534264470000011, 40.53820428 ], [ 141.534515810000016, 40.53800225 ], [ 141.534655720000018, 40.53789289 ], [ 141.53464445, 40.53788567 ], [ 141.534781830000014, 40.53778397 ], [ 141.53476995, 40.53777539 ], [ 141.535034470000028, 40.53755917 ], [ 141.53500397000002, 40.53753189 ], [ 141.535275010000021, 40.53733867 ], [ 141.535305940000029, 40.53735092 ], [ 141.536247890000027, 40.53661308 ], [ 141.537010440000017, 40.53656611 ], [ 141.53701516000001, 40.5365658 ], [ 141.537476420000019, 40.53653678 ], [ 141.537765910000019, 40.53651989 ], [ 141.537765770000021, 40.53652836 ], [ 141.537957690000013, 40.5365172 ], [ 141.537958660000015, 40.5365072 ], [ 141.538580950000011, 40.536468 ], [ 141.5386109, 40.53646611 ], [ 141.539396300000021, 40.536416 ], [ 141.539778500000011, 40.53639044 ], [ 141.54057361, 40.53634377 ], [ 141.541599170000012, 40.53627617 ], [ 141.541666670000012, 40.53627189 ], [ 141.54265577000001, 40.53620908 ], [ 141.542901530000023, 40.53619578 ], [ 141.544181, 40.53611667 ], [ 141.545349580000021, 40.536884 ], [ 141.54683764, 40.53786136 ], [ 141.5469482, 40.53776628 ], [ 141.54681883, 40.53769053 ], [ 141.546798270000011, 40.53770128 ], [ 141.546716450000019, 40.53764189 ], [ 141.545941630000016, 40.53713441 ], [ 141.54507411, 40.5365622 ], [ 141.544391110000021, 40.53611708 ], [ 141.544380890000014, 40.53612272 ], [ 141.54421603, 40.53601478 ], [ 141.542962890000013, 40.53609408 ], [ 141.542320830000023, 40.53613639 ], [ 141.541666670000012, 40.5361792 ], [ 141.54159820000001, 40.53618367 ], [ 141.54070655000001, 40.53624517 ], [ 141.539527670000012, 40.53631389 ], [ 141.53927973, 40.5363308 ], [ 141.5386045, 40.5363742 ], [ 141.537342530000018, 40.53645528 ], [ 141.536233260000017, 40.5365222 ], [ 141.5361565, 40.53655456 ], [ 141.535675060000017, 40.53694403 ], [ 141.53522786000002, 40.53729069 ], [ 141.535197660000023, 40.53726989 ], [ 141.535066640000025, 40.53737092 ], [ 141.5350525, 40.53736308 ], [ 141.53491822, 40.53747133 ], [ 141.534952050000015, 40.53750014 ], [ 141.534816910000018, 40.53760408 ], [ 141.534823140000015, 40.53761061 ] ] ], [ [ [ 141.556403330000023, 40.53847078 ], [ 141.5563883, 40.53846672 ], [ 141.55635645000001, 40.53849151 ], [ 141.556334860000021, 40.53850389 ], [ 141.55632214000002, 40.53851731 ], [ 141.55633078, 40.53853084 ], [ 141.556340730000016, 40.53854251 ], [ 141.55633294, 40.53856559 ], [ 141.5563328, 40.53857613 ], [ 141.556356610000023, 40.53858311 ], [ 141.55638292, 40.53860356 ], [ 141.556397950000019, 40.53860564 ], [ 141.55642031, 40.53863278 ], [ 141.556435140000019, 40.53866187 ], [ 141.556448910000029, 40.53866872 ], [ 141.556467860000026, 40.53866408 ], [ 141.55648211, 40.53863913 ], [ 141.556492890000015, 40.53857659 ], [ 141.556485550000019, 40.53855239 ], [ 141.556456810000014, 40.53853572 ], [ 141.556451950000024, 40.53852225 ], [ 141.556449470000018, 40.53851253 ], [ 141.556446030000018, 40.53851211 ], [ 141.55641158, 40.53852387 ], [ 141.55640772000001, 40.53852767 ], [ 141.55640711, 40.53852687 ], [ 141.55640283, 40.5385132 ], [ 141.55641173, 40.53850547 ], [ 141.55641567, 40.53849689 ], [ 141.556415840000028, 40.53848141 ], [ 141.556403330000023, 40.53847078 ] ] ], [ [ [ 141.55653973, 40.53866156 ], [ 141.55652064, 40.538677 ], [ 141.55650423, 40.53868744 ], [ 141.55650531, 40.53869905 ], [ 141.5565262, 40.53872072 ], [ 141.55652905, 40.53872241 ], [ 141.55653211, 40.53872141 ], [ 141.556546740000016, 40.53871195 ], [ 141.556553310000027, 40.53869461 ], [ 141.55655847, 40.53868217 ], [ 141.556552310000029, 40.53866761 ], [ 141.556542310000026, 40.53865984 ], [ 141.55653973, 40.53866156 ] ] ], [ [ [ 141.559951580000018, 40.53869997 ], [ 141.559948890000015, 40.53871141 ], [ 141.559952360000011, 40.53873931 ], [ 141.55997711, 40.538756 ], [ 141.55997983, 40.53875689 ], [ 141.559988780000026, 40.5387435 ], [ 141.55999531, 40.53872428 ], [ 141.55998917, 40.53869233 ], [ 141.559988080000011, 40.53869064 ], [ 141.559985250000011, 40.5386912 ], [ 141.5599755, 40.53869531 ], [ 141.55995372000001, 40.53869923 ], [ 141.559951580000018, 40.53869997 ] ] ], [ [ [ 141.560720340000017, 40.53873475 ], [ 141.56072058, 40.53873439 ], [ 141.56072423, 40.53871131 ], [ 141.560705970000015, 40.53871531 ], [ 141.560695230000022, 40.53871608 ], [ 141.560688780000021, 40.53872017 ], [ 141.56069075, 40.53872844 ], [ 141.56071092000002, 40.53873733 ], [ 141.560711850000018, 40.53873759 ], [ 141.560720340000017, 40.53873475 ] ] ], [ [ [ 141.560414470000012, 40.53868075 ], [ 141.560417170000022, 40.53866641 ], [ 141.560412219999989, 40.53865769 ], [ 141.560392190000016, 40.5386508 ], [ 141.56036567000001, 40.53866503 ], [ 141.560364110000023, 40.53869377 ], [ 141.560361020000016, 40.53873792 ], [ 141.560382440000012, 40.53876461 ], [ 141.56038555, 40.53876639 ], [ 141.560387080000027, 40.53876611 ], [ 141.560407420000018, 40.53874789 ], [ 141.56041511, 40.53873839 ], [ 141.560416060000023, 40.5387382 ], [ 141.56042586, 40.53873939 ], [ 141.56042636, 40.53874111 ], [ 141.56043105, 40.53877214 ], [ 141.56043577, 40.53879517 ], [ 141.56044577, 40.53880105 ], [ 141.56046109, 40.53878672 ], [ 141.560458880000027, 40.53875792 ], [ 141.560426550000017, 40.53872697 ], [ 141.560412970000016, 40.53870472 ], [ 141.560414470000012, 40.53868075 ] ] ], [ [ [ 141.560794230000027, 40.53873384 ], [ 141.560793170000011, 40.53873484 ], [ 141.56079392, 40.53873653 ], [ 141.560801560000016, 40.53874559 ], [ 141.560820700000022, 40.53874736 ], [ 141.56083995, 40.53874669 ], [ 141.56084558, 40.53873351 ], [ 141.560842310000027, 40.53871589 ], [ 141.560841720000013, 40.53871453 ], [ 141.56082239, 40.53871772 ], [ 141.56080947, 40.53872339 ], [ 141.560794230000027, 40.53873384 ] ] ], [ [ [ 141.560905500000018, 40.53875017 ], [ 141.56089964, 40.53875605 ], [ 141.560887890000032, 40.53875928 ], [ 141.56086839, 40.53876822 ], [ 141.56086486, 40.53878078 ], [ 141.56086489, 40.53878303 ], [ 141.560866300000015, 40.53878417 ], [ 141.56088086, 40.53878641 ], [ 141.56091189, 40.53878578 ], [ 141.560927030000016, 40.53877605 ], [ 141.56092523, 40.53876284 ], [ 141.56091791, 40.53875286 ], [ 141.560918140000012, 40.53874053 ], [ 141.56091516, 40.53872739 ], [ 141.560906940000024, 40.53872169 ], [ 141.560905640000016, 40.53872133 ], [ 141.560904140000019, 40.53872333 ], [ 141.560901390000026, 40.53873172 ], [ 141.560901170000022, 40.53873308 ], [ 141.5609062, 40.53874872 ], [ 141.560905500000018, 40.53875017 ] ] ], [ [ [ 141.556608880000027, 40.53868356 ], [ 141.556597080000017, 40.53867211 ], [ 141.55659519, 40.53867087 ], [ 141.55659272, 40.53867195 ], [ 141.55658241, 40.5386795 ], [ 141.55655934, 40.5387188 ], [ 141.556548910000032, 40.53873797 ], [ 141.55654506, 40.53875041 ], [ 141.556574860000012, 40.53879022 ], [ 141.55659236, 40.53880389 ], [ 141.556612340000015, 40.53881556 ], [ 141.55661090000001, 40.53883486 ], [ 141.556634360000032, 40.53887839 ], [ 141.556646390000026, 40.53888723 ], [ 141.556649360000023, 40.5388882 ], [ 141.55665711, 40.53887375 ], [ 141.55666484, 40.53885839 ], [ 141.55667394, 40.53883633 ], [ 141.55666158, 40.53880633 ], [ 141.556639390000015, 40.53877341 ], [ 141.556628080000024, 40.53876467 ], [ 141.55661691, 40.53874917 ], [ 141.556612090000016, 40.53872786 ], [ 141.55661486, 40.53871053 ], [ 141.556608880000027, 40.53868356 ] ] ], [ [ [ 141.56033536000001, 40.53878572 ], [ 141.5603318, 40.53876459 ], [ 141.56032438, 40.53875589 ], [ 141.560304360000032, 40.53874708 ], [ 141.56028061, 40.53873536 ], [ 141.56025302, 40.53872644 ], [ 141.56023294000002, 40.53872628 ], [ 141.560215230000011, 40.53873578 ], [ 141.5602025, 40.53875008 ], [ 141.56020464, 40.53878177 ], [ 141.56021302, 40.53881739 ], [ 141.56022655000001, 40.53884431 ], [ 141.560278720000014, 40.53889956 ], [ 141.56031761, 40.53890364 ], [ 141.56034538000003, 40.53889428 ], [ 141.560363110000026, 40.53888489 ], [ 141.56036319, 40.53887236 ], [ 141.560355890000011, 40.53886178 ], [ 141.56035097, 40.53884533 ], [ 141.56035614000001, 40.53883097 ], [ 141.56034519, 40.53880113 ], [ 141.56033536000001, 40.53878572 ] ] ], [ [ [ 141.556550030000011, 40.53886136 ], [ 141.556562870000022, 40.53884695 ], [ 141.556571890000015, 40.53883159 ], [ 141.55656577000002, 40.53881233 ], [ 141.556553410000021, 40.53879197 ], [ 141.556539800000024, 40.53876775 ], [ 141.556528469999989, 40.53876675 ], [ 141.556520440000014, 40.538811 ], [ 141.55652122, 40.53885044 ], [ 141.556526030000015, 40.53886978 ], [ 141.55653983, 40.53886989 ], [ 141.556550030000011, 40.53886136 ] ] ], [ [ [ 141.556392970000019, 40.53881469 ], [ 141.55640462, 40.53882039 ], [ 141.556405580000018, 40.53882156 ], [ 141.55638034, 40.53882422 ], [ 141.55634752, 40.53882597 ], [ 141.556337300000024, 40.53883936 ], [ 141.55633319, 40.53886433 ], [ 141.55633294, 40.53888559 ], [ 141.55634297, 40.53889525 ], [ 141.556371830000018, 40.53890039 ], [ 141.55638, 40.53890339 ], [ 141.556380610000019, 40.53890428 ], [ 141.556369170000011, 40.53891669 ], [ 141.556358890000013, 40.53892723 ], [ 141.55636506, 40.53893978 ], [ 141.556377560000016, 40.53894953 ], [ 141.55637988, 40.53896887 ], [ 141.556369530000012, 40.53899478 ], [ 141.556364450000018, 40.53900344 ], [ 141.55636433, 40.53900436 ], [ 141.556365030000023, 40.53900453 ], [ 141.55639969, 40.53899892 ], [ 141.55641372, 40.53898739 ], [ 141.556435250000021, 40.53898086 ], [ 141.55645042, 40.53897517 ], [ 141.55647939, 40.53897861 ], [ 141.556480580000027, 40.53897931 ], [ 141.556471500000015, 40.53900333 ], [ 141.55648012, 40.53902364 ], [ 141.55649263, 40.53902472 ], [ 141.55651053, 40.53900939 ], [ 141.556522090000016, 40.53898733 ], [ 141.556529970000014, 40.53896233 ], [ 141.556511390000026, 40.53893617 ], [ 141.556507760000017, 40.53892556 ], [ 141.556513170000017, 40.53889284 ], [ 141.556512, 40.53888223 ], [ 141.556486940000013, 40.53886951 ], [ 141.556482190000025, 40.53884339 ], [ 141.55647486, 40.5388222 ], [ 141.556473770000025, 40.53880769 ], [ 141.55647484, 40.53880761 ], [ 141.556491170000015, 40.53881208 ], [ 141.55649519, 40.53881269 ], [ 141.55649553, 40.53881161 ], [ 141.556495550000022, 40.53878092 ], [ 141.55648326, 40.53875667 ], [ 141.556464580000011, 40.53873336 ], [ 141.55646103, 40.53870925 ], [ 141.556462410000023, 40.53869672 ], [ 141.556424940000028, 40.5386685 ], [ 141.556407370000016, 40.53866933 ], [ 141.556345720000024, 40.53865631 ], [ 141.556324250000017, 40.53865705 ], [ 141.556297590000014, 40.53867128 ], [ 141.55628861, 40.53869141 ], [ 141.556301030000014, 40.53870603 ], [ 141.556287, 40.53871844 ], [ 141.55627042, 40.53873567 ], [ 141.556258860000014, 40.53875672 ], [ 141.556259920000031, 40.53876833 ], [ 141.556285030000026, 40.53877528 ], [ 141.556327690000018, 40.53879205 ], [ 141.55635039, 40.53879513 ], [ 141.556368140000018, 40.53878856 ], [ 141.556383260000018, 40.53878675 ], [ 141.556392970000019, 40.53881469 ] ] ], [ [ [ 141.556251120000013, 40.53887141 ], [ 141.55623975, 40.53887995 ], [ 141.55625083000001, 40.53890033 ], [ 141.556264670000019, 40.53890239 ], [ 141.556272440000015, 40.53888028 ], [ 141.556282870000018, 40.53885914 ], [ 141.556279360000019, 40.53883017 ], [ 141.556272, 40.53881564 ], [ 141.55626314, 40.53881461 ], [ 141.55624542000001, 40.53882605 ], [ 141.556241390000025, 40.53884625 ], [ 141.5562538, 40.53885889 ], [ 141.556251120000013, 40.53887141 ] ] ], [ [ [ 141.549184890000021, 40.53893964 ], [ 141.549995720000027, 40.53889031 ], [ 141.55, 40.53889003 ], [ 141.550288750000021, 40.53887208 ], [ 141.550316830000014, 40.53887031 ], [ 141.55091092, 40.53883328 ], [ 141.551342800000015, 40.53880459 ], [ 141.552040170000026, 40.53876664 ], [ 141.5526417, 40.53872851 ], [ 141.553601860000015, 40.53865975 ], [ 141.554309640000014, 40.53861364 ], [ 141.554377610000017, 40.53861095 ], [ 141.55539131, 40.53856789 ], [ 141.555386030000022, 40.53850559 ], [ 141.55538167, 40.53847239 ], [ 141.555221110000019, 40.53848392 ], [ 141.55521920000001, 40.53851511 ], [ 141.554700390000022, 40.53853717 ], [ 141.554053720000013, 40.53856911 ], [ 141.553360250000026, 40.53861784 ], [ 141.55274345, 40.53866247 ], [ 141.55223620000001, 40.53869653 ], [ 141.55169847, 40.53872761 ], [ 141.55133109, 40.53874844 ], [ 141.55107153000003, 40.53876195 ], [ 141.551067640000014, 40.53872856 ], [ 141.55090438, 40.53874056 ], [ 141.550905910000012, 40.53877369 ], [ 141.55005202000001, 40.53882467 ], [ 141.55, 40.53882787 ], [ 141.549348340000023, 40.53886784 ], [ 141.549341850000019, 40.53886814 ], [ 141.54933872, 40.53883961 ], [ 141.549176030000012, 40.5388482 ], [ 141.549166860000014, 40.53884259 ], [ 141.54883333, 40.53901639 ], [ 141.548837890000016, 40.53902095 ], [ 141.54831214, 40.53929125 ], [ 141.548292410000016, 40.53930136 ], [ 141.548243450000029, 40.53932653 ], [ 141.54814756, 40.5393788 ], [ 141.54819086, 40.53943177 ], [ 141.548196470000022, 40.53943751 ], [ 141.548206980000032, 40.53944797 ], [ 141.54844008, 40.53932423 ], [ 141.548643160000012, 40.53921641 ], [ 141.549184890000021, 40.53893964 ] ] ], [ [ [ 141.56126328000002, 40.53896836 ], [ 141.561255750000015, 40.53896914 ], [ 141.56123881, 40.53896323 ], [ 141.561231240000012, 40.53896489 ], [ 141.56122258, 40.53896889 ], [ 141.561205550000011, 40.53896631 ], [ 141.56120205000002, 40.5389828 ], [ 141.56122328, 40.53898953 ], [ 141.56124236, 40.53899786 ], [ 141.56124761, 40.53900369 ], [ 141.561261340000016, 40.53901531 ], [ 141.56128261, 40.53902031 ], [ 141.561283090000018, 40.53899644 ], [ 141.561283410000016, 40.5389742 ], [ 141.56126328000002, 40.53896836 ] ] ], [ [ [ 141.558323700000017, 40.53898164 ], [ 141.55830361, 40.53898059 ], [ 141.558294640000014, 40.53899108 ], [ 141.55829326, 40.53900641 ], [ 141.55831842, 40.53900661 ], [ 141.558323700000017, 40.53898164 ] ] ], [ [ [ 141.56141713, 40.53902695 ], [ 141.561433060000013, 40.53903611 ], [ 141.561442780000021, 40.53902875 ], [ 141.561445420000013, 40.53900903 ], [ 141.56142822000001, 40.539013 ], [ 141.561419560000019, 40.53901872 ], [ 141.56141713, 40.53902695 ] ] ], [ [ [ 141.55636608, 40.53906803 ], [ 141.55637475, 40.53908344 ], [ 141.556398640000026, 40.53908753 ], [ 141.55641384, 40.53908572 ], [ 141.55642272, 40.53907613 ], [ 141.556420270000018, 40.53906939 ], [ 141.55640667, 40.53905389 ], [ 141.556385160000019, 40.53905467 ], [ 141.55636608, 40.53906803 ] ] ], [ [ [ 141.55827647000001, 40.53914584 ], [ 141.558286520000024, 40.53914786 ], [ 141.55833056, 40.53914911 ], [ 141.558333330000011, 40.53914172 ], [ 141.558341, 40.53912131 ], [ 141.558333330000011, 40.53911989 ], [ 141.55831333, 40.53911625 ], [ 141.55829445, 40.53911708 ], [ 141.558265380000023, 40.53912644 ], [ 141.55825934, 40.53913333 ], [ 141.55825995, 40.5391345 ], [ 141.55827647000001, 40.53914584 ] ] ], [ [ [ 141.55666542, 40.53913208 ], [ 141.55664776, 40.5391338 ], [ 141.55664511, 40.53914156 ], [ 141.556643550000018, 40.53916275 ], [ 141.55664348, 40.53917525 ], [ 141.55665975, 40.53918695 ], [ 141.55668739, 40.53918714 ], [ 141.556696390000013, 40.53917853 ], [ 141.55669791, 40.53915547 ], [ 141.556682750000022, 40.5391515 ], [ 141.556677830000012, 40.5391428 ], [ 141.55666542, 40.53913208 ] ] ], [ [ [ 141.55823973, 40.5391638 ], [ 141.558239360000016, 40.5391522 ], [ 141.558238750000015, 40.53915111 ], [ 141.558233670000021, 40.53915125 ], [ 141.5582209, 40.5391588 ], [ 141.5582145, 40.53916839 ], [ 141.558220700000021, 40.5391742 ], [ 141.55823333, 40.53917339 ], [ 141.55823973, 40.5391638 ] ] ], [ [ [ 141.556636500000025, 40.53923013 ], [ 141.55664891, 40.53924367 ], [ 141.556671560000012, 40.53925253 ], [ 141.55669178, 40.53924403 ], [ 141.556702050000013, 40.53923253 ], [ 141.55670222, 40.53921714 ], [ 141.55668097, 40.53920447 ], [ 141.556657130000019, 40.53919561 ], [ 141.556639440000026, 40.53919644 ], [ 141.55664311000001, 40.53920895 ], [ 141.556650510000026, 40.53921575 ], [ 141.55665056, 40.53921961 ], [ 141.556636500000025, 40.53923013 ] ] ], [ [ [ 141.557010580000025, 40.53946997 ], [ 141.557009580000027, 40.53944305 ], [ 141.55699601, 40.53942072 ], [ 141.556969580000015, 40.53941287 ], [ 141.556940920000017, 40.53939241 ], [ 141.556927, 40.53939423 ], [ 141.55690167, 40.53940753 ], [ 141.556888860000015, 40.53942472 ], [ 141.556870950000018, 40.53944969 ], [ 141.55685949, 40.53946022 ], [ 141.55687326, 40.53946705 ], [ 141.55689333, 40.53946811 ], [ 141.55692231, 40.53947314 ], [ 141.556932360000019, 40.53947425 ], [ 141.55695997, 40.53948408 ], [ 141.55699647, 40.53948628 ], [ 141.557010580000025, 40.53946997 ] ] ], [ [ [ 141.55740326, 40.53976869 ], [ 141.557404030000015, 40.53976572 ], [ 141.557397780000031, 40.53976467 ], [ 141.557385160000024, 40.53976656 ], [ 141.557374940000017, 40.5397722 ], [ 141.55737725, 40.53977911 ], [ 141.557378590000013, 40.53978092 ], [ 141.557381170000014, 40.53978117 ], [ 141.55739628, 40.53977908 ], [ 141.55740326, 40.53976869 ] ] ], [ [ [ 141.55693930000001, 40.53974592 ], [ 141.55695545, 40.53976439 ], [ 141.55697292, 40.53977697 ], [ 141.557001970000016, 40.53977813 ], [ 141.55700436, 40.53979072 ], [ 141.556971440000012, 40.53979436 ], [ 141.556967500000013, 40.53981069 ], [ 141.55699881000001, 40.53982436 ], [ 141.55700898, 40.53982447 ], [ 141.55703139000002, 40.53984487 ], [ 141.557038880000022, 40.53985256 ], [ 141.557058970000014, 40.53985272 ], [ 141.55708306, 40.53984231 ], [ 141.55709202, 40.5398308 ], [ 141.55712, 40.53980984 ], [ 141.55714144, 40.5398052 ], [ 141.557155420000015, 40.53979761 ], [ 141.55717311, 40.53978713 ], [ 141.55717497, 40.53978364 ], [ 141.5571707, 40.53978069 ], [ 141.55715319, 40.53977736 ], [ 141.557132970000026, 40.53977433 ], [ 141.55713189, 40.53977236 ], [ 141.557130660000013, 40.53975789 ], [ 141.557125860000014, 40.53973864 ], [ 141.557084450000019, 40.53972961 ], [ 141.55705789000001, 40.53973041 ], [ 141.557035330000019, 40.53971867 ], [ 141.557022780000011, 40.53971569 ], [ 141.55698883, 40.53970869 ], [ 141.556945860000013, 40.53971995 ], [ 141.55693930000001, 40.53974592 ] ] ], [ [ [ 141.55765358, 40.53989572 ], [ 141.55765442, 40.53989653 ], [ 141.557627670000016, 40.53992328 ], [ 141.557597250000015, 40.53993939 ], [ 141.557581700000014, 40.53993995 ], [ 141.55757817, 40.53994286 ], [ 141.557570560000016, 40.53995947 ], [ 141.557575250000014, 40.53998933 ], [ 141.557605030000019, 40.54002517 ], [ 141.55764144, 40.54003989 ], [ 141.557649420000018, 40.54003605 ], [ 141.557651780000015, 40.54003553 ], [ 141.55765248, 40.5400355 ], [ 141.557652500000017, 40.54003641 ], [ 141.55764636, 40.54004761 ], [ 141.55764503, 40.54005528 ], [ 141.55765367, 40.54006784 ], [ 141.557668780000029, 40.540068 ], [ 141.55768533, 40.5400508 ], [ 141.557704450000017, 40.54003841 ], [ 141.55772711, 40.54003756 ], [ 141.557752280000017, 40.54003875 ], [ 141.557772559999989, 40.54002539 ], [ 141.55779333000001, 40.54000464 ], [ 141.55779428, 40.54000336 ], [ 141.557793090000018, 40.5400022 ], [ 141.55776842, 40.53999128 ], [ 141.55776791, 40.53999075 ], [ 141.557768220000014, 40.53997336 ], [ 141.55776222, 40.53994451 ], [ 141.557771190000011, 40.539933 ], [ 141.557791440000017, 40.53991775 ], [ 141.557800610000015, 40.53989084 ], [ 141.557799530000011, 40.53987733 ], [ 141.557770800000014, 40.53985311 ], [ 141.55775326, 40.53984531 ], [ 141.5577145, 40.53981997 ], [ 141.557690510000015, 40.53981661 ], [ 141.55768814000001, 40.53981589 ], [ 141.557682050000011, 40.53979956 ], [ 141.55768214, 40.53978603 ], [ 141.55765980000001, 40.53976275 ], [ 141.557654860000014, 40.53975117 ], [ 141.557652280000013, 40.5397438 ], [ 141.557652390000015, 40.53974253 ], [ 141.55765392, 40.53974164 ], [ 141.557682780000022, 40.53973533 ], [ 141.55768525000002, 40.53973405 ], [ 141.557683090000012, 40.53971003 ], [ 141.557664330000023, 40.53970022 ], [ 141.55763189000001, 40.53970278 ], [ 141.55763192, 40.53970547 ], [ 141.55763891, 40.53971741 ], [ 141.557646550000015, 40.53972692 ], [ 141.557647520000017, 40.53972897 ], [ 141.55764589, 40.53973041 ], [ 141.557641190000027, 40.5397328 ], [ 141.557592090000014, 40.53973336 ], [ 141.55758961, 40.53973239 ], [ 141.557575860000014, 40.53971789 ], [ 141.557570610000028, 40.5397108 ], [ 141.557567520000021, 40.53971084 ], [ 141.557560830000028, 40.53971484 ], [ 141.55755577, 40.53971577 ], [ 141.557548270000012, 40.53970897 ], [ 141.557554810000028, 40.53969172 ], [ 141.557557420000023, 40.53968117 ], [ 141.557548810000014, 40.53965989 ], [ 141.557533920000026, 40.53964728 ], [ 141.55753003, 40.53965884 ], [ 141.557529800000026, 40.53967225 ], [ 141.557520950000026, 40.53967222 ], [ 141.557492280000019, 40.53965178 ], [ 141.557480950000013, 40.53964978 ], [ 141.55747109, 40.53963425 ], [ 141.55747, 40.53961986 ], [ 141.557462440000023, 40.53961117 ], [ 141.55743494, 40.53959936 ], [ 141.55742003, 40.53958478 ], [ 141.557398560000024, 40.53958661 ], [ 141.55737331, 40.53958731 ], [ 141.55734562, 40.539591 ], [ 141.55733419, 40.53959575 ], [ 141.557337830000023, 40.53960347 ], [ 141.557341440000016, 40.53962084 ], [ 141.557383890000011, 40.53965003 ], [ 141.55739983, 40.53969441 ], [ 141.55742949, 40.53974178 ], [ 141.557445520000016, 40.53977175 ], [ 141.55745406, 40.53979592 ], [ 141.557441220000015, 40.53981123 ], [ 141.55743214, 40.53984289 ], [ 141.557440580000019, 40.53986995 ], [ 141.55744389, 40.53987075 ], [ 141.557462050000026, 40.53987008 ], [ 141.557511020000021, 40.53988005 ], [ 141.557538780000016, 40.53988033 ], [ 141.557563860000016, 40.53988431 ], [ 141.55758183, 40.53990969 ], [ 141.557584330000026, 40.53991228 ], [ 141.557586250000014, 40.53991336 ], [ 141.557606470000025, 40.53990675 ], [ 141.55762547, 40.53989436 ], [ 141.55764442, 40.53988975 ], [ 141.55765358, 40.53989572 ] ] ], [ [ [ 141.557126, 40.5398405 ], [ 141.557137200000028, 40.53984853 ], [ 141.55713706, 40.53985717 ], [ 141.557143990000014, 40.53986641 ], [ 141.557147080000021, 40.53986884 ], [ 141.55716733, 40.53986223 ], [ 141.557183720000012, 40.53985175 ], [ 141.55719231, 40.53983739 ], [ 141.557194030000034, 40.53983251 ], [ 141.55718975000002, 40.53983008 ], [ 141.55717908, 40.53982567 ], [ 141.55716361, 40.53982575 ], [ 141.5571438, 40.53982641 ], [ 141.55712859, 40.53982823 ], [ 141.557124690000023, 40.53983877 ], [ 141.557126, 40.5398405 ] ] ], [ [ [ 141.52128733, 40.53974847 ], [ 141.520897170000012, 40.5402808 ], [ 141.520876110000017, 40.54027508 ], [ 141.520775470000018, 40.54041931 ], [ 141.520772, 40.54042556 ], [ 141.520763970000019, 40.54045036 ], [ 141.520762750000017, 40.54045695 ], [ 141.520750170000014, 40.54050772 ], [ 141.520804140000024, 40.5405918 ], [ 141.521708610000019, 40.54124422 ], [ 141.522281530000015, 40.54078556 ], [ 141.52306672, 40.54015628 ], [ 141.52378575, 40.53957775 ], [ 141.523818420000026, 40.53955153 ], [ 141.524286980000028, 40.53917525 ], [ 141.524769530000015, 40.53879267 ], [ 141.524994310000011, 40.5386102 ], [ 141.525, 40.53860556 ], [ 141.525128690000031, 40.53850105 ], [ 141.525285360000026, 40.53861808 ], [ 141.52604681, 40.53917184 ], [ 141.526603750000021, 40.53957295 ], [ 141.5272582, 40.54004905 ], [ 141.527913650000016, 40.54052297 ], [ 141.527885160000011, 40.54054277 ], [ 141.527889610000017, 40.54054969 ], [ 141.527853220000026, 40.54058189 ], [ 141.52784263, 40.540575 ], [ 141.527673920000012, 40.54070959 ], [ 141.52727375, 40.54103205 ], [ 141.526973380000015, 40.54127839 ], [ 141.526760250000024, 40.54144728 ], [ 141.52648672, 40.54166667 ], [ 141.526297780000021, 40.54181823 ], [ 141.525896500000016, 40.542139 ], [ 141.525581220000021, 40.54239387 ], [ 141.52541847, 40.54252461 ], [ 141.52542377, 40.54253487 ], [ 141.525398, 40.54255347 ], [ 141.525378080000024, 40.54255684 ], [ 141.525046840000016, 40.54282322 ], [ 141.525, 40.54286017 ], [ 141.524739440000019, 40.54306564 ], [ 141.52472341, 40.5431158 ], [ 141.524720730000013, 40.54312825 ], [ 141.524536060000031, 40.54361992 ], [ 141.52432375, 40.54419011 ], [ 141.52406197000002, 40.54490964 ], [ 141.52405287000002, 40.544955 ], [ 141.52405275000001, 40.5449885 ], [ 141.52405497, 40.54500964 ], [ 141.52406172000002, 40.54504544 ], [ 141.52409309, 40.54511164 ], [ 141.52411645, 40.545144 ], [ 141.524191170000023, 40.54524705 ], [ 141.52437358, 40.54536323 ], [ 141.525, 40.54550141 ], [ 141.525272170000022, 40.54556147 ], [ 141.526684530000011, 40.54588369 ], [ 141.5268825, 40.54592853 ], [ 141.527720580000022, 40.54611811 ], [ 141.52830886000001, 40.54625572 ], [ 141.528502870000011, 40.54626877 ], [ 141.52869336, 40.54622989 ], [ 141.528852280000024, 40.54614005 ], [ 141.529076740000022, 40.54595939 ], [ 141.529448980000012, 40.54566084 ], [ 141.529927860000015, 40.54527736 ], [ 141.530321970000017, 40.54496164 ], [ 141.53035158, 40.54493789 ], [ 141.53077905, 40.54459422 ], [ 141.530935160000013, 40.54447125 ], [ 141.5308837, 40.5444339 ], [ 141.531061380000011, 40.54428314 ], [ 141.53086066, 40.54413864 ], [ 141.53091949, 40.54408959 ], [ 141.530269590000017, 40.54361933 ], [ 141.529847280000013, 40.54330992 ], [ 141.52965387, 40.54316895 ], [ 141.529042090000019, 40.54272297 ], [ 141.529021170000021, 40.54250369 ], [ 141.528979170000014, 40.542075 ], [ 141.52893511000002, 40.54166667 ], [ 141.528922630000011, 40.541551 ], [ 141.528879780000011, 40.54112653 ], [ 141.528767860000016, 40.53999836 ], [ 141.52910036, 40.53973051 ], [ 141.52933078, 40.53954664 ], [ 141.52967336, 40.53927341 ], [ 141.530133550000016, 40.53890175 ], [ 141.53050575, 40.53860364 ], [ 141.530890560000017, 40.53829503 ], [ 141.53144506000001, 40.53785272 ], [ 141.53193808, 40.53745131 ], [ 141.531942410000028, 40.53744739 ], [ 141.532012310000027, 40.53739186 ], [ 141.53236917000001, 40.53710844 ], [ 141.532703280000021, 40.53684028 ], [ 141.533181750000011, 40.53645951 ], [ 141.53333333, 40.53633892 ], [ 141.53333372, 40.53633861 ], [ 141.53333333, 40.53633833 ], [ 141.5332663, 40.53629244 ], [ 141.53284131, 40.53598017 ], [ 141.532778560000025, 40.53603089 ], [ 141.53320864, 40.53634314 ], [ 141.533070510000016, 40.53645331 ], [ 141.532821050000024, 40.53665575 ], [ 141.532533990000019, 40.53688464 ], [ 141.532526470000022, 40.53687711 ], [ 141.532209810000012, 40.53713039 ], [ 141.531947590000016, 40.53734217 ], [ 141.531945190000016, 40.53734039 ], [ 141.531079, 40.53670439 ], [ 141.53005672, 40.53596414 ], [ 141.528981110000018, 40.53518564 ], [ 141.52952263, 40.53475917 ], [ 141.530281190000011, 40.53416992 ], [ 141.53002616, 40.53398277 ], [ 141.53000409, 40.53397039 ], [ 141.529925110000022, 40.53394692 ], [ 141.529901630000012, 40.53394733 ], [ 141.52945625000001, 40.53398064 ], [ 141.529261780000013, 40.53399675 ], [ 141.5291837, 40.53400144 ], [ 141.528699530000011, 40.53403895 ], [ 141.5285, 40.53405717 ], [ 141.527833500000014, 40.53412161 ], [ 141.52775309, 40.53412992 ], [ 141.527326110000018, 40.53416259 ], [ 141.526991360000011, 40.53418772 ], [ 141.526823090000022, 40.53420189 ], [ 141.526813920000023, 40.53417278 ], [ 141.526694140000018, 40.534187 ], [ 141.52622258, 40.53384308 ], [ 141.526193330000012, 40.53386903 ], [ 141.52619134, 40.53387084 ], [ 141.526622340000017, 40.53419561 ], [ 141.52657192, 40.53419395 ], [ 141.5263907, 40.53433878 ], [ 141.52640431, 40.53444513 ], [ 141.525746450000014, 40.53495839 ], [ 141.525, 40.53554497 ], [ 141.524982610000023, 40.53555861 ], [ 141.524424690000018, 40.53599947 ], [ 141.52381689, 40.53647305 ], [ 141.523520830000024, 40.53670287 ], [ 141.523428780000017, 40.53684284 ], [ 141.52310241, 40.53728159 ], [ 141.522319580000016, 40.53834644 ], [ 141.52208103000001, 40.53867128 ], [ 141.522090050000031, 40.53867592 ], [ 141.522070360000015, 40.53870117 ], [ 141.522059800000022, 40.53869653 ], [ 141.52203294, 40.53873669 ], [ 141.52202241, 40.53873441 ], [ 141.521939800000013, 40.538841 ], [ 141.52194581, 40.53884905 ], [ 141.521768110000011, 40.53908789 ], [ 141.52128733, 40.53974847 ] ] ], [ [ [ 141.558265620000014, 40.54010895 ], [ 141.55828462, 40.54009756 ], [ 141.55828484, 40.54007595 ], [ 141.55827564, 40.5400542 ], [ 141.55827589, 40.54003403 ], [ 141.558273970000016, 40.54003269 ], [ 141.55825572, 40.54002469 ], [ 141.55823261, 40.54001639 ], [ 141.55820997, 40.54001914 ], [ 141.55819294, 40.54002617 ], [ 141.55818869, 40.54006078 ], [ 141.558190270000011, 40.54008536 ], [ 141.558171050000027, 40.54011125 ], [ 141.558176590000016, 40.54013147 ], [ 141.55819917, 40.54013303 ], [ 141.558211340000014, 40.54012387 ], [ 141.5582145, 40.54012205 ], [ 141.558218050000022, 40.54012392 ], [ 141.558236890000018, 40.54014056 ], [ 141.558241480000021, 40.54014844 ], [ 141.55824433, 40.54015067 ], [ 141.55824597, 40.54014887 ], [ 141.55825397000001, 40.54013631 ], [ 141.558251860000013, 40.54011613 ], [ 141.558252190000019, 40.54011497 ], [ 141.55825314, 40.54011425 ], [ 141.558265620000014, 40.54010895 ] ] ], [ [ [ 141.56203416, 40.54044025 ], [ 141.562067470000017, 40.54046344 ], [ 141.562084840000011, 40.5404655 ], [ 141.56210167, 40.54043867 ], [ 141.56210114000001, 40.54042172 ], [ 141.5621175, 40.54040856 ], [ 141.562131500000021, 40.54038111 ], [ 141.56212786, 40.54037147 ], [ 141.562124470000015, 40.54035423 ], [ 141.562134640000011, 40.54034361 ], [ 141.56213141, 40.54031959 ], [ 141.562121390000016, 40.54031856 ], [ 141.56209859, 40.54030736 ], [ 141.56209419000001, 40.54030595 ], [ 141.562069030000032, 40.54031439 ], [ 141.562023610000011, 40.54033728 ], [ 141.56201464, 40.54034877 ], [ 141.562014090000019, 40.54037472 ], [ 141.56200506, 40.540391 ], [ 141.562009580000023, 40.540417 ], [ 141.56203416, 40.54044025 ] ] ], [ [ [ 141.563374580000016, 40.54047997 ], [ 141.563386330000014, 40.54048495 ], [ 141.563407830000017, 40.5404758 ], [ 141.563444250000032, 40.54047125 ], [ 141.563450640000013, 40.54046067 ], [ 141.56343603000002, 40.54044239 ], [ 141.56338997, 40.54042864 ], [ 141.563367280000023, 40.54043713 ], [ 141.563359490000011, 40.54044964 ], [ 141.56336542, 40.54047272 ], [ 141.563374580000016, 40.54047997 ] ] ], [ [ [ 141.562135580000017, 40.54049564 ], [ 141.562192970000012, 40.54049878 ], [ 141.562220510000031, 40.54049995 ], [ 141.562250560000024, 40.54049528 ], [ 141.56224973, 40.54047411 ], [ 141.56221506, 40.54045469 ], [ 141.56219883, 40.54045172 ], [ 141.562148880000024, 40.54044953 ], [ 141.56211756, 40.54045611 ], [ 141.5621183, 40.54048303 ], [ 141.562135580000017, 40.54049564 ] ] ], [ [ [ 141.56230148, 40.54051097 ], [ 141.56232148, 40.54051489 ], [ 141.56233764000001, 40.54051408 ], [ 141.562338440000019, 40.5405122 ], [ 141.562338050000022, 40.54049678 ], [ 141.56232542, 40.54049859 ], [ 141.562306740000025, 40.54049564 ], [ 141.56229803, 40.54049847 ], [ 141.56230148, 40.54051097 ] ] ], [ [ [ 141.56245597, 40.5406042 ], [ 141.562470830000024, 40.54061484 ], [ 141.562492170000013, 40.54061208 ], [ 141.562490200000013, 40.54058131 ], [ 141.56246128, 40.54059264 ], [ 141.56245597, 40.5406042 ] ] ], [ [ [ 141.563814450000024, 40.5406992 ], [ 141.563826980000016, 40.54069931 ], [ 141.563838420000025, 40.54068778 ], [ 141.563867890000012, 40.54065051 ], [ 141.563918780000023, 40.54060847 ], [ 141.563931630000013, 40.54058641 ], [ 141.56395336, 40.54056539 ], [ 141.563961170000027, 40.54054425 ], [ 141.563961530000029, 40.54052408 ], [ 141.56395416, 40.54051928 ], [ 141.56394314, 40.54051467 ], [ 141.56392294, 40.54051333 ], [ 141.56384817, 40.54056289 ], [ 141.56382428, 40.54057141 ], [ 141.56381425, 40.54057139 ], [ 141.56376713, 40.54061339 ], [ 141.5637465, 40.54064784 ], [ 141.563737520000018, 40.54065933 ], [ 141.563727200000017, 40.54067472 ], [ 141.563719640000016, 40.54067467 ], [ 141.563704140000027, 40.54070531 ], [ 141.56369387, 40.5407158 ], [ 141.563682280000023, 40.54073497 ], [ 141.563683160000011, 40.54075236 ], [ 141.5636982, 40.54075433 ], [ 141.56371839000002, 40.54074384 ], [ 141.56375406, 40.54071328 ], [ 141.56378042, 40.54070669 ], [ 141.563814450000024, 40.5406992 ] ] ], [ [ [ 141.56353506, 40.54063611 ], [ 141.563525250000026, 40.54062456 ], [ 141.56349051, 40.54061092 ], [ 141.56348416, 40.54061275 ], [ 141.563477760000012, 40.54062136 ], [ 141.56347764, 40.54063097 ], [ 141.5634737, 40.54063867 ], [ 141.563473550000026, 40.54064731 ], [ 141.56348713, 40.54065795 ], [ 141.56351358, 40.54064751 ], [ 141.56353506, 40.54063611 ] ] ], [ [ [ 141.562503060000012, 40.54089689 ], [ 141.56250659, 40.54090839 ], [ 141.56252158, 40.54090847 ], [ 141.562535520000012, 40.54089803 ], [ 141.562518250000011, 40.54088444 ], [ 141.562503060000012, 40.54089689 ] ] ], [ [ [ 141.50630511, 40.54089728 ], [ 141.50625883, 40.54089664 ], [ 141.506206350000014, 40.54090269 ], [ 141.50620484, 40.54090308 ], [ 141.50616725, 40.5409105 ], [ 141.50614292, 40.54092128 ], [ 141.506109690000017, 40.54094011 ], [ 141.506095580000022, 40.54095811 ], [ 141.50609326, 40.54097317 ], [ 141.506095860000016, 40.54098408 ], [ 141.506101020000017, 40.54100653 ], [ 141.506121510000014, 40.54103425 ], [ 141.506130970000015, 40.54106228 ], [ 141.506132050000019, 40.54108811 ], [ 141.50612652, 40.54111408 ], [ 141.506111530000027, 40.54114859 ], [ 141.506097110000013, 40.54115723 ], [ 141.506051860000014, 40.54118947 ], [ 141.50600997, 40.541285 ], [ 141.506001170000019, 40.54132639 ], [ 141.505999780000025, 40.54135169 ], [ 141.50602428, 40.5414298 ], [ 141.50605464, 40.54146772 ], [ 141.506109220000013, 40.54151939 ], [ 141.506200030000031, 40.54156867 ], [ 141.506358830000011, 40.54161905 ], [ 141.506499100000013, 40.54166667 ], [ 141.506544330000025, 40.54168203 ], [ 141.506574550000011, 40.54168086 ], [ 141.50658672, 40.54168086 ], [ 141.506614970000015, 40.54166667 ], [ 141.50674953, 40.54159905 ], [ 141.506787170000024, 40.54156217 ], [ 141.50679464000001, 40.54154375 ], [ 141.50679302, 40.54152197 ], [ 141.506740920000027, 40.54147159 ], [ 141.50659248, 40.54134761 ], [ 141.506531720000027, 40.54127069 ], [ 141.50648847, 40.54114764 ], [ 141.506494030000027, 40.54112395 ], [ 141.506500640000013, 40.54111308 ], [ 141.506503410000022, 40.54109513 ], [ 141.50649983, 40.54108131 ], [ 141.506468610000013, 40.5410505 ], [ 141.50638558, 40.54091777 ], [ 141.506363170000014, 40.5409062 ], [ 141.50633725, 40.54090005 ], [ 141.50630511, 40.54089728 ] ] ], [ [ [ 141.549578690000033, 40.54944331 ], [ 141.54956601, 40.54827422 ], [ 141.549560120000024, 40.54781161 ], [ 141.549559860000016, 40.54753277 ], [ 141.549566230000011, 40.54741033 ], [ 141.549586230000017, 40.54729233 ], [ 141.549619880000023, 40.54718225 ], [ 141.549673110000015, 40.54705917 ], [ 141.549741410000024, 40.54695336 ], [ 141.54978725, 40.54689067 ], [ 141.54984306, 40.54682017 ], [ 141.549911720000011, 40.54675022 ], [ 141.55, 40.54667261 ], [ 141.550009640000013, 40.54666414 ], [ 141.55007326, 40.54661897 ], [ 141.550191250000012, 40.54654531 ], [ 141.550271410000022, 40.54650111 ], [ 141.550387950000015, 40.54644608 ], [ 141.55052409000001, 40.54639203 ], [ 141.550679800000012, 40.5463482 ], [ 141.55082647, 40.54631856 ], [ 141.551485580000019, 40.5462072 ], [ 141.55337659, 40.54588839 ], [ 141.55448647, 40.54570036 ], [ 141.555424360000018, 40.54553978 ], [ 141.55643397, 40.54536992 ], [ 141.556689300000016, 40.54532517 ], [ 141.557926550000019, 40.54511453 ], [ 141.558333330000011, 40.54504664 ], [ 141.559659580000016, 40.54482533 ], [ 141.56035939, 40.54471017 ], [ 141.560335010000017, 40.54461667 ], [ 141.55911031, 40.5448168 ], [ 141.558333330000011, 40.54495408 ], [ 141.55824034, 40.54497053 ], [ 141.558235310000015, 40.5449428 ], [ 141.55724178, 40.54511169 ], [ 141.556428970000013, 40.54524736 ], [ 141.55532489, 40.54543359 ], [ 141.55474322, 40.54553286 ], [ 141.553764160000014, 40.54570072 ], [ 141.553080780000016, 40.54581477 ], [ 141.552745250000015, 40.5458708 ], [ 141.551963700000016, 40.54600311 ], [ 141.55079394, 40.54620211 ], [ 141.550788050000023, 40.54618225 ], [ 141.550622670000024, 40.54621597 ], [ 141.55046, 40.54626184 ], [ 141.55030195, 40.54632017 ], [ 141.55014872000001, 40.54638987 ], [ 141.55001525, 40.546471 ], [ 141.55, 40.54648172 ], [ 141.549883170000015, 40.54656378 ], [ 141.549766300000016, 40.54666456 ], [ 141.549660050000028, 40.5467758 ], [ 141.54958, 40.54688636 ], [ 141.54950489, 40.54700572 ], [ 141.549445580000025, 40.54713497 ], [ 141.54940367, 40.5472658 ], [ 141.549381110000013, 40.54740005 ], [ 141.54937167, 40.54753213 ], [ 141.54936, 40.547535 ], [ 141.54937211, 40.54840628 ], [ 141.54938139, 40.54944264 ], [ 141.549401580000023, 40.54944241 ], [ 141.5494027, 40.54985705 ], [ 141.54957883, 40.54985678 ], [ 141.54958222, 40.54972086 ], [ 141.549578690000033, 40.54944331 ] ] ], [ [ [ 141.53588908, 40.55573411 ], [ 141.53601516, 40.55560772 ], [ 141.53614263, 40.55548753 ], [ 141.53631167, 40.55534672 ], [ 141.53661764, 40.55510169 ], [ 141.53688377, 40.5548868 ], [ 141.537147590000018, 40.55467717 ], [ 141.53778655, 40.55416369 ], [ 141.538093, 40.55392056 ], [ 141.53831358, 40.55374269 ], [ 141.538607219999989, 40.55350539 ], [ 141.53897022000001, 40.55321569 ], [ 141.539192360000015, 40.55303953 ], [ 141.53945097, 40.55282964 ], [ 141.53963667, 40.55268089 ], [ 141.53981674000002, 40.55253605 ], [ 141.540006300000016, 40.55238531 ], [ 141.540248440000028, 40.55219 ], [ 141.54043905, 40.552037 ], [ 141.540628490000017, 40.55188544 ], [ 141.54061647, 40.55187767 ], [ 141.540695160000013, 40.55181405 ], [ 141.540778250000017, 40.55174411 ], [ 141.54086114, 40.55167651 ], [ 141.54087825, 40.55168595 ], [ 141.541179920000019, 40.55144086 ], [ 141.54143703, 40.55123536 ], [ 141.541666670000012, 40.55104978 ], [ 141.541667780000012, 40.55104889 ], [ 141.541754110000028, 40.55098217 ], [ 141.54176511, 40.55097336 ], [ 141.542460800000015, 40.5504162 ], [ 141.54272586, 40.5502042 ], [ 141.54285328, 40.55010561 ], [ 141.542849470000021, 40.55010123 ], [ 141.54297686000001, 40.55001128 ], [ 141.542980050000011, 40.55001233 ], [ 141.543001410000016, 40.55 ], [ 141.543209250000018, 40.54988005 ], [ 141.543408640000024, 40.54977797 ], [ 141.543562890000032, 40.54970541 ], [ 141.543869560000019, 40.549576 ], [ 141.54402611, 40.54951859 ], [ 141.544187560000012, 40.54946689 ], [ 141.54432326, 40.54942697 ], [ 141.5445185, 40.5493802 ], [ 141.54462178, 40.54935353 ], [ 141.54482783, 40.54931244 ], [ 141.544883, 40.54930292 ], [ 141.54515745, 40.54926411 ], [ 141.545222280000019, 40.54925625 ], [ 141.545312890000019, 40.54924851 ], [ 141.54538484, 40.549242 ], [ 141.545560200000011, 40.549234 ], [ 141.54555367, 40.5491192 ], [ 141.54536497, 40.54912847 ], [ 141.54519983, 40.54914364 ], [ 141.54509608, 40.54915597 ], [ 141.544965690000026, 40.54917361 ], [ 141.544732580000016, 40.54921353 ], [ 141.54447611, 40.54926805 ], [ 141.544311610000022, 40.5493085 ], [ 141.544137200000023, 40.54936156 ], [ 141.543952440000027, 40.54941917 ], [ 141.54374064000001, 40.54949864 ], [ 141.543566450000014, 40.54957184 ], [ 141.543479360000021, 40.54960959 ], [ 141.54323058, 40.54973133 ], [ 141.54303250000001, 40.54983667 ], [ 141.54288114000002, 40.54992467 ], [ 141.54277319000002, 40.55 ], [ 141.542745060000016, 40.55001964 ], [ 141.54274983, 40.55002411 ], [ 141.54262075, 40.55012333 ], [ 141.54259944, 40.55010472 ], [ 141.542432390000016, 40.55024095 ], [ 141.542240510000028, 40.55039531 ], [ 141.542022050000014, 40.55057156 ], [ 141.54183189, 40.55072267 ], [ 141.541752050000014, 40.55078684 ], [ 141.541666670000012, 40.55085367 ], [ 141.541552280000019, 40.55094322 ], [ 141.54128922000001, 40.55115611 ], [ 141.541134810000017, 40.55128144 ], [ 141.54074691, 40.55159472 ], [ 141.540727910000015, 40.55158403 ], [ 141.54060966, 40.55167959 ], [ 141.54061302, 40.55168353 ], [ 141.540534920000027, 40.55174561 ], [ 141.54048842, 40.55178156 ], [ 141.540500080000015, 40.55179059 ], [ 141.54042564, 40.55185039 ], [ 141.54036603, 40.55189795 ], [ 141.540271780000012, 40.55197417 ], [ 141.54016372000001, 40.55206003 ], [ 141.53993589000001, 40.55224433 ], [ 141.53978881, 40.55236069 ], [ 141.539719750000017, 40.55241705 ], [ 141.539624190000012, 40.55249228 ], [ 141.539530970000015, 40.55256517 ], [ 141.5394373, 40.55264267 ], [ 141.53936545000002, 40.55270156 ], [ 141.53925805, 40.55278525 ], [ 141.53916202000002, 40.55286184 ], [ 141.539021530000014, 40.55297456 ], [ 141.53888151000001, 40.55308753 ], [ 141.538634450000018, 40.5532862 ], [ 141.53828156, 40.55357013 ], [ 141.53813686, 40.55368775 ], [ 141.537863890000011, 40.55390395 ], [ 141.537578560000014, 40.55413353 ], [ 141.537355940000026, 40.55431205 ], [ 141.53714964, 40.55447723 ], [ 141.53708008000001, 40.55453311 ], [ 141.53687739, 40.55469503 ], [ 141.536758970000022, 40.55478761 ], [ 141.536531950000011, 40.55496964 ], [ 141.536454670000012, 40.55503233 ], [ 141.536305840000011, 40.55514997 ], [ 141.536242500000014, 40.55520233 ], [ 141.53617105, 40.55525859 ], [ 141.53615803, 40.55526613 ], [ 141.536036720000027, 40.55536441 ], [ 141.535967170000021, 40.55543123 ], [ 141.53590294, 40.5554878 ], [ 141.535770730000024, 40.55561444 ], [ 141.53569866, 40.5556915 ], [ 141.53557711, 40.55583384 ], [ 141.53550567000002, 40.55592297 ], [ 141.5354362, 40.55600967 ], [ 141.5354092, 40.55604864 ], [ 141.535398340000029, 40.55606025 ], [ 141.53534486, 40.55613972 ], [ 141.535272240000012, 40.556264 ], [ 141.535213990000017, 40.55636261 ], [ 141.535177780000026, 40.55643425 ], [ 141.53515109, 40.55648964 ], [ 141.53511481000001, 40.55655389 ], [ 141.53508341, 40.55662513 ], [ 141.535060250000015, 40.55667851 ], [ 141.535034250000024, 40.55675439 ], [ 141.53501158, 40.5568112 ], [ 141.53499575, 40.55685731 ], [ 141.534954030000023, 40.55698923 ], [ 141.534940700000021, 40.55703433 ], [ 141.53492467, 40.55709451 ], [ 141.53491514000001, 40.55713159 ], [ 141.534898640000023, 40.5572032 ], [ 141.534886740000019, 40.55727431 ], [ 141.53487365, 40.55734211 ], [ 141.53486078, 40.55743389 ], [ 141.53485167, 40.55750933 ], [ 141.534845500000017, 40.55757536 ], [ 141.534841530000023, 40.5576488 ], [ 141.5348385, 40.55770869 ], [ 141.53483739, 40.55779311 ], [ 141.53483791, 40.55785541 ], [ 141.534837780000032, 40.55788884 ], [ 141.53483859, 40.55798753 ], [ 141.53484341, 40.55833333 ], [ 141.534847500000012, 40.558627 ], [ 141.53485914, 40.55978756 ], [ 141.53487425000003, 40.56109859 ], [ 141.534870700000027, 40.56109833 ], [ 141.53486852, 40.56124008 ], [ 141.53488092, 40.56123992 ], [ 141.534880890000011, 40.56164539 ], [ 141.53487594, 40.56164587 ], [ 141.534877, 40.56178013 ], [ 141.53488314, 40.56178 ], [ 141.534887200000014, 40.56219184 ], [ 141.534883190000016, 40.56219303 ], [ 141.534882940000017, 40.56232633 ], [ 141.53488672, 40.56232728 ], [ 141.534892550000023, 40.56273775 ], [ 141.534851920000023, 40.56273772 ], [ 141.534850510000012, 40.56287256 ], [ 141.53489231, 40.56287347 ], [ 141.534910420000017, 40.56465261 ], [ 141.534922, 40.56465308 ], [ 141.53492839, 40.56528897 ], [ 141.53509997, 40.56528792 ], [ 141.53509698000002, 40.56499967 ], [ 141.53509492, 40.5647238 ], [ 141.535091850000015, 40.56449995 ], [ 141.535089250000027, 40.56422761 ], [ 141.53508614, 40.56395205 ], [ 141.535085360000011, 40.56378751 ], [ 141.53508341, 40.56355613 ], [ 141.535079920000015, 40.56329967 ], [ 141.535075330000012, 40.563007 ], [ 141.535077980000011, 40.56287711 ], [ 141.535035470000025, 40.562878 ], [ 141.53503423, 40.56273564 ], [ 141.535075300000017, 40.56273439 ], [ 141.53507224, 40.56244044 ], [ 141.535068560000013, 40.56217731 ], [ 141.535067060000017, 40.56193389 ], [ 141.53506747, 40.56178113 ], [ 141.535060390000012, 40.56178084 ], [ 141.53505956, 40.56164484 ], [ 141.535066520000015, 40.5616448 ], [ 141.535063770000022, 40.56141505 ], [ 141.535063550000018, 40.56123639 ], [ 141.535059780000012, 40.56123578 ], [ 141.535058220000025, 40.56109908 ], [ 141.53505783, 40.56098192 ], [ 141.53505555000001, 40.56083189 ], [ 141.535055250000028, 40.56062105 ], [ 141.535048890000013, 40.56038459 ], [ 141.53504983, 40.56020472 ], [ 141.535046980000033, 40.55994231 ], [ 141.535043060000021, 40.55970359 ], [ 141.53504139, 40.55950961 ], [ 141.53503988, 40.55926339 ], [ 141.53503722, 40.55900744 ], [ 141.53503078, 40.55872984 ], [ 141.53502953, 40.55847514 ], [ 141.535027250000013, 40.55833333 ], [ 141.535023450000011, 40.55809656 ], [ 141.53502236, 40.55774405 ], [ 141.535025620000027, 40.55764669 ], [ 141.53504003, 40.55747784 ], [ 141.53506542, 40.55730792 ], [ 141.53510222, 40.55713631 ], [ 141.53515995, 40.55693178 ], [ 141.535227660000032, 40.55674495 ], [ 141.53528358, 40.55661484 ], [ 141.53533411, 40.5565132 ], [ 141.53538180000001, 40.55642105 ], [ 141.535466300000024, 40.55628175 ], [ 141.535532140000015, 40.55617444 ], [ 141.5356318, 40.55604008 ], [ 141.53572248, 40.55592561 ], [ 141.53579861, 40.55583328 ], [ 141.53588908, 40.55573411 ] ] ], [ [ [ 141.4821662, 40.58380511 ], [ 141.48203881, 40.58387264 ], [ 141.48186908, 40.58396013 ], [ 141.48179128000001, 40.584002 ], [ 141.4817083, 40.58404489 ], [ 141.4816183, 40.584096 ], [ 141.481573310000016, 40.58412175 ], [ 141.481524620000016, 40.584155 ], [ 141.481497030000014, 40.58417325 ], [ 141.48142997, 40.58421623 ], [ 141.481301730000013, 40.5843168 ], [ 141.48118872, 40.58442003 ], [ 141.48114078, 40.58447 ], [ 141.481096470000011, 40.5845172 ], [ 141.48106494000001, 40.58455556 ], [ 141.48100961, 40.58462386 ], [ 141.48099234, 40.58464592 ], [ 141.48091039000002, 40.58477095 ], [ 141.480838690000013, 40.58489608 ], [ 141.48082567, 40.58489192 ], [ 141.48075136, 40.5850148 ], [ 141.48075445, 40.58501625 ], [ 141.480682170000023, 40.58514092 ], [ 141.480687280000012, 40.58514305 ], [ 141.480500050000018, 40.58545103 ], [ 141.47975195, 40.58667772 ], [ 141.47940964, 40.58723475 ], [ 141.479258890000011, 40.58748011 ], [ 141.4793128, 40.58749836 ], [ 141.479364620000013, 40.58751584 ], [ 141.479494530000011, 40.58730544 ], [ 141.47954253, 40.58722203 ], [ 141.4796627, 40.5870272 ], [ 141.479807250000022, 40.58679133 ], [ 141.479885520000011, 40.58666308 ], [ 141.47999769, 40.58648623 ], [ 141.480094090000023, 40.58632492 ], [ 141.480143020000014, 40.58624486 ], [ 141.480200250000024, 40.58615223 ], [ 141.48026156, 40.58605244 ], [ 141.480318300000022, 40.5859582 ], [ 141.48038895000002, 40.58583703 ], [ 141.48049075, 40.58567461 ], [ 141.480562920000011, 40.58555075 ], [ 141.48063525, 40.58543325 ], [ 141.48071234, 40.58530467 ], [ 141.480788640000014, 40.58517987 ], [ 141.48078472, 40.58517844 ], [ 141.48083528, 40.58509197 ], [ 141.480857200000031, 40.58504908 ], [ 141.480928910000017, 40.58492897 ], [ 141.480938760000015, 40.58493225 ], [ 141.48101222, 40.58480928 ], [ 141.481090530000017, 40.58469887 ], [ 141.48118158, 40.5845848 ], [ 141.48126564, 40.58449597 ], [ 141.48135027, 40.58441508 ], [ 141.481476640000011, 40.58431259 ], [ 141.48154820000002, 40.58426031 ], [ 141.4817645, 40.58412913 ], [ 141.48197289, 40.58402 ], [ 141.48229236, 40.58385311 ], [ 141.482516840000017, 40.58373531 ], [ 141.482510140000016, 40.58372805 ], [ 141.482447470000011, 40.58365897 ], [ 141.48234358, 40.58371414 ], [ 141.48230691, 40.58373361 ], [ 141.48227927, 40.58374603 ], [ 141.4821662, 40.58380511 ] ] ], [ [ [ 141.463533360000014, 40.60413277 ], [ 141.463465250000013, 40.60415333 ], [ 141.463562240000016, 40.60434011 ], [ 141.46376769, 40.60471356 ], [ 141.464172530000013, 40.60539311 ], [ 141.464589580000023, 40.606039 ], [ 141.464655280000017, 40.60601433 ], [ 141.46423883, 40.60536925 ], [ 141.46383484, 40.60469123 ], [ 141.46363012, 40.60431903 ], [ 141.463533360000014, 40.60413277 ] ] ], [ [ [ 141.580317300000019, 40.53549486 ], [ 141.580329140000032, 40.53548487 ], [ 141.580327250000011, 40.53546525 ], [ 141.58028920000001, 40.53544875 ], [ 141.580260580000015, 40.53544587 ], [ 141.58023350000002, 40.53545197 ], [ 141.58023581, 40.53546736 ], [ 141.58028558, 40.53549595 ], [ 141.580296620000013, 40.53550022 ], [ 141.580317300000019, 40.53549486 ] ] ], [ [ [ 141.580111890000012, 40.53626764 ], [ 141.58005399000001, 40.53626469 ], [ 141.58000927, 40.53629641 ], [ 141.58002891000001, 40.53634447 ], [ 141.580084090000014, 40.53634708 ], [ 141.580135010000021, 40.53634 ], [ 141.58014674, 40.5362922 ], [ 141.580111890000012, 40.53626764 ] ] ], [ [ [ 141.579965360000017, 40.53644636 ], [ 141.58006219, 40.53645828 ], [ 141.58010575, 40.53643753 ], [ 141.580125330000016, 40.53639372 ], [ 141.580119470000028, 40.53637559 ], [ 141.58008883, 40.53635956 ], [ 141.58006655, 40.53635295 ], [ 141.580008890000016, 40.53634803 ], [ 141.579983020000014, 40.53636692 ], [ 141.579965360000017, 40.53644636 ] ] ], [ [ [ 141.58006519, 40.53661314 ], [ 141.580100360000017, 40.53662311 ], [ 141.58013772000001, 40.53662656 ], [ 141.58016224, 40.53657144 ], [ 141.580135940000019, 40.53655369 ], [ 141.580108880000012, 40.53654072 ], [ 141.580049590000016, 40.53654661 ], [ 141.580018860000024, 40.53657464 ], [ 141.580040700000012, 40.53659522 ], [ 141.58006519, 40.53661314 ] ] ], [ [ [ 141.580051780000019, 40.53665944 ], [ 141.580004230000014, 40.536672 ], [ 141.579996200000011, 40.53670159 ], [ 141.580033110000016, 40.53674295 ], [ 141.58007355, 40.53674828 ], [ 141.58009698, 40.53672139 ], [ 141.580119170000017, 40.53668997 ], [ 141.580098860000021, 40.5366585 ], [ 141.580051780000019, 40.53665944 ] ] ], [ [ [ 141.577391280000029, 40.54140375 ], [ 141.57738097, 40.54141084 ], [ 141.577373, 40.54142747 ], [ 141.57737272, 40.54144395 ], [ 141.577379200000024, 40.54146317 ], [ 141.577386140000016, 40.54147231 ], [ 141.577391, 40.54147472 ], [ 141.577395720000027, 40.54147459 ], [ 141.57740616000001, 40.54146947 ], [ 141.577455860000015, 40.54142711 ], [ 141.57745914000003, 40.54142267 ], [ 141.577460120000012, 40.54141656 ], [ 141.577452390000019, 40.54141003 ], [ 141.57742939, 40.54140341 ], [ 141.577403160000017, 40.54140151 ], [ 141.577391280000029, 40.54140375 ] ] ], [ [ [ 141.580087420000012, 40.54138978 ], [ 141.580073890000023, 40.5413822 ], [ 141.58005897000001, 40.54137789 ], [ 141.58004384, 40.54137664 ], [ 141.58002969, 40.5413788 ], [ 141.580022190000022, 40.54138244 ], [ 141.58001224, 40.54139108 ], [ 141.58000633, 40.54140003 ], [ 141.58000214, 40.54141672 ], [ 141.58000406, 40.54143939 ], [ 141.58001128, 40.54146259 ], [ 141.58002005000003, 40.54147811 ], [ 141.580028780000021, 40.54148751 ], [ 141.580044230000027, 40.54149695 ], [ 141.58006781, 40.54150356 ], [ 141.58007711, 40.54150261 ], [ 141.58007956, 40.54149953 ], [ 141.580078970000017, 40.54148933 ], [ 141.58006703, 40.54145503 ], [ 141.580065580000024, 40.54144314 ], [ 141.580067300000024, 40.54143872 ], [ 141.58007047000001, 40.54143628 ], [ 141.58010031, 40.54143347 ], [ 141.580106280000024, 40.54142964 ], [ 141.58010711, 40.54141944 ], [ 141.58009783, 40.54140053 ], [ 141.580087420000012, 40.54138978 ] ] ], [ [ [ 141.57936652, 40.54154311 ], [ 141.57937261, 40.54153705 ], [ 141.579372310000025, 40.54153192 ], [ 141.5793693, 40.54152636 ], [ 141.57936036000001, 40.54151859 ], [ 141.57935394, 40.54151592 ], [ 141.579339780000026, 40.54151439 ], [ 141.57931678, 40.54151723 ], [ 141.579291720000015, 40.54152551 ], [ 141.579280950000026, 40.54153295 ], [ 141.579279580000019, 40.54153611 ], [ 141.57928114, 40.54154044 ], [ 141.579291860000012, 40.54154892 ], [ 141.57930883, 40.54155575 ], [ 141.579316280000029, 40.54155651 ], [ 141.579330560000017, 40.54155517 ], [ 141.57935219, 40.54154905 ], [ 141.57936652, 40.54154311 ] ] ], [ [ [ 141.576654470000022, 40.54157223 ], [ 141.576656520000029, 40.54155536 ], [ 141.57665394, 40.54154403 ], [ 141.57664442, 40.54152769 ], [ 141.576629420000017, 40.54151511 ], [ 141.576610950000031, 40.54151044 ], [ 141.57658995, 40.54151078 ], [ 141.57653475, 40.54151689 ], [ 141.576455010000018, 40.54152172 ], [ 141.576443220000016, 40.54152395 ], [ 141.576439220000026, 40.54152561 ], [ 141.576436910000012, 40.54152878 ], [ 141.57644528000003, 40.5415388 ], [ 141.57648217000002, 40.54156486 ], [ 141.57651066, 40.54159125 ], [ 141.576525670000024, 40.54160151 ], [ 141.57653883, 40.54160764 ], [ 141.57656075, 40.54161489 ], [ 141.57658333, 40.54161913 ], [ 141.576597860000021, 40.54161959 ], [ 141.57661436, 40.54161589 ], [ 141.576631360000022, 40.54160513 ], [ 141.576644890000011, 40.54159056 ], [ 141.576654470000022, 40.54157223 ] ] ], [ [ [ 141.578858490000016, 40.54168628 ], [ 141.578843410000019, 40.54169986 ], [ 141.578821730000016, 40.54172414 ], [ 141.57881027000002, 40.54174503 ], [ 141.57880839, 40.5417562 ], [ 141.57881014000003, 40.54176592 ], [ 141.57881642000001, 40.54177795 ], [ 141.57883064, 40.54179289 ], [ 141.578840950000028, 40.54179753 ], [ 141.57884908, 40.5417962 ], [ 141.57885859000001, 40.54178984 ], [ 141.57886756, 40.54177997 ], [ 141.57890341, 40.54172389 ], [ 141.578911440000013, 40.5417142 ], [ 141.57891988, 40.54170911 ], [ 141.5789245, 40.54170925 ], [ 141.578931630000028, 40.54171328 ], [ 141.57895703, 40.54173759 ], [ 141.578961920000012, 40.54174028 ], [ 141.578969810000018, 40.54174003 ], [ 141.57898258, 40.54172978 ], [ 141.579018170000012, 40.5416828 ], [ 141.57903747, 40.54166667 ], [ 141.579060390000024, 40.54164751 ], [ 141.57906703, 40.54163853 ], [ 141.579069050000015, 40.54162836 ], [ 141.57906442, 40.54161659 ], [ 141.579055010000019, 40.54160708 ], [ 141.57904905, 40.54160425 ], [ 141.57903997, 40.5416035 ], [ 141.57903289, 40.54160472 ], [ 141.579007170000011, 40.54161613 ], [ 141.578967590000019, 40.54164395 ], [ 141.57895034, 40.54165333 ], [ 141.578937390000021, 40.54165703 ], [ 141.57891283, 40.541659 ], [ 141.57890294, 40.54166103 ], [ 141.57889053, 40.54166667 ], [ 141.578877330000012, 40.54167264 ], [ 141.578858490000016, 40.54168628 ] ] ], [ [ [ 141.57913292, 40.54177913 ], [ 141.57908039000003, 40.54185297 ], [ 141.57906058, 40.54187741 ], [ 141.579040830000025, 40.54189584 ], [ 141.578994470000026, 40.54193053 ], [ 141.578985940000024, 40.54193913 ], [ 141.57898097, 40.54194764 ], [ 141.57898058, 40.54195405 ], [ 141.578984920000011, 40.54196275 ], [ 141.578993060000016, 40.54197144 ], [ 141.579010050000022, 40.54198411 ], [ 141.579044030000034, 40.54200244 ], [ 141.579098910000027, 40.5420228 ], [ 141.57911092, 40.5420302 ], [ 141.57914263, 40.54205928 ], [ 141.579147520000021, 40.54206175 ], [ 141.57915519, 40.54206197 ], [ 141.57916423, 40.5420558 ], [ 141.57918394, 40.54203531 ], [ 141.57919611, 40.54202705 ], [ 141.579207670000017, 40.54202364 ], [ 141.57922944, 40.5420198 ], [ 141.57924083, 40.54201414 ], [ 141.579248760000013, 40.54200472 ], [ 141.579262340000014, 40.54198311 ], [ 141.579271700000021, 40.54197503 ], [ 141.57928759, 40.54197069 ], [ 141.57932577, 40.54196711 ], [ 141.579336830000017, 40.54196256 ], [ 141.57934803, 40.54194905 ], [ 141.57935519, 40.54192522 ], [ 141.579356390000015, 40.54190513 ], [ 141.57935353000002, 40.54186031 ], [ 141.579355280000016, 40.54184751 ], [ 141.57936042, 40.54183208 ], [ 141.579371970000011, 40.54181092 ], [ 141.57938536, 40.54179292 ], [ 141.579407420000024, 40.5417692 ], [ 141.57942895, 40.54175167 ], [ 141.57943742, 40.54174864 ], [ 141.579441440000011, 40.54175005 ], [ 141.57944470000001, 40.54175777 ], [ 141.579449110000013, 40.54178297 ], [ 141.57945387, 40.54179528 ], [ 141.579464360000031, 40.5418062 ], [ 141.57947662, 40.54181269 ], [ 141.5794985, 40.54181895 ], [ 141.57951942, 40.54181997 ], [ 141.579528, 40.54181605 ], [ 141.57953151000001, 40.54181233 ], [ 141.57953795, 40.54179717 ], [ 141.579545670000016, 40.54175911 ], [ 141.579554670000022, 40.54174167 ], [ 141.579563920000027, 40.54173367 ], [ 141.57960739, 40.54171484 ], [ 141.57961581, 40.54170803 ], [ 141.579616940000022, 40.54170389 ], [ 141.579614030000016, 40.54169714 ], [ 141.57960377, 40.54168775 ], [ 141.57959711, 40.54168411 ], [ 141.579588590000014, 40.54168136 ], [ 141.57957380000002, 40.54167995 ], [ 141.579543160000014, 40.54168375 ], [ 141.579516330000018, 40.54169039 ], [ 141.57941630000002, 40.54172005 ], [ 141.579375770000013, 40.54172841 ], [ 141.579363160000014, 40.54172887 ], [ 141.579354380000012, 40.54172639 ], [ 141.57935214, 40.54172369 ], [ 141.579351800000012, 40.54171667 ], [ 141.57935606, 40.54170567 ], [ 141.579369340000028, 40.54168884 ], [ 141.57937927, 40.54168172 ], [ 141.57939292, 40.54167661 ], [ 141.579419340000015, 40.54167311 ], [ 141.579483090000025, 40.54167341 ], [ 141.579499950000013, 40.54167177 ], [ 141.57951394, 40.54166797 ], [ 141.57951553, 40.54166667 ], [ 141.57952214, 40.54166108 ], [ 141.5795209, 40.54163372 ], [ 141.579522500000024, 40.54162939 ], [ 141.57952997000001, 40.54162169 ], [ 141.579541700000021, 40.54161611 ], [ 141.579556060000016, 40.54161177 ], [ 141.579636300000033, 40.54159767 ], [ 141.579663580000016, 40.54158956 ], [ 141.57967438, 40.54158292 ], [ 141.57967986, 40.54157739 ], [ 141.57968589, 40.541567 ], [ 141.579688370000014, 40.5415552 ], [ 141.579686940000016, 40.54154339 ], [ 141.579681830000027, 40.54153172 ], [ 141.57967348, 40.54152186 ], [ 141.57966822000003, 40.54151803 ], [ 141.579659580000026, 40.54151467 ], [ 141.579644810000019, 40.54151359 ], [ 141.57962267000002, 40.54151833 ], [ 141.579603890000016, 40.54152717 ], [ 141.579558110000022, 40.54155269 ], [ 141.5794318, 40.54160495 ], [ 141.579399490000014, 40.541621 ], [ 141.579327690000014, 40.54166108 ], [ 141.579316810000023, 40.54166667 ], [ 141.579204090000019, 40.54172439 ], [ 141.57917501, 40.54174141 ], [ 141.579159080000011, 40.54175259 ], [ 141.57914494000002, 40.54176547 ], [ 141.57913292, 40.54177913 ] ] ], [ [ [ 141.565270340000012, 40.54201903 ], [ 141.56531053, 40.54203344 ], [ 141.56532597, 40.54200967 ], [ 141.565270030000022, 40.5419902 ], [ 141.56508542, 40.54192589 ], [ 141.565070050000031, 40.54194689 ], [ 141.565270340000012, 40.54201903 ] ] ], [ [ [ 141.57979278000002, 40.54198667 ], [ 141.57972056, 40.54205139 ], [ 141.579785010000023, 40.54215917 ], [ 141.579834450000021, 40.54219 ], [ 141.57995195, 40.54214389 ], [ 141.580012780000033, 40.54211611 ], [ 141.58002416, 40.54204223 ], [ 141.579955840000025, 40.54199 ], [ 141.57979278000002, 40.54198667 ] ] ], [ [ [ 141.56528791, 40.54210303 ], [ 141.56532109, 40.54211417 ], [ 141.565341250000017, 40.54207908 ], [ 141.5653082, 40.54206814 ], [ 141.56528791, 40.54210303 ] ] ], [ [ [ 141.57207083000003, 40.54233722 ], [ 141.57198, 40.54233111 ], [ 141.57191555, 40.54238056 ], [ 141.571934450000015, 40.54243278 ], [ 141.57200278000002, 40.54243889 ], [ 141.57207861, 40.54239889 ], [ 141.57207083000003, 40.54233722 ] ] ], [ [ [ 141.57191167000002, 40.54261139 ], [ 141.571945840000012, 40.54255584 ], [ 141.57184722, 40.54250972 ], [ 141.57176, 40.542525 ], [ 141.57179027, 40.54259889 ], [ 141.57191167000002, 40.54261139 ] ] ], [ [ [ 141.57153112, 40.54261339 ], [ 141.57153872, 40.54263128 ], [ 141.571544940000024, 40.54263825 ], [ 141.57155623, 40.54264414 ], [ 141.57158486, 40.54265041 ], [ 141.57160178, 40.54265267 ], [ 141.571609560000013, 40.54265072 ], [ 141.571616060000025, 40.54263203 ], [ 141.571629250000029, 40.54261789 ], [ 141.57163377, 40.54261013 ], [ 141.57163384, 40.54260472 ], [ 141.571628270000019, 40.54259359 ], [ 141.571620270000011, 40.54258661 ], [ 141.571613650000018, 40.54258361 ], [ 141.571598280000018, 40.54258064 ], [ 141.57156464000002, 40.54258103 ], [ 141.571542240000014, 40.54258559 ], [ 141.571533110000018, 40.54259131 ], [ 141.57152966000001, 40.54260133 ], [ 141.57153112, 40.54261339 ] ] ], [ [ [ 141.57149486, 40.54267947 ], [ 141.571482190000012, 40.54266441 ], [ 141.571471480000014, 40.54265647 ], [ 141.571458780000029, 40.54265097 ], [ 141.571436810000023, 40.54264814 ], [ 141.57142148, 40.5426495 ], [ 141.57140464, 40.54265436 ], [ 141.571382340000014, 40.54266469 ], [ 141.57135406, 40.54268172 ], [ 141.571329470000023, 40.54269961 ], [ 141.57131322, 40.54271603 ], [ 141.57131161, 40.54271953 ], [ 141.5713125, 40.54272451 ], [ 141.57132058000002, 40.54272851 ], [ 141.57140311, 40.54274003 ], [ 141.57141662, 40.54274472 ], [ 141.57142472000001, 40.54275214 ], [ 141.571426860000031, 40.54277556 ], [ 141.57142905, 40.54278047 ], [ 141.571437170000024, 40.5427888 ], [ 141.571463990000012, 40.54280197 ], [ 141.57152156, 40.54282033 ], [ 141.57153506, 40.54282275 ], [ 141.571539780000023, 40.54282284 ], [ 141.57154306000001, 40.54282084 ], [ 141.571525620000017, 40.54278987 ], [ 141.57152575, 40.54277087 ], [ 141.57152258, 40.54276141 ], [ 141.571515450000021, 40.54275814 ], [ 141.571491800000018, 40.54275361 ], [ 141.571487280000014, 40.54275147 ], [ 141.571485940000031, 40.54274789 ], [ 141.57148756, 40.54274328 ], [ 141.57150217, 40.54272095 ], [ 141.571504230000016, 40.54271469 ], [ 141.57150445000002, 40.54270244 ], [ 141.57150103, 40.54269069 ], [ 141.57149486, 40.54267947 ] ] ], [ [ [ 141.57038105, 40.54277905 ], [ 141.570371970000025, 40.542791 ], [ 141.570363330000021, 40.54281078 ], [ 141.57036022, 40.54282856 ], [ 141.57036075, 40.54283314 ], [ 141.570364, 40.54283833 ], [ 141.57037202, 40.54283856 ], [ 141.570389660000018, 40.54283105 ], [ 141.570423160000018, 40.54280753 ], [ 141.570435550000013, 40.54279528 ], [ 141.570443800000021, 40.54278372 ], [ 141.570446280000027, 40.54277369 ], [ 141.570440780000013, 40.54276778 ], [ 141.570427060000014, 40.5427648 ], [ 141.57040973, 40.54276556 ], [ 141.57039372, 40.54277005 ], [ 141.57038105, 40.54277905 ] ] ], [ [ [ 141.5742883, 40.54281153 ], [ 141.574295300000017, 40.54280223 ], [ 141.574296300000015, 40.54279797 ], [ 141.574292580000019, 40.54279205 ], [ 141.57428747, 40.54278967 ], [ 141.574273160000018, 40.54278651 ], [ 141.574246940000023, 40.54278603 ], [ 141.57422964, 40.54278931 ], [ 141.574222, 40.54279233 ], [ 141.57420969, 40.54280195 ], [ 141.574199490000012, 40.54281959 ], [ 141.574198490000015, 40.54282517 ], [ 141.57420109, 40.54283308 ], [ 141.57420536, 40.54283595 ], [ 141.5742185, 40.54283847 ], [ 141.574235140000013, 40.54283756 ], [ 141.574250560000024, 40.54283403 ], [ 141.57426161, 40.54283097 ], [ 141.574269690000023, 40.54282553 ], [ 141.5742883, 40.54281153 ] ] ], [ [ [ 141.57444056, 40.54282856 ], [ 141.574413640000017, 40.5428165 ], [ 141.574399660000012, 40.54281353 ], [ 141.574385380000024, 40.54281369 ], [ 141.574372090000026, 40.54281775 ], [ 141.57435988, 40.54282467 ], [ 141.574349, 40.54283375 ], [ 141.57434014, 40.54284417 ], [ 141.57433278000002, 40.54286177 ], [ 141.57433545, 40.54287913 ], [ 141.574341510000011, 40.54289053 ], [ 141.57434975000001, 40.54290139 ], [ 141.574365250000028, 40.54291605 ], [ 141.57437717000002, 40.54292408 ], [ 141.574390200000011, 40.54292995 ], [ 141.574402280000015, 40.54293267 ], [ 141.574424690000029, 40.54293117 ], [ 141.57443975000001, 40.54292675 ], [ 141.574453870000013, 40.54292053 ], [ 141.574466390000026, 40.54291277 ], [ 141.57447597, 40.54290372 ], [ 141.574480050000034, 40.54289767 ], [ 141.574482750000016, 40.54288692 ], [ 141.57447975, 40.54286992 ], [ 141.574473940000019, 40.54285869 ], [ 141.574463770000023, 40.54284617 ], [ 141.57444056, 40.54282856 ] ] ], [ [ [ 141.567922940000017, 40.54295305 ], [ 141.567943750000012, 40.542945 ], [ 141.56797319, 40.54292741 ], [ 141.567984670000016, 40.54291861 ], [ 141.56799283, 40.54290947 ], [ 141.56799533, 40.54290289 ], [ 141.567994940000034, 40.54289811 ], [ 141.567981090000018, 40.54287189 ], [ 141.567978610000011, 40.54286292 ], [ 141.56798297, 40.54282795 ], [ 141.567981050000014, 40.54282723 ], [ 141.56797355, 40.54283097 ], [ 141.567956910000021, 40.54284414 ], [ 141.567904890000023, 40.54289059 ], [ 141.567887860000013, 40.54290923 ], [ 141.567882780000019, 40.5429188 ], [ 141.56788219, 40.54293061 ], [ 141.5678845, 40.54293608 ], [ 141.567892630000017, 40.54294639 ], [ 141.567903450000017, 40.54295308 ], [ 141.56790973, 40.54295439 ], [ 141.567922940000017, 40.54295305 ] ] ], [ [ [ 141.567727890000015, 40.54298311 ], [ 141.56774042, 40.54299628 ], [ 141.567746350000021, 40.543 ], [ 141.567755620000014, 40.54300267 ], [ 141.567760920000012, 40.54300164 ], [ 141.567765580000014, 40.5429988 ], [ 141.567797860000013, 40.542958 ], [ 141.56784008, 40.54292286 ], [ 141.567893700000013, 40.54286931 ], [ 141.567912050000018, 40.54285503 ], [ 141.567943390000011, 40.54283647 ], [ 141.56795416, 40.54282856 ], [ 141.567961500000024, 40.5428195 ], [ 141.56796319, 40.54281375 ], [ 141.56796302, 40.54280789 ], [ 141.56795864, 40.54279584 ], [ 141.567950610000025, 40.54278544 ], [ 141.56794348, 40.54278072 ], [ 141.56793803, 40.54277941 ], [ 141.56792662, 40.542781 ], [ 141.56790842, 40.54279003 ], [ 141.567817860000019, 40.54285492 ], [ 141.567781530000019, 40.54289044 ], [ 141.56773711, 40.5429102 ], [ 141.567725810000013, 40.54292369 ], [ 141.567719690000018, 40.54294669 ], [ 141.567720730000019, 40.54296514 ], [ 141.567727890000015, 40.54298311 ] ] ], [ [ [ 141.57127927, 40.54286961 ], [ 141.571251410000031, 40.54287059 ], [ 141.57121737, 40.54287523 ], [ 141.571179780000023, 40.54288311 ], [ 141.571150950000032, 40.54289205 ], [ 141.57114711, 40.54289595 ], [ 141.57115042, 40.5428978 ], [ 141.5712, 40.54290659 ], [ 141.571214450000014, 40.54291136 ], [ 141.571219580000019, 40.5429162 ], [ 141.571219610000014, 40.5429205 ], [ 141.57120151, 40.54294784 ], [ 141.57118745, 40.5429898 ], [ 141.571180950000013, 40.54300028 ], [ 141.57117195, 40.54300925 ], [ 141.57115339, 40.54301703 ], [ 141.57109822000001, 40.54302467 ], [ 141.57108847, 40.54302817 ], [ 141.57108589, 40.54303125 ], [ 141.571085970000013, 40.54303808 ], [ 141.57109345, 40.54305084 ], [ 141.57112161, 40.54308044 ], [ 141.57115772, 40.54311059 ], [ 141.57118922, 40.54313011 ], [ 141.57120416, 40.5431365 ], [ 141.571218030000011, 40.54314008 ], [ 141.57122759, 40.54313995 ], [ 141.57123205000002, 40.54313811 ], [ 141.57123859, 40.54313087 ], [ 141.571242940000019, 40.54312047 ], [ 141.571256940000012, 40.54306339 ], [ 141.5712665, 40.5430498 ], [ 141.57127706, 40.54304433 ], [ 141.57129025, 40.54304147 ], [ 141.57134428, 40.54303797 ], [ 141.571367370000019, 40.54303439 ], [ 141.57138477, 40.54302736 ], [ 141.571395530000018, 40.54301872 ], [ 141.571400860000011, 40.54300905 ], [ 141.571400800000021, 40.54300375 ], [ 141.57138752, 40.54297653 ], [ 141.57138516, 40.54296792 ], [ 141.571385720000023, 40.54296277 ], [ 141.57139114, 40.54295275 ], [ 141.571407420000014, 40.54293931 ], [ 141.57142128000001, 40.54293256 ], [ 141.57145394, 40.5429202 ], [ 141.571464530000014, 40.54291428 ], [ 141.57146623, 40.54290903 ], [ 141.571463110000025, 40.54290544 ], [ 141.57144331, 40.54289559 ], [ 141.571420780000011, 40.54288877 ], [ 141.571399140000011, 40.54288469 ], [ 141.57130042, 40.54287108 ], [ 141.57127927, 40.54286961 ] ] ], [ [ [ 141.57515805, 40.54307917 ], [ 141.575215010000022, 40.54304528 ], [ 141.575215010000022, 40.54298056 ], [ 141.575154450000014, 40.54296222 ], [ 141.57507861000002, 40.54300833 ], [ 141.57507861000002, 40.54306361 ], [ 141.57515805, 40.54307917 ] ] ], [ [ [ 141.569835250000011, 40.54312056 ], [ 141.56985769, 40.54312147 ], [ 141.569874670000019, 40.54311831 ], [ 141.569886640000021, 40.54311328 ], [ 141.56990294000002, 40.543103 ], [ 141.56993781, 40.54307277 ], [ 141.56996236, 40.54305111 ], [ 141.56998601, 40.54303331 ], [ 141.57001134, 40.54301803 ], [ 141.57003083, 40.54301005 ], [ 141.570043920000018, 40.54300772 ], [ 141.570054770000013, 40.54300836 ], [ 141.57008134, 40.54301856 ], [ 141.570094720000014, 40.54302208 ], [ 141.570109, 40.543021 ], [ 141.570123110000026, 40.54301613 ], [ 141.570141170000028, 40.54300459 ], [ 141.570158780000014, 40.54298484 ], [ 141.57019377, 40.54295714 ], [ 141.570200170000021, 40.5429488 ], [ 141.570198980000015, 40.54294659 ], [ 141.570190920000016, 40.54294375 ], [ 141.57016927, 40.54294244 ], [ 141.570141800000016, 40.54294361 ], [ 141.570105470000016, 40.54294761 ], [ 141.570058030000013, 40.54295836 ], [ 141.56997745000001, 40.54298411 ], [ 141.569944360000022, 40.54299278 ], [ 141.56991678, 40.54299647 ], [ 141.569865420000014, 40.54299641 ], [ 141.569843750000018, 40.54300044 ], [ 141.56982339000001, 40.54300777 ], [ 141.56980861, 40.54301669 ], [ 141.569793890000028, 40.54303075 ], [ 141.5697825, 40.54304675 ], [ 141.569775250000021, 40.54306347 ], [ 141.569773840000011, 40.54307456 ], [ 141.569777390000013, 40.54308751 ], [ 141.569784940000034, 40.5430972 ], [ 141.569801500000011, 40.5431095 ], [ 141.56982034, 40.54311739 ], [ 141.569835250000011, 40.54312056 ] ] ], [ [ [ 141.56789064, 40.54300028 ], [ 141.567885160000031, 40.54299661 ], [ 141.567878520000022, 40.54299431 ], [ 141.567862550000029, 40.54299225 ], [ 141.567850780000015, 40.54299331 ], [ 141.56784348, 40.54299561 ], [ 141.567830800000024, 40.54300325 ], [ 141.567815520000011, 40.54301911 ], [ 141.56780151000001, 40.54304344 ], [ 141.567798760000017, 40.54306075 ], [ 141.567804280000018, 40.54307105 ], [ 141.56781711, 40.5430772 ], [ 141.567825500000026, 40.54307831 ], [ 141.56783834, 40.54307489 ], [ 141.56784934, 40.54306692 ], [ 141.5678828, 40.54302959 ], [ 141.56788978, 40.54301856 ], [ 141.56789319, 40.54300853 ], [ 141.56789064, 40.54300028 ] ] ], [ [ [ 141.576352550000024, 40.54318051 ], [ 141.576361530000014, 40.54316864 ], [ 141.576386140000011, 40.54312039 ], [ 141.576398220000016, 40.5431032 ], [ 141.5764173, 40.54308786 ], [ 141.576469730000014, 40.54305617 ], [ 141.57649086, 40.54303667 ], [ 141.576506200000011, 40.5430128 ], [ 141.57651847, 40.54298031 ], [ 141.576521860000014, 40.54295589 ], [ 141.57651908, 40.54294075 ], [ 141.5765137, 40.54293313 ], [ 141.57650978, 40.54293039 ], [ 141.57649805, 40.54292695 ], [ 141.576456620000016, 40.54291747 ], [ 141.576427420000016, 40.54291441 ], [ 141.57640372, 40.54291603 ], [ 141.57637122, 40.54292413 ], [ 141.57632053, 40.54294187 ], [ 141.57631852, 40.54294233 ], [ 141.57631523, 40.54294233 ], [ 141.57631287000001, 40.542941 ], [ 141.57631178, 40.54293939 ], [ 141.576311750000031, 40.54293733 ], [ 141.57631698000003, 40.54293017 ], [ 141.576359200000013, 40.542882 ], [ 141.576358780000021, 40.54287667 ], [ 141.576351890000012, 40.54287223 ], [ 141.57633934, 40.54287069 ], [ 141.576314470000028, 40.54287284 ], [ 141.57628739, 40.54287922 ], [ 141.576271030000015, 40.54288561 ], [ 141.576260830000024, 40.54289153 ], [ 141.57624764000002, 40.54290559 ], [ 141.576231730000018, 40.54293884 ], [ 141.576221730000015, 40.54295367 ], [ 141.576166810000018, 40.54301372 ], [ 141.57615131, 40.5430332 ], [ 141.57613949, 40.54305372 ], [ 141.576131240000024, 40.54307664 ], [ 141.57612678000001, 40.54310008 ], [ 141.57612633, 40.54312323 ], [ 141.576129580000014, 40.54313961 ], [ 141.576138500000013, 40.54315647 ], [ 141.576156860000026, 40.54317347 ], [ 141.57618075, 40.543188 ], [ 141.576210190000012, 40.54320095 ], [ 141.57624689, 40.54321197 ], [ 141.576276330000013, 40.5432162 ], [ 141.576297220000015, 40.54321508 ], [ 141.57631569, 40.54320928 ], [ 141.57633834, 40.54319464 ], [ 141.576352550000024, 40.54318051 ] ] ], [ [ [ 141.56833445, 40.54302625 ], [ 141.568331970000031, 40.54301511 ], [ 141.5683237, 40.54300272 ], [ 141.568312750000018, 40.54299477 ], [ 141.56829934000001, 40.54298928 ], [ 141.568287390000023, 40.54298711 ], [ 141.56827275, 40.54298775 ], [ 141.568258500000013, 40.54299117 ], [ 141.568244860000021, 40.54299639 ], [ 141.568228660000017, 40.54300522 ], [ 141.56819837, 40.54303 ], [ 141.56817005000002, 40.54306317 ], [ 141.568155840000031, 40.54309 ], [ 141.568152170000019, 40.54311164 ], [ 141.568153800000033, 40.54313117 ], [ 141.56815733, 40.54314275 ], [ 141.568163110000029, 40.543152 ], [ 141.568168830000019, 40.54315628 ], [ 141.56817958000002, 40.5431582 ], [ 141.56819961, 40.54315456 ], [ 141.568221720000025, 40.54314631 ], [ 141.56825047, 40.54313164 ], [ 141.568269360000016, 40.54311872 ], [ 141.56828409000002, 40.54310592 ], [ 141.568301140000017, 40.54308808 ], [ 141.568317200000024, 40.54306772 ], [ 141.56832706, 40.54305217 ], [ 141.5683335, 40.54303592 ], [ 141.56833445, 40.54302625 ] ] ], [ [ [ 141.572722020000015, 40.5430948 ], [ 141.572719830000011, 40.54310023 ], [ 141.5727245, 40.54310723 ], [ 141.572733700000015, 40.543115 ], [ 141.572774690000017, 40.54313913 ], [ 141.572805530000011, 40.54315228 ], [ 141.572820660000019, 40.54315613 ], [ 141.57283109, 40.54315705 ], [ 141.57284486, 40.54315492 ], [ 141.57285791000001, 40.54314986 ], [ 141.57290156000002, 40.54312392 ], [ 141.57291569, 40.54311105 ], [ 141.57291969000002, 40.5431012 ], [ 141.57291988, 40.54309536 ], [ 141.572917780000012, 40.54308789 ], [ 141.572909340000024, 40.54307992 ], [ 141.57287564, 40.54306547 ], [ 141.57284228, 40.54304811 ], [ 141.57282973, 40.54304587 ], [ 141.572819030000034, 40.54305017 ], [ 141.57279667, 40.54306731 ], [ 141.57278484, 40.54307378 ], [ 141.572731280000028, 40.54309017 ], [ 141.572722020000015, 40.5430948 ] ] ], [ [ [ 141.575344770000015, 40.54316356 ], [ 141.575362670000032, 40.54315803 ], [ 141.575384470000017, 40.54314547 ], [ 141.57540633, 40.54312397 ], [ 141.575413640000022, 40.54311322 ], [ 141.575417660000028, 40.54310347 ], [ 141.57541733, 40.54309564 ], [ 141.57541353000002, 40.54309161 ], [ 141.575403800000032, 40.54308869 ], [ 141.57538302, 40.54308828 ], [ 141.57534014, 40.54309497 ], [ 141.575314360000021, 40.54310241 ], [ 141.57529872, 40.543109 ], [ 141.575285580000013, 40.5431172 ], [ 141.575277780000022, 40.54312489 ], [ 141.575272110000014, 40.54313639 ], [ 141.575271630000032, 40.5431478 ], [ 141.57527694, 40.54315661 ], [ 141.575287640000028, 40.54316247 ], [ 141.575301950000011, 40.54316564 ], [ 141.57532722, 40.543166 ], [ 141.575344770000015, 40.54316356 ] ] ], [ [ [ 141.565626640000033, 40.54314623 ], [ 141.56563336, 40.54315617 ], [ 141.565641340000013, 40.54316261 ], [ 141.56565462, 40.54316784 ], [ 141.565663110000031, 40.54316713 ], [ 141.565674840000014, 40.54316086 ], [ 141.5656892, 40.54314556 ], [ 141.56569586, 40.54312984 ], [ 141.565694920000027, 40.54311831 ], [ 141.56569131, 40.54311239 ], [ 141.565686200000016, 40.5431082 ], [ 141.565672190000015, 40.54310172 ], [ 141.56565633, 40.54309795 ], [ 141.565648760000016, 40.54309736 ], [ 141.56563864, 40.54309886 ], [ 141.56563008, 40.54310656 ], [ 141.565625250000011, 40.54311795 ], [ 141.565623550000026, 40.54313489 ], [ 141.565626640000033, 40.54314623 ] ] ], [ [ [ 141.57544525, 40.54314336 ], [ 141.575443800000016, 40.54315147 ], [ 141.575447950000012, 40.54316289 ], [ 141.57545891, 40.543173 ], [ 141.57547292000001, 40.54317841 ], [ 141.57548839, 40.54318028 ], [ 141.57550419, 40.54317795 ], [ 141.57551791, 40.54317072 ], [ 141.57553475, 40.54315477 ], [ 141.575545190000014, 40.5431375 ], [ 141.5755465, 40.54312787 ], [ 141.575536030000023, 40.54312017 ], [ 141.575513110000031, 40.54311953 ], [ 141.575486, 40.54312347 ], [ 141.57546095, 40.5431312 ], [ 141.575448860000023, 40.54313867 ], [ 141.57544525, 40.54314336 ] ] ], [ [ [ 141.566070140000022, 40.5432305 ], [ 141.566069950000013, 40.54322447 ], [ 141.56606659000002, 40.54321989 ], [ 141.566061410000032, 40.54322047 ], [ 141.566043990000026, 40.54322661 ], [ 141.56603564, 40.54322775 ], [ 141.566004580000026, 40.5432265 ], [ 141.56599728, 40.54322844 ], [ 141.565991950000011, 40.54323731 ], [ 141.565991140000023, 40.54325017 ], [ 141.565994, 40.5432635 ], [ 141.56600131, 40.54327397 ], [ 141.566010080000012, 40.54327744 ], [ 141.56601778000001, 40.54327803 ], [ 141.566028610000018, 40.54327641 ], [ 141.566041050000024, 40.54327103 ], [ 141.566052090000028, 40.54326331 ], [ 141.56606131, 40.54325353 ], [ 141.566066640000031, 40.54324447 ], [ 141.566070140000022, 40.5432305 ] ] ], [ [ [ 141.56533192, 40.54340189 ], [ 141.565326740000017, 40.54340597 ], [ 141.565297860000015, 40.54340687 ], [ 141.565291850000023, 40.54340905 ], [ 141.56528728, 40.54341277 ], [ 141.56528555, 40.5434155 ], [ 141.565280660000013, 40.543423 ], [ 141.56527462, 40.54344241 ], [ 141.565271610000025, 40.54346953 ], [ 141.5652727, 40.54349384 ], [ 141.565275860000014, 40.54350211 ], [ 141.56527847000001, 40.54350408 ], [ 141.565286500000013, 40.54350303 ], [ 141.565287200000029, 40.54350295 ], [ 141.565298470000016, 40.54349728 ], [ 141.565329640000016, 40.54347531 ], [ 141.565343330000019, 40.54346295 ], [ 141.565368830000011, 40.54343228 ], [ 141.565378080000016, 40.54342464 ], [ 141.565385500000019, 40.54342172 ], [ 141.56541436, 40.54341792 ], [ 141.565426450000018, 40.54340931 ], [ 141.565428490000016, 40.54340261 ], [ 141.56542514, 40.54339841 ], [ 141.565412190000018, 40.54339111 ], [ 141.56540492000002, 40.54338422 ], [ 141.56540497, 40.54337853 ], [ 141.565409080000023, 40.54336636 ], [ 141.565407860000022, 40.54336105 ], [ 141.565370390000027, 40.54334633 ], [ 141.56535786, 40.54334541 ], [ 141.565347420000023, 40.54335189 ], [ 141.565339750000021, 40.54336292 ], [ 141.56533192, 40.54340189 ] ] ], [ [ [ 141.57178153000001, 40.54355141 ], [ 141.571780170000011, 40.54354547 ], [ 141.57176908, 40.54352528 ], [ 141.571770120000025, 40.54351284 ], [ 141.57176852, 40.54350753 ], [ 141.571758860000017, 40.54349833 ], [ 141.571744280000019, 40.54349195 ], [ 141.57173623, 40.54349028 ], [ 141.571716740000028, 40.54349111 ], [ 141.57171105, 40.54348892 ], [ 141.571704110000013, 40.54347823 ], [ 141.57170278000001, 40.54346508 ], [ 141.57170739, 40.54345417 ], [ 141.571733640000019, 40.54342653 ], [ 141.57174497, 40.5434062 ], [ 141.5717492, 40.54340247 ], [ 141.57175392000002, 40.54340189 ], [ 141.57175958000002, 40.54340347 ], [ 141.57179462, 40.54342092 ], [ 141.571805620000021, 40.54342272 ], [ 141.57182036, 40.54342272 ], [ 141.57183538000001, 40.54342533 ], [ 141.571861610000013, 40.54343831 ], [ 141.57187511, 40.54344192 ], [ 141.5718875, 40.54343941 ], [ 141.57189384, 40.54343559 ], [ 141.57189847, 40.54343017 ], [ 141.571898910000016, 40.54342528 ], [ 141.57189241, 40.54341561 ], [ 141.571870140000016, 40.54339584 ], [ 141.57186436, 40.5433858 ], [ 141.57186708, 40.54337775 ], [ 141.571877910000012, 40.54336311 ], [ 141.5718775, 40.54335851 ], [ 141.571869860000021, 40.54334984 ], [ 141.57184211, 40.54332856 ], [ 141.57181706, 40.54329325 ], [ 141.571805620000021, 40.54328261 ], [ 141.571793750000012, 40.54327708 ], [ 141.571772190000019, 40.54327256 ], [ 141.571756610000023, 40.54327175 ], [ 141.571740580000011, 40.5432732 ], [ 141.571717980000017, 40.54328044 ], [ 141.57166189, 40.54331044 ], [ 141.571657300000027, 40.543312 ], [ 141.57165244, 40.54331105 ], [ 141.57165992000003, 40.54327208 ], [ 141.571653310000016, 40.54323872 ], [ 141.571653110000028, 40.54323153 ], [ 141.57165584, 40.54322097 ], [ 141.571668220000021, 40.54320025 ], [ 141.571682, 40.54318595 ], [ 141.57169514, 40.54317695 ], [ 141.57171628, 40.54316772 ], [ 141.57173294, 40.54315825 ], [ 141.57173581, 40.543152 ], [ 141.571735530000012, 40.54314705 ], [ 141.571731280000023, 40.54313628 ], [ 141.571719050000013, 40.5431195 ], [ 141.571707370000013, 40.54310805 ], [ 141.571696060000022, 40.54309984 ], [ 141.5716773, 40.54309187 ], [ 141.57166031, 40.54309105 ], [ 141.57163839, 40.54309553 ], [ 141.57161722, 40.54310367 ], [ 141.571605030000029, 40.54311105 ], [ 141.57159708, 40.54311851 ], [ 141.571589640000013, 40.54312889 ], [ 141.571571580000011, 40.54316205 ], [ 141.571564030000019, 40.54317131 ], [ 141.57155078, 40.54317867 ], [ 141.571520470000024, 40.543183 ], [ 141.57151253, 40.54318972 ], [ 141.57150898, 40.54320003 ], [ 141.571504840000017, 40.54324364 ], [ 141.57150139, 40.54325187 ], [ 141.57149333000001, 40.5432608 ], [ 141.571482340000017, 40.5432682 ], [ 141.571429640000019, 40.5432968 ], [ 141.571364970000019, 40.5433425 ], [ 141.57132053, 40.54336992 ], [ 141.57130555, 40.54338205 ], [ 141.571300900000011, 40.54338859 ], [ 141.571297470000019, 40.5433995 ], [ 141.57129659, 40.54343572 ], [ 141.571294110000025, 40.54344664 ], [ 141.571287830000017, 40.54345523 ], [ 141.571259170000019, 40.54346892 ], [ 141.571250420000013, 40.54347769 ], [ 141.57124486, 40.54348856 ], [ 141.571233800000016, 40.54352384 ], [ 141.57122475, 40.54353767 ], [ 141.57121842, 40.54354159 ], [ 141.57120606, 40.543545 ], [ 141.571184110000019, 40.54354711 ], [ 141.571128640000012, 40.543549 ], [ 141.571113670000017, 40.54355117 ], [ 141.571098760000012, 40.54355639 ], [ 141.571081850000013, 40.54356786 ], [ 141.571062830000017, 40.54358689 ], [ 141.571047, 40.54360769 ], [ 141.57103903, 40.54362377 ], [ 141.57103752, 40.54363605 ], [ 141.57104419, 40.54365211 ], [ 141.571057560000014, 40.54366644 ], [ 141.571071360000019, 40.54367456 ], [ 141.57114066, 40.54369805 ], [ 141.571161610000019, 40.54370317 ], [ 141.571185250000013, 40.54370328 ], [ 141.57119961, 40.54370039 ], [ 141.57120995, 40.54369628 ], [ 141.571244770000021, 40.54367525 ], [ 141.571281280000022, 40.54366644 ], [ 141.571287250000012, 40.54366111 ], [ 141.571289730000018, 40.54365047 ], [ 141.57128961, 40.54362867 ], [ 141.57129197, 40.54361739 ], [ 141.571320120000024, 40.54355813 ], [ 141.57132805, 40.54355017 ], [ 141.571335840000017, 40.54354903 ], [ 141.5713428, 40.54355017 ], [ 141.57137397, 40.54356087 ], [ 141.571381190000011, 40.54356253 ], [ 141.57139075, 40.543562 ], [ 141.57139533, 40.54355892 ], [ 141.571406500000023, 40.54354317 ], [ 141.571413260000014, 40.54353647 ], [ 141.57142667, 40.54353225 ], [ 141.57144883, 40.54352895 ], [ 141.571460700000017, 40.54352292 ], [ 141.571486250000021, 40.54349503 ], [ 141.571499360000018, 40.54348487 ], [ 141.571522390000013, 40.54347569 ], [ 141.571538780000026, 40.54347361 ], [ 141.571541140000022, 40.54347495 ], [ 141.571541630000013, 40.54347739 ], [ 141.571538300000014, 40.54348451 ], [ 141.571516980000013, 40.54350905 ], [ 141.571471280000026, 40.54355267 ], [ 141.57142973, 40.54358472 ], [ 141.571382050000011, 40.54361817 ], [ 141.571351850000013, 40.54364287 ], [ 141.57129283, 40.54369736 ], [ 141.571282920000016, 40.54370877 ], [ 141.571281340000013, 40.54371411 ], [ 141.57128689000001, 40.54371441 ], [ 141.571297030000011, 40.54371203 ], [ 141.571379830000012, 40.5436842 ], [ 141.571411830000017, 40.5436758 ], [ 141.571425380000022, 40.543674 ], [ 141.571447690000014, 40.54367369 ], [ 141.571481630000022, 40.54367797 ], [ 141.571516590000016, 40.54368847 ], [ 141.571538050000015, 40.54369975 ], [ 141.571555140000015, 40.54371775 ], [ 141.57158601, 40.54376339 ], [ 141.571594840000017, 40.54377272 ], [ 141.571610310000011, 40.54378405 ], [ 141.57162717, 40.54379241 ], [ 141.571643860000023, 40.54379805 ], [ 141.57166978, 40.54380403 ], [ 141.571683940000014, 40.54380475 ], [ 141.571691110000017, 40.54380136 ], [ 141.57169192, 40.54379731 ], [ 141.571687640000022, 40.54377339 ], [ 141.571690140000015, 40.54376661 ], [ 141.57170131, 40.54375113 ], [ 141.571702550000026, 40.54374589 ], [ 141.57170066, 40.54373503 ], [ 141.57169428, 40.54372408 ], [ 141.571684140000031, 40.54371423 ], [ 141.57167192, 40.54370736 ], [ 141.571648340000024, 40.54369941 ], [ 141.571644640000017, 40.54369639 ], [ 141.571646690000023, 40.54369097 ], [ 141.571656140000016, 40.54368064 ], [ 141.571657890000012, 40.54367667 ], [ 141.571656280000013, 40.54367189 ], [ 141.571651410000015, 40.54366761 ], [ 141.571622890000015, 40.54365113 ], [ 141.57161808, 40.54364341 ], [ 141.5716228, 40.54363247 ], [ 141.571634030000013, 40.54362377 ], [ 141.571643800000032, 40.543622 ], [ 141.57164997000001, 40.54362347 ], [ 141.571661850000027, 40.54363025 ], [ 141.571707890000027, 40.54367356 ], [ 141.57172348, 40.54368444 ], [ 141.571732500000024, 40.54368817 ], [ 141.57176611, 40.54369561 ], [ 141.571797370000013, 40.54371333 ], [ 141.571809800000011, 40.54371811 ], [ 141.57182183, 40.54371767 ], [ 141.571849860000015, 40.54371075 ], [ 141.57186311000001, 40.54371353 ], [ 141.571895860000012, 40.5437288 ], [ 141.57190791, 40.54373028 ], [ 141.57191581, 40.54372897 ], [ 141.57192297, 40.54372459 ], [ 141.57192387, 40.54371936 ], [ 141.57191131, 40.54369547 ], [ 141.571912, 40.54369277 ], [ 141.57192472, 40.5436918 ], [ 141.57193783, 40.5436908 ], [ 141.571944890000026, 40.54368769 ], [ 141.571949440000026, 40.54368344 ], [ 141.57195092, 40.54367867 ], [ 141.57194934, 40.54367489 ], [ 141.57194064, 40.54366784 ], [ 141.571896590000023, 40.54364461 ], [ 141.571867170000019, 40.54362147 ], [ 141.571856350000019, 40.54361461 ], [ 141.571851970000012, 40.543614 ], [ 141.57184881, 40.54361584 ], [ 141.57184294000001, 40.54362864 ], [ 141.5718392, 40.54363184 ], [ 141.57182905, 40.54363233 ], [ 141.57181659, 40.54362747 ], [ 141.57180294, 40.54361944 ], [ 141.571768750000018, 40.54359211 ], [ 141.571757280000014, 40.54357895 ], [ 141.57175292, 40.54356833 ], [ 141.571755450000012, 40.54356428 ], [ 141.57177689, 40.5435582 ], [ 141.57177981000001, 40.54355628 ], [ 141.57178153000001, 40.54355141 ] ] ], [ [ [ 141.56573978, 40.54350908 ], [ 141.56573606, 40.54349261 ], [ 141.565739080000014, 40.54348784 ], [ 141.565750190000017, 40.54347911 ], [ 141.56575263000002, 40.54347531 ], [ 141.565746780000012, 40.54345697 ], [ 141.565748250000013, 40.54345175 ], [ 141.565760800000021, 40.54343347 ], [ 141.565761970000011, 40.54342247 ], [ 141.565757660000031, 40.54340503 ], [ 141.565750220000012, 40.54339492 ], [ 141.565743020000014, 40.54339422 ], [ 141.565722530000016, 40.54340003 ], [ 141.5656918, 40.54339708 ], [ 141.565687450000013, 40.543398 ], [ 141.56568311, 40.54340144 ], [ 141.565670860000012, 40.54342359 ], [ 141.565664380000015, 40.54342689 ], [ 141.56565837, 40.54342711 ], [ 141.565644530000014, 40.54342439 ], [ 141.565606030000026, 40.54341211 ], [ 141.565590640000011, 40.54340905 ], [ 141.56557577, 40.5434105 ], [ 141.565542190000031, 40.54342469 ], [ 141.565532390000016, 40.5434262 ], [ 141.565519140000021, 40.54342251 ], [ 141.565486250000021, 40.54340478 ], [ 141.565473700000013, 40.54340277 ], [ 141.565467720000015, 40.54340489 ], [ 141.565456690000019, 40.54341341 ], [ 141.565430830000025, 40.54344484 ], [ 141.56542144, 40.54344877 ], [ 141.565402670000026, 40.54344772 ], [ 141.56538864, 40.54345069 ], [ 141.565375940000024, 40.543457 ], [ 141.56536447000002, 40.54346489 ], [ 141.565352550000028, 40.54347577 ], [ 141.565341140000015, 40.54349017 ], [ 141.565323800000016, 40.5435255 ], [ 141.56530650000002, 40.54354047 ], [ 141.56530336, 40.54354517 ], [ 141.56530367000002, 40.54355192 ], [ 141.565308970000018, 40.54356008 ], [ 141.56531956, 40.54356831 ], [ 141.56534747, 40.54358433 ], [ 141.565377080000019, 40.54361531 ], [ 141.565394090000012, 40.54362672 ], [ 141.565413450000023, 40.54363569 ], [ 141.565429420000015, 40.54363967 ], [ 141.56544428, 40.54363928 ], [ 141.565465360000019, 40.54363295 ], [ 141.56555326, 40.54358395 ], [ 141.565570470000011, 40.54357267 ], [ 141.565583410000016, 40.54355889 ], [ 141.565588110000022, 40.543544 ], [ 141.565595670000022, 40.54353459 ], [ 141.56561442, 40.54352086 ], [ 141.565626740000027, 40.54351484 ], [ 141.56563558000002, 40.54351353 ], [ 141.565664890000022, 40.54351551 ], [ 141.56567292, 40.54351492 ], [ 141.56570503, 40.54350533 ], [ 141.565706910000017, 40.54350595 ], [ 141.56570815, 40.54350972 ], [ 141.565703650000017, 40.54352995 ], [ 141.565703860000013, 40.54353777 ], [ 141.565707520000018, 40.5435382 ], [ 141.56571997, 40.54353225 ], [ 141.56573294, 40.54352164 ], [ 141.565738200000027, 40.54351475 ], [ 141.56573978, 40.54350908 ] ] ], [ [ [ 141.576297760000017, 40.54356136 ], [ 141.576327640000017, 40.54356261 ], [ 141.576336420000018, 40.54355589 ], [ 141.5763537, 40.54352911 ], [ 141.576376720000013, 40.54350744 ], [ 141.57637786, 40.54350295 ], [ 141.576375330000019, 40.54349872 ], [ 141.57636309, 40.54349133 ], [ 141.576354450000025, 40.54348841 ], [ 141.576338110000023, 40.54348572 ], [ 141.57630591, 40.54348744 ], [ 141.576290950000015, 40.54349069 ], [ 141.576277420000025, 40.54349539 ], [ 141.576264190000018, 40.54350456 ], [ 141.576258860000024, 40.54351505 ], [ 141.57625872, 40.54353297 ], [ 141.57626414, 40.54354384 ], [ 141.576275330000016, 40.54355259 ], [ 141.576297760000017, 40.54356136 ] ] ], [ [ [ 141.57195761, 40.5435692 ], [ 141.571978880000017, 40.54359095 ], [ 141.571997690000018, 40.54360533 ], [ 141.572015140000019, 40.54361403 ], [ 141.57202365, 40.54361453 ], [ 141.572030080000019, 40.54360925 ], [ 141.57203397, 40.54359959 ], [ 141.5720363, 40.54357356 ], [ 141.57203175, 40.5435472 ], [ 141.572026300000033, 40.54353533 ], [ 141.572019110000014, 40.54352487 ], [ 141.572004330000027, 40.54351269 ], [ 141.571986110000012, 40.54350741 ], [ 141.57196167, 40.54350856 ], [ 141.571947670000014, 40.54351269 ], [ 141.57194192, 40.54351617 ], [ 141.5719373, 40.54352439 ], [ 141.571937890000015, 40.54353439 ], [ 141.571945140000025, 40.54355136 ], [ 141.57195761, 40.5435692 ] ] ], [ [ [ 141.56558508, 40.54358175 ], [ 141.56557992, 40.54359456 ], [ 141.56558075, 40.54360656 ], [ 141.565585059999989, 40.54361164 ], [ 141.56559445000002, 40.54361628 ], [ 141.5656008, 40.54361578 ], [ 141.56560703, 40.54361314 ], [ 141.56561849000002, 40.54360387 ], [ 141.565628050000015, 40.54359236 ], [ 141.565633140000017, 40.54358064 ], [ 141.56563283, 40.54357595 ], [ 141.565629730000012, 40.54357103 ], [ 141.565618050000012, 40.54356333 ], [ 141.565610510000027, 40.54356141 ], [ 141.565604140000033, 40.54356236 ], [ 141.565593480000018, 40.54357017 ], [ 141.56558508, 40.54358175 ] ] ], [ [ [ 141.565375640000013, 40.54369997 ], [ 141.565391530000028, 40.54368367 ], [ 141.565394060000017, 40.54367841 ], [ 141.56539367000002, 40.5436732 ], [ 141.565383670000017, 40.54366533 ], [ 141.56534511000001, 40.54364847 ], [ 141.565331720000017, 40.54364567 ], [ 141.56531783, 40.54364756 ], [ 141.56530645, 40.54365403 ], [ 141.565296030000013, 40.54366311 ], [ 141.565288370000019, 40.54367313 ], [ 141.565276360000013, 40.54368872 ], [ 141.56526739, 40.54371147 ], [ 141.565268440000011, 40.54372172 ], [ 141.56527097, 40.54372567 ], [ 141.565282020000012, 40.54373308 ], [ 141.565289030000031, 40.54373511 ], [ 141.56529341000001, 40.54373633 ], [ 141.56530722, 40.54373617 ], [ 141.565326860000027, 40.54373008 ], [ 141.565351850000013, 40.54371678 ], [ 141.565375640000013, 40.54369997 ] ] ], [ [ [ 141.576237030000016, 40.54396459 ], [ 141.57625234, 40.54395892 ], [ 141.57626776, 40.54394603 ], [ 141.576274110000014, 40.54393175 ], [ 141.57627414000001, 40.54389195 ], [ 141.576276830000012, 40.54387978 ], [ 141.57628969000001, 40.54385789 ], [ 141.57629903000003, 40.54384892 ], [ 141.57631090000001, 40.5438418 ], [ 141.57633103, 40.543838 ], [ 141.576384140000016, 40.54383711 ], [ 141.576399690000017, 40.54383395 ], [ 141.576428280000016, 40.54382503 ], [ 141.57644172000002, 40.54382395 ], [ 141.576455580000015, 40.54382864 ], [ 141.576491190000013, 40.54385561 ], [ 141.57650842000001, 40.54386441 ], [ 141.576515030000024, 40.54386464 ], [ 141.57652066, 40.54386289 ], [ 141.576526160000014, 40.54385961 ], [ 141.57653586, 40.54384984 ], [ 141.57654222, 40.5438378 ], [ 141.57654358, 40.54383167 ], [ 141.57654086, 40.5438108 ], [ 141.576554750000014, 40.54378459 ], [ 141.57655445, 40.54377928 ], [ 141.576548660000014, 40.54376859 ], [ 141.576531280000012, 40.54375403 ], [ 141.57650897000002, 40.5437438 ], [ 141.576493220000032, 40.54374167 ], [ 141.57646202, 40.54374989 ], [ 141.576456470000011, 40.54374767 ], [ 141.57643837, 40.54373247 ], [ 141.576432090000026, 40.54373089 ], [ 141.57642511, 40.54373103 ], [ 141.57639472, 40.54373789 ], [ 141.57638222, 40.54373805 ], [ 141.57636872, 40.54373428 ], [ 141.576336670000018, 40.543718 ], [ 141.5763235, 40.54371287 ], [ 141.57630778, 40.54371061 ], [ 141.576293280000016, 40.54371133 ], [ 141.576248860000021, 40.54372053 ], [ 141.57619005, 40.54373956 ], [ 141.576159640000014, 40.54375453 ], [ 141.576143380000019, 40.54376959 ], [ 141.576134110000027, 40.54378478 ], [ 141.576124670000013, 40.54380689 ], [ 141.57611603, 40.54383569 ], [ 141.576112240000015, 40.54385875 ], [ 141.576112280000018, 40.54387003 ], [ 141.576115250000015, 40.54388397 ], [ 141.57613053, 40.54390944 ], [ 141.576147610000021, 40.5439285 ], [ 141.576168220000028, 40.54394559 ], [ 141.576193280000012, 40.54395867 ], [ 141.57621519, 40.54396447 ], [ 141.576237030000016, 40.54396459 ] ] ], [ [ [ 141.566691390000017, 40.54553611 ], [ 141.566666670000018, 40.54554323 ], [ 141.566638340000026, 40.54555139 ], [ 141.566666670000018, 40.54560253 ], [ 141.56667250000001, 40.54561305 ], [ 141.56672167, 40.54569 ], [ 141.566774720000012, 40.54572389 ], [ 141.56683167, 40.54564695 ], [ 141.566805280000011, 40.54557611 ], [ 141.566691390000017, 40.54553611 ] ] ], [ [ [ 141.566284310000015, 40.54584253 ], [ 141.566296500000021, 40.54584453 ], [ 141.566309250000018, 40.54584617 ], [ 141.56632192, 40.54584825 ], [ 141.566326160000017, 40.54584911 ], [ 141.566337660000016, 40.54585211 ], [ 141.56634689, 40.54585359 ], [ 141.56635866000002, 40.54585197 ], [ 141.566370080000013, 40.54584775 ], [ 141.566379690000019, 40.54584147 ], [ 141.566384940000034, 40.54583487 ], [ 141.566386720000025, 40.54582551 ], [ 141.566386500000021, 40.54581578 ], [ 141.56638817000001, 40.54580747 ], [ 141.566389220000019, 40.54580595 ], [ 141.566397560000013, 40.54580128 ], [ 141.56640934, 40.54579833 ], [ 141.56642158, 40.54579511 ], [ 141.56642345000003, 40.54579447 ], [ 141.566433550000028, 40.545789 ], [ 141.566441140000023, 40.54578184 ], [ 141.566446, 40.54577333 ], [ 141.56644645, 40.54577136 ], [ 141.566446360000015, 40.54576172 ], [ 141.56644272, 40.54575264 ], [ 141.56643745, 40.54574672 ], [ 141.56642844000001, 40.54574308 ], [ 141.56641756, 40.54574208 ], [ 141.56640553, 40.54574253 ], [ 141.56639302, 40.54574387 ], [ 141.566380190000018, 40.54574567 ], [ 141.56636733, 40.54574772 ], [ 141.56635803, 40.54574931 ], [ 141.56634577, 40.5457512 ], [ 141.566334450000028, 40.54575089 ], [ 141.56633348, 40.54575072 ], [ 141.56632375, 40.545746 ], [ 141.566314940000012, 40.54573895 ], [ 141.566306250000025, 40.54573161 ], [ 141.566297080000027, 40.545726 ], [ 141.566290470000013, 40.54572453 ], [ 141.56627949, 40.54572667 ], [ 141.566269050000017, 40.54573259 ], [ 141.566261950000012, 40.54574028 ], [ 141.566260140000026, 40.54574884 ], [ 141.566262140000021, 40.54575775 ], [ 141.566265890000011, 40.54576684 ], [ 141.566269660000017, 40.54577589 ], [ 141.56627222, 40.5457848 ], [ 141.566272390000023, 40.54578956 ], [ 141.566270140000029, 40.54579805 ], [ 141.56626623, 40.54580672 ], [ 141.566264500000017, 40.54581123 ], [ 141.56626270000001, 40.54582097 ], [ 141.566263750000019, 40.54583014 ], [ 141.56626606, 40.54583444 ], [ 141.566273670000015, 40.54583956 ], [ 141.566284310000015, 40.54584253 ] ] ], [ [ [ 141.597308880000014, 40.51960659 ], [ 141.59734167000002, 40.51960322 ], [ 141.59734964, 40.51959875 ], [ 141.597355420000014, 40.51958772 ], [ 141.597352700000016, 40.51957839 ], [ 141.597324250000014, 40.51956705 ], [ 141.597312, 40.51956811 ], [ 141.597304030000032, 40.51957286 ], [ 141.59730178, 40.51958341 ], [ 141.597303650000015, 40.51959275 ], [ 141.597308880000014, 40.51960659 ] ] ], [ [ [ 141.59576411, 40.51970217 ], [ 141.59576336, 40.51968805 ], [ 141.595759140000013, 40.51966933 ], [ 141.595755500000024, 40.51965217 ], [ 141.59574611, 40.5196352 ], [ 141.59573319, 40.51962097 ], [ 141.595714110000017, 40.5196128 ], [ 141.595687030000022, 40.51960633 ], [ 141.5956692, 40.51960608 ], [ 141.595651190000012, 40.51961069 ], [ 141.59564183, 40.51961833 ], [ 141.595635330000022, 40.51962856 ], [ 141.59563012000001, 40.51963613 ], [ 141.595625840000025, 40.51964392 ], [ 141.595623220000022, 40.51965186 ], [ 141.59562431, 40.51966436 ], [ 141.595637660000023, 40.51967841 ], [ 141.595666810000012, 40.51971903 ], [ 141.595695080000013, 40.51973441 ], [ 141.59570949, 40.51973723 ], [ 141.595720340000014, 40.51973561 ], [ 141.595725580000021, 40.51972856 ], [ 141.595731090000015, 40.519724 ], [ 141.59573803, 40.51972317 ], [ 141.595748830000019, 40.51971984 ], [ 141.595758340000032, 40.51971447 ], [ 141.59576411, 40.51970217 ] ] ], [ [ [ 141.594948280000011, 40.52039103 ], [ 141.59495995, 40.52036969 ], [ 141.594963330000013, 40.5203452 ], [ 141.594961830000017, 40.52031728 ], [ 141.59492678, 40.520275 ], [ 141.59489278, 40.52025361 ], [ 141.594768280000011, 40.5202322 ], [ 141.594710390000017, 40.52022553 ], [ 141.59467236, 40.52021336 ], [ 141.594639950000015, 40.520206 ], [ 141.594614690000014, 40.52022914 ], [ 141.59461613000002, 40.52024092 ], [ 141.594575670000012, 40.52025264 ], [ 141.59456083, 40.52026633 ], [ 141.59455839, 40.52028877 ], [ 141.594570560000022, 40.5203122 ], [ 141.594588030000011, 40.52033261 ], [ 141.59464078000002, 40.52036325 ], [ 141.594669360000012, 40.52038611 ], [ 141.594726300000019, 40.52039141 ], [ 141.594821500000023, 40.5204305 ], [ 141.59484061, 40.52042995 ], [ 141.594851480000017, 40.52040933 ], [ 141.594872, 40.52039892 ], [ 141.59491927, 40.52041356 ], [ 141.59492925, 40.52041044 ], [ 141.594948280000011, 40.52039103 ] ] ], [ [ [ 141.59593866, 40.52060056 ], [ 141.5959502, 40.52059553 ], [ 141.59596331, 40.52058705 ], [ 141.59597839, 40.52057561 ], [ 141.59599, 40.52056744 ], [ 141.596004670000013, 40.52056078 ], [ 141.596019829999989, 40.52055544 ], [ 141.596035910000012, 40.52054813 ], [ 141.596045500000031, 40.52053051 ], [ 141.596030440000021, 40.52051305 ], [ 141.596000440000012, 40.52050992 ], [ 141.59595217, 40.5205205 ], [ 141.59592859, 40.520521 ], [ 141.595901140000024, 40.52051714 ], [ 141.595878520000014, 40.52051956 ], [ 141.59586722, 40.52052267 ], [ 141.5958535, 40.52053041 ], [ 141.595846670000014, 40.52054144 ], [ 141.59584837, 40.52055541 ], [ 141.595853800000015, 40.52057905 ], [ 141.59587328, 40.52058884 ], [ 141.595892750000019, 40.52058853 ], [ 141.595905620000025, 40.520588 ], [ 141.595921050000015, 40.52059672 ], [ 141.59593866, 40.52060056 ] ] ], [ [ [ 141.595717830000012, 40.52066984 ], [ 141.59574964, 40.52068547 ], [ 141.59579086, 40.52066936 ], [ 141.595798980000012, 40.52064569 ], [ 141.595786420000024, 40.52063003 ], [ 141.595753190000011, 40.520636 ], [ 141.59572811000001, 40.52065103 ], [ 141.595717830000012, 40.52066984 ] ] ], [ [ [ 141.59617377, 40.52090478 ], [ 141.596216390000023, 40.52093672 ], [ 141.596302870000017, 40.52094344 ], [ 141.59632292, 40.52093153 ], [ 141.596319560000012, 40.52089613 ], [ 141.59630542, 40.52085536 ], [ 141.596273090000011, 40.52083467 ], [ 141.59623686, 40.52084672 ], [ 141.59621689, 40.52086459 ], [ 141.59618597, 40.52087525 ], [ 141.59617377, 40.52090478 ] ] ], [ [ [ 141.59653431000001, 40.52104739 ], [ 141.596549080000017, 40.52102 ], [ 141.596548080000019, 40.52099469 ], [ 141.596517330000012, 40.52097861 ], [ 141.596475720000029, 40.52098086 ], [ 141.59645533, 40.52099387 ], [ 141.59643442, 40.52100275 ], [ 141.59641167, 40.52101614 ], [ 141.596410170000013, 40.52103892 ], [ 141.59644341, 40.52104656 ], [ 141.596479610000017, 40.52106539 ], [ 141.59650647, 40.52106044 ], [ 141.59653431000001, 40.52104739 ] ] ], [ [ [ 141.59628837, 40.52104892 ], [ 141.59625756, 40.52102833 ], [ 141.596219, 40.52102011 ], [ 141.596195500000022, 40.52103044 ], [ 141.59619114, 40.52104992 ], [ 141.59620497, 40.52108341 ], [ 141.596220530000011, 40.52111331 ], [ 141.596237, 40.52113969 ], [ 141.59626917, 40.52115711 ], [ 141.59629365, 40.52114887 ], [ 141.596311190000023, 40.52110597 ], [ 141.59628837, 40.52104892 ] ] ], [ [ [ 141.59618477, 40.52114497 ], [ 141.596183110000027, 40.52112239 ], [ 141.59617051, 40.5210942 ], [ 141.596151720000023, 40.52108305 ], [ 141.59612497, 40.52109459 ], [ 141.596127170000017, 40.52112203 ], [ 141.59615431, 40.52115364 ], [ 141.59618477, 40.52114497 ] ] ], [ [ [ 141.582463860000018, 40.53147322 ], [ 141.58250769, 40.53147769 ], [ 141.582527030000023, 40.53146517 ], [ 141.58253776, 40.5314432 ], [ 141.582544330000019, 40.53138633 ], [ 141.582506720000026, 40.53135747 ], [ 141.58247219, 40.53135356 ], [ 141.58241153000003, 40.53136431 ], [ 141.582360610000023, 40.53140239 ], [ 141.582360830000027, 40.531443 ], [ 141.58242519, 40.53146653 ], [ 141.582463860000018, 40.53147322 ] ] ], [ [ [ 141.58258969000002, 40.53140117 ], [ 141.582553330000025, 40.5314222 ], [ 141.582542280000013, 40.53145561 ], [ 141.58253575, 40.53151797 ], [ 141.58254783000001, 40.53154184 ], [ 141.582612670000032, 40.53155656 ], [ 141.58266889, 40.53155817 ], [ 141.58268092, 40.53152575 ], [ 141.582688500000017, 40.53148617 ], [ 141.58270586, 40.53145436 ], [ 141.582704140000033, 40.5314062 ], [ 141.58265148000001, 40.53139472 ], [ 141.58258969000002, 40.53140117 ] ] ], [ [ [ 141.582846890000013, 40.5315282 ], [ 141.582841340000016, 40.53149408 ], [ 141.582803090000027, 40.53148272 ], [ 141.58277436000003, 40.5314902 ], [ 141.582742140000022, 40.53150059 ], [ 141.58271453, 40.53153356 ], [ 141.58271769000001, 40.53157487 ], [ 141.582755360000021, 40.53158617 ], [ 141.58279131, 40.53159241 ], [ 141.582823640000015, 40.53159003 ], [ 141.582853090000015, 40.53156364 ], [ 141.582846890000013, 40.5315282 ] ] ], [ [ [ 141.582281310000013, 40.53203892 ], [ 141.582308610000013, 40.5320008 ], [ 141.582286230000022, 40.53197375 ], [ 141.582257200000015, 40.53197395 ], [ 141.582238170000011, 40.53199208 ], [ 141.58222014, 40.53202723 ], [ 141.582251480000025, 40.53204208 ], [ 141.582281310000013, 40.53203892 ] ] ], [ [ [ 141.582221950000019, 40.53212495 ], [ 141.58222348000001, 40.53209233 ], [ 141.582195910000024, 40.53206667 ], [ 141.582170250000019, 40.53205214 ], [ 141.582140830000014, 40.53206133 ], [ 141.582122670000018, 40.53207164 ], [ 141.58209075, 40.53209877 ], [ 141.58210012, 40.53211214 ], [ 141.582115500000015, 40.53212717 ], [ 141.58215694, 40.53214013 ], [ 141.582185840000022, 40.53213797 ], [ 141.582221950000019, 40.53212495 ] ] ], [ [ [ 141.582056300000033, 40.53223987 ], [ 141.582065810000017, 40.53224411 ], [ 141.58207891, 40.53224403 ], [ 141.58208647, 40.53224541 ], [ 141.58208739, 40.53225261 ], [ 141.582085550000016, 40.53225831 ], [ 141.582077170000019, 40.53226908 ], [ 141.582076280000024, 40.53227269 ], [ 141.58207538000002, 40.53227772 ], [ 141.58210545, 40.53228547 ], [ 141.582113920000012, 40.53228261 ], [ 141.58211097, 40.53227184 ], [ 141.582112890000019, 40.53226541 ], [ 141.582126610000017, 40.53226589 ], [ 141.582137030000013, 40.53227059 ], [ 141.58214747, 40.53227547 ], [ 141.582149750000013, 40.53228761 ], [ 141.582156160000011, 40.53229314 ], [ 141.58217066, 40.53229097 ], [ 141.58217528000003, 40.53228097 ], [ 141.582181140000017, 40.53227813 ], [ 141.58219044, 40.53227536 ], [ 141.582199340000017, 40.53227964 ], [ 141.582206250000013, 40.53228444 ], [ 141.582218200000028, 40.53228797 ], [ 141.582226720000023, 40.53228892 ], [ 141.58223322, 40.53228933 ], [ 141.582247500000022, 40.53228967 ], [ 141.582267890000026, 40.53228684 ], [ 141.582289880000019, 40.53228095 ], [ 141.58229384, 40.53226317 ], [ 141.582289, 40.53224295 ], [ 141.582286079999989, 40.53222531 ], [ 141.582277060000024, 40.53220933 ], [ 141.58225708, 40.53220695 ], [ 141.58224586, 40.53221772 ], [ 141.58223759, 40.53223597 ], [ 141.58220481, 40.53224014 ], [ 141.582188370000011, 40.53223647 ], [ 141.582181170000013, 40.53222653 ], [ 141.582171890000012, 40.53220903 ], [ 141.58215691, 40.53220092 ], [ 141.58213769, 40.53220159 ], [ 141.58211462, 40.53220661 ], [ 141.582087280000025, 40.53221075 ], [ 141.582063800000014, 40.53222475 ], [ 141.582056350000016, 40.53223408 ], [ 141.582056300000033, 40.53223987 ] ] ], [ [ [ 141.582332090000023, 40.5323708 ], [ 141.58234733, 40.53237369 ], [ 141.58237336, 40.53236695 ], [ 141.582388830000014, 40.53235792 ], [ 141.58239691, 40.53234114 ], [ 141.582388830000014, 40.53232703 ], [ 141.582358560000017, 40.53231975 ], [ 141.58233365000001, 40.53231859 ], [ 141.582328080000025, 40.53233023 ], [ 141.58231416000001, 40.5323505 ], [ 141.58230905, 40.5323598 ], [ 141.582314450000013, 40.53236661 ], [ 141.582332090000023, 40.5323708 ] ] ], [ [ [ 141.58255947, 40.53231189 ], [ 141.58250883, 40.53232113 ], [ 141.58250270000002, 40.53235295 ], [ 141.582518860000022, 40.53240544 ], [ 141.58256691, 40.53239623 ], [ 141.582598250000018, 40.5323498 ], [ 141.58258759, 40.53232259 ], [ 141.58255947, 40.53231189 ] ] ], [ [ [ 141.582765380000012, 40.53266611 ], [ 141.5827782, 40.5326825 ], [ 141.58279825, 40.53269184 ], [ 141.58283148000001, 40.53268659 ], [ 141.582845060000011, 40.53267747 ], [ 141.582852340000017, 40.53266275 ], [ 141.582850270000023, 40.53264772 ], [ 141.58281939, 40.5326282 ], [ 141.5827725, 40.53264797 ], [ 141.582765380000012, 40.53266611 ] ] ], [ [ [ 141.582762190000011, 40.53267756 ], [ 141.58273847000001, 40.53266684 ], [ 141.582704550000017, 40.53267425 ], [ 141.58269003, 40.53269433 ], [ 141.58271066, 40.53272464 ], [ 141.58275577, 40.53271517 ], [ 141.582780510000021, 40.53269808 ], [ 141.58277720000001, 40.53268756 ], [ 141.582762190000011, 40.53267756 ] ] ], [ [ [ 141.582297, 40.53289917 ], [ 141.582329860000016, 40.53290175 ], [ 141.58235647, 40.53288653 ], [ 141.582361, 40.53286741 ], [ 141.582351890000012, 40.53284422 ], [ 141.58231244000001, 40.53283387 ], [ 141.582276520000022, 40.53286175 ], [ 141.582277370000014, 40.53288372 ], [ 141.582297, 40.53289917 ] ] ], [ [ [ 141.58224365, 40.53298147 ], [ 141.582255840000016, 40.53301605 ], [ 141.58227394, 40.53303305 ], [ 141.582316060000011, 40.53303 ], [ 141.582337610000025, 40.53301453 ], [ 141.582337450000011, 40.53298877 ], [ 141.58229639000001, 40.53297103 ], [ 141.58224365, 40.53298147 ] ] ], [ [ [ 141.58239674, 40.53304659 ], [ 141.582447200000018, 40.53305192 ], [ 141.58249698000003, 40.53302595 ], [ 141.58249078, 40.53298995 ], [ 141.58244144, 40.53298 ], [ 141.58238538, 40.53300233 ], [ 141.58239674, 40.53304659 ] ] ], [ [ [ 141.5823507, 40.53308678 ], [ 141.58236603, 40.53310675 ], [ 141.582377720000011, 40.53312028 ], [ 141.582404090000011, 40.53314417 ], [ 141.58241722, 40.53314731 ], [ 141.58243514000003, 40.53314441 ], [ 141.582451850000012, 40.53313041 ], [ 141.582458340000017, 40.53310859 ], [ 141.58245861, 40.53306851 ], [ 141.5824585, 40.53305841 ], [ 141.58244584000002, 40.53305564 ], [ 141.582410170000031, 40.53305469 ], [ 141.58237822000001, 40.53305769 ], [ 141.58236739, 40.53305092 ], [ 141.58236553, 40.53304228 ], [ 141.582358810000017, 40.53303161 ], [ 141.58234525, 40.53303411 ], [ 141.58234153, 40.53303739 ], [ 141.58232326000001, 40.53304067 ], [ 141.582307300000025, 40.53303897 ], [ 141.58229694000002, 40.53304253 ], [ 141.582287300000019, 40.5330762 ], [ 141.582295250000016, 40.5330812 ], [ 141.582310830000011, 40.53308153 ], [ 141.582328140000016, 40.53307647 ], [ 141.582333800000015, 40.53307753 ], [ 141.58234034, 40.53308072 ], [ 141.5823507, 40.53308678 ] ] ], [ [ [ 141.58287956, 40.53312325 ], [ 141.582851, 40.53314587 ], [ 141.582843060000016, 40.53315339 ], [ 141.58284061, 40.5331362 ], [ 141.58283261, 40.53312805 ], [ 141.58281949, 40.53312697 ], [ 141.58281438, 40.53313456 ], [ 141.582812140000016, 40.5331642 ], [ 141.58280195, 40.53317247 ], [ 141.58279672, 40.53317033 ], [ 141.582788640000018, 40.53315284 ], [ 141.582776420000016, 40.53314859 ], [ 141.58275672000002, 40.5331498 ], [ 141.582672750000029, 40.53316584 ], [ 141.582653990000011, 40.53316839 ], [ 141.582635280000034, 40.53317131 ], [ 141.582613720000012, 40.53317531 ], [ 141.582592670000025, 40.53319328 ], [ 141.58257577, 40.53320295 ], [ 141.58256828, 40.53320731 ], [ 141.582565530000011, 40.53320553 ], [ 141.58256361, 40.53320336 ], [ 141.582571050000013, 40.53319333 ], [ 141.582564420000011, 40.53319087 ], [ 141.582555580000019, 40.53319236 ], [ 141.58254808, 40.53319772 ], [ 141.58254202, 40.53320487 ], [ 141.5825307, 40.53320422 ], [ 141.582499750000011, 40.53320289 ], [ 141.582485670000011, 40.53321008 ], [ 141.58247173, 40.53321947 ], [ 141.582455840000023, 40.53323308 ], [ 141.58244328, 40.53326108 ], [ 141.58245044, 40.53328039 ], [ 141.58246555, 40.53328992 ], [ 141.58248667, 40.5332988 ], [ 141.58251066, 40.53330341 ], [ 141.58255012, 40.53330433 ], [ 141.58258577, 40.53330492 ], [ 141.582606500000026, 40.53331161 ], [ 141.58263367, 40.53331441 ], [ 141.58265949, 40.53331253 ], [ 141.582761280000028, 40.53328289 ], [ 141.58277433, 40.5332782 ], [ 141.582797810000017, 40.53327633 ], [ 141.582819420000021, 40.53327836 ], [ 141.582818590000016, 40.53328764 ], [ 141.58279253, 40.53333284 ], [ 141.582792550000022, 40.53333333 ], [ 141.582793580000015, 40.53335256 ], [ 141.582799170000015, 40.53335747 ], [ 141.582815230000023, 40.53335817 ], [ 141.582826860000011, 40.53334341 ], [ 141.5828545, 40.53333441 ], [ 141.582869030000012, 40.53333369 ], [ 141.58284713, 40.53337059 ], [ 141.582843450000013, 40.53337917 ], [ 141.58284778, 40.53338669 ], [ 141.58286283000001, 40.533392 ], [ 141.582877390000021, 40.53339513 ], [ 141.58295594, 40.53342284 ], [ 141.58297189000001, 40.5334228 ], [ 141.58297844, 40.53341808 ], [ 141.58299562000002, 40.53339123 ], [ 141.583019030000031, 40.53333333 ], [ 141.58303822000002, 40.53328587 ], [ 141.58303192, 40.53324897 ], [ 141.58303136, 40.53323113 ], [ 141.58306158000002, 40.53319022 ], [ 141.583067170000021, 40.53316984 ], [ 141.583107220000016, 40.5331332 ], [ 141.583108610000011, 40.53311814 ], [ 141.58310531, 40.53310844 ], [ 141.583084550000024, 40.53310031 ], [ 141.583059690000027, 40.53309253 ], [ 141.583032890000027, 40.53309369 ], [ 141.58300811, 40.53310414 ], [ 141.582993500000015, 40.53310567 ], [ 141.58295591000001, 40.53310331 ], [ 141.582940950000022, 40.53310439 ], [ 141.582903390000013, 40.53311236 ], [ 141.58287956, 40.53312325 ] ] ], [ [ [ 141.58304834, 40.5333345 ], [ 141.58304664000002, 40.5334472 ], [ 141.583059360000021, 40.53345467 ], [ 141.583075840000021, 40.53346214 ], [ 141.58308997, 40.53346961 ], [ 141.583138910000031, 40.53347731 ], [ 141.583177370000016, 40.53348328 ], [ 141.583322090000024, 40.53349495 ], [ 141.583333330000016, 40.53349697 ], [ 141.583401440000017, 40.53350936 ], [ 141.583420750000016, 40.533505 ], [ 141.58342905, 40.53349811 ], [ 141.583442140000017, 40.53348561 ], [ 141.58344964, 40.53346941 ], [ 141.5834772, 40.53345323 ], [ 141.5835217, 40.53344275 ], [ 141.583628980000015, 40.53339864 ], [ 141.583686590000013, 40.53337953 ], [ 141.58372455, 40.53336541 ], [ 141.583737219999989, 40.5333575 ], [ 141.58374042, 40.53334859 ], [ 141.583734310000011, 40.53333825 ], [ 141.583739220000012, 40.53333333 ], [ 141.583740830000011, 40.53333172 ], [ 141.583745940000028, 40.53332423 ], [ 141.583726610000014, 40.53330497 ], [ 141.583725580000021, 40.53329778 ], [ 141.583729800000015, 40.53328569 ], [ 141.58373531, 40.53328025 ], [ 141.583746640000015, 40.53328089 ], [ 141.58378328, 40.53329469 ], [ 141.583799270000014, 40.53329217 ], [ 141.58380209, 40.53328828 ], [ 141.583806160000023, 40.53327286 ], [ 141.583799470000031, 40.53324569 ], [ 141.583784690000016, 40.53322175 ], [ 141.583729660000017, 40.53318933 ], [ 141.583699530000018, 40.5331852 ], [ 141.583678910000032, 40.53318811 ], [ 141.583668660000029, 40.53319044 ], [ 141.583662780000026, 40.53319047 ], [ 141.58365791, 40.53319033 ], [ 141.583650800000015, 40.53318751 ], [ 141.58364355, 40.53318187 ], [ 141.5836362, 40.53317867 ], [ 141.58363097, 40.53317736 ], [ 141.58361886, 40.53317969 ], [ 141.583588750000018, 40.53318977 ], [ 141.58358508, 40.53319036 ], [ 141.58357387, 40.53318953 ], [ 141.583566780000012, 40.53318839 ], [ 141.583535250000011, 40.53318789 ], [ 141.583431890000014, 40.53320044 ], [ 141.58341442, 40.53320084 ], [ 141.58340825, 40.53319969 ], [ 141.58340128, 40.53319803 ], [ 141.583338520000012, 40.53319105 ], [ 141.5833345, 40.53318972 ], [ 141.583333650000014, 40.53318711 ], [ 141.58333375, 40.53318567 ], [ 141.58333586, 40.53318487 ], [ 141.583337640000025, 40.53318467 ], [ 141.58335781, 40.53318489 ], [ 141.58338742, 40.53318405 ], [ 141.58341314, 40.53318075 ], [ 141.583431530000013, 40.53318072 ], [ 141.58345394, 40.53317995 ], [ 141.58347516, 40.53317559 ], [ 141.583508810000012, 40.5331658 ], [ 141.58354355000003, 40.53315956 ], [ 141.583572410000016, 40.53316395 ], [ 141.58360883, 40.53317128 ], [ 141.583615810000026, 40.53317223 ], [ 141.58362409, 40.53317325 ], [ 141.58363331000001, 40.5331732 ], [ 141.583687500000025, 40.53316536 ], [ 141.583707200000021, 40.53316372 ], [ 141.58371003000002, 40.53316244 ], [ 141.58371005, 40.53315595 ], [ 141.583710390000022, 40.53315225 ], [ 141.58370917000002, 40.53314892 ], [ 141.583706300000017, 40.53314605 ], [ 141.583705690000016, 40.53314472 ], [ 141.58370567, 40.53314344 ], [ 141.583710270000012, 40.53314333 ], [ 141.583718200000021, 40.53314267 ], [ 141.583724690000025, 40.53314397 ], [ 141.58373036, 40.533145 ], [ 141.58375003, 40.53315208 ], [ 141.583758030000013, 40.53314914 ], [ 141.58376353, 40.53313417 ], [ 141.58374805, 40.53312167 ], [ 141.583735720000021, 40.5331185 ], [ 141.58369442, 40.53311831 ], [ 141.58367192, 40.53312189 ], [ 141.58365975000001, 40.53312197 ], [ 141.583643380000012, 40.53311469 ], [ 141.583632890000018, 40.53310359 ], [ 141.58362764, 40.53309875 ], [ 141.58362195, 40.53309805 ], [ 141.58360839, 40.53309797 ], [ 141.583603220000015, 40.53310036 ], [ 141.58359983, 40.53310469 ], [ 141.58359633, 40.53310822 ], [ 141.58358633, 40.53311189 ], [ 141.583577030000015, 40.53311351 ], [ 141.58357005000002, 40.53311264 ], [ 141.583564750000022, 40.53311178 ], [ 141.583514, 40.53309131 ], [ 141.583476030000014, 40.53309505 ], [ 141.583452610000023, 40.53310053 ], [ 141.583438050000012, 40.53310844 ], [ 141.583425030000029, 40.53311456 ], [ 141.58340623, 40.53312217 ], [ 141.583333330000016, 40.53312792 ], [ 141.583326500000027, 40.53312844 ], [ 141.583314810000019, 40.53312817 ], [ 141.583303410000013, 40.53312428 ], [ 141.58328742, 40.53311753 ], [ 141.583263500000015, 40.53312047 ], [ 141.583200730000016, 40.53313395 ], [ 141.58317825, 40.53314039 ], [ 141.583158520000012, 40.53315017 ], [ 141.583132310000025, 40.53315853 ], [ 141.583120580000013, 40.53316572 ], [ 141.58310717, 40.53319039 ], [ 141.583093500000018, 40.53319444 ], [ 141.583077660000015, 40.53320336 ], [ 141.583065500000032, 40.5332238 ], [ 141.58305506, 40.53328186 ], [ 141.58304847, 40.53333333 ], [ 141.58304834, 40.5333345 ] ] ], [ [ [ 141.583603860000011, 40.53351797 ], [ 141.58367881, 40.53348513 ], [ 141.583721, 40.53346884 ], [ 141.583769530000012, 40.53342828 ], [ 141.58377737, 40.53341208 ], [ 141.583773990000026, 40.53339464 ], [ 141.58375895, 40.53337889 ], [ 141.583742020000017, 40.53337539 ], [ 141.58372044, 40.53337689 ], [ 141.58369844, 40.53338269 ], [ 141.583680140000013, 40.53339356 ], [ 141.58366272, 40.53339897 ], [ 141.583648830000016, 40.53340275 ], [ 141.58364086, 40.53340695 ], [ 141.58363759, 40.53340913 ], [ 141.58361044, 40.53342992 ], [ 141.58359872, 40.5334482 ], [ 141.58358425000003, 40.53345433 ], [ 141.58356361, 40.53345436 ], [ 141.58355197000003, 40.53346841 ], [ 141.583539800000011, 40.53348992 ], [ 141.583532530000014, 40.533516 ], [ 141.583539140000028, 40.53352639 ], [ 141.583548520000022, 40.53352995 ], [ 141.58356314, 40.53352887 ], [ 141.583603860000011, 40.53351797 ] ] ], [ [ [ 141.58080224, 40.53395689 ], [ 141.580767370000018, 40.5339402 ], [ 141.58073248, 40.5339768 ], [ 141.580727080000031, 40.53400105 ], [ 141.580756160000021, 40.53401484 ], [ 141.580773220000026, 40.53402047 ], [ 141.580808750000017, 40.53403125 ], [ 141.58082944, 40.53400308 ], [ 141.580828200000013, 40.53397484 ], [ 141.58080224, 40.53395689 ] ] ], [ [ [ 141.5809017, 40.53404541 ], [ 141.580934140000011, 40.53404592 ], [ 141.58096419, 40.53399825 ], [ 141.580954470000023, 40.53396184 ], [ 141.580921250000017, 40.5339482 ], [ 141.580853220000023, 40.53396459 ], [ 141.58087258, 40.53401903 ], [ 141.5809017, 40.53404541 ] ] ], [ [ [ 141.58062283000001, 40.53408441 ], [ 141.580650580000025, 40.53408575 ], [ 141.58067431, 40.53407389 ], [ 141.580673170000011, 40.53406805 ], [ 141.58068, 40.53406495 ], [ 141.580712890000029, 40.53407195 ], [ 141.58073905, 40.5340695 ], [ 141.58074234, 40.53406697 ], [ 141.58074922, 40.534059 ], [ 141.580757, 40.53404895 ], [ 141.58075453, 40.53403833 ], [ 141.580751500000019, 40.53403069 ], [ 141.580744450000026, 40.53402192 ], [ 141.580727280000019, 40.53401833 ], [ 141.580698860000012, 40.53401069 ], [ 141.580667660000017, 40.53400675 ], [ 141.580643110000011, 40.53401744 ], [ 141.580628440000027, 40.53402611 ], [ 141.58059817, 40.53404105 ], [ 141.580582240000012, 40.53405323 ], [ 141.58057586000001, 40.53406272 ], [ 141.58057747, 40.53406931 ], [ 141.580598660000021, 40.53407572 ], [ 141.58062283000001, 40.53408441 ] ] ], [ [ [ 141.580825160000018, 40.5341802 ], [ 141.580797830000023, 40.53418595 ], [ 141.58076419, 40.53420714 ], [ 141.58077597, 40.53423553 ], [ 141.58078581, 40.53425069 ], [ 141.580815280000024, 40.53425669 ], [ 141.580846470000012, 40.53425956 ], [ 141.58086745, 40.53425664 ], [ 141.580882780000024, 40.5342452 ], [ 141.58088733, 40.5342205 ], [ 141.580884160000011, 40.5342015 ], [ 141.580868910000021, 40.53418736 ], [ 141.580825160000018, 40.5341802 ] ] ], [ [ [ 141.580690560000022, 40.53432497 ], [ 141.580710470000014, 40.53431233 ], [ 141.580710580000016, 40.53430197 ], [ 141.580720610000014, 40.53428911 ], [ 141.580746840000018, 40.53429128 ], [ 141.580761140000021, 40.53428372 ], [ 141.580759250000028, 40.53427103 ], [ 141.58075964, 40.53425284 ], [ 141.58076205, 40.53422777 ], [ 141.58076109000001, 40.534214 ], [ 141.58074416, 40.53421061 ], [ 141.580722940000015, 40.53422256 ], [ 141.58070953, 40.53422767 ], [ 141.58067144, 40.53422 ], [ 141.58061623, 40.53420117 ], [ 141.580576160000021, 40.53418692 ], [ 141.580551140000011, 40.5341868 ], [ 141.580539470000019, 40.53418717 ], [ 141.580514280000017, 40.53419328 ], [ 141.58046156, 40.53422892 ], [ 141.580450860000013, 40.53424475 ], [ 141.580472410000027, 40.53426225 ], [ 141.580540700000029, 40.53427731 ], [ 141.580592750000022, 40.53429786 ], [ 141.580623060000022, 40.53431622 ], [ 141.58065772, 40.53433411 ], [ 141.580690560000022, 40.53432497 ] ] ], [ [ [ 141.580793090000014, 40.53426884 ], [ 141.580761720000027, 40.53432389 ], [ 141.580844190000022, 40.53434325 ], [ 141.58087283, 40.53427497 ], [ 141.580793090000014, 40.53426884 ] ] ], [ [ [ 141.58037783, 40.53445075 ], [ 141.580335280000014, 40.53447551 ], [ 141.5803592, 40.53454641 ], [ 141.58042953, 40.53454397 ], [ 141.58049105, 40.53453684 ], [ 141.58048545, 40.53447769 ], [ 141.580459140000016, 40.53443777 ], [ 141.58037783, 40.53445075 ] ] ], [ [ [ 141.58041236, 40.53465695 ], [ 141.58048241, 40.53465144 ], [ 141.580540730000024, 40.53463025 ], [ 141.580532580000011, 40.53455547 ], [ 141.58046815, 40.53454589 ], [ 141.580393140000012, 40.53455133 ], [ 141.580369750000017, 40.53460308 ], [ 141.58041236, 40.53465695 ] ] ], [ [ [ 141.580351170000029, 40.53548086 ], [ 141.58032986, 40.53548675 ], [ 141.580319420000023, 40.53550384 ], [ 141.580318980000015, 40.53551636 ], [ 141.580335140000017, 40.5355368 ], [ 141.580366590000011, 40.53554064 ], [ 141.580390310000013, 40.53552905 ], [ 141.58039297000002, 40.53550453 ], [ 141.580377200000015, 40.53548628 ], [ 141.580351170000029, 40.53548086 ] ] ], [ [ [ 141.580672780000015, 40.53712456 ], [ 141.580738810000014, 40.53712692 ], [ 141.580770270000016, 40.53709097 ], [ 141.580773330000028, 40.53703636 ], [ 141.58067614, 40.5370342 ], [ 141.580661410000033, 40.53707817 ], [ 141.580672780000015, 40.53712456 ] ] ], [ [ [ 141.58124036000001, 40.53733739 ], [ 141.58123669, 40.53736875 ], [ 141.581256860000025, 40.53738764 ], [ 141.581279030000019, 40.53739613 ], [ 141.581293359999989, 40.53739092 ], [ 141.581314750000018, 40.53738203 ], [ 141.581335380000013, 40.53735839 ], [ 141.58133995, 40.53733441 ], [ 141.581333990000019, 40.53731931 ], [ 141.581314920000011, 40.53731141 ], [ 141.58125747, 40.53731639 ], [ 141.58124036000001, 40.53733739 ] ] ], [ [ [ 141.58149978, 40.53740911 ], [ 141.58151447000003, 40.53742459 ], [ 141.581562530000014, 40.53743447 ], [ 141.58158878, 40.53741861 ], [ 141.58159501, 40.53738328 ], [ 141.581561280000017, 40.53736631 ], [ 141.581541030000011, 40.53736047 ], [ 141.581511800000015, 40.53736517 ], [ 141.58149713, 40.53738256 ], [ 141.58149978, 40.53740911 ] ] ], [ [ [ 141.581351110000014, 40.53738261 ], [ 141.58131825000001, 40.53740075 ], [ 141.581469140000024, 40.53747613 ], [ 141.581506610000019, 40.53748075 ], [ 141.581527030000018, 40.53747053 ], [ 141.581520950000026, 40.53745336 ], [ 141.58146672, 40.53736656 ], [ 141.58144825, 40.53736008 ], [ 141.581429220000018, 40.53735851 ], [ 141.581411240000023, 40.53736511 ], [ 141.58138713, 40.53737472 ], [ 141.581351110000014, 40.53738261 ] ] ], [ [ [ 141.58237248, 40.53770308 ], [ 141.58238859, 40.53769786 ], [ 141.58240178, 40.53768569 ], [ 141.582402550000012, 40.53766003 ], [ 141.58234017, 40.53764287 ], [ 141.58233109, 40.53764375 ], [ 141.58229455, 40.53766056 ], [ 141.58227975, 40.53767695 ], [ 141.582310390000032, 40.53769277 ], [ 141.58237248, 40.53770308 ] ] ], [ [ [ 141.58242733, 40.53771211 ], [ 141.582413160000016, 40.5377222 ], [ 141.58241591, 40.53774567 ], [ 141.582448170000021, 40.5377588 ], [ 141.58246920000002, 40.53775967 ], [ 141.582493280000023, 40.53774941 ], [ 141.582505380000015, 40.53773456 ], [ 141.582491190000013, 40.53772169 ], [ 141.582461970000026, 40.53771684 ], [ 141.58242733, 40.53771211 ] ] ], [ [ [ 141.581859340000022, 40.53786267 ], [ 141.581851020000016, 40.53785867 ], [ 141.581828980000012, 40.53785161 ], [ 141.581812110000016, 40.53786244 ], [ 141.581798110000022, 40.53790017 ], [ 141.58180847, 40.53790831 ], [ 141.581832890000015, 40.53790633 ], [ 141.581869920000031, 40.53790259 ], [ 141.58189798, 40.53789844 ], [ 141.58193086, 40.53790525 ], [ 141.581941700000016, 40.53790231 ], [ 141.58196733, 40.53788286 ], [ 141.581939440000014, 40.537869 ], [ 141.581895230000015, 40.53785208 ], [ 141.58187988, 40.53785317 ], [ 141.581859340000022, 40.53786267 ] ] ], [ [ [ 141.582209580000011, 40.53874464 ], [ 141.582242630000025, 40.53874377 ], [ 141.582264810000027, 40.53875175 ], [ 141.582297980000021, 40.53876305 ], [ 141.58232684, 40.53876764 ], [ 141.5823417, 40.5387662 ], [ 141.58236803, 40.53875584 ], [ 141.58237462, 40.53875456 ], [ 141.582379590000016, 40.53875559 ], [ 141.582391530000024, 40.53876686 ], [ 141.582396610000018, 40.53876889 ], [ 141.582402170000023, 40.53876859 ], [ 141.58241462, 40.53876347 ], [ 141.582450170000016, 40.53874405 ], [ 141.58245689, 40.53874231 ], [ 141.58247891000002, 40.53874044 ], [ 141.58248538, 40.53873805 ], [ 141.582494380000014, 40.53872989 ], [ 141.582503310000021, 40.53871272 ], [ 141.58250759, 40.53869605 ], [ 141.582507640000017, 40.53867859 ], [ 141.582504230000012, 40.53866814 ], [ 141.582494770000011, 40.53865723 ], [ 141.58248384, 40.53864964 ], [ 141.582464110000018, 40.53864031 ], [ 141.582437, 40.53863139 ], [ 141.58242725, 40.53862578 ], [ 141.582420270000028, 40.53861592 ], [ 141.582418340000032, 40.53859808 ], [ 141.582420140000011, 40.53859267 ], [ 141.58242759, 40.53858317 ], [ 141.58244542, 40.53857244 ], [ 141.582467420000029, 40.53856572 ], [ 141.58251508, 40.53856253 ], [ 141.582528640000021, 40.53856008 ], [ 141.58253625, 40.5385568 ], [ 141.582544550000023, 40.53854856 ], [ 141.582552170000014, 40.53853175 ], [ 141.582555500000012, 40.53851308 ], [ 141.58255472, 40.53844375 ], [ 141.582549560000018, 40.53842487 ], [ 141.582541890000016, 40.53841536 ], [ 141.582531530000011, 40.53840689 ], [ 141.582519390000016, 40.53839967 ], [ 141.58250078, 40.53839275 ], [ 141.582486140000015, 40.53839069 ], [ 141.582471240000018, 40.53839078 ], [ 141.582442870000023, 40.53839495 ], [ 141.582353500000011, 40.53841667 ], [ 141.58234034, 40.53842164 ], [ 141.58233039000001, 40.53842889 ], [ 141.582326670000015, 40.53843495 ], [ 141.58231973, 40.53845797 ], [ 141.582315890000018, 40.53846339 ], [ 141.58231109, 40.53846623 ], [ 141.58229825, 40.53846884 ], [ 141.582257860000027, 40.53846872 ], [ 141.582242050000019, 40.53847028 ], [ 141.582186520000022, 40.53848684 ], [ 141.58212333000003, 40.53850284 ], [ 141.582098200000019, 40.53851469 ], [ 141.582027520000025, 40.53856108 ], [ 141.582002970000019, 40.53857269 ], [ 141.58196419, 40.53858689 ], [ 141.581960830000014, 40.53859214 ], [ 141.58196433, 40.53860123 ], [ 141.581994620000017, 40.53863669 ], [ 141.582013860000018, 40.53868122 ], [ 141.582029300000016, 40.53870041 ], [ 141.58205039, 40.53871667 ], [ 141.582068780000014, 40.53872464 ], [ 141.582090420000014, 40.53872856 ], [ 141.582108340000019, 40.53872708 ], [ 141.582153550000015, 40.53871589 ], [ 141.58216783, 40.53871572 ], [ 141.58217484, 40.53871892 ], [ 141.582192870000029, 40.53873744 ], [ 141.582202610000024, 40.5387435 ], [ 141.582209580000011, 40.53874464 ] ] ], [ [ [ 141.581764940000028, 40.539119 ], [ 141.581769880000024, 40.53911744 ], [ 141.58178569, 40.53911572 ], [ 141.58179698, 40.53911251 ], [ 141.581802, 40.53910805 ], [ 141.58180453, 40.53910236 ], [ 141.581803720000011, 40.53909211 ], [ 141.581793940000011, 40.53908389 ], [ 141.581779250000011, 40.53907939 ], [ 141.581768970000013, 40.53907844 ], [ 141.581733, 40.53908211 ], [ 141.58171905, 40.5390785 ], [ 141.58168477000001, 40.53906487 ], [ 141.58167533, 40.53906456 ], [ 141.58166886, 40.53906667 ], [ 141.58165761, 40.53907487 ], [ 141.581651500000021, 40.5390865 ], [ 141.581653800000026, 40.53910389 ], [ 141.581666330000019, 40.53912595 ], [ 141.581675530000012, 40.5391348 ], [ 141.581682170000022, 40.53913864 ], [ 141.581721890000011, 40.53915405 ], [ 141.581751190000034, 40.53917808 ], [ 141.581756420000033, 40.5391812 ], [ 141.581763890000019, 40.53918269 ], [ 141.58176895, 40.53918059 ], [ 141.58177756, 40.53917117 ], [ 141.58178178, 40.53915817 ], [ 141.581779660000024, 40.5391482 ], [ 141.58176477, 40.53912513 ], [ 141.58176377, 40.53912117 ], [ 141.581764940000028, 40.539119 ] ] ], [ [ [ 141.60160711, 40.51614792 ], [ 141.601598810000013, 40.51615303 ], [ 141.60158825, 40.51615939 ], [ 141.601587060000014, 40.51616751 ], [ 141.601580120000023, 40.51617105 ], [ 141.601571510000014, 40.51616987 ], [ 141.601564380000013, 40.51616847 ], [ 141.60155416, 40.51617241 ], [ 141.60154927, 40.51617856 ], [ 141.60154667, 40.51618541 ], [ 141.60153895000002, 40.51619187 ], [ 141.601523, 40.51619233 ], [ 141.601498440000029, 40.51619044 ], [ 141.601487780000014, 40.51619769 ], [ 141.601487080000027, 40.51620897 ], [ 141.601495250000028, 40.5162208 ], [ 141.601509580000027, 40.51622656 ], [ 141.601532610000021, 40.51622578 ], [ 141.60155158, 40.51622484 ], [ 141.60155925, 40.51622344 ], [ 141.601588080000028, 40.51622675 ], [ 141.60161294, 40.51623561 ], [ 141.60163445, 40.51623689 ], [ 141.60164394, 40.51623061 ], [ 141.6016462, 40.51622214 ], [ 141.601644920000012, 40.51621359 ], [ 141.601648830000016, 40.51620411 ], [ 141.601659970000014, 40.51619953 ], [ 141.60168053000001, 40.51620075 ], [ 141.60169027, 40.51619572 ], [ 141.601691750000015, 40.5161805 ], [ 141.60165158, 40.51614492 ], [ 141.601631090000012, 40.51613822 ], [ 141.601614450000028, 40.5161395 ], [ 141.60160711, 40.51614792 ] ] ], [ [ [ 141.601562550000011, 40.516287 ], [ 141.60159314, 40.51627753 ], [ 141.60159092, 40.51625861 ], [ 141.601574530000022, 40.51625028 ], [ 141.60154112, 40.51624753 ], [ 141.601516980000014, 40.51626217 ], [ 141.60152603, 40.51628111 ], [ 141.601562550000011, 40.516287 ] ] ], [ [ [ 141.60260964, 40.51627697 ], [ 141.602603550000026, 40.51626972 ], [ 141.60258497, 40.51626553 ], [ 141.602565310000017, 40.51626989 ], [ 141.602552, 40.51628133 ], [ 141.60255131, 40.51629205 ], [ 141.602563, 40.51630386 ], [ 141.602583410000022, 40.51630353 ], [ 141.602601390000018, 40.51629695 ], [ 141.60261141, 40.51628723 ], [ 141.60260964, 40.51627697 ] ] ], [ [ [ 141.601512440000022, 40.51645475 ], [ 141.60148575, 40.51644377 ], [ 141.601453970000023, 40.51645084 ], [ 141.601436910000018, 40.5164658 ], [ 141.60142514, 40.51648875 ], [ 141.60144222, 40.51650611 ], [ 141.60146881, 40.51650989 ], [ 141.601501720000016, 40.51649878 ], [ 141.601512, 40.51647792 ], [ 141.601512440000022, 40.51645475 ] ] ], [ [ [ 141.602374940000033, 40.51659736 ], [ 141.60241442, 40.51658241 ], [ 141.60242645, 40.51655017 ], [ 141.602393330000012, 40.51652375 ], [ 141.602333, 40.51652089 ], [ 141.602319220000027, 40.51655559 ], [ 141.60232803, 40.51658192 ], [ 141.602374940000033, 40.51659736 ] ] ], [ [ [ 141.601842050000016, 40.51684903 ], [ 141.601848750000016, 40.51687825 ], [ 141.60187141000003, 40.51689792 ], [ 141.60191261, 40.5169105 ], [ 141.601959140000019, 40.51691364 ], [ 141.60198148, 40.5169052 ], [ 141.60199080000001, 40.51687513 ], [ 141.601987, 40.51685264 ], [ 141.60194453, 40.51682231 ], [ 141.601897200000025, 40.51681992 ], [ 141.601856160000011, 40.51683389 ], [ 141.601842050000016, 40.51684903 ] ] ], [ [ [ 141.60170348, 40.51733178 ], [ 141.601689580000027, 40.51733447 ], [ 141.601686980000011, 40.51734367 ], [ 141.60168144, 40.51735613 ], [ 141.601665380000014, 40.517355 ], [ 141.601636720000016, 40.51736572 ], [ 141.601668140000015, 40.51732814 ], [ 141.601697520000016, 40.51728589 ], [ 141.601705360000011, 40.51725961 ], [ 141.601700390000019, 40.51723831 ], [ 141.60168034, 40.51721656 ], [ 141.601571020000023, 40.51717333 ], [ 141.601545280000011, 40.51716017 ], [ 141.60151872, 40.51714936 ], [ 141.601478440000022, 40.517148 ], [ 141.60147163000002, 40.51712905 ], [ 141.60143272000002, 40.51711239 ], [ 141.60140372, 40.51711392 ], [ 141.601287219999989, 40.51718513 ], [ 141.60124442, 40.51721695 ], [ 141.601250580000027, 40.51724131 ], [ 141.60130503000002, 40.51733884 ], [ 141.60143122, 40.51744533 ], [ 141.601442970000022, 40.51746192 ], [ 141.60144205, 40.51746275 ], [ 141.601461050000012, 40.51748369 ], [ 141.601540490000019, 40.51747579 ], [ 141.60159938000001, 40.51750678 ], [ 141.60163694000002, 40.51751995 ], [ 141.601649470000012, 40.51752189 ], [ 141.60174686000002, 40.51745189 ], [ 141.601762220000012, 40.51743387 ], [ 141.601758030000013, 40.51740633 ], [ 141.601711830000028, 40.51736225 ], [ 141.601716470000014, 40.51735295 ], [ 141.60172477, 40.51733739 ], [ 141.60170348, 40.51733178 ] ] ], [ [ [ 141.60119008, 40.51732878 ], [ 141.60118756, 40.51735439 ], [ 141.60120852, 40.51737189 ], [ 141.601234670000025, 40.51736578 ], [ 141.60125217, 40.51733964 ], [ 141.601258780000023, 40.51730789 ], [ 141.60124438, 40.51728764 ], [ 141.601215500000023, 40.51728089 ], [ 141.60120078, 40.51730322 ], [ 141.60119008, 40.51732878 ] ] ], [ [ [ 141.601094230000029, 40.51736572 ], [ 141.60111828, 40.51737556 ], [ 141.60113669, 40.51736372 ], [ 141.601150390000015, 40.517344 ], [ 141.60115253, 40.51731536 ], [ 141.60114655000001, 40.51729864 ], [ 141.601124090000013, 40.5172932 ], [ 141.6011028, 40.51729984 ], [ 141.601085250000011, 40.51732453 ], [ 141.601083140000014, 40.51734653 ], [ 141.601094230000029, 40.51736572 ] ] ], [ [ [ 141.60089414, 40.51757853 ], [ 141.60089969, 40.51758939 ], [ 141.600936420000011, 40.51758986 ], [ 141.600954890000025, 40.51757469 ], [ 141.600973360000012, 40.51754997 ], [ 141.600977660000012, 40.51753492 ], [ 141.600968490000014, 40.51751661 ], [ 141.6009372, 40.51751544 ], [ 141.600895550000018, 40.51754644 ], [ 141.60089414, 40.51757853 ] ] ], [ [ [ 141.60256175, 40.51774467 ], [ 141.60257859, 40.51773978 ], [ 141.602587200000016, 40.517729 ], [ 141.602585910000016, 40.51771056 ], [ 141.602584940000014, 40.5176875 ], [ 141.60258742000002, 40.51767597 ], [ 141.60259231, 40.51764972 ], [ 141.602567720000025, 40.51761584 ], [ 141.602512720000021, 40.51755361 ], [ 141.60249542, 40.51754786 ], [ 141.6024902, 40.51754341 ], [ 141.60248214, 40.51752059 ], [ 141.602445530000011, 40.51748625 ], [ 141.602425110000013, 40.51747756 ], [ 141.602406640000027, 40.51747039 ], [ 141.60237633, 40.51744356 ], [ 141.60234564000001, 40.51743125 ], [ 141.60231861, 40.51743197 ], [ 141.60229197000001, 40.51744341 ], [ 141.602272559999989, 40.51746003 ], [ 141.602237890000026, 40.51749159 ], [ 141.602223110000011, 40.51750033 ], [ 141.602208110000021, 40.51747928 ], [ 141.602202670000025, 40.51744644 ], [ 141.602178080000016, 40.51743328 ], [ 141.602138270000012, 40.51742047 ], [ 141.60210745, 40.51742661 ], [ 141.60207908000001, 40.517445 ], [ 141.60206294, 40.5174668 ], [ 141.602068980000013, 40.51748892 ], [ 141.60211837, 40.51751536 ], [ 141.602173500000021, 40.51753695 ], [ 141.602214160000017, 40.51756522 ], [ 141.602234450000026, 40.51760384 ], [ 141.60225484, 40.51762323 ], [ 141.60227706, 40.51763723 ], [ 141.602296500000023, 40.51764403 ], [ 141.602324450000026, 40.51765259 ], [ 141.602392220000013, 40.51770797 ], [ 141.60241278, 40.51772008 ], [ 141.602433750000017, 40.51772723 ], [ 141.602474670000021, 40.51773425 ], [ 141.602509170000019, 40.51774772 ], [ 141.60252997, 40.51776108 ], [ 141.602541410000015, 40.517761 ], [ 141.60254795, 40.51775511 ], [ 141.60255294000001, 40.51774789 ], [ 141.60256175, 40.51774467 ] ] ], [ [ [ 141.60208623, 40.51756367 ], [ 141.60190051, 40.51747251 ], [ 141.60187722, 40.5174685 ], [ 141.601860730000027, 40.51748122 ], [ 141.60184056, 40.51759528 ], [ 141.60185895, 40.5176255 ], [ 141.60188611, 40.51764775 ], [ 141.601941220000015, 40.51766864 ], [ 141.601986079999989, 40.51768069 ], [ 141.60213545000002, 40.51776956 ], [ 141.60215302, 40.5177798 ], [ 141.60216756, 40.51778205 ], [ 141.60218462, 40.5177868 ], [ 141.602202700000021, 40.51779084 ], [ 141.6022317, 40.51778784 ], [ 141.602266390000011, 40.51777697 ], [ 141.6022838, 40.51776192 ], [ 141.60228828000001, 40.51774956 ], [ 141.60228423, 40.51772589 ], [ 141.602269080000013, 40.51770167 ], [ 141.602200970000013, 40.51765969 ], [ 141.60216625000001, 40.51764761 ], [ 141.602136280000025, 40.51762764 ], [ 141.60212117, 40.51760422 ], [ 141.60211895, 40.51757514 ], [ 141.60211691, 40.51757364 ], [ 141.60208623, 40.51756367 ] ] ], [ [ [ 141.60121025, 40.51771505 ], [ 141.601236640000025, 40.51770807 ], [ 141.601254920000031, 40.51769568 ], [ 141.601290730000017, 40.51765531 ], [ 141.601278340000022, 40.5176472 ], [ 141.601254450000027, 40.51763089 ], [ 141.60123128, 40.51762841 ], [ 141.60120752, 40.51763597 ], [ 141.601173530000011, 40.51768744 ], [ 141.601180510000034, 40.5177072 ], [ 141.60121025, 40.51771505 ] ] ], [ [ [ 141.602116860000024, 40.5178268 ], [ 141.60211497, 40.51780608 ], [ 141.602075010000021, 40.51778797 ], [ 141.60195302, 40.51771108 ], [ 141.60192475, 40.51771586 ], [ 141.601915470000023, 40.51772953 ], [ 141.601907220000015, 40.51774992 ], [ 141.601895250000013, 40.5177672 ], [ 141.601897300000019, 40.51779169 ], [ 141.601945380000018, 40.5178572 ], [ 141.60197438, 40.5178772 ], [ 141.602003990000014, 40.51788644 ], [ 141.602025280000021, 40.51788956 ], [ 141.60203883, 40.51788647 ], [ 141.602064720000016, 40.51788008 ], [ 141.602087300000022, 40.51786372 ], [ 141.602116860000024, 40.5178268 ] ] ], [ [ [ 141.602143090000027, 40.51791144 ], [ 141.602148590000013, 40.51792978 ], [ 141.602164110000018, 40.517944 ], [ 141.60218314, 40.51795687 ], [ 141.602210970000016, 40.51795647 ], [ 141.602241670000012, 40.51794792 ], [ 141.602269880000023, 40.51794869 ], [ 141.60228795, 40.51794751 ], [ 141.6023035, 40.51793633 ], [ 141.602314580000012, 40.51791608 ], [ 141.60231195, 40.51790005 ], [ 141.602295280000021, 40.51788747 ], [ 141.60225263000001, 40.5178755 ], [ 141.60221825, 40.51787025 ], [ 141.602186030000013, 40.51786956 ], [ 141.60215258, 40.5178858 ], [ 141.602143090000027, 40.51791144 ] ] ], [ [ [ 141.601801630000011, 40.51804378 ], [ 141.60186339, 40.51800392 ], [ 141.601848390000015, 40.51796113 ], [ 141.6017955, 40.51793961 ], [ 141.601742170000023, 40.51791961 ], [ 141.60168966, 40.51789061 ], [ 141.601651530000026, 40.517867 ], [ 141.601633330000027, 40.51786522 ], [ 141.6016037, 40.51787513 ], [ 141.601581050000021, 40.51788647 ], [ 141.601567660000029, 40.51790214 ], [ 141.601568750000013, 40.51792589 ], [ 141.601590860000016, 40.51794836 ], [ 141.601656, 40.51799117 ], [ 141.60167597, 40.51801372 ], [ 141.60171745, 40.51803895 ], [ 141.601748660000027, 40.51804567 ], [ 141.601801630000011, 40.51804378 ] ] ], [ [ [ 141.601129400000019, 40.51778639 ], [ 141.601130080000019, 40.51776883 ], [ 141.601121190000015, 40.51775317 ], [ 141.601015140000015, 40.51771523 ], [ 141.60098163, 40.51770628 ], [ 141.600972870000021, 40.51770192 ], [ 141.60091234, 40.51766341 ], [ 141.60085633, 40.51764569 ], [ 141.60082703, 40.51764256 ], [ 141.600796300000013, 40.51765103 ], [ 141.600773060000023, 40.51767156 ], [ 141.600764920000017, 40.51769167 ], [ 141.60076878000001, 40.51771003 ], [ 141.600725840000024, 40.51776175 ], [ 141.60070608, 40.51776917 ], [ 141.600650700000017, 40.51774369 ], [ 141.60063822, 40.5177578 ], [ 141.6006227, 40.51779431 ], [ 141.600539340000012, 40.51776875 ], [ 141.600499690000021, 40.517759 ], [ 141.60048167, 40.51776103 ], [ 141.600469030000028, 40.51777136 ], [ 141.60043339, 40.51778141 ], [ 141.6004035, 40.51778836 ], [ 141.60039611000002, 40.51780311 ], [ 141.60039949, 40.51781072 ], [ 141.600429140000017, 40.51782297 ], [ 141.60046961, 40.51785341 ], [ 141.600474750000018, 40.51787931 ], [ 141.60049326, 40.51788884 ], [ 141.60051117, 40.51788539 ], [ 141.600530030000016, 40.5179255 ], [ 141.600531410000031, 40.51793389 ], [ 141.600517420000017, 40.51795731 ], [ 141.6005202, 40.51797484 ], [ 141.60052983, 40.51799072 ], [ 141.60049591, 40.51801923 ], [ 141.60050302, 40.51804205 ], [ 141.60052667, 40.51805451 ], [ 141.60053733, 40.51806875 ], [ 141.60054384, 40.51808167 ], [ 141.600506810000013, 40.51808417 ], [ 141.6004982, 40.51809431 ], [ 141.60046222, 40.51807608 ], [ 141.60044109, 40.51807425 ], [ 141.60034416, 40.51815353 ], [ 141.600332830000013, 40.5181952 ], [ 141.60034672, 40.51821251 ], [ 141.600367420000026, 40.5182265 ], [ 141.60040613000001, 40.51823939 ], [ 141.60042253, 40.51824739 ], [ 141.60046961, 40.51828914 ], [ 141.600499110000015, 40.51829911 ], [ 141.60053922, 40.51829659 ], [ 141.60056789, 40.51828505 ], [ 141.60057927, 40.51827175 ], [ 141.60058125, 40.51824795 ], [ 141.600622720000018, 40.51823003 ], [ 141.60062776, 40.51818613 ], [ 141.60065148000001, 40.51817633 ], [ 141.60070761, 40.51815111 ], [ 141.600742890000021, 40.51812953 ], [ 141.600729300000012, 40.51811744 ], [ 141.60064047, 40.51803853 ], [ 141.600645380000032, 40.51801308 ], [ 141.600684360000031, 40.517986 ], [ 141.600714330000017, 40.51800597 ], [ 141.600845530000015, 40.51808705 ], [ 141.600862670000026, 40.51808884 ], [ 141.60086555, 40.51807197 ], [ 141.60087178, 40.51806031 ], [ 141.60089636, 40.51806203 ], [ 141.600911850000017, 40.51806617 ], [ 141.600957780000016, 40.51803659 ], [ 141.600959140000015, 40.5180212 ], [ 141.600934140000021, 40.51800189 ], [ 141.60081789000003, 40.51793892 ], [ 141.600785500000029, 40.51793353 ], [ 141.600778390000016, 40.51793069 ], [ 141.600772940000013, 40.51792084 ], [ 141.600772330000012, 40.51790705 ], [ 141.600841700000018, 40.51786308 ], [ 141.600960140000012, 40.51795292 ], [ 141.60098263, 40.51796077 ], [ 141.60100964, 40.51795853 ], [ 141.60103433, 40.51797177 ], [ 141.601072280000011, 40.51796613 ], [ 141.60108367, 40.51795056 ], [ 141.601083800000026, 40.51793139 ], [ 141.601079920000018, 40.51791077 ], [ 141.600910560000017, 40.51780689 ], [ 141.600911610000026, 40.51778536 ], [ 141.600940390000034, 40.5177532 ], [ 141.600972830000018, 40.51778225 ], [ 141.601001390000022, 40.51779387 ], [ 141.601037640000015, 40.51779525 ], [ 141.60107438, 40.51780887 ], [ 141.60109895, 40.51781067 ], [ 141.6011179, 40.51779931 ], [ 141.601129400000019, 40.51778639 ] ] ], [ [ [ 141.601047640000019, 40.51802933 ], [ 141.601048390000017, 40.51804528 ], [ 141.601071890000014, 40.51805664 ], [ 141.601102500000025, 40.5180595 ], [ 141.601122480000015, 40.51805225 ], [ 141.60113628000002, 40.51804117 ], [ 141.60114428, 40.51802841 ], [ 141.601134230000014, 40.51801714 ], [ 141.601108520000025, 40.51801056 ], [ 141.601080420000017, 40.51800805 ], [ 141.60105397, 40.51801705 ], [ 141.601047640000019, 40.51802933 ] ] ], [ [ [ 141.601126420000014, 40.51807656 ], [ 141.601124810000016, 40.51809141 ], [ 141.601153450000027, 40.51810941 ], [ 141.601180250000027, 40.51810105 ], [ 141.60119261, 40.51807692 ], [ 141.6011737, 40.51806208 ], [ 141.601150530000012, 40.51806053 ], [ 141.601126420000014, 40.51807656 ] ] ], [ [ [ 141.60135112, 40.51811784 ], [ 141.60125756, 40.51809108 ], [ 141.601229800000027, 40.51809944 ], [ 141.601222830000012, 40.51811931 ], [ 141.60122494, 40.51814884 ], [ 141.601238880000011, 40.51817117 ], [ 141.60126097, 40.51819436 ], [ 141.60130756, 40.51821205 ], [ 141.601339920000015, 40.51821472 ], [ 141.6013637, 40.51820861 ], [ 141.60137497, 40.51817313 ], [ 141.60137180000001, 40.51815389 ], [ 141.60136173, 40.51813947 ], [ 141.60135112, 40.51811784 ] ] ], [ [ [ 141.59938358, 40.51822833 ], [ 141.59942462, 40.51823589 ], [ 141.599475750000011, 40.51817739 ], [ 141.59949355, 40.51814387 ], [ 141.59944464, 40.51813939 ], [ 141.599397200000027, 40.51816925 ], [ 141.59938209, 40.51820061 ], [ 141.59938358, 40.51822833 ] ] ], [ [ [ 141.60074319, 40.51820777 ], [ 141.600741309999989, 40.5181888 ], [ 141.60072492, 40.5181782 ], [ 141.600706230000014, 40.5181748 ], [ 141.600684550000011, 40.51818836 ], [ 141.600670050000019, 40.51820089 ], [ 141.600663450000013, 40.51822047 ], [ 141.600676250000021, 40.51823705 ], [ 141.600706420000023, 40.51824269 ], [ 141.600735010000022, 40.51823451 ], [ 141.60074319, 40.51820777 ] ] ], [ [ [ 141.60101056000002, 40.51821403 ], [ 141.60104044000002, 40.51822753 ], [ 141.601076940000013, 40.51824097 ], [ 141.601116860000019, 40.51825456 ], [ 141.601156230000015, 40.51827908 ], [ 141.601211410000019, 40.51830817 ], [ 141.60126058, 40.51831359 ], [ 141.601303380000019, 40.51831105 ], [ 141.60133503000003, 40.51830292 ], [ 141.601351030000018, 40.51828805 ], [ 141.60135481, 40.51826613 ], [ 141.601337640000025, 40.51825086 ], [ 141.601317500000022, 40.51824387 ], [ 141.601292340000015, 40.51824341 ], [ 141.601270510000035, 40.51824264 ], [ 141.60125211, 40.51823295 ], [ 141.60122997000002, 40.51821708 ], [ 141.60121558, 40.5182068 ], [ 141.601203750000025, 40.51819564 ], [ 141.601202, 40.51818528 ], [ 141.601185890000011, 40.518169 ], [ 141.601157890000025, 40.51815659 ], [ 141.601081, 40.51811936 ], [ 141.60104859, 40.51811328 ], [ 141.601017610000014, 40.51811789 ], [ 141.60098722, 40.51813403 ], [ 141.60096997, 40.51815369 ], [ 141.600971, 40.51818113 ], [ 141.600979580000029, 40.5181992 ], [ 141.60101056000002, 40.51821403 ] ] ], [ [ [ 141.601371500000027, 40.5182408 ], [ 141.601382750000027, 40.51824513 ], [ 141.60142217, 40.51827405 ], [ 141.60145995, 40.51828613 ], [ 141.60148601, 40.51828553 ], [ 141.60151192, 40.51828022 ], [ 141.601532390000017, 40.51826586 ], [ 141.60154380000003, 40.518251 ], [ 141.60153392, 40.51823361 ], [ 141.60150844, 40.51822359 ], [ 141.60145302, 40.51819731 ], [ 141.60139333, 40.51818889 ], [ 141.601385640000018, 40.51819677 ], [ 141.60138516, 40.51820747 ], [ 141.601387830000021, 40.51822431 ], [ 141.601371500000027, 40.5182408 ] ] ], [ [ [ 141.602145380000024, 40.51843361 ], [ 141.60214815, 40.5184282 ], [ 141.60215306, 40.51840195 ], [ 141.6021092, 40.51838623 ], [ 141.602071850000016, 40.51838178 ], [ 141.602050140000017, 40.51839228 ], [ 141.60203306, 40.518415 ], [ 141.60203278000003, 40.51843111 ], [ 141.602048490000016, 40.51844533 ], [ 141.60207105, 40.518457 ], [ 141.60210564, 40.51846611 ], [ 141.602144030000034, 40.51844975 ], [ 141.602145380000024, 40.51843361 ] ] ], [ [ [ 141.599516610000023, 40.5183458 ], [ 141.599539490000012, 40.51836528 ], [ 141.599532630000027, 40.51837478 ], [ 141.59950280000001, 40.51837641 ], [ 141.599483390000017, 40.51838069 ], [ 141.59947394, 40.51839284 ], [ 141.599493860000024, 40.51842061 ], [ 141.59956384, 40.51850317 ], [ 141.599665330000022, 40.51859725 ], [ 141.59967859, 40.51860078 ], [ 141.599696300000033, 40.51860164 ], [ 141.599716500000028, 40.51860322 ], [ 141.599752890000019, 40.51862639 ], [ 141.599778660000027, 40.51864172 ], [ 141.599803310000027, 40.518651 ], [ 141.59982864, 40.51865686 ], [ 141.599856860000017, 40.51865778 ], [ 141.59988973, 40.51865214 ], [ 141.6, 40.5186128 ], [ 141.600005470000013, 40.51861084 ], [ 141.600070270000032, 40.51859997 ], [ 141.600118560000027, 40.5186018 ], [ 141.600159420000011, 40.51859317 ], [ 141.600163840000022, 40.51857844 ], [ 141.600096620000016, 40.51854061 ], [ 141.60009997, 40.5185252 ], [ 141.600133450000016, 40.51850075 ], [ 141.600134060000016, 40.51848103 ], [ 141.60010472, 40.5184442 ], [ 141.6, 40.51835833 ], [ 141.59998489, 40.51834595 ], [ 141.599983, 40.51832451 ], [ 141.599976640000023, 40.51829475 ], [ 141.599924750000014, 40.51825617 ], [ 141.59989511, 40.51824467 ], [ 141.59986859, 40.51823772 ], [ 141.599852240000018, 40.51825269 ], [ 141.599795770000014, 40.51824723 ], [ 141.599773890000023, 40.51825395 ], [ 141.599743170000011, 40.51826161 ], [ 141.599638690000035, 40.51821675 ], [ 141.599586390000013, 40.5182142 ], [ 141.599545690000014, 40.5182252 ], [ 141.599525380000017, 40.51824487 ], [ 141.599485360000017, 40.51829475 ], [ 141.59948859, 40.51832103 ], [ 141.599516610000023, 40.5183458 ] ] ], [ [ [ 141.60198542, 40.51844964 ], [ 141.601950950000031, 40.51844753 ], [ 141.60192297, 40.51845717 ], [ 141.60190861000001, 40.51848292 ], [ 141.60193086000001, 40.51850864 ], [ 141.601972090000032, 40.51851223 ], [ 141.602003530000019, 40.51849444 ], [ 141.602003220000029, 40.51846744 ], [ 141.60198542, 40.51844964 ] ] ], [ [ [ 141.60013577, 40.51854892 ], [ 141.600178520000014, 40.51856161 ], [ 141.600198420000027, 40.51855653 ], [ 141.6002009, 40.51854569 ], [ 141.60019639, 40.51853428 ], [ 141.600183890000011, 40.51852464 ], [ 141.600161630000031, 40.51852064 ], [ 141.600142700000021, 40.51852339 ], [ 141.60012805, 40.51853375 ], [ 141.60013577, 40.51854892 ] ] ], [ [ [ 141.600299140000033, 40.51876903 ], [ 141.60032983, 40.5187698 ], [ 141.600342780000034, 40.5187672 ], [ 141.600367170000027, 40.51875408 ], [ 141.60038691, 40.51874675 ], [ 141.600407500000017, 40.51874011 ], [ 141.600414140000026, 40.51873351 ], [ 141.60041211, 40.51872092 ], [ 141.60026141000003, 40.51862886 ], [ 141.600201560000016, 40.51861587 ], [ 141.600122780000021, 40.51862033 ], [ 141.60007973, 40.51862297 ], [ 141.60003756, 40.51862928 ], [ 141.60000044, 40.51864395 ], [ 141.6, 40.5186442 ], [ 141.59997056, 40.51866278 ], [ 141.59996917, 40.51868467 ], [ 141.59999756, 40.51870303 ], [ 141.6, 40.51870417 ], [ 141.600024500000018, 40.51871564 ], [ 141.600050700000025, 40.51872628 ], [ 141.60008416, 40.51873317 ], [ 141.600112630000012, 40.51873389 ], [ 141.60015192, 40.5187328 ], [ 141.60018795000002, 40.51873572 ], [ 141.600203280000017, 40.51874508 ], [ 141.600212410000012, 40.51875953 ], [ 141.60023053, 40.51876497 ], [ 141.600253770000023, 40.51877697 ], [ 141.60026197000002, 40.51878 ], [ 141.60028725, 40.51878244 ], [ 141.600299140000033, 40.51876903 ] ] ], [ [ [ 141.60019445, 40.51885203 ], [ 141.60021642000001, 40.51886253 ], [ 141.60025056, 40.51887553 ], [ 141.600277420000026, 40.51887364 ], [ 141.600300950000019, 40.51885656 ], [ 141.60030842, 40.51883814 ], [ 141.600289780000026, 40.51881844 ], [ 141.600243480000017, 40.51879425 ], [ 141.600215250000019, 40.51879156 ], [ 141.60019105, 40.518782 ], [ 141.600158890000017, 40.51876628 ], [ 141.60010917, 40.5187622 ], [ 141.600074480000018, 40.51877133 ], [ 141.60006905, 40.51878317 ], [ 141.60007798, 40.51879923 ], [ 141.6001109, 40.51880928 ], [ 141.600130920000026, 40.51881553 ], [ 141.600145420000018, 40.51882669 ], [ 141.600156520000013, 40.51882797 ], [ 141.60017739, 40.51883522 ], [ 141.60019445, 40.51885203 ] ] ], [ [ [ 141.600404890000021, 40.51888441 ], [ 141.60038112, 40.51886889 ], [ 141.600342050000023, 40.51887069 ], [ 141.600307250000014, 40.51889128 ], [ 141.60027944, 40.51892677 ], [ 141.600311510000012, 40.51894267 ], [ 141.600349030000018, 40.51894395 ], [ 141.600391, 40.518928 ], [ 141.600411850000029, 40.51890553 ], [ 141.600404890000021, 40.51888441 ] ] ], [ [ [ 141.599781580000013, 40.51923997 ], [ 141.59981944, 40.51924864 ], [ 141.599863670000019, 40.51924492 ], [ 141.59989234, 40.51923375 ], [ 141.599916550000017, 40.51921711 ], [ 141.59992564, 40.51919425 ], [ 141.599925910000024, 40.51916678 ], [ 141.59990248, 40.51915172 ], [ 141.599857470000018, 40.51913805 ], [ 141.59981416, 40.51912656 ], [ 141.599768080000018, 40.51912092 ], [ 141.599721500000015, 40.51911536 ], [ 141.59967995, 40.51911311 ], [ 141.599634, 40.51912053 ], [ 141.599626910000012, 40.51913123 ], [ 141.599636520000018, 40.51914503 ], [ 141.59966681, 40.51917228 ], [ 141.599717560000016, 40.51920447 ], [ 141.599749300000013, 40.51922369 ], [ 141.599781580000013, 40.51923997 ] ] ], [ [ [ 141.60018864, 40.51916972 ], [ 141.600150440000021, 40.51919375 ], [ 141.600168200000013, 40.51922895 ], [ 141.60021389000002, 40.51922205 ], [ 141.60025861, 40.51920033 ], [ 141.60026961, 40.51917089 ], [ 141.600239640000012, 40.51916056 ], [ 141.60018864, 40.51916972 ] ] ], [ [ [ 141.600609530000014, 40.51923672 ], [ 141.600611480000026, 40.51926311 ], [ 141.60065319, 40.51927795 ], [ 141.600687760000028, 40.51926567 ], [ 141.600697670000017, 40.51923597 ], [ 141.60067195000002, 40.51921453 ], [ 141.60064508, 40.51921964 ], [ 141.600609530000014, 40.51923672 ] ] ], [ [ [ 141.600968110000025, 40.51925208 ], [ 141.60096311, 40.51923708 ], [ 141.600957390000019, 40.51922389 ], [ 141.60093973, 40.51921444 ], [ 141.60091355000003, 40.51920714 ], [ 141.60087662, 40.51919751 ], [ 141.60084691, 40.51919059 ], [ 141.600828200000024, 40.51919539 ], [ 141.60081467, 40.51919717 ], [ 141.6008007, 40.51919314 ], [ 141.600787030000021, 40.51918547 ], [ 141.60076883, 40.51918361 ], [ 141.60074248, 40.51918984 ], [ 141.600740030000026, 40.51920317 ], [ 141.60075189, 40.51922875 ], [ 141.60078167, 40.51925395 ], [ 141.60082275000002, 40.51928611 ], [ 141.600863310000022, 40.51931384 ], [ 141.6008883, 40.51933251 ], [ 141.600898110000031, 40.51934341 ], [ 141.60090717, 40.51936192 ], [ 141.60092878, 40.51937286 ], [ 141.60095995, 40.51937517 ], [ 141.60097689, 40.51937092 ], [ 141.600994140000012, 40.51935053 ], [ 141.601016250000015, 40.51933497 ], [ 141.601027080000023, 40.51932259 ], [ 141.601021050000014, 40.51930144 ], [ 141.600994360000016, 40.51927687 ], [ 141.60097961, 40.51926677 ], [ 141.600968110000025, 40.51925208 ] ] ], [ [ [ 141.60021472, 40.5192852 ], [ 141.60022078, 40.51930884 ], [ 141.600233770000017, 40.51933153 ], [ 141.600308080000019, 40.51930584 ], [ 141.60031655, 40.51929261 ], [ 141.600341360000016, 40.51928578 ], [ 141.60029997, 40.51923697 ], [ 141.600281920000015, 40.51923595 ], [ 141.60025464, 40.51925584 ], [ 141.600226740000011, 40.51926269 ], [ 141.600212090000014, 40.51926989 ], [ 141.60021472, 40.5192852 ] ] ], [ [ [ 141.59961453, 40.51928475 ], [ 141.599618690000028, 40.51932103 ], [ 141.59975141000001, 40.51937778 ], [ 141.59979536, 40.5193512 ], [ 141.599777500000016, 40.51931584 ], [ 141.599653140000015, 40.51926731 ], [ 141.59961453, 40.51928475 ] ] ], [ [ [ 141.60032361, 40.519363 ], [ 141.600313310000018, 40.51938089 ], [ 141.600369780000023, 40.51940708 ], [ 141.6004283, 40.51934492 ], [ 141.60041533, 40.51932539 ], [ 141.60039681, 40.51931505 ], [ 141.60037674000003, 40.51931564 ], [ 141.60036394, 40.51932051 ], [ 141.60034375, 40.51934025 ], [ 141.60032361, 40.519363 ] ] ], [ [ [ 141.599663330000027, 40.51942656 ], [ 141.59967438000001, 40.51940253 ], [ 141.59965772000001, 40.51938995 ], [ 141.59953128, 40.51933439 ], [ 141.599470310000015, 40.51930472 ], [ 141.59943927, 40.51930547 ], [ 141.59942328, 40.51932241 ], [ 141.599424090000014, 40.51934041 ], [ 141.599446300000011, 40.51935325 ], [ 141.59947781, 40.51936231 ], [ 141.599504530000019, 40.5193788 ], [ 141.59953234, 40.51939384 ], [ 141.599561670000014, 40.51941084 ], [ 141.59959333, 40.51942459 ], [ 141.599626300000011, 40.51942987 ], [ 141.599663330000027, 40.51942656 ] ] ], [ [ [ 141.600288200000023, 40.51951887 ], [ 141.600314640000022, 40.5194568 ], [ 141.60031569, 40.51943456 ], [ 141.600313640000024, 40.51941 ], [ 141.60030083, 40.51939503 ], [ 141.600256060000021, 40.51937931 ], [ 141.600164550000017, 40.5193555 ], [ 141.60010236, 40.51935636 ], [ 141.600048300000026, 40.51938608 ], [ 141.60003036, 40.51945717 ], [ 141.600029300000017, 40.51948014 ], [ 141.60004555, 40.51950661 ], [ 141.600067780000018, 40.51953211 ], [ 141.60009248, 40.51954456 ], [ 141.600115140000014, 40.51953477 ], [ 141.60013086, 40.51950523 ], [ 141.600144890000024, 40.51950333 ], [ 141.60017815, 40.519573 ], [ 141.600196830000016, 40.51958864 ], [ 141.600225810000012, 40.51958411 ], [ 141.60026156, 40.51955256 ], [ 141.600288200000023, 40.51951887 ] ] ], [ [ [ 141.59957148, 40.51960844 ], [ 141.599584920000012, 40.51959864 ], [ 141.599595500000021, 40.51957272 ], [ 141.599586390000013, 40.51955089 ], [ 141.599560610000026, 40.51953503 ], [ 141.59937384, 40.5194662 ], [ 141.599341440000018, 40.51946236 ], [ 141.599323530000021, 40.51946439 ], [ 141.59933655, 40.51948861 ], [ 141.5993708, 40.51951225 ], [ 141.59939614000001, 40.51954 ], [ 141.5993975, 40.51961672 ], [ 141.599411, 40.51964159 ], [ 141.599435910000011, 40.51965295 ], [ 141.599466910000018, 40.51965192 ], [ 141.599493060000015, 40.51964447 ], [ 141.599521830000015, 40.51964292 ], [ 141.59953733, 40.51963751 ], [ 141.599545620000015, 40.51962908 ], [ 141.599546160000017, 40.51961484 ], [ 141.599554360000013, 40.51960911 ], [ 141.59957148, 40.51960844 ] ] ], [ [ [ 141.597433890000019, 40.51953661 ], [ 141.5974108, 40.51954108 ], [ 141.597396300000014, 40.51955305 ], [ 141.59738289, 40.5195762 ], [ 141.597372, 40.51959428 ], [ 141.597382940000017, 40.51961178 ], [ 141.59743681, 40.51963708 ], [ 141.59746003, 40.5196455 ], [ 141.59748231, 40.51964344 ], [ 141.597501500000021, 40.51960795 ], [ 141.59750961, 40.51959544 ], [ 141.59751825, 40.51958784 ], [ 141.59752397, 40.51958239 ], [ 141.59752623, 40.51957256 ], [ 141.597518340000022, 40.51956189 ], [ 141.59750367, 40.51955939 ], [ 141.59749489, 40.51955708 ], [ 141.597487300000012, 40.51955247 ], [ 141.59748733, 40.51954617 ], [ 141.597478750000022, 40.51953839 ], [ 141.59744791, 40.51953469 ], [ 141.597433890000019, 40.51953661 ] ] ], [ [ [ 141.59908669, 40.51962195 ], [ 141.599113500000016, 40.51964464 ], [ 141.599161170000031, 40.51965277 ], [ 141.599200170000017, 40.51964667 ], [ 141.599206720000012, 40.51963223 ], [ 141.59919844, 40.51961128 ], [ 141.59916659000001, 40.51960033 ], [ 141.599131340000014, 40.51959264 ], [ 141.59909866000001, 40.51959547 ], [ 141.59908669, 40.51962195 ] ] ], [ [ [ 141.599272310000032, 40.52017836 ], [ 141.599279530000018, 40.5201605 ], [ 141.59925078, 40.52012367 ], [ 141.59927934000001, 40.52013292 ], [ 141.59929302, 40.52012411 ], [ 141.59930936, 40.52010608 ], [ 141.599311530000023, 40.52008831 ], [ 141.599289250000027, 40.52006128 ], [ 141.59928611, 40.52003453 ], [ 141.59929073, 40.52000297 ], [ 141.59930577, 40.51997803 ], [ 141.59931577, 40.519954 ], [ 141.599311750000027, 40.51993261 ], [ 141.599217660000022, 40.51984831 ], [ 141.599198050000012, 40.5198358 ], [ 141.599161050000021, 40.51983984 ], [ 141.59913591, 40.51986189 ], [ 141.599134640000017, 40.51986297 ], [ 141.59911175000002, 40.51988475 ], [ 141.599086030000024, 40.51991456 ], [ 141.59906691, 40.51993728 ], [ 141.599056980000029, 40.51996444 ], [ 141.599053, 40.52001131 ], [ 141.59903811, 40.52006005 ], [ 141.599020250000024, 40.52008736 ], [ 141.59902231, 40.52011186 ], [ 141.59904222, 40.52013053 ], [ 141.599054250000023, 40.52022305 ], [ 141.599059970000013, 40.52023975 ], [ 141.599080970000017, 40.52025989 ], [ 141.59910075, 40.52027477 ], [ 141.599139, 40.52027689 ], [ 141.599178640000019, 40.52026436 ], [ 141.59919881, 40.52024389 ], [ 141.59922272, 40.52024092 ], [ 141.599243670000021, 40.52023503 ], [ 141.59924659, 40.52020969 ], [ 141.599258890000016, 40.5201925 ], [ 141.599272310000032, 40.52017836 ] ] ], [ [ [ 141.611384140000013, 40.50834584 ], [ 141.611474690000023, 40.50837117 ], [ 141.6116135, 40.50835295 ], [ 141.6116327, 40.50833333 ], [ 141.611661670000018, 40.50830372 ], [ 141.611491280000024, 40.50821284 ], [ 141.611472310000011, 40.50820431 ], [ 141.611401390000026, 40.50823361 ], [ 141.61136844, 40.50829417 ], [ 141.611380360000027, 40.50833333 ], [ 141.611384140000013, 40.50834584 ] ] ], [ [ [ 141.61125501, 40.50854556 ], [ 141.611309730000016, 40.50856177 ], [ 141.61136163, 40.50858367 ], [ 141.611387370000017, 40.50860367 ], [ 141.61144109, 40.5086162 ], [ 141.611481340000012, 40.50860664 ], [ 141.61151397, 40.50859344 ], [ 141.61153722, 40.50857384 ], [ 141.611526500000025, 40.50854447 ], [ 141.611486610000014, 40.50851384 ], [ 141.61142978, 40.50848684 ], [ 141.611268, 40.50846425 ], [ 141.611204140000012, 40.50846322 ], [ 141.6111893, 40.50847631 ], [ 141.61118289, 40.50849139 ], [ 141.611200170000018, 40.50851578 ], [ 141.61121445, 40.5085272 ], [ 141.61125501, 40.50854556 ] ] ], [ [ [ 141.611496830000021, 40.50940664 ], [ 141.611578520000023, 40.50933989 ], [ 141.61156664, 40.50929108 ], [ 141.61150630000003, 40.50927705 ], [ 141.61143508, 40.50929197 ], [ 141.611348860000021, 40.50930405 ], [ 141.61122817, 40.50927613 ], [ 141.61114222, 40.50930267 ], [ 141.611093610000012, 40.50932308 ], [ 141.611030310000018, 40.50935808 ], [ 141.610940340000013, 40.50937311 ], [ 141.61100872, 40.5094302 ], [ 141.611073160000018, 40.50947289 ], [ 141.61114903, 40.50952417 ], [ 141.611231440000012, 40.5095092 ], [ 141.61130248, 40.50947703 ], [ 141.611388370000014, 40.50944484 ], [ 141.611496830000021, 40.50940664 ] ] ], [ [ [ 141.61188372, 40.50965144 ], [ 141.61196591, 40.50961631 ], [ 141.611840700000016, 40.50953087 ], [ 141.611746300000021, 40.50950278 ], [ 141.611604030000024, 40.50954397 ], [ 141.61164211, 40.50958408 ], [ 141.611725580000012, 40.50963808 ], [ 141.61188372, 40.50965144 ] ] ], [ [ [ 141.612314700000013, 40.51064422 ], [ 141.61247025, 40.51062256 ], [ 141.612473860000023, 40.51058561 ], [ 141.61238302000001, 40.51051784 ], [ 141.612276640000033, 40.51048089 ], [ 141.61209886, 40.51046256 ], [ 141.612015250000013, 40.51049339 ], [ 141.61205691, 40.51061339 ], [ 141.61217442, 40.51064422 ], [ 141.612314700000013, 40.51064422 ] ] ], [ [ [ 141.61234898, 40.51076313 ], [ 141.612220080000014, 40.51079703 ], [ 141.612223700000015, 40.51086175 ], [ 141.612257860000028, 40.5109262 ], [ 141.612371750000023, 40.51096925 ], [ 141.612447590000016, 40.51093869 ], [ 141.6124362, 40.51084314 ], [ 141.612515910000013, 40.51069536 ], [ 141.61246258, 40.51066453 ], [ 141.61234898, 40.51076313 ] ] ], [ [ [ 141.612118830000014, 40.5109615 ], [ 141.61212917, 40.51095711 ], [ 141.612127080000022, 40.51093984 ], [ 141.612124940000029, 40.51090753 ], [ 141.61213139, 40.51090469 ], [ 141.612131190000014, 40.51088687 ], [ 141.612114330000026, 40.51088959 ], [ 141.612092750000016, 40.5108998 ], [ 141.61207969000003, 40.5109135 ], [ 141.612080890000016, 40.51093511 ], [ 141.61209611000001, 40.51095517 ], [ 141.612118830000014, 40.5109615 ] ] ], [ [ [ 141.61143328, 40.51101351 ], [ 141.611399580000011, 40.5110402 ], [ 141.61137803, 40.51105261 ], [ 141.611353450000024, 40.5110498 ], [ 141.611349640000014, 40.51102578 ], [ 141.611344550000013, 40.51100528 ], [ 141.611357030000022, 40.51098133 ], [ 141.611348860000021, 40.51095922 ], [ 141.61126625, 40.51098895 ], [ 141.611250470000016, 40.51102239 ], [ 141.611250220000016, 40.51104086 ], [ 141.61126489, 40.51105533 ], [ 141.61129073, 40.51106364 ], [ 141.611311170000022, 40.51107792 ], [ 141.61133139, 40.51110172 ], [ 141.61134934, 40.51111097 ], [ 141.61138331, 40.51111156 ], [ 141.611418110000017, 40.51111061 ], [ 141.61144066, 40.51110189 ], [ 141.611463140000012, 40.51108517 ], [ 141.611480730000011, 40.51105561 ], [ 141.611478, 40.51104453 ], [ 141.611469360000029, 40.51103272 ], [ 141.611457660000013, 40.51102125 ], [ 141.611444580000011, 40.51101261 ], [ 141.61143328, 40.51101351 ] ] ], [ [ [ 141.61125365, 40.51180556 ], [ 141.611274550000019, 40.51180847 ], [ 141.6112937, 40.51180167 ], [ 141.61129822, 40.51178505 ], [ 141.611301310000016, 40.51176487 ], [ 141.611300340000014, 40.51175192 ], [ 141.611295250000012, 40.51174159 ], [ 141.61127506, 40.51173967 ], [ 141.611260390000012, 40.51174669 ], [ 141.611246280000017, 40.5117512 ], [ 141.61123433, 40.51174859 ], [ 141.61122720000003, 40.51174322 ], [ 141.61121472, 40.51173817 ], [ 141.61119234, 40.51173913 ], [ 141.611175910000014, 40.51174995 ], [ 141.611170730000026, 40.51176953 ], [ 141.61118031, 40.51178136 ], [ 141.61119667, 40.51178764 ], [ 141.611220050000014, 40.51179108 ], [ 141.611236640000016, 40.51179567 ], [ 141.61125365, 40.51180556 ] ] ], [ [ [ 141.611491090000015, 40.51174739 ], [ 141.611460030000018, 40.51174533 ], [ 141.611425360000027, 40.51176853 ], [ 141.61139881, 40.51175792 ], [ 141.61136876, 40.511761 ], [ 141.611349030000014, 40.51177041 ], [ 141.611344480000014, 40.51178484 ], [ 141.61134927, 40.51180139 ], [ 141.61137394, 40.51181203 ], [ 141.61140581, 40.51180317 ], [ 141.611434160000016, 40.51180523 ], [ 141.61146431, 40.51180933 ], [ 141.61151616, 40.51180478 ], [ 141.611555720000013, 40.51180667 ], [ 141.61157455, 40.51180375 ], [ 141.611614030000027, 40.51178833 ], [ 141.611630830000024, 40.51177175 ], [ 141.61162783, 40.51175808 ], [ 141.611614480000014, 40.51174447 ], [ 141.61158817, 40.51174395 ], [ 141.61155611, 40.51174775 ], [ 141.61153633, 40.51175284 ], [ 141.61150905, 40.51175013 ], [ 141.611491090000015, 40.51174739 ] ] ], [ [ [ 141.611193550000024, 40.51197769 ], [ 141.611226610000017, 40.51198036 ], [ 141.61126416, 40.51197297 ], [ 141.611293280000012, 40.51195984 ], [ 141.61130922000001, 40.51194972 ], [ 141.611371390000016, 40.51193859 ], [ 141.61139659, 40.51192264 ], [ 141.61140222, 40.51190964 ], [ 141.61139817, 40.51188661 ], [ 141.61137917, 40.51186522 ], [ 141.611340220000017, 40.51183451 ], [ 141.61130241, 40.51182097 ], [ 141.611274110000011, 40.51182189 ], [ 141.61119659000002, 40.51182195 ], [ 141.611182090000028, 40.51181341 ], [ 141.611172870000019, 40.51180195 ], [ 141.611160580000018, 40.51179131 ], [ 141.61114097, 40.51178884 ], [ 141.61112309, 40.51179247 ], [ 141.61110825, 40.51180661 ], [ 141.61110442, 40.51182113 ], [ 141.611111280000017, 40.51183153 ], [ 141.61113586, 40.51184525 ], [ 141.611140440000014, 40.51185475 ], [ 141.61113691, 40.51186577 ], [ 141.61113236, 40.51187951 ], [ 141.611137300000024, 40.51190892 ], [ 141.611168640000017, 40.51192597 ], [ 141.611176520000015, 40.51196556 ], [ 141.611193550000024, 40.51197769 ] ] ], [ [ [ 141.611962780000027, 40.51191139 ], [ 141.61192861, 40.51184972 ], [ 141.61182222, 40.51181917 ], [ 141.611666940000021, 40.51188361 ], [ 141.611571950000013, 40.51194222 ], [ 141.61169333, 40.51197611 ], [ 141.61190973, 40.51194833 ], [ 141.611962780000027, 40.51191139 ] ] ], [ [ [ 141.610931390000019, 40.51220695 ], [ 141.611056390000016, 40.51214222 ], [ 141.611060270000024, 40.51210528 ], [ 141.61096555, 40.51209611 ], [ 141.610821390000012, 40.51212389 ], [ 141.610745550000019, 40.51218528 ], [ 141.61083639, 40.51221917 ], [ 141.610931390000019, 40.51220695 ] ] ], [ [ [ 141.61030917, 40.51290251 ], [ 141.610286390000027, 40.51293611 ], [ 141.610316940000018, 40.51297305 ], [ 141.61040416, 40.51296695 ], [ 141.610411670000019, 40.51293305 ], [ 141.610373610000011, 40.51290556 ], [ 141.61030917, 40.51290251 ] ] ], [ [ [ 141.608538470000013, 40.51367339 ], [ 141.60849355000002, 40.51366623 ], [ 141.608462870000011, 40.51367633 ], [ 141.608464250000026, 40.51370269 ], [ 141.60848292, 40.51373636 ], [ 141.608507440000011, 40.51375636 ], [ 141.608542920000019, 40.51377133 ], [ 141.60858012, 40.51377489 ], [ 141.608604230000026, 40.51375778 ], [ 141.60860553, 40.51372608 ], [ 141.60858134, 40.51369453 ], [ 141.608538470000013, 40.51367339 ] ] ], [ [ [ 141.607533170000011, 40.51431525 ], [ 141.607509, 40.514309 ], [ 141.607478220000019, 40.5143202 ], [ 141.607465140000016, 40.51435289 ], [ 141.60746623, 40.51437575 ], [ 141.607486280000018, 40.51439525 ], [ 141.607539440000011, 40.51439051 ], [ 141.60755341, 40.51435303 ], [ 141.607533170000011, 40.51431525 ] ] ], [ [ [ 141.609493610000015, 40.51440361 ], [ 141.609345840000032, 40.51435444 ], [ 141.60935333, 40.51442833 ], [ 141.609368610000018, 40.51447139 ], [ 141.6094975, 40.51453917 ], [ 141.60960750000001, 40.51454833 ], [ 141.60959222, 40.51450223 ], [ 141.609493610000015, 40.51440361 ] ] ], [ [ [ 141.611408880000027, 40.51466528 ], [ 141.611416390000016, 40.51458528 ], [ 141.61134834, 40.51453611 ], [ 141.61124584, 40.51452056 ], [ 141.611200270000012, 40.5145975 ], [ 141.611272219999989, 40.51469305 ], [ 141.611370830000027, 40.51470223 ], [ 141.611408880000027, 40.51466528 ] ] ], [ [ [ 141.611025840000025, 40.51472056 ], [ 141.61106, 40.51476695 ], [ 141.611128340000022, 40.51476695 ], [ 141.611120560000018, 40.51471139 ], [ 141.611037220000014, 40.51468667 ], [ 141.611025840000025, 40.51472056 ] ] ], [ [ [ 141.60832438, 40.51487877 ], [ 141.608333330000022, 40.51489059 ], [ 141.608339590000014, 40.51489884 ], [ 141.60835655, 40.51491736 ], [ 141.60837681000001, 40.51493264 ], [ 141.60838747, 40.51493769 ], [ 141.608414470000014, 40.51494597 ], [ 141.608444530000014, 40.51495153 ], [ 141.60847189, 40.51495136 ], [ 141.608488110000025, 40.51493586 ], [ 141.608491250000014, 40.51493141 ], [ 141.60850484, 40.51491133 ], [ 141.608516740000027, 40.51489108 ], [ 141.60851997, 40.51488475 ], [ 141.60853272, 40.5148645 ], [ 141.608549220000015, 40.51485097 ], [ 141.60857361, 40.51483775 ], [ 141.60859978000002, 40.51482639 ], [ 141.60861681, 40.51481925 ], [ 141.608641440000014, 40.51480659 ], [ 141.60866228, 40.51479031 ], [ 141.60867939, 40.51476959 ], [ 141.608682550000026, 40.51474911 ], [ 141.60868111000002, 40.51474623 ], [ 141.60866224, 40.51472844 ], [ 141.608655360000029, 40.51472264 ], [ 141.608636030000014, 40.51470467 ], [ 141.608617890000033, 40.51468659 ], [ 141.60860022, 40.51466861 ], [ 141.608582190000021, 40.51465097 ], [ 141.60856322, 40.51463428 ], [ 141.608541950000017, 40.51461947 ], [ 141.60852864, 40.51461261 ], [ 141.60850209000003, 40.51460244 ], [ 141.608474030000025, 40.51459497 ], [ 141.608463160000014, 40.51459297 ], [ 141.608434230000029, 40.51458947 ], [ 141.608404550000017, 40.51458714 ], [ 141.608390270000029, 40.51458625 ], [ 141.608359580000013, 40.51458511 ], [ 141.608333330000022, 40.51458608 ], [ 141.60832961, 40.51458623 ], [ 141.608302090000024, 40.51459233 ], [ 141.608294810000018, 40.51459572 ], [ 141.6082735, 40.51461144 ], [ 141.60825639, 40.514631 ], [ 141.60824484, 40.51465253 ], [ 141.608242440000026, 40.51466136 ], [ 141.60824095000001, 40.5146838 ], [ 141.60824322000002, 40.51470647 ], [ 141.60824761, 40.51472914 ], [ 141.608253530000013, 40.51475153 ], [ 141.60826122, 40.51477344 ], [ 141.608262170000017, 40.51477561 ], [ 141.608272340000013, 40.51479672 ], [ 141.608284030000021, 40.51481725 ], [ 141.60829664000002, 40.51483761 ], [ 141.60830997, 40.51485797 ], [ 141.60831008, 40.51485833 ], [ 141.60832438, 40.51487877 ] ] ], [ [ [ 141.60954694, 40.51488389 ], [ 141.609622780000024, 40.51490223 ], [ 141.609630270000025, 40.51486833 ], [ 141.609611390000026, 40.51480695 ], [ 141.609580830000027, 40.51474528 ], [ 141.609520270000019, 40.51471444 ], [ 141.609508880000021, 40.51476084 ], [ 141.6094975, 40.51480695 ], [ 141.60954694, 40.51488389 ] ] ], [ [ [ 141.611226940000023, 40.51486833 ], [ 141.611158610000018, 40.51488389 ], [ 141.61115472, 40.51493611 ], [ 141.611226940000023, 40.51494222 ], [ 141.61126861, 40.51493 ], [ 141.611291390000019, 40.51489305 ], [ 141.611226940000023, 40.51486833 ] ] ], [ [ [ 141.60843703, 40.51507939 ], [ 141.608446720000018, 40.51510184 ], [ 141.608456140000015, 40.51511978 ], [ 141.608470050000022, 40.51514041 ], [ 141.608489580000025, 40.51515577 ], [ 141.608503450000029, 40.51516036 ], [ 141.60853348, 40.51516375 ], [ 141.60855752, 40.51516395 ], [ 141.608587, 40.51516197 ], [ 141.60861553, 40.51515753 ], [ 141.60862975, 40.51515392 ], [ 141.608656670000016, 40.5151452 ], [ 141.608683220000017, 40.5151352 ], [ 141.608710030000026, 40.51512475 ], [ 141.608730470000012, 40.51511695 ], [ 141.60875808, 40.5151065 ], [ 141.60878581, 40.51509605 ], [ 141.60881294, 40.51508513 ], [ 141.608838750000018, 40.51507353 ], [ 141.608861750000017, 40.51506041 ], [ 141.608878660000016, 40.515044 ], [ 141.60888528000001, 40.51502422 ], [ 141.60888348, 40.51500084 ], [ 141.608881020000013, 40.51499392 ], [ 141.608866640000031, 40.51497447 ], [ 141.6088562, 40.5149685 ], [ 141.608828500000016, 40.51496139 ], [ 141.60879745, 40.514959 ], [ 141.608766060000022, 40.51496 ], [ 141.60875839000002, 40.51496086 ], [ 141.608729440000019, 40.51496628 ], [ 141.608702390000019, 40.5149745 ], [ 141.60869639, 40.51497678 ], [ 141.60867153, 40.51498856 ], [ 141.60864795, 40.51500277 ], [ 141.608631340000017, 40.51501397 ], [ 141.60860442, 40.51502261 ], [ 141.608596620000014, 40.51502195 ], [ 141.60857134, 40.51501031 ], [ 141.608571970000014, 40.51500264 ], [ 141.608593610000014, 40.51498647 ], [ 141.608623750000021, 40.51497097 ], [ 141.608632310000019, 40.51496631 ], [ 141.60865458, 40.51495256 ], [ 141.608657860000022, 40.51495028 ], [ 141.608678340000012, 40.51493495 ], [ 141.608698560000022, 40.5149185 ], [ 141.60871842, 40.51490133 ], [ 141.60873756, 40.51488364 ], [ 141.608745500000026, 40.51487559 ], [ 141.60875908, 40.51485567 ], [ 141.608759420000013, 40.51485451 ], [ 141.60875869000003, 40.514832 ], [ 141.608753990000025, 40.514825 ], [ 141.608731170000027, 40.51480931 ], [ 141.60870075, 40.51480187 ], [ 141.60869756, 40.51480178 ], [ 141.6086673, 40.51480711 ], [ 141.608640190000017, 40.51481972 ], [ 141.60862185000002, 40.51483733 ], [ 141.608620030000026, 40.5148412 ], [ 141.608616740000031, 40.51486375 ], [ 141.60861345, 40.51488611 ], [ 141.608611020000012, 40.51489097 ], [ 141.608595080000015, 40.51490892 ], [ 141.608573550000017, 40.51492508 ], [ 141.60855036000001, 40.51494092 ], [ 141.608539580000013, 40.51494864 ], [ 141.60851747000001, 40.51496547 ], [ 141.60849608, 40.51498264 ], [ 141.60847564, 40.51500013 ], [ 141.608456830000023, 40.515018 ], [ 141.60844148000001, 40.51503639 ], [ 141.608433330000025, 40.51505608 ], [ 141.608433110000021, 40.5150578 ], [ 141.60843703, 40.51507939 ] ] ], [ [ [ 141.60597458, 40.51522259 ], [ 141.606037110000017, 40.51525272 ], [ 141.606071830000019, 40.51525384 ], [ 141.606115500000016, 40.51524372 ], [ 141.606137080000025, 40.51522403 ], [ 141.60614211, 40.5151878 ], [ 141.606139360000014, 40.51512377 ], [ 141.606137280000013, 40.51510569 ], [ 141.60608597, 40.51509775 ], [ 141.60605691, 40.51510641 ], [ 141.60605302, 40.51508689 ], [ 141.60598339, 40.51507503 ], [ 141.605976450000014, 40.51509595 ], [ 141.605980530000011, 40.51512375 ], [ 141.605979170000012, 40.51515989 ], [ 141.605957610000019, 40.51518236 ], [ 141.60597458, 40.51522259 ] ] ], [ [ [ 141.608856390000028, 40.51526861 ], [ 141.60898167000002, 40.51524084 ], [ 141.60904222, 40.51520084 ], [ 141.60898917, 40.51517305 ], [ 141.60886416, 40.51520084 ], [ 141.60882611, 40.51524084 ], [ 141.608856390000028, 40.51526861 ] ] ], [ [ [ 141.60938, 40.51525611 ], [ 141.609368610000018, 40.51520084 ], [ 141.60927, 40.51519167 ], [ 141.60917889000001, 40.51524084 ], [ 141.609235840000025, 40.51531167 ], [ 141.609326940000017, 40.51530556 ], [ 141.60938, 40.51525611 ] ] ], [ [ [ 141.60573438, 40.51530139 ], [ 141.60571389, 40.51531269 ], [ 141.605694090000014, 40.51531625 ], [ 141.605679030000033, 40.51530805 ], [ 141.60567384, 40.51528764 ], [ 141.605659800000012, 40.51527972 ], [ 141.605626300000011, 40.51528175 ], [ 141.605615810000018, 40.51530228 ], [ 141.60561458, 40.51531884 ], [ 141.605597660000029, 40.51534536 ], [ 141.605577690000018, 40.51537387 ], [ 141.605568200000022, 40.51539877 ], [ 141.605570310000019, 40.51541956 ], [ 141.60559975000001, 40.51543531 ], [ 141.60562647, 40.51543917 ], [ 141.60565105, 40.51544244 ], [ 141.605698500000017, 40.51544347 ], [ 141.60576211, 40.51542205 ], [ 141.605802, 40.51540225 ], [ 141.605803220000013, 40.51538586 ], [ 141.605786860000023, 40.51536795 ], [ 141.605782090000019, 40.51534403 ], [ 141.605781340000021, 40.51530764 ], [ 141.60575975, 40.51529869 ], [ 141.60573438, 40.51530139 ] ] ], [ [ [ 141.605414940000031, 40.51547544 ], [ 141.605401530000023, 40.51552031 ], [ 141.605421440000015, 40.51553808 ], [ 141.605457200000018, 40.51553687 ], [ 141.605484860000018, 40.51552036 ], [ 141.605500120000016, 40.51548236 ], [ 141.605492390000023, 40.51545736 ], [ 141.60544995, 40.51545008 ], [ 141.605414940000031, 40.51547544 ] ] ], [ [ [ 141.608041110000016, 40.51554251 ], [ 141.608052500000014, 40.51549 ], [ 141.608014450000013, 40.51541944 ], [ 141.607911950000016, 40.51541944 ], [ 141.60784750000002, 40.51547777 ], [ 141.60788917, 40.51556389 ], [ 141.607965010000015, 40.51557333 ], [ 141.608041110000016, 40.51554251 ] ] ], [ [ [ 141.60662278, 40.51564695 ], [ 141.60662278, 40.51573333 ], [ 141.60669861, 40.51575777 ], [ 141.606774450000017, 40.51571777 ], [ 141.606774450000017, 40.51565944 ], [ 141.60670611, 40.51564389 ], [ 141.60662278, 40.51564695 ] ] ], [ [ [ 141.60981611, 40.51576084 ], [ 141.609736390000023, 40.51574556 ], [ 141.609561950000028, 40.51577 ], [ 141.609554450000019, 40.51581333 ], [ 141.609634160000013, 40.51585333 ], [ 141.60971, 40.51585639 ], [ 141.609811950000022, 40.51581333 ], [ 141.60981611, 40.51576084 ] ] ], [ [ [ 141.606008340000017, 40.51593611 ], [ 141.606076390000027, 40.51596389 ], [ 141.606125840000033, 40.51595139 ], [ 141.6061675, 40.51592084 ], [ 141.606197780000031, 40.51585611 ], [ 141.606125840000033, 40.51583139 ], [ 141.606019730000014, 40.51586223 ], [ 141.606008340000017, 40.51593611 ] ] ], [ [ [ 141.603576390000029, 40.51606259 ], [ 141.60361674, 40.51604161 ], [ 141.603625640000018, 40.51601489 ], [ 141.603594470000019, 40.51600139 ], [ 141.60354769, 40.51602 ], [ 141.60352839, 40.51604256 ], [ 141.603537610000018, 40.51606589 ], [ 141.603576390000029, 40.51606259 ] ] ], [ [ [ 141.605253330000011, 40.51600084 ], [ 141.60517, 40.51605305 ], [ 141.605200270000012, 40.51610528 ], [ 141.60527611, 40.51611777 ], [ 141.60536722, 40.51604695 ], [ 141.605344450000018, 40.51600084 ], [ 141.605253330000011, 40.51600084 ] ] ], [ [ [ 141.60951639000001, 40.51615444 ], [ 141.609573330000018, 40.51613611 ], [ 141.60965694, 40.51606222 ], [ 141.609675840000023, 40.51601333 ], [ 141.60964555000001, 40.51600389 ], [ 141.609387500000025, 40.51601944 ], [ 141.609440560000024, 40.51610222 ], [ 141.60951639000001, 40.51615444 ] ] ], [ [ [ 141.60274506, 40.51608623 ], [ 141.602740970000013, 40.51607905 ], [ 141.602724030000019, 40.51607384 ], [ 141.60270484, 40.51607687 ], [ 141.602696830000014, 40.51608797 ], [ 141.602700270000014, 40.51610003 ], [ 141.60271825, 40.51610377 ], [ 141.60273669, 40.51609789 ], [ 141.60274506, 40.51608623 ] ] ], [ [ [ 141.602736390000018, 40.51612267 ], [ 141.602732870000011, 40.51614277 ], [ 141.60274852, 40.51615186 ], [ 141.6027718, 40.51614395 ], [ 141.60278625, 40.51611639 ], [ 141.602775940000015, 40.51610439 ], [ 141.60275311, 40.51610805 ], [ 141.602736390000018, 40.51612267 ] ] ], [ [ [ 141.60288341, 40.5161922 ], [ 141.602905140000018, 40.51617369 ], [ 141.602908140000011, 40.51614744 ], [ 141.602888150000013, 40.51612211 ], [ 141.60284630000001, 40.51613653 ], [ 141.602837, 40.51616811 ], [ 141.602851750000013, 40.51619033 ], [ 141.60288341, 40.5161922 ] ] ], [ [ [ 141.604823220000014, 40.51627472 ], [ 141.604802830000011, 40.51627695 ], [ 141.60478211, 40.5162815 ], [ 141.604760340000013, 40.51628533 ], [ 141.6047365, 40.51628747 ], [ 141.604716280000019, 40.51629264 ], [ 141.604706390000018, 40.51630433 ], [ 141.604701630000022, 40.516323 ], [ 141.60470375, 40.51634253 ], [ 141.604711190000017, 40.51636384 ], [ 141.604722630000026, 40.5163842 ], [ 141.604723580000012, 40.51638544 ], [ 141.60474008, 40.51640425 ], [ 141.604761530000019, 40.51642005 ], [ 141.604789, 40.51642941 ], [ 141.604818280000018, 40.51643075 ], [ 141.60484175000002, 40.51641941 ], [ 141.60485542, 40.51640736 ], [ 141.60486577, 40.51639505 ], [ 141.60486939, 40.51638114 ], [ 141.60486706, 40.51636244 ], [ 141.604859250000032, 40.51634933 ], [ 141.604851, 40.51634039 ], [ 141.60484211, 40.51632756 ], [ 141.60484326, 40.51631278 ], [ 141.60484922, 40.51629961 ], [ 141.60484678, 40.51629061 ], [ 141.604823220000014, 40.51627472 ] ] ], [ [ [ 141.60335964, 40.51653828 ], [ 141.603384140000031, 40.51653433 ], [ 141.60340231, 40.51653451 ], [ 141.60342272, 40.51654489 ], [ 141.603445030000017, 40.51654564 ], [ 141.603461110000012, 40.51653805 ], [ 141.603470640000012, 40.51652531 ], [ 141.60347815, 40.5165085 ], [ 141.60347411, 40.51649817 ], [ 141.603459610000016, 40.51648828 ], [ 141.603450220000013, 40.51648364 ], [ 141.603433280000019, 40.51647728 ], [ 141.603418560000023, 40.51647044 ], [ 141.60340358, 40.51646108 ], [ 141.60339694000001, 40.51644717 ], [ 141.603391390000013, 40.5164355 ], [ 141.603375140000026, 40.51642947 ], [ 141.60336872000002, 40.51641447 ], [ 141.60334803, 40.51640031 ], [ 141.603319200000016, 40.51639733 ], [ 141.603293770000022, 40.51639428 ], [ 141.60326674, 40.51639364 ], [ 141.60325361, 40.51639986 ], [ 141.603251630000017, 40.51641195 ], [ 141.60325742, 40.51642253 ], [ 141.60326022000001, 40.51643223 ], [ 141.603260730000017, 40.5164442 ], [ 141.60326136, 40.51645789 ], [ 141.60326211, 40.51646303 ], [ 141.603279440000023, 40.51648064 ], [ 141.60330542, 40.51649272 ], [ 141.603327780000029, 40.51649769 ], [ 141.60333472, 40.51650631 ], [ 141.603337220000014, 40.51651844 ], [ 141.60334078, 40.51653003 ], [ 141.60335964, 40.51653828 ] ] ], [ [ [ 141.604524140000024, 40.51654872 ], [ 141.60452564, 40.51652503 ], [ 141.60442416, 40.5164548 ], [ 141.60438292, 40.51649978 ], [ 141.60442156000002, 40.51652589 ], [ 141.60449506, 40.51655314 ], [ 141.604524140000024, 40.51654872 ] ] ], [ [ [ 141.602986250000015, 40.51658005 ], [ 141.602975840000028, 40.51656723 ], [ 141.60297183, 40.51655664 ], [ 141.60295645, 40.51654313 ], [ 141.60292783, 40.51653856 ], [ 141.602915310000014, 40.51653728 ], [ 141.602900120000015, 40.51653884 ], [ 141.60288961, 40.516548 ], [ 141.602874190000023, 40.51655377 ], [ 141.60285423000002, 40.51654967 ], [ 141.60283772, 40.51654223 ], [ 141.60282236, 40.51653936 ], [ 141.602808720000013, 40.51654439 ], [ 141.60280272, 40.51655714 ], [ 141.602802630000014, 40.51657028 ], [ 141.602801530000022, 40.51658525 ], [ 141.602806160000029, 40.5165988 ], [ 141.60281355, 40.51660497 ], [ 141.602839390000014, 40.51661633 ], [ 141.602864550000021, 40.51661751 ], [ 141.602874860000014, 40.51661095 ], [ 141.602888690000015, 40.51660347 ], [ 141.60290992000003, 40.51660144 ], [ 141.60293525, 40.51660956 ], [ 141.60295333000002, 40.51662097 ], [ 141.60297294, 40.51662392 ], [ 141.60299183, 40.51662305 ], [ 141.603000580000014, 40.51661453 ], [ 141.603001170000027, 40.516604 ], [ 141.60299361, 40.51659323 ], [ 141.602986250000015, 40.51658005 ] ] ], [ [ [ 141.602613890000015, 40.51668084 ], [ 141.60255694, 40.51671777 ], [ 141.6026175, 40.51677 ], [ 141.602674450000023, 40.51677333 ], [ 141.60270472, 40.51673 ], [ 141.602712500000024, 40.51668695 ], [ 141.602613890000015, 40.51668084 ] ] ], [ [ [ 141.60263667000001, 40.51712111 ], [ 141.602549440000018, 40.51717028 ], [ 141.602571950000026, 40.51719805 ], [ 141.602625280000012, 40.51719805 ], [ 141.60269722000001, 40.51714251 ], [ 141.60263667000001, 40.51712111 ] ] ], [ [ [ 141.646833750000013, 40.47610805 ], [ 141.646883310000021, 40.47609041 ], [ 141.646898, 40.47605797 ], [ 141.646888690000026, 40.4760385 ], [ 141.646862700000014, 40.47601444 ], [ 141.646829270000012, 40.4759928 ], [ 141.64677939, 40.4759828 ], [ 141.64675555, 40.47600953 ], [ 141.646757200000025, 40.47601989 ], [ 141.64676189, 40.47603597 ], [ 141.64680436, 40.47604836 ], [ 141.64678514000002, 40.47607613 ], [ 141.646800440000021, 40.47610369 ], [ 141.646833750000013, 40.47610805 ] ] ], [ [ [ 141.646329920000028, 40.47598984 ], [ 141.646399270000018, 40.47598125 ], [ 141.646426250000019, 40.47596953 ], [ 141.646380560000011, 40.47593641 ], [ 141.646312440000031, 40.47591969 ], [ 141.646246030000015, 40.475919 ], [ 141.646190420000011, 40.47593444 ], [ 141.64613326, 40.47594644 ], [ 141.646109270000011, 40.47596284 ], [ 141.646112530000011, 40.47597775 ], [ 141.646123140000014, 40.47598689 ], [ 141.646120390000021, 40.4760042 ], [ 141.64607394, 40.47603459 ], [ 141.64606661000002, 40.47605428 ], [ 141.64603975, 40.4760752 ], [ 141.646001970000015, 40.47607203 ], [ 141.645947690000014, 40.47607017 ], [ 141.64588294, 40.47609033 ], [ 141.645881170000024, 40.47610917 ], [ 141.64589511, 40.47614022 ], [ 141.64592134, 40.47618156 ], [ 141.645958, 40.47621931 ], [ 141.64600189, 40.47623161 ], [ 141.6460682, 40.47622305 ], [ 141.64611883, 40.47621792 ], [ 141.646143670000015, 40.47623277 ], [ 141.6461318, 40.47624672 ], [ 141.646126080000016, 40.476271 ], [ 141.64617475, 40.47630641 ], [ 141.64621717, 40.47631414 ], [ 141.64628944, 40.47630084 ], [ 141.64636163000003, 40.47628411 ], [ 141.646433770000016, 40.47626047 ], [ 141.6464908, 40.47623584 ], [ 141.646518970000017, 40.4761952 ], [ 141.646491700000013, 40.47618387 ], [ 141.646404330000024, 40.47619608 ], [ 141.646349860000015, 40.47618623 ], [ 141.64629856000002, 40.47618656 ], [ 141.64626995, 40.47619028 ], [ 141.64626361, 40.47616492 ], [ 141.64629930000001, 40.47612317 ], [ 141.64634128000003, 40.47610205 ], [ 141.646398560000023, 40.47609814 ], [ 141.64642881, 40.47610253 ], [ 141.64646783, 40.47608261 ], [ 141.64642114, 40.4760445 ], [ 141.64635611, 40.47603117 ], [ 141.64630956000002, 40.47605347 ], [ 141.646282360000015, 40.47604672 ], [ 141.646286420000024, 40.47601211 ], [ 141.646329920000028, 40.47598984 ] ] ], [ [ [ 141.648848610000016, 40.47654361 ], [ 141.64883389000002, 40.47663389 ], [ 141.648885550000017, 40.47668167 ], [ 141.649015840000033, 40.47672833 ], [ 141.649055550000014, 40.47672833 ], [ 141.649098880000025, 40.47671444 ], [ 141.649106110000019, 40.47668389 ], [ 141.64909917, 40.47658028 ], [ 141.64906611, 40.47654944 ], [ 141.648900270000013, 40.47649861 ], [ 141.648874450000022, 40.47651 ], [ 141.648848610000016, 40.47654361 ] ] ], [ [ [ 141.645587300000017, 40.47689361 ], [ 141.645557950000011, 40.47688392 ], [ 141.645532440000011, 40.47690264 ], [ 141.645541800000018, 40.47692669 ], [ 141.64555722, 40.476952 ], [ 141.645585970000013, 40.47695872 ], [ 141.64563927, 40.47694864 ], [ 141.64565572, 40.47693464 ], [ 141.645632830000011, 40.476914 ], [ 141.645587300000017, 40.47689361 ] ] ], [ [ [ 141.64381078, 40.47805031 ], [ 141.643828720000016, 40.47804092 ], [ 141.64384783, 40.47799341 ], [ 141.64383056, 40.47793814 ], [ 141.64379392, 40.4779038 ], [ 141.64375594, 40.47789489 ], [ 141.643730340000019, 40.47790317 ], [ 141.64371275000002, 40.4779415 ], [ 141.643707300000017, 40.47799808 ], [ 141.64371953, 40.47800495 ], [ 141.643777280000023, 40.478031 ], [ 141.64381078, 40.47805031 ] ] ], [ [ [ 141.643564310000016, 40.47804323 ], [ 141.64353986, 40.47801917 ], [ 141.64349898, 40.47801369 ], [ 141.643455250000017, 40.47802677 ], [ 141.643458690000017, 40.47805792 ], [ 141.64347878, 40.47809931 ], [ 141.643502970000014, 40.47810031 ], [ 141.64352406, 40.47808853 ], [ 141.643543530000017, 40.47808028 ], [ 141.643564640000022, 40.47807086 ], [ 141.643564310000016, 40.47804323 ] ] ], [ [ [ 141.640307300000018, 40.47952411 ], [ 141.640312280000018, 40.47954586 ], [ 141.64032911000001, 40.47955241 ], [ 141.64035783, 40.47952825 ], [ 141.64035852, 40.47949656 ], [ 141.640379100000018, 40.47946444 ], [ 141.640357280000018, 40.47944361 ], [ 141.640318520000022, 40.47945639 ], [ 141.64030917, 40.47948384 ], [ 141.640307300000018, 40.47952411 ] ] ], [ [ [ 141.637878640000025, 40.48054425 ], [ 141.637877950000018, 40.48051597 ], [ 141.63784992, 40.48050897 ], [ 141.63781555, 40.48051605 ], [ 141.637818110000012, 40.48054105 ], [ 141.637823090000012, 40.48057408 ], [ 141.63780189, 40.48059675 ], [ 141.63781319, 40.48061513 ], [ 141.637849390000014, 40.48061272 ], [ 141.637879360000028, 40.48059431 ], [ 141.637910510000012, 40.48058528 ], [ 141.637933530000026, 40.48057728 ], [ 141.6379628, 40.48054933 ], [ 141.637944770000018, 40.48053189 ], [ 141.63790294, 40.4805348 ], [ 141.637878640000025, 40.48054425 ] ] ], [ [ [ 141.63990988, 40.48203267 ], [ 141.639905770000013, 40.48204253 ], [ 141.63991458000001, 40.48205903 ], [ 141.63991475, 40.48207433 ], [ 141.63993066, 40.48208305 ], [ 141.639955140000012, 40.48207739 ], [ 141.639954940000024, 40.48206092 ], [ 141.639957520000024, 40.48204108 ], [ 141.63994876000001, 40.48202575 ], [ 141.639932890000011, 40.48202261 ], [ 141.63990988, 40.48203267 ] ] ], [ [ [ 141.639044750000011, 40.48222884 ], [ 141.639059560000021, 40.48220567 ], [ 141.63906891000002, 40.48220947 ], [ 141.639069080000013, 40.48222208 ], [ 141.639060120000011, 40.48225133 ], [ 141.63905519, 40.48226397 ], [ 141.63906112, 40.48227547 ], [ 141.63908122, 40.48227144 ], [ 141.639099970000018, 40.48227025 ], [ 141.639104250000031, 40.48226417 ], [ 141.639112610000012, 40.48224269 ], [ 141.639100750000011, 40.48221864 ], [ 141.63911353, 40.48220141 ], [ 141.639129420000017, 40.48217989 ], [ 141.63912339, 40.48214805 ], [ 141.63908433, 40.48213625 ], [ 141.639029490000013, 40.4821278 ], [ 141.638967590000021, 40.48212941 ], [ 141.638935910000015, 40.48213286 ], [ 141.638905640000019, 40.4821375 ], [ 141.638881240000018, 40.48213984 ], [ 141.638842410000024, 40.48214559 ], [ 141.638833920000025, 40.48215556 ], [ 141.638826860000023, 40.48216775 ], [ 141.63885144, 40.48218184 ], [ 141.638856420000025, 40.48220375 ], [ 141.638865110000012, 40.48220984 ], [ 141.638881020000014, 40.48221025 ], [ 141.638894670000013, 40.48220467 ], [ 141.638905940000029, 40.4821908 ], [ 141.63890372, 40.48218317 ], [ 141.6389217, 40.48217692 ], [ 141.638939530000016, 40.48216967 ], [ 141.63895109, 40.48217013 ], [ 141.63896211, 40.48218492 ], [ 141.63895864, 40.48220033 ], [ 141.638953, 40.48221192 ], [ 141.638952390000014, 40.4822202 ], [ 141.638966740000029, 40.48221787 ], [ 141.638972610000025, 40.48222384 ], [ 141.638993480000011, 40.48222208 ], [ 141.63899125, 40.48221444 ], [ 141.63901428, 40.48221697 ], [ 141.63901597, 40.4822302 ], [ 141.63902464, 40.48223447 ], [ 141.639044750000011, 40.48222884 ] ] ], [ [ [ 141.63876761, 40.48257822 ], [ 141.638720390000032, 40.48260387 ], [ 141.638735060000016, 40.48262789 ], [ 141.63873966, 40.48264767 ], [ 141.63871533, 40.48266541 ], [ 141.638717, 40.48267639 ], [ 141.63872294, 40.4826995 ], [ 141.63870725000001, 40.48270941 ], [ 141.638700250000028, 40.48272603 ], [ 141.638726470000023, 40.48274784 ], [ 141.638713700000011, 40.48276439 ], [ 141.638709580000011, 40.48278641 ], [ 141.63873433, 40.48280489 ], [ 141.63872163000002, 40.48282811 ], [ 141.638724670000016, 40.48284459 ], [ 141.638743800000015, 40.48287631 ], [ 141.63873608, 40.48289069 ], [ 141.638704690000026, 40.48292053 ], [ 141.638706420000034, 40.48294584 ], [ 141.638735500000024, 40.48295995 ], [ 141.63877014000002, 40.48296628 ], [ 141.63881623, 40.48296372 ], [ 141.63882949, 40.48299 ], [ 141.638865720000013, 40.48301184 ], [ 141.638901950000019, 40.48303247 ], [ 141.63892791, 40.48303336 ], [ 141.638966910000022, 40.48303967 ], [ 141.63898769, 40.48303187 ], [ 141.63898462, 40.48300984 ], [ 141.639010250000013, 40.48299425 ], [ 141.63902302, 40.48297767 ], [ 141.6390518, 40.48296872 ], [ 141.639047060000024, 40.48293464 ], [ 141.639049560000018, 40.48290823 ], [ 141.639034940000016, 40.48288969 ], [ 141.639028560000014, 40.48283803 ], [ 141.639029640000018, 40.48280067 ], [ 141.63905377, 40.48277744 ], [ 141.63902898, 40.48274456 ], [ 141.63897964, 40.48272292 ], [ 141.638945080000013, 40.48272208 ], [ 141.638926130000016, 40.4827068 ], [ 141.638866980000017, 40.48269075 ], [ 141.63885506, 40.4826612 ], [ 141.63881611, 40.48265814 ], [ 141.63880287, 40.48263517 ], [ 141.63883555000001, 40.48259864 ], [ 141.63880925, 40.48256911 ], [ 141.63876761, 40.48257822 ] ] ], [ [ [ 141.639232920000012, 40.48294325 ], [ 141.63924861000001, 40.48292333 ], [ 141.639242610000025, 40.48290472 ], [ 141.639203670000029, 40.48290275 ], [ 141.639179340000027, 40.48291067 ], [ 141.63917659, 40.48292825 ], [ 141.6391925, 40.48293695 ], [ 141.63917691, 40.48295464 ], [ 141.639165470000023, 40.48296569 ], [ 141.639181580000013, 40.48297989 ], [ 141.639204580000012, 40.48297975 ], [ 141.639206300000012, 40.48300503 ], [ 141.639235250000013, 40.48300925 ], [ 141.639252280000022, 40.4829948 ], [ 141.63924058, 40.48297184 ], [ 141.639232920000012, 40.48294325 ] ] ], [ [ [ 141.63938808, 40.48302792 ], [ 141.63937489, 40.48300936 ], [ 141.639344670000014, 40.48300622 ], [ 141.63933462, 40.48301405 ], [ 141.63933472, 40.48302278 ], [ 141.639326160000024, 40.48302725 ], [ 141.639327760000015, 40.48304264 ], [ 141.63934523, 40.48305351 ], [ 141.63936114, 40.48306331 ], [ 141.63937992000001, 40.48306533 ], [ 141.639382580000017, 40.48304992 ], [ 141.63938808, 40.48302792 ] ] ], [ [ [ 141.639250120000014, 40.48304975 ], [ 141.63922703, 40.48305217 ], [ 141.639173890000023, 40.48305687 ], [ 141.639146470000014, 40.48306147 ], [ 141.63914234, 40.48307033 ], [ 141.63914545, 40.48309453 ], [ 141.639165750000018, 40.48310539 ], [ 141.639177610000019, 40.4831305 ], [ 141.639180470000014, 40.48313492 ], [ 141.6392165, 40.48312917 ], [ 141.639232170000014, 40.48311697 ], [ 141.639241020000014, 40.4831378 ], [ 141.63926125, 40.48314317 ], [ 141.63928302, 40.48314851 ], [ 141.639294330000013, 40.48313636 ], [ 141.639286810000016, 40.48311003 ], [ 141.639257500000014, 40.48306511 ], [ 141.639250120000014, 40.48304975 ] ] ], [ [ [ 141.638903060000018, 40.48332028 ], [ 141.63884778000002, 40.48329223 ], [ 141.63880361, 40.48328639 ], [ 141.63873361, 40.48331195 ], [ 141.638720730000017, 40.48333333 ], [ 141.63871167, 40.48334833 ], [ 141.63873, 40.48340195 ], [ 141.638766940000011, 40.48344667 ], [ 141.63877416, 40.48348056 ], [ 141.638807500000013, 40.48352556 ], [ 141.63888472, 40.48356223 ], [ 141.638943330000018, 40.48356305 ], [ 141.638969440000011, 40.48354305 ], [ 141.638995280000017, 40.48348889 ], [ 141.63898778, 40.48344667 ], [ 141.638911800000017, 40.48333333 ], [ 141.638903060000018, 40.48332028 ] ] ], [ [ [ 141.632320920000012, 40.49256672 ], [ 141.632253390000017, 40.49263167 ], [ 141.63219306000002, 40.49266767 ], [ 141.632184140000021, 40.49268159 ], [ 141.63219197, 40.4926955 ], [ 141.63226036, 40.49276411 ], [ 141.632274750000022, 40.49280247 ], [ 141.63230589, 40.49282261 ], [ 141.63237122000001, 40.49282105 ], [ 141.632381830000014, 40.49281875 ], [ 141.63238769, 40.49280717 ], [ 141.63238881, 40.49278041 ], [ 141.6324175, 40.4927642 ], [ 141.632417170000025, 40.49274447 ], [ 141.63238633, 40.49273172 ], [ 141.63236681, 40.49274553 ], [ 141.63234083, 40.49274444 ], [ 141.632325280000032, 40.492727 ], [ 141.632372190000012, 40.49270264 ], [ 141.632411110000021, 40.4926632 ], [ 141.63240389, 40.49260047 ], [ 141.63237139, 40.492576 ], [ 141.63233761, 40.4925632 ], [ 141.632320920000012, 40.49256672 ] ] ], [ [ [ 141.632075380000032, 40.49309033 ], [ 141.6321292, 40.49311247 ], [ 141.632234330000017, 40.4931058 ], [ 141.63232739, 40.4931022 ], [ 141.63232703, 40.49308236 ], [ 141.632306910000011, 40.49306728 ], [ 141.632249950000016, 40.49303941 ], [ 141.63220698, 40.49302539 ], [ 141.632162780000016, 40.49302884 ], [ 141.632111, 40.49303108 ], [ 141.63209053, 40.49299511 ], [ 141.632063, 40.49299161 ], [ 141.632023530000026, 40.49300441 ], [ 141.632022580000012, 40.49303459 ], [ 141.63204747, 40.49306595 ], [ 141.632075380000032, 40.49309033 ] ] ], [ [ [ 141.63222056, 40.49332584 ], [ 141.63219501, 40.49331751 ], [ 141.632150560000014, 40.49332305 ], [ 141.632069730000012, 40.49341305 ], [ 141.632065840000024, 40.49344417 ], [ 141.632088050000021, 40.49348084 ], [ 141.632117500000021, 40.49349472 ], [ 141.632201950000024, 40.49347751 ], [ 141.632214450000021, 40.49344722 ], [ 141.632268610000011, 40.49340472 ], [ 141.63224639, 40.49334556 ], [ 141.63222056, 40.49332584 ] ] ], [ [ [ 141.63588501000001, 40.49363167 ], [ 141.635963060000023, 40.49359056 ], [ 141.63597805, 40.49356528 ], [ 141.63597056, 40.49353417 ], [ 141.63593361, 40.49352305 ], [ 141.635852780000022, 40.49352584 ], [ 141.63577167, 40.49350889 ], [ 141.63574222, 40.49351722 ], [ 141.635712780000034, 40.49354833 ], [ 141.635708890000018, 40.49358222 ], [ 141.63573861, 40.49361861 ], [ 141.63576416, 40.49363278 ], [ 141.63585611000002, 40.493635 ], [ 141.63588501000001, 40.49363167 ] ] ], [ [ [ 141.635147780000011, 40.49382223 ], [ 141.635163330000012, 40.49384251 ], [ 141.635168890000017, 40.49387667 ], [ 141.635194450000029, 40.49388333 ], [ 141.63538112, 40.49388611 ], [ 141.635406940000024, 40.49386639 ], [ 141.63541416000001, 40.49384389 ], [ 141.635403330000031, 40.49376805 ], [ 141.63536278, 40.49373972 ], [ 141.63531472, 40.49373417 ], [ 141.635168890000017, 40.49378472 ], [ 141.63515, 40.4938025 ], [ 141.635147780000011, 40.49382223 ] ] ], [ [ [ 141.633009690000023, 40.49407969 ], [ 141.63297472, 40.49407072 ], [ 141.63289881, 40.49409584 ], [ 141.632858490000018, 40.49409992 ], [ 141.6328373, 40.49410203 ], [ 141.63286075, 40.49413097 ], [ 141.632910080000016, 40.4941918 ], [ 141.63291139, 40.49419141 ], [ 141.63291136, 40.49419339 ], [ 141.63291883, 40.49420261 ], [ 141.63293711, 40.49419972 ], [ 141.632955690000017, 40.49419677 ], [ 141.632980730000014, 40.49419859 ], [ 141.63301589, 40.49420295 ], [ 141.633043220000019, 40.49420633 ], [ 141.63310469000001, 40.49422772 ], [ 141.633155690000024, 40.49423069 ], [ 141.633170580000012, 40.49421231 ], [ 141.633183870000011, 40.49416772 ], [ 141.63312217, 40.49414575 ], [ 141.633099250000015, 40.49413761 ], [ 141.633084640000021, 40.49409889 ], [ 141.633009690000023, 40.49407969 ] ] ], [ [ [ 141.633153140000019, 40.49473036 ], [ 141.63317222, 40.49472944 ], [ 141.633207860000027, 40.49472847 ], [ 141.633242140000021, 40.49472461 ], [ 141.63325586, 40.49470814 ], [ 141.63325795, 40.49468489 ], [ 141.633257760000021, 40.49466939 ], [ 141.63325205000001, 40.49463559 ], [ 141.633237420000029, 40.4946065 ], [ 141.633210140000017, 40.49457356 ], [ 141.63319428, 40.49453961 ], [ 141.63318759, 40.4945212 ], [ 141.63318756000001, 40.49451831 ], [ 141.633196280000021, 40.49450861 ], [ 141.63326014, 40.49452222 ], [ 141.633302, 40.49451067 ], [ 141.63331817, 40.49449031 ], [ 141.6333127, 40.49446808 ], [ 141.633302090000029, 40.49444772 ], [ 141.63329031, 40.49443025 ], [ 141.633262020000018, 40.49441189 ], [ 141.633264470000029, 40.49440989 ], [ 141.63329601, 40.49439256 ], [ 141.63329564, 40.4943722 ], [ 141.633278750000017, 40.49434989 ], [ 141.633260920000026, 40.49434984 ], [ 141.63323438, 40.49436144 ], [ 141.63320891, 40.49436144 ], [ 141.633198860000022, 40.49436917 ], [ 141.63319542, 40.49438759 ], [ 141.63319927, 40.49439431 ], [ 141.63319292, 40.49439533 ], [ 141.633116590000014, 40.49439522 ], [ 141.63309139, 40.49440875 ], [ 141.633034940000016, 40.49445425 ], [ 141.63300601, 40.49447511 ], [ 141.63297462, 40.49449772 ], [ 141.63294725, 40.49452969 ], [ 141.63294095, 40.49453551 ], [ 141.632927780000017, 40.49452956 ], [ 141.63291222, 40.49456072 ], [ 141.632876470000014, 40.49463236 ], [ 141.6328627, 40.49465997 ], [ 141.632876590000023, 40.49468056 ], [ 141.63290484, 40.49472236 ], [ 141.632921510000017, 40.49472523 ], [ 141.632973390000018, 40.49471269 ], [ 141.63300859, 40.49468761 ], [ 141.63301589, 40.49466728 ], [ 141.632995030000018, 40.49463817 ], [ 141.632992090000016, 40.49461972 ], [ 141.633002170000026, 40.49461397 ], [ 141.633033650000016, 40.49466292 ], [ 141.63305326, 40.49469341 ], [ 141.633077830000019, 40.49471667 ], [ 141.63310633, 40.49474036 ], [ 141.63311406, 40.49474678 ], [ 141.63313564, 40.49474769 ], [ 141.633153140000019, 40.49473036 ] ] ], [ [ [ 141.63114484, 40.49551889 ], [ 141.631127760000027, 40.49556141 ], [ 141.63111722, 40.49556717 ], [ 141.63105167, 40.49557175 ], [ 141.631009080000013, 40.49557286 ], [ 141.630986550000017, 40.49559256 ], [ 141.630976130000022, 40.49561003 ], [ 141.63097647, 40.49562739 ], [ 141.630991970000025, 40.49564133 ], [ 141.630993860000018, 40.49566113 ], [ 141.630977280000025, 40.4956762 ], [ 141.630974720000012, 40.49569828 ], [ 141.63098105, 40.49571572 ], [ 141.63101358, 40.49574251 ], [ 141.631047420000016, 40.49575992 ], [ 141.631087060000027, 40.49576 ], [ 141.631119, 40.49575889 ], [ 141.63113908, 40.49577056 ], [ 141.631206280000015, 40.49577531 ], [ 141.63121669, 40.49575903 ], [ 141.631228560000011, 40.49574508 ], [ 141.631254500000011, 40.49574508 ], [ 141.631271170000019, 40.49573703 ], [ 141.631347890000029, 40.49568139 ], [ 141.631342720000021, 40.4956418 ], [ 141.631378860000012, 40.49561633 ], [ 141.631402090000023, 40.49563489 ], [ 141.631444640000012, 40.49563156 ], [ 141.631474580000031, 40.49560136 ], [ 141.63152202, 40.49552239 ], [ 141.63155222, 40.49549959 ], [ 141.631619880000017, 40.4954485 ], [ 141.63163341, 40.49543408 ], [ 141.631668970000021, 40.49539608 ], [ 141.63171988000002, 40.49534169 ], [ 141.63175361, 40.49530567 ], [ 141.631763650000011, 40.49529495 ], [ 141.63176336, 40.4952798 ], [ 141.63174167, 40.49526123 ], [ 141.631601140000015, 40.49521775 ], [ 141.631545280000012, 40.49520047 ], [ 141.6315193, 40.49519241 ], [ 141.631403870000014, 40.49522544 ], [ 141.63138575, 40.49523064 ], [ 141.631361170000019, 40.49525284 ], [ 141.631306130000013, 40.49530253 ], [ 141.63131261, 40.49532111 ], [ 141.63133263, 40.49533044 ], [ 141.63128995, 40.4953508 ], [ 141.631220750000011, 40.4953838 ], [ 141.63118597, 40.49540575 ], [ 141.631153260000019, 40.49545333 ], [ 141.6311418, 40.49549287 ], [ 141.63114484, 40.49551889 ] ] ], [ [ [ 141.633933330000019, 40.49593861 ], [ 141.63387445, 40.49591028 ], [ 141.63383389, 40.49586528 ], [ 141.633804450000014, 40.49585972 ], [ 141.63376027000001, 40.49587667 ], [ 141.63374, 40.49589861 ], [ 141.63375195, 40.49593028 ], [ 141.63377083, 40.49594472 ], [ 141.63377083, 40.49596056 ], [ 141.633753610000014, 40.49597889 ], [ 141.633771390000021, 40.49602305 ], [ 141.6338375, 40.49604 ], [ 141.63391139, 40.49604277 ], [ 141.633940830000029, 40.49602861 ], [ 141.633962780000019, 40.49597528 ], [ 141.633933330000019, 40.49593861 ] ] ], [ [ [ 141.634323890000019, 40.49614139 ], [ 141.63427973, 40.49611889 ], [ 141.634203610000014, 40.49614223 ], [ 141.634150270000021, 40.49615805 ], [ 141.634143330000029, 40.49617389 ], [ 141.634149440000016, 40.49620389 ], [ 141.634195010000013, 40.49623695 ], [ 141.63427973, 40.49627361 ], [ 141.634323890000019, 40.49627639 ], [ 141.63435333000001, 40.49623972 ], [ 141.634323890000019, 40.49614139 ] ] ], [ [ [ 141.629020360000027, 40.49694325 ], [ 141.628971, 40.496949 ], [ 141.628969580000017, 40.49697803 ], [ 141.629021500000022, 40.49701 ], [ 141.62904183, 40.49701292 ], [ 141.629070950000028, 40.49701156 ], [ 141.62908425, 40.49700867 ], [ 141.62909375000001, 40.49700436 ], [ 141.62910267, 40.49697097 ], [ 141.629106230000019, 40.49696077 ], [ 141.62909278, 40.49695061 ], [ 141.62907558, 40.49694478 ], [ 141.62910384, 40.4969288 ], [ 141.629097890000025, 40.4969158 ], [ 141.629069340000029, 40.49691572 ], [ 141.629020360000027, 40.49694325 ] ] ], [ [ [ 141.622121030000017, 40.49975628 ], [ 141.622132390000019, 40.49975828 ], [ 141.62214112, 40.4997582 ], [ 141.622151240000022, 40.49975733 ], [ 141.62216003, 40.4997515 ], [ 141.62216387, 40.49974669 ], [ 141.62216380000001, 40.49974192 ], [ 141.62216516, 40.49973561 ], [ 141.62216817, 40.49973 ], [ 141.62217519, 40.49972653 ], [ 141.62219158000002, 40.49972561 ], [ 141.622196520000017, 40.49972559 ], [ 141.622201580000024, 40.49972375 ], [ 141.622205380000025, 40.49971697 ], [ 141.622205450000024, 40.4997112 ], [ 141.622194140000033, 40.499692 ], [ 141.622182090000024, 40.49968136 ], [ 141.62218056, 40.49967147 ], [ 141.62218261000001, 40.49966389 ], [ 141.62219034, 40.49966033 ], [ 141.62219672, 40.49966011 ], [ 141.622205450000024, 40.49965986 ], [ 141.622211780000015, 40.49965795 ], [ 141.62222567, 40.49965369 ], [ 141.62224949, 40.49965453 ], [ 141.622267170000015, 40.49966133 ], [ 141.622281030000011, 40.49966611 ], [ 141.62229348, 40.49967089 ], [ 141.622303610000017, 40.49967189 ], [ 141.622313640000016, 40.49967192 ], [ 141.62232878, 40.49966525 ], [ 141.62233131, 40.49965947 ], [ 141.622331280000026, 40.49964595 ], [ 141.622326300000026, 40.49963544 ], [ 141.622318760000013, 40.49962487 ], [ 141.62231122, 40.4996162 ], [ 141.62230747000001, 40.49960847 ], [ 141.62230756, 40.49959595 ], [ 141.622307520000021, 40.49958153 ], [ 141.62230377, 40.49956525 ], [ 141.62229, 40.49954689 ], [ 141.62226361, 40.49953059 ], [ 141.62221205, 40.49949977 ], [ 141.62216558, 40.49948047 ], [ 141.622130410000011, 40.49946989 ], [ 141.62211406, 40.49947272 ], [ 141.622102670000032, 40.49947847 ], [ 141.622090140000012, 40.4994862 ], [ 141.62207881, 40.49948611 ], [ 141.622072410000015, 40.49948425 ], [ 141.62206114, 40.49947847 ], [ 141.62204983, 40.49946884 ], [ 141.62203353000001, 40.49945633 ], [ 141.622017200000016, 40.49945239 ], [ 141.62199949, 40.49945241 ], [ 141.621975640000016, 40.49946105 ], [ 141.621963060000013, 40.49947356 ], [ 141.621963890000018, 40.4995038 ], [ 141.621979300000021, 40.49953128 ], [ 141.622003190000015, 40.49954669 ], [ 141.62201703, 40.49955911 ], [ 141.62202708, 40.49957067 ], [ 141.622039590000014, 40.49958031 ], [ 141.622049690000011, 40.49958808 ], [ 141.62205462, 40.49959569 ], [ 141.622060950000019, 40.49961113 ], [ 141.622067250000015, 40.4996255 ], [ 141.62207973, 40.49964289 ], [ 141.622087280000017, 40.499664 ], [ 141.622092220000013, 40.49969478 ], [ 141.622095910000013, 40.49971692 ], [ 141.622099750000018, 40.49974092 ], [ 141.622109750000021, 40.49975051 ], [ 141.622121030000017, 40.49975628 ] ] ], [ [ [ 141.621835690000012, 40.50120253 ], [ 141.62183572, 40.50122361 ], [ 141.62183689, 40.50125233 ], [ 141.621848170000021, 40.50129928 ], [ 141.62186189, 40.50133375 ], [ 141.62187567, 40.50135961 ], [ 141.62189453000002, 40.50137875 ], [ 141.621919580000025, 40.50138264 ], [ 141.621945910000022, 40.50137408 ], [ 141.621962310000015, 40.5013645 ], [ 141.621974890000018, 40.50135011 ], [ 141.62198122, 40.5013272 ], [ 141.621981280000028, 40.50130223 ], [ 141.62198122, 40.50127739 ], [ 141.621986280000016, 40.50125536 ], [ 141.621982550000013, 40.50123908 ], [ 141.621958830000011, 40.501218 ], [ 141.621922410000025, 40.50119213 ], [ 141.62189859, 40.50118059 ], [ 141.621864580000022, 40.50118056 ], [ 141.621845770000022, 40.50118636 ], [ 141.621835690000012, 40.50120253 ] ] ], [ [ [ 141.621836500000029, 40.50231759 ], [ 141.62185783000001, 40.5023062 ], [ 141.621878, 40.50228425 ], [ 141.621881730000013, 40.50226136 ], [ 141.621878, 40.502225 ], [ 141.62186309, 40.50218105 ], [ 141.62184302, 40.50215903 ], [ 141.62181411, 40.50215041 ], [ 141.62175647, 40.50214278 ], [ 141.62171883000002, 40.50214269 ], [ 141.62169248, 40.50214933 ], [ 141.621676160000021, 40.50216756 ], [ 141.621666060000024, 40.50220095 ], [ 141.621662190000023, 40.50224395 ], [ 141.62167097, 40.50226784 ], [ 141.62169355, 40.50229264 ], [ 141.621724160000014, 40.502308 ], [ 141.62176747, 40.5023185 ], [ 141.621806420000013, 40.50231951 ], [ 141.621836500000029, 40.50231759 ] ] ], [ [ [ 141.62264983, 40.50251584 ], [ 141.622648590000011, 40.50250064 ], [ 141.622648640000023, 40.50248344 ], [ 141.622641190000024, 40.50246339 ], [ 141.6225962, 40.50240895 ], [ 141.62256234, 40.50238884 ], [ 141.622551110000018, 40.50238792 ], [ 141.62253733, 40.5023898 ], [ 141.6225373, 40.50239647 ], [ 141.62254475, 40.50240887 ], [ 141.622554770000022, 40.50242797 ], [ 141.62256975, 40.50246714 ], [ 141.62257205, 40.50250439 ], [ 141.6225708, 40.50253872 ], [ 141.622559360000025, 40.50257689 ], [ 141.622565580000014, 40.50260459 ], [ 141.622579340000016, 40.50261125 ], [ 141.62259691, 40.50261223 ], [ 141.62262698, 40.50260841 ], [ 141.622648270000013, 40.50259511 ], [ 141.622669660000014, 40.50257795 ], [ 141.622669730000013, 40.50256264 ], [ 141.62266969, 40.50254931 ], [ 141.622660950000011, 40.50253784 ], [ 141.62264983, 40.50251584 ] ] ], [ [ [ 141.620942190000022, 40.50295411 ], [ 141.62097205, 40.50296625 ], [ 141.62098759, 40.50297236 ], [ 141.6209982, 40.50298003 ], [ 141.621013670000025, 40.5029928 ], [ 141.621039470000028, 40.50301084 ], [ 141.621088860000015, 40.50302553 ], [ 141.62112428, 40.5030288 ], [ 141.62116733, 40.50302725 ], [ 141.621189860000015, 40.50301744 ], [ 141.621195300000011, 40.5030068 ], [ 141.62119309000002, 40.50300033 ], [ 141.62118455, 40.50299625 ], [ 141.62114589, 40.50298884 ], [ 141.62110936000002, 40.50297405 ], [ 141.62109533, 40.50296425 ], [ 141.621094310000018, 40.50295767 ], [ 141.621095420000017, 40.50295036 ], [ 141.621102890000031, 40.50294464 ], [ 141.621111480000025, 40.50294225 ], [ 141.621128690000035, 40.50294061 ], [ 141.621141630000011, 40.50293736 ], [ 141.621149140000028, 40.50293325 ], [ 141.621149140000028, 40.50292425 ], [ 141.621148, 40.50291769 ], [ 141.621131970000022, 40.50290789 ], [ 141.621091120000017, 40.50289556 ], [ 141.62105241, 40.50288656 ], [ 141.621018030000016, 40.50287184 ], [ 141.620998690000022, 40.50285141 ], [ 141.620975030000011, 40.5028268 ], [ 141.62095034, 40.50281295 ], [ 141.62093103, 40.5028055 ], [ 141.62090516, 40.50280389 ], [ 141.620890170000024, 40.50280228 ], [ 141.62088144, 40.50280386 ], [ 141.62087717, 40.5028112 ], [ 141.62087501000002, 40.50282839 ], [ 141.62087717, 40.50285208 ], [ 141.62088258, 40.50287175 ], [ 141.62089978, 40.5029192 ], [ 141.62091584, 40.50293961 ], [ 141.620942190000022, 40.50295411 ] ] ], [ [ [ 141.621281860000011, 40.50506033 ], [ 141.621306910000015, 40.50506323 ], [ 141.62132983, 40.50506775 ], [ 141.621350580000012, 40.50506564 ], [ 141.62137365000001, 40.50505853 ], [ 141.621375840000013, 40.50505439 ], [ 141.621365060000016, 40.50503211 ], [ 141.621360190000019, 40.50502008 ], [ 141.62135231000002, 40.50501159 ], [ 141.62133577, 40.50500972 ], [ 141.62126597, 40.50502422 ], [ 141.62120803, 40.50503167 ], [ 141.62117086, 40.50503272 ], [ 141.62114467, 40.50503144 ], [ 141.62112611, 40.50503033 ], [ 141.62112348, 40.50502592 ], [ 141.62112511, 40.5050162 ], [ 141.621124230000021, 40.50500033 ], [ 141.621114230000018, 40.50498177 ], [ 141.621092940000011, 40.50496813 ], [ 141.62107778, 40.50496292 ], [ 141.621044970000014, 40.50496241 ], [ 141.62102311000001, 40.50496033 ], [ 141.620999080000018, 40.50496408 ], [ 141.620980390000028, 40.5049688 ], [ 141.620961780000016, 40.50497184 ], [ 141.620945380000023, 40.50497239 ], [ 141.620921440000018, 40.504972 ], [ 141.62090167, 40.50497664 ], [ 141.620888, 40.5049788 ], [ 141.62087969000001, 40.50498544 ], [ 141.62088209, 40.50499795 ], [ 141.620896940000023, 40.50500739 ], [ 141.620911050000018, 40.50501351 ], [ 141.62092956, 40.50502123 ], [ 141.620938200000012, 40.50503305 ], [ 141.620934620000014, 40.50505044 ], [ 141.620943260000018, 40.50506228 ], [ 141.620966110000012, 40.50507013 ], [ 141.62099878, 40.505079 ], [ 141.62102606000002, 40.50508028 ], [ 141.621042360000018, 40.50508223 ], [ 141.62106864, 40.50507933 ], [ 141.621088300000025, 40.50507633 ], [ 141.62110586, 40.50507495 ], [ 141.621144030000011, 40.50507884 ], [ 141.62116051000001, 40.50507584 ], [ 141.621184450000015, 40.50507541 ], [ 141.62120852000001, 40.50507578 ], [ 141.621245580000021, 40.50507544 ], [ 141.62125333000003, 40.50507233 ], [ 141.62125776000002, 40.50506825 ], [ 141.621267030000013, 40.50506286 ], [ 141.621281860000011, 40.50506033 ] ] ], [ [ [ 141.618535550000018, 40.50547111 ], [ 141.61847112, 40.50539417 ], [ 141.61836888000002, 40.50528639 ], [ 141.61831555, 40.50523111 ], [ 141.61820555, 40.50520028 ], [ 141.618103330000025, 40.50521251 ], [ 141.61809195, 40.505265 ], [ 141.618160270000033, 40.505345 ], [ 141.618372500000021, 40.50551722 ], [ 141.618493890000025, 40.505545 ], [ 141.618535550000018, 40.50553277 ], [ 141.618535550000018, 40.50547111 ] ] ], [ [ [ 141.619306250000022, 40.50547439 ], [ 141.619300660000022, 40.50548089 ], [ 141.61929189, 40.50548664 ], [ 141.61927878000003, 40.50548636 ], [ 141.619266740000029, 40.50548617 ], [ 141.619257910000016, 40.50548777 ], [ 141.619252360000019, 40.505496 ], [ 141.61923997, 40.50552741 ], [ 141.61923986, 40.50553823 ], [ 141.61924073000003, 40.50555075 ], [ 141.61924844, 40.5055542 ], [ 141.619262530000015, 40.50555941 ], [ 141.619284420000014, 40.50556397 ], [ 141.61930956, 40.50556433 ], [ 141.61932611, 40.5055588 ], [ 141.619338220000031, 40.50555395 ], [ 141.619350340000011, 40.50554172 ], [ 141.61935392, 40.50552341 ], [ 141.619355230000025, 40.50550511 ], [ 141.619349880000016, 40.50549172 ], [ 141.61932597, 40.50547631 ], [ 141.61930956, 40.50547272 ], [ 141.619306250000022, 40.50547439 ] ] ], [ [ [ 141.62213655, 40.50556336 ], [ 141.622137780000031, 40.50555667 ], [ 141.62213567, 40.50554841 ], [ 141.622129300000012, 40.50553828 ], [ 141.62211747, 40.50552567 ], [ 141.62211209000003, 40.50551803 ], [ 141.62208927, 40.50550603 ], [ 141.62204263000001, 40.50549284 ], [ 141.622032720000021, 40.50549264 ], [ 141.622015280000028, 40.5054932 ], [ 141.622002220000013, 40.50549717 ], [ 141.62199236, 40.5055012 ], [ 141.621989690000021, 40.50550617 ], [ 141.62198883, 40.50551356 ], [ 141.621997390000018, 40.50552784 ], [ 141.622013580000015, 40.50554141 ], [ 141.622025470000011, 40.50554905 ], [ 141.622034230000025, 40.50555053 ], [ 141.622038590000017, 40.50555061 ], [ 141.62204730000002, 40.50554944 ], [ 141.622052750000023, 40.50555033 ], [ 141.62206361, 40.50555969 ], [ 141.622066830000023, 40.50556372 ], [ 141.62206674, 40.50556725 ], [ 141.622061190000011, 40.50557547 ], [ 141.622058880000026, 40.50558036 ], [ 141.62206058000001, 40.50558323 ], [ 141.622065530000015, 40.50558444 ], [ 141.62209053, 40.50558178 ], [ 141.62212341, 40.50557064 ], [ 141.62213655, 40.50556336 ] ] ], [ [ [ 141.62088341, 40.50575697 ], [ 141.620878340000019, 40.50574531 ], [ 141.620862190000025, 40.50573911 ], [ 141.620845840000015, 40.50574128 ], [ 141.62083328, 40.50574614 ], [ 141.62082005000002, 40.50575678 ], [ 141.620813310000017, 40.50576584 ], [ 141.62080706, 40.50577497 ], [ 141.620807720000016, 40.50578153 ], [ 141.620813110000029, 40.50578825 ], [ 141.62082064, 40.50579675 ], [ 141.620834840000015, 40.50579944 ], [ 141.620857780000023, 40.50579397 ], [ 141.620878690000012, 40.505786 ], [ 141.62088639000001, 40.50577867 ], [ 141.62088645, 40.5057728 ], [ 141.62088341, 40.50575697 ] ] ], [ [ [ 141.620430310000017, 40.50581464 ], [ 141.620444420000013, 40.50582147 ], [ 141.620456300000029, 40.50582833 ], [ 141.620474840000014, 40.50583947 ], [ 141.620482360000011, 40.50584705 ], [ 141.62049969, 40.50585569 ], [ 141.62051728, 40.50585592 ], [ 141.620531500000027, 40.50585113 ], [ 141.62054258, 40.50584133 ], [ 141.620546980000029, 40.50583392 ], [ 141.620548250000013, 40.5058215 ], [ 141.620541800000012, 40.50581389 ], [ 141.620538610000011, 40.50580472 ], [ 141.62053326, 40.50580041 ], [ 141.620531050000011, 40.50579377 ], [ 141.62053228000002, 40.50578792 ], [ 141.62053348, 40.505778 ], [ 141.62052927, 40.50576289 ], [ 141.62051222, 40.50572772 ], [ 141.62050464, 40.50572344 ], [ 141.620493650000014, 40.50572244 ], [ 141.620484940000011, 40.50572475 ], [ 141.62047722, 40.50572967 ], [ 141.62047064, 40.50573286 ], [ 141.620456390000015, 40.50573431 ], [ 141.620447660000025, 40.5057342 ], [ 141.620433530000014, 40.50572725 ], [ 141.620419360000028, 40.50572708 ], [ 141.620405030000029, 40.50573267 ], [ 141.620392970000012, 40.50573913 ], [ 141.620389530000011, 40.50574817 ], [ 141.62039153, 40.50576736 ], [ 141.620402190000021, 40.50578251 ], [ 141.620411890000014, 40.50579431 ], [ 141.62041839, 40.50580444 ], [ 141.620430310000017, 40.50581464 ] ] ], [ [ [ 141.62163616, 40.50623961 ], [ 141.621643480000017, 40.50623714 ], [ 141.621647200000012, 40.50623278 ], [ 141.621646060000018, 40.50622747 ], [ 141.62164178, 40.50622392 ], [ 141.6216125, 40.50621267 ], [ 141.621585360000012, 40.50620223 ], [ 141.62157234, 40.50619708 ], [ 141.62157131, 40.50619044 ], [ 141.62157144, 40.50618205 ], [ 141.621579140000023, 40.50617472 ], [ 141.621593390000015, 40.50617164 ], [ 141.621610800000013, 40.50616944 ], [ 141.62163053, 40.50617059 ], [ 141.62164139, 40.50617069 ], [ 141.62166425, 40.50617772 ], [ 141.621712050000014, 40.506191 ], [ 141.62173934, 40.50619225 ], [ 141.62176005, 40.50618922 ], [ 141.621762360000019, 40.50618344 ], [ 141.62176241, 40.50617841 ], [ 141.621762440000026, 40.50617095 ], [ 141.621765810000028, 40.50616605 ], [ 141.62177453000001, 40.50616536 ], [ 141.621786500000013, 40.50616969 ], [ 141.621791480000013, 40.50617064 ], [ 141.62179645, 40.50617097 ], [ 141.62180125, 40.50616897 ], [ 141.62180616, 40.50616505 ], [ 141.62180953, 40.50616169 ], [ 141.621818280000014, 40.50616192 ], [ 141.62183017000001, 40.50616959 ], [ 141.621842, 40.5061822 ], [ 141.62186467, 40.50620339 ], [ 141.621892780000024, 40.50621625 ], [ 141.621917860000025, 40.50622247 ], [ 141.621930030000016, 40.50622292 ], [ 141.6219418, 40.50622113 ], [ 141.62194739, 40.50621461 ], [ 141.621947590000019, 40.50620128 ], [ 141.62194438, 40.5061905 ], [ 141.62194005, 40.50618459 ], [ 141.62193248, 40.50618195 ], [ 141.621909580000022, 40.50617992 ], [ 141.621889, 40.50617628 ], [ 141.621882559999989, 40.50616959 ], [ 141.621879340000021, 40.506157 ], [ 141.621880560000022, 40.50614959 ], [ 141.621892630000019, 40.50614395 ], [ 141.62191453, 40.50614008 ], [ 141.621950610000027, 40.50612741 ], [ 141.621967110000014, 40.50611687 ], [ 141.621972050000011, 40.50610567 ], [ 141.62197039000003, 40.50609478 ], [ 141.621963110000024, 40.506086 ], [ 141.621930610000021, 40.50607305 ], [ 141.621878340000023, 40.50606225 ], [ 141.62182501, 40.50606136 ], [ 141.62178678, 40.50606161 ], [ 141.62176922, 40.50606469 ], [ 141.621756230000017, 40.506062 ], [ 141.62174542, 40.50605595 ], [ 141.62172042, 40.50604811 ], [ 141.62168012, 40.50604244 ], [ 141.621656060000021, 40.50604205 ], [ 141.621639690000023, 40.50604595 ], [ 141.621621020000021, 40.506054 ], [ 141.62160681, 40.50605877 ], [ 141.621583920000035, 40.50605841 ], [ 141.62155558, 40.50605717 ], [ 141.621528200000029, 40.50605672 ], [ 141.621506420000031, 40.50605967 ], [ 141.62149869000001, 40.5060662 ], [ 141.621493140000013, 40.50607525 ], [ 141.62149086, 40.50608184 ], [ 141.62147776, 40.50608164 ], [ 141.621468030000017, 40.50607651 ], [ 141.621453890000026, 40.50606795 ], [ 141.62143655, 40.50606022 ], [ 141.62141263, 40.5060532 ], [ 141.621386450000017, 40.50605272 ], [ 141.621361190000016, 40.50606156 ], [ 141.62134136, 40.50607286 ], [ 141.621329200000019, 40.50609095 ], [ 141.62132122, 40.50611413 ], [ 141.62132005, 40.50612578 ], [ 141.621319880000016, 40.50614153 ], [ 141.621320890000021, 40.50614659 ], [ 141.621331700000013, 40.50615414 ], [ 141.62134036, 40.50615851 ], [ 141.621350080000013, 40.50616275 ], [ 141.62135333, 40.50616697 ], [ 141.62135326, 40.5061712 ], [ 141.621343380000013, 40.50617513 ], [ 141.621339, 40.50618256 ], [ 141.621344310000012, 40.50619261 ], [ 141.62135616, 40.50620775 ], [ 141.62137134, 40.50621387 ], [ 141.621395300000017, 40.50621505 ], [ 141.6214062, 40.50621778 ], [ 141.62140936000003, 40.50622522 ], [ 141.621404940000019, 40.50623103 ], [ 141.621404970000015, 40.50623353 ], [ 141.621409250000028, 40.50623775 ], [ 141.62141908000001, 40.50623956 ], [ 141.62143205000001, 40.50624056 ], [ 141.621443060000018, 40.50624075 ], [ 141.62145722, 40.50624264 ], [ 141.62148983, 40.50624728 ], [ 141.621509560000021, 40.50624851 ], [ 141.621550970000015, 40.50624911 ], [ 141.62159791, 40.50624653 ], [ 141.62163616, 40.50623961 ] ] ], [ [ [ 141.62033489, 40.50613122 ], [ 141.62032825, 40.50612695 ], [ 141.620318560000015, 40.50612684 ], [ 141.620312, 40.50613192 ], [ 141.6203002, 40.5061412 ], [ 141.62029275, 40.5061488 ], [ 141.620253750000018, 40.50615528 ], [ 141.6202245, 40.50615595 ], [ 141.62020947000002, 40.50617117 ], [ 141.62020978000001, 40.50618736 ], [ 141.62021445000002, 40.50621464 ], [ 141.620233190000022, 40.50623189 ], [ 141.620262500000024, 40.50623628 ], [ 141.620298390000016, 40.50623828 ], [ 141.620370950000023, 40.5062278 ], [ 141.620429360000031, 40.50621895 ], [ 141.62046611, 40.5062022 ], [ 141.620474550000012, 40.50618944 ], [ 141.62047562, 40.50617836 ], [ 141.62047428, 40.50616478 ], [ 141.620462170000025, 40.50614756 ], [ 141.62042073, 40.50613533 ], [ 141.62040761, 40.50613522 ], [ 141.62038272, 40.50613503 ], [ 141.620362090000015, 40.50613653 ], [ 141.620351240000019, 40.50613653 ], [ 141.620342500000021, 40.50613559 ], [ 141.62033489, 40.50613122 ] ] ], [ [ [ 141.62109586, 40.50615631 ], [ 141.62109239, 40.50617036 ], [ 141.6210835, 40.50617853 ], [ 141.621071500000028, 40.50618169 ], [ 141.62106173, 40.50618239 ], [ 141.6210518, 40.50618217 ], [ 141.621043110000016, 40.5061862 ], [ 141.62103975, 40.50619036 ], [ 141.6210362, 40.50620939 ], [ 141.621039420000017, 40.5062128 ], [ 141.621043750000013, 40.50621861 ], [ 141.621049140000025, 40.50622541 ], [ 141.621051310000013, 40.50623044 ], [ 141.62105008, 40.50623703 ], [ 141.621042360000018, 40.50624105 ], [ 141.621033610000012, 40.50624095 ], [ 141.621015160000013, 40.50623736 ], [ 141.621007500000019, 40.50623725 ], [ 141.620997610000018, 40.50623875 ], [ 141.620994280000019, 40.50624777 ], [ 141.620993020000014, 40.50626192 ], [ 141.62099828, 40.5062762 ], [ 141.62100897000002, 40.50629217 ], [ 141.621025160000016, 40.50630567 ], [ 141.62103825, 40.50631503 ], [ 141.62105986, 40.50632623 ], [ 141.62108611, 40.50632992 ], [ 141.621098030000013, 40.50633092 ], [ 141.62111883, 40.50632464 ], [ 141.621138590000015, 40.5063175 ], [ 141.62115399000001, 40.50631433 ], [ 141.621174670000016, 40.50631553 ], [ 141.62119433, 40.50631253 ], [ 141.621208560000014, 40.50630856 ], [ 141.62122075, 40.50630125 ], [ 141.62122403, 40.5062988 ], [ 141.621223090000029, 40.50628972 ], [ 141.621218780000021, 40.50628461 ], [ 141.621204670000026, 40.50627859 ], [ 141.621188280000013, 40.50627005 ], [ 141.62118511, 40.50626161 ], [ 141.621185310000016, 40.50625584 ], [ 141.621188640000014, 40.50624925 ], [ 141.62119859, 40.50624105 ], [ 141.62121056, 40.50623792 ], [ 141.62122908, 40.50623825 ], [ 141.621242140000021, 40.50624339 ], [ 141.621262750000028, 40.50625125 ], [ 141.621274840000012, 40.50625389 ], [ 141.62128567000002, 40.50625325 ], [ 141.62129883, 40.50624851 ], [ 141.62130983, 40.50624203 ], [ 141.6213165, 40.50623539 ], [ 141.621306940000011, 40.5062162 ], [ 141.621295010000011, 40.50620347 ], [ 141.62127462, 40.50617569 ], [ 141.621262750000028, 40.50616975 ], [ 141.62124861, 40.506162 ], [ 141.62123236, 40.50615347 ], [ 141.621215940000013, 40.50615322 ], [ 141.6211963, 40.50615786 ], [ 141.621182630000021, 40.50616111 ], [ 141.62117333, 40.5061608 ], [ 141.621168470000015, 40.50615851 ], [ 141.62116248000001, 40.50615072 ], [ 141.621153890000016, 40.50614392 ], [ 141.621137520000019, 40.50613784 ], [ 141.621111360000015, 40.50613908 ], [ 141.621101720000013, 40.50614113 ], [ 141.621097060000011, 40.50614711 ], [ 141.62109586, 40.50615631 ] ] ], [ [ [ 141.620549440000019, 40.50642528 ], [ 141.620489170000013, 40.50637889 ], [ 141.620447220000017, 40.50637889 ], [ 141.620386670000016, 40.50642528 ], [ 141.620413330000019, 40.50648667 ], [ 141.62047361, 40.50648667 ], [ 141.62053056000002, 40.50646223 ], [ 141.620549440000019, 40.50642528 ] ] ], [ [ [ 141.61358611, 40.51077305 ], [ 141.61357472, 40.51069305 ], [ 141.61349501, 40.51066222 ], [ 141.613400270000028, 40.51064361 ], [ 141.61333195, 40.51067444 ], [ 141.61330917, 40.51074528 ], [ 141.61344195, 40.51084056 ], [ 141.61353306, 40.5108375 ], [ 141.61358611, 40.51077305 ] ] ], [ [ [ 141.61287694, 40.51106528 ], [ 141.612895840000022, 40.51111139 ], [ 141.613001950000012, 40.51114528 ], [ 141.613081670000014, 40.51113 ], [ 141.61311584, 40.51107751 ], [ 141.613111950000018, 40.51098833 ], [ 141.613028610000015, 40.51096389 ], [ 141.612937500000015, 40.51099444 ], [ 141.61287694, 40.51106528 ] ] ] ] } }
]
}
