{
"type": "FeatureCollection",
"name": "city_18_あわら市",
"crs": { "type": "name", "properties": { "name": "urn:ogc:def:crs:OGC:1.3:CRS84" } },
"features": [
{ "type": "Feature", "properties": { }, "geometry": { "type": "MultiPolygon", "coordinates": [ [ [ [ 136.242843920000013, 36.29430647 ], [ 136.242847250000011, 36.29430628 ], [ 136.242854360000024, 36.294297 ], [ 136.242860220000011, 36.29428608 ], [ 136.242867890000014, 36.29427695 ], [ 136.242873530000026, 36.29426947 ], [ 136.24287883, 36.29425828 ], [ 136.242883160000019, 36.29425141 ], [ 136.24288458, 36.29424744 ], [ 136.24288292, 36.29424267 ], [ 136.242873550000013, 36.29424153 ], [ 136.242870340000024, 36.29424125 ], [ 136.242862190000011, 36.29424272 ], [ 136.24285348, 36.29426014 ], [ 136.242849140000033, 36.29427033 ], [ 136.242846520000029, 36.2942815 ], [ 136.24284419, 36.29428908 ], [ 136.24284211, 36.29429775 ], [ 136.24284047, 36.29430422 ], [ 136.242843920000013, 36.29430647 ] ] ], [ [ [ 136.242828950000018, 36.29468684 ], [ 136.242834280000011, 36.29468105 ], [ 136.24286387, 36.29463551 ], [ 136.242860170000029, 36.29462747 ], [ 136.242853020000013, 36.29462272 ], [ 136.242852, 36.29461795 ], [ 136.24285575, 36.29460217 ], [ 136.24288438, 36.29457425 ], [ 136.24289803, 36.294558 ], [ 136.242904110000012, 36.29454403 ], [ 136.24292438, 36.29451064 ], [ 136.242926079999989, 36.29448675 ], [ 136.24292531, 36.29448386 ], [ 136.242920390000023, 36.29448469 ], [ 136.24289428, 36.29449672 ], [ 136.24287361, 36.29450703 ], [ 136.24285717, 36.29452239 ], [ 136.24283917, 36.29452892 ], [ 136.24281131, 36.29456078 ], [ 136.24278453, 36.29458159 ], [ 136.24276978, 36.29459286 ], [ 136.24275355, 36.29460887 ], [ 136.242756390000011, 36.29461867 ], [ 136.2427635, 36.2946228 ], [ 136.24276875000001, 36.29462613 ], [ 136.242763990000014, 36.29463353 ], [ 136.24276, 36.29464147 ], [ 136.242754030000015, 36.29465356 ], [ 136.242751630000015, 36.29466853 ], [ 136.24274864, 36.29467692 ], [ 136.242742440000029, 36.29468692 ], [ 136.242737690000013, 36.29469559 ], [ 136.242736470000011, 36.29470164 ], [ 136.242735840000023, 36.29470586 ], [ 136.242736060000027, 36.29470903 ], [ 136.2427375, 36.29471108 ], [ 136.24273997, 36.29471397 ], [ 136.242758520000024, 36.29470322 ], [ 136.242771850000025, 36.29469795 ], [ 136.242779440000021, 36.29469441 ], [ 136.24278523000001, 36.29469208 ], [ 136.242793450000022, 36.29469186 ], [ 136.24280092, 36.29469287 ], [ 136.24281339, 36.29469272 ], [ 136.242821390000017, 36.29469084 ], [ 136.242828950000018, 36.29468684 ] ] ], [ [ [ 136.24268759, 36.29516597 ], [ 136.242689360000014, 36.29515931 ], [ 136.242689340000027, 36.29515389 ], [ 136.242683090000014, 36.29515051 ], [ 136.242672630000015, 36.29514969 ], [ 136.242658270000021, 36.29515136 ], [ 136.242649920000019, 36.29515336 ], [ 136.24264481000003, 36.29515867 ], [ 136.24263973, 36.29516705 ], [ 136.242634970000012, 36.29517664 ], [ 136.242633190000021, 36.29518267 ], [ 136.242632, 36.29518933 ], [ 136.242634690000017, 36.29519656 ], [ 136.242641500000019, 36.29520536 ], [ 136.24264553, 36.29521095 ], [ 136.24265012, 36.29521769 ], [ 136.242654470000019, 36.29522156 ], [ 136.24265939, 36.29522425 ], [ 136.242660730000011, 36.29522651 ], [ 136.24266986, 36.29522433 ], [ 136.24267930000002, 36.29522225 ], [ 136.24267805, 36.29521575 ], [ 136.24267014, 36.29520828 ], [ 136.24267022, 36.29520269 ], [ 136.24267372, 36.29518484 ], [ 136.242676610000018, 36.29517664 ], [ 136.2426825, 36.29517131 ], [ 136.24268759, 36.29516597 ] ] ], [ [ [ 136.24289156, 36.2953752 ], [ 136.242889780000013, 36.29538197 ], [ 136.242890030000012, 36.29538595 ], [ 136.242891250000014, 36.29538889 ], [ 136.242894620000015, 36.29539223 ], [ 136.242900640000016, 36.295397 ], [ 136.242905190000016, 36.29540041 ], [ 136.24291044, 36.29540292 ], [ 136.24291623000002, 36.2954032 ], [ 136.2429218, 36.29540144 ], [ 136.24292881, 36.29539687 ], [ 136.242932700000011, 36.29539369 ], [ 136.242936, 36.2953888 ], [ 136.242935010000025, 36.29538567 ], [ 136.24292786, 36.29538361 ], [ 136.24292341, 36.29538361 ], [ 136.24292097, 36.29538425 ], [ 136.242917060000025, 36.29538353 ], [ 136.242912720000021, 36.29537922 ], [ 136.242910250000023, 36.29537544 ], [ 136.24290733, 36.29537047 ], [ 136.24290489, 36.29536778 ], [ 136.242903220000017, 36.29536633 ], [ 136.24290131, 36.29536464 ], [ 136.242900530000014, 36.29536375 ], [ 136.242896980000012, 36.29536275 ], [ 136.24289425, 36.29536761 ], [ 136.24289375, 36.29536853 ], [ 136.242892410000024, 36.29537122 ], [ 136.24289156, 36.2953752 ] ] ], [ [ [ 136.24287684, 36.29544039 ], [ 136.242886640000023, 36.29544514 ], [ 136.242895770000018, 36.29544911 ], [ 136.242904810000027, 36.29545117 ], [ 136.24290781000002, 36.29545097 ], [ 136.242912440000026, 36.29544159 ], [ 136.24291577, 36.29543356 ], [ 136.242918980000013, 36.29542823 ], [ 136.24292008, 36.29542175 ], [ 136.24291739, 36.29541617 ], [ 136.24290725, 36.29541159 ], [ 136.24290267, 36.29540861 ], [ 136.24289776, 36.29540531 ], [ 136.24289253, 36.29540189 ], [ 136.242888390000019, 36.29539784 ], [ 136.24288547, 36.29539305 ], [ 136.24288436, 36.29538972 ], [ 136.24288056, 36.29538567 ], [ 136.24287397, 36.29538317 ], [ 136.24287209000002, 36.29538172 ], [ 136.24286652, 36.29538192 ], [ 136.24285986000001, 36.29538833 ], [ 136.24285642000001, 36.29539439 ], [ 136.24285445000001, 36.29540041 ], [ 136.24285355, 36.29540647 ], [ 136.242854470000026, 36.29541447 ], [ 136.242856940000024, 36.29541989 ], [ 136.242861750000031, 36.2954262 ], [ 136.24286834000003, 36.29543295 ], [ 136.24287684, 36.29544039 ] ] ], [ [ [ 136.242773060000019, 36.29547511 ], [ 136.24276384, 36.29547939 ], [ 136.24276183, 36.29548325 ], [ 136.24276287, 36.2954902 ], [ 136.242762780000021, 36.29549613 ], [ 136.24276244, 36.29550272 ], [ 136.242765060000011, 36.29551256 ], [ 136.24276384, 36.29552011 ], [ 136.242761530000024, 36.29552751 ], [ 136.24276144000001, 36.295534 ], [ 136.24275745, 36.2955378 ], [ 136.242753670000013, 36.29554339 ], [ 136.242752020000012, 36.29555113 ], [ 136.242756500000013, 36.29556014 ], [ 136.242758760000015, 36.29556484 ], [ 136.24275756, 36.29557403 ], [ 136.24275581, 36.29558251 ], [ 136.24275664000001, 36.29559936 ], [ 136.24275455, 36.29561695 ], [ 136.24275326, 36.29562433 ], [ 136.24275341, 36.29563595 ], [ 136.242757780000034, 36.29564478 ], [ 136.242758220000013, 36.29564847 ], [ 136.242756140000012, 36.2956565 ], [ 136.242756610000015, 36.29566505 ], [ 136.24276419, 36.29566731 ], [ 136.2427782, 36.29566033 ], [ 136.242786280000018, 36.29564967 ], [ 136.24279217, 36.29563967 ], [ 136.24280224, 36.29562647 ], [ 136.24281148, 36.29561717 ], [ 136.24282445, 36.29560525 ], [ 136.24283645, 36.2955965 ], [ 136.242847110000014, 36.29559069 ], [ 136.24285189, 36.29558251 ], [ 136.24285942, 36.29556641 ], [ 136.242882870000017, 36.29555097 ], [ 136.24288761, 36.29554005 ], [ 136.24288589, 36.29552475 ], [ 136.242876810000013, 36.29550872 ], [ 136.242885230000013, 36.2954905 ], [ 136.24288564, 36.29548372 ], [ 136.2428825, 36.29547661 ], [ 136.242876030000019, 36.29547103 ], [ 136.242870120000021, 36.29546564 ], [ 136.2428662, 36.29546177 ], [ 136.24286419, 36.29545647 ], [ 136.24286428, 36.29544897 ], [ 136.242863480000011, 36.295446 ], [ 136.24286158000001, 36.29544403 ], [ 136.242858470000016, 36.29544233 ], [ 136.242854890000018, 36.29544153 ], [ 136.242850340000018, 36.29544144 ], [ 136.242847329999989, 36.29544441 ], [ 136.242844690000027, 36.29545108 ], [ 136.24284358, 36.2954555 ], [ 136.24284248, 36.29545625 ], [ 136.24284092000002, 36.29545625 ], [ 136.242836330000017, 36.295453 ], [ 136.24283241, 36.29544841 ], [ 136.242829200000017, 36.29544689 ], [ 136.2428262, 36.29544617 ], [ 136.242822390000015, 36.29544584 ], [ 136.242821170000013, 36.29544692 ], [ 136.242820310000013, 36.29545086 ], [ 136.24281975, 36.29545611 ], [ 136.24281898000001, 36.29545639 ], [ 136.242811750000016, 36.29545487 ], [ 136.24280662000001, 36.29545289 ], [ 136.242804940000013, 36.29545144 ], [ 136.242803360000011, 36.29544928 ], [ 136.242793330000012, 36.29544687 ], [ 136.242783450000019, 36.29545356 ], [ 136.24278125, 36.29545889 ], [ 136.242781510000015, 36.29546556 ], [ 136.24278328, 36.29547167 ], [ 136.242783530000025, 36.29547464 ], [ 136.242782410000018, 36.29547611 ], [ 136.24278053, 36.29547647 ], [ 136.24277516, 36.29547495 ], [ 136.242773060000019, 36.29547511 ] ] ], [ [ [ 136.24258297, 36.29578997 ], [ 136.24258355, 36.29579267 ], [ 136.242602330000011, 36.29578839 ], [ 136.24260737, 36.29578747 ], [ 136.242613920000025, 36.29579025 ], [ 136.242616520000013, 36.29579872 ], [ 136.24261078, 36.29581839 ], [ 136.24258930000002, 36.29585305 ], [ 136.242575580000022, 36.2958838 ], [ 136.24256467, 36.29591592 ], [ 136.242561500000022, 36.29594044 ], [ 136.242557910000016, 36.29596586 ], [ 136.24255531, 36.29598867 ], [ 136.242536810000018, 36.29601267 ], [ 136.242527170000017, 36.29603405 ], [ 136.242515140000023, 36.29606292 ], [ 136.242506140000017, 36.29607267 ], [ 136.2424928, 36.29608064 ], [ 136.24249158, 36.29608469 ], [ 136.24250486, 36.29609105 ], [ 136.24251189, 36.29609556 ], [ 136.24251458, 36.29610186 ], [ 136.242504030000021, 36.29610756 ], [ 136.242494470000025, 36.29611551 ], [ 136.24249597, 36.29613433 ], [ 136.242500800000016, 36.29614505 ], [ 136.242507280000012, 36.2961492 ], [ 136.242508860000015, 36.29615856 ], [ 136.242500340000021, 36.2961728 ], [ 136.24248355, 36.29618872 ], [ 136.24246847, 36.2962038 ], [ 136.242452830000019, 36.29622067 ], [ 136.24243078, 36.29625533 ], [ 136.242422050000016, 36.29628211 ], [ 136.242402340000012, 36.29631453 ], [ 136.24238861, 36.29634347 ], [ 136.24237027, 36.29635541 ], [ 136.24237012, 36.29636795 ], [ 136.242372140000015, 36.29637956 ], [ 136.24237086, 36.29639208 ], [ 136.24236611, 36.29641211 ], [ 136.242355280000027, 36.29643756 ], [ 136.242343330000011, 36.29646289 ], [ 136.242327030000013, 36.29648239 ], [ 136.24231852, 36.29650511 ], [ 136.24230750000001, 36.29653859 ], [ 136.24229623, 36.29655897 ], [ 136.242285940000016, 36.29658305 ], [ 136.24227844, 36.29660851 ], [ 136.24226805, 36.29663789 ], [ 136.242259640000015, 36.2966508 ], [ 136.242244250000027, 36.29667877 ], [ 136.24223817, 36.2966868 ], [ 136.242237980000027, 36.29669933 ], [ 136.242258440000029, 36.29669595 ], [ 136.24226834000001, 36.29669333 ], [ 136.24227772, 36.29670061 ], [ 136.242281530000014, 36.29670644 ], [ 136.242258640000017, 36.29671922 ], [ 136.242240270000025, 36.2967288 ], [ 136.242237500000016, 36.29673017 ], [ 136.242242410000017, 36.2967342 ], [ 136.24225725, 36.29673931 ], [ 136.24226550000003, 36.29674514 ], [ 136.24226920000001, 36.2967528 ], [ 136.24226689, 36.29676533 ], [ 136.242256810000015, 36.29677456 ], [ 136.24225114, 36.29678347 ], [ 136.242246060000014, 36.29679277 ], [ 136.242253550000015, 36.29680808 ], [ 136.24228803, 36.29683072 ], [ 136.242340950000028, 36.29683928 ], [ 136.242385230000025, 36.29683161 ], [ 136.242438420000013, 36.29682005 ], [ 136.242453970000014, 36.29681084 ], [ 136.24247778000003, 36.29676761 ], [ 136.24247519, 36.296756 ], [ 136.242488080000015, 36.29674633 ], [ 136.2424992, 36.29673884 ], [ 136.24250326, 36.29672267 ], [ 136.242507860000018, 36.29670492 ], [ 136.24251464, 36.29669733 ], [ 136.242519640000012, 36.29669336 ], [ 136.242534670000026, 36.296689 ], [ 136.242543550000022, 36.29668286 ], [ 136.242543090000026, 36.29667969 ], [ 136.24253317, 36.29667341 ], [ 136.242525030000024, 36.29666928 ], [ 136.24251842000001, 36.29666253 ], [ 136.24251805, 36.2966518 ], [ 136.242518610000019, 36.29664731 ], [ 136.242508250000014, 36.29664633 ], [ 136.242498220000016, 36.29664672 ], [ 136.242482630000012, 36.29665 ], [ 136.242539140000019, 36.29651928 ], [ 136.242636640000029, 36.29629097 ], [ 136.242626160000015, 36.29628803 ], [ 136.242670170000025, 36.29618508 ], [ 136.24277455, 36.29591936 ], [ 136.24278564, 36.29568744 ], [ 136.242697670000013, 36.29568284 ], [ 136.242652530000015, 36.29567392 ], [ 136.242642530000012, 36.29567917 ], [ 136.242639560000015, 36.29568989 ], [ 136.242637890000026, 36.29569297 ], [ 136.24262234, 36.29569777 ], [ 136.24261789000002, 36.29570175 ], [ 136.24261725, 36.29570887 ], [ 136.24261761, 36.29571833 ], [ 136.242616860000027, 36.29573259 ], [ 136.24261511, 36.29574061 ], [ 136.24260214, 36.29575972 ], [ 136.242590390000032, 36.29577525 ], [ 136.24258297, 36.29578997 ] ] ], [ [ [ 136.166711140000018, 36.21070395 ], [ 136.16672864, 36.21080367 ], [ 136.166775300000012, 36.21119923 ], [ 136.16676586, 36.21152311 ], [ 136.166738080000016, 36.21198311 ], [ 136.166775300000012, 36.21232978 ], [ 136.16680309, 36.21260478 ], [ 136.16692837, 36.21280089 ], [ 136.166964470000011, 36.212862 ], [ 136.167118910000028, 36.21312505 ], [ 136.167286140000016, 36.21352839 ], [ 136.16743005, 36.21389367 ], [ 136.167458110000013, 36.21406311 ], [ 136.16748117000003, 36.21428172 ], [ 136.167620340000013, 36.21463978 ], [ 136.16788506, 36.21498284 ], [ 136.168043110000013, 36.21514117 ], [ 136.168145330000016, 36.21525423 ], [ 136.168317, 36.2153445 ], [ 136.168502830000023, 36.21545395 ], [ 136.168688660000015, 36.21563117 ], [ 136.168851170000011, 36.21578561 ], [ 136.16918562, 36.21617367 ], [ 136.169311170000014, 36.21629061 ], [ 136.16934645, 36.21631367 ], [ 136.169506160000026, 36.21641867 ], [ 136.169654770000022, 36.21641339 ], [ 136.17012839, 36.21639617 ], [ 136.170232280000022, 36.21636284 ], [ 136.170421170000026, 36.216302 ], [ 136.170815330000011, 36.21623728 ], [ 136.170880900000014, 36.21622644 ], [ 136.171145620000033, 36.21622284 ], [ 136.171350050000029, 36.21620756 ], [ 136.171638110000032, 36.21618895 ], [ 136.17179589, 36.21620756 ], [ 136.172112, 36.21633589 ], [ 136.172581170000029, 36.21650533 ], [ 136.17281886, 36.21666617 ], [ 136.17281961, 36.21666667 ], [ 136.172832, 36.21667505 ], [ 136.17286506, 36.21669284 ], [ 136.173180050000013, 36.21686339 ], [ 136.173625890000011, 36.21713117 ], [ 136.17401616, 36.21724784 ], [ 136.174059780000022, 36.217342 ], [ 136.174085890000015, 36.21739867 ], [ 136.17406728, 36.21755284 ], [ 136.174062280000015, 36.21759339 ], [ 136.174039220000026, 36.21778284 ], [ 136.174006720000023, 36.2181295 ], [ 136.174085890000015, 36.21841228 ], [ 136.174146160000021, 36.21855172 ], [ 136.174215910000015, 36.2186195 ], [ 136.17449453, 36.21870228 ], [ 136.174763970000015, 36.21858923 ], [ 136.174908140000014, 36.21853284 ], [ 136.174982310000019, 36.21852533 ], [ 136.175, 36.21853484 ], [ 136.175002580000012, 36.21853623 ], [ 136.17503815, 36.21855533 ], [ 136.175047300000017, 36.21883423 ], [ 136.17507953, 36.21952784 ], [ 136.17507953, 36.21990478 ], [ 136.17507508, 36.22016478 ], [ 136.17544647, 36.22025895 ], [ 136.17531175000002, 36.22058644 ], [ 136.175167860000016, 36.22091059 ], [ 136.17501453, 36.22127253 ], [ 136.175002580000012, 36.22129861 ], [ 136.175, 36.22130428 ], [ 136.174893700000013, 36.22153641 ], [ 136.174844810000025, 36.22166697 ], [ 136.1747962, 36.22179641 ], [ 136.175, 36.22186453 ], [ 136.175002580000012, 36.22186539 ], [ 136.17511202, 36.22190197 ], [ 136.175451190000018, 36.22199613 ], [ 136.17575647000001, 36.2220942 ], [ 136.176073699999989, 36.22219587 ], [ 136.176528970000021, 36.22233141 ], [ 136.17703481, 36.22248225 ], [ 136.17747341, 36.22261087 ], [ 136.17758759, 36.2226442 ], [ 136.178525910000019, 36.22294197 ], [ 136.17871786, 36.22299836 ], [ 136.178962580000018, 36.22307031 ], [ 136.17956647, 36.22326614 ], [ 136.179998150000017, 36.22341669 ], [ 136.18047202, 36.22356753 ], [ 136.18081564, 36.2236728 ], [ 136.18098759, 36.22372559 ], [ 136.181452310000026, 36.22389141 ], [ 136.18196314, 36.22404613 ], [ 136.182162870000013, 36.22414031 ], [ 136.18215287000001, 36.22395836 ], [ 136.18213508, 36.22363892 ], [ 136.18213508, 36.22343586 ], [ 136.18213036, 36.22316447 ], [ 136.18251591, 36.22318697 ], [ 136.182868970000015, 36.22314169 ], [ 136.183333330000011, 36.22307239 ], [ 136.183335910000011, 36.223072 ], [ 136.1833473, 36.22307031 ], [ 136.183791750000012, 36.2230078 ], [ 136.183909530000022, 36.22299113 ], [ 136.18396481000002, 36.22333031 ], [ 136.18400202, 36.22376753 ], [ 136.18407647, 36.22454364 ], [ 136.184086470000011, 36.22464669 ], [ 136.18411817, 36.22496947 ], [ 136.184122550000012, 36.22499947 ], [ 136.18412261, 36.225 ], [ 136.18417872, 36.22538392 ], [ 136.18422039, 36.22579475 ], [ 136.18422983, 36.22598336 ], [ 136.18439706, 36.22596447 ], [ 136.184731500000026, 36.2259342 ], [ 136.18474261, 36.2260142 ], [ 136.18474927, 36.22606364 ], [ 136.184768440000028, 36.22620197 ], [ 136.18477316000002, 36.2264728 ], [ 136.184852050000018, 36.22691003 ], [ 136.18489872, 36.22723059 ], [ 136.18492623, 36.22767141 ], [ 136.184972610000017, 36.22801059 ], [ 136.184953990000025, 36.22831975 ], [ 136.184870390000015, 36.22831586 ], [ 136.184772890000033, 36.22828947 ], [ 136.184726500000011, 36.22833475 ], [ 136.18471261000002, 36.22859475 ], [ 136.184529270000013, 36.22878947 ], [ 136.18436189, 36.2289745 ], [ 136.18333594, 36.22889889 ], [ 136.183333330000011, 36.22889869 ], [ 136.182677250000012, 36.22885036 ], [ 136.18242733, 36.22888475 ], [ 136.182371780000011, 36.22908059 ], [ 136.182371780000011, 36.22919392 ], [ 136.182367060000018, 36.22927669 ], [ 136.182297330000011, 36.22933336 ], [ 136.18216261, 36.22942003 ], [ 136.18195817, 36.22950669 ], [ 136.18180511, 36.22963836 ], [ 136.181684280000013, 36.22981559 ], [ 136.181609830000014, 36.23000031 ], [ 136.181544840000015, 36.23017753 ], [ 136.18147066, 36.23037336 ], [ 136.18144261, 36.2305092 ], [ 136.18135428, 36.23057697 ], [ 136.181177890000015, 36.23071641 ], [ 136.181168720000016, 36.23090114 ], [ 136.181187060000013, 36.23111947 ], [ 136.18122428, 36.23139087 ], [ 136.181345110000024, 36.2315792 ], [ 136.181544840000015, 36.23165086 ], [ 136.181712050000016, 36.23164697 ], [ 136.181944, 36.23161697 ], [ 136.18222289000002, 36.23153392 ], [ 136.182547890000023, 36.23142086 ], [ 136.18265428, 36.23137586 ], [ 136.18274317, 36.23133808 ], [ 136.182896230000011, 36.23130059 ], [ 136.18317511, 36.23127808 ], [ 136.183333330000011, 36.23129408 ], [ 136.18333594, 36.23129433 ], [ 136.18339789, 36.23130059 ], [ 136.18354678, 36.23133086 ], [ 136.18364872, 36.23137975 ], [ 136.18371844, 36.23145864 ], [ 136.183704550000016, 36.23151892 ], [ 136.183660660000015, 36.23188169 ], [ 136.18365817, 36.23190197 ], [ 136.18360236, 36.23236308 ], [ 136.183588469999989, 36.23251003 ], [ 136.183583750000025, 36.23263836 ], [ 136.18366737, 36.23274753 ], [ 136.18385791, 36.23283059 ], [ 136.18415042, 36.23292086 ], [ 136.18441986000002, 36.23294364 ], [ 136.1847682, 36.2328342 ], [ 136.184907370000019, 36.23275503 ], [ 136.185241780000013, 36.23250641 ], [ 136.185567060000011, 36.23226503 ], [ 136.1859665, 36.23195225 ], [ 136.186268440000021, 36.23170003 ], [ 136.18651455, 36.23141753 ], [ 136.186653990000025, 36.23115725 ], [ 136.18674678, 36.23089364 ], [ 136.186700390000027, 36.23056947 ], [ 136.18661706, 36.23016613 ], [ 136.186784280000012, 36.23014725 ], [ 136.186913990000022, 36.23017753 ], [ 136.18726261, 36.23025669 ], [ 136.187573720000017, 36.2302942 ], [ 136.187736230000013, 36.23035086 ], [ 136.187996500000025, 36.2305242 ], [ 136.18821484, 36.23062587 ], [ 136.1883865, 36.23071641 ], [ 136.18867455, 36.23084447 ], [ 136.188800120000025, 36.23095392 ], [ 136.18893484, 36.23127031 ], [ 136.18895178, 36.23143169 ], [ 136.18896261, 36.2315342 ], [ 136.188953450000014, 36.23168503 ], [ 136.18890234, 36.23185836 ], [ 136.188781510000013, 36.23205392 ], [ 136.18859095000002, 36.23243086 ], [ 136.18847012, 36.23277392 ], [ 136.188474550000024, 36.23300392 ], [ 136.188474550000024, 36.23316586 ], [ 136.18851025, 36.2333328 ], [ 136.18851036, 36.23333333 ], [ 136.18851650000002, 36.23336197 ], [ 136.18853511, 36.2335728 ], [ 136.188697640000015, 36.23378031 ], [ 136.188796250000024, 36.2338928 ], [ 136.188902090000028, 36.23401392 ], [ 136.18923652, 36.2340778 ], [ 136.189450140000019, 36.23410059 ], [ 136.189633750000013, 36.23396614 ], [ 136.189923990000011, 36.23375392 ], [ 136.1900865, 36.23356169 ], [ 136.19023511, 36.23344864 ], [ 136.19031872, 36.23338808 ], [ 136.190402330000012, 36.23337697 ], [ 136.19046261, 36.23341087 ], [ 136.190657890000011, 36.2338592 ], [ 136.19072761000001, 36.23400253 ], [ 136.190834280000018, 36.23409308 ], [ 136.19093178, 36.23415336 ], [ 136.191099, 36.23418336 ], [ 136.19139178, 36.23411947 ], [ 136.191666670000018, 36.2341002 ], [ 136.19166927, 36.2341 ], [ 136.191716500000013, 36.23409669 ], [ 136.19193983, 36.23410808 ], [ 136.19223234, 36.23412308 ], [ 136.192669, 36.23411197 ], [ 136.193105670000023, 36.23410059 ], [ 136.193421500000028, 36.23408559 ], [ 136.193425940000026, 36.23440197 ], [ 136.193435380000011, 36.23457531 ], [ 136.193616500000019, 36.23460947 ], [ 136.194085670000021, 36.23458308 ], [ 136.194197060000022, 36.23470364 ], [ 136.19440623, 36.23503892 ], [ 136.19455484, 36.23486947 ], [ 136.19456761, 36.23485141 ], [ 136.19465234, 36.23473003 ], [ 136.194452610000013, 36.23462447 ], [ 136.19413205, 36.23445475 ], [ 136.194057890000011, 36.23421364 ], [ 136.19409484, 36.23401392 ], [ 136.1942065, 36.23393475 ], [ 136.19435983, 36.23386697 ], [ 136.19442511, 36.23390503 ], [ 136.19463844, 36.23402892 ], [ 136.194829, 36.23417586 ], [ 136.19523261, 36.23446225 ], [ 136.195525380000021, 36.23467336 ], [ 136.19591567, 36.23494864 ], [ 136.19623150000001, 36.23516336 ], [ 136.196461500000026, 36.23532669 ], [ 136.19657066000002, 36.23540447 ], [ 136.196909560000023, 36.23565308 ], [ 136.19656122, 36.23588308 ], [ 136.196366250000011, 36.23600364 ], [ 136.19635681, 36.23610641 ], [ 136.196347640000027, 36.23620697 ], [ 136.196291800000012, 36.23630892 ], [ 136.196291800000012, 36.23644447 ], [ 136.19627791, 36.23655003 ], [ 136.19623153, 36.23664808 ], [ 136.19620348, 36.23683641 ], [ 136.196180410000011, 36.23700975 ], [ 136.196115420000012, 36.23725475 ], [ 136.196078200000017, 36.23733031 ], [ 136.19612458, 36.2373678 ], [ 136.19642153, 36.23743197 ], [ 136.19666319000001, 36.23751475 ], [ 136.196681800000022, 36.2376092 ], [ 136.196677080000029, 36.23774864 ], [ 136.19660737, 36.23790697 ], [ 136.196547080000016, 36.2381442 ], [ 136.196361240000016, 36.23847559 ], [ 136.19628236, 36.23859613 ], [ 136.19612903, 36.23869059 ], [ 136.195862670000025, 36.23880759 ], [ 136.19574348, 36.23886003 ], [ 136.19551597, 36.23882613 ], [ 136.195204580000023, 36.23869808 ], [ 136.19480791, 36.2385642 ], [ 136.19478458, 36.23855641 ], [ 136.194712630000026, 36.23853225 ], [ 136.19465681, 36.23856613 ], [ 136.194415140000018, 36.23907864 ], [ 136.194113190000024, 36.23974197 ], [ 136.194054030000018, 36.23988447 ], [ 136.19386681, 36.24033364 ], [ 136.193822360000013, 36.24048031 ], [ 136.193819580000024, 36.2404892 ], [ 136.19378319, 36.24060864 ], [ 136.193675970000015, 36.24084087 ], [ 136.1936718, 36.24084975 ], [ 136.193690410000016, 36.24095531 ], [ 136.193810970000015, 36.24104947 ], [ 136.193941240000015, 36.24109864 ], [ 136.194201240000012, 36.24117003 ], [ 136.19450791, 36.24131725 ], [ 136.194572920000013, 36.24138864 ], [ 136.19458681, 36.24148308 ], [ 136.19461014, 36.24162613 ], [ 136.194641500000017, 36.24166614 ], [ 136.19464192, 36.24166667 ], [ 136.194772630000017, 36.24183336 ], [ 136.195000140000019, 36.2419992 ], [ 136.19525569000001, 36.24227059 ], [ 136.195395140000016, 36.24247031 ], [ 136.195613190000017, 36.24265892 ], [ 136.195770970000012, 36.2429492 ], [ 136.1958918, 36.24319031 ], [ 136.19616597000001, 36.24328059 ], [ 136.19626820000002, 36.24332225 ], [ 136.1963982, 36.24340141 ], [ 136.196509580000026, 36.24353697 ], [ 136.196639590000018, 36.2437178 ], [ 136.196700140000019, 36.24390975 ], [ 136.1967093, 36.24404169 ], [ 136.196765140000025, 36.24415114 ], [ 136.19688124000001, 36.2442942 ], [ 136.196862630000027, 36.24447141 ], [ 136.196732630000014, 36.24465225 ], [ 136.19672319, 36.24474641 ], [ 136.196872090000028, 36.2447578 ], [ 136.197090140000029, 36.24472003 ], [ 136.197364030000017, 36.2447578 ], [ 136.197531240000018, 36.24496141 ], [ 136.1976707, 36.24509697 ], [ 136.19787514, 36.24519503 ], [ 136.198116520000013, 36.24524392 ], [ 136.198237370000015, 36.24542113 ], [ 136.19822348, 36.2455342 ], [ 136.19822348, 36.24563225 ], [ 136.198330140000024, 36.24579059 ], [ 136.1983582, 36.24589225 ], [ 136.19846486, 36.24607697 ], [ 136.19868791, 36.24622003 ], [ 136.198869030000026, 36.24620141 ], [ 136.199092090000022, 36.24613336 ], [ 136.19941681, 36.24610336 ], [ 136.19993263, 36.24614087 ], [ 136.2, 36.24613722 ], [ 136.20000263, 36.24613708 ], [ 136.2003507, 36.24611836 ], [ 136.200487080000016, 36.24611086 ], [ 136.20048847000001, 36.24611086 ], [ 136.20069903000001, 36.24609947 ], [ 136.20065263, 36.24623531 ], [ 136.2006618, 36.24637475 ], [ 136.200592090000015, 36.24656308 ], [ 136.200508469999988, 36.24678559 ], [ 136.200438750000018, 36.24690975 ], [ 136.200229880000023, 36.24715087 ], [ 136.20007655, 36.24727892 ], [ 136.200002670000032, 36.24734305 ], [ 136.2, 36.24734536 ], [ 136.199742110000017, 36.2475692 ], [ 136.199481830000025, 36.24788559 ], [ 136.199296280000027, 36.24822864 ], [ 136.19914294, 36.24843225 ], [ 136.19899433, 36.24860169 ], [ 136.198848220000031, 36.24865336 ], [ 136.198738780000014, 36.24869225 ], [ 136.19843211, 36.24869614 ], [ 136.19824183, 36.24869614 ], [ 136.197967660000018, 36.24873003 ], [ 136.19733414, 36.2489338 ], [ 136.19713406, 36.24900725 ], [ 136.19695988, 36.2491442 ], [ 136.19681128000002, 36.24932503 ], [ 136.19662545, 36.24947225 ], [ 136.19650017, 36.2496642 ], [ 136.196346840000018, 36.24992447 ], [ 136.19628241, 36.24999947 ], [ 136.19628197000003, 36.25 ], [ 136.19616572000001, 36.25013531 ], [ 136.196031, 36.25033141 ], [ 136.19582655, 36.25066308 ], [ 136.195589610000013, 36.25106641 ], [ 136.19548294, 36.25120197 ], [ 136.19512988, 36.25093447 ], [ 136.194646010000014, 36.25051947 ], [ 136.19456322000002, 36.25044836 ], [ 136.194233220000029, 36.25072336 ], [ 136.194149610000011, 36.25078364 ], [ 136.19398684, 36.25064753 ], [ 136.193824620000015, 36.25051225 ], [ 136.19347156, 36.25024836 ], [ 136.19299795, 36.25062169 ], [ 136.192617110000015, 36.2508892 ], [ 136.19254822000002, 36.2509442 ], [ 136.19209211, 36.25131113 ], [ 136.191842940000015, 36.25151975 ], [ 136.19166934, 36.25166497 ], [ 136.191666670000018, 36.2516672 ], [ 136.191651, 36.25168031 ], [ 136.191488220000025, 36.25167669 ], [ 136.191311830000018, 36.25154087 ], [ 136.191251280000017, 36.25143531 ], [ 136.19123294000002, 36.25134864 ], [ 136.19102988, 36.25128669 ], [ 136.19080073, 36.25121669 ], [ 136.19081017000002, 36.25094559 ], [ 136.19029462, 36.25090031 ], [ 136.190094890000012, 36.25077587 ], [ 136.18966294, 36.25043669 ], [ 136.18943511, 36.25025031 ], [ 136.1894417, 36.25 ], [ 136.189441720000019, 36.24999947 ], [ 136.189444620000017, 36.24989031 ], [ 136.18924961, 36.24979613 ], [ 136.18901739, 36.2495928 ], [ 136.18886878, 36.24957753 ], [ 136.18865044, 36.24973225 ], [ 136.188290830000028, 36.24999947 ], [ 136.18829012, 36.25 ], [ 136.18826017, 36.25002225 ], [ 136.18823783000002, 36.25 ], [ 136.188237300000026, 36.24999947 ], [ 136.18818044, 36.2499428 ], [ 136.187935160000023, 36.24969808 ], [ 136.18771211, 36.24951725 ], [ 136.18747073000003, 36.24928364 ], [ 136.187220170000018, 36.24945336 ], [ 136.187076, 36.24956253 ], [ 136.18702934, 36.24998808 ], [ 136.18690516, 36.24998697 ], [ 136.186648780000013, 36.24998447 ], [ 136.18657156, 36.24998086 ], [ 136.186096, 36.24995808 ], [ 136.18563850000001, 36.24992141 ], [ 136.185529340000016, 36.2499128 ], [ 136.185046280000023, 36.24987141 ], [ 136.18453044, 36.24983725 ], [ 136.1845585, 36.24942308 ], [ 136.18458156, 36.24920059 ], [ 136.18460961, 36.24898225 ], [ 136.18466516, 36.24880503 ], [ 136.18473961, 36.24865059 ], [ 136.18467988, 36.24858864 ], [ 136.18455377, 36.24845836 ], [ 136.18445183, 36.24838669 ], [ 136.184261280000015, 36.24841308 ], [ 136.183861830000012, 36.24870697 ], [ 136.183457660000016, 36.24901225 ], [ 136.18333601, 36.24910139 ], [ 136.183333330000011, 36.24910333 ], [ 136.18297462000001, 36.24936614 ], [ 136.182552109999989, 36.24970559 ], [ 136.182194330000016, 36.24995031 ], [ 136.182131850000019, 36.24999947 ], [ 136.18213119, 36.25 ], [ 136.18189711, 36.2501842 ], [ 136.18159044, 36.25041031 ], [ 136.181455450000016, 36.2505128 ], [ 136.181241850000021, 36.25067522 ], [ 136.18118881, 36.25071341 ], [ 136.18142703, 36.25086997 ], [ 136.181562670000034, 36.25095669 ], [ 136.181938780000024, 36.25118669 ], [ 136.18241533, 36.25147708 ], [ 136.182698390000013, 36.25161264 ], [ 136.182895450000018, 36.25170669 ], [ 136.18291406, 36.25185725 ], [ 136.18299294000002, 36.25203808 ], [ 136.1831335, 36.25222086 ], [ 136.183216, 36.25232836 ], [ 136.18329961, 36.25237364 ], [ 136.183333330000011, 36.25240451 ], [ 136.18333601, 36.25240695 ], [ 136.18346462, 36.25252475 ], [ 136.18351795, 36.25257336 ], [ 136.18340655, 36.25264475 ], [ 136.18333601, 36.25270372 ], [ 136.183333330000011, 36.25270595 ], [ 136.183257670000017, 36.2527692 ], [ 136.18330377, 36.25282141 ], [ 136.183333330000011, 36.25285478 ], [ 136.18333601, 36.2528578 ], [ 136.183411, 36.25294253 ], [ 136.183567110000013, 36.25308253 ], [ 136.18412988, 36.25348447 ], [ 136.18419183, 36.25352864 ], [ 136.183775720000028, 36.25385697 ], [ 136.18480739, 36.25474947 ], [ 136.18429433, 36.25515669 ], [ 136.18423156, 36.25589697 ], [ 136.18426073, 36.25597059 ], [ 136.18433988000001, 36.25616975 ], [ 136.18360433, 36.25706253 ], [ 136.183336030000021, 36.2574192 ], [ 136.183333330000011, 36.25742275 ], [ 136.183185110000011, 36.25761978 ], [ 136.183213060000014, 36.25769175 ], [ 136.18326737000001, 36.25771292 ], [ 136.183333330000011, 36.25774003 ], [ 136.183336030000021, 36.25774114 ], [ 136.18333752, 36.25774175 ], [ 136.1833909, 36.25776736 ], [ 136.183432110000012, 36.25779 ], [ 136.18346567, 36.25780995 ], [ 136.183498340000028, 36.25782964 ], [ 136.183536420000024, 36.25785159 ], [ 136.183576640000013, 36.25787261 ], [ 136.18361553, 36.25788967 ], [ 136.18365553000001, 36.25790375 ], [ 136.18369872, 36.25791595 ], [ 136.183741920000017, 36.25792705 ], [ 136.183781440000018, 36.25793817 ], [ 136.183817660000017, 36.25795039 ], [ 136.18385086, 36.25796484 ], [ 136.183883840000021, 36.25798064 ], [ 136.183919590000016, 36.25799708 ], [ 136.18395847, 36.25801425 ], [ 136.18400058, 36.25803211 ], [ 136.184044250000028, 36.25805033 ], [ 136.184087690000013, 36.25806875 ], [ 136.184129110000015, 36.2580868 ], [ 136.18416722, 36.25810414 ], [ 136.18420355, 36.25812275 ], [ 136.184239860000019, 36.25814459 ], [ 136.18427542, 36.25816733 ], [ 136.18430964, 36.25818884 ], [ 136.184346420000026, 36.25820941 ], [ 136.18438986000001, 36.25822961 ], [ 136.18443431, 36.25824803 ], [ 136.18447409, 36.25826336 ], [ 136.184511050000026, 36.25827639 ], [ 136.18454691, 36.25828814 ], [ 136.184583770000017, 36.25830069 ], [ 136.184624110000016, 36.25831613 ], [ 136.18466258, 36.2583328 ], [ 136.18466380000001, 36.25833333 ], [ 136.18466597, 36.25833428 ], [ 136.184707980000013, 36.25835459 ], [ 136.184752340000017, 36.25837669 ], [ 136.18480158, 36.2584005 ], [ 136.184850360000013, 36.25842305 ], [ 136.184893140000014, 36.25844136 ], [ 136.184935250000024, 36.25845877 ], [ 136.184982240000011, 36.25847872 ], [ 136.185031830000014, 36.25850108 ], [ 136.18508209, 36.25852561 ], [ 136.18513066, 36.25854914 ], [ 136.185175330000021, 36.2585682 ], [ 136.185217560000012, 36.25858541 ], [ 136.185258980000015, 36.25860347 ], [ 136.18530042, 36.25862241 ], [ 136.185342870000028, 36.25864236 ], [ 136.185384890000023, 36.25866267 ], [ 136.185425010000017, 36.2586828 ], [ 136.185462630000018, 36.25870275 ], [ 136.185497420000019, 36.25872261 ], [ 136.185532530000017, 36.25874295 ], [ 136.185571190000019, 36.25876397 ], [ 136.185610420000017, 36.25878453 ], [ 136.18564717000001, 36.25880369 ], [ 136.18568328, 36.25882272 ], [ 136.185720730000014, 36.25884341 ], [ 136.185758390000018, 36.25886505 ], [ 136.18579528, 36.25888708 ], [ 136.18583039, 36.25890939 ], [ 136.18586292, 36.25893205 ], [ 136.185892700000011, 36.25895417 ], [ 136.185919660000025, 36.25897505 ], [ 136.185947450000015, 36.25899547 ], [ 136.18597964, 36.25901623 ], [ 136.186014530000023, 36.259037 ], [ 136.186050310000013, 36.25905731 ], [ 136.18608706, 36.25907708 ], [ 136.18612484, 36.25909639 ], [ 136.18616294, 36.259114 ], [ 136.186200800000023, 36.25912864 ], [ 136.186241140000021, 36.2591428 ], [ 136.18628669, 36.25915887 ], [ 136.18633336, 36.25917575 ], [ 136.186377030000017, 36.25919236 ], [ 136.186419660000013, 36.25920959 ], [ 136.186463, 36.25922817 ], [ 136.18650614, 36.25924731 ], [ 136.186548140000014, 36.259266 ], [ 136.186588110000031, 36.25928467 ], [ 136.186625670000012, 36.25930372 ], [ 136.18666389, 36.25932431 ], [ 136.18670623, 36.25934759 ], [ 136.186750250000017, 36.25937267 ], [ 136.186793280000018, 36.25939856 ], [ 136.18683339, 36.25942364 ], [ 136.1868685, 36.25944628 ], [ 136.186904380000016, 36.25946911 ], [ 136.18694720000002, 36.25949475 ], [ 136.186991750000033, 36.25952017 ], [ 136.18703333000002, 36.25954264 ], [ 136.187073770000012, 36.25956351 ], [ 136.187115230000018, 36.25958461 ], [ 136.18715733, 36.25960528 ], [ 136.187199780000014, 36.25962513 ], [ 136.18724189, 36.25964461 ], [ 136.187283330000014, 36.25966411 ], [ 136.18732678, 36.25968397 ], [ 136.187374920000025, 36.25970417 ], [ 136.18742236, 36.25972328 ], [ 136.187463800000017, 36.25973972 ], [ 136.1875037, 36.25975614 ], [ 136.187546130000015, 36.25977544 ], [ 136.187588690000013, 36.25979495 ], [ 136.18762866, 36.25981184 ], [ 136.187667890000029, 36.25982684 ], [ 136.187707760000023, 36.25984064 ], [ 136.18774908, 36.25985517 ], [ 136.187792410000014, 36.25987223 ], [ 136.18783575, 36.25988984 ], [ 136.187877300000025, 36.25990617 ], [ 136.187923190000021, 36.25992403 ], [ 136.187979440000021, 36.25994664 ], [ 136.188037370000018, 36.25997144 ], [ 136.188088490000013, 36.25999578 ], [ 136.18813341, 36.26001959 ], [ 136.18817275, 36.26004261 ], [ 136.18821567, 36.26006705 ], [ 136.188271250000014, 36.26009508 ], [ 136.18833053, 36.26012267 ], [ 136.18838445, 36.26014584 ], [ 136.18844428, 36.26017387 ], [ 136.188520730000022, 36.26021592 ], [ 136.18859895, 36.26026239 ], [ 136.18866384, 36.26030331 ], [ 136.18872289, 36.26034041 ], [ 136.188784310000017, 36.26037539 ], [ 136.18884759, 36.2604098 ], [ 136.188912550000026, 36.26044531 ], [ 136.188979860000018, 36.26047764 ], [ 136.18905014, 36.26050295 ], [ 136.189121750000027, 36.26052617 ], [ 136.18919326, 36.26055231 ], [ 136.189264330000015, 36.26057805 ], [ 136.1893345, 36.26060011 ], [ 136.189411440000015, 36.26062587 ], [ 136.189503019999989, 36.26066222 ], [ 136.189595380000014, 36.26070569 ], [ 136.18967472, 36.26075241 ], [ 136.189751850000022, 36.26080241 ], [ 136.18983781, 36.26085564 ], [ 136.18992538, 36.26090722 ], [ 136.19000764, 36.26095269 ], [ 136.190089200000017, 36.26099411 ], [ 136.19017464, 36.26103328 ], [ 136.190266330000014, 36.26107361 ], [ 136.190366160000025, 36.26111813 ], [ 136.190468660000022, 36.26116333 ], [ 136.190568250000013, 36.26120533 ], [ 136.190657830000021, 36.2612455 ], [ 136.19073025, 36.26128503 ], [ 136.19079278000001, 36.26132559 ], [ 136.190853, 36.2613692 ], [ 136.190913640000019, 36.26141551 ], [ 136.190977420000024, 36.26146436 ], [ 136.19104042, 36.26151031 ], [ 136.19109837, 36.26154769 ], [ 136.191156010000014, 36.26158303 ], [ 136.19121752, 36.26162269 ], [ 136.191281280000027, 36.26166944 ], [ 136.19134564, 36.26172622 ], [ 136.19140409000002, 36.26177903 ], [ 136.19145025, 36.26181367 ], [ 136.19149314, 36.26183711 ], [ 136.191541500000028, 36.26185631 ], [ 136.19159339, 36.26187372 ], [ 136.19164652, 36.26189184 ], [ 136.191666670000018, 36.26189917 ], [ 136.19166936000002, 36.26190013 ], [ 136.19170377, 36.26191267 ], [ 136.191768170000017, 36.26193814 ], [ 136.191832440000013, 36.26196841 ], [ 136.19188997, 36.26200347 ], [ 136.191947130000017, 36.2620362 ], [ 136.192010970000013, 36.26205917 ], [ 136.192078340000023, 36.26207772 ], [ 136.192146160000021, 36.26209725 ], [ 136.19221711, 36.26211814 ], [ 136.19229361, 36.26214092 ], [ 136.192371580000014, 36.2621662 ], [ 136.192446890000014, 36.262195 ], [ 136.192518300000017, 36.26222814 ], [ 136.19258462, 36.26226644 ], [ 136.192651950000027, 36.26230697 ], [ 136.192726130000011, 36.26234661 ], [ 136.192804140000021, 36.26238505 ], [ 136.19288258, 36.26242189 ], [ 136.192958370000014, 36.26245628 ], [ 136.193028200000015, 36.26248761 ], [ 136.19309562, 36.26251925 ], [ 136.19316403000002, 36.26255456 ], [ 136.19323348, 36.26259292 ], [ 136.193304450000028, 36.26263356 ], [ 136.193379250000021, 36.26267875 ], [ 136.193460390000013, 36.26273125 ], [ 136.19354533, 36.26278367 ], [ 136.19363125000001, 36.26282895 ], [ 136.193719390000012, 36.26287325 ], [ 136.19381042, 36.26292284 ], [ 136.19390761, 36.26297497 ], [ 136.19401367, 36.26302705 ], [ 136.194113190000024, 36.26307603 ], [ 136.1941902, 36.2631188 ], [ 136.194259080000023, 36.26316013 ], [ 136.19433419, 36.26320444 ], [ 136.194407520000027, 36.26324536 ], [ 136.194471030000017, 36.26327625 ], [ 136.194528080000026, 36.26330356 ], [ 136.1945818, 36.26333375 ], [ 136.194635190000014, 36.26336359 ], [ 136.19469134000002, 36.2633898 ], [ 136.19474761, 36.26341422 ], [ 136.194801190000021, 36.26343884 ], [ 136.19485178, 36.263465 ], [ 136.19489905, 36.26349431 ], [ 136.194944310000011, 36.26352667 ], [ 136.19498859, 36.2635622 ], [ 136.195033860000024, 36.263598 ], [ 136.1950818, 36.26363108 ], [ 136.19513372, 36.26366092 ], [ 136.19519122, 36.26368697 ], [ 136.195250050000027, 36.26371031 ], [ 136.19530597, 36.26373184 ], [ 136.195358780000021, 36.26375428 ], [ 136.19540847, 36.26378041 ], [ 136.19545628, 36.26380875 ], [ 136.195503770000016, 36.26383805 ], [ 136.19555105, 36.26387059 ], [ 136.195598220000022, 36.26390892 ], [ 136.195645620000022, 36.26395092 ], [ 136.195693480000017, 36.26399447 ], [ 136.19573986, 36.26403575 ], [ 136.195782800000018, 36.2640712 ], [ 136.19582908000001, 36.26410259 ], [ 136.19588536, 36.26413178 ], [ 136.195948640000012, 36.264158 ], [ 136.19601581, 36.26418041 ], [ 136.19608531, 36.2642048 ], [ 136.196155380000022, 36.26423705 ], [ 136.19623217, 36.264272 ], [ 136.19632150000001, 36.26430475 ], [ 136.19641662, 36.26433586 ], [ 136.196511050000026, 36.2643658 ], [ 136.196603190000019, 36.26439864 ], [ 136.196691410000028, 36.26443825 ], [ 136.196779360000022, 36.26448441 ], [ 136.19687031, 36.26453692 ], [ 136.19695847, 36.26459175 ], [ 136.1970382, 36.26464514 ], [ 136.19711234, 36.26469884 ], [ 136.197184140000019, 36.26475478 ], [ 136.197252610000021, 36.2648108 ], [ 136.197316520000015, 36.26486478 ], [ 136.19737698000003, 36.26491922 ], [ 136.197435230000025, 36.26497625 ], [ 136.197491250000013, 36.26503511 ], [ 136.197545470000023, 36.26509487 ], [ 136.197594030000033, 36.26514931 ], [ 136.19763341, 36.26519225 ], [ 136.197677810000016, 36.26522851 ], [ 136.19774156, 36.26526336 ], [ 136.197817640000011, 36.26529503 ], [ 136.19789886, 36.26532203 ], [ 136.197984940000026, 36.26534895 ], [ 136.198075620000026, 36.26538013 ], [ 136.19816228000002, 36.26541244 ], [ 136.19823628, 36.26544253 ], [ 136.19830769, 36.26547853 ], [ 136.19838662, 36.26552853 ], [ 136.19847103, 36.26558525 ], [ 136.198558640000016, 36.26564125 ], [ 136.198646810000014, 36.26569456 ], [ 136.198733060000023, 36.26574308 ], [ 136.198816420000014, 36.26578639 ], [ 136.198895530000016, 36.26582403 ], [ 136.198974110000023, 36.26586075 ], [ 136.19905555, 36.26590125 ], [ 136.19914839, 36.26594464 ], [ 136.199261120000017, 36.26598989 ], [ 136.199385770000021, 36.2660378 ], [ 136.199514690000029, 36.26608895 ], [ 136.19964103, 36.26614156 ], [ 136.19975815, 36.26619344 ], [ 136.199865110000019, 36.26624584 ], [ 136.199960950000019, 36.26629964 ], [ 136.2, 36.26632284 ], [ 136.2000027, 36.26632444 ], [ 136.200049800000016, 36.26635241 ], [ 136.20013538, 36.26640156 ], [ 136.200219440000012, 36.26644892 ], [ 136.20027131, 36.26649769 ], [ 136.20033575, 36.26654264 ], [ 136.200381390000018, 36.266587 ], [ 136.20042722, 36.26662756 ], [ 136.200473390000013, 36.26666047 ], [ 136.20048209, 36.26666613 ], [ 136.200482920000013, 36.26666667 ], [ 136.20052078, 36.26669131 ], [ 136.20057005000001, 36.2667252 ], [ 136.200619100000011, 36.26676217 ], [ 136.200665750000013, 36.26680184 ], [ 136.20070669, 36.26684161 ], [ 136.20073839, 36.26687914 ], [ 136.20076253000002, 36.26691533 ], [ 136.20078064, 36.26695125 ], [ 136.200788970000019, 36.26699125 ], [ 136.200783990000019, 36.26703967 ], [ 136.200781630000023, 36.26705184 ], [ 136.200775530000016, 36.26708339 ], [ 136.200773700000013, 36.26710936 ], [ 136.20078075, 36.26712495 ], [ 136.20079883, 36.26713761 ], [ 136.200829, 36.26714611 ], [ 136.200872190000013, 36.26714884 ], [ 136.20092986, 36.26714975 ], [ 136.201002970000019, 36.26715251 ], [ 136.20106156, 36.26716061 ], [ 136.20109761, 36.26716559 ], [ 136.201219660000021, 36.26719747 ], [ 136.201350890000015, 36.2672388 ], [ 136.201472630000012, 36.26728041 ], [ 136.201593190000011, 36.26732797 ], [ 136.20172022, 36.26738705 ], [ 136.201848720000015, 36.26745192 ], [ 136.201973650000014, 36.26751669 ], [ 136.202092920000013, 36.267583 ], [ 136.20220494000003, 36.26765203 ], [ 136.20231486, 36.26772036 ], [ 136.20242808, 36.26778413 ], [ 136.202541, 36.26784795 ], [ 136.202650030000029, 36.267916 ], [ 136.202750580000014, 36.26798053 ], [ 136.20283864000001, 36.268034 ], [ 136.20291623, 36.26807722 ], [ 136.202985750000011, 36.26811117 ], [ 136.20305306, 36.26814261 ], [ 136.203123840000018, 36.26817844 ], [ 136.20319949, 36.26821644 ], [ 136.203281410000017, 36.26825444 ], [ 136.203369440000017, 36.26829475 ], [ 136.203463280000022, 36.26834003 ], [ 136.203565030000021, 36.26839267 ], [ 136.20367669, 36.2684552 ], [ 136.203783720000018, 36.26851908 ], [ 136.20387112, 36.26857572 ], [ 136.20394217, 36.26862741 ], [ 136.204000390000033, 36.26867653 ], [ 136.204049030000022, 36.26872314 ], [ 136.20409156, 36.26876741 ], [ 136.20412927000001, 36.26880844 ], [ 136.204163860000023, 36.26884544 ], [ 136.204186, 36.26886339 ], [ 136.20420058000002, 36.2688752 ], [ 136.20424503000001, 36.26889433 ], [ 136.204300730000028, 36.26891125 ], [ 136.20432625, 36.26891961 ], [ 136.204371110000011, 36.26893431 ], [ 136.204447890000012, 36.26896184 ], [ 136.204522970000028, 36.26899253 ], [ 136.204600200000016, 36.26902647 ], [ 136.20465995, 36.26905341 ], [ 136.204683220000021, 36.26906392 ], [ 136.20476969, 36.26910341 ], [ 136.204856940000013, 36.26914347 ], [ 136.20494075, 36.26918497 ], [ 136.205016980000011, 36.269229 ], [ 136.205092, 36.26927611 ], [ 136.205172050000016, 36.26932669 ], [ 136.20524864, 36.26937677 ], [ 136.205313550000028, 36.26942244 ], [ 136.20537834000001, 36.26946631 ], [ 136.205454250000031, 36.26951089 ], [ 136.20553494, 36.26955508 ], [ 136.20561397, 36.26959778 ], [ 136.20569778, 36.26964177 ], [ 136.20579283, 36.2696902 ], [ 136.205894700000016, 36.26973997 ], [ 136.20599834, 36.26978828 ], [ 136.206103650000017, 36.26983695 ], [ 136.206210270000014, 36.26988759 ], [ 136.206315360000019, 36.26993536 ], [ 136.20641597, 36.2699752 ], [ 136.20651659, 36.27001405 ], [ 136.20662144, 36.27005884 ], [ 136.206730530000016, 36.27010777 ], [ 136.206847300000021, 36.27016059 ], [ 136.206959860000012, 36.27021147 ], [ 136.207160830000021, 36.27032341 ], [ 136.207346280000024, 36.27045144 ], [ 136.20753986, 36.27059469 ], [ 136.207690220000018, 36.27071033 ], [ 136.20781611000001, 36.27079717 ], [ 136.20794817, 36.27086717 ], [ 136.20809817, 36.27093772 ], [ 136.208295360000022, 36.27100913 ], [ 136.208333330000016, 36.27102136 ], [ 136.208336030000027, 36.27102225 ], [ 136.20850581000002, 36.271077 ], [ 136.208646470000019, 36.2711145 ], [ 136.208873650000015, 36.27119172 ], [ 136.20912558, 36.27130511 ], [ 136.209410530000014, 36.27143547 ], [ 136.209640660000019, 36.27154684 ], [ 136.209858110000027, 36.27165686 ], [ 136.21012442, 36.27180556 ], [ 136.21041564, 36.27198872 ], [ 136.21066506, 36.27218575 ], [ 136.21087309, 36.27235653 ], [ 136.21104947, 36.27251495 ], [ 136.211243380000013, 36.27267387 ], [ 136.211364310000022, 36.27276928 ], [ 136.21149759, 36.27283175 ], [ 136.211645500000031, 36.27287313 ], [ 136.211863890000018, 36.27295875 ], [ 136.21209608, 36.27304295 ], [ 136.21232917, 36.27312311 ], [ 136.212610050000023, 36.27323653 ], [ 136.212897420000019, 36.27334967 ], [ 136.213140700000025, 36.27345767 ], [ 136.213342550000021, 36.27356059 ], [ 136.21358036, 36.27370059 ], [ 136.213820360000028, 36.27387439 ], [ 136.21401572000002, 36.27400139 ], [ 136.214159470000027, 36.274109 ], [ 136.214361340000011, 36.27425213 ], [ 136.214699100000018, 36.27444439 ], [ 136.215022670000025, 36.274601 ], [ 136.215267690000019, 36.27472864 ], [ 136.215453090000011, 36.2748362 ], [ 136.215670780000011, 36.27494511 ], [ 136.2157975, 36.27499947 ], [ 136.21579872, 36.275 ], [ 136.21595639, 36.27506761 ], [ 136.216267280000011, 36.27523128 ], [ 136.21666667, 36.27546928 ], [ 136.21666939, 36.27547089 ], [ 136.21667066, 36.27547164 ], [ 136.217016300000012, 36.27564233 ], [ 136.21735647, 36.27585344 ], [ 136.21760581, 36.27604595 ], [ 136.217877470000019, 36.27627889 ], [ 136.21809747, 36.27649505 ], [ 136.21824786000002, 36.27661884 ], [ 136.21837406, 36.27672267 ], [ 136.218701440000018, 36.276898 ], [ 136.21872997, 36.27690953 ], [ 136.21915064, 36.27707933 ], [ 136.219608220000026, 36.27730751 ], [ 136.220094890000013, 36.27758728 ], [ 136.220542020000011, 36.27783231 ], [ 136.220998520000023, 36.27807159 ], [ 136.221408270000012, 36.27831164 ], [ 136.22173859, 36.27851831 ], [ 136.22203608, 36.27874364 ], [ 136.2223075, 36.27894528 ], [ 136.222630900000013, 36.27919731 ], [ 136.22271433, 36.27925339 ], [ 136.222906060000014, 36.27939264 ], [ 136.223221750000022, 36.27954456 ], [ 136.22361523, 36.27977059 ], [ 136.223921, 36.27992603 ], [ 136.2243009, 36.28010961 ], [ 136.224635840000019, 36.28030159 ], [ 136.22493628, 36.2804628 ], [ 136.225, 36.2805022 ], [ 136.22500272000002, 36.28050389 ], [ 136.225286, 36.28067908 ], [ 136.2255925, 36.2808585 ], [ 136.225880750000016, 36.28103064 ], [ 136.22610911000001, 36.28116378 ], [ 136.22626703, 36.28130308 ], [ 136.22649365, 36.28144767 ], [ 136.22670086, 36.2815422 ], [ 136.226844310000018, 36.28164061 ], [ 136.227031, 36.28176389 ], [ 136.22720947000002, 36.28188759 ], [ 136.227485280000025, 36.28206847 ], [ 136.227642, 36.28218039 ], [ 136.22772642000001, 36.28222584 ], [ 136.22780769, 36.28227111 ], [ 136.22791075, 36.28234203 ], [ 136.22800263000002, 36.28239953 ], [ 136.228101830000014, 36.28247578 ], [ 136.228210390000015, 36.2825582 ], [ 136.228306520000018, 36.28262417 ], [ 136.2284127, 36.2826905 ], [ 136.22852377000001, 36.28275597 ], [ 136.228664690000016, 36.28282844 ], [ 136.22877397000002, 36.282896 ], [ 136.228858660000014, 36.28296851 ], [ 136.22897745, 36.28303964 ], [ 136.22908852, 36.28311586 ], [ 136.229195620000013, 36.28318892 ], [ 136.22932508, 36.28326277 ], [ 136.229435060000014, 36.2833328 ], [ 136.229435890000019, 36.28333333 ], [ 136.229436280000016, 36.28333359 ], [ 136.229526740000011, 36.2833965 ], [ 136.22962131, 36.28345328 ], [ 136.229696280000013, 36.28351478 ], [ 136.229858300000018, 36.28360241 ], [ 136.229874140000021, 36.28361411 ], [ 136.229991250000012, 36.28368861 ], [ 136.230042560000015, 36.28372123 ], [ 136.23018122000002, 36.28382353 ], [ 136.23031261, 36.28391539 ], [ 136.23043733, 36.28400456 ], [ 136.230556640000032, 36.28410256 ], [ 136.2306892, 36.28417414 ], [ 136.23079961, 36.28428208 ], [ 136.230942920000018, 36.28440978 ], [ 136.23109109, 36.28451828 ], [ 136.231204940000026, 36.28458395 ], [ 136.231358050000011, 36.28467792 ], [ 136.23150689, 36.2847912 ], [ 136.23162978000002, 36.28490108 ], [ 136.231755060000012, 36.28498539 ], [ 136.231912310000013, 36.28508728 ], [ 136.23202314, 36.28514936 ], [ 136.232175720000015, 36.28524595 ], [ 136.23232092, 36.28533433 ], [ 136.23251131, 36.28545456 ], [ 136.232618, 36.28550817 ], [ 136.23280817, 36.28559269 ], [ 136.232978660000015, 36.285719 ], [ 136.233143770000027, 36.2858372 ], [ 136.233327640000027, 36.28597444 ], [ 136.233333330000022, 36.28597792 ], [ 136.233336060000028, 36.28597961 ], [ 136.23347372, 36.28606395 ], [ 136.233636720000021, 36.28617528 ], [ 136.23381519, 36.28628625 ], [ 136.234010700000027, 36.28640933 ], [ 136.234191720000013, 36.28652578 ], [ 136.23435156, 36.28662597 ], [ 136.234506470000014, 36.28671795 ], [ 136.23464834, 36.2868105 ], [ 136.23478975, 36.28693156 ], [ 136.234932550000025, 36.28703247 ], [ 136.23505506, 36.28711731 ], [ 136.23522759, 36.28722297 ], [ 136.2353818, 36.28731089 ], [ 136.23555355000002, 36.28740853 ], [ 136.23581898, 36.28756672 ], [ 136.235966030000014, 36.28767667 ], [ 136.23612105, 36.28777333 ], [ 136.2362617, 36.28785714 ], [ 136.236435910000012, 36.28796395 ], [ 136.236598440000023, 36.28807522 ], [ 136.236748050000017, 36.28818236 ], [ 136.236897890000023, 36.28828561 ], [ 136.237031, 36.28838223 ], [ 136.237154480000015, 36.288497 ], [ 136.23731747, 36.28861572 ], [ 136.23745353000001, 36.28872461 ], [ 136.23759633, 36.28882959 ], [ 136.23771506, 36.2889148 ], [ 136.23786114, 36.28899922 ], [ 136.238018560000029, 36.289113 ], [ 136.238206890000015, 36.28924261 ], [ 136.238371950000015, 36.28937522 ], [ 136.238542780000017, 36.28950447 ], [ 136.23873803, 36.28964675 ], [ 136.23888577, 36.28975469 ], [ 136.239074250000016, 36.28989897 ], [ 136.23924639, 36.29002139 ], [ 136.239443750000021, 36.29015997 ], [ 136.23961953, 36.29030067 ], [ 136.23978, 36.29042725 ], [ 136.23992966, 36.29054808 ], [ 136.24006606, 36.29065597 ], [ 136.240191190000019, 36.29073403 ], [ 136.240318910000013, 36.29081175 ], [ 136.24043022, 36.29091408 ], [ 136.240554920000022, 36.29102036 ], [ 136.240745690000011, 36.29115147 ], [ 136.240886110000019, 36.29127133 ], [ 136.240994840000013, 36.29136672 ], [ 136.24108111000001, 36.29147589 ], [ 136.2411509, 36.29153341 ], [ 136.24122645, 36.29159608 ], [ 136.24131655, 36.29164844 ], [ 136.24135737, 36.29166613 ], [ 136.24135859, 36.29166667 ], [ 136.241401610000025, 36.29168533 ], [ 136.241454840000017, 36.2917208 ], [ 136.241477910000015, 36.29176611 ], [ 136.241491630000013, 36.29181061 ], [ 136.241520800000018, 36.29184975 ], [ 136.2415655, 36.29189825 ], [ 136.24160852, 36.2919515 ], [ 136.241652550000026, 36.29200667 ], [ 136.24166667, 36.29201831 ], [ 136.241669420000022, 36.29202059 ], [ 136.241713060000023, 36.29205656 ], [ 136.241777300000024, 36.29209608 ], [ 136.24185097, 36.29215505 ], [ 136.241908220000028, 36.29220759 ], [ 136.2419672, 36.29226631 ], [ 136.242015110000011, 36.29231047 ], [ 136.24202086, 36.29233786 ], [ 136.24198297, 36.29236147 ], [ 136.24195839, 36.29240884 ], [ 136.24196655, 36.29245153 ], [ 136.24198339, 36.2924972 ], [ 136.242006010000011, 36.29253364 ], [ 136.242057980000027, 36.29256508 ], [ 136.24206759, 36.29257356 ], [ 136.24211311000002, 36.29261356 ], [ 136.242176550000011, 36.29267778 ], [ 136.242251, 36.29273847 ], [ 136.24229569000002, 36.29279461 ], [ 136.242353800000018, 36.29286256 ], [ 136.24244250000001, 36.29292067 ], [ 136.242523310000024, 36.29298325 ], [ 136.242587200000031, 36.29305475 ], [ 136.242651140000021, 36.29313611 ], [ 136.242673310000015, 36.29318059 ], [ 136.24266, 36.2932282 ], [ 136.242636420000025, 36.29327097 ], [ 136.242632050000026, 36.29330369 ], [ 136.242632500000013, 36.29334108 ], [ 136.242629170000015, 36.29337428 ], [ 136.24263228, 36.29340887 ], [ 136.242648270000018, 36.29343489 ], [ 136.242668720000012, 36.29345467 ], [ 136.242725330000013, 36.29347684 ], [ 136.24280403000003, 36.29346972 ], [ 136.242888810000011, 36.29344728 ], [ 136.242976200000015, 36.29348775 ], [ 136.24300917, 36.29352484 ], [ 136.243041050000016, 36.29361444 ], [ 136.243040190000016, 36.29361984 ], [ 136.24303287, 36.29363022 ], [ 136.243009340000015, 36.29365505 ], [ 136.24299258, 36.2936695 ], [ 136.242974250000032, 36.29368451 ], [ 136.24295075, 36.29375241 ], [ 136.242954470000029, 36.2938018 ], [ 136.242952780000024, 36.29382686 ], [ 136.24295258, 36.29383687 ], [ 136.242948720000015, 36.29385364 ], [ 136.24294197, 36.29386367 ], [ 136.242937860000012, 36.29386628 ], [ 136.24292678, 36.29388541 ], [ 136.24292438, 36.293901 ], [ 136.24292306000001, 36.29393786 ], [ 136.242921240000015, 36.29396472 ], [ 136.24292109000001, 36.29398214 ], [ 136.242927200000025, 36.29401708 ], [ 136.24293144, 36.2940252 ], [ 136.242935580000022, 36.29402897 ], [ 136.242943920000016, 36.29402813 ], [ 136.24295114, 36.29402084 ], [ 136.24297489, 36.29399959 ], [ 136.24298966, 36.29399084 ], [ 136.24301047, 36.29398186 ], [ 136.243019690000011, 36.29397905 ], [ 136.24303341000001, 36.29398361 ], [ 136.243043, 36.29398836 ], [ 136.24304769, 36.29399044 ], [ 136.243053480000015, 36.29399097 ], [ 136.24308066, 36.29399739 ], [ 136.243084, 36.29400036 ], [ 136.243087590000016, 36.29400377 ], [ 136.2430962, 36.29401295 ], [ 136.24310144, 36.29401933 ], [ 136.243103, 36.29402177 ], [ 136.24310847000001, 36.29402808 ], [ 136.24311986, 36.29403895 ], [ 136.243124360000024, 36.29405239 ], [ 136.243126280000013, 36.29405995 ], [ 136.243121090000017, 36.29407167 ], [ 136.24311623, 36.29408456 ], [ 136.24309553, 36.29408778 ], [ 136.243081390000015, 36.29408805 ], [ 136.24306647, 36.29408792 ], [ 136.243053, 36.29408847 ], [ 136.24303988, 36.29409303 ], [ 136.24302542, 36.29410053 ], [ 136.242999780000019, 36.29412103 ], [ 136.242978560000012, 36.29413695 ], [ 136.24296092, 36.29415508 ], [ 136.242950120000017, 36.29415864 ], [ 136.242925010000022, 36.29417247 ], [ 136.242903550000023, 36.29418928 ], [ 136.242887670000016, 36.29419895 ], [ 136.24287224, 36.2942172 ], [ 136.24287042, 36.29423036 ], [ 136.24287698, 36.29423467 ], [ 136.242889100000014, 36.29423544 ], [ 136.242896030000026, 36.29423344 ], [ 136.242911920000012, 36.2942235 ], [ 136.24292947, 36.29421095 ], [ 136.242944580000028, 36.29420036 ], [ 136.242953700000015, 36.29419908 ], [ 136.24296328, 36.29419989 ], [ 136.242971610000012, 36.2941968 ], [ 136.242980750000015, 36.29419505 ], [ 136.2429893, 36.29419722 ], [ 136.24299837, 36.29420197 ], [ 136.24301306000001, 36.29420231 ], [ 136.24302416, 36.29419661 ], [ 136.24304472, 36.2941852 ], [ 136.243049970000015, 36.29418772 ], [ 136.243055670000018, 36.29419536 ], [ 136.24307214000001, 36.29419722 ], [ 136.243078640000022, 36.29420405 ], [ 136.24308022, 36.29421541 ], [ 136.243081610000019, 36.29423092 ], [ 136.243089560000016, 36.29424144 ], [ 136.243104690000024, 36.29424267 ], [ 136.24311603000001, 36.2942395 ], [ 136.243130510000015, 36.29423378 ], [ 136.24314261, 36.29423097 ], [ 136.24315375, 36.29422661 ], [ 136.24316109, 36.29422067 ], [ 136.24317217, 36.29421244 ], [ 136.24318109, 36.29421053 ], [ 136.243187980000016, 36.29421195 ], [ 136.243188910000015, 36.29422205 ], [ 136.243186830000013, 36.29423069 ], [ 136.2431793, 36.29425208 ], [ 136.243179140000024, 36.29426731 ], [ 136.243178170000022, 36.29427622 ], [ 136.243166860000031, 36.29429556 ], [ 136.24315747, 36.29431539 ], [ 136.24315253, 36.29433811 ], [ 136.243149640000013, 36.29434417 ], [ 136.24313623, 36.2943568 ], [ 136.24311645, 36.29436892 ], [ 136.243110660000013, 36.29437064 ], [ 136.24310066000001, 36.29437661 ], [ 136.24309531, 36.29437941 ], [ 136.24309739, 36.29436733 ], [ 136.24309416, 36.29436267 ], [ 136.24308258, 36.29436186 ], [ 136.24307511, 36.29436513 ], [ 136.24307056, 36.29436831 ], [ 136.243061480000023, 36.29437508 ], [ 136.243041440000013, 36.29438322 ], [ 136.242991890000013, 36.2944145 ], [ 136.24297389, 36.29443131 ], [ 136.24295650000002, 36.29445531 ], [ 136.24294519, 36.29447669 ], [ 136.242935940000024, 36.2945025 ], [ 136.242912500000017, 36.29456087 ], [ 136.242904, 36.29457828 ], [ 136.242889640000016, 36.29461878 ], [ 136.24286834000003, 36.29464269 ], [ 136.242827660000017, 36.29470361 ], [ 136.24279905, 36.29473864 ], [ 136.2427772, 36.29476528 ], [ 136.242778660000027, 36.29477472 ], [ 136.242785250000026, 36.29477741 ], [ 136.242785720000029, 36.29478147 ], [ 136.242743110000021, 36.29483159 ], [ 136.242722360000016, 36.29485156 ], [ 136.24270737, 36.29485941 ], [ 136.24269134, 36.29486108 ], [ 136.242684670000017, 36.29486369 ], [ 136.24267745, 36.29486859 ], [ 136.24266964, 36.29487247 ], [ 136.2426562, 36.29488089 ], [ 136.24265623, 36.29488628 ], [ 136.242661020000014, 36.29489439 ], [ 136.242666420000035, 36.29490331 ], [ 136.242669, 36.29491808 ], [ 136.24266939, 36.29493195 ], [ 136.24267752, 36.29493697 ], [ 136.242692480000017, 36.29494156 ], [ 136.242700610000014, 36.29494569 ], [ 136.242703940000013, 36.29494659 ], [ 136.242713970000011, 36.29494359 ], [ 136.242718420000017, 36.29494131 ], [ 136.24272830000001, 36.29494013 ], [ 136.242733860000016, 36.29493705 ], [ 136.242738340000017, 36.29493751 ], [ 136.242741560000013, 36.2949402 ], [ 136.24274983, 36.29494747 ], [ 136.242756860000014, 36.29495422 ], [ 136.242771120000015, 36.29495925 ], [ 136.242781050000019, 36.29496336 ], [ 136.242788080000025, 36.29497147 ], [ 136.242804230000019, 36.29500422 ], [ 136.242867250000018, 36.29507864 ], [ 136.24287428, 36.29508764 ], [ 136.24288189, 36.2951015 ], [ 136.24288224, 36.29511053 ], [ 136.24287861000002, 36.29511531 ], [ 136.24285925, 36.29511931 ], [ 136.242844750000017, 36.29511736 ], [ 136.242836720000014, 36.29511331 ], [ 136.24282713, 36.29510441 ], [ 136.24282263, 36.29509433 ], [ 136.24281861, 36.29508305 ], [ 136.24281267, 36.29507056 ], [ 136.2428045, 36.29505967 ], [ 136.242799140000017, 36.29505075 ], [ 136.242791530000034, 36.2950422 ], [ 136.242785059999989, 36.29503536 ], [ 136.24277791, 36.29502908 ], [ 136.24277189, 36.29502628 ], [ 136.24275642, 36.29502659 ], [ 136.242744750000014, 36.29503195 ], [ 136.242739530000023, 36.29503989 ], [ 136.24273886, 36.29504295 ], [ 136.24273825, 36.29505872 ], [ 136.24273975, 36.29507611 ], [ 136.24274336, 36.29509222 ], [ 136.242749300000014, 36.29510123 ], [ 136.242759690000014, 36.29511067 ], [ 136.24276214, 36.29511328 ], [ 136.24275516000003, 36.29512275 ], [ 136.242746690000018, 36.29512667 ], [ 136.24273348, 36.29512839 ], [ 136.24272511, 36.29513095 ], [ 136.24271558, 36.29514251 ], [ 136.242717520000014, 36.29516133 ], [ 136.24271791000001, 36.2951752 ], [ 136.242716060000021, 36.29518856 ], [ 136.24271586, 36.29520017 ], [ 136.24271859000001, 36.29521008 ], [ 136.242731610000021, 36.29521141 ], [ 136.24274294, 36.29521059 ], [ 136.242754640000015, 36.29521072 ], [ 136.242772800000012, 36.29521133 ], [ 136.24278272, 36.29521275 ], [ 136.242789750000014, 36.29521959 ], [ 136.242801720000017, 36.2952412 ], [ 136.24281234, 36.29524944 ], [ 136.242820140000021, 36.29525756 ], [ 136.24286419, 36.29528297 ], [ 136.2428737, 36.29528953 ], [ 136.24290224, 36.29530723 ], [ 136.242913610000016, 36.29531495 ], [ 136.24293803, 36.2953185 ], [ 136.24295625000002, 36.29531377 ], [ 136.243002830000023, 36.29528431 ], [ 136.24301348, 36.29527175 ], [ 136.243025500000016, 36.29524036 ], [ 136.2430382, 36.29523547 ], [ 136.24305322, 36.29523428 ], [ 136.24307302, 36.29523451 ], [ 136.24307961, 36.29523989 ], [ 136.243084970000012, 36.29524664 ], [ 136.24309258, 36.29525608 ], [ 136.24311047, 36.295284 ], [ 136.24311742, 36.29529787 ], [ 136.24313475, 36.29532217 ], [ 136.24314292, 36.29533387 ], [ 136.24315844000003, 36.29534887 ], [ 136.24316302, 36.29535328 ], [ 136.243177170000024, 36.29534941 ], [ 136.243328, 36.29530808 ], [ 136.243333550000017, 36.29530653 ], [ 136.243337780000019, 36.29530211 ], [ 136.24333898, 36.29529408 ], [ 136.243338280000017, 36.29528336 ], [ 136.243336810000017, 36.29527328 ], [ 136.243338220000027, 36.29526505 ], [ 136.243343330000016, 36.29525856 ], [ 136.24335253000001, 36.29525197 ], [ 136.24336175000002, 36.29524447 ], [ 136.24337263000001, 36.29523578 ], [ 136.243379300000015, 36.29523117 ], [ 136.243382750000023, 36.29522523 ], [ 136.24338361, 36.29521784 ], [ 136.243386140000013, 36.29521117 ], [ 136.243392920000019, 36.29520447 ], [ 136.243399660000023, 36.29519247 ], [ 136.243404770000012, 36.29518272 ], [ 136.24340472, 36.29517328 ], [ 136.24340306000002, 36.29516795 ], [ 136.243400700000024, 36.29516184 ], [ 136.24339645, 36.29515428 ], [ 136.24339464000002, 36.29514508 ], [ 136.24339550000002, 36.29513741 ], [ 136.24339759, 36.29512895 ], [ 136.243402440000011, 36.29511297 ], [ 136.24341105000002, 36.29509467 ], [ 136.24342361, 36.29508067 ], [ 136.243436590000016, 36.29506361 ], [ 136.243438340000012, 36.29505359 ], [ 136.24343786, 36.29504956 ], [ 136.243431390000012, 36.29504161 ], [ 136.243425910000013, 36.29503559 ], [ 136.243421630000029, 36.29502417 ], [ 136.243418390000016, 36.29501741 ], [ 136.243414700000017, 36.29500911 ], [ 136.24341156, 36.29499995 ], [ 136.243408860000017, 36.29499364 ], [ 136.243404160000011, 36.29498887 ], [ 136.24339591, 36.294985 ], [ 136.243386890000011, 36.29497953 ], [ 136.243380950000017, 36.29497277 ], [ 136.24337122, 36.29495928 ], [ 136.24336717, 36.29494587 ], [ 136.24336514, 36.29493847 ], [ 136.24336577, 36.29492611 ], [ 136.24336294, 36.29491361 ], [ 136.243368270000019, 36.29490611 ], [ 136.24337416, 36.29490411 ], [ 136.243382750000023, 36.29490528 ], [ 136.243393450000013, 36.29490561 ], [ 136.243399340000025, 36.29490253 ], [ 136.243403550000011, 36.29489839 ], [ 136.243412550000016, 36.29489125 ], [ 136.243420120000025, 36.29488592 ], [ 136.24341852, 36.29488013 ], [ 136.24341562, 36.29487384 ], [ 136.243415030000023, 36.29486797 ], [ 136.243419580000023, 36.29486444 ], [ 136.243426810000017, 36.29486075 ], [ 136.24343425, 36.29485659 ], [ 136.243434920000027, 36.29485208 ], [ 136.24371947000003, 36.29515128 ], [ 136.243860290000015, 36.29529934 ], [ 136.24397633000001, 36.29520631 ], [ 136.24421842000001, 36.29502459 ], [ 136.24474881, 36.29461664 ], [ 136.24549248, 36.29416641 ], [ 136.24585997, 36.29393336 ], [ 136.246014420000023, 36.29383531 ], [ 136.246560530000011, 36.2935692 ], [ 136.246725810000015, 36.2934892 ], [ 136.24681664000002, 36.29345086 ], [ 136.247089970000019, 36.29333503 ], [ 136.247259690000021, 36.2932842 ], [ 136.24740859, 36.29323947 ], [ 136.24755248, 36.29319641 ], [ 136.24755747, 36.29319253 ], [ 136.247902480000022, 36.29292725 ], [ 136.24828942000002, 36.2924042 ], [ 136.24839664000001, 36.29227169 ], [ 136.24855969, 36.29207059 ], [ 136.248580800000013, 36.29206113 ], [ 136.24924747, 36.29176169 ], [ 136.249546360000011, 36.29174336 ], [ 136.24997803, 36.29171669 ], [ 136.25, 36.2917188 ], [ 136.250002750000021, 36.29171908 ], [ 136.250543310000012, 36.29177141 ], [ 136.251431340000011, 36.29166667 ], [ 136.251435860000015, 36.29166613 ], [ 136.25151358, 36.29165697 ], [ 136.251753310000026, 36.29159725 ], [ 136.25182747, 36.29156169 ], [ 136.252336360000015, 36.29131836 ], [ 136.252693860000022, 36.29109669 ], [ 136.25275414, 36.29105947 ], [ 136.253047760000015, 36.29086141 ], [ 136.2533008, 36.29069087 ], [ 136.253394690000022, 36.29064503 ], [ 136.253577200000024, 36.29055614 ], [ 136.25370497, 36.29048753 ], [ 136.253735810000023, 36.29047113 ], [ 136.253884140000025, 36.29039169 ], [ 136.25441859, 36.29054113 ], [ 136.25455969, 36.29054113 ], [ 136.25499553, 36.29045169 ], [ 136.255014140000014, 36.29026725 ], [ 136.255066350000021, 36.29017141 ], [ 136.255122750000027, 36.29006836 ], [ 136.255204420000013, 36.28991864 ], [ 136.255603580000013, 36.2897242 ], [ 136.25619942, 36.28956975 ], [ 136.256721630000015, 36.28948003 ], [ 136.25741525, 36.28942531 ], [ 136.258333330000028, 36.28942961 ], [ 136.25833608, 36.28942964 ], [ 136.25847776, 36.28943031 ], [ 136.25859442, 36.28932087 ], [ 136.25833608, 36.28900375 ], [ 136.258333330000028, 36.28900039 ], [ 136.25792497, 36.28849892 ], [ 136.257550800000018, 36.28792613 ], [ 136.25744720000003, 36.28780214 ], [ 136.25730497, 36.28763197 ], [ 136.25710681000001, 36.28731313 ], [ 136.256954940000014, 36.2870692 ], [ 136.256770780000011, 36.28669586 ], [ 136.25666633, 36.28601308 ], [ 136.256635500000016, 36.28568947 ], [ 136.25664384000001, 36.28558587 ], [ 136.256684670000027, 36.28507669 ], [ 136.25673995, 36.28469808 ], [ 136.25699189, 36.28394586 ], [ 136.25706105, 36.28376086 ], [ 136.257077720000012, 36.28371669 ], [ 136.257286610000023, 36.28335808 ], [ 136.257294890000026, 36.28333333 ], [ 136.25729506, 36.2833328 ], [ 136.257421610000023, 36.28295447 ], [ 136.25740328, 36.28277031 ], [ 136.25744022, 36.28235669 ], [ 136.257304940000012, 36.28196808 ], [ 136.257213, 36.2817442 ], [ 136.25705328, 36.28134059 ], [ 136.256777170000021, 36.28100697 ], [ 136.256660510000017, 36.28082253 ], [ 136.256445500000012, 36.28040892 ], [ 136.256199660000021, 36.27991086 ], [ 136.25626745, 36.27965669 ], [ 136.256691050000029, 36.27950725 ], [ 136.25710883, 36.27944753 ], [ 136.25768577, 36.27923864 ], [ 136.257928280000016, 36.27911475 ], [ 136.258232440000029, 36.27895947 ], [ 136.258333330000028, 36.27890725 ], [ 136.25833606, 36.27890584 ], [ 136.25874217, 36.27869559 ], [ 136.259080220000016, 36.27845641 ], [ 136.259189390000017, 36.27832864 ], [ 136.25923355, 36.27827697 ], [ 136.259626610000026, 36.27798308 ], [ 136.259847420000028, 36.27789836 ], [ 136.26009328, 36.2780228 ], [ 136.26027134, 36.27814253 ], [ 136.26070134, 36.27839669 ], [ 136.261143550000014, 36.27852113 ], [ 136.26132772, 36.27860087 ], [ 136.26164717, 36.27882003 ], [ 136.26199105, 36.27924864 ], [ 136.26214438, 36.2794128 ], [ 136.26242689, 36.27958197 ], [ 136.262580510000021, 36.27955753 ], [ 136.263317450000017, 36.2790592 ], [ 136.263716890000012, 36.27873031 ], [ 136.26422051000003, 36.27832697 ], [ 136.26432492, 36.27813253 ], [ 136.26425713, 36.27791336 ], [ 136.26396241, 36.2777142 ], [ 136.263692140000018, 36.27754475 ], [ 136.26325603, 36.27735031 ], [ 136.26283852, 36.27704669 ], [ 136.26269713, 36.27691225 ], [ 136.26243964, 36.27666308 ], [ 136.26208326, 36.2763592 ], [ 136.26189908, 36.27620475 ], [ 136.26213852, 36.27607531 ], [ 136.262581860000012, 36.27600587 ], [ 136.26305964, 36.27593086 ], [ 136.26404241, 36.27578141 ], [ 136.26428798, 36.27570669 ], [ 136.26432492, 36.27546253 ], [ 136.264096720000026, 36.275 ], [ 136.26409647, 36.27499947 ], [ 136.264066860000014, 36.27493947 ], [ 136.26393798, 36.27482003 ], [ 136.26363075, 36.27456113 ], [ 136.263207130000012, 36.27430697 ], [ 136.262973800000026, 36.27418253 ], [ 136.262685190000013, 36.27398808 ], [ 136.262150750000018, 36.2736842 ], [ 136.26188686, 36.27357447 ], [ 136.261530470000025, 36.27335531 ], [ 136.261432140000011, 36.27317613 ], [ 136.261469080000012, 36.27293197 ], [ 136.26165964, 36.2726728 ], [ 136.262230750000015, 36.27226447 ], [ 136.26278353, 36.27203533 ], [ 136.26349575, 36.27185617 ], [ 136.263864360000014, 36.271637 ], [ 136.264048520000017, 36.27140784 ], [ 136.2640302, 36.27109895 ], [ 136.26387047, 36.27086478 ], [ 136.26369881, 36.27069533 ], [ 136.263510200000013, 36.27049256 ], [ 136.26339769, 36.27037144 ], [ 136.263164360000019, 36.26989839 ], [ 136.263109080000021, 36.26977395 ], [ 136.262980200000015, 36.26944505 ], [ 136.262931020000025, 36.26922089 ], [ 136.2631335, 36.26903172 ], [ 136.263403770000025, 36.26896672 ], [ 136.263766280000027, 36.26897172 ], [ 136.264625720000026, 36.26909144 ], [ 136.26558406, 36.26929561 ], [ 136.26584183, 36.26939533 ], [ 136.266277980000012, 36.26965922 ], [ 136.26666667, 36.26987708 ], [ 136.26666936, 36.26987859 ], [ 136.26669575, 36.26989339 ], [ 136.26694131, 36.26995839 ], [ 136.267727420000028, 36.27000311 ], [ 136.268181850000019, 36.26998811 ], [ 136.268378250000012, 36.26989339 ], [ 136.26842739, 36.26969922 ], [ 136.268267660000021, 36.26927061 ], [ 136.268151, 36.26912117 ], [ 136.267948500000017, 36.26885728 ], [ 136.26759239, 36.26841422 ], [ 136.26748795, 36.26831951 ], [ 136.267303770000012, 36.26804061 ], [ 136.26714406, 36.267592 ], [ 136.26702739000001, 36.26740784 ], [ 136.266986550000013, 36.26733144 ], [ 136.266843220000027, 36.26706395 ], [ 136.266669340000021, 36.26692975 ], [ 136.26666667, 36.26692769 ], [ 136.266462390000015, 36.26677005 ], [ 136.266385140000011, 36.26666667 ], [ 136.266384750000014, 36.26666617 ], [ 136.266321, 36.26658089 ], [ 136.2660385, 36.26619256 ], [ 136.26594044, 36.26597311 ], [ 136.26597128, 36.26583867 ], [ 136.26616156, 36.26569422 ], [ 136.266486830000019, 36.26552478 ], [ 136.266634330000016, 36.26538033 ], [ 136.26666667, 36.26532967 ], [ 136.266669340000021, 36.2653255 ], [ 136.266812390000013, 36.26510144 ], [ 136.267088780000023, 36.264952 ], [ 136.267475720000022, 36.26480756 ], [ 136.267672940000011, 36.26477144 ], [ 136.268157660000014, 36.26468311 ], [ 136.26836628, 36.26475784 ], [ 136.268593770000024, 36.26500172 ], [ 136.26875322, 36.26542033 ], [ 136.268752940000013, 36.26543505 ], [ 136.26874711, 36.2656495 ], [ 136.26877183000002, 36.26603311 ], [ 136.26900516, 36.266277 ], [ 136.26918905, 36.26638172 ], [ 136.26941628000003, 36.266352 ], [ 136.269741830000015, 36.26618756 ], [ 136.27019655, 36.26584867 ], [ 136.270411280000019, 36.26585367 ], [ 136.27063572000003, 36.26594256 ], [ 136.27118239, 36.26625951 ], [ 136.271400170000021, 36.26622228 ], [ 136.27163988, 36.26604311 ], [ 136.272082110000014, 36.26566423 ], [ 136.272186010000013, 36.26558811 ], [ 136.272272390000012, 36.26552478 ], [ 136.27252433000001, 36.26536061 ], [ 136.27286211, 36.26531089 ], [ 136.27315655000001, 36.26536561 ], [ 136.273316280000017, 36.26555505 ], [ 136.273703220000016, 36.26580895 ], [ 136.274182390000021, 36.26596339 ], [ 136.27440961, 36.26603311 ], [ 136.275, 36.26616292 ], [ 136.275002670000021, 36.26616351 ], [ 136.275066830000014, 36.26617756 ], [ 136.27563183, 36.26617756 ], [ 136.27592017, 36.26604311 ], [ 136.276122940000022, 36.26554505 ], [ 136.27624572000002, 36.26535089 ], [ 136.276343770000011, 36.26521923 ], [ 136.276460730000025, 36.26506172 ], [ 136.276902940000014, 36.26482256 ], [ 136.277185450000019, 36.26481284 ], [ 136.277609340000026, 36.26488756 ], [ 136.277753220000022, 36.26491033 ], [ 136.278205160000027, 36.264982 ], [ 136.27847545, 36.265032 ], [ 136.27889294000002, 36.26492228 ], [ 136.278918780000026, 36.26490728 ], [ 136.279335160000016, 36.26466811 ], [ 136.279380440000011, 36.26464339 ], [ 136.279562390000024, 36.26454367 ], [ 136.280004330000025, 36.26435478 ], [ 136.28040988, 36.2643695 ], [ 136.280686280000026, 36.26448922 ], [ 136.28130044, 36.26489256 ], [ 136.281406840000017, 36.26498977 ], [ 136.281932940000019, 36.26547033 ], [ 136.28220934, 36.2657395 ], [ 136.282485450000024, 36.26585895 ], [ 136.282836840000016, 36.26591756 ], [ 136.283024330000018, 36.26579728 ], [ 136.283133500000019, 36.26561339 ], [ 136.283167390000017, 36.26526617 ], [ 136.283191830000021, 36.26472339 ], [ 136.28317961, 36.26425505 ], [ 136.28333333, 36.26408184 ], [ 136.283336, 36.26407884 ], [ 136.283400730000011, 36.26400589 ], [ 136.28363406, 36.26384144 ], [ 136.284001830000022, 36.26383033 ], [ 136.28446739, 36.26381617 ], [ 136.284973220000012, 36.26386422 ], [ 136.28519431, 36.26381131 ], [ 136.285300440000015, 36.26378589 ], [ 136.285396830000025, 36.26349784 ], [ 136.285347660000014, 36.2630945 ], [ 136.285108220000012, 36.26248172 ], [ 136.28504014, 36.26219339 ], [ 136.28512042, 36.26192867 ], [ 136.285471530000024, 36.26167451 ], [ 136.28630431000002, 36.26159005 ], [ 136.286862090000028, 36.261572 ], [ 136.287290970000015, 36.26149923 ], [ 136.287323190000023, 36.26149367 ], [ 136.287601240000015, 36.2613745 ], [ 136.287829030000012, 36.26127644 ], [ 136.28808097000001, 36.26113672 ], [ 136.28858458000002, 36.26074839 ], [ 136.288885140000019, 36.26052895 ], [ 136.288965140000016, 36.26049061 ], [ 136.289081800000019, 36.2604345 ], [ 136.289487080000015, 36.2604095 ], [ 136.290021530000018, 36.26052395 ], [ 136.29013569, 36.26054395 ], [ 136.29033486, 36.26057895 ], [ 136.290519860000018, 36.26062617 ], [ 136.291194580000024, 36.26079811 ], [ 136.291328690000029, 36.26082672 ], [ 136.291544860000016, 36.26087284 ], [ 136.291666670000012, 36.26089869 ], [ 136.2916693, 36.26089925 ], [ 136.291759580000019, 36.26091839 ], [ 136.29243514, 36.261062 ], [ 136.29273597, 36.261112 ], [ 136.29344236, 36.261067 ], [ 136.29393375, 36.26096756 ], [ 136.29464625, 36.26074839 ], [ 136.2951007, 36.26054895 ], [ 136.29542625000002, 36.26029978 ], [ 136.2956718, 36.25998144 ], [ 136.295960700000023, 36.25946311 ], [ 136.296205969999988, 36.25923395 ], [ 136.29646403000001, 36.2590895 ], [ 136.29674153000002, 36.25902311 ], [ 136.29694292, 36.25897508 ], [ 136.29780070000001, 36.25885813 ], [ 136.29816514, 36.25874092 ], [ 136.298510420000014, 36.25846703 ], [ 136.298571630000026, 36.25833333 ], [ 136.29857185000003, 36.25833286 ], [ 136.298685690000013, 36.25808425 ], [ 136.29880986, 36.25788925 ], [ 136.2990993, 36.25783731 ], [ 136.299445140000017, 36.25791869 ], [ 136.29996681, 36.25813008 ], [ 136.3, 36.25813841 ], [ 136.300002630000023, 36.25813908 ], [ 136.30061569, 36.25829286 ], [ 136.30120514, 36.25821786 ], [ 136.301665690000021, 36.25793397 ], [ 136.30198384000002, 36.25763711 ], [ 136.302114030000013, 36.25751564 ], [ 136.3023618, 36.25718147 ], [ 136.30259042, 36.2567748 ], [ 136.302740410000013, 36.25659925 ], [ 136.302995690000017, 36.25633231 ], [ 136.303250390000017, 36.25591647 ], [ 136.303280950000016, 36.25566759 ], [ 136.30339733, 36.25528425 ], [ 136.30361844, 36.25489064 ], [ 136.303606230000014, 36.2546862 ], [ 136.3035265, 36.25426787 ], [ 136.30345012, 36.25411231 ], [ 136.30333012, 36.25386925 ], [ 136.30323789000002, 36.2537148 ], [ 136.30316428, 36.25350064 ], [ 136.30318983, 36.25308508 ], [ 136.30322983, 36.25292786 ], [ 136.303550390000026, 36.25267231 ], [ 136.303829, 36.25228453 ], [ 136.303948440000028, 36.25208231 ], [ 136.304092890000021, 36.25178341 ], [ 136.304471510000013, 36.25108064 ], [ 136.304944550000016, 36.25047036 ], [ 136.305392610000013, 36.25009453 ], [ 136.30550141, 36.25 ], [ 136.305501970000023, 36.24999953 ], [ 136.30581122000001, 36.24973092 ], [ 136.306010390000012, 36.24952897 ], [ 136.30632872000001, 36.24914508 ], [ 136.306537890000016, 36.2488462 ], [ 136.306702340000015, 36.24867647 ], [ 136.306901510000017, 36.24851897 ], [ 136.307205380000028, 36.24833703 ], [ 136.307608690000023, 36.24797731 ], [ 136.30796730000003, 36.24768675 ], [ 136.308071750000011, 36.24754925 ], [ 136.30814647, 36.24734731 ], [ 136.308246200000013, 36.24714508 ], [ 136.308333330000011, 36.24696525 ], [ 136.308335910000011, 36.24695989 ], [ 136.308336390000022, 36.24695892 ], [ 136.308345910000014, 36.24693925 ], [ 136.308420360000014, 36.24681786 ], [ 136.308545080000016, 36.24675313 ], [ 136.30866953, 36.24672897 ], [ 136.308803970000014, 36.24674925 ], [ 136.309017860000012, 36.24684203 ], [ 136.30927674000003, 36.2469512 ], [ 136.309555640000013, 36.24705231 ], [ 136.30988453, 36.24706425 ], [ 136.30993036000001, 36.24705814 ], [ 136.310098690000018, 36.2470362 ], [ 136.31026786000001, 36.24695536 ], [ 136.310467030000012, 36.24678953 ], [ 136.31072119000001, 36.24664425 ], [ 136.31089036, 36.24657953 ], [ 136.311034810000024, 36.24653897 ], [ 136.311204250000031, 36.24651897 ], [ 136.311408420000021, 36.2465148 ], [ 136.31168202, 36.24651897 ], [ 136.312215080000016, 36.24648259 ], [ 136.31241925, 36.24655508 ], [ 136.312678150000011, 36.24659953 ], [ 136.312742870000022, 36.24662786 ], [ 136.312982020000021, 36.24659564 ], [ 136.314122020000013, 36.2462848 ], [ 136.31450064, 36.24613536 ], [ 136.314869250000015, 36.24604231 ], [ 136.315033700000015, 36.24601814 ], [ 136.31529759, 36.2458848 ], [ 136.315295640000016, 36.24582897 ], [ 136.31528759, 36.24558564 ], [ 136.31525258, 36.24540369 ], [ 136.315267590000019, 36.24526647 ], [ 136.315357300000016, 36.24502397 ], [ 136.315685910000013, 36.24458786 ], [ 136.316104250000024, 36.24418369 ], [ 136.31621397, 36.24394953 ], [ 136.316388140000015, 36.24355341 ], [ 136.31643786, 36.24333508 ], [ 136.31656258000001, 36.24317341 ], [ 136.316666670000018, 36.24314495 ], [ 136.316669250000018, 36.24314423 ], [ 136.31691591, 36.24307675 ], [ 136.31714481000003, 36.24300008 ], [ 136.317219530000017, 36.24293147 ], [ 136.317184810000015, 36.24278592 ], [ 136.317184810000015, 36.2425798 ], [ 136.31724148, 36.24221508 ], [ 136.31724953, 36.24216369 ], [ 136.317294250000032, 36.24190897 ], [ 136.31737397, 36.24173925 ], [ 136.31737497, 36.24166667 ], [ 136.31737501, 36.2416662 ], [ 136.317378970000021, 36.24138369 ], [ 136.317468690000027, 36.24113759 ], [ 136.317543410000013, 36.24095564 ], [ 136.317618150000015, 36.24077786 ], [ 136.317398950000012, 36.24043841 ], [ 136.3172545, 36.24026869 ], [ 136.31712506, 36.24009897 ], [ 136.31690616, 36.23989287 ], [ 136.31676672, 36.23972703 ], [ 136.316669220000023, 36.23959744 ], [ 136.316666670000018, 36.23959405 ], [ 136.31646283, 36.23932314 ], [ 136.316333390000011, 36.23909675 ], [ 136.31582533, 36.23868869 ], [ 136.315641170000021, 36.23849897 ], [ 136.315481730000016, 36.23830092 ], [ 136.315397, 36.23803425 ], [ 136.315392, 36.23794953 ], [ 136.315382280000023, 36.23784036 ], [ 136.315417, 36.2377998 ], [ 136.31589506, 36.23723008 ], [ 136.315989780000024, 36.23699564 ], [ 136.31614922, 36.23649508 ], [ 136.31647283, 36.23564647 ], [ 136.316666670000018, 36.23510928 ], [ 136.316669220000023, 36.2351022 ], [ 136.316677, 36.23508064 ], [ 136.316970890000022, 36.23475731 ], [ 136.317045620000016, 36.23469675 ], [ 136.317508660000016, 36.23452341 ], [ 136.317658110000025, 36.23446703 ], [ 136.3181409, 36.2342848 ], [ 136.318444770000013, 36.23411508 ], [ 136.318818390000018, 36.23378786 ], [ 136.319142, 36.23363844 ], [ 136.31943589, 36.23363844 ], [ 136.31979949, 36.233614 ], [ 136.31994895, 36.23355344 ], [ 136.320227830000022, 36.23333539 ], [ 136.32022995, 36.23333333 ], [ 136.320230440000017, 36.23333289 ], [ 136.320397, 36.23317372 ], [ 136.320675620000031, 36.23305678 ], [ 136.321348110000031, 36.23295567 ], [ 136.321572, 36.23283456 ], [ 136.321821170000021, 36.23268484 ], [ 136.322020340000023, 36.23255151 ], [ 136.32216477, 36.23240623 ], [ 136.3222345, 36.23226067 ], [ 136.322393920000025, 36.2320465 ], [ 136.32260808, 36.23181205 ], [ 136.322886980000021, 36.23172317 ], [ 136.323255580000023, 36.23166678 ], [ 136.32358419000002, 36.231699 ], [ 136.323892530000023, 36.2317515 ], [ 136.324629750000014, 36.231889 ], [ 136.32489365, 36.23197789 ], [ 136.325, 36.23201328 ], [ 136.32500253, 36.23201413 ], [ 136.32575531, 36.23226484 ], [ 136.32608891000001, 36.23230511 ], [ 136.326541970000022, 36.23232539 ], [ 136.326815860000011, 36.23229733 ], [ 136.32698031000001, 36.23220844 ], [ 136.32708975, 36.23205484 ], [ 136.327138640000015, 36.23199456 ], [ 136.327244190000016, 36.23186484 ], [ 136.327493090000019, 36.23154177 ], [ 136.327538080000011, 36.23131539 ], [ 136.32757781, 36.23107289 ], [ 136.32769224, 36.23085067 ], [ 136.32849920000001, 36.23038205 ], [ 136.328987250000011, 36.23018011 ], [ 136.329301140000013, 36.23011151 ], [ 136.329570030000014, 36.230059 ], [ 136.32989336, 36.23003067 ], [ 136.33074503, 36.2300265 ], [ 136.33113837, 36.23007095 ], [ 136.331541970000018, 36.23009123 ], [ 136.331835860000012, 36.23003872 ], [ 136.33208475, 36.22993761 ], [ 136.33228392, 36.22978011 ], [ 136.33240336, 36.22958623 ], [ 136.33243336000001, 36.22932344 ], [ 136.332393640000021, 36.22913372 ], [ 136.33221419, 36.22876595 ], [ 136.332134470000028, 36.22858428 ], [ 136.33187558, 36.22809539 ], [ 136.33176114, 36.22790928 ], [ 136.3316117, 36.22775178 ], [ 136.33144725, 36.22756984 ], [ 136.33111864, 36.22716177 ], [ 136.33094419, 36.22704456 ], [ 136.330436420000012, 36.22654344 ], [ 136.33013781, 36.22601011 ], [ 136.32999837, 36.22575984 ], [ 136.32977419, 36.22518205 ], [ 136.329646500000024, 36.225 ], [ 136.329646200000013, 36.22499956 ], [ 136.32960975, 36.22494761 ], [ 136.3291317, 36.22455984 ], [ 136.329036980000012, 36.22444261 ], [ 136.32900752, 36.22429705 ], [ 136.32900752, 36.22394956 ], [ 136.32901752, 36.22333123 ], [ 136.32907222, 36.22302817 ], [ 136.329111950000026, 36.22272928 ], [ 136.329156940000018, 36.22213956 ], [ 136.32904222, 36.22176789 ], [ 136.32904222, 36.22126677 ], [ 136.32917667000001, 36.22110095 ], [ 136.32956027000003, 36.2207615 ], [ 136.32976222, 36.22057539 ], [ 136.32977944000001, 36.22055956 ], [ 136.32994861, 36.2203615 ], [ 136.33018278000003, 36.21981233 ], [ 136.330232500000022, 36.21956567 ], [ 136.33037694, 36.21927067 ], [ 136.33057611000001, 36.21904456 ], [ 136.33098472, 36.21862011 ], [ 136.331178890000018, 36.21837761 ], [ 136.33126361, 36.21784428 ], [ 136.33136306, 36.21762622 ], [ 136.331422780000025, 36.217424 ], [ 136.331398050000018, 36.21716984 ], [ 136.331328340000027, 36.21699595 ], [ 136.330971530000028, 36.21666667 ], [ 136.330971020000021, 36.2166662 ], [ 136.330640830000021, 36.21636147 ], [ 136.330222500000019, 36.21589675 ], [ 136.330043330000024, 36.21561397 ], [ 136.329888880000027, 36.21537564 ], [ 136.32983944, 36.21516536 ], [ 136.32984438, 36.21485841 ], [ 136.329844450000024, 36.21485425 ], [ 136.329919170000011, 36.21451897 ], [ 136.329998890000013, 36.21407453 ], [ 136.330078340000028, 36.21360592 ], [ 136.330143330000027, 36.21353313 ], [ 136.330138340000019, 36.21327064 ], [ 136.330078340000028, 36.21308453 ], [ 136.329938880000014, 36.21293925 ], [ 136.32972, 36.21280175 ], [ 136.32959528, 36.21268064 ], [ 136.32953555, 36.2125512 ], [ 136.329513330000026, 36.21252259 ], [ 136.32940111000002, 36.21237759 ], [ 136.32920694, 36.2120462 ], [ 136.32909222, 36.2119048 ], [ 136.328898050000021, 36.21172286 ], [ 136.32885331, 36.2116662 ], [ 136.32874358, 36.21140759 ], [ 136.328629140000032, 36.21114508 ], [ 136.32858442, 36.21094286 ], [ 136.328554420000017, 36.21068036 ], [ 136.32820608, 36.21026397 ], [ 136.32802691, 36.21013869 ], [ 136.32791219, 36.21003397 ], [ 136.32786747, 36.2099048 ], [ 136.32790219, 36.20973508 ], [ 136.32800691, 36.20939147 ], [ 136.327981920000013, 36.20913703 ], [ 136.32797192000001, 36.20896313 ], [ 136.32791720000003, 36.20880147 ], [ 136.327932190000013, 36.20870869 ], [ 136.328125030000024, 36.20846841 ], [ 136.32821109, 36.2083612 ], [ 136.32822389, 36.20833333 ], [ 136.32822411, 36.20833287 ], [ 136.328539690000014, 36.20764592 ], [ 136.328529690000011, 36.2074762 ], [ 136.328539690000014, 36.20718953 ], [ 136.328534690000026, 36.20689036 ], [ 136.32858969000003, 36.20626814 ], [ 136.328654420000021, 36.20567814 ], [ 136.32882859, 36.20481341 ], [ 136.32889830000002, 36.20411869 ], [ 136.328909690000017, 36.20405175 ], [ 136.329042750000013, 36.20327425 ], [ 136.329366640000018, 36.20255092 ], [ 136.32941636000001, 36.20216703 ], [ 136.329400530000015, 36.20201869 ], [ 136.32904664000003, 36.20183814 ], [ 136.32876248, 36.20161425 ], [ 136.328490250000016, 36.20140647 ], [ 136.32814109, 36.20100453 ], [ 136.32801942, 36.20089564 ], [ 136.327877200000017, 36.2006848 ], [ 136.32775136, 36.20056953 ], [ 136.3274508, 36.2005298 ], [ 136.32720691, 36.20052675 ], [ 136.326463860000018, 36.20041786 ], [ 136.32619969000001, 36.20034203 ], [ 136.32590331, 36.2002498 ], [ 136.3257772, 36.20013787 ], [ 136.32567581, 36.20000259 ], [ 136.32567294, 36.2 ], [ 136.325672440000034, 36.19999953 ], [ 136.32553776, 36.19987731 ], [ 136.325306330000018, 36.1996962 ], [ 136.32500244000002, 36.19954008 ], [ 136.325, 36.1995388 ], [ 136.32494078000002, 36.19950841 ], [ 136.32457939, 36.19941925 ], [ 136.32432355, 36.19928092 ], [ 136.32411633000001, 36.19907008 ], [ 136.323884940000028, 36.1989448 ], [ 136.32355189, 36.19889869 ], [ 136.323190220000015, 36.19892841 ], [ 136.322938560000011, 36.19895147 ], [ 136.322511890000015, 36.19904703 ], [ 136.320550510000032, 36.19908647 ], [ 136.320335230000012, 36.19894814 ], [ 136.320180780000015, 36.19883592 ], [ 136.319985230000015, 36.19871147 ], [ 136.319880510000019, 36.1986448 ], [ 136.319644940000018, 36.19842397 ], [ 136.319458270000013, 36.19823286 ], [ 136.31918189000001, 36.19786425 ], [ 136.319060220000011, 36.1976962 ], [ 136.318946330000017, 36.19754453 ], [ 136.318808280000013, 36.19736314 ], [ 136.318788, 36.19728731 ], [ 136.318812440000016, 36.19718203 ], [ 136.318840780000016, 36.19698425 ], [ 136.31882438, 36.19679647 ], [ 136.318828560000014, 36.19621314 ], [ 136.31880411, 36.19562341 ], [ 136.318759950000015, 36.19541925 ], [ 136.31861772000002, 36.19518508 ], [ 136.318447170000013, 36.19496425 ], [ 136.318268280000012, 36.19472367 ], [ 136.31771189, 36.19412061 ], [ 136.317565770000016, 36.19396922 ], [ 136.31719189, 36.1934945 ], [ 136.317025770000015, 36.19332311 ], [ 136.31687134, 36.19321784 ], [ 136.316669100000013, 36.19315059 ], [ 136.316666670000018, 36.19314978 ], [ 136.316644110000027, 36.19314228 ], [ 136.316432720000023, 36.19306977 ], [ 136.316217450000011, 36.19295117 ], [ 136.315908830000012, 36.19284228 ], [ 136.315742170000021, 36.19281922 ], [ 136.31548633, 36.19283895 ], [ 136.315250780000014, 36.19280617 ], [ 136.315173550000026, 36.19274339 ], [ 136.315129110000015, 36.19262144 ], [ 136.315088560000021, 36.19247644 ], [ 136.31494244000001, 36.19224256 ], [ 136.314816620000016, 36.19210423 ], [ 136.314586060000011, 36.19174561 ], [ 136.314568830000013, 36.19171867 ], [ 136.314541890000015, 36.19166667 ], [ 136.31454163, 36.19166617 ], [ 136.31454105, 36.19166505 ], [ 136.314495500000021, 36.19157672 ], [ 136.31432494, 36.19144172 ], [ 136.31412606, 36.19134617 ], [ 136.313858, 36.19130005 ], [ 136.31363467, 36.19126367 ], [ 136.31336244000002, 36.191122 ], [ 136.312993, 36.19094728 ], [ 136.312822440000019, 36.19086505 ], [ 136.312635770000014, 36.19073977 ], [ 136.31254217, 36.1906145 ], [ 136.312477170000022, 36.19057505 ], [ 136.31240022, 36.19056505 ], [ 136.31211577000002, 36.19059144 ], [ 136.311851890000014, 36.19056839 ], [ 136.31158769000001, 36.19043339 ], [ 136.311266860000018, 36.19023561 ], [ 136.31119798, 36.19013672 ], [ 136.311027420000016, 36.19001172 ], [ 136.31085686000003, 36.18997867 ], [ 136.31023131, 36.18998172 ], [ 136.309922700000016, 36.189962 ], [ 136.309447420000026, 36.19002144 ], [ 136.30919964, 36.19006422 ], [ 136.308984360000011, 36.19010367 ], [ 136.308607130000013, 36.19010367 ], [ 136.308399920000028, 36.19014005 ], [ 136.30833575, 36.19015975 ], [ 136.308333330000011, 36.19016051 ], [ 136.308249640000014, 36.19018617 ], [ 136.308030190000011, 36.19022561 ], [ 136.307766300000026, 36.19030811 ], [ 136.307656590000022, 36.19030144 ], [ 136.30756713, 36.190262 ], [ 136.307551030000013, 36.19019284 ], [ 136.30753464, 36.19001144 ], [ 136.307437130000011, 36.18978728 ], [ 136.307274920000026, 36.18960284 ], [ 136.306941850000015, 36.18935589 ], [ 136.306767420000028, 36.18915811 ], [ 136.30653575, 36.18893422 ], [ 136.30640575000001, 36.18883533 ], [ 136.306182410000019, 36.18875617 ], [ 136.30593464, 36.18871339 ], [ 136.305756030000026, 36.18862756 ], [ 136.30568686, 36.18854533 ], [ 136.305666590000016, 36.18848256 ], [ 136.30567464, 36.18840033 ], [ 136.30569158, 36.18830561 ], [ 136.30571131, 36.18819589 ], [ 136.30570326, 36.18793561 ], [ 136.30570326, 36.18747089 ], [ 136.3056463, 36.18728644 ], [ 136.30550409, 36.18692728 ], [ 136.305406590000018, 36.18671311 ], [ 136.30526881, 36.18650228 ], [ 136.305191580000013, 36.18632089 ], [ 136.30516742, 36.18596505 ], [ 136.30516742, 36.18573784 ], [ 136.30523241, 36.18551033 ], [ 136.30523241, 36.18489395 ], [ 136.30511852, 36.1845845 ], [ 136.30502519, 36.18447922 ], [ 136.30488713, 36.18431756 ], [ 136.304871670000011, 36.18429813 ], [ 136.304724640000018, 36.18411339 ], [ 136.30437519, 36.18392533 ], [ 136.30392852, 36.18379367 ], [ 136.30368519000001, 36.18374089 ], [ 136.303352140000015, 36.18374089 ], [ 136.303059640000015, 36.18378367 ], [ 136.30284852, 36.18385951 ], [ 136.30267769, 36.18391895 ], [ 136.302426030000021, 36.18397478 ], [ 136.302259360000022, 36.18392533 ], [ 136.302198520000019, 36.18382978 ], [ 136.302125470000021, 36.18352672 ], [ 136.302056300000032, 36.183362 ], [ 136.30204361, 36.18333333 ], [ 136.30204341000001, 36.18333284 ], [ 136.30197908, 36.18318728 ], [ 136.30182492000003, 36.18302922 ], [ 136.30147575, 36.18272256 ], [ 136.301094090000021, 36.18245561 ], [ 136.30068380000003, 36.18224811 ], [ 136.30048489, 36.18203728 ], [ 136.300477950000015, 36.18201561 ], [ 136.300436, 36.18188256 ], [ 136.30031822, 36.18176728 ], [ 136.30013961, 36.18163533 ], [ 136.30000239, 36.18157189 ], [ 136.3, 36.18157077 ], [ 136.2997335, 36.18144756 ], [ 136.299530440000012, 36.18138477 ], [ 136.299303220000013, 36.18122339 ], [ 136.29915294, 36.18105867 ], [ 136.299071560000016, 36.18087422 ], [ 136.29899850000001, 36.18068284 ], [ 136.298884890000011, 36.18056422 ], [ 136.298775160000019, 36.18038978 ], [ 136.29862073000001, 36.180182 ], [ 136.29840961, 36.18007672 ], [ 136.29827545, 36.17997784 ], [ 136.29809683000002, 36.17982644 ], [ 136.29793433, 36.17969784 ], [ 136.297812390000018, 36.17952005 ], [ 136.29767462, 36.17937172 ], [ 136.297479610000011, 36.17922672 ], [ 136.297337660000011, 36.17919033 ], [ 136.297168780000021, 36.17919339 ], [ 136.297158780000018, 36.17919367 ], [ 136.297148490000012, 36.17919784 ], [ 136.296825720000015, 36.179332 ], [ 136.296456280000029, 36.179487 ], [ 136.296136280000013, 36.17954117 ], [ 136.29572711, 36.17961089 ], [ 136.295448780000015, 36.17965811 ], [ 136.295416, 36.179652 ], [ 136.295274330000012, 36.17962505 ], [ 136.295116010000015, 36.17956256 ], [ 136.29489684, 36.17943061 ], [ 136.294791280000027, 36.17929228 ], [ 136.294697660000026, 36.17909144 ], [ 136.294567660000013, 36.17876867 ], [ 136.294774890000014, 36.17857089 ], [ 136.294791280000027, 36.17849839 ], [ 136.294774890000014, 36.17835977 ], [ 136.294665160000022, 36.17822477 ], [ 136.294506830000017, 36.17810951 ], [ 136.29424683000002, 36.17807978 ], [ 136.2940235, 36.17810617 ], [ 136.293828500000018, 36.17813923 ], [ 136.29375128, 36.17812922 ], [ 136.29359711, 36.17799422 ], [ 136.293406010000012, 36.17786228 ], [ 136.29319516000001, 36.17770422 ], [ 136.29302961, 36.17760728 ], [ 136.29264294, 36.17738117 ], [ 136.292460170000027, 36.177302 ], [ 136.29191183, 36.17710756 ], [ 136.29175322, 36.17701867 ], [ 136.29166905, 36.17698692 ], [ 136.291666670000012, 36.17698603 ], [ 136.291517660000011, 36.17692977 ], [ 136.291095720000015, 36.17667922 ], [ 136.29090462, 36.17658367 ], [ 136.290726010000014, 36.17653422 ], [ 136.290210170000023, 36.17635284 ], [ 136.289982670000029, 36.17632978 ], [ 136.28943433, 36.17637284 ], [ 136.289016010000012, 36.17638256 ], [ 136.28874406, 36.17634644 ], [ 136.288545160000012, 36.17626728 ], [ 136.288358220000021, 36.17611228 ], [ 136.288147110000011, 36.176007 ], [ 136.287915720000029, 36.17590144 ], [ 136.287667950000014, 36.17578617 ], [ 136.287452670000022, 36.17572339 ], [ 136.28722905, 36.17564117 ], [ 136.28694489, 36.17560144 ], [ 136.286887950000022, 36.17554561 ], [ 136.286778490000017, 36.175302 ], [ 136.28666905, 36.17518005 ], [ 136.28646597, 36.17506478 ], [ 136.28613589, 36.175 ], [ 136.28613336, 36.17499951 ], [ 136.285962090000027, 36.17496589 ], [ 136.285738760000015, 36.17492284 ], [ 136.28565348, 36.17477144 ], [ 136.28557236, 36.17468561 ], [ 136.285470700000019, 36.17462311 ], [ 136.285332630000028, 36.17460339 ], [ 136.285015969999989, 36.17463951 ], [ 136.28482097, 36.17467589 ], [ 136.284703190000016, 36.17477478 ], [ 136.284575360000019, 36.17499951 ], [ 136.28457508, 36.175 ], [ 136.28456097, 36.17502477 ], [ 136.284524310000023, 36.1751895 ], [ 136.284479590000018, 36.17535117 ], [ 136.284398470000014, 36.17538089 ], [ 136.284252630000026, 36.17530811 ], [ 136.28413070000002, 36.175282 ], [ 136.28400876, 36.17526867 ], [ 136.28384236, 36.17531144 ], [ 136.283830420000015, 36.17531561 ], [ 136.283619030000011, 36.17539061 ], [ 136.283383190000023, 36.17551256 ], [ 136.28333569, 36.17552659 ], [ 136.28333333, 36.17552728 ], [ 136.283070700000025, 36.17560477 ], [ 136.282863500000019, 36.17569395 ], [ 136.28259545, 36.17576644 ], [ 136.28233961, 36.17583895 ], [ 136.28198211, 36.17613867 ], [ 136.281673500000011, 36.17635256 ], [ 136.28118211, 36.17649756 ], [ 136.28092239, 36.17648784 ], [ 136.28081655, 36.17653061 ], [ 136.280780170000014, 36.17658672 ], [ 136.280772110000015, 36.176702 ], [ 136.280674620000013, 36.17704144 ], [ 136.280629880000021, 36.17723922 ], [ 136.280475450000012, 36.17768728 ], [ 136.280447110000011, 36.17790811 ], [ 136.28039655, 36.17806728 ], [ 136.280374060000014, 36.17813867 ], [ 136.28030905, 36.1783495 ], [ 136.28024406, 36.17843505 ], [ 136.28008961, 36.17862617 ], [ 136.279934310000016, 36.17875225 ], [ 136.279825720000019, 36.17884061 ], [ 136.279748500000011, 36.17883728 ], [ 136.279179880000015, 36.17858339 ], [ 136.278887390000023, 36.17838895 ], [ 136.27856655, 36.17818478 ], [ 136.27833905, 36.17810561 ], [ 136.27811183, 36.17801672 ], [ 136.27781128, 36.17794422 ], [ 136.277437660000032, 36.17776951 ], [ 136.277197950000016, 36.17770033 ], [ 136.27703545, 36.17769367 ], [ 136.27693406, 36.17771339 ], [ 136.276836550000013, 36.17778922 ], [ 136.27658462, 36.17801339 ], [ 136.27633683000002, 36.17811533 ], [ 136.27618655, 36.17824061 ], [ 136.276012110000011, 36.17841533 ], [ 136.276011830000016, 36.17841589 ], [ 136.275963220000023, 36.178557 ], [ 136.27587377, 36.17874811 ], [ 136.27581294, 36.17888005 ], [ 136.275821, 36.17901172 ], [ 136.275898220000016, 36.17917005 ], [ 136.275861830000025, 36.17933117 ], [ 136.275825160000011, 36.17946644 ], [ 136.27570739, 36.17966395 ], [ 136.27561795, 36.17985839 ], [ 136.275540730000017, 36.18002339 ], [ 136.27542711000001, 36.18018144 ], [ 136.275337660000019, 36.18033311 ], [ 136.275244330000021, 36.18037589 ], [ 136.275130730000029, 36.18037589 ], [ 136.275002390000026, 36.18031805 ], [ 136.275, 36.180317 ], [ 136.27498462, 36.18031005 ], [ 136.27478156, 36.18020117 ], [ 136.27458655, 36.18007617 ], [ 136.274318490000013, 36.17990144 ], [ 136.27406267, 36.17967728 ], [ 136.27396934, 36.17955533 ], [ 136.273835160000033, 36.17933784 ], [ 136.273701280000012, 36.17902478 ], [ 136.27350211000001, 36.17843839 ], [ 136.27330489000002, 36.17821005 ], [ 136.27280183000002, 36.17762784 ], [ 136.272874890000026, 36.177252 ], [ 136.27272044, 36.17725867 ], [ 136.271883770000017, 36.177397 ], [ 136.27116905, 36.17747617 ], [ 136.270771280000019, 36.17750256 ], [ 136.270405720000014, 36.17750256 ], [ 136.27016211, 36.17748923 ], [ 136.269918220000022, 36.17751561 ], [ 136.269894060000013, 36.17790422 ], [ 136.26987628, 36.178052 ], [ 136.26986961, 36.17810867 ], [ 136.268771, 36.17809867 ], [ 136.26877905, 36.17832284 ], [ 136.268260170000019, 36.17832478 ], [ 136.26786961, 36.17832617 ], [ 136.2669435, 36.17836228 ], [ 136.266669050000019, 36.17837603 ], [ 136.26666667, 36.17837617 ], [ 136.26635044, 36.178392 ], [ 136.26589961, 36.17838867 ], [ 136.265225720000018, 36.17837228 ], [ 136.264596, 36.17837561 ], [ 136.264116840000014, 36.17837895 ], [ 136.263609050000014, 36.17838867 ], [ 136.26306489000001, 36.17837561 ], [ 136.262577670000013, 36.17839839 ], [ 136.262423220000016, 36.17841478 ], [ 136.262337950000017, 36.17847756 ], [ 136.26232988000001, 36.17879395 ], [ 136.26234628, 36.17895867 ], [ 136.261936, 36.17896533 ], [ 136.26176128000003, 36.17896533 ], [ 136.261688220000025, 36.17900144 ], [ 136.261688220000025, 36.17911672 ], [ 136.261643500000019, 36.17940033 ], [ 136.26139156, 36.17943978 ], [ 136.26066044, 36.1794595 ], [ 136.26024128, 36.17946505 ], [ 136.260161, 36.17946617 ], [ 136.25990128, 36.17945311 ], [ 136.2598835, 36.179452 ], [ 136.25964905, 36.17944005 ], [ 136.25957628, 36.17943644 ], [ 136.259373220000015, 36.17929811 ], [ 136.25905655, 36.179097 ], [ 136.259008780000016, 36.17916505 ], [ 136.259008220000027, 36.17916617 ], [ 136.258954890000012, 36.179242 ], [ 136.258800730000019, 36.17943644 ], [ 136.258727390000018, 36.17956172 ], [ 136.258630440000019, 36.17975311 ], [ 136.258601560000017, 36.17981033 ], [ 136.258561, 36.17989089 ], [ 136.25845934, 36.18010839 ], [ 136.25847156, 36.18043478 ], [ 136.25850406, 36.18062256 ], [ 136.25852156000002, 36.18076311 ], [ 136.25853655, 36.18088284 ], [ 136.258483770000026, 36.18140033 ], [ 136.25844711, 36.181687 ], [ 136.258335720000019, 36.18168913 ], [ 136.258333330000028, 36.1816892 ], [ 136.25792322, 36.181697 ], [ 136.257488780000017, 36.18173951 ], [ 136.256960730000031, 36.18175256 ], [ 136.25676988, 36.18178228 ], [ 136.256814330000026, 36.18203284 ], [ 136.256871280000013, 36.18239867 ], [ 136.25692822000002, 36.18263923 ], [ 136.25666406000002, 36.18271172 ], [ 136.25671462, 36.18282311 ], [ 136.256777950000014, 36.18296228 ], [ 136.25705822, 36.18328172 ], [ 136.25709326, 36.18333286 ], [ 136.25709358, 36.18333333 ], [ 136.257236830000011, 36.18354231 ], [ 136.257022670000026, 36.18358869 ], [ 136.256842940000013, 36.18362786 ], [ 136.25608739, 36.18368036 ], [ 136.25575433, 36.18370341 ], [ 136.25533601, 36.18371008 ], [ 136.255309340000025, 36.18379064 ], [ 136.255279050000013, 36.18388147 ], [ 136.25516239000001, 36.18390231 ], [ 136.25500294, 36.18393092 ], [ 136.25471489, 36.18393397 ], [ 136.253951280000024, 36.18395397 ], [ 136.253431280000029, 36.18396369 ], [ 136.252947950000021, 36.18397036 ], [ 136.252494330000019, 36.18398231 ], [ 136.25245239, 36.18398341 ], [ 136.251924620000011, 36.18399341 ], [ 136.25185131, 36.18423731 ], [ 136.251852410000026, 36.18439175 ], [ 136.25185547000001, 36.1847548 ], [ 136.25182297, 36.18542008 ], [ 136.251627980000023, 36.18541341 ], [ 136.251112410000019, 36.18538731 ], [ 136.250596590000015, 36.18536092 ], [ 136.250050470000019, 36.18531592 ], [ 136.25000241, 36.18531372 ], [ 136.25, 36.18531361 ], [ 136.249511860000013, 36.18529147 ], [ 136.24899825, 36.18525869 ], [ 136.24860547, 36.18523008 ], [ 136.24812241, 36.18520147 ], [ 136.247644090000023, 36.18511564 ], [ 136.247246300000029, 36.18502175 ], [ 136.247093260000014, 36.18498036 ], [ 136.247001580000017, 36.18495953 ], [ 136.24662769, 36.18489536 ], [ 136.245672410000026, 36.18474814 ], [ 136.24473214, 36.18462259 ], [ 136.244142970000013, 36.18454592 ], [ 136.24379769, 36.1844948 ], [ 136.24364825, 36.18447259 ], [ 136.243149640000013, 36.18437759 ], [ 136.24247409, 36.18423647 ], [ 136.24213409, 36.18422425 ], [ 136.241864920000012, 36.18428397 ], [ 136.24166908, 36.18432736 ], [ 136.24166667, 36.18432789 ], [ 136.241526300000032, 36.18435897 ], [ 136.24111464, 36.18443564 ], [ 136.24074825, 36.18452453 ], [ 136.24016659, 36.18462259 ], [ 136.239815470000025, 36.18471759 ], [ 136.239698520000019, 36.18473897 ], [ 136.239634360000025, 36.18473897 ], [ 136.2395702, 36.18469314 ], [ 136.2394827, 36.18459203 ], [ 136.239445750000016, 36.18454897 ], [ 136.23955881, 36.18430703 ], [ 136.2396827, 36.1841398 ], [ 136.239762970000015, 36.1840312 ], [ 136.23950492000003, 36.18401008 ], [ 136.238488440000026, 36.18392647 ], [ 136.237901030000017, 36.18387814 ], [ 136.23742908, 36.18383508 ], [ 136.237221580000011, 36.18385036 ], [ 136.237115750000015, 36.1839762 ], [ 136.237040190000016, 36.1841998 ], [ 136.236983260000017, 36.18464064 ], [ 136.236904090000024, 36.1849562 ], [ 136.23679825, 36.18544953 ], [ 136.23671908, 36.18579287 ], [ 136.236613260000013, 36.18626759 ], [ 136.236534090000021, 36.18661369 ], [ 136.236447130000016, 36.18709175 ], [ 136.236421580000012, 36.18718647 ], [ 136.23633769, 36.1874962 ], [ 136.23619409, 36.18795561 ], [ 136.236046860000016, 36.18826505 ], [ 136.23591464, 36.18849505 ], [ 136.235835190000017, 36.18874311 ], [ 136.23580131, 36.1889145 ], [ 136.23578992000003, 36.18909839 ], [ 136.235673530000014, 36.18937728 ], [ 136.235540750000013, 36.18969589 ], [ 136.23554464, 36.18977561 ], [ 136.23552577000001, 36.18997478 ], [ 136.235491610000025, 36.19014617 ], [ 136.235748560000019, 36.19019533 ], [ 136.235873, 36.19022839 ], [ 136.2359155, 36.19023978 ], [ 136.23619772, 36.19031477 ], [ 136.23650745, 36.19061811 ], [ 136.23689995, 36.19097033 ], [ 136.23698244000002, 36.19112589 ], [ 136.23701717, 36.19119117 ], [ 136.237134110000028, 36.19139005 ], [ 136.23731161, 36.19152172 ], [ 136.237394670000015, 36.1916595 ], [ 136.237383060000013, 36.19166617 ], [ 136.23738219, 36.19166667 ], [ 136.23721328000002, 36.19176367 ], [ 136.236949110000012, 36.19181895 ], [ 136.23674883000001, 36.19188505 ], [ 136.236559950000014, 36.19194756 ], [ 136.236189950000011, 36.19199672 ], [ 136.23608384000002, 36.19202589 ], [ 136.236026060000029, 36.19204144 ], [ 136.235899390000014, 36.19207617 ], [ 136.235884380000016, 36.19214672 ], [ 136.235920780000015, 36.19221033 ], [ 136.23596355, 36.19228477 ], [ 136.236054110000026, 36.19245922 ], [ 136.236129660000017, 36.19261561 ], [ 136.236216330000019, 36.19271672 ], [ 136.23630717, 36.19282395 ], [ 136.23634856000001, 36.19312728 ], [ 136.236352440000019, 36.19325284 ], [ 136.236133280000018, 36.19325589 ], [ 136.235642440000021, 36.19325284 ], [ 136.234502170000013, 36.19325284 ], [ 136.233720510000012, 36.19327089 ], [ 136.233513, 36.193312 ], [ 136.23333577, 36.19334692 ], [ 136.233333330000022, 36.19334741 ], [ 136.233286060000012, 36.19335672 ], [ 136.233278560000031, 36.19372756 ], [ 136.23294995, 36.19386533 ], [ 136.23239494, 36.193887 ], [ 136.23191189, 36.19389923 ], [ 136.231409660000025, 36.19389617 ], [ 136.231285500000013, 36.19390228 ], [ 136.230922440000029, 36.19392061 ], [ 136.230631610000017, 36.19392672 ], [ 136.230450220000023, 36.19393895 ], [ 136.23039523, 36.1939495 ], [ 136.23035606000002, 36.19395728 ], [ 136.23025772, 36.19400644 ], [ 136.230193550000024, 36.19408617 ], [ 136.230178560000013, 36.19430672 ], [ 136.230197440000012, 36.19449367 ], [ 136.230288, 36.19492561 ], [ 136.230269100000015, 36.19514284 ], [ 136.230106620000015, 36.19526533 ], [ 136.229902720000013, 36.19532672 ], [ 136.229404110000019, 36.195382 ], [ 136.229173840000016, 36.19540033 ], [ 136.228981340000018, 36.195477 ], [ 136.22899633, 36.19597005 ], [ 136.22900772, 36.19621561 ], [ 136.22901914000002, 36.19645728 ], [ 136.229034970000015, 36.19673977 ], [ 136.22903803, 36.19679144 ], [ 136.229026640000029, 36.197012 ], [ 136.22895109000001, 36.1970395 ], [ 136.228818860000018, 36.19705172 ], [ 136.22871691, 36.19712505 ], [ 136.228660250000019, 36.19723228 ], [ 136.228631800000016, 36.19731428 ], [ 136.22845881, 36.19730992 ], [ 136.22795414, 36.1972845 ], [ 136.227493580000015, 36.197272 ], [ 136.22703302, 36.19725978 ], [ 136.226485250000025, 36.19725061 ], [ 136.22572997, 36.19722617 ], [ 136.22552997, 36.19707617 ], [ 136.225402750000029, 36.19700395 ], [ 136.22500248, 36.19677708 ], [ 136.225, 36.19677569 ], [ 136.224816080000011, 36.19667144 ], [ 136.224358860000024, 36.19667728 ], [ 136.22431025, 36.19667784 ], [ 136.22412997, 36.19667395 ], [ 136.223363870000014, 36.19665784 ], [ 136.223280530000011, 36.19665617 ], [ 136.223287200000016, 36.19640672 ], [ 136.22326691, 36.19601756 ], [ 136.22326691, 36.19566367 ], [ 136.223260220000014, 36.19528505 ], [ 136.223219660000012, 36.19495311 ], [ 136.22314523, 36.19455256 ], [ 136.22307078, 36.19440451 ], [ 136.222871340000012, 36.19422617 ], [ 136.222685500000011, 36.19421784 ], [ 136.222509660000014, 36.194207 ], [ 136.222297450000013, 36.19411339 ], [ 136.222117450000013, 36.19403423 ], [ 136.221914940000033, 36.193897 ], [ 136.221705500000013, 36.19380644 ], [ 136.221575770000015, 36.19378533 ], [ 136.221401050000026, 36.193757 ], [ 136.221218560000011, 36.193757 ], [ 136.22115577, 36.19375451 ], [ 136.220802720000023, 36.19374061 ], [ 136.220400510000019, 36.19376256 ], [ 136.21994411, 36.19374617 ], [ 136.21968078, 36.193757 ], [ 136.21938022, 36.193747 ], [ 136.219268270000015, 36.19374339 ], [ 136.219271610000021, 36.19359533 ], [ 136.219221340000018, 36.19345811 ], [ 136.219118830000014, 36.19317867 ], [ 136.219024940000025, 36.19292339 ], [ 136.218815230000018, 36.19263533 ], [ 136.218727450000017, 36.19244339 ], [ 136.218595500000021, 36.19226784 ], [ 136.21836217, 36.19234756 ], [ 136.21818995000001, 36.19243784 ], [ 136.218024110000016, 36.19255311 ], [ 136.21774384, 36.19262728 ], [ 136.216669100000018, 36.19242303 ], [ 136.21666667, 36.19242259 ], [ 136.21637134, 36.19236644 ], [ 136.21612411000001, 36.19240256 ], [ 136.215789950000016, 36.19245144 ], [ 136.215533640000018, 36.1924282 ], [ 136.215652550000016, 36.19175078 ], [ 136.215668220000026, 36.19166667 ], [ 136.2156683, 36.19166617 ], [ 136.21589603000001, 36.19044272 ], [ 136.21498917, 36.19027031 ], [ 136.215073550000028, 36.18999923 ], [ 136.21507689, 36.18982089 ], [ 136.215134670000026, 36.18968728 ], [ 136.215148, 36.18965644 ], [ 136.215202170000026, 36.18947005 ], [ 136.214867450000014, 36.18942367 ], [ 136.21464438000001, 36.18940422 ], [ 136.21428606, 36.18936589 ], [ 136.214309390000011, 36.189247 ], [ 136.21432689, 36.18915756 ], [ 136.21433689, 36.18905311 ], [ 136.21403272, 36.18903117 ], [ 136.213738560000024, 36.18902589 ], [ 136.21354577, 36.18899561 ], [ 136.213086060000023, 36.18896811 ], [ 136.213072720000014, 36.18923117 ], [ 136.213035500000018, 36.18934089 ], [ 136.21286523, 36.18933617 ], [ 136.212660780000022, 36.18933033 ], [ 136.21245384, 36.18932451 ], [ 136.212456060000022, 36.18946339 ], [ 136.212457450000016, 36.18955756 ], [ 136.212450510000025, 36.18984561 ], [ 136.21184883, 36.18985395 ], [ 136.21183883, 36.19004867 ], [ 136.211828560000015, 36.19033395 ], [ 136.211369100000013, 36.190312 ], [ 136.211129100000022, 36.19030117 ], [ 136.210866610000011, 36.190292 ], [ 136.21084577000002, 36.19029117 ], [ 136.210730220000016, 36.19028728 ], [ 136.21072328, 36.19035422 ], [ 136.210696330000019, 36.19061117 ], [ 136.210652440000018, 36.1910195 ], [ 136.21062189, 36.19148311 ], [ 136.21060523, 36.19166144 ], [ 136.210605010000023, 36.19166617 ], [ 136.21060497000002, 36.19166667 ], [ 136.210594940000021, 36.19186978 ], [ 136.210186060000012, 36.19184505 ], [ 136.20970577, 36.19180672 ], [ 136.20933856000002, 36.19178451 ], [ 136.209164940000022, 36.19177395 ], [ 136.208684940000012, 36.19173256 ], [ 136.208335770000019, 36.19171592 ], [ 136.208333330000016, 36.1917158 ], [ 136.208294670000015, 36.19171395 ], [ 136.20817134, 36.19170811 ], [ 136.20791022, 36.19168811 ], [ 136.207627170000023, 36.19166672 ], [ 136.20762597, 36.19166667 ], [ 136.20761725, 36.19166617 ], [ 136.20719105, 36.19164228 ], [ 136.20679689, 36.19162284 ], [ 136.20668745, 36.19161756 ], [ 136.20618689, 36.19159284 ], [ 136.205666330000014, 36.19156811 ], [ 136.20522717, 36.1915545 ], [ 136.20475384, 36.191527 ], [ 136.20431438, 36.19150228 ], [ 136.20418523, 36.19149728 ], [ 136.20402078, 36.19149117 ], [ 136.203739660000025, 36.19148033 ], [ 136.203232720000017, 36.19146672 ], [ 136.20274939, 36.19142533 ], [ 136.20225939, 36.19140089 ], [ 136.20182606000003, 36.19136811 ], [ 136.201734940000023, 36.19136117 ], [ 136.201711610000018, 36.19135951 ], [ 136.201245230000012, 36.191357 ], [ 136.20070772, 36.19132117 ], [ 136.200278270000013, 36.19129644 ], [ 136.20000244000002, 36.19128317 ], [ 136.2, 36.19128305 ], [ 136.19982189000001, 36.19127451 ], [ 136.199362440000016, 36.19125256 ], [ 136.198835230000014, 36.19122756 ], [ 136.19836523, 36.19121395 ], [ 136.197861610000018, 36.19117839 ], [ 136.19745939, 36.19115644 ], [ 136.19723577000002, 36.19114839 ], [ 136.197229390000018, 36.19114811 ], [ 136.19676272, 36.19115367 ], [ 136.19669883, 36.19088478 ], [ 136.19658745000001, 36.19038589 ], [ 136.196215500000022, 36.19038728 ], [ 136.195965230000013, 36.19040923 ], [ 136.19595189, 36.18986589 ], [ 136.195965230000013, 36.18963561 ], [ 136.195803, 36.18964117 ], [ 136.195640780000019, 36.18953147 ], [ 136.19549883000002, 36.18942175 ], [ 136.19531633, 36.18931731 ], [ 136.19519467, 36.18931203 ], [ 136.194822720000019, 36.18933925 ], [ 136.19422105000001, 36.18936675 ], [ 136.193828, 36.18942008 ], [ 136.19349105, 36.18946564 ], [ 136.193044940000021, 36.18953675 ], [ 136.192497170000024, 36.18963008 ], [ 136.19194939, 36.18971231 ], [ 136.191669100000013, 36.18976828 ], [ 136.191666670000018, 36.18976875 ], [ 136.19156411, 36.18978925 ], [ 136.19083384000001, 36.1900412 ], [ 136.19045523, 36.19018397 ], [ 136.190482440000011, 36.19039231 ], [ 136.190502720000012, 36.19079839 ], [ 136.190556610000016, 36.19116061 ], [ 136.190581220000013, 36.19166617 ], [ 136.19058125, 36.19166667 ], [ 136.190583840000016, 36.19172005 ], [ 136.190622440000027, 36.19202144 ], [ 136.19065828, 36.19230172 ], [ 136.19065828, 36.19263589 ], [ 136.190475500000019, 36.1928445 ], [ 136.19029995, 36.19291033 ], [ 136.19014438, 36.19291033 ], [ 136.189542440000025, 36.19292117 ], [ 136.189262720000016, 36.19291839 ], [ 136.18902189, 36.19291589 ], [ 136.18854217, 36.19293367 ], [ 136.18828523000002, 36.19294311 ], [ 136.187825500000031, 36.19289395 ], [ 136.18714272, 36.19287728 ], [ 136.186581610000019, 36.19285005 ], [ 136.18550633000001, 36.19285005 ], [ 136.18488467, 36.1928445 ], [ 136.184573840000013, 36.19283339 ], [ 136.184038, 36.192842 ], [ 136.183890780000013, 36.1928445 ], [ 136.18349189, 36.19285533 ], [ 136.183335770000014, 36.19285717 ], [ 136.183333330000011, 36.19285722 ], [ 136.183018560000022, 36.19286089 ], [ 136.18232244, 36.19285533 ], [ 136.181815500000027, 36.19287203 ], [ 136.18115966000002, 36.19289397 ], [ 136.18049022, 36.1929048 ], [ 136.180486620000011, 36.19297536 ], [ 136.180542440000011, 36.19316008 ], [ 136.180621340000016, 36.19327311 ], [ 136.18062136, 36.19352561 ], [ 136.18060275000002, 36.19395117 ], [ 136.180482190000021, 36.19403033 ], [ 136.180198860000019, 36.19402284 ], [ 136.179622750000021, 36.19398895 ], [ 136.179487200000011, 36.19401728 ], [ 136.17931608, 36.19405284 ], [ 136.17874053, 36.19423756 ], [ 136.178350250000022, 36.194377 ], [ 136.17848497, 36.19476533 ], [ 136.178534690000021, 36.19503478 ], [ 136.17856859, 36.19521756 ], [ 136.17816442, 36.19527784 ], [ 136.17789969, 36.19534951 ], [ 136.17793691, 36.19545505 ], [ 136.17801581, 36.19582784 ], [ 136.178145810000018, 36.19620839 ], [ 136.178187760000014, 36.19648728 ], [ 136.177616350000022, 36.19658922 ], [ 136.177402750000027, 36.19661561 ], [ 136.176803580000012, 36.19673617 ], [ 136.176306360000012, 36.19681895 ], [ 136.17591163000003, 36.19689811 ], [ 136.1756608, 36.19694339 ], [ 136.175749140000022, 36.19719978 ], [ 136.17585581, 36.19759533 ], [ 136.17592553, 36.19793811 ], [ 136.175976640000016, 36.19808895 ], [ 136.176014970000011, 36.19823061 ], [ 136.176018590000012, 36.19824339 ], [ 136.175331090000014, 36.19835644 ], [ 136.175002480000018, 36.1984122 ], [ 136.175, 36.19841264 ], [ 136.17473192, 36.19845811 ], [ 136.17427691, 36.19854478 ], [ 136.17385053000001, 36.19861395 ], [ 136.17371942, 36.19863533 ], [ 136.17325969, 36.19872951 ], [ 136.172762480000017, 36.19880117 ], [ 136.172827470000016, 36.19904617 ], [ 136.172864690000011, 36.19923839 ], [ 136.1729808, 36.19968644 ], [ 136.17307109, 36.19999951 ], [ 136.173071240000013, 36.2 ], [ 136.17308302, 36.20004089 ], [ 136.173171390000022, 36.20046284 ], [ 136.173287500000015, 36.20081339 ], [ 136.17333611, 36.201132 ], [ 136.17333861, 36.20114895 ], [ 136.173468610000015, 36.20163505 ], [ 136.173551950000018, 36.20201951 ], [ 136.173658890000013, 36.20241117 ], [ 136.17371917, 36.20269756 ], [ 136.17334306, 36.20278811 ], [ 136.173171390000022, 36.20284451 ], [ 136.173055280000028, 36.20296533 ], [ 136.173078340000018, 36.2030595 ], [ 136.172988340000018, 36.20308311 ], [ 136.172892780000012, 36.20310839 ], [ 136.172674450000017, 36.20316505 ], [ 136.17270222, 36.20353061 ], [ 136.17273917, 36.20401284 ], [ 136.172756390000018, 36.20441811 ], [ 136.172757780000012, 36.20445395 ], [ 136.17277167, 36.20474422 ], [ 136.172779170000013, 36.20486228 ], [ 136.172794720000013, 36.205102 ], [ 136.17279027, 36.20524505 ], [ 136.17286, 36.20566728 ], [ 136.172878340000011, 36.20607061 ], [ 136.172878640000022, 36.20637284 ], [ 136.172878640000022, 36.20650395 ], [ 136.172919200000024, 36.20652144 ], [ 136.173143360000012, 36.206617 ], [ 136.173681970000018, 36.20655284 ], [ 136.17420224, 36.20650395 ], [ 136.174541410000018, 36.20642089 ], [ 136.174801700000017, 36.20633061 ], [ 136.1748617, 36.20652284 ], [ 136.174950030000019, 36.206847 ], [ 136.174954470000017, 36.20686005 ], [ 136.175, 36.20699853 ], [ 136.175002530000029, 36.2070062 ], [ 136.175056690000019, 36.20717089 ], [ 136.175140310000018, 36.20755533 ], [ 136.17518698, 36.20772089 ], [ 136.17529837, 36.20784144 ], [ 136.17551669, 36.20783395 ], [ 136.17586336, 36.20778867 ], [ 136.175976420000012, 36.20777395 ], [ 136.17620864, 36.20782672 ], [ 136.176250580000016, 36.20800728 ], [ 136.176291970000023, 36.2081845 ], [ 136.176326610000018, 36.20833284 ], [ 136.17632672000002, 36.20833333 ], [ 136.17633419, 36.20836533 ], [ 136.176153090000014, 36.20846339 ], [ 136.17597197, 36.20855395 ], [ 136.17615781, 36.20889311 ], [ 136.176329470000013, 36.209187 ], [ 136.17645031, 36.209432 ], [ 136.17652003, 36.20958644 ], [ 136.17614837, 36.20969977 ], [ 136.175818640000017, 36.20983144 ], [ 136.175610580000011, 36.20984172 ], [ 136.17550725000001, 36.20984672 ], [ 136.17542586, 36.209842 ], [ 136.17511725, 36.20982395 ], [ 136.175165030000016, 36.21000839 ], [ 136.17521475, 36.21020089 ], [ 136.175238080000014, 36.21034756 ], [ 136.175349470000015, 36.21080756 ], [ 136.175433090000013, 36.21115033 ], [ 136.17548419000002, 36.21128977 ], [ 136.175075310000011, 36.21135395 ], [ 136.175002530000029, 36.21136623 ], [ 136.175, 36.21136664 ], [ 136.174629470000013, 36.21142923 ], [ 136.174346140000011, 36.2114745 ], [ 136.174332240000012, 36.21137644 ], [ 136.173932800000017, 36.21143672 ], [ 136.17370503, 36.21147061 ], [ 136.17333725, 36.21152367 ], [ 136.173259200000018, 36.21153477 ], [ 136.17280392, 36.21161005 ], [ 136.17229781, 36.21169311 ], [ 136.172160030000015, 36.21171089 ], [ 136.17191698000002, 36.211742 ], [ 136.1713828, 36.21182867 ], [ 136.171034470000023, 36.21187784 ], [ 136.170541970000016, 36.211957 ], [ 136.17013781, 36.21202061 ], [ 136.16984224, 36.21206478 ], [ 136.16958058, 36.21210367 ], [ 136.169241410000012, 36.21215644 ], [ 136.168721410000018, 36.21223922 ], [ 136.168707520000027, 36.21212617 ], [ 136.168619200000023, 36.21196784 ], [ 136.168475300000011, 36.21136144 ], [ 136.168363920000019, 36.21081505 ], [ 136.168337520000023, 36.210697 ], [ 136.16827086, 36.21040033 ], [ 136.16818475, 36.21011367 ], [ 136.168133410000024, 36.2098615 ], [ 136.168066420000031, 36.20953367 ], [ 136.167925030000021, 36.20936644 ], [ 136.16787808, 36.20931117 ], [ 136.167699470000031, 36.20910005 ], [ 136.167504470000011, 36.20910005 ], [ 136.167336980000016, 36.20910117 ], [ 136.167064190000019, 36.20910284 ], [ 136.166905580000019, 36.20910395 ], [ 136.16674752, 36.20911144 ], [ 136.1666692, 36.20912384 ], [ 136.166666670000012, 36.20912422 ], [ 136.166605300000015, 36.20913395 ], [ 136.166557250000011, 36.20914144 ], [ 136.166561410000014, 36.20928561 ], [ 136.16657558, 36.20977089 ], [ 136.16660808, 36.21001978 ], [ 136.166663640000024, 36.21043061 ], [ 136.166666670000012, 36.21044803 ], [ 136.1666692, 36.21046259 ], [ 136.166711140000018, 36.21070395 ] ] ], [ [ [ 136.243061630000028, 36.29404113 ], [ 136.243062310000028, 36.29403511 ], [ 136.243062310000028, 36.29403347 ], [ 136.243043160000013, 36.2940412 ], [ 136.24303472, 36.29404805 ], [ 136.243032170000021, 36.29405267 ], [ 136.243034640000019, 36.29405717 ], [ 136.24304156, 36.29405795 ], [ 136.24304711, 36.29405369 ], [ 136.243053, 36.29404908 ], [ 136.24305745, 36.29404575 ], [ 136.243061630000028, 36.29404113 ] ] ], [ [ [ 136.242973840000019, 36.29408323 ], [ 136.242970470000017, 36.29408144 ], [ 136.24296025000001, 36.29408561 ], [ 136.24295136, 36.29409087 ], [ 136.242939660000019, 36.29409411 ], [ 136.242929780000026, 36.29409647 ], [ 136.24291231, 36.29409995 ], [ 136.242903970000015, 36.2941032 ], [ 136.24290197000002, 36.29410789 ], [ 136.242898780000019, 36.29411989 ], [ 136.242894920000026, 36.29413305 ], [ 136.242895160000018, 36.29414136 ], [ 136.24289674000002, 36.29414603 ], [ 136.24290278, 36.29414917 ], [ 136.24290577, 36.29415061 ], [ 136.242929440000012, 36.29413333 ], [ 136.24293623, 36.29412784 ], [ 136.24294533, 36.29412214 ], [ 136.24295178, 36.29411725 ], [ 136.2429572, 36.29410995 ], [ 136.24296519, 36.29410325 ], [ 136.242968640000015, 36.29409751 ], [ 136.24297205000002, 36.29408884 ], [ 136.242973840000019, 36.29408323 ] ] ], [ [ [ 136.24315436, 36.29424725 ], [ 136.2431507, 36.29424897 ], [ 136.243136890000017, 36.29425089 ], [ 136.243125310000011, 36.29425236 ], [ 136.243115859999989, 36.29425564 ], [ 136.243113640000018, 36.29425761 ], [ 136.24311345000001, 36.294267 ], [ 136.243110030000025, 36.29427503 ], [ 136.24310914000003, 36.2942788 ], [ 136.243113280000017, 36.29428159 ], [ 136.2431235, 36.29428031 ], [ 136.2431282, 36.29427939 ], [ 136.24313575, 36.29427686 ], [ 136.24315178, 36.29427186 ], [ 136.24315844000003, 36.29426833 ], [ 136.243164090000022, 36.294263 ], [ 136.243169420000015, 36.29425661 ], [ 136.24317197000002, 36.29425056 ], [ 136.243172610000016, 36.29424569 ], [ 136.2431727, 36.29423759 ], [ 136.243173920000032, 36.2942318 ], [ 136.24317645, 36.29422756 ], [ 136.243179, 36.29422377 ], [ 136.24318144, 36.29422044 ], [ 136.24318234, 36.29421828 ], [ 136.24317966000001, 36.29421728 ], [ 136.24317431, 36.29421792 ], [ 136.243170420000013, 36.29422036 ], [ 136.243168520000012, 36.294223 ], [ 136.243167660000012, 36.29422597 ], [ 136.24316367000003, 36.29422995 ], [ 136.243157, 36.29423436 ], [ 136.243153330000013, 36.29423789 ], [ 136.243152780000031, 36.29424303 ], [ 136.24315436, 36.29424725 ] ] ], [ [ [ 136.243074770000021, 36.2943288 ], [ 136.24308034, 36.2943262 ], [ 136.243083770000027, 36.29432013 ], [ 136.243086550000015, 36.29431464 ], [ 136.24308886, 36.29430995 ], [ 136.243089200000014, 36.29430797 ], [ 136.243086980000015, 36.29430833 ], [ 136.243079750000021, 36.29431231 ], [ 136.243069420000012, 36.29431603 ], [ 136.243061950000026, 36.29431864 ], [ 136.243056390000021, 36.29432084 ], [ 136.24305438, 36.29432417 ], [ 136.24305464, 36.29432731 ], [ 136.243064090000018, 36.29432784 ], [ 136.24307144, 36.29432792 ], [ 136.243074770000021, 36.2943288 ] ] ], [ [ [ 136.242995300000018, 36.29422867 ], [ 136.24298453, 36.29422851 ], [ 136.242964840000013, 36.29423277 ], [ 136.242951510000012, 36.29424208 ], [ 136.24293394, 36.29425375 ], [ 136.242920510000033, 36.29426503 ], [ 136.24291464, 36.29427397 ], [ 136.24290314000001, 36.29430384 ], [ 136.242888, 36.29433587 ], [ 136.24288239, 36.2943628 ], [ 136.24287745, 36.29438472 ], [ 136.242867170000011, 36.29441033 ], [ 136.24286167, 36.29442884 ], [ 136.242854030000018, 36.2944422 ], [ 136.24284481, 36.29444877 ], [ 136.242838370000015, 36.29445411 ], [ 136.24281905, 36.29447497 ], [ 136.24281228000001, 36.29448203 ], [ 136.242809640000019, 36.29449078 ], [ 136.24280769, 36.29451177 ], [ 136.242812720000018, 36.29451222 ], [ 136.242835500000012, 36.29450217 ], [ 136.242865530000017, 36.29448722 ], [ 136.242891970000016, 36.29447384 ], [ 136.242951730000016, 36.29442603 ], [ 136.24296659, 36.29440808 ], [ 136.242980030000012, 36.29439208 ], [ 136.243002190000027, 36.29436375 ], [ 136.243019, 36.29432675 ], [ 136.243037640000011, 36.29430103 ], [ 136.243047170000011, 36.29429236 ], [ 136.24305272, 36.29428811 ], [ 136.24305694, 36.29428351 ], [ 136.243061950000026, 36.29427639 ], [ 136.243064030000028, 36.29427017 ], [ 136.243065450000017, 36.29426213 ], [ 136.243065550000011, 36.29425836 ], [ 136.243065300000012, 36.29425492 ], [ 136.24306119000002, 36.29425159 ], [ 136.24305462, 36.29425169 ], [ 136.243047390000015, 36.29425128 ], [ 136.24304336, 36.29424847 ], [ 136.243038440000021, 36.29424469 ], [ 136.243034890000018, 36.29424236 ], [ 136.24302830000002, 36.29423922 ], [ 136.24301202, 36.29423169 ], [ 136.243004330000019, 36.29422936 ], [ 136.242995300000018, 36.29422867 ] ] ] ] } }
]
}
