{
"type": "FeatureCollection",
"name": "city_02_むつ市",
"crs": { "type": "name", "properties": { "name": "urn:ogc:def:crs:OGC:1.3:CRS84" } },
"features": [
{ "type": "Feature", "properties": { }, "geometry": { "type": "MultiPolygon", "coordinates": [ [ [ [ 140.767853190000011, 41.15839287 ], [ 140.76783930000002, 41.15835453 ], [ 140.767805690000017, 41.15833536 ], [ 140.767730700000016, 41.15834203 ], [ 140.76770772, 41.15833333 ], [ 140.767698420000016, 41.1583298 ], [ 140.76767569, 41.1583212 ], [ 140.76764436000002, 41.1583298 ], [ 140.767639300000013, 41.1583312 ], [ 140.76763628, 41.15833333 ], [ 140.767569300000019, 41.15838036 ], [ 140.767538200000018, 41.15843036 ], [ 140.767583190000011, 41.15848259 ], [ 140.767639300000013, 41.15847425 ], [ 140.767696810000018, 41.15847259 ], [ 140.767730700000016, 41.15847675 ], [ 140.7677918, 41.15846592 ], [ 140.767841800000014, 41.15842453 ], [ 140.767853190000011, 41.15839287 ] ] ], [ [ [ 140.767537910000016, 41.15961175 ], [ 140.767566520000031, 41.15960008 ], [ 140.76758042, 41.15956925 ], [ 140.767569030000033, 41.15953759 ], [ 140.767516520000015, 41.15949592 ], [ 140.76751042, 41.15945175 ], [ 140.767460410000012, 41.15943425 ], [ 140.76741791, 41.15944341 ], [ 140.76739042, 41.15947925 ], [ 140.767395420000014, 41.15949425 ], [ 140.76742153, 41.15952341 ], [ 140.767440420000014, 41.15956175 ], [ 140.767447910000016, 41.15958925 ], [ 140.76748042, 41.15961092 ], [ 140.767537910000016, 41.15961175 ] ] ], [ [ [ 140.766808200000014, 41.16009008 ], [ 140.7668118, 41.16011925 ], [ 140.766816810000023, 41.16014259 ], [ 140.76684431000001, 41.16014925 ], [ 140.76690542, 41.16011508 ], [ 140.76695903000001, 41.16007341 ], [ 140.766991530000013, 41.16001841 ], [ 140.76701791, 41.15998841 ], [ 140.76704791, 41.15998008 ], [ 140.76707042000001, 41.15995092 ], [ 140.76704791, 41.15993008 ], [ 140.767000420000016, 41.15992341 ], [ 140.766925690000022, 41.15993841 ], [ 140.7668807, 41.15994675 ], [ 140.76683319, 41.15997008 ], [ 140.7667893, 41.16000341 ], [ 140.76677569, 41.16003759 ], [ 140.766791800000021, 41.16006425 ], [ 140.766808200000014, 41.16009008 ] ] ], [ [ [ 140.766670410000017, 41.16029325 ], [ 140.76666667, 41.16029441 ], [ 140.7666618, 41.16029592 ], [ 140.7666618, 41.16034675 ], [ 140.76666667, 41.16035161 ], [ 140.766670410000017, 41.16035536 ], [ 140.766684310000016, 41.16036925 ], [ 140.76671542, 41.16041592 ], [ 140.76673542, 41.16046425 ], [ 140.76677791, 41.16043508 ], [ 140.766809030000019, 41.16040675 ], [ 140.76682542, 41.16037425 ], [ 140.766820420000016, 41.16033759 ], [ 140.76680042000001, 41.16030759 ], [ 140.76676070000002, 41.16029008 ], [ 140.766715690000012, 41.16027925 ], [ 140.766670410000017, 41.16029325 ] ] ], [ [ [ 140.76667791, 41.16167817 ], [ 140.76670042, 41.16167067 ], [ 140.766749030000028, 41.161679 ], [ 140.766786520000011, 41.161664 ], [ 140.76681652000002, 41.16163733 ], [ 140.766832920000013, 41.16159484 ], [ 140.766817910000015, 41.161564 ], [ 140.76678791, 41.16154567 ], [ 140.76677292, 41.161544 ], [ 140.766744030000012, 41.1615365 ], [ 140.76672292, 41.16152151 ], [ 140.76672292, 41.16149984 ], [ 140.76671153, 41.16148484 ], [ 140.766672920000019, 41.16148484 ], [ 140.766670410000017, 41.16148556 ], [ 140.76666667, 41.16148664 ], [ 140.76661542, 41.1615015 ], [ 140.766526520000014, 41.16153984 ], [ 140.766499030000034, 41.16156484 ], [ 140.766491530000025, 41.1615915 ], [ 140.76650292, 41.16160984 ], [ 140.766536520000017, 41.161634 ], [ 140.76653292, 41.16166233 ], [ 140.766519030000012, 41.16169317 ], [ 140.76652542, 41.16171484 ], [ 140.766551530000015, 41.1617315 ], [ 140.766586520000033, 41.161739 ], [ 140.766639030000022, 41.16171317 ], [ 140.76666667, 41.16168828 ], [ 140.766670410000017, 41.16168492 ], [ 140.76667791, 41.16167817 ] ] ], [ [ [ 140.76694652, 41.16171567 ], [ 140.766916520000024, 41.16172317 ], [ 140.766911530000016, 41.16173984 ], [ 140.766916520000024, 41.16176567 ], [ 140.76692791, 41.16178233 ], [ 140.76694292000002, 41.1617965 ], [ 140.76695791, 41.16180733 ], [ 140.766964030000025, 41.16182484 ], [ 140.76696791, 41.16185317 ], [ 140.766987910000012, 41.161874 ], [ 140.76701791, 41.16188567 ], [ 140.76704903000001, 41.16188817 ], [ 140.767077910000012, 41.16188233 ], [ 140.767109030000029, 41.1618715 ], [ 140.767109030000029, 41.16185317 ], [ 140.767100410000012, 41.16183484 ], [ 140.76707042000001, 41.16181484 ], [ 140.76705542000002, 41.16180733 ], [ 140.767034030000019, 41.161784 ], [ 140.767014030000013, 41.16175733 ], [ 140.766996520000021, 41.16173733 ], [ 140.76697542, 41.16172317 ], [ 140.76694652, 41.16171567 ] ] ], [ [ [ 140.76784514000002, 41.16607539 ], [ 140.767778750000019, 41.16614872 ], [ 140.76777764000002, 41.16617623 ], [ 140.767803750000013, 41.16619789 ], [ 140.76786014000001, 41.16625289 ], [ 140.767891240000012, 41.16623872 ], [ 140.767927640000011, 41.16621623 ], [ 140.767948750000016, 41.16621456 ], [ 140.76797876, 41.16622372 ], [ 140.76798876, 41.16625123 ], [ 140.76803375, 41.16624956 ], [ 140.768071240000012, 41.16623456 ], [ 140.76808764, 41.16619789 ], [ 140.76808764, 41.16617456 ], [ 140.76809764, 41.16613956 ], [ 140.768092630000012, 41.16610289 ], [ 140.768071240000012, 41.16609123 ], [ 140.76803014, 41.16608623 ], [ 140.767961250000013, 41.16608623 ], [ 140.767937640000014, 41.16607539 ], [ 140.76790764, 41.16606205 ], [ 140.76787375, 41.16606205 ], [ 140.76784514000002, 41.16607539 ] ] ], [ [ [ 140.765833750000013, 41.16774844 ], [ 140.765853750000019, 41.16772428 ], [ 140.765868760000018, 41.16768844 ], [ 140.765860140000029, 41.16766095 ], [ 140.765852630000012, 41.16763095 ], [ 140.765817640000023, 41.16762761 ], [ 140.765770140000029, 41.16764011 ], [ 140.76574514, 41.16767011 ], [ 140.76573625, 41.16770428 ], [ 140.76574625, 41.16773261 ], [ 140.765760140000026, 41.16775344 ], [ 140.765783750000026, 41.16775844 ], [ 140.765833750000013, 41.16774844 ] ] ], [ [ [ 140.765615140000023, 41.16783761 ], [ 140.76556263, 41.16786928 ], [ 140.765547640000023, 41.16790595 ], [ 140.765540140000013, 41.16793761 ], [ 140.76555263, 41.16795678 ], [ 140.76557263, 41.16796677 ], [ 140.76561375, 41.16796428 ], [ 140.765635140000029, 41.16793928 ], [ 140.765647640000026, 41.16789511 ], [ 140.765651240000011, 41.16783844 ], [ 140.765615140000023, 41.16783761 ] ] ], [ [ [ 140.76837986000001, 41.16876011 ], [ 140.76838737, 41.16877595 ], [ 140.768400970000016, 41.16878928 ], [ 140.76841986, 41.16879595 ], [ 140.76844236, 41.16878761 ], [ 140.768468470000016, 41.16876344 ], [ 140.76847236, 41.16874344 ], [ 140.76847236, 41.16871595 ], [ 140.76845986, 41.16869177 ], [ 140.76844236, 41.16867761 ], [ 140.76839737, 41.16867178 ], [ 140.76836236, 41.16866844 ], [ 140.76831986000002, 41.16866344 ], [ 140.76828737, 41.16866595 ], [ 140.76825847, 41.16868595 ], [ 140.76826097, 41.16871428 ], [ 140.76829597, 41.16873011 ], [ 140.76833486000001, 41.16874011 ], [ 140.76837986000001, 41.16876011 ] ] ], [ [ [ 140.76853097, 41.16891261 ], [ 140.768607370000012, 41.16890678 ], [ 140.76862986, 41.16889095 ], [ 140.76864348, 41.16887095 ], [ 140.76864348, 41.16884344 ], [ 140.76863986, 41.16881761 ], [ 140.768614860000014, 41.16880177 ], [ 140.76858847, 41.16880095 ], [ 140.76854597, 41.16881095 ], [ 140.76850847, 41.16882928 ], [ 140.76848597, 41.16885511 ], [ 140.76847486, 41.16888095 ], [ 140.76847847, 41.16889511 ], [ 140.768493480000018, 41.16891261 ], [ 140.76853097, 41.16891261 ] ] ], [ [ [ 140.76838737, 41.16897344 ], [ 140.76835847000001, 41.16898095 ], [ 140.76832348, 41.16898678 ], [ 140.76828348, 41.16899095 ], [ 140.76824986, 41.16899095 ], [ 140.76819236, 41.16900095 ], [ 140.76815097, 41.16901817 ], [ 140.76810486, 41.16904067 ], [ 140.768084860000016, 41.169064 ], [ 140.76809236, 41.16908067 ], [ 140.768120970000012, 41.16908651 ], [ 140.76816348, 41.16907484 ], [ 140.76820737, 41.1690565 ], [ 140.76825348, 41.169049 ], [ 140.76829486, 41.16904067 ], [ 140.76834236000002, 41.16904233 ], [ 140.768393480000015, 41.16904067 ], [ 140.76842486000001, 41.16903428 ], [ 140.76846097, 41.16901678 ], [ 140.768490970000016, 41.16899095 ], [ 140.768493480000018, 41.16896261 ], [ 140.768479860000014, 41.16894761 ], [ 140.76844986, 41.16894344 ], [ 140.76840847, 41.16895761 ], [ 140.76838737, 41.16897344 ] ] ], [ [ [ 140.768347370000015, 41.17053317 ], [ 140.76831737, 41.17052317 ], [ 140.768299860000013, 41.17052567 ], [ 140.76826986, 41.170539 ], [ 140.768264860000016, 41.17056567 ], [ 140.76828986000001, 41.170579 ], [ 140.76830737, 41.170579 ], [ 140.76833986, 41.170569 ], [ 140.768354860000017, 41.17055984 ], [ 140.768357370000018, 41.170544 ], [ 140.768347370000015, 41.17053317 ] ] ], [ [ [ 140.76800236, 41.17069484 ], [ 140.768049860000019, 41.17070067 ], [ 140.768087370000018, 41.17068317 ], [ 140.76810486, 41.170674 ], [ 140.768123480000014, 41.170664 ], [ 140.76814847, 41.17063567 ], [ 140.76816348, 41.170609 ], [ 140.76817847, 41.17058067 ], [ 140.76817847, 41.17055984 ], [ 140.768165970000013, 41.1705465 ], [ 140.76814097, 41.17052733 ], [ 140.768113480000011, 41.17052733 ], [ 140.768084860000016, 41.17055984 ], [ 140.768062360000016, 41.1706015 ], [ 140.76797097, 41.1706665 ], [ 140.76800236, 41.17069484 ] ] ], [ [ [ 140.768347370000015, 41.17063984 ], [ 140.76833486000001, 41.170624 ], [ 140.76830486, 41.170624 ], [ 140.76828236, 41.17063233 ], [ 140.76828236, 41.17066817 ], [ 140.76830236, 41.17069651 ], [ 140.768337370000012, 41.17068733 ], [ 140.76834236000002, 41.17067984 ], [ 140.768347370000015, 41.17066233 ], [ 140.768347370000015, 41.17063984 ] ] ], [ [ [ 140.76840847, 41.17121317 ], [ 140.768393480000015, 41.17118984 ], [ 140.76837236, 41.171169 ], [ 140.76832486, 41.17116317 ], [ 140.76831986000002, 41.17117317 ], [ 140.768309860000016, 41.17121151 ], [ 140.76832986, 41.17125484 ], [ 140.76837737, 41.17126984 ], [ 140.76841097, 41.17127233 ], [ 140.76841847, 41.171259 ], [ 140.76841847, 41.1712415 ], [ 140.76840847, 41.17121317 ] ] ], [ [ [ 140.76835236, 41.17267622 ], [ 140.76837486, 41.17269872 ], [ 140.76837737, 41.17268372 ], [ 140.768393480000015, 41.17265705 ], [ 140.76838737, 41.17265872 ], [ 140.768389860000013, 41.17265123 ], [ 140.76837737, 41.17265289 ], [ 140.768357370000018, 41.17265456 ], [ 140.76835236, 41.17267622 ] ] ], [ [ [ 140.76838236, 41.17275039 ], [ 140.76837236, 41.17276705 ], [ 140.76838236, 41.17279956 ], [ 140.76842847, 41.17282289 ], [ 140.76845597, 41.17280539 ], [ 140.76845348, 41.17279956 ], [ 140.76844097, 41.17278039 ], [ 140.76842847, 41.17275956 ], [ 140.76840847, 41.17275039 ], [ 140.76838236, 41.17275039 ] ] ], [ [ [ 140.76837236, 41.17313456 ], [ 140.768400970000016, 41.17313123 ], [ 140.76844847000001, 41.17312956 ], [ 140.76844348, 41.17310622 ], [ 140.76843847, 41.17309289 ], [ 140.76842597000001, 41.17307623 ], [ 140.76839847, 41.17307623 ], [ 140.76837486, 41.17308705 ], [ 140.768299860000013, 41.17310622 ], [ 140.768257370000015, 41.17312705 ], [ 140.76826236, 41.17314623 ], [ 140.76831737, 41.17316123 ], [ 140.76833986, 41.17315623 ], [ 140.76837236, 41.17313456 ] ] ], [ [ [ 140.76842097, 41.17327789 ], [ 140.768435970000013, 41.17325872 ], [ 140.76844348, 41.17323956 ], [ 140.76842097, 41.17322039 ], [ 140.768367370000021, 41.17320705 ], [ 140.76835236, 41.17323205 ], [ 140.76831737, 41.17325123 ], [ 140.76829737, 41.17327789 ], [ 140.768322360000013, 41.17331205 ], [ 140.768344860000013, 41.17332205 ], [ 140.768389860000013, 41.17330039 ], [ 140.76841097, 41.17328705 ], [ 140.76842097, 41.17327789 ] ] ], [ [ [ 140.76845348, 41.17333289 ], [ 140.76843348, 41.17336372 ], [ 140.76843348, 41.17339956 ], [ 140.768455690000025, 41.17341539 ], [ 140.7685007, 41.17340372 ], [ 140.768513190000021, 41.17339205 ], [ 140.76852070000001, 41.17337705 ], [ 140.7685007, 41.17335205 ], [ 140.76845348, 41.17332205 ], [ 140.76845348, 41.17333289 ] ] ], [ [ [ 140.76750708000003, 41.17550428 ], [ 140.767555690000023, 41.17552928 ], [ 140.76758569, 41.17552928 ], [ 140.767608200000012, 41.17551595 ], [ 140.767615690000014, 41.17550428 ], [ 140.767615690000014, 41.17546844 ], [ 140.7676207, 41.17544344 ], [ 140.7676207, 41.17541678 ], [ 140.767590700000028, 41.17538677 ], [ 140.767558200000025, 41.17536177 ], [ 140.767522090000028, 41.17536761 ], [ 140.767502090000022, 41.17537095 ], [ 140.767487080000024, 41.17540511 ], [ 140.767489580000017, 41.17545844 ], [ 140.76750708000003, 41.17550428 ] ] ], [ [ [ 140.767749580000014, 41.17557844 ], [ 140.767767080000027, 41.17561344 ], [ 140.767835690000027, 41.17564511 ], [ 140.76786569, 41.17563595 ], [ 140.7678682, 41.17561511 ], [ 140.767885690000014, 41.17559011 ], [ 140.767905690000021, 41.17558261 ], [ 140.767918200000025, 41.17556928 ], [ 140.767920700000019, 41.17554678 ], [ 140.767918200000025, 41.17551011 ], [ 140.767905690000021, 41.17547595 ], [ 140.76788319000002, 41.17544928 ], [ 140.76785569, 41.17542677 ], [ 140.767819590000016, 41.17542095 ], [ 140.767772090000022, 41.17546428 ], [ 140.767739580000011, 41.17551177 ], [ 140.767747080000021, 41.17555428 ], [ 140.767749580000014, 41.17557844 ] ] ], [ [ [ 140.768074580000018, 41.17611264 ], [ 140.768047080000031, 41.1760818 ], [ 140.76803209000002, 41.17607264 ], [ 140.767989590000013, 41.17607764 ], [ 140.7679607, 41.17608931 ], [ 140.76795569, 41.17611014 ], [ 140.7679607, 41.17614847 ], [ 140.76800209000001, 41.17617347 ], [ 140.768049580000024, 41.17616347 ], [ 140.768062090000029, 41.17615431 ], [ 140.768072090000032, 41.1761368 ], [ 140.768074580000018, 41.17611264 ] ] ], [ [ [ 140.7671282, 41.18013875 ], [ 140.76716708, 41.18015208 ], [ 140.76717708000001, 41.18015459 ], [ 140.767194580000023, 41.18015625 ], [ 140.767212090000015, 41.18015041 ], [ 140.767222090000018, 41.18013541 ], [ 140.76722458, 41.18011459 ], [ 140.767217080000023, 41.18010292 ], [ 140.767202090000012, 41.18008792 ], [ 140.76718209, 41.18007041 ], [ 140.767174580000017, 41.18006459 ], [ 140.767142090000021, 41.18006125 ], [ 140.767120700000021, 41.18007041 ], [ 140.767108200000024, 41.18008375 ], [ 140.767108200000024, 41.18010875 ], [ 140.7671282, 41.18013875 ] ] ], [ [ [ 140.764719, 41.19606128 ], [ 140.76467150000002, 41.19608295 ], [ 140.764669, 41.19610711 ], [ 140.764684, 41.19612795 ], [ 140.764703990000015, 41.19614711 ], [ 140.7647465, 41.19615128 ], [ 140.76477012, 41.19613628 ], [ 140.764772610000023, 41.19611711 ], [ 140.764764, 41.19609961 ], [ 140.764739, 41.19606544 ], [ 140.764719, 41.19606128 ] ] ], [ [ [ 140.764961500000027, 41.19635711 ], [ 140.764973990000016, 41.19638544 ], [ 140.765006500000027, 41.19638377 ], [ 140.7650165, 41.19637628 ], [ 140.765029, 41.19636044 ], [ 140.7650165, 41.19633628 ], [ 140.764981510000013, 41.19633044 ], [ 140.764961500000027, 41.19634128 ], [ 140.764961500000027, 41.19635711 ] ] ], [ [ [ 140.765047610000011, 41.19654961 ], [ 140.764981510000013, 41.19655295 ], [ 140.7649365, 41.19657211 ], [ 140.764909, 41.19660128 ], [ 140.764924, 41.19663544 ], [ 140.764954, 41.19666295 ], [ 140.76504983, 41.19667461 ], [ 140.76510983, 41.19669711 ], [ 140.76515484, 41.19670795 ], [ 140.76524372, 41.19670295 ], [ 140.765271220000017, 41.19668628 ], [ 140.765283720000014, 41.19667128 ], [ 140.765296230000018, 41.19663711 ], [ 140.76527372000001, 41.19659544 ], [ 140.765261220000014, 41.19658544 ], [ 140.765271220000017, 41.19656295 ], [ 140.765276230000012, 41.19654211 ], [ 140.76526872, 41.19652044 ], [ 140.76522623, 41.19649795 ], [ 140.76517733, 41.19648461 ], [ 140.765152340000014, 41.19649211 ], [ 140.76513234, 41.19650128 ], [ 140.76510733, 41.19652628 ], [ 140.765047610000011, 41.19654961 ] ] ], [ [ [ 140.76555122000002, 41.19778767 ], [ 140.76557484, 41.19781267 ], [ 140.765609829999988, 41.19780433 ], [ 140.76561623, 41.19779933 ], [ 140.76562983, 41.19778933 ], [ 140.76564484, 41.19777851 ], [ 140.76564872, 41.19776933 ], [ 140.76564872, 41.1977435 ], [ 140.76564122000002, 41.19772517 ], [ 140.765609829999988, 41.19769767 ], [ 140.76558372, 41.19768933 ], [ 140.765543720000011, 41.19770184 ], [ 140.76551372, 41.197731 ], [ 140.76551623, 41.19775433 ], [ 140.76555122000002, 41.19778767 ] ] ], [ [ [ 140.81354178, 41.11927086 ], [ 140.813523160000017, 41.11928836 ], [ 140.81353178, 41.11933087 ], [ 140.813606780000015, 41.11934503 ], [ 140.81365317, 41.11933753 ], [ 140.81366817, 41.11935587 ], [ 140.81367178, 41.11939086 ], [ 140.81371927, 41.1193942 ], [ 140.81378927, 41.1193842 ], [ 140.813831780000015, 41.11938753 ], [ 140.81383567, 41.1194192 ], [ 140.81383567, 41.11945086 ], [ 140.81386927, 41.11948669 ], [ 140.81390178, 41.1195042 ], [ 140.81396178, 41.11951087 ], [ 140.81400428, 41.1195042 ], [ 140.81404178, 41.11951087 ], [ 140.81409317, 41.11953587 ], [ 140.81414927, 41.1195042 ], [ 140.814163160000021, 41.11946503 ], [ 140.814163160000021, 41.11942586 ], [ 140.814140660000021, 41.1193942 ], [ 140.81415428, 41.11935169 ], [ 140.81415927, 41.11932003 ], [ 140.81412567000001, 41.11928836 ], [ 140.81409317, 41.1192742 ], [ 140.81410317000001, 41.11922836 ], [ 140.814089270000011, 41.11918253 ], [ 140.81404178, 41.11915753 ], [ 140.81401817, 41.11914336 ], [ 140.813976780000019, 41.11911169 ], [ 140.81391567, 41.11909753 ], [ 140.813883160000017, 41.11911169 ], [ 140.81384567, 41.11911836 ], [ 140.81381317, 41.11910087 ], [ 140.81376567, 41.11908336 ], [ 140.81365317, 41.11910753 ], [ 140.81360178, 41.11916836 ], [ 140.813569270000016, 41.11917503 ], [ 140.813526780000018, 41.11918586 ], [ 140.81348567, 41.11921753 ], [ 140.81350817, 41.11924587 ], [ 140.81354178, 41.11927086 ] ] ], [ [ [ 140.81407066, 41.1197342 ], [ 140.814046780000012, 41.11976586 ], [ 140.81405178, 41.11981503 ], [ 140.814065670000019, 41.11985753 ], [ 140.81404178, 41.11988253 ], [ 140.81401428, 41.1199142 ], [ 140.81401817, 41.11996003 ], [ 140.81398066, 41.11999253 ], [ 140.81394817, 41.12004169 ], [ 140.81396178, 41.12007336 ], [ 140.81399066, 41.12011587 ], [ 140.81395817, 41.12013336 ], [ 140.813934280000012, 41.1201692 ], [ 140.813934280000012, 41.12021169 ], [ 140.81397178, 41.12023225 ], [ 140.81397178, 41.12027141 ], [ 140.813966780000015, 41.12031059 ], [ 140.81399567, 41.12034892 ], [ 140.81403678, 41.12035975 ], [ 140.814089270000011, 41.12035308 ], [ 140.81410317000001, 41.12039141 ], [ 140.814140660000021, 41.12043059 ], [ 140.814191780000016, 41.12044808 ], [ 140.814248170000013, 41.12045141 ], [ 140.814303990000013, 41.12045892 ], [ 140.814299, 41.12050141 ], [ 140.814312890000025, 41.12053641 ], [ 140.814350390000016, 41.12055059 ], [ 140.814392890000022, 41.12056475 ], [ 140.814433990000026, 41.12056475 ], [ 140.814449, 41.12058641 ], [ 140.814452890000013, 41.12061059 ], [ 140.814430390000012, 41.12063892 ], [ 140.814467890000032, 41.12067475 ], [ 140.814537890000025, 41.12071392 ], [ 140.814523990000026, 41.12076308 ], [ 140.814551500000022, 41.12079475 ], [ 140.81459399000002, 41.12081641 ], [ 140.814640390000022, 41.12083059 ], [ 140.814650390000025, 41.12086559 ], [ 140.814672890000026, 41.12088308 ], [ 140.814739, 41.12089725 ], [ 140.814790390000013, 41.12090141 ], [ 140.814822890000016, 41.12093308 ], [ 140.814851510000011, 41.12097141 ], [ 140.8149065, 41.12099975 ], [ 140.81496789000002, 41.12101059 ], [ 140.815033990000018, 41.12099308 ], [ 140.815112890000023, 41.12105641 ], [ 140.815155380000022, 41.12106392 ], [ 140.815230390000011, 41.12102475 ], [ 140.81529039000003, 41.12104225 ], [ 140.815337890000023, 41.12103559 ], [ 140.8153465, 41.12101059 ], [ 140.81540289000003, 41.12104641 ], [ 140.815445380000028, 41.12105308 ], [ 140.815501500000011, 41.12102475 ], [ 140.815524, 41.12098225 ], [ 140.815501500000011, 41.12092975 ], [ 140.815431500000017, 41.12087641 ], [ 140.815450390000024, 41.12084808 ], [ 140.815445380000028, 41.12081975 ], [ 140.815416500000026, 41.12077725 ], [ 140.815454, 41.12073141 ], [ 140.815431500000017, 41.12068559 ], [ 140.815389, 41.12064308 ], [ 140.815389, 41.12062475 ], [ 140.815416500000026, 41.12060725 ], [ 140.815416500000026, 41.12056892 ], [ 140.815397890000014, 41.12054059 ], [ 140.815370390000027, 41.12051892 ], [ 140.815305380000012, 41.12049059 ], [ 140.815313990000021, 41.12044475 ], [ 140.815313990000021, 41.12041669 ], [ 140.81529039000003, 41.12036753 ], [ 140.815252890000011, 41.12034586 ], [ 140.815131510000015, 41.12033169 ], [ 140.815131510000015, 41.12029669 ], [ 140.815112890000023, 41.12026836 ], [ 140.815047890000017, 41.1202292 ], [ 140.815000390000023, 41.12022587 ], [ 140.815019, 41.12018003 ], [ 140.815029, 41.12013003 ], [ 140.815005380000031, 41.12009503 ], [ 140.814949, 41.12007336 ], [ 140.8149065, 41.12006336 ], [ 140.814879, 41.12003086 ], [ 140.814883990000027, 41.11999587 ], [ 140.81486039, 41.11997086 ], [ 140.814817890000029, 41.11995669 ], [ 140.814761510000011, 41.11994253 ], [ 140.814739, 41.11991087 ], [ 140.814725380000027, 41.11987586 ], [ 140.814677890000013, 41.1198542 ], [ 140.814616500000028, 41.11984753 ], [ 140.8145465, 41.11987169 ], [ 140.814490390000032, 41.11983669 ], [ 140.81439817, 41.1198192 ], [ 140.81437428000001, 41.1197692 ], [ 140.81433178, 41.1197442 ], [ 140.81428567, 41.1197442 ], [ 140.81421927, 41.11975503 ], [ 140.814200660000012, 41.11973753 ], [ 140.814178170000019, 41.11971253 ], [ 140.81412567000001, 41.11971253 ], [ 140.81407066, 41.1197342 ] ] ], [ [ [ 140.80882567, 41.12797059 ], [ 140.80879927, 41.12793725 ], [ 140.808795670000023, 41.12791725 ], [ 140.80869927, 41.12791141 ], [ 140.80866927, 41.12793141 ], [ 140.808665670000011, 41.12804308 ], [ 140.80870678, 41.12806308 ], [ 140.808773160000015, 41.12804892 ], [ 140.80880317, 41.12802392 ], [ 140.80879178, 41.12798975 ], [ 140.80882567, 41.12797059 ] ] ], [ [ [ 140.818762040000024, 41.13565259 ], [ 140.818751390000017, 41.13637517 ], [ 140.81882726, 41.13637743 ], [ 140.818842430000018, 41.13565115 ], [ 140.81883052, 41.13565097 ], [ 140.818762040000024, 41.13565259 ] ] ], [ [ [ 140.884757590000021, 41.16517572 ], [ 140.88479508, 41.16518405 ], [ 140.884837590000018, 41.16517989 ], [ 140.8848537, 41.16516323 ], [ 140.88486508, 41.16512739 ], [ 140.884858690000016, 41.16509823 ], [ 140.88484258, 41.16509072 ], [ 140.884811190000022, 41.16510239 ], [ 140.884773700000011, 41.16512323 ], [ 140.884741190000028, 41.16514739 ], [ 140.88473008, 41.16516739 ], [ 140.884757590000021, 41.16517572 ] ] ], [ [ [ 140.884021190000027, 41.16540711 ], [ 140.88401008, 41.16537461 ], [ 140.88396759, 41.16535377 ], [ 140.883925080000012, 41.16533795 ], [ 140.883902580000012, 41.16535044 ], [ 140.8839137, 41.16538628 ], [ 140.8839562, 41.16541877 ], [ 140.883988690000024, 41.16541877 ], [ 140.884021190000027, 41.16540711 ] ] ], [ [ [ 140.8837737, 41.16548044 ], [ 140.88382759000001, 41.16546795 ], [ 140.88382759000001, 41.16543544 ], [ 140.88381759, 41.16541544 ], [ 140.883747590000013, 41.16538628 ], [ 140.883710080000014, 41.16540295 ], [ 140.8836937, 41.16543544 ], [ 140.883720080000018, 41.16547628 ], [ 140.8837737, 41.16548044 ] ] ], [ [ [ 140.768559580000016, 41.17335039 ], [ 140.76861209, 41.17335623 ], [ 140.76862209, 41.17333872 ], [ 140.768617080000013, 41.17332956 ], [ 140.768589580000025, 41.17331623 ], [ 140.768537080000016, 41.17330039 ], [ 140.768539590000017, 41.17330872 ], [ 140.768542090000011, 41.17333539 ], [ 140.768559580000016, 41.17335039 ] ] ], [ [ [ 140.954036500000029, 41.18058823 ], [ 140.954080120000015, 41.18061323 ], [ 140.954152610000023, 41.18062156 ], [ 140.954214, 41.18060489 ], [ 140.954224, 41.18057989 ], [ 140.954191510000015, 41.18054267 ], [ 140.9541365, 41.18052184 ], [ 140.954070120000011, 41.18052156 ], [ 140.954031500000013, 41.18055489 ], [ 140.954036500000029, 41.18058823 ] ] ], [ [ [ 140.95639983, 41.18245405 ], [ 140.95647122, 41.18247905 ], [ 140.95648872000001, 41.18244989 ], [ 140.956477330000013, 41.18242905 ], [ 140.95648234, 41.18238656 ], [ 140.95641122, 41.18236989 ], [ 140.956366230000015, 41.18239489 ], [ 140.956361220000019, 41.18241656 ], [ 140.95639983, 41.18245405 ] ] ], [ [ [ 140.95631122, 41.18261656 ], [ 140.95633372, 41.18259572 ], [ 140.95634983, 41.18257489 ], [ 140.956344840000014, 41.18254989 ], [ 140.95629983, 41.18252905 ], [ 140.956238720000016, 41.18252905 ], [ 140.95623372, 41.18256239 ], [ 140.95624983, 41.18260405 ], [ 140.95631122, 41.18261656 ] ] ], [ [ [ 140.769555670000017, 41.20172239 ], [ 140.76953178, 41.20171989 ], [ 140.769508170000023, 41.20171405 ], [ 140.76946817000001, 41.20170323 ], [ 140.769433170000013, 41.20168322 ], [ 140.76940066, 41.20166822 ], [ 140.769364280000019, 41.20165656 ], [ 140.769341780000019, 41.20165656 ], [ 140.76930678, 41.20166572 ], [ 140.769283160000015, 41.20168072 ], [ 140.76928817000001, 41.20170989 ], [ 140.76933428000001, 41.20175322 ], [ 140.769411780000013, 41.20181739 ], [ 140.769454280000019, 41.20182656 ], [ 140.76947428, 41.20182822 ], [ 140.76949178000001, 41.20182989 ], [ 140.769519270000018, 41.20183072 ], [ 140.76956178, 41.20183072 ], [ 140.769598170000023, 41.20182572 ], [ 140.76963178, 41.20181405 ], [ 140.76963927, 41.20180322 ], [ 140.76963927, 41.20178239 ], [ 140.76962927, 41.20176572 ], [ 140.769623170000017, 41.20175739 ], [ 140.769609269999989, 41.20175072 ], [ 140.76959678, 41.20174156 ], [ 140.76957066, 41.20172905 ], [ 140.769555670000017, 41.20172239 ] ] ], [ [ [ 140.76974927, 41.20203989 ], [ 140.769714280000017, 41.20204989 ], [ 140.769710660000015, 41.20207322 ], [ 140.76970567, 41.20211656 ], [ 140.76975178, 41.20214989 ], [ 140.76979178, 41.20216405 ], [ 140.76981428, 41.20216572 ], [ 140.76985317, 41.20215822 ], [ 140.76987927, 41.20215156 ], [ 140.769895670000011, 41.20214156 ], [ 140.76991428, 41.20212823 ], [ 140.76993066, 41.20211405 ], [ 140.76993317, 41.20208572 ], [ 140.769925670000021, 41.20205989 ], [ 140.76988927, 41.20203156 ], [ 140.769894280000017, 41.20204156 ], [ 140.769871780000017, 41.20203489 ], [ 140.769848170000017, 41.20204822 ], [ 140.76982927, 41.20204156 ], [ 140.76979178, 41.20203156 ], [ 140.76974927, 41.20203989 ] ] ], [ [ [ 140.77034817, 41.20234905 ], [ 140.77032678, 41.20233822 ], [ 140.770301780000011, 41.20232572 ], [ 140.77028428, 41.20231739 ], [ 140.770266780000014, 41.20231322 ], [ 140.770221780000014, 41.20230072 ], [ 140.770198170000015, 41.20229656 ], [ 140.77015178, 41.20229905 ], [ 140.77013678, 41.20229822 ], [ 140.77013317, 41.20227572 ], [ 140.77012678, 41.20225739 ], [ 140.77011178, 41.20222822 ], [ 140.77009066, 41.20221739 ], [ 140.770054280000011, 41.20222239 ], [ 140.76998927, 41.20225989 ], [ 140.769964280000011, 41.20229239 ], [ 140.769961780000017, 41.20234072 ], [ 140.76996817, 41.20238572 ], [ 140.76996817, 41.20242072 ], [ 140.77002066, 41.20245823 ], [ 140.77004678, 41.20245989 ], [ 140.77007817, 41.20245989 ], [ 140.77011178, 41.20247322 ], [ 140.770150660000013, 41.20248489 ], [ 140.77019678, 41.20249322 ], [ 140.77024817, 41.20248489 ], [ 140.770263160000013, 41.20247489 ], [ 140.770278170000012, 41.20248572 ], [ 140.77028178, 41.20249322 ], [ 140.77029178, 41.20250156 ], [ 140.770309270000013, 41.20250405 ], [ 140.77031678, 41.20250405 ], [ 140.77033817, 41.20249989 ], [ 140.77034927, 41.20248989 ], [ 140.77038066, 41.20246489 ], [ 140.77038428, 41.20243405 ], [ 140.77039066, 41.20240072 ], [ 140.77037316000002, 41.20237905 ], [ 140.77034817, 41.20234905 ] ] ], [ [ [ 140.77047428, 41.20265156 ], [ 140.77042567, 41.20266323 ], [ 140.770388170000018, 41.20266739 ], [ 140.77031817, 41.20267405 ], [ 140.77029066, 41.20268905 ], [ 140.77029927000001, 41.20270905 ], [ 140.770334280000014, 41.20272322 ], [ 140.770375670000021, 41.20273656 ], [ 140.77042927, 41.20275323 ], [ 140.77068567, 41.20278239 ], [ 140.770716780000015, 41.20278239 ], [ 140.77074317, 41.20278156 ], [ 140.77075567, 41.20277405 ], [ 140.770803160000014, 41.20274823 ], [ 140.770813160000017, 41.20273405 ], [ 140.770816780000018, 41.20269239 ], [ 140.770805670000016, 41.20267572 ], [ 140.77078817, 41.20265572 ], [ 140.77076678, 41.20264072 ], [ 140.77074317, 41.20262656 ], [ 140.77067428, 41.20262405 ], [ 140.770616780000012, 41.20262405 ], [ 140.77055066, 41.20263405 ], [ 140.77052316000001, 41.20263905 ], [ 140.77047428, 41.20265156 ] ] ], [ [ [ 140.770759, 41.20299156 ], [ 140.770760390000021, 41.20300156 ], [ 140.770775380000032, 41.20301405 ], [ 140.77079151, 41.20302239 ], [ 140.770809, 41.20302656 ], [ 140.770825380000019, 41.20302822 ], [ 140.770837890000024, 41.20303322 ], [ 140.770867890000034, 41.20305072 ], [ 140.770886500000017, 41.20306323 ], [ 140.77090039, 41.20307822 ], [ 140.770903990000022, 41.20309072 ], [ 140.770913990000025, 41.20311156 ], [ 140.7709365, 41.20313239 ], [ 140.770945380000029, 41.20315239 ], [ 140.770954, 41.20318239 ], [ 140.770977890000012, 41.20321322 ], [ 140.771020390000018, 41.20322989 ], [ 140.771046500000011, 41.20322989 ], [ 140.77106151000001, 41.20322739 ], [ 140.771077890000015, 41.20322156 ], [ 140.77108039, 41.20318822 ], [ 140.771073990000019, 41.20314656 ], [ 140.771031500000021, 41.20308656 ], [ 140.770999, 41.20303656 ], [ 140.770983990000019, 41.20300156 ], [ 140.7709465, 41.20297489 ], [ 140.770902890000031, 41.20295989 ], [ 140.770865380000032, 41.20294989 ], [ 140.770816500000024, 41.20294739 ], [ 140.770781500000027, 41.20296156 ], [ 140.770764, 41.20297239 ], [ 140.770759, 41.20299156 ] ] ], [ [ [ 140.772222890000023, 41.20373295 ], [ 140.772252890000033, 41.20375961 ], [ 140.772291500000023, 41.20376628 ], [ 140.772320390000033, 41.20377378 ], [ 140.77234789000002, 41.20377878 ], [ 140.77238650000001, 41.20377878 ], [ 140.77239289000002, 41.20377044 ], [ 140.77239789, 41.20375544 ], [ 140.77240538, 41.20372878 ], [ 140.77240039000003, 41.20370795 ], [ 140.77238650000001, 41.20369711 ], [ 140.772369, 41.20368544 ], [ 140.77233039, 41.20367877 ], [ 140.772320390000033, 41.20367461 ], [ 140.772264, 41.20368544 ], [ 140.772239, 41.20370211 ], [ 140.772211500000026, 41.20371377 ], [ 140.772222890000023, 41.20373295 ] ] ], [ [ [ 140.773181500000021, 41.20382128 ], [ 140.773179, 41.20379878 ], [ 140.773177890000028, 41.20377878 ], [ 140.773171500000018, 41.20376128 ], [ 140.773153990000026, 41.20374961 ], [ 140.773112890000021, 41.20374544 ], [ 140.773095380000029, 41.20375378 ], [ 140.7730965, 41.20376961 ], [ 140.773101500000024, 41.20379961 ], [ 140.773126500000018, 41.20383461 ], [ 140.773150390000012, 41.20384711 ], [ 140.773179, 41.20384295 ], [ 140.773181500000021, 41.20382128 ] ] ], [ [ [ 140.773045380000013, 41.20384628 ], [ 140.77303538000001, 41.20381795 ], [ 140.773014, 41.20380711 ], [ 140.772987890000024, 41.20379461 ], [ 140.77295039, 41.20379711 ], [ 140.77293789, 41.20381795 ], [ 140.772961510000016, 41.20385711 ], [ 140.772999, 41.20388795 ], [ 140.773023990000013, 41.20388628 ], [ 140.773049, 41.20387961 ], [ 140.773052890000031, 41.20386711 ], [ 140.773045380000013, 41.20384628 ] ] ], [ [ [ 140.77352872, 41.20442211 ], [ 140.773526230000016, 41.20445044 ], [ 140.77354761, 41.20448211 ], [ 140.77360511, 41.20452711 ], [ 140.773655110000021, 41.20454628 ], [ 140.77371012, 41.20454628 ], [ 140.773745110000021, 41.20453795 ], [ 140.77379012, 41.20452461 ], [ 140.77381872, 41.20450211 ], [ 140.77383261, 41.20448128 ], [ 140.77383261, 41.20446461 ], [ 140.773767610000021, 41.20443544 ], [ 140.773722610000021, 41.20439877 ], [ 140.77369511, 41.20439044 ], [ 140.77366261, 41.20439461 ], [ 140.773606230000013, 41.20440461 ], [ 140.773581220000011, 41.20440128 ], [ 140.773557610000012, 41.20440461 ], [ 140.77352872, 41.20442211 ] ] ], [ [ [ 140.77521511, 41.20599877 ], [ 140.77523872, 41.20595795 ], [ 140.77521511, 41.20593044 ], [ 140.77518372, 41.20592044 ], [ 140.775133720000014, 41.20592628 ], [ 140.77504122000002, 41.20595795 ], [ 140.77500372, 41.20597233 ], [ 140.775, 41.20597377 ], [ 140.774982610000023, 41.20598044 ], [ 140.77497261000002, 41.20601295 ], [ 140.774990120000012, 41.20604628 ], [ 140.775, 41.20605822 ], [ 140.77500372, 41.20606272 ], [ 140.775008720000017, 41.20606877 ], [ 140.77503372000001, 41.20607544 ], [ 140.77505012, 41.20607544 ], [ 140.77507623, 41.20606961 ], [ 140.775111220000014, 41.20604711 ], [ 140.77513761, 41.20601961 ], [ 140.77518122, 41.20601295 ], [ 140.77521511, 41.20599877 ] ] ], [ [ [ 140.77556733, 41.20642544 ], [ 140.775618440000017, 41.20642544 ], [ 140.77566484, 41.20641211 ], [ 140.775660950000031, 41.20637544 ], [ 140.775687330000011, 41.20635795 ], [ 140.775720950000022, 41.20632795 ], [ 140.775733450000018, 41.20629211 ], [ 140.77571844000002, 41.20624044 ], [ 140.775687330000011, 41.20622961 ], [ 140.775548440000023, 41.20626377 ], [ 140.775471220000014, 41.20629211 ], [ 140.775438720000011, 41.20631461 ], [ 140.775435110000018, 41.20634628 ], [ 140.775461220000011, 41.20639128 ], [ 140.77550234, 41.20642128 ], [ 140.77556733, 41.20642544 ] ] ], [ [ [ 140.77605234, 41.20648544 ], [ 140.776100950000028, 41.20646628 ], [ 140.776172340000016, 41.20642295 ], [ 140.77622234, 41.20639378 ], [ 140.77623234, 41.20637461 ], [ 140.77621484, 41.20635044 ], [ 140.776190950000029, 41.20633961 ], [ 140.77603484, 41.20638128 ], [ 140.77599594000003, 41.20640795 ], [ 140.77598484, 41.20642711 ], [ 140.775977329999989, 41.20645377 ], [ 140.77599733, 41.20647044 ], [ 140.77601733, 41.20648544 ], [ 140.77605234, 41.20648544 ] ] ], [ [ [ 140.77624484, 41.20660461 ], [ 140.77626594000003, 41.20659878 ], [ 140.776284840000017, 41.20658795 ], [ 140.77630844, 41.20655128 ], [ 140.77631095000001, 41.20653461 ], [ 140.776303450000029, 41.20651295 ], [ 140.77627733, 41.20649877 ], [ 140.776240950000016, 41.20649295 ], [ 140.77619594, 41.20650377 ], [ 140.77615733, 41.20653044 ], [ 140.776159830000012, 41.20656795 ], [ 140.776188440000027, 41.20659211 ], [ 140.776225940000018, 41.20660461 ], [ 140.77624484, 41.20660461 ] ] ], [ [ [ 140.776522340000014, 41.20678433 ], [ 140.77656484, 41.20677267 ], [ 140.77662594, 41.20674795 ], [ 140.776655940000012, 41.20672544 ], [ 140.77666095, 41.20669128 ], [ 140.776653450000026, 41.20666128 ], [ 140.776640950000029, 41.20665044 ], [ 140.776609830000012, 41.20664461 ], [ 140.776575940000015, 41.20664461 ], [ 140.776544840000014, 41.20665044 ], [ 140.776518440000018, 41.20666877 ], [ 140.77650234, 41.20669128 ], [ 140.77647844, 41.20670878 ], [ 140.776470950000032, 41.20673377 ], [ 140.776473450000026, 41.20676184 ], [ 140.776522340000014, 41.20678433 ] ] ], [ [ [ 140.77674095, 41.20677851 ], [ 140.776733450000023, 41.20679933 ], [ 140.77673844, 41.20682267 ], [ 140.776777330000016, 41.20683517 ], [ 140.776800950000023, 41.20684351 ], [ 140.776810950000026, 41.20684351 ], [ 140.77683844, 41.20683684 ], [ 140.776845940000015, 41.20683433 ], [ 140.776885940000028, 41.20681851 ], [ 140.77691594, 41.206806 ], [ 140.77693484, 41.20679295 ], [ 140.77693484, 41.20678044 ], [ 140.77692733, 41.20676295 ], [ 140.77690594, 41.20675378 ], [ 140.776893450000017, 41.20674377 ], [ 140.77684983, 41.20673961 ], [ 140.776810950000026, 41.20674128 ], [ 140.776792340000014, 41.20674544 ], [ 140.77674095, 41.20677851 ] ] ], [ [ [ 140.77718983, 41.20687684 ], [ 140.777162340000018, 41.20690767 ], [ 140.77716733, 41.20693767 ], [ 140.77721983, 41.20694184 ], [ 140.777254840000012, 41.206931 ], [ 140.777262330000013, 41.20692267 ], [ 140.777262330000013, 41.20690351 ], [ 140.77724484, 41.2068735 ], [ 140.77721983, 41.20685851 ], [ 140.77718983, 41.20687684 ] ] ], [ [ [ 140.777340950000024, 41.207006 ], [ 140.77734233000001, 41.20703684 ], [ 140.777325940000026, 41.2070785 ], [ 140.777332340000015, 41.20712184 ], [ 140.77736484, 41.207136 ], [ 140.77738095, 41.20713684 ], [ 140.777407329999988, 41.20713433 ], [ 140.777422340000015, 41.20713184 ], [ 140.77745733, 41.2071235 ], [ 140.777488440000013, 41.20710933 ], [ 140.777495940000023, 41.20707767 ], [ 140.777499830000011, 41.20702267 ], [ 140.77747234, 41.20699684 ], [ 140.777433450000018, 41.20698267 ], [ 140.77739484, 41.20697684 ], [ 140.77736844, 41.20697851 ], [ 140.777340950000024, 41.207006 ] ] ], [ [ [ 140.778952050000015, 41.20861436 ], [ 140.778952050000015, 41.20864353 ], [ 140.77898066, 41.20869436 ], [ 140.77901205, 41.20872187 ], [ 140.779043160000015, 41.2087202 ], [ 140.779062050000022, 41.20870769 ], [ 140.77905066, 41.2086802 ], [ 140.77900317000001, 41.20860353 ], [ 140.778968170000013, 41.2085952 ], [ 140.778952050000015, 41.20861436 ] ] ], [ [ [ 141.05235486, 41.18221147 ], [ 141.05233597, 41.1822448 ], [ 141.05234847, 41.18226397 ], [ 141.052387370000019, 41.18227397 ], [ 141.052430969999989, 41.18226897 ], [ 141.052462360000021, 41.18223564 ], [ 141.05246847, 41.18220731 ], [ 141.052455970000011, 41.18218813 ], [ 141.05239986, 41.18219313 ], [ 141.05235486, 41.18221147 ] ] ], [ [ [ 141.052323480000013, 41.18241647 ], [ 141.05235486, 41.18240731 ], [ 141.05238097, 41.18237397 ], [ 141.052374860000015, 41.18233564 ], [ 141.05231737, 41.18233064 ], [ 141.05227986, 41.1823498 ], [ 141.05227986, 41.18237897 ], [ 141.052323480000013, 41.18241647 ] ] ], [ [ [ 141.0582607, 41.18298841 ], [ 141.05823458, 41.18296925 ], [ 141.058178200000015, 41.18294508 ], [ 141.058134580000029, 41.18295008 ], [ 141.058114580000023, 41.18297841 ], [ 141.058159580000023, 41.18302175 ], [ 141.05820958000001, 41.18304092 ], [ 141.05825458000001, 41.18304508 ], [ 141.058273190000023, 41.18301675 ], [ 141.0582607, 41.18298841 ] ] ], [ [ [ 141.048275140000015, 41.18300064 ], [ 141.04822375, 41.18298147 ], [ 141.048161240000013, 41.18298147 ], [ 141.048161240000013, 41.18300564 ], [ 141.04822375, 41.18304397 ], [ 141.04825625, 41.18305314 ], [ 141.04829375, 41.18303397 ], [ 141.048275140000015, 41.18300064 ] ] ], [ [ [ 141.058889580000027, 41.1836048 ], [ 141.0588582, 41.1835998 ], [ 141.058852090000016, 41.18365731 ], [ 141.058870700000028, 41.1836998 ], [ 141.058914580000021, 41.18375731 ], [ 141.05893319, 41.18372814 ], [ 141.05893319, 41.18368064 ], [ 141.058920700000016, 41.18363314 ], [ 141.058889580000027, 41.1836048 ] ] ], [ [ [ 141.045061280000027, 41.18374369 ], [ 141.045055160000032, 41.18378703 ], [ 141.045061280000027, 41.18383453 ], [ 141.045118780000024, 41.18383453 ], [ 141.045137660000023, 41.18379203 ], [ 141.04514377000001, 41.18374869 ], [ 141.045125160000026, 41.18371536 ], [ 141.045092670000031, 41.18371536 ], [ 141.045061280000027, 41.18374369 ] ] ], [ [ [ 141.046267640000025, 41.18386369 ], [ 141.04628625, 41.18383453 ], [ 141.046261250000015, 41.1837962 ], [ 141.046191240000013, 41.18377787 ], [ 141.04615375, 41.1838012 ], [ 141.04615375, 41.18382953 ], [ 141.046210140000028, 41.18387286 ], [ 141.046267640000025, 41.18386369 ] ] ], [ [ [ 141.042485450000015, 41.18408203 ], [ 141.04253545, 41.18407286 ], [ 141.042560440000017, 41.18404453 ], [ 141.04249156, 41.18402036 ], [ 141.04244044, 41.18404869 ], [ 141.04244044, 41.18408203 ], [ 141.042485450000015, 41.18408203 ] ] ], [ [ [ 141.035899340000014, 41.18448092 ], [ 141.035930730000018, 41.18451925 ], [ 141.035999340000018, 41.18455259 ], [ 141.036056840000015, 41.18455259 ], [ 141.036131830000016, 41.18454759 ], [ 141.03616433000002, 41.18451925 ], [ 141.036226840000012, 41.18452841 ], [ 141.036290730000019, 41.18451425 ], [ 141.03630934, 41.18447175 ], [ 141.03630322, 41.18442841 ], [ 141.036233220000014, 41.18440008 ], [ 141.036119340000027, 41.18439008 ], [ 141.036056840000015, 41.18437592 ], [ 141.035974330000016, 41.18439008 ], [ 141.03592433, 41.18442841 ], [ 141.035899340000014, 41.18448092 ] ] ], [ [ [ 141.034566830000017, 41.18455759 ], [ 141.034484330000026, 41.18458092 ], [ 141.034440730000028, 41.18462925 ], [ 141.034434330000011, 41.18465759 ], [ 141.034490730000016, 41.18468092 ], [ 141.034541830000023, 41.18468592 ], [ 141.034598220000021, 41.18468592 ], [ 141.03466183, 41.18467175 ], [ 141.03470572, 41.18463341 ], [ 141.034668220000015, 41.18461425 ], [ 141.034616840000012, 41.18456675 ], [ 141.034566830000017, 41.18455759 ] ] ], [ [ [ 141.035096830000015, 41.18476259 ], [ 141.03509073, 41.18472425 ], [ 141.03505322, 41.18469592 ], [ 141.035001830000027, 41.18469092 ], [ 141.034933220000028, 41.18471008 ], [ 141.034875720000031, 41.18473341 ], [ 141.034835620000024, 41.18475633 ], [ 141.034853220000031, 41.18480531 ], [ 141.03490822, 41.18481508 ], [ 141.034958220000021, 41.18482425 ], [ 141.03497511, 41.18482536 ], [ 141.035028220000015, 41.18479592 ], [ 141.035078220000031, 41.18478592 ], [ 141.035096830000015, 41.18476259 ] ] ], [ [ [ 141.06168514, 41.18563564 ], [ 141.061641530000031, 41.18563564 ], [ 141.061584030000034, 41.18566397 ], [ 141.06157153, 41.18567814 ], [ 141.061622630000016, 41.18569231 ], [ 141.061666520000017, 41.18570647 ], [ 141.061704030000016, 41.18568313 ], [ 141.061717640000012, 41.1856548 ], [ 141.06168514, 41.18563564 ] ] ], [ [ [ 141.061439030000031, 41.18567314 ], [ 141.061407640000027, 41.1856548 ], [ 141.061401530000012, 41.18571147 ], [ 141.061432630000013, 41.18575897 ], [ 141.061484030000031, 41.18577397 ], [ 141.061509030000025, 41.18574064 ], [ 141.061484030000031, 41.18570231 ], [ 141.061439030000031, 41.18567314 ] ] ], [ [ [ 141.03096211, 41.18597317 ], [ 141.0309685, 41.185944 ], [ 141.030931, 41.18592984 ], [ 141.03088711, 41.18593484 ], [ 141.03084211, 41.18596317 ], [ 141.03084211, 41.18598733 ], [ 141.030918500000013, 41.1860065 ], [ 141.03096211, 41.18597317 ] ] ], [ [ [ 140.95874747000002, 41.18564439 ], [ 140.95868864000002, 41.18571289 ], [ 140.959543990000014, 41.18643314 ], [ 140.95961508, 41.18636833 ], [ 140.95874747000002, 41.18564439 ] ] ], [ [ [ 141.0297635, 41.18675539 ], [ 141.02982211, 41.18675539 ], [ 141.02986601, 41.18672956 ], [ 141.02986601, 41.18670705 ], [ 141.02980711, 41.18668539 ], [ 141.029748500000011, 41.18668539 ], [ 141.02971961, 41.18670372 ], [ 141.02971961, 41.18673289 ], [ 141.0297635, 41.18675539 ] ] ], [ [ [ 141.02588377, 41.18927011 ], [ 141.025913770000017, 41.18924428 ], [ 141.02591759, 41.18923747 ], [ 141.02593239, 41.18921095 ], [ 141.025972390000021, 41.18916595 ], [ 141.02595739, 41.18912595 ], [ 141.025903770000014, 41.18907344 ], [ 141.025824890000024, 41.18905511 ], [ 141.025756280000024, 41.18906261 ], [ 141.025712390000024, 41.18909595 ], [ 141.025663770000023, 41.18912595 ], [ 141.02563878, 41.18915928 ], [ 141.025653770000019, 41.18919595 ], [ 141.025673770000026, 41.18922511 ], [ 141.02574239, 41.18922511 ], [ 141.02583489, 41.18926595 ], [ 141.025872920000012, 41.1892692 ], [ 141.02588377, 41.18927011 ] ] ], [ [ [ 141.02440128, 41.18997177 ], [ 141.024361280000022, 41.18993511 ], [ 141.02430239, 41.18992011 ], [ 141.024243770000027, 41.18993511 ], [ 141.02420988, 41.18997595 ], [ 141.024171280000019, 41.19001651 ], [ 141.024151280000012, 41.19004567 ], [ 141.024184890000015, 41.19008317 ], [ 141.024233770000023, 41.19007567 ], [ 141.02427377, 41.19008317 ], [ 141.02434739, 41.190079 ], [ 141.024381280000028, 41.19005011 ], [ 141.02442489, 41.19001677 ], [ 141.024439880000017, 41.18997595 ], [ 141.02440128, 41.18997177 ] ] ], [ [ [ 141.02234406, 41.19070317 ], [ 141.02238406, 41.19066233 ], [ 141.02238406, 41.19064817 ], [ 141.02236905, 41.19061484 ], [ 141.022330170000032, 41.19059984 ], [ 141.022295160000027, 41.19061484 ], [ 141.02223156, 41.19064817 ], [ 141.022202670000013, 41.19066233 ], [ 141.022172670000032, 41.19069233 ], [ 141.022182670000035, 41.1907215 ], [ 141.02223156, 41.19076233 ], [ 141.022266550000012, 41.19076984 ], [ 141.022290170000019, 41.19075484 ], [ 141.022320170000029, 41.190744 ], [ 141.02234406, 41.19070317 ] ] ], [ [ [ 141.006789030000022, 41.19749428 ], [ 141.006949100000014, 41.19768387 ], [ 141.007032780000031, 41.19762341 ], [ 141.006883610000017, 41.1974448 ], [ 141.006789030000022, 41.19749428 ] ] ], [ [ [ 140.876471830000014, 41.16575189 ], [ 140.876491390000012, 41.16567211 ], [ 140.875564670000017, 41.1656012 ], [ 140.87500372, 41.16581951 ], [ 140.875, 41.16582095 ], [ 140.87465358, 41.16595578 ], [ 140.873735550000021, 41.1657332 ], [ 140.87325623000001, 41.16562544 ], [ 140.87289372, 41.16596128 ], [ 140.87272983, 41.16591544 ], [ 140.872542330000016, 41.16587377 ], [ 140.872342340000017, 41.16584711 ], [ 140.872106230000014, 41.16582628 ], [ 140.87190372, 41.16582433 ], [ 140.871675940000017, 41.16582572 ], [ 140.871452330000011, 41.16584239 ], [ 140.87128733, 41.16585433 ], [ 140.871113720000011, 41.16584851 ], [ 140.870874, 41.16585433 ], [ 140.870779, 41.16585433 ], [ 140.870605110000014, 41.16584267 ], [ 140.870582610000014, 41.16584851 ], [ 140.870546500000017, 41.16583184 ], [ 140.870522610000023, 41.16583767 ], [ 140.87022012, 41.165821 ], [ 140.870180120000015, 41.16582017 ], [ 140.870023990000021, 41.16577184 ], [ 140.869888520000018, 41.16574008 ], [ 140.86980650000001, 41.16571684 ], [ 140.86980484, 41.165716 ], [ 140.869383990000017, 41.16549684 ], [ 140.869290120000016, 41.16544767 ], [ 140.86906511, 41.165321 ], [ 140.86902151000001, 41.16529933 ], [ 140.868847250000016, 41.16520372 ], [ 140.86851261000001, 41.16500877 ], [ 140.86825178, 41.16486544 ], [ 140.868011780000018, 41.16476128 ], [ 140.86779428, 41.16468961 ], [ 140.86762678, 41.16464544 ], [ 140.86744167, 41.16464959 ], [ 140.867300390000025, 41.16466211 ], [ 140.867140390000031, 41.16466211 ], [ 140.86700289, 41.16467211 ], [ 140.866851700000012, 41.16464603 ], [ 140.86679428, 41.16464933 ], [ 140.86674122, 41.16463175 ], [ 140.86668248, 41.16462105 ], [ 140.866670390000024, 41.16461986 ], [ 140.86666667, 41.1646195 ], [ 140.866622890000031, 41.16461517 ], [ 140.86642039000003, 41.16458517 ], [ 140.866297890000027, 41.164541 ], [ 140.86605789, 41.16447017 ], [ 140.86599927, 41.1644585 ], [ 140.865825380000018, 41.16436044 ], [ 140.86570927, 41.16428878 ], [ 140.865374550000013, 41.16406877 ], [ 140.86509817000001, 41.16385295 ], [ 140.86501066, 41.16379295 ], [ 140.86485066, 41.16369961 ], [ 140.864799560000023, 41.16359461 ], [ 140.864755670000022, 41.16343544 ], [ 140.86448066, 41.16332044 ], [ 140.864238170000021, 41.16322711 ], [ 140.86407817, 41.16316295 ], [ 140.86399455, 41.16329795 ], [ 140.863848170000011, 41.16322128 ], [ 140.863667060000012, 41.16316628 ], [ 140.86355817, 41.16311711 ], [ 140.863427060000021, 41.16305128 ], [ 140.863289560000027, 41.16299377 ], [ 140.863259560000017, 41.16298295 ], [ 140.86307345000003, 41.16283628 ], [ 140.86286594, 41.16267878 ], [ 140.86278733, 41.16259544 ], [ 140.862678440000025, 41.16252877 ], [ 140.862453450000032, 41.16240295 ], [ 140.862017330000015, 41.16220544 ], [ 140.861972330000015, 41.16220044 ], [ 140.86174234, 41.16211044 ], [ 140.86172733, 41.16209877 ], [ 140.861682340000016, 41.16208795 ], [ 140.861585940000026, 41.16204795 ], [ 140.861510950000024, 41.16202044 ], [ 140.86144484, 41.16200295 ], [ 140.86129484, 41.16195795 ], [ 140.86126594000001, 41.16195795 ], [ 140.861250950000027, 41.16194711 ], [ 140.86117594000001, 41.16193544 ], [ 140.86092345000003, 41.16187377 ], [ 140.860722330000016, 41.16181211 ], [ 140.86049122, 41.16177795 ], [ 140.86045761, 41.16175711 ], [ 140.860425110000023, 41.16174377 ], [ 140.860123720000018, 41.16162128 ], [ 140.85990623, 41.16151877 ], [ 140.85987122, 41.16149795 ], [ 140.85975012, 41.16145461 ], [ 140.859663720000015, 41.16142877 ], [ 140.85961122, 41.16141377 ], [ 140.85955872, 41.16139961 ], [ 140.85941122, 41.16140128 ], [ 140.85934623, 41.16140877 ], [ 140.859201220000017, 41.16141961 ], [ 140.859026230000012, 41.16139795 ], [ 140.85883623, 41.16138128 ], [ 140.858741220000013, 41.16137377 ], [ 140.858657610000023, 41.16138295 ], [ 140.85857261000001, 41.16141795 ], [ 140.858467610000019, 41.16145128 ], [ 140.85836122, 41.16152044 ], [ 140.858337060000025, 41.1615418 ], [ 140.858333330000022, 41.16154508 ], [ 140.85830372, 41.16157128 ], [ 140.85820872, 41.16160961 ], [ 140.85810261, 41.16164295 ], [ 140.858072610000022, 41.16165211 ], [ 140.858041220000018, 41.16165711 ], [ 140.85798927, 41.16167933 ], [ 140.85779012, 41.16168211 ], [ 140.856897890000027, 41.16168211 ], [ 140.856749, 41.16168295 ], [ 140.856704, 41.16166711 ], [ 140.856596500000023, 41.16157044 ], [ 140.85647289000002, 41.16153211 ], [ 140.856240390000011, 41.16148044 ], [ 140.8560065, 41.16144211 ], [ 140.855737890000029, 41.16144044 ], [ 140.855545380000024, 41.16144544 ], [ 140.855387890000031, 41.16146044 ], [ 140.855260390000012, 41.16154711 ], [ 140.85505538000001, 41.16152295 ], [ 140.854765380000032, 41.16147295 ], [ 140.85455066, 41.16142795 ], [ 140.85442927, 41.16136711 ], [ 140.85402567, 41.16116461 ], [ 140.85393678, 41.16111377 ], [ 140.85386927, 41.16108544 ], [ 140.85373567000002, 41.16102377 ], [ 140.853690660000012, 41.16099544 ], [ 140.85345927, 41.16089461 ], [ 140.85339317, 41.16086544 ], [ 140.85332567, 41.16079795 ], [ 140.85316178, 41.16057292 ], [ 140.852969920000021, 41.16032139 ], [ 140.852833160000017, 41.16017708 ], [ 140.85273817, 41.16008875 ], [ 140.85252817, 41.15996792 ], [ 140.852444280000014, 41.15992708 ], [ 140.852305670000021, 41.15987208 ], [ 140.852159030000024, 41.15983317 ], [ 140.85196428, 41.15981292 ], [ 140.85188205, 41.15980125 ], [ 140.851630950000015, 41.15978375 ], [ 140.85151844, 41.15977875 ], [ 140.851442140000017, 41.15975833 ], [ 140.851085940000019, 41.15960792 ], [ 140.85093914, 41.1595552 ], [ 140.850848440000021, 41.15952541 ], [ 140.85077345000002, 41.15948041 ], [ 140.850594550000011, 41.15938459 ], [ 140.85052547, 41.15934139 ], [ 140.850436160000015, 41.1592915 ], [ 140.850075940000011, 41.15911375 ], [ 140.850003720000018, 41.15908611 ], [ 140.85, 41.15908469 ], [ 140.84965114000002, 41.15895117 ], [ 140.84918095, 41.15882375 ], [ 140.84904205, 41.15878541 ], [ 140.848722050000021, 41.15866959 ], [ 140.84860752, 41.15862508 ], [ 140.84839231, 41.15845541 ], [ 140.848339800000019, 41.15841625 ], [ 140.848209810000014, 41.15833333 ], [ 140.848204360000011, 41.15832987 ], [ 140.848198690000032, 41.15832625 ], [ 140.847458690000025, 41.15773625 ], [ 140.8473873, 41.15769541 ], [ 140.847239800000011, 41.15758292 ], [ 140.84720981000001, 41.15755459 ], [ 140.847202310000029, 41.15754375 ], [ 140.847149800000011, 41.15750959 ], [ 140.847068690000015, 41.15743875 ], [ 140.846914810000015, 41.1573232 ], [ 140.846769810000012, 41.1572232 ], [ 140.846643700000016, 41.15712153 ], [ 140.846442310000015, 41.15693569 ], [ 140.846319810000011, 41.15683987 ], [ 140.846224810000024, 41.1567682 ], [ 140.8461962, 41.15668069 ], [ 140.846159810000017, 41.15660903 ], [ 140.846138690000032, 41.15654903 ], [ 140.846127860000024, 41.15648292 ], [ 140.8461762, 41.15633987 ], [ 140.846197300000028, 41.15629987 ], [ 140.846204810000017, 41.15627069 ], [ 140.846214810000021, 41.15624987 ], [ 140.8462237, 41.15622153 ], [ 140.846251190000032, 41.15616153 ], [ 140.846279800000019, 41.15612403 ], [ 140.8463562, 41.15604403 ], [ 140.8464262, 41.15598903 ], [ 140.846568690000026, 41.1559982 ], [ 140.8467137, 41.15595987 ], [ 140.846762310000031, 41.15592236 ], [ 140.846829800000023, 41.15594903 ], [ 140.846904810000012, 41.15592236 ], [ 140.846926200000013, 41.15589987 ], [ 140.84693980000003, 41.15586069 ], [ 140.8469562, 41.15583236 ], [ 140.847084810000013, 41.1558282 ], [ 140.84714231000001, 41.1557532 ], [ 140.847194810000019, 41.1557482 ], [ 140.84720981000001, 41.15572569 ], [ 140.847237300000018, 41.15569069 ], [ 140.847229810000016, 41.15564153 ], [ 140.84722231, 41.15558653 ], [ 140.847157300000021, 41.1555482 ], [ 140.847128690000034, 41.15550403 ], [ 140.847069800000014, 41.15548736 ], [ 140.846997300000027, 41.15546569 ], [ 140.8469537, 41.15548236 ], [ 140.84691730000003, 41.1554932 ], [ 140.846889800000014, 41.15550569 ], [ 140.846829800000023, 41.15550987 ], [ 140.8467937, 41.15545986 ], [ 140.846666200000016, 41.15552236 ], [ 140.846634810000012, 41.15547653 ], [ 140.846568690000026, 41.15546569 ], [ 140.846474810000018, 41.1554932 ], [ 140.8464137, 41.15553403 ], [ 140.8463662, 41.15552069 ], [ 140.8463362, 41.15548736 ], [ 140.8462862, 41.15550987 ], [ 140.846212310000027, 41.15556403 ], [ 140.846118690000026, 41.15550987 ], [ 140.84603034, 41.1554515 ], [ 140.845967300000012, 41.1553932 ], [ 140.845868420000016, 41.15524569 ], [ 140.845877300000012, 41.1551282 ], [ 140.845817300000022, 41.1550832 ], [ 140.8458862, 41.15501736 ], [ 140.845864810000023, 41.15494569 ], [ 140.845791190000028, 41.1549132 ], [ 140.845704810000029, 41.15490736 ], [ 140.845682310000029, 41.1548582 ], [ 140.845558690000018, 41.15484736 ], [ 140.8455162, 41.1548032 ], [ 140.845472310000019, 41.1548082 ], [ 140.845399800000024, 41.15475403 ], [ 140.845399800000024, 41.15471487 ], [ 140.845377300000024, 41.15465987 ], [ 140.845326200000017, 41.15461569 ], [ 140.845326200000017, 41.15454486 ], [ 140.84521730000003, 41.15451736 ], [ 140.845167300000014, 41.15454486 ], [ 140.84507231, 41.15456653 ], [ 140.84501481, 41.1545232 ], [ 140.844956200000013, 41.1545232 ], [ 140.844918690000014, 41.15453069 ], [ 140.844854810000015, 41.15448487 ], [ 140.844708690000033, 41.15448069 ], [ 140.8446937, 41.15448069 ], [ 140.844658690000017, 41.15442403 ], [ 140.84458258, 41.1544082 ], [ 140.84453008, 41.15440236 ], [ 140.84454258, 41.15434153 ], [ 140.84451453, 41.15432208 ], [ 140.844447590000016, 41.15427597 ], [ 140.84435258, 41.15428903 ], [ 140.844308970000014, 41.15422847 ], [ 140.844151480000022, 41.1542332 ], [ 140.84412008000001, 41.15417347 ], [ 140.843982580000016, 41.15415764 ], [ 140.84394647000002, 41.1541732 ], [ 140.84389508000001, 41.15414597 ], [ 140.84376647000002, 41.15415153 ], [ 140.843802580000016, 41.1540968 ], [ 140.843635080000013, 41.15405847 ], [ 140.84359258, 41.15397597 ], [ 140.843520080000019, 41.15395931 ], [ 140.84346148, 41.15395931 ], [ 140.843396470000016, 41.15390431 ], [ 140.843250080000018, 41.15392347 ], [ 140.843168970000022, 41.1538618 ], [ 140.84310148, 41.15387347 ], [ 140.843050080000012, 41.15391264 ], [ 140.842970080000015, 41.15385513 ], [ 140.84289397, 41.15387847 ], [ 140.842846470000012, 41.1538168 ], [ 140.842788970000015, 41.15380513 ], [ 140.842743970000015, 41.15376597 ], [ 140.84273008, 41.15374347 ], [ 140.84271508, 41.15369597 ], [ 140.842663970000018, 41.15368514 ], [ 140.84258008, 41.15364764 ], [ 140.84256647, 41.15362513 ], [ 140.84256647, 41.15361931 ], [ 140.84254397, 41.15358597 ], [ 140.84254397, 41.15355764 ], [ 140.84253647, 41.15353513 ], [ 140.84251397, 41.1535018 ], [ 140.842448970000021, 41.15345931 ], [ 140.842340080000014, 41.15344347 ], [ 140.842387590000016, 41.15340597 ], [ 140.84237647, 41.15336097 ], [ 140.84229647, 41.15335013 ], [ 140.84232759, 41.15330431 ], [ 140.842283970000011, 41.15325847 ], [ 140.84223258, 41.15322597 ], [ 140.842218980000013, 41.15319847 ], [ 140.842138980000016, 41.1531818 ], [ 140.842102580000017, 41.1531818 ], [ 140.842102580000017, 41.15314347 ], [ 140.84200008000002, 41.15313264 ], [ 140.84203008, 41.1531268 ], [ 140.84200008000002, 41.15308264 ], [ 140.84176258, 41.15297677 ], [ 140.841670360000023, 41.15298597 ], [ 140.84166667, 41.15298636 ], [ 140.84165397000001, 41.15298761 ], [ 140.841628970000016, 41.15294928 ], [ 140.841598980000015, 41.15291595 ], [ 140.841561480000024, 41.15291011 ], [ 140.841462580000012, 41.15281011 ], [ 140.841395080000012, 41.15280511 ], [ 140.841408980000011, 41.15275511 ], [ 140.841234250000014, 41.15272428 ], [ 140.841184250000026, 41.15267844 ], [ 140.841075360000019, 41.15269511 ], [ 140.840966740000027, 41.15264595 ], [ 140.84083175, 41.15265677 ], [ 140.84069786, 41.15260095 ], [ 140.840609250000028, 41.15258928 ], [ 140.84057175, 41.15252177 ], [ 140.840556740000011, 41.15249928 ], [ 140.840512870000026, 41.15247677 ], [ 140.840512870000026, 41.15236928 ], [ 140.84049425, 41.15229928 ], [ 140.840377860000018, 41.15226095 ], [ 140.84036287, 41.15217344 ], [ 140.840236740000023, 41.15212177 ], [ 140.840221750000012, 41.15209344 ], [ 140.840207860000021, 41.15209344 ], [ 140.840221750000012, 41.15207677 ], [ 140.840240360000024, 41.15203011 ], [ 140.840116740000013, 41.15196428 ], [ 140.84002175, 41.15197011 ], [ 140.83991287, 41.15190928 ], [ 140.839789250000024, 41.15193678 ], [ 140.839716740000028, 41.15184344 ], [ 140.83961536000001, 41.15184928 ], [ 140.839455360000017, 41.15180511 ], [ 140.83936036, 41.15180928 ], [ 140.83932925000002, 41.15182928 ], [ 140.83924425, 41.15176511 ], [ 140.83914175000001, 41.15178677 ], [ 140.839105360000019, 41.15175595 ], [ 140.83905536, 41.15165511 ], [ 140.838982870000024, 41.15163344 ], [ 140.838994250000013, 41.15161511 ], [ 140.839004250000016, 41.15154011 ], [ 140.83893925000001, 41.15154011 ], [ 140.838909250000029, 41.15147428 ], [ 140.838844250000022, 41.15143511 ], [ 140.838735360000015, 41.15145177 ], [ 140.83872786, 41.15138595 ], [ 140.838677030000014, 41.15134177 ], [ 140.83861202, 41.15134761 ], [ 140.83851064000001, 41.15127095 ], [ 140.83839953, 41.15127177 ], [ 140.838324530000023, 41.15123261 ], [ 140.83821314, 41.15122095 ], [ 140.838089530000019, 41.15117178 ], [ 140.83797453, 41.15118761 ], [ 140.83788564, 41.15112761 ], [ 140.83780564, 41.15114428 ], [ 140.837729530000018, 41.15109761 ], [ 140.83760953, 41.15106178 ], [ 140.837498150000016, 41.15108595 ], [ 140.83743202, 41.15104677 ], [ 140.837379530000021, 41.15105177 ], [ 140.83731953, 41.15104677 ], [ 140.837203140000014, 41.15099595 ], [ 140.837193140000011, 41.15103511 ], [ 140.83707202, 41.15100677 ], [ 140.83698453, 41.15101261 ], [ 140.83688064, 41.15103511 ], [ 140.836792020000019, 41.15103511 ], [ 140.83675453, 41.15100677 ], [ 140.836739530000017, 41.15096177 ], [ 140.836717030000017, 41.15094511 ], [ 140.83663564, 41.15093428 ], [ 140.836628140000016, 41.15092261 ], [ 140.83658564000001, 41.15088595 ], [ 140.836515640000016, 41.15088344 ], [ 140.83644953000001, 41.15083261 ], [ 140.836412020000012, 41.15082095 ], [ 140.83636564, 41.15079011 ], [ 140.836318150000011, 41.15074844 ], [ 140.83625314, 41.15069678 ], [ 140.83618202, 41.15067844 ], [ 140.836078140000012, 41.15064011 ], [ 140.835828420000013, 41.15057344 ], [ 140.835717300000027, 41.15054595 ], [ 140.835642310000026, 41.15053928 ], [ 140.83543591, 41.15055761 ], [ 140.835363410000014, 41.15055677 ], [ 140.835035910000016, 41.15045511 ], [ 140.834938420000015, 41.15043844 ], [ 140.834924810000018, 41.15042677 ], [ 140.834827300000029, 41.15041011 ], [ 140.834373410000012, 41.15030928 ], [ 140.834224810000023, 41.15027511 ], [ 140.834053410000024, 41.15022428 ], [ 140.833607300000011, 41.15007761 ], [ 140.833386780000012, 41.15 ], [ 140.83337683000002, 41.1499965 ], [ 140.83333703, 41.14998247 ], [ 140.833333330000016, 41.14998117 ], [ 140.833159810000012, 41.14992011 ], [ 140.83313092, 41.14989761 ], [ 140.833071190000027, 41.14987511 ], [ 140.832885080000011, 41.14979677 ], [ 140.832750080000011, 41.14972428 ], [ 140.830846470000012, 41.14787123 ], [ 140.830770340000015, 41.14772331 ], [ 140.830702630000019, 41.14767933 ], [ 140.83058728, 41.14764923 ], [ 140.83054497, 41.14762605 ], [ 140.830481500000019, 41.1476118 ], [ 140.830420390000029, 41.14759578 ], [ 140.829992670000024, 41.14751203 ], [ 140.829768980000011, 41.14747122 ], [ 140.82958148, 41.14738122 ], [ 140.829347860000013, 41.14720205 ], [ 140.829145380000028, 41.14703808 ], [ 140.82909367000002, 41.14699175 ], [ 140.828962830000023, 41.14689956 ], [ 140.828430890000021, 41.14644833 ], [ 140.82836978, 41.1463325 ], [ 140.82829927, 41.14620959 ], [ 140.8281183, 41.1459922 ], [ 140.827558110000012, 41.14529314 ], [ 140.82717, 41.14482056 ], [ 140.82707815, 41.14468805 ], [ 140.826244840000015, 41.143713 ], [ 140.826260470000022, 41.14194003 ], [ 140.82616275, 41.14193708 ], [ 140.82615511, 41.14216733 ], [ 140.825875380000014, 41.14215947 ], [ 140.825871050000018, 41.14224286 ], [ 140.826154230000014, 41.14226059 ], [ 140.82614319000001, 41.14373959 ], [ 140.82698258, 41.14473141 ], [ 140.825474500000013, 41.14538397 ], [ 140.825003670000029, 41.14479536 ], [ 140.825, 41.14479077 ], [ 140.82462394, 41.14432067 ], [ 140.825, 41.14415739 ], [ 140.825003670000029, 41.14415578 ], [ 140.82507564, 41.14412453 ], [ 140.825104620000019, 41.14392667 ], [ 140.82501542, 41.14391089 ], [ 140.825003670000029, 41.14395925 ], [ 140.825, 41.14397436 ], [ 140.824976060000012, 41.14407289 ], [ 140.824568340000013, 41.14425061 ], [ 140.823978300000022, 41.14351131 ], [ 140.824434380000014, 41.14329025 ], [ 140.824187670000015, 41.14292177 ], [ 140.82350725, 41.14316553 ], [ 140.823056160000021, 41.14256175 ], [ 140.82287367, 41.14169092 ], [ 140.82314, 41.14166667 ], [ 140.823178750000011, 41.14166314 ], [ 140.8241117, 41.1415782 ], [ 140.824131610000023, 41.14166314 ], [ 140.824132440000028, 41.14166667 ], [ 140.824215550000019, 41.14202136 ], [ 140.82428852000001, 41.14215336 ], [ 140.824705530000017, 41.14269711 ], [ 140.825, 41.14290287 ], [ 140.825003670000029, 41.14290541 ], [ 140.82509747, 41.14297095 ], [ 140.82513917, 41.14290003 ], [ 140.825003670000029, 41.142803 ], [ 140.825, 41.14280039 ], [ 140.824773280000016, 41.142638 ], [ 140.824377130000016, 41.14212775 ], [ 140.824319800000012, 41.14200167 ], [ 140.824246280000011, 41.14166667 ], [ 140.824245500000018, 41.14166314 ], [ 140.824223390000014, 41.14156233 ], [ 140.824193670000028, 41.14157008 ], [ 140.824029170000017, 41.14103031 ], [ 140.82387477, 41.14094369 ], [ 140.82370377, 41.14088492 ], [ 140.823682240000011, 41.14081547 ], [ 140.823557170000015, 41.14084175 ], [ 140.82326878, 41.14074586 ], [ 140.823271170000027, 41.14070369 ], [ 140.823227280000026, 41.14065369 ], [ 140.82318978, 41.14060869 ], [ 140.823219780000016, 41.14058036 ], [ 140.82321228, 41.14049036 ], [ 140.823156160000025, 41.14046287 ], [ 140.82316978, 41.14041869 ], [ 140.823138660000012, 41.14037287 ], [ 140.82306367000001, 41.14036036 ], [ 140.823011170000029, 41.14033786 ], [ 140.823036160000015, 41.14029703 ], [ 140.823011440000016, 41.14025869 ], [ 140.82289394, 41.14024203 ], [ 140.822900050000015, 41.14020286 ], [ 140.822866450000021, 41.14014036 ], [ 140.82278756, 41.14010287 ], [ 140.82275506, 41.14007369 ], [ 140.822698950000017, 41.14003369 ], [ 140.822710050000012, 41.13994869 ], [ 140.822732550000012, 41.13988786 ], [ 140.822732550000012, 41.13984953 ], [ 140.82267144, 41.1398162 ], [ 140.82267144, 41.13977203 ], [ 140.822661440000019, 41.1397412 ], [ 140.822640050000018, 41.13969787 ], [ 140.822580050000028, 41.13970703 ], [ 140.82250506, 41.13970703 ], [ 140.822461440000012, 41.13967369 ], [ 140.82243394, 41.13965786 ], [ 140.82235895, 41.13968369 ], [ 140.822302550000018, 41.13970203 ], [ 140.822300050000024, 41.1396562 ], [ 140.82224506, 41.13961203 ], [ 140.82216394, 41.13960787 ], [ 140.82214144, 41.13959286 ], [ 140.82213895000001, 41.1395762 ], [ 140.822127560000013, 41.13954036 ], [ 140.82208895, 41.13952786 ], [ 140.822046450000016, 41.13953203 ], [ 140.82207144, 41.1394662 ], [ 140.82206506, 41.13942953 ], [ 140.82199895, 41.13939203 ], [ 140.821925060000012, 41.13936953 ], [ 140.821920050000017, 41.13932036 ], [ 140.82190895, 41.13927953 ], [ 140.821872550000023, 41.1392612 ], [ 140.821812550000033, 41.13926786 ], [ 140.82181394, 41.13924203 ], [ 140.82174756, 41.13922536 ], [ 140.82165756, 41.13921786 ], [ 140.82170144, 41.13920036 ], [ 140.8217845, 41.13877341 ], [ 140.8218262, 41.13878131 ], [ 140.82198639, 41.13806633 ], [ 140.82199811000001, 41.13792744 ], [ 140.82188475, 41.13793039 ], [ 140.82188475, 41.13804269 ], [ 140.821734110000023, 41.13872353 ], [ 140.82116722, 41.13874405 ], [ 140.820785910000012, 41.13871572 ], [ 140.820613940000015, 41.13867039 ], [ 140.82046438, 41.13860803 ], [ 140.82036739, 41.13852259 ], [ 140.82040462, 41.13838347 ], [ 140.820540920000013, 41.13840511 ], [ 140.82056051, 41.13832364 ], [ 140.8201728, 41.13826517 ], [ 140.820160640000012, 41.13834133 ], [ 140.82030486, 41.13837023 ], [ 140.820259690000029, 41.13849633 ], [ 140.81998586, 41.13858536 ], [ 140.81967183, 41.13854 ], [ 140.81946248, 41.13844931 ], [ 140.81929051000003, 41.13832461 ], [ 140.819148440000021, 41.13818289 ], [ 140.819055840000033, 41.13809908 ], [ 140.819021530000015, 41.13807705 ], [ 140.81901278, 41.13807144 ], [ 140.819144360000024, 41.13793747 ], [ 140.819360750000016, 41.13778433 ], [ 140.819545450000021, 41.13775108 ], [ 140.819738950000016, 41.13773777 ], [ 140.819747760000013, 41.13765577 ], [ 140.819527860000022, 41.13766908 ], [ 140.819319690000015, 41.13769789 ], [ 140.81909686000003, 41.13785084 ], [ 140.8189327, 41.13801705 ], [ 140.818993920000025, 41.13804553 ], [ 140.81895742, 41.13810141 ], [ 140.81893564, 41.13810845 ], [ 140.818899070000015, 41.13811574 ], [ 140.81887214, 41.13812636 ], [ 140.81884843, 41.13813743 ], [ 140.81882818, 41.13814284 ], [ 140.818814370000013, 41.13814796 ], [ 140.81879375, 41.13816471 ], [ 140.8187934, 41.13816796 ], [ 140.81879625000002, 41.13818723 ], [ 140.818819350000012, 41.13822217 ], [ 140.81883496, 41.13823001 ], [ 140.81884686, 41.13824235 ], [ 140.81882065, 41.13826909 ], [ 140.81860914, 41.13805051 ], [ 140.81855864000002, 41.13807904 ], [ 140.818278070000019, 41.13778651 ], [ 140.81833, 41.13775797 ], [ 140.818142920000014, 41.13756181 ], [ 140.81846791000001, 41.13738562 ], [ 140.819047720000015, 41.13706907 ], [ 140.819080620000022, 41.13693444 ], [ 140.81906895, 41.13693282 ], [ 140.81901939, 41.1369284 ], [ 140.818986960000018, 41.13705582 ], [ 140.81843921, 41.13735671 ], [ 140.81826213, 41.13717082 ], [ 140.81814026, 41.1372369 ], [ 140.818007070000021, 41.13731154 ], [ 140.817475230000014, 41.13677006 ], [ 140.817453310000019, 41.13674512 ], [ 140.817621280000026, 41.13665527 ], [ 140.81784406, 41.13653742 ], [ 140.817498480000012, 41.13616761 ], [ 140.81752409, 41.13615348 ], [ 140.817313900000016, 41.13593372 ], [ 140.817893460000022, 41.13561744 ], [ 140.8181252, 41.13586169 ], [ 140.818401190000031, 41.13586416 ], [ 140.81840144, 41.13581851 ], [ 140.818401560000012, 41.1358095 ], [ 140.81816226, 41.13580632 ], [ 140.817949820000024, 41.13558575 ], [ 140.81762484, 41.13524981 ], [ 140.817640440000019, 41.13523252 ], [ 140.817647600000015, 41.13521946 ], [ 140.81764995, 41.1351957 ], [ 140.81768815, 41.13520256 ], [ 140.81774564, 41.13519005 ], [ 140.817773140000014, 41.13513589 ], [ 140.81781064, 41.13511922 ], [ 140.81787953, 41.13509089 ], [ 140.81789953, 41.13505256 ], [ 140.81789953, 41.13499505 ], [ 140.817888150000016, 41.13497505 ], [ 140.81793703, 41.13495005 ], [ 140.81793703, 41.13490478 ], [ 140.81793703, 41.13489922 ], [ 140.817927030000021, 41.13486756 ], [ 140.817907030000015, 41.13485422 ], [ 140.817888150000016, 41.13483172 ], [ 140.81785202, 41.13483172 ], [ 140.817849530000018, 41.13478756 ], [ 140.817818140000014, 41.13474922 ], [ 140.81768815, 41.13473256 ], [ 140.81768202, 41.13469089 ], [ 140.81764564, 41.13465672 ], [ 140.81759564, 41.13464005 ], [ 140.81748703, 41.13465672 ], [ 140.81745314, 41.13465505 ], [ 140.817434530000014, 41.13460589 ], [ 140.817389530000014, 41.13458922 ], [ 140.81730314, 41.13458756 ], [ 140.817272020000019, 41.13457256 ], [ 140.817244530000011, 41.13452839 ], [ 140.817197030000017, 41.13451172 ], [ 140.81707341, 41.13450005 ], [ 140.817035910000016, 41.13446505 ], [ 140.81698591, 41.13446922 ], [ 140.816860920000011, 41.13447005 ], [ 140.81682842, 41.13442089 ], [ 140.81678341, 41.13440922 ], [ 140.816753410000018, 41.13439839 ], [ 140.816709800000012, 41.13440422 ], [ 140.81667231000003, 41.13442089 ], [ 140.816670360000018, 41.13442044 ], [ 140.816666670000018, 41.13441959 ], [ 140.81660481000003, 41.13440505 ], [ 140.81656842000001, 41.13439005 ], [ 140.816495910000015, 41.13441505 ], [ 140.81645481000001, 41.13442756 ], [ 140.81640981000001, 41.13442589 ], [ 140.81640092, 41.13439172 ], [ 140.816359800000015, 41.13437005 ], [ 140.816299800000024, 41.13435339 ], [ 140.816180920000022, 41.13435423 ], [ 140.81613981000001, 41.13431005 ], [ 140.81608591, 41.13429339 ], [ 140.81599481, 41.13432505 ], [ 140.815964810000025, 41.13431422 ], [ 140.815967300000011, 41.13426589 ], [ 140.815952310000029, 41.13424256 ], [ 140.815898420000025, 41.13421839 ], [ 140.81575591, 41.13419589 ], [ 140.815698420000018, 41.13412172 ], [ 140.81563730000002, 41.13411505 ], [ 140.81559980000003, 41.13408256 ], [ 140.81545341, 41.13391589 ], [ 140.814954810000017, 41.13362089 ], [ 140.814879800000028, 41.13335089 ], [ 140.814881250000013, 41.13333333 ], [ 140.81488153, 41.13332978 ], [ 140.81489231, 41.13319839 ], [ 140.8149137, 41.13295533 ], [ 140.815120920000027, 41.13293033 ], [ 140.81511341, 41.13281367 ], [ 140.815108440000017, 41.13270692 ], [ 140.815968520000013, 41.13262459 ], [ 140.81629003, 41.13332978 ], [ 140.81629167, 41.13333333 ], [ 140.816368720000014, 41.13350236 ], [ 140.816469860000012, 41.13347908 ], [ 140.816403550000018, 41.13333333 ], [ 140.816401950000028, 41.13332978 ], [ 140.816042940000017, 41.13254069 ], [ 140.81510406000001, 41.13263211 ], [ 140.81510008, 41.13257117 ], [ 140.8150962, 41.13250284 ], [ 140.815068690000032, 41.13250117 ], [ 140.81498258000002, 41.132497 ], [ 140.8149062, 41.13249367 ], [ 140.81484258, 41.13249033 ], [ 140.814725080000017, 41.13251533 ], [ 140.8148337, 41.13238284 ], [ 140.814878690000029, 41.132332 ], [ 140.81492119, 41.13230784 ], [ 140.814975080000011, 41.13227617 ], [ 140.814997590000019, 41.132242 ], [ 140.81500258, 41.1321445 ], [ 140.81510258, 41.13214033 ], [ 140.815123700000015, 41.132107 ], [ 140.815131190000017, 41.132077 ], [ 140.8151162, 41.13202784 ], [ 140.81511759, 41.13199867 ], [ 140.815161190000026, 41.13196617 ], [ 140.815161190000026, 41.131917 ], [ 140.815108690000017, 41.1318745 ], [ 140.815056200000015, 41.13184284 ], [ 140.815042580000011, 41.13181951 ], [ 140.815042580000011, 41.13178617 ], [ 140.815108690000017, 41.13174617 ], [ 140.81509508, 41.13170617 ], [ 140.81507258, 41.13169033 ], [ 140.815038690000023, 41.13165533 ], [ 140.81503508, 41.13160617 ], [ 140.81502759, 41.131572 ], [ 140.814975080000011, 41.13153284 ], [ 140.81487508, 41.13149367 ], [ 140.814868690000026, 41.13144284 ], [ 140.8148837, 41.13141367 ], [ 140.81485759, 41.13137784 ], [ 140.81483258, 41.13135867 ], [ 140.81479508000001, 41.13136784 ], [ 140.8148037, 41.13132367 ], [ 140.814797590000012, 41.13127367 ], [ 140.81477508, 41.13124533 ], [ 140.81473008, 41.13123951 ], [ 140.814692580000013, 41.13122867 ], [ 140.814647590000021, 41.13122867 ], [ 140.814606200000014, 41.13120533 ], [ 140.81462258000002, 41.131172 ], [ 140.814647590000021, 41.131127 ], [ 140.814588690000022, 41.13106533 ], [ 140.8145362, 41.13104284 ], [ 140.814528690000031, 41.13097533 ], [ 140.8144762, 41.13091367 ], [ 140.814447590000015, 41.130902 ], [ 140.814388690000015, 41.130892 ], [ 140.81442508, 41.13085617 ], [ 140.81445008, 41.130822 ], [ 140.814436200000017, 41.130782 ], [ 140.814416200000011, 41.130757 ], [ 140.814438690000031, 41.13071284 ], [ 140.814461190000031, 41.130662 ], [ 140.81445258, 41.13062867 ], [ 140.814400080000013, 41.13061117 ], [ 140.81440258, 41.13058117 ], [ 140.81443508000001, 41.13055144 ], [ 140.814437590000011, 41.13051561 ], [ 140.81440623, 41.13048811 ], [ 140.81437012, 41.13046978 ], [ 140.814353720000014, 41.13044228 ], [ 140.814320120000019, 41.13035644 ], [ 140.814286230000022, 41.13031561 ], [ 140.81423872000002, 41.13030561 ], [ 140.81418122, 41.13030478 ], [ 140.81417511, 41.13028395 ], [ 140.81415261, 41.13020811 ], [ 140.814120120000013, 41.13017061 ], [ 140.814050120000019, 41.13015144 ], [ 140.81400012, 41.13011977 ], [ 140.81400012, 41.13009144 ], [ 140.81395623, 41.13004061 ], [ 140.813896230000012, 41.13002977 ], [ 140.813822610000017, 41.13003478 ], [ 140.81378511, 41.13001561 ], [ 140.81378261, 41.12999228 ], [ 140.813760120000012, 41.12993977 ], [ 140.81371761, 41.12992811 ], [ 140.8136365, 41.12990561 ], [ 140.813613990000022, 41.12986061 ], [ 140.813570390000024, 41.12982228 ], [ 140.813529, 41.12979644 ], [ 140.813427890000014, 41.12979895 ], [ 140.813353990000024, 41.12975478 ], [ 140.813271500000013, 41.12975395 ], [ 140.813233990000015, 41.12977644 ], [ 140.81313538, 41.12973895 ], [ 140.813056500000016, 41.12973895 ], [ 140.813034, 41.12975811 ], [ 140.812972890000026, 41.12973811 ], [ 140.8129365, 41.12970811 ], [ 140.812906500000025, 41.12970811 ], [ 140.812646500000028, 41.12955644 ], [ 140.812621510000014, 41.12951561 ], [ 140.812571500000018, 41.12949311 ], [ 140.812370390000012, 41.12934311 ], [ 140.812276500000024, 41.12923811 ], [ 140.812242890000022, 41.12921311 ], [ 140.812199, 41.12913895 ], [ 140.81210289, 41.12903144 ], [ 140.81206789, 41.12896644 ], [ 140.812077890000012, 41.12886728 ], [ 140.812129270000014, 41.12886672 ], [ 140.81215927, 41.12882728 ], [ 140.812140390000025, 41.12879061 ], [ 140.81210289, 41.12876811 ], [ 140.812077890000012, 41.12871311 ], [ 140.812097890000018, 41.12866477 ], [ 140.812140390000025, 41.12861644 ], [ 140.812140390000025, 41.12852644 ], [ 140.812162890000025, 41.12851478 ], [ 140.81219289, 41.12851478 ], [ 140.812220390000022, 41.12848978 ], [ 140.81219289, 41.12840228 ], [ 140.812215380000026, 41.12837395 ], [ 140.812229, 41.12829561 ], [ 140.81219289, 41.12825561 ], [ 140.812177890000015, 41.12824478 ], [ 140.81217039, 41.12820311 ], [ 140.812185380000017, 41.12816561 ], [ 140.81214789, 41.12813975 ], [ 140.81206538, 41.12810975 ], [ 140.812059, 41.12807225 ], [ 140.812059, 41.12804225 ], [ 140.812013990000025, 41.12799641 ], [ 140.811961500000024, 41.12799641 ], [ 140.811925380000019, 41.12796475 ], [ 140.811921500000011, 41.12792725 ], [ 140.811896500000017, 41.12790975 ], [ 140.811827890000018, 41.12790141 ], [ 140.811790390000027, 41.12789559 ], [ 140.811767890000027, 41.12787308 ], [ 140.811767890000027, 41.12785059 ], [ 140.811754, 41.12781808 ], [ 140.811716780000012, 41.1277942 ], [ 140.81170927, 41.12778336 ], [ 140.81165678, 41.12778336 ], [ 140.811648170000012, 41.12775336 ], [ 140.81161178, 41.12773253 ], [ 140.81159066, 41.12772087 ], [ 140.811568170000015, 41.12772087 ], [ 140.811530660000017, 41.12771586 ], [ 140.81150817, 41.12768169 ], [ 140.81149317, 41.12765336 ], [ 140.811446780000011, 41.12763087 ], [ 140.81140567, 41.1276292 ], [ 140.81137428, 41.12760336 ], [ 140.81131317, 41.12757669 ], [ 140.81126927, 41.12759753 ], [ 140.811196780000017, 41.12758086 ], [ 140.81114678, 41.12757253 ], [ 140.811108170000011, 41.12757003 ], [ 140.81108817, 41.12759087 ], [ 140.81103567, 41.12757003 ], [ 140.810994280000017, 41.12755087 ], [ 140.81094317, 41.12755753 ], [ 140.810893170000014, 41.12759336 ], [ 140.810804280000013, 41.12758669 ], [ 140.810736780000013, 41.12759087 ], [ 140.81071178, 41.12762086 ], [ 140.81071817, 41.12765253 ], [ 140.81064817, 41.12765669 ], [ 140.81060066, 41.12767892 ], [ 140.81057066, 41.12770392 ], [ 140.810555670000014, 41.12769308 ], [ 140.81054817, 41.12770392 ], [ 140.81052567, 41.12769808 ], [ 140.81050317, 41.12769308 ], [ 140.81046927, 41.12770059 ], [ 140.810465670000013, 41.12772641 ], [ 140.810439270000018, 41.12776141 ], [ 140.810444280000013, 41.12779975 ], [ 140.810444280000013, 41.12782808 ], [ 140.810453170000017, 41.12784559 ], [ 140.81043066, 41.12786475 ], [ 140.810375670000013, 41.12788975 ], [ 140.810380660000021, 41.12793892 ], [ 140.81031678, 41.12793475 ], [ 140.810295670000016, 41.12800808 ], [ 140.810295670000016, 41.12801892 ], [ 140.810273170000016, 41.12803641 ], [ 140.810213160000018, 41.12805892 ], [ 140.810205670000016, 41.12806975 ], [ 140.810205670000016, 41.12809225 ], [ 140.810213160000018, 41.12813225 ], [ 140.810116780000016, 41.12814308 ], [ 140.810094280000015, 41.12817725 ], [ 140.810094280000015, 41.12818808 ], [ 140.810079270000017, 41.12819392 ], [ 140.81003428, 41.12820475 ], [ 140.80997567, 41.12820475 ], [ 140.809923160000011, 41.12822225 ], [ 140.809900660000011, 41.12826141 ], [ 140.809878170000019, 41.12827808 ], [ 140.809813170000012, 41.12828059 ], [ 140.80975066000002, 41.12831475 ], [ 140.809685670000022, 41.12832808 ], [ 140.80962817, 41.12830392 ], [ 140.80958066, 41.12828975 ], [ 140.809543170000012, 41.12830059 ], [ 140.809486780000015, 41.12834225 ], [ 140.80939428, 41.12830059 ], [ 140.809341780000011, 41.12830641 ], [ 140.80930817, 41.12833141 ], [ 140.809238170000015, 41.12833559 ], [ 140.809205670000011, 41.12829392 ], [ 140.80913428, 41.12826725 ], [ 140.80906678, 41.12827808 ], [ 140.809026780000011, 41.12829392 ], [ 140.809020660000016, 41.12832059 ], [ 140.80894817, 41.12836308 ], [ 140.808888170000017, 41.12839641 ], [ 140.80885817, 41.12843561 ], [ 140.80885817, 41.12845811 ], [ 140.80883678, 41.12848144 ], [ 140.808770660000022, 41.12850228 ], [ 140.80872428, 41.12853144 ], [ 140.80873927, 41.12854311 ], [ 140.80874678, 41.12857144 ], [ 140.80869428, 41.12859395 ], [ 140.80862817000002, 41.12861395 ], [ 140.80862817000002, 41.12868311 ], [ 140.80853567, 41.12872144 ], [ 140.808337060000014, 41.12852667 ], [ 140.808333330000011, 41.128523 ], [ 140.80818118000002, 41.12839619 ], [ 140.807943100000017, 41.12819282 ], [ 140.80795167, 41.12818718 ], [ 140.807166990000013, 41.12751635 ], [ 140.806821040000017, 41.12761865 ], [ 140.806841390000017, 41.12765816 ], [ 140.807866760000024, 41.1285326 ], [ 140.807838440000012, 41.12855228 ], [ 140.808133160000011, 41.12884644 ], [ 140.80733706, 41.12939144 ], [ 140.807141020000017, 41.12949492 ], [ 140.80696555, 41.12932861 ], [ 140.80676503, 41.12944264 ], [ 140.80657109, 41.12925522 ], [ 140.80687988, 41.12905867 ], [ 140.806825160000017, 41.12899069 ], [ 140.806508520000023, 41.12919464 ], [ 140.80571222, 41.12976569 ], [ 140.80564956, 41.1298095 ], [ 140.805532050000011, 41.12979867 ], [ 140.805450950000022, 41.12979867 ], [ 140.805345940000024, 41.129787 ], [ 140.80501956, 41.12972284 ], [ 140.80440234, 41.12953784 ], [ 140.80433484, 41.12938784 ], [ 140.804316230000012, 41.12934284 ], [ 140.804323720000014, 41.129252 ], [ 140.80433733000001, 41.12918867 ], [ 140.804362340000011, 41.12912784 ], [ 140.804406230000012, 41.129027 ], [ 140.80446122, 41.12889728 ], [ 140.804423750000012, 41.12884408 ], [ 140.804991410000014, 41.1287732 ], [ 140.804967980000015, 41.12869113 ], [ 140.80438455, 41.12877317 ], [ 140.80432234, 41.12877308 ], [ 140.804282340000015, 41.12873725 ], [ 140.80425372000002, 41.12871225 ], [ 140.80420872000002, 41.12870559 ], [ 140.80418372, 41.12867725 ], [ 140.80414872, 41.12858808 ], [ 140.80413372000001, 41.12855975 ], [ 140.80414122000002, 41.12850392 ], [ 140.80411122000001, 41.12849225 ], [ 140.80401372, 41.12847559 ], [ 140.80392484, 41.12849225 ], [ 140.803897330000012, 41.12846141 ], [ 140.803866230000011, 41.12844141 ], [ 140.80381623, 41.12843392 ], [ 140.803761220000013, 41.12845725 ], [ 140.803717330000012, 41.12847559 ], [ 140.803649830000012, 41.12849808 ], [ 140.80360983, 41.12849892 ], [ 140.80353122, 41.12849225 ], [ 140.80347122, 41.12854308 ], [ 140.80344234, 41.12855392 ], [ 140.80337484, 41.12855392 ], [ 140.80333733, 41.12855975 ], [ 140.80330623, 41.12858308 ], [ 140.803287329999989, 41.12862559 ], [ 140.803256230000017, 41.12867225 ], [ 140.803218720000018, 41.12867808 ], [ 140.80315733, 41.12869725 ], [ 140.803141220000015, 41.12872641 ], [ 140.80308484, 41.12873892 ], [ 140.80289234, 41.12874697 ], [ 140.802578720000014, 41.12876197 ], [ 140.80240122, 41.12875697 ], [ 140.802106230000021, 41.1287528 ], [ 140.801596500000016, 41.12873613 ], [ 140.801431510000015, 41.12873197 ], [ 140.800740140000016, 41.1287028 ], [ 140.80045014, 41.12870031 ], [ 140.800271530000032, 41.12869447 ], [ 140.800016520000014, 41.12868197 ], [ 140.80000375, 41.12868208 ], [ 140.8, 41.12868213 ], [ 140.799735140000024, 41.12868447 ], [ 140.799486520000016, 41.12870947 ], [ 140.799290140000011, 41.12874031 ], [ 140.799089030000033, 41.12877364 ], [ 140.798902630000015, 41.1288178 ], [ 140.79866292, 41.12889613 ], [ 140.79852431, 41.12896364 ], [ 140.7983093, 41.12906864 ], [ 140.79813292, 41.1291628 ], [ 140.79790681, 41.12927613 ], [ 140.79760042, 41.12943613 ], [ 140.79751042, 41.1294945 ], [ 140.79743986, 41.12952589 ], [ 140.79736681, 41.12955867 ], [ 140.797131800000017, 41.12968033 ], [ 140.796922920000014, 41.12979284 ], [ 140.79681930000001, 41.12984951 ], [ 140.79671542, 41.12993951 ], [ 140.796640420000017, 41.13001756 ], [ 140.796499300000022, 41.13016423 ], [ 140.79634542, 41.13030756 ], [ 140.796224310000014, 41.13044005 ], [ 140.7960893, 41.13059172 ], [ 140.7959193, 41.13077172 ], [ 140.7957618, 41.13093505 ], [ 140.795534310000022, 41.13116005 ], [ 140.79538431, 41.13131505 ], [ 140.79515292, 41.13155339 ], [ 140.794965420000011, 41.13174589 ], [ 140.79487791, 41.13185005 ], [ 140.794785420000011, 41.13195339 ], [ 140.79473542, 41.13199977 ], [ 140.79461681, 41.13208977 ], [ 140.79442542000001, 41.13196561 ], [ 140.79406542000001, 41.13232061 ], [ 140.79424542000001, 41.13244144 ], [ 140.794217910000015, 41.13247895 ], [ 140.79406791, 41.13259061 ], [ 140.79394542, 41.13268144 ], [ 140.7938718, 41.13272561 ], [ 140.793760420000012, 41.13277644 ], [ 140.793562090000023, 41.13285728 ], [ 140.79338458, 41.13292478 ], [ 140.79284569, 41.13310561 ], [ 140.792380840000021, 41.13325615 ], [ 140.792364320000019, 41.13325432 ], [ 140.79231275, 41.13324007 ], [ 140.792285600000014, 41.13285652 ], [ 140.79220555, 41.13286433 ], [ 140.792164540000016, 41.13254823 ], [ 140.792152750000014, 41.13254904 ], [ 140.79212333000001, 41.13255344 ], [ 140.792171100000019, 41.13291051 ], [ 140.791666670000012, 41.1329488 ], [ 140.79146262, 41.1329643 ], [ 140.791467720000014, 41.13300752 ], [ 140.790755420000011, 41.13305157 ], [ 140.79075104, 41.1330132 ], [ 140.79051328, 41.13302932 ], [ 140.790420840000024, 41.13231103 ], [ 140.79126499, 41.13225046 ], [ 140.791666670000012, 41.1321425 ], [ 140.79253083, 41.13191024 ], [ 140.792515970000011, 41.13187296 ], [ 140.79251192000001, 41.13186449 ], [ 140.791794900000014, 41.13205632 ], [ 140.791666670000012, 41.13209104 ], [ 140.79125348, 41.13220291 ], [ 140.790933540000026, 41.13222629 ], [ 140.79041946000001, 41.13226195 ], [ 140.78995361, 41.13229779 ], [ 140.78983949, 41.1323064 ], [ 140.78983965, 41.13224777 ], [ 140.789336410000033, 41.1322782 ], [ 140.789057820000011, 41.13228642 ], [ 140.78903236, 41.13227395 ], [ 140.78897597, 41.13226728 ], [ 140.788955969999989, 41.13225978 ], [ 140.788935970000011, 41.13220561 ], [ 140.78886986, 41.13217561 ], [ 140.78882737, 41.13214228 ], [ 140.78879348000001, 41.13213811 ], [ 140.788774860000018, 41.13211228 ], [ 140.78876847, 41.13207478 ], [ 140.78873737, 41.13205561 ], [ 140.78869986, 41.13201978 ], [ 140.788674860000015, 41.13200311 ], [ 140.788640969999989, 41.13199895 ], [ 140.78861348, 41.13199478 ], [ 140.78859348, 41.13195061 ], [ 140.78854597, 41.13191061 ], [ 140.788495970000014, 41.13189144 ], [ 140.78845737, 41.13189311 ], [ 140.78842348, 41.13189561 ], [ 140.788392360000017, 41.13184895 ], [ 140.78835597, 41.13180311 ], [ 140.78830986, 41.13178644 ], [ 140.78826097000001, 41.13179144 ], [ 140.78824486000002, 41.13176311 ], [ 140.788208750000024, 41.13172311 ], [ 140.788133750000014, 41.13170144 ], [ 140.788092630000023, 41.13170144 ], [ 140.788031250000017, 41.13172061 ], [ 140.78801625, 41.13169561 ], [ 140.78801375, 41.13166144 ], [ 140.787970140000027, 41.13163395 ], [ 140.787918750000017, 41.13162395 ], [ 140.78786625, 41.13162395 ], [ 140.787796250000014, 41.13164478 ], [ 140.787771240000012, 41.13162228 ], [ 140.78772014, 41.13159311 ], [ 140.78765875000002, 41.13159144 ], [ 140.78761764, 41.13158895 ], [ 140.787591240000012, 41.13160144 ], [ 140.787536250000016, 41.13159561 ], [ 140.787511240000015, 41.13155728 ], [ 140.78746125, 41.13155311 ], [ 140.78741876, 41.13155561 ], [ 140.787376250000023, 41.13155477 ], [ 140.78736125, 41.13151478 ], [ 140.78735764000001, 41.13148561 ], [ 140.787330140000023, 41.13147311 ], [ 140.78723514, 41.13146477 ], [ 140.78720125000001, 41.13145228 ], [ 140.78715263, 41.13148144 ], [ 140.78713876, 41.13146477 ], [ 140.78712375, 41.13144228 ], [ 140.78710125, 41.13143061 ], [ 140.787078760000014, 41.13140395 ], [ 140.787026250000025, 41.13139477 ], [ 140.786967640000029, 41.13140228 ], [ 140.786942630000027, 41.13136561 ], [ 140.786911240000023, 41.13134061 ], [ 140.78683375, 41.13132895 ], [ 140.786770140000016, 41.13132144 ], [ 140.78670625, 41.13132811 ], [ 140.786670140000012, 41.13131895 ], [ 140.786641240000023, 41.13129228 ], [ 140.78655014, 41.13128728 ], [ 140.786490140000012, 41.13129728 ], [ 140.786433750000015, 41.13129311 ], [ 140.786392630000023, 41.13129061 ], [ 140.786333750000011, 41.13129895 ], [ 140.786281240000022, 41.13132895 ], [ 140.786275140000015, 41.13135395 ], [ 140.786250140000021, 41.13133311 ], [ 140.786193750000024, 41.13133061 ], [ 140.786116250000021, 41.13133061 ], [ 140.78606625, 41.13134811 ], [ 140.786036250000024, 41.13139144 ], [ 140.785996250000011, 41.13137061 ], [ 140.785955140000027, 41.13135228 ], [ 140.785862630000025, 41.13134811 ], [ 140.785815140000011, 41.13134811 ], [ 140.78577875000002, 41.13138978 ], [ 140.78575125, 41.13140478 ], [ 140.78571514, 41.13138811 ], [ 140.785676250000023, 41.13137311 ], [ 140.785590140000011, 41.13137978 ], [ 140.78554764, 41.13139811 ], [ 140.785495140000023, 41.13139395 ], [ 140.78546764, 41.13135811 ], [ 140.78541125000001, 41.13135644 ], [ 140.78535014000002, 41.13135392 ], [ 140.785305420000014, 41.13138144 ], [ 140.78519791, 41.13134475 ], [ 140.78514292, 41.13135059 ], [ 140.785092920000011, 41.13136808 ], [ 140.785020410000016, 41.13132308 ], [ 140.784955420000017, 41.13132141 ], [ 140.78488042, 41.13132975 ], [ 140.78485791, 41.13130059 ], [ 140.784809030000019, 41.13128975 ], [ 140.784746520000027, 41.13127475 ], [ 140.78468791, 41.13131475 ], [ 140.78462153000001, 41.13126892 ], [ 140.78454403, 41.13125392 ], [ 140.784481530000022, 41.13127892 ], [ 140.784415420000016, 41.13125225 ], [ 140.784331530000031, 41.13124559 ], [ 140.784270420000013, 41.13125392 ], [ 140.784199030000025, 41.13127308 ], [ 140.78415652000001, 41.13124975 ], [ 140.784106520000023, 41.13126475 ], [ 140.78407542, 41.13127725 ], [ 140.784020410000011, 41.13128392 ], [ 140.783934030000012, 41.13129059 ], [ 140.78389292, 41.13125725 ], [ 140.783826520000019, 41.13125059 ], [ 140.783764030000015, 41.13126308 ], [ 140.78370042, 41.13127892 ], [ 140.783664030000011, 41.13125308 ], [ 140.783604030000021, 41.13125059 ], [ 140.783536520000013, 41.13125892 ], [ 140.78345542, 41.13126975 ], [ 140.783435420000018, 41.13129892 ], [ 140.783377910000013, 41.13129059 ], [ 140.783337080000024, 41.13129272 ], [ 140.78333333, 41.13129295 ], [ 140.78333042, 41.13129308 ], [ 140.78326042, 41.13134113 ], [ 140.783207910000016, 41.13129059 ], [ 140.78316292, 41.13128225 ], [ 140.783084030000026, 41.13130113 ], [ 140.783051530000023, 41.13130947 ], [ 140.783054030000017, 41.13136447 ], [ 140.78300042, 41.13136864 ], [ 140.782931530000013, 41.13138113 ], [ 140.782864030000013, 41.13140864 ], [ 140.78285292000001, 41.13143364 ], [ 140.782856520000024, 41.13148197 ], [ 140.78278542000001, 41.1314978 ], [ 140.782747910000012, 41.13152613 ], [ 140.78273292, 41.13154864 ], [ 140.782705420000013, 41.13157614 ], [ 140.782659030000019, 41.1315878 ], [ 140.782625420000016, 41.13164364 ], [ 140.78256153, 41.13163864 ], [ 140.782466520000014, 41.13170447 ], [ 140.78244042, 41.13174031 ], [ 140.782432920000019, 41.13177197 ], [ 140.782379030000016, 41.1317828 ], [ 140.78235791, 41.13181864 ], [ 140.78235292, 41.13186947 ], [ 140.782351530000028, 41.13191697 ], [ 140.78229292, 41.13192113 ], [ 140.78221292, 41.13193613 ], [ 140.78217292, 41.13196617 ], [ 140.78214791, 41.13201867 ], [ 140.782137910000017, 41.1320495 ], [ 140.782109030000015, 41.13206284 ], [ 140.782075420000012, 41.132107 ], [ 140.782079030000034, 41.13214284 ], [ 140.782084030000021, 41.1321895 ], [ 140.782031530000012, 41.13222533 ], [ 140.782011530000034, 41.13225284 ], [ 140.781972920000015, 41.13228367 ], [ 140.781936520000016, 41.13233867 ], [ 140.781939030000018, 41.13237451 ], [ 140.78190292, 41.13237033 ], [ 140.781839030000015, 41.132417 ], [ 140.781800410000017, 41.13244867 ], [ 140.781769030000021, 41.1324795 ], [ 140.78175791000001, 41.13252867 ], [ 140.781714030000018, 41.13251533 ], [ 140.7816607, 41.13250951 ], [ 140.781605690000021, 41.13255617 ], [ 140.7815582, 41.132602 ], [ 140.7815493, 41.13263784 ], [ 140.7815018, 41.13262117 ], [ 140.7814018, 41.13265033 ], [ 140.7813318, 41.13267784 ], [ 140.781315690000014, 41.132737 ], [ 140.781281800000016, 41.13271451 ], [ 140.781235690000017, 41.13270617 ], [ 140.781175690000026, 41.13271172 ], [ 140.78117319, 41.132712 ], [ 140.7811193, 41.13272367 ], [ 140.781088200000028, 41.13273617 ], [ 140.78105431, 41.13271451 ], [ 140.781006830000024, 41.132717 ], [ 140.780954330000014, 41.13272951 ], [ 140.780879340000013, 41.13275033 ], [ 140.780836830000027, 41.132772 ], [ 140.78084322, 41.13283033 ], [ 140.780809340000019, 41.13284533 ], [ 140.78075934, 41.132837 ], [ 140.780720730000013, 41.13284533 ], [ 140.780659340000028, 41.132862 ], [ 140.78059183000002, 41.13288951 ], [ 140.780600730000032, 41.132947 ], [ 140.78050822000003, 41.13294033 ], [ 140.780466830000023, 41.1329695 ], [ 140.780444330000023, 41.13299951 ], [ 140.780460730000016, 41.1330395 ], [ 140.78039934, 41.13303533 ], [ 140.78033822, 41.13303505 ], [ 140.780296830000026, 41.13306839 ], [ 140.780240730000031, 41.13311256 ], [ 140.780265720000017, 41.13319256 ], [ 140.780226840000012, 41.13321423 ], [ 140.780199340000024, 41.13325839 ], [ 140.780138220000026, 41.13331505 ], [ 140.78014545000002, 41.13332978 ], [ 140.780147170000021, 41.13333333 ], [ 140.78015822, 41.13335589 ], [ 140.78009572000002, 41.13335756 ], [ 140.780026830000025, 41.13335339 ], [ 140.779976840000018, 41.13339505 ], [ 140.779985720000013, 41.13345505 ], [ 140.77995572, 41.13346589 ], [ 140.779858220000023, 41.13345339 ], [ 140.779804330000019, 41.13353089 ], [ 140.779771830000016, 41.13356923 ], [ 140.77976433, 41.13361505 ], [ 140.779706840000017, 41.13361505 ], [ 140.779634330000022, 41.13362589 ], [ 140.77958433, 41.13366589 ], [ 140.779563220000028, 41.13373089 ], [ 140.779511830000018, 41.13372256 ], [ 140.779459340000017, 41.13371839 ], [ 140.779373220000025, 41.13376089 ], [ 140.779350730000033, 41.13382839 ], [ 140.779295720000022, 41.13381589 ], [ 140.77923934, 41.13382422 ], [ 140.77918073, 41.13386005 ], [ 140.779125720000025, 41.13388089 ], [ 140.77912183, 41.13395672 ], [ 140.779135720000028, 41.13399005 ], [ 140.77904433, 41.13400089 ], [ 140.77899822, 41.13404256 ], [ 140.778960730000023, 41.13405923 ], [ 140.778915720000015, 41.13408756 ], [ 140.778883220000012, 41.13411256 ], [ 140.77888572, 41.13415005 ], [ 140.778825720000015, 41.13413256 ], [ 140.778776830000027, 41.13411922 ], [ 140.778723220000018, 41.13413172 ], [ 140.77866683000002, 41.13414923 ], [ 140.778649340000015, 41.13419423 ], [ 140.778646830000014, 41.13422089 ], [ 140.778653220000024, 41.13425922 ], [ 140.77860322, 41.13425922 ], [ 140.77851934, 41.13429089 ], [ 140.778510730000022, 41.13434339 ], [ 140.778510730000022, 41.13438339 ], [ 140.77844934, 41.13438339 ], [ 140.778385720000017, 41.13443839 ], [ 140.77830683000002, 41.13450172 ], [ 140.77832433, 41.13455172 ], [ 140.77825433000001, 41.13454172 ], [ 140.778194330000019, 41.13457756 ], [ 140.77813183, 41.13460672 ], [ 140.77814183000001, 41.13464505 ], [ 140.77815684, 41.13468422 ], [ 140.77810322000002, 41.13471005 ], [ 140.778059340000027, 41.13473005 ], [ 140.77805322, 41.13475256 ], [ 140.778039340000021, 41.13482172 ], [ 140.777980730000024, 41.13482423 ], [ 140.777925720000013, 41.13488728 ], [ 140.77789322000001, 41.13492395 ], [ 140.777856830000019, 41.13496978 ], [ 140.777870730000018, 41.13500978 ], [ 140.77778433, 41.13502477 ], [ 140.77775073, 41.13504144 ], [ 140.777743220000019, 41.13506311 ], [ 140.777718220000025, 41.13509895 ], [ 140.77770934, 41.13513228 ], [ 140.77770934, 41.13516395 ], [ 140.77772572, 41.13519977 ], [ 140.777673220000025, 41.13521061 ], [ 140.777611830000012, 41.13521061 ], [ 140.777561830000025, 41.13525644 ], [ 140.777500730000014, 41.13527728 ], [ 140.77749183, 41.13531311 ], [ 140.777519340000026, 41.13536395 ], [ 140.77745572, 41.13539395 ], [ 140.777414330000028, 41.13542978 ], [ 140.777396830000015, 41.13547978 ], [ 140.777404330000024, 41.13550061 ], [ 140.77736934, 41.13554311 ], [ 140.777355720000031, 41.13557478 ], [ 140.777355720000031, 41.13560811 ], [ 140.777364330000012, 41.13563144 ], [ 140.777310730000011, 41.13565311 ], [ 140.77728572, 41.13568228 ], [ 140.77726934, 41.13571811 ], [ 140.777259340000029, 41.13579311 ], [ 140.777284330000015, 41.13583478 ], [ 140.777245720000025, 41.13585811 ], [ 140.777200730000033, 41.13588144 ], [ 140.777203220000018, 41.13592978 ], [ 140.777211830000027, 41.13596228 ], [ 140.777204330000018, 41.13596228 ], [ 140.777240730000017, 41.13600728 ], [ 140.777270730000026, 41.13601895 ], [ 140.77728572, 41.13602977 ], [ 140.777329340000023, 41.13602895 ], [ 140.77733183, 41.13610061 ], [ 140.77733183, 41.13614228 ], [ 140.777376840000017, 41.13618895 ], [ 140.77743433, 41.13622478 ], [ 140.777471830000025, 41.13621561 ], [ 140.77750183, 41.13626061 ], [ 140.777521830000012, 41.13631311 ], [ 140.777560730000033, 41.13633644 ], [ 140.777596830000022, 41.13635728 ], [ 140.777643220000016, 41.13636811 ], [ 140.777699340000026, 41.13637478 ], [ 140.777680730000014, 41.13641895 ], [ 140.77769433, 41.13645644 ], [ 140.77771322000001, 41.13648395 ], [ 140.777749340000014, 41.13651811 ], [ 140.777731830000022, 41.13655978 ], [ 140.777716840000011, 41.13657061 ], [ 140.777716840000011, 41.13658728 ], [ 140.777693220000032, 41.13659895 ], [ 140.77769569, 41.13664061 ], [ 140.7777207, 41.13667061 ], [ 140.7777618, 41.13669395 ], [ 140.77775431, 41.13675644 ], [ 140.7777618, 41.13678478 ], [ 140.777791800000017, 41.13680728 ], [ 140.7778682, 41.13683728 ], [ 140.777918200000016, 41.13687478 ], [ 140.77798569, 41.13695895 ], [ 140.778060700000026, 41.13703311 ], [ 140.778110700000013, 41.13707895 ], [ 140.77817431, 41.13712811 ], [ 140.7782607, 41.13721395 ], [ 140.778333190000012, 41.13727951 ], [ 140.77839431000001, 41.13733617 ], [ 140.778535690000012, 41.13745117 ], [ 140.778655690000022, 41.1375395 ], [ 140.77871564, 41.13759084 ], [ 140.7786145, 41.13788508 ], [ 140.77871783, 41.13791667 ], [ 140.778816810000023, 41.13763736 ], [ 140.778859300000022, 41.13765533 ], [ 140.77895652, 41.13769117 ], [ 140.779019030000029, 41.13772451 ], [ 140.77910153000002, 41.13774117 ], [ 140.77917403, 41.1377645 ], [ 140.779215420000014, 41.13777117 ], [ 140.77926292, 41.13778617 ], [ 140.779324030000026, 41.137807 ], [ 140.779380410000016, 41.1378495 ], [ 140.77940791, 41.13789117 ], [ 140.77943292, 41.13792951 ], [ 140.77943542, 41.13795867 ], [ 140.77944403, 41.13799867 ], [ 140.77945542, 41.1380345 ], [ 140.779461500000025, 41.13814628 ], [ 140.779478760000018, 41.13827061 ], [ 140.779291530000023, 41.1382545 ], [ 140.779266520000022, 41.13830367 ], [ 140.779266520000022, 41.13835367 ], [ 140.77923292, 41.13848867 ], [ 140.77921652, 41.13860033 ], [ 140.779099030000026, 41.13862625 ], [ 140.77907153000001, 41.13865367 ], [ 140.77896042, 41.13871533 ], [ 140.77884531, 41.13871969 ], [ 140.778705140000028, 41.13871053 ], [ 140.77863652000002, 41.13871451 ], [ 140.77850903, 41.13870617 ], [ 140.778343190000015, 41.13873284 ], [ 140.778208200000023, 41.13876033 ], [ 140.77810348, 41.13876547 ], [ 140.77802614, 41.1387838 ], [ 140.777852140000022, 41.13882411 ], [ 140.777627420000016, 41.13887172 ], [ 140.77746553, 41.13890836 ], [ 140.77733745, 41.13894133 ], [ 140.77724805, 41.1389615 ], [ 140.777197300000012, 41.1389615 ], [ 140.777134470000021, 41.13895784 ], [ 140.77706197, 41.138945 ], [ 140.776979830000016, 41.13891387 ], [ 140.7769218, 41.13889284 ], [ 140.7768307, 41.13885284 ], [ 140.776769300000012, 41.13880367 ], [ 140.776679300000012, 41.13876617 ], [ 140.7766293, 41.13874117 ], [ 140.776576810000023, 41.13872367 ], [ 140.77643681, 41.1387045 ], [ 140.77633319, 41.13871033 ], [ 140.776251800000011, 41.13871533 ], [ 140.776206810000019, 41.13872117 ], [ 140.77609569, 41.13873784 ], [ 140.7758718, 41.13877784 ], [ 140.775716830000022, 41.13881784 ], [ 140.77562183, 41.138837 ], [ 140.775533220000028, 41.1388595 ], [ 140.775403220000015, 41.13889033 ], [ 140.775335720000015, 41.13890117 ], [ 140.77520433, 41.13894589 ], [ 140.775143500000013, 41.13896505 ], [ 140.775099610000012, 41.13898923 ], [ 140.77504711, 41.13903172 ], [ 140.775003770000012, 41.13907987 ], [ 140.775, 41.13908405 ], [ 140.774987110000012, 41.13909839 ], [ 140.774872750000014, 41.13921611 ], [ 140.774674620000013, 41.13948359 ], [ 140.77460453, 41.13957517 ], [ 140.774478860000016, 41.13970341 ], [ 140.774421, 41.13977422 ], [ 140.77434839, 41.13982067 ], [ 140.77425711, 41.13989172 ], [ 140.774183500000021, 41.13994839 ], [ 140.7740785, 41.14002172 ], [ 140.77399711000001, 41.14008339 ], [ 140.77392211, 41.14017339 ], [ 140.773901020000011, 41.14019931 ], [ 140.77366942, 41.14018025 ], [ 140.77313397, 41.14014311 ], [ 140.77257789, 41.14035197 ], [ 140.772616130000017, 41.1404295 ], [ 140.77315134, 41.14022456 ], [ 140.77361012, 41.14026264 ], [ 140.773533610000015, 41.14089184 ], [ 140.773859470000019, 41.14091084 ], [ 140.773917080000018, 41.14099728 ], [ 140.77396097, 41.14110644 ], [ 140.77396708, 41.14114144 ], [ 140.773937080000024, 41.14118728 ], [ 140.773922090000013, 41.14123144 ], [ 140.773884580000015, 41.14135061 ], [ 140.773869250000018, 41.14139728 ], [ 140.773259880000012, 41.14128517 ], [ 140.77324134, 41.141364 ], [ 140.773841440000012, 41.14147784 ], [ 140.77382431, 41.14153728 ], [ 140.77379431, 41.14163228 ], [ 140.77378484, 41.14166311 ], [ 140.77378375, 41.14166667 ], [ 140.7737107, 41.14190478 ], [ 140.773680700000028, 41.14199978 ], [ 140.773648200000025, 41.14210644 ], [ 140.773628200000019, 41.14217061 ], [ 140.773528200000015, 41.14215144 ], [ 140.772793940000014, 41.14203684 ], [ 140.7724545, 41.14166667 ], [ 140.772451250000017, 41.14166311 ], [ 140.772323090000015, 41.14152336 ], [ 140.77286992, 41.14097336 ], [ 140.77280737000001, 41.1409068 ], [ 140.77224895, 41.14147256 ], [ 140.772201170000017, 41.14146172 ], [ 140.77155317, 41.14131469 ], [ 140.77128997, 41.14125769 ], [ 140.77048783, 41.14102492 ], [ 140.769555720000028, 41.14060505 ], [ 140.769332390000017, 41.14061617 ], [ 140.769287660000032, 41.14062756 ], [ 140.76925044, 41.140667 ], [ 140.769176, 41.1406895 ], [ 140.769128560000013, 41.14073956 ], [ 140.76907183, 41.14078505 ], [ 140.76901988, 41.14083033 ], [ 140.76903453, 41.14092008 ], [ 140.768982670000014, 41.14097672 ], [ 140.768990170000023, 41.14104423 ], [ 140.768971850000014, 41.14107925 ], [ 140.76893795, 41.14110061 ], [ 140.768945450000018, 41.1412245 ], [ 140.76892322, 41.14129756 ], [ 140.76893044000002, 41.14148895 ], [ 140.76895294000002, 41.14153978 ], [ 140.76893044000002, 41.14161867 ], [ 140.76894776, 41.14166311 ], [ 140.768949100000015, 41.14166667 ], [ 140.768967660000015, 41.14171423 ], [ 140.76893795, 41.14177061 ], [ 140.768946810000017, 41.14189161 ], [ 140.768945450000018, 41.14204089 ], [ 140.768900730000013, 41.14209144 ], [ 140.768900730000013, 41.14211977 ], [ 140.76893044000002, 41.14217617 ], [ 140.76893044000002, 41.14220977 ], [ 140.768908220000014, 41.14227728 ], [ 140.768766840000012, 41.14257561 ], [ 140.76867017, 41.14264311 ], [ 140.768640170000026, 41.14268256 ], [ 140.768617950000021, 41.14277839 ], [ 140.768521280000016, 41.14288533 ], [ 140.768533280000014, 41.14292011 ], [ 140.76839462, 41.14300922 ], [ 140.768372390000025, 41.14312172 ], [ 140.768305450000014, 41.14320061 ], [ 140.768290440000015, 41.14327951 ], [ 140.76822306, 41.14334531 ], [ 140.768171560000013, 41.14347089 ], [ 140.76808961, 41.14352728 ], [ 140.76806711, 41.14356089 ], [ 140.76807462, 41.14359477 ], [ 140.76808211, 41.14363977 ], [ 140.768022670000022, 41.14367367 ], [ 140.76804489, 41.14377505 ], [ 140.768037390000018, 41.14381033 ], [ 140.768036280000018, 41.14383867 ], [ 140.76802878, 41.14386533 ], [ 140.768036280000018, 41.1438945 ], [ 140.76804377000002, 41.14392867 ], [ 140.768007660000023, 41.143972 ], [ 140.768007660000023, 41.14400033 ], [ 140.768036280000018, 41.14401867 ], [ 140.768000170000022, 41.14409589 ], [ 140.767948220000022, 41.14415784 ], [ 140.767948220000022, 41.14422533 ], [ 140.767896010000015, 41.14426478 ], [ 140.767883770000026, 41.1443395 ], [ 140.767844890000021, 41.144352 ], [ 140.76777239, 41.14439451 ], [ 140.767722390000017, 41.14443033 ], [ 140.76766878, 41.14443005 ], [ 140.767613770000025, 41.14448672 ], [ 140.767564890000017, 41.14450672 ], [ 140.767522390000011, 41.14456172 ], [ 140.767529880000012, 41.14461505 ], [ 140.767529880000012, 41.14463256 ], [ 140.76750739000002, 41.14467172 ], [ 140.76749988, 41.14471672 ], [ 140.767469880000021, 41.14475339 ], [ 140.767433770000025, 41.14476756 ], [ 140.76741128, 41.14480089 ], [ 140.767392390000026, 41.14482923 ], [ 140.767381280000023, 41.14484839 ], [ 140.76738377, 41.14493672 ], [ 140.767361280000017, 41.14494089 ], [ 140.76731988, 41.14498756 ], [ 140.767299880000024, 41.14504339 ], [ 140.76727739, 41.14509423 ], [ 140.76727739, 41.14512256 ], [ 140.76722988, 41.14514756 ], [ 140.767188780000026, 41.14522923 ], [ 140.767176280000029, 41.14527089 ], [ 140.767201280000023, 41.14528922 ], [ 140.767181280000017, 41.14532756 ], [ 140.767176280000029, 41.14537005 ], [ 140.767167390000026, 41.14539922 ], [ 140.767166840000016, 41.14546561 ], [ 140.767098780000026, 41.14552172 ], [ 140.766927110000012, 41.14550117 ], [ 140.76676322000003, 41.14550117 ], [ 140.766670440000013, 41.14547908 ], [ 140.76666667, 41.1454782 ], [ 140.76659294000001, 41.14546061 ], [ 140.76653128, 41.14539005 ], [ 140.76653239, 41.14535505 ], [ 140.76648739, 41.14531256 ], [ 140.766451280000013, 41.14529422 ], [ 140.76646489, 41.14525172 ], [ 140.76646739, 41.14519089 ], [ 140.766428780000012, 41.14514423 ], [ 140.76637628, 41.14514172 ], [ 140.766353770000023, 41.14512922 ], [ 140.766381280000019, 41.14507672 ], [ 140.766384890000012, 41.14504756 ], [ 140.766337390000018, 41.14501589 ], [ 140.76635128, 41.14498172 ], [ 140.766384890000012, 41.14495839 ], [ 140.766362390000012, 41.14490839 ], [ 140.76634239, 41.14488922 ], [ 140.766378780000025, 41.14485172 ], [ 140.766401280000025, 41.14483256 ], [ 140.76639878, 41.14479839 ], [ 140.766362390000012, 41.14476672 ], [ 140.76639878, 41.14473756 ], [ 140.766436280000022, 41.14470005 ], [ 140.766471280000019, 41.14467256 ], [ 140.76646489, 41.14463256 ], [ 140.766423770000017, 41.14460256 ], [ 140.76638739, 41.14458339 ], [ 140.766401280000025, 41.14455005 ], [ 140.766384890000012, 41.14449505 ], [ 140.766327390000015, 41.14447756 ], [ 140.766271280000012, 41.14446923 ], [ 140.766221280000025, 41.14448339 ], [ 140.766166280000022, 41.14445422 ], [ 140.76609406, 41.14445756 ], [ 140.76607156, 41.14447505 ], [ 140.76600406, 41.14447505 ], [ 140.765954060000013, 41.14447339 ], [ 140.76594516000003, 41.14440172 ], [ 140.765930170000019, 41.14436756 ], [ 140.765962670000022, 41.14433423 ], [ 140.76604905, 41.14430589 ], [ 140.76607655, 41.14427505 ], [ 140.766054060000016, 41.14424339 ], [ 140.76602406, 41.14419505 ], [ 140.765974060000019, 41.14417005 ], [ 140.76591516000002, 41.14416505 ], [ 140.76587905, 41.14418172 ], [ 140.76585655, 41.14422005 ], [ 140.765772670000018, 41.14419923 ], [ 140.765700170000031, 41.14419839 ], [ 140.765685160000032, 41.14421589 ], [ 140.765661560000012, 41.14424589 ], [ 140.765656550000017, 41.14428172 ], [ 140.765575160000026, 41.14429172 ], [ 140.76553905, 41.14429172 ], [ 140.765505160000032, 41.14431089 ], [ 140.76548655, 41.14434672 ], [ 140.76543156, 41.14435672 ], [ 140.765387660000016, 41.14435089 ], [ 140.765350170000033, 41.14435672 ], [ 140.765330170000027, 41.14439089 ], [ 140.765324060000012, 41.14443339 ], [ 140.765237660000025, 41.14443089 ], [ 140.76517156, 41.14443922 ], [ 140.76514905, 41.14448589 ], [ 140.765074060000018, 41.14450505 ], [ 140.765051560000018, 41.14453172 ], [ 140.765057660000025, 41.14457923 ], [ 140.765050170000023, 41.14460256 ], [ 140.76502267, 41.14461505 ], [ 140.76499406, 41.14463672 ], [ 140.76497516, 41.14466839 ], [ 140.764982670000023, 41.14469339 ], [ 140.764949050000013, 41.14472505 ], [ 140.76491905, 41.14475005 ], [ 140.764935160000022, 41.14478423 ], [ 140.764960170000023, 41.14480672 ], [ 140.764960170000023, 41.14482839 ], [ 140.76494406, 41.14484672 ], [ 140.76491905, 41.14486422 ], [ 140.76491017, 41.14488089 ], [ 140.76493905000001, 41.14492089 ], [ 140.76493905000001, 41.14494172 ], [ 140.764925160000018, 41.14494756 ], [ 140.764912670000029, 41.14496089 ], [ 140.764905160000012, 41.14499922 ], [ 140.76491655, 41.14502589 ], [ 140.764930170000014, 41.14506589 ], [ 140.76488516, 41.14508089 ], [ 140.76484905, 41.14511256 ], [ 140.76484905, 41.14514423 ], [ 140.764837660000012, 41.14516505 ], [ 140.76481406000002, 41.14517256 ], [ 140.764732670000029, 41.14520089 ], [ 140.764687660000021, 41.14524756 ], [ 140.764656550000012, 41.14524922 ], [ 140.764627660000031, 41.14525756 ], [ 140.764595160000027, 41.14527505 ], [ 140.76457905, 41.14529422 ], [ 140.764565160000018, 41.14531923 ], [ 140.76453905, 41.14534172 ], [ 140.76446406, 41.14535839 ], [ 140.764420170000022, 41.14538672 ], [ 140.764405160000024, 41.14541505 ], [ 140.764337660000024, 41.14546005 ], [ 140.76430156, 41.14547089 ], [ 140.764285160000014, 41.14549923 ], [ 140.76428406, 41.14554256 ], [ 140.76423406, 41.14557422 ], [ 140.76420406, 41.14562256 ], [ 140.76418905, 41.14564589 ], [ 140.764225160000024, 41.14569005 ], [ 140.764242670000016, 41.14573005 ], [ 140.76422267, 41.14577256 ], [ 140.76418905, 41.14579256 ], [ 140.76420017, 41.14583172 ], [ 140.764217660000014, 41.14585672 ], [ 140.76420406, 41.14591172 ], [ 140.76420017, 41.14595756 ], [ 140.76424516000003, 41.14599756 ], [ 140.764247660000024, 41.14602756 ], [ 140.764217660000014, 41.14605256 ], [ 140.76425655, 41.14608256 ], [ 140.76423406, 41.14613256 ], [ 140.764220170000016, 41.14617089 ], [ 140.76423655, 41.14620422 ], [ 140.764220170000016, 41.14623144 ], [ 140.764172670000022, 41.14628228 ], [ 140.76416655, 41.14632144 ], [ 140.764167660000027, 41.14635978 ], [ 140.76414406, 41.14639978 ], [ 140.764102670000028, 41.14644395 ], [ 140.76411156, 41.14656895 ], [ 140.764136550000018, 41.14660811 ], [ 140.764122670000035, 41.14667811 ], [ 140.764120170000012, 41.14672478 ], [ 140.76414406, 41.14677144 ], [ 140.764162670000019, 41.14684144 ], [ 140.764160170000025, 41.14687978 ], [ 140.764151560000016, 41.14689561 ], [ 140.764151560000016, 41.14691228 ], [ 140.764136550000018, 41.14692395 ], [ 140.764136550000018, 41.14694061 ], [ 140.764157660000023, 41.14696811 ], [ 140.76417156, 41.14699561 ], [ 140.76414655, 41.14705644 ], [ 140.764165160000033, 41.14709895 ], [ 140.764174060000016, 41.14713228 ], [ 140.764190170000035, 41.14715311 ], [ 140.764180170000031, 41.14718311 ], [ 140.764165160000033, 41.14720228 ], [ 140.764151560000016, 41.14723811 ], [ 140.76419655, 41.14727144 ], [ 140.76417156, 41.14735144 ], [ 140.76418156, 41.14741395 ], [ 140.764205160000017, 41.14745228 ], [ 140.76417655, 41.14749895 ], [ 140.764182670000025, 41.14754311 ], [ 140.76419655, 41.14755395 ], [ 140.76421156, 41.14759395 ], [ 140.76420017, 41.14763728 ], [ 140.764197670000016, 41.14767895 ], [ 140.764217660000014, 41.14769811 ], [ 140.764250170000025, 41.14771895 ], [ 140.76425655, 41.14776228 ], [ 140.76425655, 41.14784144 ], [ 140.76429489, 41.14784811 ], [ 140.764331280000022, 41.14785395 ], [ 140.764344890000018, 41.14789811 ], [ 140.76435988, 41.14793144 ], [ 140.76435988, 41.14795395 ], [ 140.764387390000024, 41.14798061 ], [ 140.76438988000001, 41.14802728 ], [ 140.764412390000018, 41.14803564 ], [ 140.76445128, 41.1480398 ], [ 140.764478780000019, 41.14807731 ], [ 140.764521280000025, 41.14811564 ], [ 140.764582390000015, 41.14811731 ], [ 140.764623770000014, 41.1481198 ], [ 140.764657390000025, 41.14814064 ], [ 140.76465128000001, 41.14819731 ], [ 140.764637390000019, 41.1482548 ], [ 140.764623770000014, 41.14830897 ], [ 140.764634890000025, 41.1483598 ], [ 140.764672390000015, 41.14839897 ], [ 140.764672390000015, 41.14846064 ], [ 140.764751280000013, 41.14847231 ], [ 140.764794890000019, 41.14854397 ], [ 140.764836280000026, 41.14856231 ], [ 140.764851280000016, 41.14856813 ], [ 140.76491239, 41.14861397 ], [ 140.76499988, 41.14861313 ], [ 140.765032390000016, 41.14860731 ], [ 140.76508239, 41.14866397 ], [ 140.76514377, 41.14867869 ], [ 140.765202390000013, 41.14867897 ], [ 140.76521628, 41.1487712 ], [ 140.765193770000025, 41.14879286 ], [ 140.765178780000014, 41.14883203 ], [ 140.76517988, 41.14887703 ], [ 140.765209880000015, 41.14890036 ], [ 140.765177390000019, 41.1489612 ], [ 140.765173770000018, 41.14899869 ], [ 140.76519128000001, 41.1490262 ], [ 140.76520739, 41.14905203 ], [ 140.76519128000001, 41.14913369 ], [ 140.76522377, 41.14915286 ], [ 140.76526128, 41.14918453 ], [ 140.76526128, 41.14926036 ], [ 140.76533489000002, 41.14930786 ], [ 140.76533489000002, 41.14937286 ], [ 140.76534239, 41.14938369 ], [ 140.765367390000023, 41.14940869 ], [ 140.76540128000002, 41.14940869 ], [ 140.765409880000021, 41.14948536 ], [ 140.765423770000012, 41.1494912 ], [ 140.765462360000015, 41.1495012 ], [ 140.765487370000017, 41.14952453 ], [ 140.765518750000012, 41.14955869 ], [ 140.765596250000016, 41.1495562 ], [ 140.76561737, 41.14959203 ], [ 140.765629860000018, 41.14962786 ], [ 140.76567737000002, 41.14965369 ], [ 140.765743750000013, 41.14969953 ], [ 140.765768760000014, 41.14971203 ], [ 140.76580236, 41.14969786 ], [ 140.76583876, 41.14970203 ], [ 140.76587125, 41.14973869 ], [ 140.765899860000019, 41.14974787 ], [ 140.765947370000021, 41.14974369 ], [ 140.76599737, 41.14976703 ], [ 140.76605375, 41.1497562 ], [ 140.76608375, 41.14973369 ], [ 140.766097370000011, 41.14979869 ], [ 140.766081250000013, 41.1498412 ], [ 140.76603986, 41.14984703 ], [ 140.766031240000018, 41.14988287 ], [ 140.766048760000018, 41.14992453 ], [ 140.766048760000018, 41.14993369 ], [ 140.766048760000018, 41.1499412 ], [ 140.76612375000002, 41.14994369 ], [ 140.76612375000002, 41.14999647 ], [ 140.76612375000002, 41.15 ], [ 140.76612375000002, 41.15003703 ], [ 140.766131240000021, 41.15005369 ], [ 140.76618597, 41.15007369 ], [ 140.766182090000029, 41.15013453 ], [ 140.766227080000021, 41.15017787 ], [ 140.76628097, 41.15017869 ], [ 140.766324580000031, 41.15021703 ], [ 140.766324580000031, 41.15024536 ], [ 140.766398470000013, 41.15024536 ], [ 140.76643597, 41.15023786 ], [ 140.76648348, 41.15021286 ], [ 140.76653708, 41.15021453 ], [ 140.76662348, 41.15030953 ], [ 140.766555970000013, 41.1503162 ], [ 140.766539580000028, 41.15036369 ], [ 140.766539580000028, 41.15037536 ], [ 140.76652597, 41.15042786 ], [ 140.766465970000013, 41.15045369 ], [ 140.76642847, 41.15046787 ], [ 140.766417080000025, 41.15050369 ], [ 140.766430970000016, 41.15055453 ], [ 140.76642458, 41.15058536 ], [ 140.766372090000033, 41.15059203 ], [ 140.766369590000011, 41.15063036 ], [ 140.766385970000016, 41.15065703 ], [ 140.76638097, 41.15070369 ], [ 140.76635847, 41.15072869 ], [ 140.76637847, 41.1507712 ], [ 140.766419580000019, 41.15077787 ], [ 140.76645097, 41.15080453 ], [ 140.766465970000013, 41.15084787 ], [ 140.766510970000013, 41.15089287 ], [ 140.766554580000019, 41.15089287 ], [ 140.766600970000013, 41.15088536 ], [ 140.76665097, 41.15086369 ], [ 140.766655970000016, 41.15089536 ], [ 140.76666667, 41.15090289 ], [ 140.766670410000017, 41.15090556 ], [ 140.76672097, 41.1509412 ], [ 140.766745970000017, 41.15099203 ], [ 140.76679597, 41.15100287 ], [ 140.76683847000001, 41.15099869 ], [ 140.76689348, 41.15096453 ], [ 140.766929590000018, 41.15096869 ], [ 140.766938470000014, 41.15103036 ], [ 140.76698847, 41.15106787 ], [ 140.76699348, 41.15116869 ], [ 140.767022090000012, 41.15119869 ], [ 140.767079580000029, 41.15122341 ], [ 140.76709097, 41.15128675 ], [ 140.767108470000011, 41.15131592 ], [ 140.767149580000023, 41.15133092 ], [ 140.767149580000023, 41.15135425 ], [ 140.767097080000013, 41.15138341 ], [ 140.767097080000013, 41.15141759 ], [ 140.76706847, 41.15146175 ], [ 140.76699097, 41.15147008 ], [ 140.766963480000015, 41.15149508 ], [ 140.766949580000016, 41.15153759 ], [ 140.766929590000018, 41.15156259 ], [ 140.76691209, 41.15159675 ], [ 140.766927080000016, 41.15163259 ], [ 140.76684097, 41.15165341 ], [ 140.76680708, 41.15168175 ], [ 140.766802090000027, 41.15171925 ], [ 140.766829590000015, 41.15175841 ], [ 140.76681209000003, 41.15181341 ], [ 140.76682348, 41.15185592 ], [ 140.766863480000012, 41.15186841 ], [ 140.76687458, 41.15190092 ], [ 140.766867080000026, 41.15196841 ], [ 140.766867080000026, 41.15197925 ], [ 140.76689597, 41.15199508 ], [ 140.76691847, 41.15200425 ], [ 140.766899580000029, 41.15203925 ], [ 140.76689708, 41.15207508 ], [ 140.76692097, 41.15210092 ], [ 140.766924580000023, 41.15214092 ], [ 140.766915970000014, 41.15216592 ], [ 140.766902090000031, 41.15218759 ], [ 140.76689597, 41.15222508 ], [ 140.76694597, 41.15224425 ], [ 140.76694097, 41.15227592 ], [ 140.76690708000001, 41.15230759 ], [ 140.766909590000012, 41.15236175 ], [ 140.766909590000012, 41.15238759 ], [ 140.76689708, 41.15240759 ], [ 140.76689708, 41.15242425 ], [ 140.76686597, 41.15244175 ], [ 140.76685097, 41.15246841 ], [ 140.76686458, 41.15250675 ], [ 140.76686458, 41.15254425 ], [ 140.76682348, 41.15258425 ], [ 140.76680097, 41.15263092 ], [ 140.76681708000001, 41.15266841 ], [ 140.766825970000014, 41.15270841 ], [ 140.76681708000001, 41.15274008 ], [ 140.766787080000029, 41.15276175 ], [ 140.766773480000012, 41.15278008 ], [ 140.766767080000022, 41.15280592 ], [ 140.76677097000001, 41.15282008 ], [ 140.76677847, 41.15284092 ], [ 140.76680348, 41.15286425 ], [ 140.766834580000022, 41.15288592 ], [ 140.76680847, 41.15291425 ], [ 140.766762090000014, 41.15293425 ], [ 140.76675348, 41.15297841 ], [ 140.76677097000001, 41.15302092 ], [ 140.76674097, 41.15307175 ], [ 140.76673348, 41.15311675 ], [ 140.76675097, 41.15313675 ], [ 140.76678458, 41.15317425 ], [ 140.76672597000001, 41.15321841 ], [ 140.766703480000018, 41.15327425 ], [ 140.766737080000013, 41.15330259 ], [ 140.76672348, 41.15334675 ], [ 140.76668847, 41.15338175 ], [ 140.76668847, 41.15339259 ], [ 140.766699580000022, 41.15343841 ], [ 140.766735970000013, 41.15346175 ], [ 140.76669597, 41.15347175 ], [ 140.766670410000017, 41.15350631 ], [ 140.76666667, 41.15351139 ], [ 140.76666597, 41.15351231 ], [ 140.76663708000001, 41.15353897 ], [ 140.766607080000028, 41.15355231 ], [ 140.76654597000001, 41.15355064 ], [ 140.76652458, 41.15352231 ], [ 140.766509580000019, 41.15348092 ], [ 140.766479590000017, 41.15346841 ], [ 140.766423480000014, 41.15343675 ], [ 140.76637847, 41.15337175 ], [ 140.766323480000011, 41.15337592 ], [ 140.76630597, 41.15339841 ], [ 140.766294580000022, 41.15342841 ], [ 140.766239580000018, 41.15340008 ], [ 140.766205970000016, 41.15340675 ], [ 140.76617597, 41.15342675 ], [ 140.76613597, 41.15341508 ], [ 140.76608597, 41.15340841 ], [ 140.766038470000012, 41.15341259 ], [ 140.76601097, 41.15344008 ], [ 140.76601348, 41.15347147 ], [ 140.765949580000012, 41.15348647 ], [ 140.765892090000023, 41.15351647 ], [ 140.76588597, 41.15358564 ], [ 140.76583348, 41.15360647 ], [ 140.76580458, 41.15362147 ], [ 140.765768470000012, 41.15365313 ], [ 140.76575097, 41.15369647 ], [ 140.76575097, 41.15373064 ], [ 140.765745970000012, 41.1537748 ], [ 140.765699580000017, 41.15379814 ], [ 140.76569348000001, 41.15383647 ], [ 140.76569348000001, 41.1538898 ], [ 140.765623480000016, 41.15392314 ], [ 140.765589580000011, 41.15395231 ], [ 140.76557348, 41.15398397 ], [ 140.76560097, 41.1540198 ], [ 140.765639580000027, 41.1540348 ], [ 140.765632090000025, 41.15408147 ], [ 140.76567097, 41.15411397 ], [ 140.765745970000012, 41.15413397 ], [ 140.76572097, 41.15424231 ], [ 140.76574348, 41.1542648 ], [ 140.76575847, 41.15427647 ], [ 140.76580458, 41.15427813 ], [ 140.765837080000011, 41.1542698 ], [ 140.76587348000001, 41.15429564 ], [ 140.76591597, 41.15428731 ], [ 140.765977080000027, 41.1542698 ], [ 140.766004580000015, 41.1542998 ], [ 140.766027080000015, 41.1543498 ], [ 140.766063480000014, 41.15437231 ], [ 140.76615847, 41.15437147 ], [ 140.76623097, 41.15437314 ], [ 140.766308470000013, 41.15442397 ], [ 140.76635597, 41.15442564 ], [ 140.76642597, 41.1544198 ], [ 140.766464580000019, 41.15439397 ], [ 140.76657597, 41.15442147 ], [ 140.766600970000013, 41.15440064 ], [ 140.76662348, 41.15438813 ], [ 140.76666667, 41.15441761 ], [ 140.766670410000017, 41.15442017 ], [ 140.766682090000018, 41.15442814 ], [ 140.76672097, 41.15443647 ], [ 140.76672597000001, 41.15446147 ], [ 140.76674097, 41.15449147 ], [ 140.766779580000019, 41.15453147 ], [ 140.76678458, 41.15455231 ], [ 140.766759580000013, 41.1545798 ], [ 140.766752090000011, 41.1546048 ], [ 140.766757080000019, 41.15464897 ], [ 140.766670410000017, 41.15467195 ], [ 140.76666667, 41.15467295 ], [ 140.766659590000017, 41.1546748 ], [ 140.76662847, 41.1546998 ], [ 140.766603480000015, 41.1547548 ], [ 140.766523480000018, 41.15475064 ], [ 140.766475970000016, 41.15476564 ], [ 140.76645097, 41.1547998 ], [ 140.76642847, 41.15483731 ], [ 140.76642209000002, 41.1548648 ], [ 140.766342090000023, 41.1548498 ], [ 140.766309580000012, 41.1548848 ], [ 140.766287080000012, 41.15491314 ], [ 140.766279590000011, 41.15494064 ], [ 140.766279590000011, 41.15495814 ], [ 140.766317080000022, 41.15498314 ], [ 140.766302090000011, 41.1550198 ], [ 140.766302090000011, 41.15504231 ], [ 140.766294580000022, 41.15508147 ], [ 140.766317080000022, 41.15509314 ], [ 140.766339580000022, 41.15510397 ], [ 140.76642847, 41.15511314 ], [ 140.76643597, 41.15516647 ], [ 140.76645097, 41.1551898 ], [ 140.766469300000011, 41.15521897 ], [ 140.766453190000021, 41.15528813 ], [ 140.76646431, 41.15533064 ], [ 140.7665207, 41.15534314 ], [ 140.766545690000015, 41.15538564 ], [ 140.766548200000017, 41.15545731 ], [ 140.766516810000013, 41.15548897 ], [ 140.76653431, 41.15553064 ], [ 140.766545690000015, 41.15557064 ], [ 140.766545690000015, 41.1556448 ], [ 140.766570700000017, 41.1556748 ], [ 140.7665618, 41.15571814 ], [ 140.766516810000013, 41.15577564 ], [ 140.7664982, 41.15581813 ], [ 140.766511800000018, 41.15585564 ], [ 140.7664982, 41.1558898 ], [ 140.76643569, 41.15596536 ], [ 140.766448200000013, 41.15599869 ], [ 140.76646681, 41.15603203 ], [ 140.766494310000013, 41.1560662 ], [ 140.766494310000013, 41.15610787 ], [ 140.766488200000026, 41.15615703 ], [ 140.766488200000026, 41.15617369 ], [ 140.7665393, 41.15622453 ], [ 140.7665618, 41.15625286 ], [ 140.76652569, 41.1563062 ], [ 140.7665318, 41.1563712 ], [ 140.766589300000021, 41.1563862 ], [ 140.7665993, 41.15642703 ], [ 140.766591800000015, 41.15644953 ], [ 140.766618200000011, 41.15647036 ], [ 140.76666667, 41.15647203 ], [ 140.766670410000017, 41.15647214 ], [ 140.76671681000002, 41.15647369 ], [ 140.766718200000014, 41.15653453 ], [ 140.76677569, 41.15658536 ], [ 140.76678569, 41.15666953 ], [ 140.766816810000023, 41.1566762 ], [ 140.7669482, 41.15668703 ], [ 140.7670118, 41.15673703 ], [ 140.767068200000011, 41.15674786 ], [ 140.767100700000015, 41.15677286 ], [ 140.7671507, 41.15680287 ], [ 140.7672407, 41.15681536 ], [ 140.767324310000021, 41.1568112 ], [ 140.767385690000026, 41.15685703 ], [ 140.7674293, 41.15684703 ], [ 140.767480700000021, 41.15684036 ], [ 140.767513190000017, 41.15685286 ], [ 140.767558200000025, 41.1568662 ], [ 140.767596810000015, 41.15689953 ], [ 140.767680700000028, 41.15690786 ], [ 140.767708200000015, 41.15694536 ], [ 140.767708200000015, 41.15699703 ], [ 140.76769431, 41.15707953 ], [ 140.7676193, 41.1570912 ], [ 140.767583190000011, 41.15712869 ], [ 140.767574310000015, 41.1571512 ], [ 140.7675993, 41.15719369 ], [ 140.76764681, 41.15720203 ], [ 140.767671800000016, 41.15720203 ], [ 140.7677118, 41.1572462 ], [ 140.76775569, 41.15728453 ], [ 140.767805690000017, 41.15727203 ], [ 140.767834310000012, 41.15725453 ], [ 140.767876810000018, 41.15723703 ], [ 140.767921800000011, 41.1572812 ], [ 140.76795569, 41.1573062 ], [ 140.767983190000024, 41.1573212 ], [ 140.768046810000016, 41.15732786 ], [ 140.768121800000017, 41.15731703 ], [ 140.768155690000015, 41.15732786 ], [ 140.768169300000011, 41.15738953 ], [ 140.7681982, 41.15742453 ], [ 140.768194310000013, 41.15745369 ], [ 140.76818319, 41.15747703 ], [ 140.768169300000011, 41.15752536 ], [ 140.768189300000017, 41.15757369 ], [ 140.7682093, 41.15760787 ], [ 140.7681982, 41.1576712 ], [ 140.76818681, 41.15770869 ], [ 140.768223190000015, 41.15774036 ], [ 140.7682293, 41.1577612 ], [ 140.7682293, 41.15777286 ], [ 140.768211800000017, 41.1578012 ], [ 140.768214030000024, 41.15783453 ], [ 140.768236520000016, 41.15787536 ], [ 140.76825542, 41.1579112 ], [ 140.768236520000016, 41.15794869 ], [ 140.76821652000001, 41.15798453 ], [ 140.76822542, 41.1580312 ], [ 140.76825403, 41.15806703 ], [ 140.768236520000016, 41.15810536 ], [ 140.768237910000011, 41.15814703 ], [ 140.768249030000021, 41.15818869 ], [ 140.768262920000012, 41.15821453 ], [ 140.768282920000019, 41.15823536 ], [ 140.768285420000012, 41.15827286 ], [ 140.768248, 41.1583298 ], [ 140.768246520000019, 41.15833203 ], [ 140.76824733, 41.15833333 ], [ 140.76828791, 41.15839953 ], [ 140.76826791, 41.15844786 ], [ 140.768244030000034, 41.15851008 ], [ 140.768274030000015, 41.15855925 ], [ 140.768285420000012, 41.15860592 ], [ 140.768229030000015, 41.15866259 ], [ 140.768201530000027, 41.15872592 ], [ 140.768201530000027, 41.15877425 ], [ 140.768124030000024, 41.15885008 ], [ 140.768131530000034, 41.15893675 ], [ 140.76808791, 41.15896092 ], [ 140.76805791000001, 41.15897175 ], [ 140.76802042, 41.15902259 ], [ 140.76800542, 41.15907841 ], [ 140.76793652, 41.15912092 ], [ 140.767906520000025, 41.15918592 ], [ 140.767914030000014, 41.15923841 ], [ 140.767866520000013, 41.15930592 ], [ 140.767881530000011, 41.15942008 ], [ 140.76785652, 41.15947841 ], [ 140.767864030000027, 41.15950092 ], [ 140.76789292, 41.15953175 ], [ 140.767834030000017, 41.15963592 ], [ 140.767834030000017, 41.15968759 ], [ 140.767741530000023, 41.15975259 ], [ 140.76769292, 41.15981092 ], [ 140.76767791, 41.15981675 ], [ 140.76767791, 41.15985592 ], [ 140.76766292, 41.15988425 ], [ 140.76760292, 41.15989841 ], [ 140.76750791, 41.15990008 ], [ 140.76746542, 41.15994425 ], [ 140.767451530000017, 41.15996341 ], [ 140.76738791, 41.15995092 ], [ 140.76730652, 41.15994675 ], [ 140.767239030000013, 41.15996259 ], [ 140.76714292, 41.16002259 ], [ 140.76709542, 41.16003759 ], [ 140.767045420000017, 41.16008092 ], [ 140.76703791, 41.16009259 ], [ 140.76702542000001, 41.16013841 ], [ 140.76703652, 41.16018925 ], [ 140.767014030000013, 41.16022092 ], [ 140.766926520000027, 41.16030092 ], [ 140.766911530000016, 41.16032841 ], [ 140.766911530000016, 41.16034008 ], [ 140.766896520000017, 41.16037425 ], [ 140.766896520000017, 41.16039092 ], [ 140.76686652, 41.16046425 ], [ 140.766830410000011, 41.16049759 ], [ 140.76679292, 41.16055425 ], [ 140.766785420000019, 41.16057092 ], [ 140.766762920000019, 41.16062175 ], [ 140.76672542, 41.16070008 ], [ 140.766740410000011, 41.16070592 ], [ 140.766717910000011, 41.16071175 ], [ 140.766740410000011, 41.16073425 ], [ 140.766785420000019, 41.16080175 ], [ 140.766785420000019, 41.16088064 ], [ 140.76677042, 41.16093147 ], [ 140.76679292, 41.16093647 ], [ 140.766785420000019, 41.16095314 ], [ 140.766807910000011, 41.16095897 ], [ 140.76682292000001, 41.16100397 ], [ 140.76677042, 41.16109484 ], [ 140.76677791, 41.16112233 ], [ 140.766807910000011, 41.16117317 ], [ 140.766807910000011, 41.16123484 ], [ 140.76679292, 41.16124067 ], [ 140.766829030000025, 41.16127984 ], [ 140.766821530000016, 41.16133067 ], [ 140.76682542, 41.16136733 ], [ 140.766855420000013, 41.16138567 ], [ 140.76690403, 41.16140733 ], [ 140.76689292, 41.161479 ], [ 140.766919030000025, 41.161514 ], [ 140.76697292, 41.16152733 ], [ 140.767007910000018, 41.16156484 ], [ 140.76703791, 41.161629 ], [ 140.767045420000017, 41.161669 ], [ 140.767110410000015, 41.16170233 ], [ 140.76712652, 41.16174067 ], [ 140.76721652, 41.161774 ], [ 140.767270420000017, 41.1617265 ], [ 140.76742292, 41.16182733 ], [ 140.76754403000001, 41.16192733 ], [ 140.76767042, 41.16202317 ], [ 140.76773791, 41.16209067 ], [ 140.767826520000028, 41.16221484 ], [ 140.767897910000016, 41.162309 ], [ 140.76791903000003, 41.1623765 ], [ 140.76782791, 41.16241733 ], [ 140.767869030000014, 41.16246151 ], [ 140.767864030000027, 41.16253567 ], [ 140.76782791, 41.16258817 ], [ 140.767841530000027, 41.16265984 ], [ 140.76789403, 41.162659 ], [ 140.76792791, 41.16268984 ], [ 140.767886520000019, 41.1627615 ], [ 140.767921530000024, 41.162819 ], [ 140.767901530000017, 41.16295233 ], [ 140.767959030000014, 41.16296567 ], [ 140.76800791, 41.1629815 ], [ 140.767987910000016, 41.1630815 ], [ 140.76799791, 41.16312067 ], [ 140.76802903, 41.1631365 ], [ 140.768056520000016, 41.16315733 ], [ 140.768081530000018, 41.16325984 ], [ 140.768160420000015, 41.16327817 ], [ 140.76820625000002, 41.163294 ], [ 140.768191240000021, 41.16334067 ], [ 140.76817625000001, 41.16337484 ], [ 140.768247640000027, 41.16342567 ], [ 140.768251240000012, 41.16345317 ], [ 140.768243750000011, 41.16348317 ], [ 140.768253750000014, 41.16351984 ], [ 140.768295140000021, 41.1635265 ], [ 140.768317640000021, 41.16356067 ], [ 140.76832514, 41.1635715 ], [ 140.768306250000023, 41.163604 ], [ 140.76834764, 41.16364289 ], [ 140.76833263, 41.16372372 ], [ 140.76834764, 41.16376872 ], [ 140.768407640000021, 41.16377122 ], [ 140.768392630000022, 41.16386372 ], [ 140.76842263, 41.16387539 ], [ 140.76841514, 41.16391539 ], [ 140.768417640000024, 41.16394705 ], [ 140.768427640000027, 41.16399956 ], [ 140.76843876, 41.16403705 ], [ 140.768501250000014, 41.16406289 ], [ 140.76857014, 41.16408372 ], [ 140.76856014, 41.16413372 ], [ 140.768565140000021, 41.16419123 ], [ 140.76857125, 41.16420789 ], [ 140.768681250000014, 41.16431956 ], [ 140.768711240000016, 41.16440872 ], [ 140.76872764, 41.16451789 ], [ 140.76875375, 41.16460789 ], [ 140.768770140000015, 41.16473039 ], [ 140.768781250000018, 41.16482789 ], [ 140.768738750000011, 41.16492789 ], [ 140.768735140000018, 41.16499623 ], [ 140.768716250000011, 41.16512539 ], [ 140.76872764, 41.16528039 ], [ 140.768720140000028, 41.16536623 ], [ 140.768697640000028, 41.16543539 ], [ 140.768630140000027, 41.16558705 ], [ 140.76861625, 41.16562123 ], [ 140.76861625, 41.16564372 ], [ 140.76859375, 41.16569456 ], [ 140.76857125, 41.16578456 ], [ 140.768568750000014, 41.16581872 ], [ 140.768535140000012, 41.16589289 ], [ 140.768488750000017, 41.16598456 ], [ 140.76832514, 41.16617872 ], [ 140.768298750000014, 41.16620372 ], [ 140.76824263, 41.16623872 ], [ 140.76819875000001, 41.16628539 ], [ 140.768191240000021, 41.16630761 ], [ 140.76817625000001, 41.16631928 ], [ 140.76816263, 41.16635095 ], [ 140.76815375000001, 41.16634177 ], [ 140.768107640000011, 41.16634844 ], [ 140.76805514000003, 41.16635928 ], [ 140.76803014, 41.16641428 ], [ 140.76801014000003, 41.16645595 ], [ 140.76797514, 41.16647095 ], [ 140.76790263, 41.16646428 ], [ 140.76785014, 41.16647344 ], [ 140.76781514000001, 41.16649261 ], [ 140.76780514, 41.16652678 ], [ 140.767781250000013, 41.16656095 ], [ 140.767733750000019, 41.16655928 ], [ 140.76768014000001, 41.16655928 ], [ 140.767648760000014, 41.16657261 ], [ 140.767633750000016, 41.16661844 ], [ 140.76762625, 41.16665677 ], [ 140.76759314, 41.16666317 ], [ 140.767578750000013, 41.16666595 ], [ 140.7675782, 41.16666667 ], [ 140.76751625, 41.16674761 ], [ 140.767440140000019, 41.16675844 ], [ 140.76745764, 41.16683428 ], [ 140.767391240000023, 41.16685761 ], [ 140.767395140000019, 41.16694177 ], [ 140.767485140000019, 41.16694928 ], [ 140.767541240000014, 41.16697095 ], [ 140.767582630000021, 41.16703595 ], [ 140.76762625, 41.16704511 ], [ 140.767701250000016, 41.16702844 ], [ 140.767700140000017, 41.16707928 ], [ 140.76776375, 41.16712844 ], [ 140.767766250000022, 41.16721511 ], [ 140.76772263, 41.16721428 ], [ 140.76760375, 41.16721428 ], [ 140.767566250000016, 41.16719177 ], [ 140.76753625, 41.16717511 ], [ 140.767440140000019, 41.16714095 ], [ 140.767360140000022, 41.16712261 ], [ 140.767301240000023, 41.16714677 ], [ 140.767228750000015, 41.16722511 ], [ 140.767193750000018, 41.16724261 ], [ 140.767170140000019, 41.16727261 ], [ 140.767193750000018, 41.16729844 ], [ 140.767218750000012, 41.16734844 ], [ 140.76714125, 41.16735428 ], [ 140.767110140000028, 41.16738261 ], [ 140.767100140000025, 41.16741677 ], [ 140.767068750000021, 41.16739095 ], [ 140.76702764, 41.16736677 ], [ 140.766968750000018, 41.16737761 ], [ 140.76695125, 41.16740344 ], [ 140.766891250000015, 41.16738011 ], [ 140.76681514, 41.16739428 ], [ 140.766762630000017, 41.16742844 ], [ 140.76677014, 41.16743928 ], [ 140.766800140000015, 41.16747928 ], [ 140.766795140000028, 41.16752761 ], [ 140.76674764, 41.16755761 ], [ 140.766762630000017, 41.16761428 ], [ 140.766777640000015, 41.16768177 ], [ 140.766807640000025, 41.16769844 ], [ 140.766867640000015, 41.16768511 ], [ 140.76690876, 41.16771344 ], [ 140.766926250000012, 41.16778678 ], [ 140.766965140000025, 41.16779011 ], [ 140.76702764, 41.16779261 ], [ 140.767045140000022, 41.16785261 ], [ 140.76699625, 41.16786344 ], [ 140.766978750000021, 41.16792344 ], [ 140.766956250000021, 41.16794095 ], [ 140.766911240000013, 41.16796928 ], [ 140.766881250000012, 41.16805928 ], [ 140.766866250000021, 41.16807011 ], [ 140.766836250000011, 41.16811511 ], [ 140.766836250000011, 41.16814928 ], [ 140.766845140000015, 41.16819428 ], [ 140.766858750000011, 41.16821677 ], [ 140.766920140000025, 41.16822595 ], [ 140.766968750000018, 41.16823928 ], [ 140.76700625, 41.16828095 ], [ 140.76708263, 41.16829678 ], [ 140.767121240000023, 41.16827595 ], [ 140.767180140000022, 41.16825178 ], [ 140.76720124000002, 41.16823344 ], [ 140.76725625, 41.16826761 ], [ 140.767301240000023, 41.16828095 ], [ 140.76736764, 41.16827844 ], [ 140.767402630000021, 41.16827595 ], [ 140.767451240000014, 41.16830511 ], [ 140.767485140000019, 41.16834595 ], [ 140.767543750000016, 41.16835177 ], [ 140.767596250000025, 41.16834178 ], [ 140.76767014, 41.16835761 ], [ 140.767707640000026, 41.16836844 ], [ 140.767730140000026, 41.16835761 ], [ 140.76777014000001, 41.16833844 ], [ 140.76780876, 41.16832344 ], [ 140.76788625, 41.16833511 ], [ 140.76793125, 41.16832344 ], [ 140.76795764000002, 41.16828095 ], [ 140.768002630000012, 41.16824928 ], [ 140.768058750000023, 41.16823677 ], [ 140.768103750000023, 41.16824177 ], [ 140.76812375, 41.16827095 ], [ 140.76813125000001, 41.16835177 ], [ 140.768123480000014, 41.16839095 ], [ 140.76808263, 41.16839428 ], [ 140.768080140000023, 41.16843595 ], [ 140.76810236, 41.16848095 ], [ 140.768108470000016, 41.16849261 ], [ 140.768175970000016, 41.16847511 ], [ 140.768220970000016, 41.16849344 ], [ 140.76826986, 41.16853011 ], [ 140.76832597, 41.16851511 ], [ 140.768390970000013, 41.16854595 ], [ 140.76842597000001, 41.16857011 ], [ 140.76848847, 41.16856428 ], [ 140.76853348, 41.16857011 ], [ 140.76859986, 41.16860928 ], [ 140.76871097, 41.16859344 ], [ 140.76874236, 41.16864344 ], [ 140.76875737, 41.16870095 ], [ 140.768804860000017, 41.16871428 ], [ 140.76878348, 41.16876928 ], [ 140.76877847, 41.16881344 ], [ 140.76879348, 41.16883011 ], [ 140.768839860000014, 41.16886928 ], [ 140.76879097, 41.16891928 ], [ 140.768738470000017, 41.16892428 ], [ 140.76871097, 41.16898428 ], [ 140.768697370000012, 41.16902677 ], [ 140.76865486, 41.16902928 ], [ 140.76858597, 41.16902177 ], [ 140.76853348, 41.16906067 ], [ 140.76849597, 41.16909484 ], [ 140.76846097, 41.169079 ], [ 140.76838847, 41.1691265 ], [ 140.76834236000002, 41.16911817 ], [ 140.76830847, 41.16914484 ], [ 140.76825236000002, 41.16912067 ], [ 140.76818597, 41.169134 ], [ 140.76814597, 41.16917317 ], [ 140.76810986000001, 41.16916567 ], [ 140.76806847, 41.16916317 ], [ 140.7679793, 41.16917233 ], [ 140.7679493, 41.16919511 ], [ 140.767885690000014, 41.16924484 ], [ 140.767797370000011, 41.16928344 ], [ 140.767748760000018, 41.16928428 ], [ 140.767706520000019, 41.16928344 ], [ 140.76766403000002, 41.16929733 ], [ 140.76764097, 41.16932733 ], [ 140.76762847, 41.16934067 ], [ 140.76762097, 41.16937067 ], [ 140.76762097, 41.169409 ], [ 140.767648470000012, 41.16944733 ], [ 140.76766597, 41.16946817 ], [ 140.76763348, 41.169504 ], [ 140.76760348, 41.16953484 ], [ 140.767593480000016, 41.16957067 ], [ 140.76760097, 41.16961317 ], [ 140.76760348, 41.1696665 ], [ 140.76763847, 41.16970233 ], [ 140.76769348, 41.16975984 ], [ 140.767702360000015, 41.16978067 ], [ 140.767712360000019, 41.16981484 ], [ 140.76773986, 41.16984733 ], [ 140.76777236, 41.16987984 ], [ 140.767824860000019, 41.16990233 ], [ 140.76786597, 41.169914 ], [ 140.767863480000017, 41.169944 ], [ 140.76786597, 41.16997317 ], [ 140.76787847, 41.1700165 ], [ 140.76789348, 41.17003567 ], [ 140.767928470000015, 41.17006067 ], [ 140.76794597, 41.17006817 ], [ 140.767987370000014, 41.1700815 ], [ 140.76801486, 41.17008484 ], [ 140.76805737, 41.17009067 ], [ 140.768094860000019, 41.17009317 ], [ 140.76815597, 41.17008317 ], [ 140.76820847, 41.1700665 ], [ 140.768223480000017, 41.1700965 ], [ 140.76824847, 41.17011567 ], [ 140.76829486, 41.17013317 ], [ 140.768332360000016, 41.170139 ], [ 140.76838236, 41.17012733 ], [ 140.76843348, 41.17009067 ], [ 140.76847847, 41.17006233 ], [ 140.76850097, 41.17008317 ], [ 140.768547370000022, 41.17009484 ], [ 140.76858737, 41.1700965 ], [ 140.768637370000022, 41.170099 ], [ 140.76870847, 41.17007567 ], [ 140.76875486, 41.170114 ], [ 140.76875486, 41.17012484 ], [ 140.76876986000002, 41.1701815 ], [ 140.76879986, 41.17027151 ], [ 140.768829860000011, 41.17034484 ], [ 140.76884486, 41.17034484 ], [ 140.768852360000011, 41.17041233 ], [ 140.76886597, 41.17045151 ], [ 140.76886597, 41.17049067 ], [ 140.76891097, 41.17074984 ], [ 140.76891097, 41.170919 ], [ 140.768852360000011, 41.17091233 ], [ 140.76882737, 41.17095567 ], [ 140.76881486000002, 41.170954 ], [ 140.768795970000014, 41.17094484 ], [ 140.768763480000018, 41.170939 ], [ 140.768728470000013, 41.17094067 ], [ 140.76870097, 41.17094233 ], [ 140.76865737, 41.17095984 ], [ 140.76863236, 41.170979 ], [ 140.76859737, 41.171009 ], [ 140.768602360000017, 41.17105484 ], [ 140.768592360000014, 41.171074 ], [ 140.768547370000022, 41.1710965 ], [ 140.768525970000013, 41.17110984 ], [ 140.76852097, 41.17114984 ], [ 140.76853986, 41.17119984 ], [ 140.76855486, 41.1712265 ], [ 140.76858737, 41.17123984 ], [ 140.76863236, 41.17124317 ], [ 140.76864737, 41.1712515 ], [ 140.76864486, 41.17128151 ], [ 140.76865737, 41.17131984 ], [ 140.76868097, 41.17135233 ], [ 140.76869597000001, 41.17136733 ], [ 140.768715970000017, 41.1713765 ], [ 140.76874597, 41.1713765 ], [ 140.76880097, 41.17137317 ], [ 140.76884236, 41.17136567 ], [ 140.768839860000014, 41.171394 ], [ 140.76886486, 41.17143984 ], [ 140.768894860000017, 41.17146067 ], [ 140.76894486, 41.17146817 ], [ 140.76894847, 41.171499 ], [ 140.76897097, 41.17153233 ], [ 140.769023480000016, 41.17157233 ], [ 140.769052360000018, 41.17170733 ], [ 140.769052360000018, 41.17175817 ], [ 140.76908236, 41.17194372 ], [ 140.76905986, 41.17210623 ], [ 140.76904597, 41.17215705 ], [ 140.76904597, 41.17216872 ], [ 140.769030970000017, 41.17219705 ], [ 140.769030970000017, 41.17220789 ], [ 140.76901597, 41.17224705 ], [ 140.76899348, 41.17231456 ], [ 140.76896348, 41.17238289 ], [ 140.768940970000017, 41.17241039 ], [ 140.76888847, 41.17249539 ], [ 140.76887348, 41.17251205 ], [ 140.76878097, 41.17250289 ], [ 140.76871847000001, 41.17251372 ], [ 140.76871348, 41.17256705 ], [ 140.76870097, 41.17260956 ], [ 140.76866486, 41.17261122 ], [ 140.768617370000015, 41.17262039 ], [ 140.76855236, 41.17265289 ], [ 140.768525970000013, 41.17268956 ], [ 140.76854236, 41.17271205 ], [ 140.76856737, 41.17273123 ], [ 140.76859737, 41.17274622 ], [ 140.76863236, 41.17275039 ], [ 140.76869348, 41.17275039 ], [ 140.76873097, 41.17273872 ], [ 140.76877097, 41.17275789 ], [ 140.768809590000018, 41.17277872 ], [ 140.768847080000029, 41.17278789 ], [ 140.768889590000015, 41.17278789 ], [ 140.768914580000029, 41.17279205 ], [ 140.768904580000026, 41.17282789 ], [ 140.768904580000026, 41.17288539 ], [ 140.76893458, 41.17292539 ], [ 140.7689507, 41.17295623 ], [ 140.768902090000012, 41.17295956 ], [ 140.76886708, 41.17296539 ], [ 140.76883458, 41.17296956 ], [ 140.768790700000011, 41.17297872 ], [ 140.76874569, 41.17300123 ], [ 140.768720700000017, 41.17301705 ], [ 140.76870820000002, 41.17303789 ], [ 140.768705690000019, 41.17305872 ], [ 140.76873070000002, 41.17307623 ], [ 140.768693190000022, 41.17309123 ], [ 140.76866458, 41.17310289 ], [ 140.768649580000016, 41.17313705 ], [ 140.768649580000016, 41.17316956 ], [ 140.768662090000021, 41.17321289 ], [ 140.768698200000017, 41.17325456 ], [ 140.76873070000002, 41.17328372 ], [ 140.768728200000027, 41.17330289 ], [ 140.768740700000023, 41.17332956 ], [ 140.7687607, 41.17335789 ], [ 140.768809590000018, 41.17339622 ], [ 140.768862090000027, 41.17341705 ], [ 140.768909580000013, 41.17343623 ], [ 140.768894580000023, 41.17345123 ], [ 140.768869580000029, 41.17349705 ], [ 140.76885458000001, 41.17353122 ], [ 140.76885708, 41.17358039 ], [ 140.768884580000019, 41.17362623 ], [ 140.76890708000002, 41.17366872 ], [ 140.768849580000023, 41.17367372 ], [ 140.768812090000011, 41.17367623 ], [ 140.7687707, 41.17367372 ], [ 140.768753190000012, 41.17369539 ], [ 140.76874319, 41.17373872 ], [ 140.76874569, 41.17378623 ], [ 140.7686707, 41.17376205 ], [ 140.76860708000001, 41.17374872 ], [ 140.768549580000013, 41.17374623 ], [ 140.768503190000018, 41.17375372 ], [ 140.76846319, 41.17378872 ], [ 140.76844319, 41.17382872 ], [ 140.768445690000021, 41.17385123 ], [ 140.768403190000015, 41.17385123 ], [ 140.768364580000025, 41.17385705 ], [ 140.768322090000026, 41.17388705 ], [ 140.76830209000002, 41.17393872 ], [ 140.768299580000019, 41.17398039 ], [ 140.768329580000028, 41.17401289 ], [ 140.768367080000019, 41.17404705 ], [ 140.768367080000019, 41.17407039 ], [ 140.768372090000014, 41.17410456 ], [ 140.768393190000012, 41.17413122 ], [ 140.76843820000002, 41.17415956 ], [ 140.76847319, 41.17417289 ], [ 140.768508200000014, 41.17418289 ], [ 140.768567080000025, 41.17418122 ], [ 140.768594580000013, 41.17416205 ], [ 140.768592090000027, 41.17420539 ], [ 140.768609590000011, 41.17424205 ], [ 140.768634580000025, 41.17426622 ], [ 140.768688200000014, 41.17429289 ], [ 140.76873070000002, 41.17430123 ], [ 140.768698200000017, 41.17431956 ], [ 140.768678200000011, 41.17434872 ], [ 140.768673190000015, 41.17438872 ], [ 140.7686807, 41.17444789 ], [ 140.768700700000011, 41.17450123 ], [ 140.768609590000011, 41.17450289 ], [ 140.76856458, 41.17450872 ], [ 140.768505690000012, 41.17453678 ], [ 140.76847569, 41.17458428 ], [ 140.768455690000025, 41.17463595 ], [ 140.768393190000012, 41.17462095 ], [ 140.768339590000011, 41.17461261 ], [ 140.768279580000012, 41.17462095 ], [ 140.76826209, 41.17456178 ], [ 140.768243190000021, 41.17450428 ], [ 140.768200700000023, 41.17445705 ], [ 140.768158200000016, 41.17444372 ], [ 140.768094580000025, 41.17443623 ], [ 140.768059580000028, 41.17444761 ], [ 140.768049580000024, 41.17447428 ], [ 140.767999590000016, 41.17445261 ], [ 140.767950700000029, 41.17444928 ], [ 140.767893190000024, 41.17445678 ], [ 140.767853190000011, 41.17447761 ], [ 140.767832090000013, 41.17452178 ], [ 140.767840700000022, 41.17456761 ], [ 140.7678682, 41.17460511 ], [ 140.767908200000022, 41.17462595 ], [ 140.767905690000021, 41.17466428 ], [ 140.767920700000019, 41.17469095 ], [ 140.767953190000014, 41.17472511 ], [ 140.768007080000018, 41.17475761 ], [ 140.768062090000029, 41.17476511 ], [ 140.76812569, 41.17477511 ], [ 140.76812569, 41.17479178 ], [ 140.7681507, 41.17483011 ], [ 140.768170700000013, 41.17485095 ], [ 140.76821569, 41.17486428 ], [ 140.768272090000011, 41.17487595 ], [ 140.768319580000025, 41.17487177 ], [ 140.768319580000025, 41.17488928 ], [ 140.768317080000031, 41.17493344 ], [ 140.768334580000015, 41.17497677 ], [ 140.76837244, 41.17499651 ], [ 140.768374580000028, 41.17499761 ], [ 140.76838061, 41.175 ], [ 140.768423190000021, 41.17501678 ], [ 140.7683982, 41.17509678 ], [ 140.768384580000031, 41.17513677 ], [ 140.76839569, 41.17518261 ], [ 140.76840569, 41.17522095 ], [ 140.76843070000001, 41.17525678 ], [ 140.768377080000022, 41.17526261 ], [ 140.768349590000014, 41.17528178 ], [ 140.768324580000012, 41.17531595 ], [ 140.768319580000025, 41.17535761 ], [ 140.768329580000028, 41.17539178 ], [ 140.768354580000022, 41.17541511 ], [ 140.768384580000031, 41.17544178 ], [ 140.768359590000017, 41.17545511 ], [ 140.768334580000015, 41.17548344 ], [ 140.76830458, 41.17552344 ], [ 140.768277080000018, 41.17555428 ], [ 140.768272090000011, 41.17559428 ], [ 140.768274580000025, 41.17564178 ], [ 140.76831458, 41.17569511 ], [ 140.768334580000015, 41.17572011 ], [ 140.768307080000028, 41.17573677 ], [ 140.768287080000022, 41.17576177 ], [ 140.768287080000022, 41.17578844 ], [ 140.768272090000011, 41.17584344 ], [ 140.76826209, 41.17589677 ], [ 140.768279580000012, 41.17593514 ], [ 140.76830209000002, 41.17596597 ], [ 140.768287080000022, 41.17598097 ], [ 140.76826209, 41.17601513 ], [ 140.768223190000015, 41.17603764 ], [ 140.768210700000026, 41.17607014 ], [ 140.76820569, 41.1761068 ], [ 140.7682082, 41.1761218 ], [ 140.768223190000015, 41.17615264 ], [ 140.768245690000015, 41.17616597 ], [ 140.768274580000025, 41.17618097 ], [ 140.768245690000015, 41.17619431 ], [ 140.768238200000013, 41.1762018 ], [ 140.7682207, 41.17622097 ], [ 140.768213190000012, 41.17622847 ], [ 140.768180700000016, 41.17626847 ], [ 140.768165690000018, 41.17629347 ], [ 140.768170700000013, 41.1763218 ], [ 140.768180700000016, 41.17636764 ], [ 140.76821569, 41.17640764 ], [ 140.768188200000026, 41.17645931 ], [ 140.768155690000015, 41.17650513 ], [ 140.7681282, 41.17655847 ], [ 140.7681307, 41.17660347 ], [ 140.768145690000011, 41.17665513 ], [ 140.768163190000024, 41.17671264 ], [ 140.768104580000028, 41.17673514 ], [ 140.768047080000031, 41.17676931 ], [ 140.768017080000021, 41.17682264 ], [ 140.767999590000016, 41.17687264 ], [ 140.767893190000024, 41.1768518 ], [ 140.767824580000024, 41.17684597 ], [ 140.767769580000021, 41.17686513 ], [ 140.767727080000014, 41.17691264 ], [ 140.7676907, 41.17696347 ], [ 140.7676907, 41.17700764 ], [ 140.7676882, 41.17704347 ], [ 140.767628200000019, 41.17704347 ], [ 140.7675882, 41.17705514 ], [ 140.767555690000023, 41.17707847 ], [ 140.767492090000019, 41.17712153 ], [ 140.767432090000028, 41.17718987 ], [ 140.767422090000025, 41.17723403 ], [ 140.767434580000014, 41.17726486 ], [ 140.767464580000023, 41.17729153 ], [ 140.76743708, 41.17732736 ], [ 140.767434580000014, 41.17736569 ], [ 140.767434580000014, 41.17740153 ], [ 140.76746209, 41.17744736 ], [ 140.767497080000027, 41.17747403 ], [ 140.767472090000012, 41.17751569 ], [ 140.767474580000027, 41.17755403 ], [ 140.767474580000027, 41.1775882 ], [ 140.767487080000024, 41.1776132 ], [ 140.767469580000011, 41.17762236 ], [ 140.76743708, 41.17764736 ], [ 140.767410700000028, 41.17769736 ], [ 140.767380700000018, 41.17774487 ], [ 140.76738319, 41.17779069 ], [ 140.767410700000028, 41.17782236 ], [ 140.767449590000012, 41.17784569 ], [ 140.767378200000024, 41.17789736 ], [ 140.767338200000012, 41.17792153 ], [ 140.76731569, 41.17795069 ], [ 140.767310700000024, 41.17797487 ], [ 140.7673082, 41.1780132 ], [ 140.7673282, 41.17805153 ], [ 140.76734319000002, 41.17807236 ], [ 140.767378200000024, 41.17809903 ], [ 140.767429580000027, 41.17812153 ], [ 140.767467080000017, 41.17813903 ], [ 140.767447080000011, 41.17816987 ], [ 140.767429580000027, 41.1781982 ], [ 140.76742708, 41.1782282 ], [ 140.76743708, 41.1782682 ], [ 140.767434580000014, 41.17831069 ], [ 140.767413190000013, 41.17834069 ], [ 140.767390700000021, 41.17835069 ], [ 140.76737319, 41.17838069 ], [ 140.767355690000016, 41.1784132 ], [ 140.767355690000016, 41.17846487 ], [ 140.767375690000023, 41.1785032 ], [ 140.767400700000024, 41.17854653 ], [ 140.7673507, 41.17857903 ], [ 140.7673282, 41.17861153 ], [ 140.7673282, 41.17866069 ], [ 140.7673407, 41.17870653 ], [ 140.767360700000012, 41.17875069 ], [ 140.76732569, 41.17878486 ], [ 140.76729319, 41.17881153 ], [ 140.767280700000015, 41.17884153 ], [ 140.767285690000023, 41.17888569 ], [ 140.7673182, 41.17893736 ], [ 140.7673282, 41.17897736 ], [ 140.767353190000023, 41.17899987 ], [ 140.767348200000015, 41.17901153 ], [ 140.7673282, 41.17903236 ], [ 140.76730569, 41.17904987 ], [ 140.76730319, 41.1790782 ], [ 140.76730569, 41.17911986 ], [ 140.7673282, 41.17917153 ], [ 140.767368200000021, 41.17922069 ], [ 140.7673407, 41.17924236 ], [ 140.767313480000013, 41.17925541 ], [ 140.76730569, 41.17925903 ], [ 140.767290700000018, 41.17928987 ], [ 140.767288200000024, 41.17932569 ], [ 140.767298200000027, 41.17937736 ], [ 140.767338200000012, 41.1794232 ], [ 140.767368200000021, 41.1794382 ], [ 140.7673407, 41.17946903 ], [ 140.76733569000001, 41.17950069 ], [ 140.767345690000013, 41.1795332 ], [ 140.767348200000015, 41.1795732 ], [ 140.767378200000024, 41.17960987 ], [ 140.767422090000025, 41.17963986 ], [ 140.767413190000013, 41.17966903 ], [ 140.76740319000001, 41.17969569 ], [ 140.767413190000013, 41.17973708 ], [ 140.767419580000023, 41.17975625 ], [ 140.767429580000027, 41.17978459 ], [ 140.767442090000031, 41.17981541 ], [ 140.767469580000011, 41.17983792 ], [ 140.767502090000022, 41.17984792 ], [ 140.767464580000023, 41.17988375 ], [ 140.76745209, 41.17992208 ], [ 140.767449590000012, 41.17998125 ], [ 140.76745458000002, 41.18002459 ], [ 140.767479580000014, 41.18005875 ], [ 140.767497080000027, 41.18007959 ], [ 140.767459590000016, 41.18010625 ], [ 140.767444580000017, 41.18014459 ], [ 140.767434580000014, 41.18018459 ], [ 140.767442090000031, 41.18023625 ], [ 140.767469580000011, 41.18029292 ], [ 140.76741708000003, 41.18030875 ], [ 140.767390700000021, 41.18034459 ], [ 140.767358200000018, 41.18040208 ], [ 140.76734319000002, 41.18046459 ], [ 140.767348200000015, 41.18050459 ], [ 140.767380700000018, 41.18056541 ], [ 140.767338200000012, 41.18057125 ], [ 140.767298200000027, 41.18058708 ], [ 140.767252090000028, 41.18061708 ], [ 140.767214580000029, 41.18066708 ], [ 140.767212090000015, 41.18070292 ], [ 140.76722458, 41.18076792 ], [ 140.767239580000023, 41.18080041 ], [ 140.76719209, 41.18079792 ], [ 140.767162090000028, 41.18080375 ], [ 140.76712569, 41.18082459 ], [ 140.767098200000021, 41.18085875 ], [ 140.767090700000011, 41.18089875 ], [ 140.767090700000011, 41.18094459 ], [ 140.767100700000015, 41.18099459 ], [ 140.767118200000027, 41.18102708 ], [ 140.7670582, 41.18103041 ], [ 140.7670382, 41.18104041 ], [ 140.767010700000014, 41.18106292 ], [ 140.766982090000027, 41.18110708 ], [ 140.76697708, 41.18115208 ], [ 140.766989580000029, 41.18120792 ], [ 140.767008200000021, 41.18125708 ], [ 140.766984580000013, 41.18125875 ], [ 140.76695958000002, 41.18126125 ], [ 140.766929590000018, 41.18127459 ], [ 140.766914580000019, 41.18130125 ], [ 140.766899580000029, 41.18134459 ], [ 140.76689708, 41.18140041 ], [ 140.76692209, 41.18143041 ], [ 140.76695958000002, 41.18146125 ], [ 140.766927080000016, 41.18146292 ], [ 140.766894580000013, 41.18148959 ], [ 140.76687458, 41.18152041 ], [ 140.766859580000016, 41.18157541 ], [ 140.766869580000019, 41.18161959 ], [ 140.76688458000001, 41.18167041 ], [ 140.766924580000023, 41.18170125 ], [ 140.766877080000029, 41.18171625 ], [ 140.766862090000018, 41.18174875 ], [ 140.766840700000017, 41.18179459 ], [ 140.766830700000014, 41.18184625 ], [ 140.766840410000015, 41.18188208 ], [ 140.7668693, 41.18191792 ], [ 140.766832920000013, 41.18192208 ], [ 140.766810420000013, 41.18193708 ], [ 140.76679292, 41.18197125 ], [ 140.76677292, 41.18202292 ], [ 140.76678042, 41.18208208 ], [ 140.76680542, 41.18213959 ], [ 140.76674791, 41.18217959 ], [ 140.76671681000002, 41.18221513 ], [ 140.7666893, 41.18226514 ], [ 140.766681800000015, 41.18231264 ], [ 140.766696810000013, 41.18236597 ], [ 140.766730420000016, 41.18242097 ], [ 140.7666893, 41.18252597 ], [ 140.766671800000012, 41.18259431 ], [ 140.7666893, 41.18263597 ], [ 140.76671681000002, 41.18267847 ], [ 140.766752920000016, 41.18270264 ], [ 140.7667093, 41.18273514 ], [ 140.766704310000023, 41.18276764 ], [ 140.76671431, 41.18282264 ], [ 140.766730420000016, 41.18287264 ], [ 140.766762920000019, 41.18293931 ], [ 140.766817910000015, 41.18299097 ], [ 140.766752920000016, 41.18299264 ], [ 140.76673292000001, 41.18299847 ], [ 140.76667681, 41.18300431 ], [ 140.766670410000017, 41.18300644 ], [ 140.76666667, 41.18300769 ], [ 140.7666318, 41.18301931 ], [ 140.766594310000016, 41.18304431 ], [ 140.76657791, 41.18308764 ], [ 140.766557910000017, 41.18313347 ], [ 140.766492920000019, 41.1831318 ], [ 140.76644292, 41.18313764 ], [ 140.76639431000001, 41.18317764 ], [ 140.76637431, 41.18322513 ], [ 140.76637431, 41.1832668 ], [ 140.7663818, 41.1833068 ], [ 140.766324310000016, 41.18332014 ], [ 140.76630234000001, 41.18332986 ], [ 140.76629447000002, 41.18333333 ], [ 140.766290410000011, 41.18333513 ], [ 140.76626791000001, 41.18336013 ], [ 140.76626791000001, 41.18341513 ], [ 140.76631681, 41.18346097 ], [ 140.76636431, 41.18347597 ], [ 140.76641681000001, 41.18348597 ], [ 140.76647791, 41.18347431 ], [ 140.766480410000014, 41.18349764 ], [ 140.766490410000017, 41.1835218 ], [ 140.76651042, 41.18354097 ], [ 140.766550420000016, 41.18355431 ], [ 140.766614310000023, 41.18356931 ], [ 140.7666518, 41.18356764 ], [ 140.76666667, 41.18356503 ], [ 140.766670410000017, 41.18356436 ], [ 140.76669431000002, 41.18356013 ], [ 140.766750410000014, 41.18352764 ], [ 140.76679292, 41.18348597 ], [ 140.766807910000011, 41.18350264 ], [ 140.766830410000011, 41.18352014 ], [ 140.766855420000013, 41.18353764 ], [ 140.76690431, 41.18355264 ], [ 140.766951800000015, 41.18355847 ], [ 140.76694681, 41.18357513 ], [ 140.76694681, 41.18363847 ], [ 140.766961800000018, 41.1836668 ], [ 140.7669918, 41.1836918 ], [ 140.76702791, 41.1837218 ], [ 140.7669793, 41.18373931 ], [ 140.76694681, 41.18376597 ], [ 140.7669218, 41.18379097 ], [ 140.76691681, 41.18382347 ], [ 140.76691431, 41.18387264 ], [ 140.7669318, 41.1839168 ], [ 140.766906810000023, 41.1839218 ], [ 140.766852920000019, 41.1839318 ], [ 140.766832920000013, 41.18394514 ], [ 140.766810420000013, 41.1839618 ], [ 140.76679042, 41.1839968 ], [ 140.76678791, 41.18403264 ], [ 140.76679042, 41.1840668 ], [ 140.766830410000011, 41.1841068 ], [ 140.7668693, 41.18413347 ], [ 140.766830410000011, 41.1841468 ], [ 140.76677292, 41.18417513 ], [ 140.76677042, 41.18420431 ], [ 140.766760410000018, 41.18425347 ], [ 140.766762920000019, 41.18428764 ], [ 140.766775420000016, 41.18431431 ], [ 140.76679542, 41.18433513 ], [ 140.76677042, 41.18433014 ], [ 140.76671681000002, 41.18432431 ], [ 140.766696810000013, 41.18432431 ], [ 140.76667681, 41.18432597 ], [ 140.766670410000017, 41.18432672 ], [ 140.76666667, 41.18432717 ], [ 140.7666418, 41.18433014 ], [ 140.766606810000013, 41.18433347 ], [ 140.766562920000013, 41.18433931 ], [ 140.76653542, 41.18435264 ], [ 140.76652292, 41.18438097 ], [ 140.76652791, 41.18441514 ], [ 140.766540420000013, 41.18446097 ], [ 140.76651042, 41.18445931 ], [ 140.766492920000019, 41.18445347 ], [ 140.766457910000014, 41.18445764 ], [ 140.7663918, 41.18449931 ], [ 140.76637431, 41.1845568 ], [ 140.76637681, 41.18460764 ], [ 140.76637681, 41.18464431 ], [ 140.76638681, 41.1846668 ], [ 140.766324310000016, 41.18465347 ], [ 140.766290410000011, 41.18465347 ], [ 140.76625791, 41.18465764 ], [ 140.766225420000012, 41.1846768 ], [ 140.76620791, 41.1847068 ], [ 140.766202920000012, 41.18474653 ], [ 140.766202920000012, 41.18480236 ], [ 140.76616542, 41.18479403 ], [ 140.76612431, 41.18478903 ], [ 140.7660893, 41.1847982 ], [ 140.76603431, 41.18481569 ], [ 140.76598292, 41.18486487 ], [ 140.76597292, 41.18491653 ], [ 140.76598292, 41.18495987 ], [ 140.76591542, 41.18495069 ], [ 140.76589042, 41.18496736 ], [ 140.7658418, 41.18498903 ], [ 140.765796810000012, 41.18502653 ], [ 140.76578681, 41.18506653 ], [ 140.76578681, 41.18511236 ], [ 140.76573542, 41.18508987 ], [ 140.76567791, 41.18508987 ], [ 140.76561292, 41.1851032 ], [ 140.76558431, 41.18513569 ], [ 140.76556930000001, 41.18518486 ], [ 140.76556930000001, 41.18523987 ], [ 140.7655393, 41.18523069 ], [ 140.76549431, 41.18522653 ], [ 140.765466810000021, 41.18522903 ], [ 140.76543292, 41.18524987 ], [ 140.765400410000012, 41.18528569 ], [ 140.765377910000012, 41.18534653 ], [ 140.765370420000011, 41.18539487 ], [ 140.765392920000011, 41.18544292 ], [ 140.76539542, 41.1854482 ], [ 140.76536042, 41.1854532 ], [ 140.76533292, 41.18547236 ], [ 140.765309300000013, 41.18549903 ], [ 140.7652893, 41.18554153 ], [ 140.76528431, 41.1855832 ], [ 140.765309300000013, 41.18562153 ], [ 140.765324310000011, 41.18564569 ], [ 140.76530431, 41.18565569 ], [ 140.7652818, 41.18566153 ], [ 140.765274310000024, 41.18566903 ], [ 140.765254310000017, 41.18569903 ], [ 140.7652318, 41.18573903 ], [ 140.76521681, 41.1857832 ], [ 140.765229300000016, 41.1858382 ], [ 140.76526431000002, 41.18586153 ], [ 140.765239300000019, 41.18586653 ], [ 140.7652218, 41.18587986 ], [ 140.7652118, 41.18589903 ], [ 140.76519431, 41.18594487 ], [ 140.7651893, 41.1860082 ], [ 140.7652018, 41.18603986 ], [ 140.76522431, 41.18607487 ], [ 140.7652018, 41.18607987 ], [ 140.76515292000002, 41.1860882 ], [ 140.765142920000017, 41.18610903 ], [ 140.76513542, 41.18615236 ], [ 140.765142920000017, 41.18618903 ], [ 140.76515042, 41.18623653 ], [ 140.76517292, 41.18626903 ], [ 140.765155420000013, 41.18626736 ], [ 140.76511542, 41.18627236 ], [ 140.76510292, 41.18628987 ], [ 140.76509791, 41.1863282 ], [ 140.76510292, 41.18637903 ], [ 140.76511542, 41.18642736 ], [ 140.76515292000002, 41.18647236 ], [ 140.765127910000018, 41.18647069 ], [ 140.76508292, 41.18647069 ], [ 140.76504431, 41.1864782 ], [ 140.7650218, 41.18651069 ], [ 140.7650193, 41.18657903 ], [ 140.7650418, 41.1866382 ], [ 140.76509042, 41.18668986 ], [ 140.76503431, 41.1867032 ], [ 140.76501431, 41.18671069 ], [ 140.7649893, 41.18673736 ], [ 140.764969300000018, 41.1867832 ], [ 140.764974310000014, 41.18683069 ], [ 140.7649893, 41.1868782 ], [ 140.764981800000015, 41.18688069 ], [ 140.7649418, 41.18687653 ], [ 140.764914310000023, 41.18689153 ], [ 140.764895420000016, 41.18692236 ], [ 140.76488791, 41.18694736 ], [ 140.764895420000016, 41.1869982 ], [ 140.764911800000021, 41.18703653 ], [ 140.76494431, 41.18706903 ], [ 140.764936810000023, 41.18708625 ], [ 140.7649318, 41.18710708 ], [ 140.7649293, 41.18713708 ], [ 140.764936810000023, 41.18716959 ], [ 140.764959300000015, 41.18721125 ], [ 140.764991800000018, 41.18724792 ], [ 140.76503681, 41.18727292 ], [ 140.7650118, 41.18728041 ], [ 140.764991800000018, 41.18730292 ], [ 140.764981800000015, 41.18731792 ], [ 140.764971800000012, 41.18734125 ], [ 140.76496681, 41.18737541 ], [ 140.76497681, 41.18740625 ], [ 140.765006810000017, 41.18743792 ], [ 140.765050410000015, 41.18747625 ], [ 140.76501681000002, 41.18751792 ], [ 140.7650093, 41.18757708 ], [ 140.765006810000017, 41.18760375 ], [ 140.7650293, 41.18764375 ], [ 140.76505791, 41.18768375 ], [ 140.7650318, 41.18768959 ], [ 140.765001800000022, 41.18770292 ], [ 140.764974310000014, 41.18772041 ], [ 140.76495681, 41.18775041 ], [ 140.76494681, 41.18779459 ], [ 140.76495681, 41.18784375 ], [ 140.7650193, 41.18787459 ], [ 140.764984310000017, 41.18787625 ], [ 140.764949300000012, 41.18789375 ], [ 140.76492431, 41.18791292 ], [ 140.7649193, 41.18794875 ], [ 140.7649193, 41.18799292 ], [ 140.76493431, 41.18802541 ], [ 140.764959300000015, 41.18807041 ], [ 140.7649893, 41.18810125 ], [ 140.76495431, 41.18810292 ], [ 140.7649193, 41.18811459 ], [ 140.764882920000019, 41.18814292 ], [ 140.76486791, 41.18817208 ], [ 140.76486542, 41.18820959 ], [ 140.76487791, 41.18826292 ], [ 140.764916810000017, 41.18831292 ], [ 140.764885420000013, 41.18831625 ], [ 140.764850420000016, 41.18832792 ], [ 140.76482791, 41.18836375 ], [ 140.76482542, 41.18841208 ], [ 140.764837910000011, 41.18845375 ], [ 140.764880410000018, 41.18849708 ], [ 140.764850420000016, 41.18850292 ], [ 140.76481791, 41.18851125 ], [ 140.764795420000013, 41.18855125 ], [ 140.76478791, 41.18859459 ], [ 140.76479791, 41.18864959 ], [ 140.76480292, 41.18868208 ], [ 140.764847910000015, 41.18870708 ], [ 140.76481292, 41.18871125 ], [ 140.76477791, 41.18872459 ], [ 140.7647593, 41.18875625 ], [ 140.7647493, 41.18880959 ], [ 140.764756810000023, 41.18885959 ], [ 140.76476431, 41.18889375 ], [ 140.764795420000013, 41.18892459 ], [ 140.76474681000002, 41.18893208 ], [ 140.764714310000016, 41.18896208 ], [ 140.7646918, 41.18899875 ], [ 140.76468431, 41.18904792 ], [ 140.7647193, 41.18912041 ], [ 140.7647618, 41.18916208 ], [ 140.76471681000001, 41.18917208 ], [ 140.7646693, 41.18918125 ], [ 140.76465431, 41.18921541 ], [ 140.7646518, 41.18925541 ], [ 140.7646593, 41.18930125 ], [ 140.764679300000012, 41.18934875 ], [ 140.764644310000023, 41.18933792 ], [ 140.764592920000013, 41.18934125 ], [ 140.764535420000016, 41.18938541 ], [ 140.764497910000017, 41.18942875 ], [ 140.764500410000011, 41.18947875 ], [ 140.76451542, 41.18952792 ], [ 140.7644593, 41.18953513 ], [ 140.76443681, 41.1895618 ], [ 140.7644218, 41.18960431 ], [ 140.764429300000018, 41.18965013 ], [ 140.7644493, 41.18968764 ], [ 140.76447431, 41.18973013 ], [ 140.76442681, 41.18975847 ], [ 140.7643993, 41.18978513 ], [ 140.7643918, 41.1898268 ], [ 140.76440681, 41.18987097 ], [ 140.764441800000014, 41.1899068 ], [ 140.76448431, 41.1899218 ], [ 140.76442681, 41.18994847 ], [ 140.76439431, 41.1899868 ], [ 140.76438431, 41.19002513 ], [ 140.76438431, 41.19008597 ], [ 140.7644018, 41.19012431 ], [ 140.7644493, 41.19013597 ], [ 140.7643993, 41.19015264 ], [ 140.764371800000021, 41.19016764 ], [ 140.7643693, 41.19019264 ], [ 140.764374310000022, 41.19024014 ], [ 140.7643918, 41.19029347 ], [ 140.76441681, 41.19034513 ], [ 140.7644493, 41.19036431 ], [ 140.764409300000011, 41.19038347 ], [ 140.7643918, 41.19040764 ], [ 140.764386810000019, 41.19045013 ], [ 140.7644018, 41.19049931 ], [ 140.764444310000016, 41.19054931 ], [ 140.7644718, 41.19057764 ], [ 140.7644218, 41.1906118 ], [ 140.76440431, 41.19064264 ], [ 140.764386810000019, 41.1906668 ], [ 140.76439431, 41.1907068 ], [ 140.7644218, 41.19075264 ], [ 140.764451800000018, 41.1907968 ], [ 140.7644718, 41.1908118 ], [ 140.76444681000001, 41.19082097 ], [ 140.7643818, 41.19083431 ], [ 140.764351800000014, 41.19084431 ], [ 140.76430292, 41.19085931 ], [ 140.76426791, 41.19087847 ], [ 140.764275420000018, 41.19091097 ], [ 140.76429542, 41.19096431 ], [ 140.76422542, 41.19097597 ], [ 140.764181800000017, 41.1909868 ], [ 140.764159300000017, 41.19100847 ], [ 140.764161800000011, 41.19105013 ], [ 140.764186810000012, 41.19108597 ], [ 140.76423791, 41.1911468 ], [ 140.764275420000018, 41.19116013 ], [ 140.76432041000001, 41.1911568 ], [ 140.76432791, 41.19117347 ], [ 140.764345420000012, 41.19120014 ], [ 140.764361800000017, 41.19121013 ], [ 140.76438431, 41.1912218 ], [ 140.76442681, 41.19123264 ], [ 140.7644593, 41.19123264 ], [ 140.76451791, 41.19122931 ], [ 140.764525420000012, 41.1912518 ], [ 140.76455042, 41.19128597 ], [ 140.76459791, 41.19132264 ], [ 140.764570420000013, 41.19132847 ], [ 140.76455042, 41.19135514 ], [ 140.76453791, 41.19138513 ], [ 140.76452791, 41.19141931 ], [ 140.76453042, 41.19145931 ], [ 140.76450791, 41.19145347 ], [ 140.7644693, 41.1914518 ], [ 140.764444310000016, 41.19145347 ], [ 140.7643918, 41.1914618 ], [ 140.764342920000018, 41.19148847 ], [ 140.764332920000015, 41.19153597 ], [ 140.76433791, 41.19157597 ], [ 140.764376810000016, 41.19161013 ], [ 140.764396810000022, 41.1916268 ], [ 140.7644218, 41.19165014 ], [ 140.76445881, 41.1916632 ], [ 140.764464310000022, 41.19166513 ], [ 140.764469780000013, 41.19166667 ], [ 140.764500410000011, 41.19167513 ], [ 140.76462014, 41.19169597 ], [ 140.764631530000031, 41.19172431 ], [ 140.764664030000034, 41.1917568 ], [ 140.764686520000026, 41.19177431 ], [ 140.764746520000017, 41.1917968 ], [ 140.76476403, 41.19180431 ], [ 140.764701530000025, 41.19188847 ], [ 140.764681530000018, 41.19189597 ], [ 140.764661530000012, 41.1919018 ], [ 140.764641530000034, 41.19194347 ], [ 140.764622630000019, 41.19198931 ], [ 140.764612630000016, 41.19202347 ], [ 140.76457263, 41.19200597 ], [ 140.764538750000014, 41.19199041 ], [ 140.764532630000019, 41.19198764 ], [ 140.76448652000002, 41.19197931 ], [ 140.764431800000011, 41.19198347 ], [ 140.764374310000022, 41.19199847 ], [ 140.764322920000012, 41.19203236 ], [ 140.76430542, 41.19207069 ], [ 140.764317910000017, 41.19210153 ], [ 140.76430292, 41.1921182 ], [ 140.764275420000018, 41.1921282 ], [ 140.764255420000012, 41.19214736 ], [ 140.764252920000018, 41.19218153 ], [ 140.764275420000018, 41.19221153 ], [ 140.764310140000021, 41.19226153 ], [ 140.764354030000021, 41.19229903 ], [ 140.76440403, 41.19234153 ], [ 140.764389030000018, 41.19235486 ], [ 140.764371530000034, 41.19238153 ], [ 140.764374030000027, 41.19241903 ], [ 140.76440403, 41.19246903 ], [ 140.764441530000028, 41.19249569 ], [ 140.764469030000015, 41.19250486 ], [ 140.76449263, 41.19254153 ], [ 140.76452014, 41.19257153 ], [ 140.76457514, 41.1925932 ], [ 140.764622630000019, 41.1926082 ], [ 140.764676520000023, 41.19269736 ], [ 140.764631530000031, 41.19271487 ], [ 140.76457263, 41.19275486 ], [ 140.764547640000018, 41.19277986 ], [ 140.764542630000022, 41.19280987 ], [ 140.764505140000011, 41.1928082 ], [ 140.76445652000001, 41.19281986 ], [ 140.764386520000016, 41.19285403 ], [ 140.764369030000012, 41.19289569 ], [ 140.764369, 41.19295486 ], [ 140.764359, 41.19295653 ], [ 140.76432012, 41.19295486 ], [ 140.764287610000025, 41.19295653 ], [ 140.764257610000016, 41.19296653 ], [ 140.76421511, 41.19298487 ], [ 140.764196500000025, 41.19300987 ], [ 140.764203990000027, 41.19304069 ], [ 140.764203990000027, 41.19305987 ], [ 140.764173990000018, 41.19304987 ], [ 140.764149, 41.19305403 ], [ 140.7641365, 41.19307487 ], [ 140.764129, 41.1931182 ], [ 140.764131500000019, 41.19317569 ], [ 140.764139, 41.19321153 ], [ 140.764166500000016, 41.19324236 ], [ 140.764193990000024, 41.19327069 ], [ 140.764196500000025, 41.19328986 ], [ 140.764206500000029, 41.19331486 ], [ 140.76421761, 41.19332403 ], [ 140.764257610000016, 41.19335487 ], [ 140.764292610000012, 41.19337403 ], [ 140.764340120000014, 41.19339487 ], [ 140.764381500000013, 41.19339903 ], [ 140.764394, 41.19342153 ], [ 140.764423990000012, 41.19344986 ], [ 140.764466500000026, 41.19346903 ], [ 140.764502610000022, 41.19347653 ], [ 140.764502610000022, 41.1935132 ], [ 140.764515110000019, 41.1935432 ], [ 140.764550120000024, 41.19357569 ], [ 140.764572610000016, 41.19360653 ], [ 140.764540120000021, 41.19361403 ], [ 140.764510120000011, 41.1936332 ], [ 140.76451261, 41.1936632 ], [ 140.764510120000011, 41.19374736 ], [ 140.764530120000018, 41.1937832 ], [ 140.764547610000022, 41.19382903 ], [ 140.764515110000019, 41.1938332 ], [ 140.764484, 41.19383903 ], [ 140.764474, 41.19384986 ], [ 140.764469, 41.19388403 ], [ 140.764463990000024, 41.19392653 ], [ 140.764481500000016, 41.19396236 ], [ 140.764505110000016, 41.19398736 ], [ 140.764530120000018, 41.19400653 ], [ 140.76450761000001, 41.19400653 ], [ 140.764492610000019, 41.1940332 ], [ 140.764466500000026, 41.19407903 ], [ 140.764456500000023, 41.19412236 ], [ 140.764459, 41.19416486 ], [ 140.764492610000019, 41.1942082 ], [ 140.764423990000012, 41.1942082 ], [ 140.764379, 41.19421987 ], [ 140.764345110000022, 41.19423903 ], [ 140.764340120000014, 41.19426736 ], [ 140.764340120000014, 41.19432486 ], [ 140.764356500000019, 41.19435487 ], [ 140.76432012, 41.19435153 ], [ 140.76430012, 41.19434903 ], [ 140.76427511, 41.19435153 ], [ 140.764257610000016, 41.19435153 ], [ 140.764235110000016, 41.19435487 ], [ 140.764203990000027, 41.19436236 ], [ 140.764189, 41.19436986 ], [ 140.764159, 41.19439153 ], [ 140.76414650000001, 41.19441236 ], [ 140.764163990000014, 41.19444487 ], [ 140.764183990000021, 41.19448487 ], [ 140.764141500000022, 41.19448236 ], [ 140.764103990000024, 41.19448653 ], [ 140.764081510000011, 41.19451153 ], [ 140.76405012, 41.19454292 ], [ 140.76402761, 41.19459459 ], [ 140.764042610000018, 41.19464208 ], [ 140.764070120000014, 41.19468459 ], [ 140.764086500000019, 41.19471459 ], [ 140.764065110000018, 41.19472459 ], [ 140.764067610000012, 41.19475459 ], [ 140.764089, 41.19479125 ], [ 140.764124, 41.19483125 ], [ 140.764156500000013, 41.19485208 ], [ 140.764199, 41.19486292 ], [ 140.764257610000016, 41.19486711 ], [ 140.764225110000012, 41.19489961 ], [ 140.76421511, 41.19492044 ], [ 140.764222610000019, 41.19496795 ], [ 140.764235110000016, 41.19501377 ], [ 140.764277610000022, 41.19509211 ], [ 140.76428511, 41.19512628 ], [ 140.764257610000016, 41.19512795 ], [ 140.76422761, 41.19515128 ], [ 140.764212610000016, 41.19518128 ], [ 140.764203990000027, 41.19523295 ], [ 140.764225110000012, 41.19527711 ], [ 140.764267610000019, 41.19530877 ], [ 140.76430761, 41.19533044 ], [ 140.764347610000016, 41.19533961 ], [ 140.764337610000013, 41.19535711 ], [ 140.764340120000014, 41.19537544 ], [ 140.764356500000019, 41.19541044 ], [ 140.764369, 41.19544211 ], [ 140.7643965, 41.19546544 ], [ 140.764433990000015, 41.19548044 ], [ 140.764463990000024, 41.19548795 ], [ 140.764495110000013, 41.19549544 ], [ 140.7644865, 41.19551295 ], [ 140.764492610000019, 41.19553961 ], [ 140.764517610000013, 41.19557961 ], [ 140.764540120000021, 41.19561544 ], [ 140.76457761, 41.19563711 ], [ 140.76462511, 41.19564795 ], [ 140.764664, 41.19565377 ], [ 140.764689, 41.19565961 ], [ 140.764689, 41.19568461 ], [ 140.764696500000014, 41.19571711 ], [ 140.764723990000022, 41.19575461 ], [ 140.764780120000012, 41.19580628 ], [ 140.76482761, 41.19582128 ], [ 140.76485261000002, 41.19586711 ], [ 140.764877610000013, 41.19592461 ], [ 140.764924, 41.19595461 ], [ 140.764959, 41.19596628 ], [ 140.764999, 41.19597377 ], [ 140.765039, 41.19597377 ], [ 140.76505261, 41.19600295 ], [ 140.765060120000015, 41.19602711 ], [ 140.765080120000022, 41.19605961 ], [ 140.76510012, 41.19608461 ], [ 140.765137610000011, 41.19610128 ], [ 140.765189, 41.19610711 ], [ 140.765229, 41.19612044 ], [ 140.765243990000016, 41.19617377 ], [ 140.765263990000022, 41.19622961 ], [ 140.76529872, 41.19627295 ], [ 140.76535733, 41.19629795 ], [ 140.76539234, 41.19631877 ], [ 140.765397330000013, 41.19634961 ], [ 140.765422340000015, 41.19639711 ], [ 140.765444840000015, 41.19645211 ], [ 140.76546872, 41.19648295 ], [ 140.76551122, 41.19650377 ], [ 140.76549623, 41.19651877 ], [ 140.765473720000017, 41.19653961 ], [ 140.765454840000018, 41.19657961 ], [ 140.765442330000013, 41.19664295 ], [ 140.76543733, 41.19669961 ], [ 140.76545234, 41.19674711 ], [ 140.76547872, 41.19678961 ], [ 140.76544733, 41.19678961 ], [ 140.76539234, 41.19680628 ], [ 140.76537983, 41.19683295 ], [ 140.76537983, 41.19688044 ], [ 140.76538234, 41.19691295 ], [ 140.765397330000013, 41.19695711 ], [ 140.765429830000016, 41.19699544 ], [ 140.765466230000015, 41.19702544 ], [ 140.76543983, 41.19703544 ], [ 140.765412340000012, 41.19705211 ], [ 140.76538983, 41.19707877 ], [ 140.76538983, 41.19711544 ], [ 140.765407330000016, 41.19716877 ], [ 140.765432340000018, 41.19719711 ], [ 140.765454840000018, 41.19721961 ], [ 140.76544733, 41.19725044 ], [ 140.765442330000013, 41.19728877 ], [ 140.76547122, 41.19733017 ], [ 140.765486230000022, 41.19736433 ], [ 140.76551623, 41.19737767 ], [ 140.765541220000017, 41.197391 ], [ 140.76558122, 41.19739684 ], [ 140.76560122, 41.197401 ], [ 140.76560733, 41.19743851 ], [ 140.765622330000014, 41.19747267 ], [ 140.76564484, 41.19750184 ], [ 140.76566484, 41.19752267 ], [ 140.76569733, 41.19752433 ], [ 140.76573234, 41.19752267 ], [ 140.765778720000014, 41.19751517 ], [ 140.765778720000014, 41.19753184 ], [ 140.76577623, 41.19755851 ], [ 140.76578372, 41.19757433 ], [ 140.76578623, 41.19758767 ], [ 140.76579372, 41.197601 ], [ 140.765823720000014, 41.19762933 ], [ 140.76585122, 41.19765433 ], [ 140.76589983, 41.1976785 ], [ 140.76592983, 41.19769184 ], [ 140.76592484, 41.19771684 ], [ 140.765927330000011, 41.19775851 ], [ 140.76594234, 41.197806 ], [ 140.765984840000016, 41.19784851 ], [ 140.76605372, 41.19788851 ], [ 140.76610623000002, 41.19790933 ], [ 140.76616733, 41.1979185 ], [ 140.766164840000016, 41.1979685 ], [ 140.76616733, 41.197991 ], [ 140.76621234000001, 41.19802767 ], [ 140.766254840000016, 41.19805184 ], [ 140.76631122, 41.1980785 ], [ 140.76635872, 41.19808267 ], [ 140.76639372, 41.19806351 ], [ 140.766398720000012, 41.198086 ], [ 140.76641122, 41.19810517 ], [ 140.76642872, 41.198121 ], [ 140.76645983, 41.19814517 ], [ 140.76650733, 41.19818017 ], [ 140.76655234, 41.19820433 ], [ 140.76658122, 41.198216 ], [ 140.76661372, 41.19821767 ], [ 140.766636230000017, 41.19821184 ], [ 140.766635940000015, 41.19821433 ], [ 140.766633720000016, 41.19822933 ], [ 140.766623720000013, 41.19826017 ], [ 140.76662872, 41.19828433 ], [ 140.76666667, 41.19832003 ], [ 140.76667039000003, 41.19832356 ], [ 140.76667122, 41.19832433 ], [ 140.76670372000001, 41.19834017 ], [ 140.766752340000011, 41.19835684 ], [ 140.76678733, 41.19836433 ], [ 140.76683983, 41.19835684 ], [ 140.76682983, 41.19838017 ], [ 140.766837330000016, 41.19841017 ], [ 140.766852340000014, 41.1984335 ], [ 140.766913720000019, 41.19848684 ], [ 140.76695372, 41.19851684 ], [ 140.76700484, 41.19854517 ], [ 140.76697372000001, 41.19857767 ], [ 140.76695623, 41.19861017 ], [ 140.76695623, 41.19864684 ], [ 140.76697872, 41.19868684 ], [ 140.76700484, 41.198721 ], [ 140.767042050000015, 41.19874933 ], [ 140.767072050000024, 41.198761 ], [ 140.767067060000016, 41.1987985 ], [ 140.767079560000013, 41.19882767 ], [ 140.76712455, 41.19885184 ], [ 140.767175940000016, 41.198881 ], [ 140.76722594, 41.19889433 ], [ 140.76725844, 41.19890767 ], [ 140.76729706, 41.19891684 ], [ 140.767324550000012, 41.19890517 ], [ 140.767327060000014, 41.19892684 ], [ 140.767344550000018, 41.19895517 ], [ 140.767364550000025, 41.19897017 ], [ 140.767392050000012, 41.1989935 ], [ 140.76742594000001, 41.19900851 ], [ 140.767475940000026, 41.19902351 ], [ 140.767513450000024, 41.19902767 ], [ 140.767523450000027, 41.19905267 ], [ 140.767525940000013, 41.19908684 ], [ 140.76757455, 41.199111 ], [ 140.767624550000022, 41.19913767 ], [ 140.76767455000001, 41.19914933 ], [ 140.76773345, 41.19914767 ], [ 140.767783450000024, 41.19919684 ], [ 140.767864550000013, 41.19924851 ], [ 140.767919560000024, 41.199271 ], [ 140.767967060000018, 41.1992885 ], [ 140.768023450000015, 41.19929267 ], [ 140.76799594000002, 41.19931933 ], [ 140.767983450000031, 41.19935517 ], [ 140.767988440000011, 41.19938933 ], [ 140.76801844000002, 41.19941767 ], [ 140.76806844, 41.19944851 ], [ 140.76811706, 41.19947517 ], [ 140.76809345, 41.19949017 ], [ 140.76805844, 41.199521 ], [ 140.768043450000022, 41.1995535 ], [ 140.76803594, 41.19958767 ], [ 140.76804844000003, 41.199631 ], [ 140.76808345, 41.19966017 ], [ 140.768098440000017, 41.199671 ], [ 140.76806844, 41.19969767 ], [ 140.768050950000031, 41.19972851 ], [ 140.768043450000022, 41.199776 ], [ 140.76804844000003, 41.19980684 ], [ 140.768088440000014, 41.19984517 ], [ 140.76812956, 41.19986351 ], [ 140.768103450000012, 41.19987933 ], [ 140.768088440000014, 41.199906 ], [ 140.76809345, 41.19993433 ], [ 140.768105940000027, 41.19998767 ], [ 140.76811569, 41.19999656 ], [ 140.76811949, 41.2 ], [ 140.768137060000015, 41.200016 ], [ 140.768157060000021, 41.20003933 ], [ 140.76812956, 41.20004684 ], [ 140.76808594000002, 41.20007184 ], [ 140.768050950000031, 41.200096 ], [ 140.76803594, 41.20010933 ], [ 140.76804844000003, 41.2001385 ], [ 140.768075940000017, 41.20015933 ], [ 140.76811455, 41.20018184 ], [ 140.768100950000019, 41.20019184 ], [ 140.76808345, 41.20022184 ], [ 140.768105940000027, 41.20026017 ], [ 140.768137060000015, 41.20027933 ], [ 140.76818205, 41.2002985 ], [ 140.768260950000013, 41.20030351 ], [ 140.768303450000019, 41.200296 ], [ 140.768300950000025, 41.200336 ], [ 140.76834095000001, 41.20035517 ], [ 140.76842205, 41.20039489 ], [ 140.768484550000011, 41.20040989 ], [ 140.768538440000015, 41.20040989 ], [ 140.76851455000002, 41.20047656 ], [ 140.76852205, 41.20050905 ], [ 140.768563450000016, 41.20053989 ], [ 140.768628440000015, 41.20057572 ], [ 140.76857594, 41.20058905 ], [ 140.768509560000012, 41.20062905 ], [ 140.76847706, 41.20066572 ], [ 140.768502050000023, 41.20072239 ], [ 140.768429560000015, 41.20074905 ], [ 140.76840956, 41.20078405 ], [ 140.768434550000023, 41.20083156 ], [ 140.768484550000011, 41.20087323 ], [ 140.768509560000012, 41.20089239 ], [ 140.76856594000003, 41.20089823 ], [ 140.76856594000003, 41.20091489 ], [ 140.768517060000022, 41.20094572 ], [ 140.76852205, 41.20096489 ], [ 140.768560950000023, 41.20101072 ], [ 140.768615940000018, 41.20105072 ], [ 140.768653450000016, 41.20106405 ], [ 140.768697060000022, 41.20105572 ], [ 140.76873455, 41.20104072 ], [ 140.76875956, 41.20107156 ], [ 140.76877678, 41.20108656 ], [ 140.768801780000018, 41.20110572 ], [ 140.76882817, 41.20111739 ], [ 140.76887317, 41.20113572 ], [ 140.76890567, 41.20113989 ], [ 140.76889817, 41.20117405 ], [ 140.768900660000014, 41.20120823 ], [ 140.768915670000013, 41.20122572 ], [ 140.76895178, 41.20125239 ], [ 140.76898927, 41.20126405 ], [ 140.768890660000011, 41.20131156 ], [ 140.768913160000011, 41.20133823 ], [ 140.76894316000002, 41.20136823 ], [ 140.769006780000012, 41.20138989 ], [ 140.769051780000012, 41.20140656 ], [ 140.76908817, 41.20141072 ], [ 140.76915817, 41.20137989 ], [ 140.769190660000021, 41.20139156 ], [ 140.76921066, 41.20140489 ], [ 140.76924678, 41.20141405 ], [ 140.76928178, 41.20141405 ], [ 140.76932678, 41.20140823 ], [ 140.76935927, 41.20137822 ], [ 140.769373160000015, 41.20142405 ], [ 140.76938567000002, 41.20145405 ], [ 140.769395670000023, 41.20147323 ], [ 140.76942317000001, 41.20148322 ], [ 140.76944817, 41.20147739 ], [ 140.769460660000021, 41.20144656 ], [ 140.76947567000002, 41.20146989 ], [ 140.76950066, 41.20150156 ], [ 140.769546780000013, 41.20154405 ], [ 140.769614280000013, 41.20157822 ], [ 140.769653160000018, 41.20159739 ], [ 140.76963178, 41.20161989 ], [ 140.76963927, 41.20164822 ], [ 140.76965066, 41.20168822 ], [ 140.76969567, 41.20172822 ], [ 140.769755670000023, 41.20175905 ], [ 140.76979678, 41.20177989 ], [ 140.76979678, 41.20180322 ], [ 140.76981178, 41.20183489 ], [ 140.76983927, 41.20187489 ], [ 140.76989178, 41.20191156 ], [ 140.76993066, 41.20192656 ], [ 140.769970660000013, 41.20193656 ], [ 140.769985670000011, 41.20195905 ], [ 140.77001066, 41.20199156 ], [ 140.77004567, 41.20202156 ], [ 140.77009428, 41.20205239 ], [ 140.77013428, 41.20206156 ], [ 140.770129270000012, 41.20209072 ], [ 140.77015178, 41.20211489 ], [ 140.770186780000017, 41.20212656 ], [ 140.77021567, 41.20213239 ], [ 140.77024817, 41.20214739 ], [ 140.77028066, 41.20216072 ], [ 140.77031317, 41.20217239 ], [ 140.770323170000012, 41.20220656 ], [ 140.770366780000018, 41.20224322 ], [ 140.770411780000018, 41.20228323 ], [ 140.77046927, 41.20230739 ], [ 140.77044927, 41.20233989 ], [ 140.770446780000015, 41.20237822 ], [ 140.77048317, 41.20241239 ], [ 140.77054066, 41.20243739 ], [ 140.77058066, 41.20244323 ], [ 140.77061927, 41.20244489 ], [ 140.77064678, 41.20246239 ], [ 140.77068678, 41.20250239 ], [ 140.77073178, 41.20252323 ], [ 140.77076817, 41.20253989 ], [ 140.770803160000014, 41.20254572 ], [ 140.77083567, 41.20254405 ], [ 140.77084317, 41.20256322 ], [ 140.770848170000022, 41.20258572 ], [ 140.77085817, 41.20261823 ], [ 140.77087567, 41.20264323 ], [ 140.77090927, 41.20266572 ], [ 140.770951500000024, 41.20268905 ], [ 140.770979, 41.20269822 ], [ 140.770959, 41.20272072 ], [ 140.770959, 41.20274739 ], [ 140.770979, 41.20280072 ], [ 140.771001500000011, 41.20283156 ], [ 140.77105538, 41.20286405 ], [ 140.771097890000021, 41.20289072 ], [ 140.771125380000029, 41.20289072 ], [ 140.771097890000021, 41.20291905 ], [ 140.771090390000012, 41.20294989 ], [ 140.771110390000018, 41.20301239 ], [ 140.771132890000018, 41.20305072 ], [ 140.771181500000012, 41.20307322 ], [ 140.7712165, 41.20309072 ], [ 140.771204, 41.20312322 ], [ 140.771209, 41.20317489 ], [ 140.771219, 41.20321489 ], [ 140.771253990000019, 41.20325656 ], [ 140.771294, 41.20326823 ], [ 140.771342890000028, 41.20324905 ], [ 140.77132538, 41.20330239 ], [ 140.771337890000012, 41.20331905 ], [ 140.771377890000025, 41.20334822 ], [ 140.771445380000017, 41.20337989 ], [ 140.771484, 41.20339739 ], [ 140.771511510000011, 41.20339322 ], [ 140.771549, 41.20337656 ], [ 140.7715565, 41.20340156 ], [ 140.771579, 41.20342239 ], [ 140.771647890000025, 41.20344323 ], [ 140.771692890000025, 41.20344323 ], [ 140.771779, 41.20344156 ], [ 140.771801510000017, 41.20343156 ], [ 140.7718265, 41.20346405 ], [ 140.771861500000028, 41.20349489 ], [ 140.77194789, 41.20352656 ], [ 140.772014, 41.20354572 ], [ 140.772033990000011, 41.20355156 ], [ 140.772069, 41.20355156 ], [ 140.772101500000019, 41.20353489 ], [ 140.772155380000015, 41.20356489 ], [ 140.77221289000002, 41.20358822 ], [ 140.77228039000002, 41.20359572 ], [ 140.772319, 41.20358822 ], [ 140.77240151, 41.20363739 ], [ 140.772419, 41.20364323 ], [ 140.772450390000017, 41.20364905 ], [ 140.772480390000027, 41.20365072 ], [ 140.772525380000019, 41.20364489 ], [ 140.772565380000032, 41.20363322 ], [ 140.772606500000023, 41.20361072 ], [ 140.772621500000014, 41.20357656 ], [ 140.772693990000022, 41.20358822 ], [ 140.772747890000034, 41.20359572 ], [ 140.772762890000024, 41.20359572 ], [ 140.772795380000019, 41.20358989 ], [ 140.772837890000034, 41.20357656 ], [ 140.772859, 41.20356323 ], [ 140.772881500000011, 41.20353656 ], [ 140.772889, 41.20353489 ], [ 140.772969, 41.20356156 ], [ 140.77302538, 41.20356156 ], [ 140.773055380000017, 41.20355156 ], [ 140.773129, 41.20351739 ], [ 140.773169, 41.20357072 ], [ 140.773231510000016, 41.20362989 ], [ 140.77328538, 41.20365656 ], [ 140.773307890000012, 41.20366405 ], [ 140.773345380000023, 41.20367156 ], [ 140.773380390000028, 41.20367739 ], [ 140.77333538000002, 41.20373489 ], [ 140.773340390000016, 41.20375905 ], [ 140.77337789, 41.20379544 ], [ 140.773441500000018, 41.20383711 ], [ 140.77349399000002, 41.20384461 ], [ 140.773466500000012, 41.20387128 ], [ 140.77346399000001, 41.20390211 ], [ 140.773491510000014, 41.20394211 ], [ 140.77354761, 41.20399377 ], [ 140.773590120000023, 41.20401044 ], [ 140.77364012000001, 41.20401044 ], [ 140.77361761, 41.20404128 ], [ 140.77360511, 41.20406961 ], [ 140.77361761, 41.20408711 ], [ 140.773655110000021, 41.20411877 ], [ 140.773716230000019, 41.20414544 ], [ 140.773758720000018, 41.20416128 ], [ 140.773796230000016, 41.20415544 ], [ 140.773845110000025, 41.20414961 ], [ 140.77386511, 41.20416461 ], [ 140.77388761, 41.20418795 ], [ 140.773920120000014, 41.20419711 ], [ 140.77394511, 41.20420128 ], [ 140.773976230000017, 41.20420295 ], [ 140.774018720000015, 41.20420295 ], [ 140.77407122, 41.20418961 ], [ 140.77411261, 41.20417795 ], [ 140.774117610000019, 41.20419128 ], [ 140.77414761, 41.20421795 ], [ 140.774180120000011, 41.20423377 ], [ 140.77421511, 41.20423877 ], [ 140.774253720000019, 41.20423877 ], [ 140.774326230000014, 41.20423544 ], [ 140.77435122, 41.20420877 ], [ 140.77435122, 41.20422961 ], [ 140.774343720000019, 41.20426377 ], [ 140.77436372, 41.20430377 ], [ 140.77440261000001, 41.20433211 ], [ 140.77442012, 41.20436128 ], [ 140.77436372, 41.20436128 ], [ 140.774321220000019, 41.20438044 ], [ 140.77427122, 41.20440877 ], [ 140.77425122, 41.20443377 ], [ 140.77418261, 41.20446377 ], [ 140.77415012, 41.20450544 ], [ 140.774142610000013, 41.20454044 ], [ 140.774162610000019, 41.20459377 ], [ 140.774207610000019, 41.20462211 ], [ 140.77420261, 41.20464128 ], [ 140.774207610000019, 41.20468461 ], [ 140.77424122, 41.20469795 ], [ 140.77428372, 41.20471961 ], [ 140.77423012, 41.20475544 ], [ 140.77420261, 41.20478211 ], [ 140.77419261, 41.20481795 ], [ 140.77421261, 41.20485295 ], [ 140.774253720000019, 41.20487378 ], [ 140.77430372, 41.20487378 ], [ 140.77432872, 41.20488711 ], [ 140.77434623000002, 41.20489628 ], [ 140.77437122, 41.20490795 ], [ 140.77441761, 41.20492295 ], [ 140.77444761000001, 41.20492711 ], [ 140.77448261, 41.20493044 ], [ 140.77451872, 41.20492128 ], [ 140.77451872, 41.20495961 ], [ 140.77453372, 41.20497795 ], [ 140.77456122000001, 41.20499544 ], [ 140.77462623, 41.20501795 ], [ 140.77467761, 41.20503377 ], [ 140.77463122, 41.20510044 ], [ 140.77459872, 41.20510628 ], [ 140.77454372, 41.20510795 ], [ 140.774487610000023, 41.20512711 ], [ 140.774445110000016, 41.20515128 ], [ 140.77440761, 41.20518378 ], [ 140.77437623, 41.20517295 ], [ 140.774326230000014, 41.20516295 ], [ 140.77428372, 41.20518211 ], [ 140.774243720000015, 41.20523961 ], [ 140.77424122, 41.20526961 ], [ 140.77426372, 41.20530377 ], [ 140.77429372, 41.20533295 ], [ 140.774323720000012, 41.20535544 ], [ 140.77430872, 41.20537877 ], [ 140.774326230000014, 41.20539711 ], [ 140.774380120000018, 41.20542377 ], [ 140.77443012, 41.20544711 ], [ 140.77454122, 41.20544711 ], [ 140.77457372, 41.20545877 ], [ 140.77461872, 41.20549044 ], [ 140.77469511000001, 41.20551377 ], [ 140.774737610000017, 41.20551961 ], [ 140.774795110000014, 41.20552295 ], [ 140.77483623, 41.20551961 ], [ 140.77481372, 41.20554044 ], [ 140.77478761, 41.20556878 ], [ 140.77478511000001, 41.20560877 ], [ 140.77480872000001, 41.20563961 ], [ 140.77482372, 41.20566044 ], [ 140.774863720000013, 41.20567711 ], [ 140.77485372000001, 41.20568877 ], [ 140.77483872000002, 41.20571711 ], [ 140.77486872, 41.20572877 ], [ 140.77489372, 41.20574628 ], [ 140.77493372, 41.20574795 ], [ 140.774990120000012, 41.20574795 ], [ 140.775, 41.20574672 ], [ 140.77500372, 41.20574625 ], [ 140.77505012, 41.20574044 ], [ 140.77509623, 41.20571544 ], [ 140.775133720000014, 41.20572544 ], [ 140.77518623, 41.20573295 ], [ 140.77522761, 41.20573295 ], [ 140.775275110000024, 41.20572295 ], [ 140.775335110000015, 41.20569461 ], [ 140.775350120000013, 41.20572295 ], [ 140.775371220000011, 41.20574961 ], [ 140.775426230000022, 41.20576878 ], [ 140.77538372, 41.20580128 ], [ 140.77538872, 41.20582795 ], [ 140.775396230000013, 41.20585461 ], [ 140.77542122, 41.20588295 ], [ 140.77545623, 41.20590378 ], [ 140.77551012, 41.20592295 ], [ 140.77555261, 41.20592128 ], [ 140.77554261, 41.20593295 ], [ 140.775535110000021, 41.20596128 ], [ 140.775560120000023, 41.20598961 ], [ 140.77560012, 41.20602044 ], [ 140.775676230000016, 41.20604877 ], [ 140.77573594, 41.20605295 ], [ 140.775740950000028, 41.20608544 ], [ 140.77578234, 41.20612128 ], [ 140.775832330000014, 41.20614795 ], [ 140.775892340000013, 41.20617295 ], [ 140.77593844, 41.20617461 ], [ 140.775990950000022, 41.20615795 ], [ 140.776023450000025, 41.20618795 ], [ 140.776067329999989, 41.20620877 ], [ 140.77612234, 41.20621295 ], [ 140.77617983, 41.20619544 ], [ 140.776230950000013, 41.20615961 ], [ 140.776270950000026, 41.20618211 ], [ 140.77632345, 41.20620877 ], [ 140.77637733, 41.20623211 ], [ 140.776429830000012, 41.20624544 ], [ 140.776462330000015, 41.20623795 ], [ 140.776468440000031, 41.20624711 ], [ 140.776485940000015, 41.20627211 ], [ 140.776525940000028, 41.20629877 ], [ 140.776583450000032, 41.20632295 ], [ 140.77663733, 41.20633295 ], [ 140.77668234, 41.20631961 ], [ 140.77666983, 41.20634795 ], [ 140.776687330000016, 41.20637128 ], [ 140.77673733, 41.20640295 ], [ 140.776788440000018, 41.20643377 ], [ 140.776800950000023, 41.20643544 ], [ 140.77684844, 41.20643377 ], [ 140.776875940000025, 41.20642461 ], [ 140.776868440000015, 41.20645628 ], [ 140.776870950000017, 41.20646795 ], [ 140.776902330000013, 41.20648544 ], [ 140.77691733, 41.20649295 ], [ 140.77696733, 41.20651377 ], [ 140.77699983, 41.20651795 ], [ 140.777045940000022, 41.20652128 ], [ 140.777093450000024, 41.20650961 ], [ 140.777093450000024, 41.20652295 ], [ 140.777128440000013, 41.20654461 ], [ 140.77722234, 41.20659211 ], [ 140.777264840000015, 41.20660295 ], [ 140.777308440000013, 41.20659961 ], [ 140.777315940000022, 41.20662461 ], [ 140.777335940000029, 41.20664128 ], [ 140.777383450000031, 41.20666211 ], [ 140.77745234, 41.20668711 ], [ 140.777499830000011, 41.20670044 ], [ 140.77748983, 41.20672711 ], [ 140.77752733, 41.20674795 ], [ 140.77759844000002, 41.20678044 ], [ 140.77765844000001, 41.20679377 ], [ 140.777695940000029, 41.20678211 ], [ 140.777685940000026, 41.20680544 ], [ 140.777680950000018, 41.20682628 ], [ 140.77771594, 41.20684295 ], [ 140.777779830000014, 41.20687211 ], [ 140.77782733, 41.20689628 ], [ 140.77785484, 41.20690211 ], [ 140.777857329999989, 41.206931 ], [ 140.777870950000022, 41.20695017 ], [ 140.777905940000011, 41.20697433 ], [ 140.777970950000025, 41.20699933 ], [ 140.778017330000011, 41.20701851 ], [ 140.77805484000001, 41.20699767 ], [ 140.77804484, 41.20703184 ], [ 140.778059829999989, 41.20705684 ], [ 140.77811234, 41.20708351 ], [ 140.77816594, 41.20710767 ], [ 140.778223450000013, 41.20712684 ], [ 140.77827484, 41.2071235 ], [ 140.77828983, 41.20714017 ], [ 140.77828983, 41.207146 ], [ 140.77834983, 41.20717933 ], [ 140.77836484, 41.20720184 ], [ 140.77846066, 41.20726351 ], [ 140.77880317, 41.20740436 ], [ 140.7789007, 41.20746103 ], [ 140.778938200000027, 41.20751687 ], [ 140.778974580000011, 41.20760187 ], [ 140.778997080000011, 41.2076352 ], [ 140.779019580000011, 41.20769187 ], [ 140.77905708000003, 41.20774853 ], [ 140.77905708000003, 41.20777103 ], [ 140.77907958000003, 41.20784353 ], [ 140.77909458000002, 41.2078552 ], [ 140.77910209, 41.20786603 ], [ 140.77911708000002, 41.20791687 ], [ 140.77913958000002, 41.20802936 ], [ 140.779153190000017, 41.20805769 ], [ 140.779153190000017, 41.2080802 ], [ 140.779175690000017, 41.20813103 ], [ 140.779175690000017, 41.20814769 ], [ 140.779190700000015, 41.20820436 ], [ 140.779190700000015, 41.20822103 ], [ 140.779205690000026, 41.20823187 ], [ 140.779205690000026, 41.20829436 ], [ 140.779220830000014, 41.20832992 ], [ 140.77922228, 41.20833333 ], [ 140.779258200000015, 41.20841769 ], [ 140.77939956, 41.20863769 ], [ 140.779407060000011, 41.20868269 ], [ 140.779422050000022, 41.20869436 ], [ 140.77946706, 41.20881269 ], [ 140.77947455, 41.20885687 ], [ 140.779482050000013, 41.20887436 ], [ 140.779497060000011, 41.20889103 ], [ 140.779497060000011, 41.20892436 ], [ 140.779512050000022, 41.20894186 ], [ 140.779512050000022, 41.20926269 ], [ 140.779497060000011, 41.20929603 ], [ 140.779482050000013, 41.20939186 ], [ 140.77947455, 41.20943186 ], [ 140.77947455, 41.20944269 ], [ 140.779459560000021, 41.2095052 ], [ 140.779459560000021, 41.20951603 ], [ 140.77945205, 41.20951603 ], [ 140.77945205, 41.20953269 ], [ 140.779444550000022, 41.2095552 ], [ 140.779444550000022, 41.20957269 ], [ 140.779422050000022, 41.20967908 ], [ 140.779414550000013, 41.20974075 ], [ 140.779392050000013, 41.20975825 ], [ 140.77934317, 41.20974575 ], [ 140.77931817000001, 41.20973492 ], [ 140.779209560000027, 41.20973492 ], [ 140.779162050000025, 41.20975159 ], [ 140.779122050000012, 41.20977659 ], [ 140.77909066, 41.20979159 ], [ 140.77907066, 41.20975908 ], [ 140.779040660000021, 41.20975159 ], [ 140.77901567, 41.20975159 ], [ 140.778967060000014, 41.20975908 ], [ 140.778917060000026, 41.20978825 ], [ 140.778877060000013, 41.20982575 ], [ 140.778849560000026, 41.20986408 ], [ 140.77881066, 41.20985825 ], [ 140.778763160000011, 41.20985659 ], [ 140.77873066, 41.20989241 ], [ 140.778708170000016, 41.20993825 ], [ 140.77867455, 41.20993659 ], [ 140.778629560000013, 41.20993659 ], [ 140.77858706, 41.20994408 ], [ 140.77854567, 41.20995908 ], [ 140.778528170000016, 41.20998825 ], [ 140.77847567, 41.20998575 ], [ 140.778425670000018, 41.20998825 ], [ 140.778402050000011, 41.21000492 ], [ 140.778374550000024, 41.21005241 ], [ 140.77831455, 41.21006825 ], [ 140.77829455, 41.21010992 ], [ 140.778284550000024, 41.21013575 ], [ 140.779777060000015, 41.21023492 ], [ 140.78093042, 41.21050408 ], [ 140.782085420000016, 41.21107408 ], [ 140.78226097000001, 41.21116797 ], [ 140.78333333, 41.21174214 ], [ 140.783337080000024, 41.21174414 ], [ 140.78337903000002, 41.21176659 ], [ 140.78410944, 41.21208217 ], [ 140.78447263000001, 41.21223908 ], [ 140.78534625, 41.2130038 ], [ 140.78580986, 41.21341131 ], [ 140.78612236, 41.21350047 ], [ 140.786996250000016, 41.2136638 ], [ 140.787482360000013, 41.21361464 ], [ 140.78853847, 41.21358214 ], [ 140.78881847, 41.21370464 ], [ 140.789454580000012, 41.21456797 ], [ 140.78967097, 41.21513797 ], [ 140.79010209, 41.21569131 ], [ 140.790414310000017, 41.21595187 ], [ 140.790618750000021, 41.21602797 ], [ 140.791115690000026, 41.21621269 ], [ 140.791666670000012, 41.21643005 ], [ 140.79167042, 41.21643153 ], [ 140.7918593, 41.21650603 ], [ 140.792088780000029, 41.21666325 ], [ 140.792093750000021, 41.21666667 ], [ 140.79221569, 41.2167502 ], [ 140.79257431000002, 41.21697769 ], [ 140.792606810000024, 41.21735269 ], [ 140.792401800000022, 41.21862325 ], [ 140.79214292, 41.21956741 ], [ 140.79213153, 41.22045492 ], [ 140.79215292, 41.22130214 ], [ 140.79219652, 41.22200217 ], [ 140.792369030000032, 41.22247467 ], [ 140.792714030000013, 41.22284133 ], [ 140.793609030000027, 41.22280051 ], [ 140.794098750000018, 41.222723 ], [ 140.796025140000012, 41.222418 ], [ 140.79715625, 41.2224255 ], [ 140.798278470000014, 41.22284133 ], [ 140.799334860000016, 41.22388384 ], [ 140.8, 41.22458953 ], [ 140.80000375, 41.22459351 ], [ 140.8003837, 41.22499661 ], [ 140.80038689, 41.225 ], [ 140.80047847, 41.22509717 ], [ 140.80101986, 41.22545522 ], [ 140.801395690000021, 41.22561522 ], [ 140.801537080000031, 41.22567523 ], [ 140.803100700000016, 41.22600105 ], [ 140.8034107, 41.22606856 ], [ 140.80411458, 41.22622105 ], [ 140.804557080000023, 41.22654689 ], [ 140.80490180000001, 41.22704356 ], [ 140.805009580000018, 41.22732995 ], [ 140.80519292, 41.22781689 ], [ 140.8060993, 41.22819189 ], [ 140.806512920000017, 41.22841105 ], [ 140.8068218, 41.22857439 ], [ 140.8074493, 41.22898189 ], [ 140.808333330000011, 41.22934253 ], [ 140.80833708000003, 41.22934405 ], [ 140.808366520000021, 41.22935605 ], [ 140.80935764, 41.22969022 ], [ 140.810156550000016, 41.23043078 ], [ 140.81040406, 41.23083828 ], [ 140.812906280000021, 41.23131831 ], [ 140.81336988000001, 41.23141664 ], [ 140.81421183, 41.2315458 ], [ 140.815119610000011, 41.23168497 ], [ 140.81547462, 41.2318158 ], [ 140.815626010000017, 41.23218164 ], [ 140.815874620000017, 41.2323608 ], [ 140.8162735, 41.2325158 ], [ 140.816666670000018, 41.2325552 ], [ 140.81667044, 41.23255559 ], [ 140.81732961, 41.23262164 ], [ 140.817998500000016, 41.23275164 ], [ 140.81825711, 41.23299664 ], [ 140.81841975, 41.23332997 ], [ 140.818421390000026, 41.23333333 ], [ 140.81852711, 41.23354997 ], [ 140.81885073, 41.23398997 ], [ 140.81880684, 41.23443747 ], [ 140.818936830000013, 41.23514636 ], [ 140.819228220000014, 41.23549636 ], [ 140.819508220000017, 41.23592803 ], [ 140.819713220000011, 41.2363922 ], [ 140.81988572000003, 41.23684803 ], [ 140.82014433, 41.23737692 ], [ 140.82038183, 41.23763775 ], [ 140.820541280000015, 41.23767636 ], [ 140.820650730000011, 41.23770275 ], [ 140.821427950000015, 41.23772775 ], [ 140.821740440000013, 41.23816692 ], [ 140.82180545, 41.23854192 ], [ 140.821934060000018, 41.23882692 ], [ 140.822516550000017, 41.23907108 ], [ 140.82281905, 41.23944608 ], [ 140.822763770000023, 41.24005664 ], [ 140.822807660000024, 41.24030913 ], [ 140.823313770000027, 41.24089497 ], [ 140.82361628000001, 41.24165247 ], [ 140.823613640000019, 41.24166331 ], [ 140.82361283, 41.24166667 ], [ 140.82356267000003, 41.2418722 ], [ 140.823422670000014, 41.24233636 ], [ 140.822958780000022, 41.24362303 ], [ 140.82278628, 41.24394025 ], [ 140.822861280000012, 41.24411192 ], [ 140.823098500000015, 41.24504859 ], [ 140.823137950000017, 41.24525692 ], [ 140.8232385, 41.24578914 ], [ 140.823141, 41.2460658 ], [ 140.82324988000002, 41.2464158 ], [ 140.823604890000013, 41.24731164 ], [ 140.823604890000013, 41.24757247 ], [ 140.8234435, 41.24775136 ], [ 140.823098500000015, 41.24809387 ], [ 140.822667390000021, 41.24859887 ], [ 140.82195486, 41.2489972 ], [ 140.82118986, 41.24940441 ], [ 140.820467370000017, 41.24986859 ], [ 140.82035134, 41.24999664 ], [ 140.820348270000011, 41.25 ], [ 140.820024860000018, 41.25035692 ], [ 140.81935597, 41.25125247 ], [ 140.81881737, 41.2520758 ], [ 140.81864791000001, 41.25262247 ], [ 140.818449860000015, 41.25303914 ], [ 140.81816597, 41.25357553 ], [ 140.81789737, 41.25400469 ], [ 140.817470970000016, 41.25450469 ], [ 140.81679097, 41.25524441 ], [ 140.81667042, 41.25537395 ], [ 140.816666670000018, 41.25537795 ], [ 140.816379829999988, 41.25568605 ], [ 140.816000950000017, 41.25605522 ], [ 140.815922340000014, 41.25618605 ], [ 140.816032330000013, 41.25634105 ], [ 140.81650733, 41.25681772 ], [ 140.816666670000018, 41.25703656 ], [ 140.816670390000013, 41.25704167 ], [ 140.81668066, 41.25705577 ], [ 140.816854550000016, 41.25735411 ], [ 140.81720205000002, 41.25767578 ], [ 140.81754956, 41.25824744 ], [ 140.81760017000002, 41.25832995 ], [ 140.817602240000014, 41.25833333 ], [ 140.81833927, 41.25953467 ], [ 140.81846066, 41.25974577 ], [ 140.81849678, 41.25980884 ], [ 140.81878178, 41.26021384 ], [ 140.819034280000011, 41.26040467 ], [ 140.819729270000011, 41.26093884 ], [ 140.819935110000017, 41.26117689 ], [ 140.820282610000021, 41.26154605 ], [ 140.82042511, 41.26180856 ], [ 140.820740120000011, 41.26203439 ], [ 140.821151500000013, 41.26210605 ], [ 140.82156261, 41.26218939 ], [ 140.821815110000017, 41.26236856 ], [ 140.82198872, 41.26264272 ], [ 140.822114840000012, 41.26298856 ], [ 140.82220983, 41.26341661 ], [ 140.82236733, 41.26388077 ], [ 140.822462340000016, 41.26426161 ], [ 140.82274733, 41.26479828 ], [ 140.823047060000022, 41.26509577 ], [ 140.823442050000011, 41.26535828 ], [ 140.82385345000003, 41.26571551 ], [ 140.82407455, 41.26609717 ], [ 140.824248440000019, 41.2664905 ], [ 140.82435725000002, 41.26666328 ], [ 140.824359390000012, 41.26666667 ], [ 140.82446678, 41.26683717 ], [ 140.824548440000029, 41.26696717 ], [ 140.82481678, 41.26733633 ], [ 140.825, 41.26762033 ], [ 140.825003720000012, 41.26762608 ], [ 140.82511678, 41.26780133 ], [ 140.825416780000012, 41.26814689 ], [ 140.825590660000017, 41.26859939 ], [ 140.825764280000016, 41.26887356 ], [ 140.82608066, 41.26915939 ], [ 140.82701289000002, 41.26973189 ], [ 140.82747151, 41.26992189 ], [ 140.828040390000012, 41.27001772 ], [ 140.828324, 41.27010105 ], [ 140.829099, 41.27030356 ], [ 140.829382890000034, 41.27037523 ], [ 140.82971538000001, 41.27051856 ], [ 140.82996789, 41.27057772 ], [ 140.830125380000027, 41.27064939 ], [ 140.831690120000019, 41.27118523 ], [ 140.83194261, 41.27118523 ], [ 140.83304872, 41.27086356 ], [ 140.833165940000015, 41.2707805 ], [ 140.833317610000023, 41.27067272 ], [ 140.833333330000016, 41.27065011 ], [ 140.833337060000019, 41.27064475 ], [ 140.83350761, 41.27039939 ], [ 140.83421872, 41.26941022 ], [ 140.83439261, 41.2691955 ], [ 140.83464511, 41.26901717 ], [ 140.83491372, 41.26900467 ], [ 140.83527623, 41.2690405 ], [ 140.835625110000024, 41.269148 ], [ 140.836367610000025, 41.26932633 ], [ 140.83694012, 41.26945328 ], [ 140.83755234, 41.26958884 ], [ 140.838278440000011, 41.26967217 ], [ 140.838499829999989, 41.26968384 ], [ 140.83872095000001, 41.26963633 ], [ 140.83924234, 41.26941051 ], [ 140.83946733, 41.26935605 ], [ 140.83959095000003, 41.26932633 ], [ 140.840095940000026, 41.269398 ], [ 140.840538440000017, 41.26952967 ], [ 140.841059560000019, 41.2695055 ], [ 140.84132817, 41.26954133 ], [ 140.841398170000019, 41.26958384 ], [ 140.841604, 41.26970939 ], [ 140.84166066, 41.26974384 ], [ 140.84166667, 41.26974428 ], [ 140.841670390000019, 41.26974456 ], [ 140.84181817000001, 41.2697555 ], [ 140.841913160000018, 41.26944578 ], [ 140.842149560000024, 41.26935078 ], [ 140.84241817, 41.26931497 ], [ 140.842421500000029, 41.26930775 ], [ 140.84249817, 41.26913664 ], [ 140.84245066, 41.26895747 ], [ 140.84246567, 41.26876664 ], [ 140.842592090000011, 41.26851664 ], [ 140.842829580000028, 41.26815913 ], [ 140.843114580000019, 41.26794414 ], [ 140.843398200000024, 41.26780192 ], [ 140.843619580000023, 41.26757525 ], [ 140.84404569, 41.26744441 ], [ 140.84423569, 41.26733692 ], [ 140.845458, 41.26666667 ], [ 140.845464140000018, 41.26666331 ], [ 140.845689580000027, 41.26653969 ], [ 140.845942090000023, 41.26638469 ], [ 140.846384310000019, 41.26637303 ], [ 140.84695292, 41.26609886 ], [ 140.847095420000016, 41.26588469 ], [ 140.84706431, 41.26575303 ], [ 140.847174310000014, 41.26564636 ], [ 140.847790410000016, 41.26551469 ], [ 140.84783791000001, 41.26538386 ], [ 140.84777542, 41.26530053 ], [ 140.8477593, 41.26518164 ], [ 140.847870410000013, 41.26510997 ], [ 140.84812292, 41.26477664 ], [ 140.8482018, 41.2645858 ], [ 140.848154310000012, 41.2644308 ], [ 140.84793292, 41.26432331 ], [ 140.84780681, 41.26419247 ], [ 140.847901800000017, 41.26404914 ], [ 140.84832791, 41.2639658 ], [ 140.84877044000001, 41.26369164 ], [ 140.84894377, 41.26361331 ], [ 140.84924433, 41.26347775 ], [ 140.849355450000019, 41.26328692 ], [ 140.849386830000014, 41.26292941 ], [ 140.84940294, 41.26271525 ], [ 140.84957545, 41.26268914 ], [ 140.84963934000001, 41.26267941 ], [ 140.849971830000015, 41.26256025 ], [ 140.85, 41.26257436 ], [ 140.85000377, 41.26257622 ], [ 140.850066840000011, 41.26260775 ], [ 140.85009795000002, 41.26269108 ], [ 140.850066840000011, 41.26278608 ], [ 140.85003545, 41.26290525 ], [ 140.850129340000024, 41.26298941 ], [ 140.850271830000025, 41.26301275 ], [ 140.85074545, 41.26273859 ], [ 140.85128294, 41.26260775 ], [ 140.85159934, 41.26247692 ], [ 140.851851830000015, 41.26231941 ], [ 140.851946840000011, 41.26204556 ], [ 140.852151830000025, 41.26194972 ], [ 140.852326550000015, 41.26172389 ], [ 140.852420170000016, 41.26158056 ], [ 140.852705160000028, 41.26148556 ], [ 140.85302156, 41.26152139 ], [ 140.853242670000014, 41.26149723 ], [ 140.85341655, 41.26146139 ], [ 140.85362156, 41.26141389 ], [ 140.853859050000011, 41.26143723 ], [ 140.854080170000032, 41.26153305 ], [ 140.854206550000015, 41.26164056 ], [ 140.85431655, 41.26173556 ], [ 140.854475160000021, 41.26174723 ], [ 140.85460156000002, 41.26168805 ], [ 140.85466406, 41.26158056 ], [ 140.85464905, 41.26141389 ], [ 140.854632670000029, 41.26124722 ], [ 140.85474406, 41.26115139 ], [ 140.854932670000011, 41.26107972 ], [ 140.855612670000028, 41.26106833 ], [ 140.855817660000014, 41.26114 ], [ 140.85599156, 41.26127084 ], [ 140.856165160000018, 41.26142556 ], [ 140.856418780000013, 41.26153305 ], [ 140.856671280000029, 41.26150889 ], [ 140.856797390000025, 41.26142584 ], [ 140.85681628, 41.2614 ], [ 140.856827950000024, 41.26138444 ], [ 140.856934890000019, 41.26123944 ], [ 140.857034890000023, 41.26110417 ], [ 140.857223770000019, 41.26081833 ], [ 140.857461280000024, 41.26071084 ], [ 140.857634890000014, 41.26074667 ], [ 140.857746280000015, 41.26084167 ], [ 140.857982390000018, 41.26094917 ], [ 140.858172390000021, 41.26102084 ], [ 140.858333330000022, 41.26102084 ], [ 140.85833711, 41.26102084 ], [ 140.858503770000027, 41.26102084 ], [ 140.858772390000013, 41.26093751 ], [ 140.85911988, 41.260735 ], [ 140.859293770000022, 41.26066333 ], [ 140.859578780000021, 41.26053251 ], [ 140.859673770000029, 41.26038917 ], [ 140.859799920000029, 41.26016277 ], [ 140.859957420000029, 41.26012695 ], [ 140.860211310000011, 41.26006778 ], [ 140.860416300000026, 41.25998444 ], [ 140.860589920000024, 41.25982944 ], [ 140.86062297, 41.25980639 ], [ 140.860794920000018, 41.25968611 ], [ 140.861001030000011, 41.25965028 ], [ 140.86120603, 41.25963861 ], [ 140.861696030000019, 41.25967444 ], [ 140.86199603, 41.25972195 ], [ 140.862169640000019, 41.25973361 ], [ 140.86240713, 41.25974611 ], [ 140.86269103, 41.25971028 ], [ 140.862881030000011, 41.25997195 ], [ 140.86310214, 41.26017528 ], [ 140.86332353, 41.26027028 ], [ 140.863481020000023, 41.26028195 ], [ 140.86374964, 41.26016277 ], [ 140.86386103000001, 41.26012695 ], [ 140.86419214, 41.26004361 ], [ 140.864318520000012, 41.25982944 ], [ 140.86449214000001, 41.25975777 ], [ 140.864698520000019, 41.25972195 ], [ 140.864824360000028, 41.25968611 ], [ 140.86495075, 41.25953111 ], [ 140.86502798, 41.25950222 ], [ 140.865203260000015, 41.25943639 ], [ 140.865393260000019, 41.25943639 ], [ 140.865661860000017, 41.25940056 ], [ 140.866166860000021, 41.25928139 ], [ 140.866609360000012, 41.25911472 ], [ 140.86666667, 41.25910547 ], [ 140.86667047, 41.25910484 ], [ 140.86683075, 41.25907889 ], [ 140.867163260000012, 41.25911472 ], [ 140.86732075, 41.25911472 ], [ 140.86746326, 41.25909056 ], [ 140.86760575, 41.25899556 ], [ 140.86774825, 41.25887639 ], [ 140.867810750000018, 41.25861392 ], [ 140.86787436000003, 41.25842308 ], [ 140.868016610000012, 41.25833333 ], [ 140.868021850000019, 41.25833003 ], [ 140.868063260000014, 41.25830392 ], [ 140.868269360000028, 41.25829225 ], [ 140.868432090000027, 41.25833003 ], [ 140.86844639, 41.25833333 ], [ 140.86845603, 41.25833559 ], [ 140.868474360000022, 41.25833975 ], [ 140.868679360000016, 41.25844725 ], [ 140.869011850000021, 41.25853059 ], [ 140.86907881, 41.25853336 ], [ 140.86928047, 41.25854225 ], [ 140.869516590000018, 41.25863808 ], [ 140.869944090000018, 41.25885225 ], [ 140.87035409, 41.25904308 ], [ 140.87054409000001, 41.25923392 ], [ 140.870875470000016, 41.25941225 ], [ 140.871271580000013, 41.25965059 ], [ 140.87129908, 41.25971864 ], [ 140.871325470000016, 41.25978472 ], [ 140.871347980000024, 41.25992556 ], [ 140.871271580000013, 41.26013972 ], [ 140.87109659, 41.26030639 ], [ 140.87093908, 41.26031805 ], [ 140.87074908, 41.26025889 ], [ 140.870370470000012, 41.26010389 ], [ 140.87002297, 41.26004389 ], [ 140.869627980000018, 41.25996056 ], [ 140.869406590000011, 41.25974639 ], [ 140.869121580000012, 41.25965056 ], [ 140.868837980000023, 41.25963889 ], [ 140.86875158, 41.25964889 ], [ 140.868576860000019, 41.25966889 ], [ 140.86779436, 41.25975805 ], [ 140.867620750000015, 41.25985305 ], [ 140.86757326, 41.26002056 ], [ 140.86746326, 41.26017556 ], [ 140.867305750000014, 41.26028195 ], [ 140.867068250000017, 41.26035361 ], [ 140.867036860000013, 41.26049695 ], [ 140.86698934, 41.26087777 ], [ 140.867004330000015, 41.26119944 ], [ 140.86694183, 41.26131861 ], [ 140.866751830000027, 41.26137861 ], [ 140.86667044, 41.26135928 ], [ 140.86666667, 41.26135839 ], [ 140.866499340000018, 41.26131861 ], [ 140.866381280000013, 41.26121889 ], [ 140.866373220000014, 41.26121195 ], [ 140.866230730000012, 41.26111611 ], [ 140.865978220000017, 41.26108028 ], [ 140.86572433, 41.26110444 ], [ 140.865409340000014, 41.26117611 ], [ 140.865235720000015, 41.26114028 ], [ 140.86502934, 41.26112861 ], [ 140.86463433, 41.26112861 ], [ 140.864586840000015, 41.26131861 ], [ 140.864571830000017, 41.26152195 ], [ 140.864619340000019, 41.26165278 ], [ 140.864760730000029, 41.26183111 ], [ 140.86474572000003, 41.261915 ], [ 140.86466572, 41.26205751 ], [ 140.864729340000025, 41.26217667 ], [ 140.86480961, 41.26222972 ], [ 140.86485572, 41.26226 ], [ 140.86506073000001, 41.26226 ], [ 140.865203220000012, 41.26223667 ], [ 140.865203220000012, 41.26245084 ], [ 140.865076830000021, 41.26257 ], [ 140.86485572, 41.26273667 ], [ 140.864681830000023, 41.2629875 ], [ 140.86447684, 41.26305667 ], [ 140.864255720000017, 41.26325917 ], [ 140.86416073, 41.26352084 ], [ 140.86403433000001, 41.26360417 ], [ 140.863813220000026, 41.26367584 ], [ 140.86363934000002, 41.2637475 ], [ 140.863433220000019, 41.26396139 ], [ 140.863165720000012, 41.26428389 ], [ 140.863015160000032, 41.264435 ], [ 140.862928220000015, 41.26452223 ], [ 140.86288239000001, 41.26454389 ], [ 140.862697950000012, 41.26463084 ], [ 140.86268988, 41.26463472 ], [ 140.862675720000027, 41.26464139 ], [ 140.862656, 41.26465111 ], [ 140.86263462, 41.26466195 ], [ 140.862533500000012, 41.26471222 ], [ 140.862522110000015, 41.26474389 ], [ 140.862486, 41.26484389 ], [ 140.862480170000026, 41.26486611 ], [ 140.86247294, 41.26489333 ], [ 140.862438490000017, 41.26502223 ], [ 140.862328500000018, 41.26511805 ], [ 140.86212211, 41.26515389 ], [ 140.861948500000011, 41.26510556 ], [ 140.8616485, 41.26507056 ], [ 140.861348490000012, 41.26511805 ], [ 140.86118961, 41.26530861 ], [ 140.86107961, 41.26557025 ], [ 140.86098458, 41.26598775 ], [ 140.860891530000032, 41.26625997 ], [ 140.86088737, 41.26627192 ], [ 140.860874580000029, 41.26630941 ], [ 140.86084681, 41.26632192 ], [ 140.86063708, 41.26641692 ], [ 140.860384580000016, 41.26655941 ], [ 140.860322970000027, 41.26666331 ], [ 140.860321, 41.26666667 ], [ 140.860257080000025, 41.26677441 ], [ 140.85997348, 41.26715497 ], [ 140.85992597, 41.26732164 ], [ 140.85997348, 41.2675608 ], [ 140.86011597000001, 41.26771497 ], [ 140.86021097, 41.26797747 ], [ 140.86017847, 41.26810831 ], [ 140.860052090000011, 41.26823997 ], [ 140.859878470000012, 41.26822747 ], [ 140.859640970000015, 41.26816831 ], [ 140.859373480000016, 41.26800164 ], [ 140.859135970000011, 41.26794164 ], [ 140.85888348, 41.26791831 ], [ 140.858337080000013, 41.26789795 ], [ 140.858333330000022, 41.2678978 ], [ 140.858234580000016, 41.26789413 ], [ 140.85796597, 41.26789413 ], [ 140.857760970000015, 41.26795331 ], [ 140.857444580000021, 41.26813831 ], [ 140.856702360000014, 41.26867469 ], [ 140.856197370000018, 41.26893636 ], [ 140.856007370000015, 41.26907969 ], [ 140.855486250000013, 41.26936553 ], [ 140.85543014000001, 41.26939025 ], [ 140.85499625, 41.26958053 ], [ 140.854601240000022, 41.26956803 ], [ 140.85418986000002, 41.26963941 ], [ 140.85362125, 41.26978941 ], [ 140.853511240000017, 41.26988525 ], [ 140.853526250000016, 41.26995692 ], [ 140.85385876, 41.27031441 ], [ 140.853906250000023, 41.27043359 ], [ 140.853716250000019, 41.27057608 ], [ 140.853494860000012, 41.27067192 ], [ 140.853368750000016, 41.27075525 ], [ 140.853384840000018, 41.27086192 ], [ 140.85354233000001, 41.27100859 ], [ 140.85371623, 41.27123525 ], [ 140.854158720000015, 41.27169997 ], [ 140.85426872, 41.27191414 ], [ 140.85437983, 41.27211664 ], [ 140.854442330000012, 41.27228413 ], [ 140.85458484, 41.27236747 ], [ 140.85475872, 41.27248661 ], [ 140.855722050000026, 41.27367328 ], [ 140.855659560000021, 41.27382828 ], [ 140.85567455, 41.27400744 ], [ 140.855595940000029, 41.27436467 ], [ 140.855564550000025, 41.27478133 ], [ 140.85540706, 41.27487717 ], [ 140.855307330000016, 41.27499661 ], [ 140.855304500000017, 41.275 ], [ 140.855248440000025, 41.27506717 ], [ 140.855105940000016, 41.27519884 ], [ 140.855043450000011, 41.27538967 ], [ 140.854948440000015, 41.27550884 ], [ 140.854790950000023, 41.27557967 ], [ 140.854569560000016, 41.27559217 ], [ 140.854284550000017, 41.27559217 ], [ 140.854264550000011, 41.27560217 ], [ 140.85414205, 41.275663 ], [ 140.85403205, 41.27578217 ], [ 140.854007610000025, 41.27578884 ], [ 140.85385844000001, 41.27583051 ], [ 140.85360455, 41.275818 ], [ 140.853337330000016, 41.27583022 ], [ 140.853036230000015, 41.27575856 ], [ 140.85284733, 41.27567522 ], [ 140.85262623, 41.27571105 ], [ 140.852604550000024, 41.27573744 ], [ 140.85249983, 41.27586605 ], [ 140.85246733, 41.27600856 ], [ 140.85246733, 41.27613939 ], [ 140.85226234000001, 41.27637856 ], [ 140.85218372, 41.27656856 ], [ 140.852214840000016, 41.27667605 ], [ 140.85238872, 41.27678605 ], [ 140.8525937, 41.27696439 ], [ 140.85279953, 41.27732189 ], [ 140.852894530000015, 41.27757272 ], [ 140.853004530000021, 41.27790605 ], [ 140.85305202, 41.27816828 ], [ 140.853004530000021, 41.27838244 ], [ 140.85290953, 41.27859661 ], [ 140.852640920000027, 41.27895411 ], [ 140.85235703, 41.27929995 ], [ 140.85218341, 41.27963411 ], [ 140.85211953000001, 41.27985995 ], [ 140.85210453000002, 41.28007467 ], [ 140.852135910000015, 41.28034884 ], [ 140.85210453000002, 41.28047967 ], [ 140.851945910000012, 41.28067051 ], [ 140.85145591, 41.28096797 ], [ 140.850744530000014, 41.28149297 ], [ 140.85028703, 41.28195686 ], [ 140.85017898000001, 41.28214241 ], [ 140.85011341, 41.2822552 ], [ 140.8500037, 41.28248995 ], [ 140.85000202, 41.28249353 ], [ 140.85, 41.2825062 ], [ 140.8499545, 41.28279186 ], [ 140.84993949, 41.28307769 ], [ 140.85, 41.28322772 ], [ 140.850002, 41.28323269 ], [ 140.85000367, 41.28323441 ], [ 140.85009611000001, 41.28332992 ], [ 140.850099420000021, 41.28333333 ], [ 140.850160890000012, 41.28339686 ], [ 140.850318390000012, 41.28368269 ], [ 140.850382, 41.28392103 ], [ 140.850349490000013, 41.28418353 ], [ 140.850302, 41.28443325 ], [ 140.850312700000018, 41.28453451 ], [ 140.850318390000012, 41.28458825 ], [ 140.850475890000013, 41.28480325 ], [ 140.850539489999989, 41.28496992 ], [ 140.85055589000001, 41.28511241 ], [ 140.850682, 41.28552992 ], [ 140.85104562, 41.28614992 ], [ 140.851329220000025, 41.28651908 ], [ 140.85189811, 41.28704325 ], [ 140.85197672000001, 41.28717464 ], [ 140.85189811, 41.28740047 ], [ 140.851645620000028, 41.28782964 ], [ 140.8511392, 41.28854464 ], [ 140.850729200000018, 41.2890688 ], [ 140.85014419, 41.28959436 ], [ 140.850018080000012, 41.28970186 ], [ 140.850003640000011, 41.28971472 ], [ 140.85, 41.28971797 ], [ 140.84984419, 41.28985684 ], [ 140.849682530000024, 41.29007877 ], [ 140.84967058, 41.29009517 ], [ 140.8494492, 41.29026184 ], [ 140.84862669, 41.29061933 ], [ 140.848058080000015, 41.29083433 ], [ 140.847710580000012, 41.29089351 ], [ 140.847079200000024, 41.29096517 ], [ 140.846684190000019, 41.29106017 ], [ 140.846256690000018, 41.29127489 ], [ 140.8460992, 41.29147739 ], [ 140.84607811, 41.29166323 ], [ 140.846077720000011, 41.29166667 ], [ 140.84606808, 41.29175156 ], [ 140.84611419, 41.29220405 ], [ 140.84616170000001, 41.29272822 ], [ 140.846273090000011, 41.29305072 ], [ 140.846383090000018, 41.29352905 ], [ 140.846446690000022, 41.29408961 ], [ 140.84632056, 41.29419628 ], [ 140.846114160000013, 41.29423211 ], [ 140.84592555, 41.29422044 ], [ 140.84535667, 41.29427961 ], [ 140.84491416, 41.29433961 ], [ 140.844313060000019, 41.29449461 ], [ 140.843886670000018, 41.29466128 ], [ 140.843460560000011, 41.29481628 ], [ 140.84314416, 41.29484044 ], [ 140.842884160000011, 41.29482628 ], [ 140.842480560000013, 41.29480461 ], [ 140.84184805000001, 41.29479211 ], [ 140.84167027, 41.2948145 ], [ 140.84166667, 41.29481495 ], [ 140.84127917, 41.29486378 ], [ 140.84099555, 41.29493544 ], [ 140.84078917, 41.29504295 ], [ 140.840417980000012, 41.29533144 ], [ 140.84029917, 41.29542378 ], [ 140.84004667, 41.295591 ], [ 140.839509170000014, 41.29604351 ], [ 140.839273060000011, 41.29611517 ], [ 140.83873555, 41.29622267 ], [ 140.838435550000014, 41.29629351 ], [ 140.83777167, 41.29649684 ], [ 140.83736056, 41.29663933 ], [ 140.837218050000018, 41.29673517 ], [ 140.837076670000016, 41.29688933 ], [ 140.83694917, 41.29705684 ], [ 140.836787500000014, 41.29720544 ], [ 140.83650805000002, 41.29746184 ], [ 140.836318050000017, 41.2976285 ], [ 140.83593805000001, 41.29779489 ], [ 140.835321670000013, 41.29816489 ], [ 140.83470555, 41.29862905 ], [ 140.83435805000002, 41.29903489 ], [ 140.83415306, 41.29934489 ], [ 140.83411722, 41.29949851 ], [ 140.83408917, 41.29961823 ], [ 140.83407416, 41.29982156 ], [ 140.8341045, 41.29999656 ], [ 140.83410508, 41.3 ], [ 140.83412167, 41.30009572 ], [ 140.83454803, 41.30130377 ], [ 140.83478525000001, 41.30188711 ], [ 140.83494275000001, 41.30231628 ], [ 140.83501475, 41.30241859 ], [ 140.83506886, 41.30249544 ], [ 140.83524275000002, 41.30266211 ], [ 140.835463870000012, 41.30280544 ], [ 140.835780250000028, 41.30290044 ], [ 140.836065250000019, 41.30292461 ], [ 140.836301360000022, 41.30293628 ], [ 140.836507760000018, 41.30296044 ], [ 140.83666525000001, 41.30310295 ], [ 140.836760250000026, 41.30328208 ], [ 140.836886350000015, 41.30352041 ], [ 140.83723387, 41.30383041 ], [ 140.83768219000001, 41.30427736 ], [ 140.83781886, 41.30441375 ], [ 140.837945250000018, 41.30458125 ], [ 140.83796136, 41.30470041 ], [ 140.837881360000011, 41.30486708 ], [ 140.837755250000015, 41.30503375 ], [ 140.83761275, 41.30529625 ], [ 140.837597760000023, 41.30548625 ], [ 140.837660250000027, 41.30560541 ], [ 140.837802480000022, 41.30592792 ], [ 140.83802358, 41.30621375 ], [ 140.83841859, 41.30660708 ], [ 140.83857178, 41.30681478 ], [ 140.83865608, 41.30692875 ], [ 140.838734970000019, 41.30713125 ], [ 140.838813550000026, 41.30745292 ], [ 140.838956060000015, 41.30767375 ], [ 140.83912995, 41.30801959 ], [ 140.83922494, 41.30815041 ], [ 140.83958856000001, 41.30792375 ], [ 140.839872440000022, 41.30757792 ], [ 140.84018859, 41.30718459 ], [ 140.84048859, 41.30674375 ], [ 140.84064747, 41.30667208 ], [ 140.84080497, 41.30669625 ], [ 140.841009970000016, 41.30676792 ], [ 140.841421090000011, 41.30693459 ], [ 140.84166667, 41.30695541 ], [ 140.841670250000021, 41.30695572 ], [ 140.84170608, 41.30695875 ], [ 140.84206856000003, 41.30695875 ], [ 140.84236859, 41.30691041 ], [ 140.842677200000026, 41.30682736 ], [ 140.84281109, 41.30679125 ], [ 140.84323859, 41.30660125 ], [ 140.84361747, 41.30641041 ], [ 140.84399747, 41.30632708 ], [ 140.84432859, 41.30633875 ], [ 140.84475497, 41.30641041 ], [ 140.845529950000014, 41.30668459 ], [ 140.84579856000002, 41.30688708 ], [ 140.846113550000013, 41.30747125 ], [ 140.84640966, 41.30792513 ], [ 140.846509950000012, 41.30807875 ], [ 140.84663508, 41.30832986 ], [ 140.846636830000023, 41.30833333 ], [ 140.84701494, 41.30909208 ], [ 140.847378280000015, 41.30985428 ], [ 140.84778828, 41.31071261 ], [ 140.84840467, 41.31168011 ], [ 140.84862722, 41.31204584 ], [ 140.84892713, 41.31253844 ], [ 140.84898064, 41.31274887 ], [ 140.84900575, 41.31284761 ], [ 140.84905326, 41.31312177 ], [ 140.84903713, 41.31330095 ], [ 140.84892713, 41.31351511 ], [ 140.848784640000019, 41.31377761 ], [ 140.848720750000012, 41.31394428 ], [ 140.848737130000018, 41.31405178 ], [ 140.84886326, 41.31418261 ], [ 140.84925825, 41.31442095 ], [ 140.84946326, 41.31454011 ], [ 140.849732140000015, 41.31456428 ], [ 140.849922140000018, 41.31455261 ], [ 140.85, 41.31454917 ], [ 140.85000353, 41.31454903 ], [ 140.85020713, 41.31454011 ], [ 140.850712140000013, 41.31439761 ], [ 140.85104464, 41.31429011 ], [ 140.851359920000021, 41.31416705 ], [ 140.85153326, 41.31409928 ], [ 140.85194464, 41.31388511 ], [ 140.852434640000013, 41.31357511 ], [ 140.85263964, 41.31339595 ], [ 140.852908250000013, 41.31330095 ], [ 140.853193260000012, 41.31330095 ], [ 140.853587980000015, 41.31338428 ], [ 140.854061850000022, 41.31351511 ], [ 140.854440470000014, 41.31370595 ], [ 140.855010470000025, 41.31384928 ], [ 140.85581547000001, 41.31403011 ], [ 140.856336860000027, 41.31422095 ], [ 140.85646241, 41.31427072 ], [ 140.856937980000026, 41.31445928 ], [ 140.85722185000003, 41.31461428 ], [ 140.857759360000017, 41.31494761 ], [ 140.857996860000014, 41.31504341 ], [ 140.858280470000011, 41.31515008 ], [ 140.858333330000022, 41.31516189 ], [ 140.85833686, 41.31516267 ], [ 140.858549360000012, 41.31521008 ], [ 140.858865470000012, 41.31519841 ], [ 140.859039360000025, 41.31521008 ], [ 140.859291860000013, 41.31524592 ], [ 140.859434360000023, 41.31535341 ], [ 140.85946547, 41.31548425 ], [ 140.859497980000015, 41.31567508 ], [ 140.85952936000001, 41.31605592 ], [ 140.85952936000001, 41.31640147 ], [ 140.859631950000022, 41.31666313 ], [ 140.859633310000021, 41.31666667 ], [ 140.85965547, 41.31672313 ], [ 140.85974464, 41.31700036 ], [ 140.859766830000012, 41.31706897 ], [ 140.86001934, 41.31749814 ], [ 140.860224330000023, 41.31778313 ], [ 140.860587950000024, 41.31824731 ], [ 140.860697660000028, 41.31852147 ], [ 140.86087267000002, 41.31902231 ], [ 140.86091905, 41.3192248 ], [ 140.860951560000018, 41.31951064 ], [ 140.860951560000018, 41.31970147 ], [ 140.86096655, 41.31992813 ], [ 140.861030170000021, 41.32016647 ], [ 140.861077670000014, 41.32057147 ], [ 140.861092670000033, 41.32092897 ], [ 140.861092670000033, 41.32145286 ], [ 140.861125160000029, 41.32162036 ], [ 140.86120406, 41.32172703 ], [ 140.86136156, 41.32181036 ], [ 140.86155156, 41.32185867 ], [ 140.861772670000022, 41.3218345 ], [ 140.86224655, 41.32177533 ], [ 140.862657660000025, 41.321787 ], [ 140.862910170000021, 41.3218345 ], [ 140.863100170000024, 41.3219295 ], [ 140.863352390000017, 41.32204951 ], [ 140.863573770000016, 41.32216867 ], [ 140.86379489, 41.322192 ], [ 140.864127390000021, 41.32220369 ], [ 140.865074890000017, 41.32212064 ], [ 140.865864890000012, 41.32202564 ], [ 140.86598433, 41.32200703 ], [ 140.866402390000019, 41.32194231 ], [ 140.86666667, 41.32185659 ], [ 140.86667017000002, 41.32185544 ], [ 140.866733770000025, 41.3218348 ], [ 140.866740140000019, 41.32183113 ], [ 140.867002110000016, 41.3216798 ], [ 140.86733462, 41.32132231 ], [ 140.86753961, 41.32100064 ], [ 140.867761, 41.32092897 ], [ 140.86791961, 41.32091731 ], [ 140.86828211, 41.32095314 ], [ 140.86870961, 41.3210248 ], [ 140.86891462, 41.32110814 ], [ 140.86913601, 41.3213698 ], [ 140.86919961000001, 41.32166814 ], [ 140.8692785, 41.3219898 ], [ 140.869404620000012, 41.32219814 ], [ 140.86965711, 41.32247231 ], [ 140.869736, 41.32269897 ], [ 140.869768490000013, 41.32292564 ], [ 140.869830700000023, 41.32327036 ], [ 140.869973190000024, 41.32380703 ], [ 140.870004310000013, 41.32429536 ], [ 140.8700518, 41.32482036 ], [ 140.870077330000015, 41.32499647 ], [ 140.87007786, 41.325 ], [ 140.87011569, 41.3252612 ], [ 140.87016319, 41.32538036 ], [ 140.8703207, 41.3255112 ], [ 140.870826810000011, 41.32596453 ], [ 140.871032090000028, 41.32625064 ], [ 140.871150410000013, 41.32637313 ], [ 140.87144681, 41.32667675 ], [ 140.87174292, 41.3268698 ], [ 140.87202542, 41.32705259 ], [ 140.872486520000024, 41.32749925 ], [ 140.872569030000022, 41.32769175 ], [ 140.872561530000013, 41.32785841 ], [ 140.872544030000029, 41.32826341 ], [ 140.872509030000032, 41.32845592 ], [ 140.87249097, 41.32860175 ], [ 140.87248292000001, 41.32866841 ], [ 140.872424030000019, 41.32885259 ], [ 140.872435420000016, 41.32903259 ], [ 140.87258791, 41.32923175 ], [ 140.872740420000014, 41.32935259 ], [ 140.872953750000022, 41.32951175 ], [ 140.87309375000001, 41.32965759 ], [ 140.87325014000001, 41.32984175 ], [ 140.873357640000023, 41.33014175 ], [ 140.87350375, 41.33051592 ], [ 140.87355514, 41.33069731 ], [ 140.87371514000003, 41.33086897 ], [ 140.87408625, 41.33116731 ], [ 140.87423125, 41.33132313 ], [ 140.874381240000019, 41.33151314 ], [ 140.87479597, 41.33180231 ], [ 140.87499097, 41.33190064 ], [ 140.875, 41.33191075 ], [ 140.87500348, 41.33191461 ], [ 140.875133480000017, 41.3320598 ], [ 140.875493480000017, 41.33239984 ], [ 140.875639830000011, 41.33253067 ], [ 140.87578234, 41.33270233 ], [ 140.87590484, 41.332879 ], [ 140.875965940000015, 41.33304817 ], [ 140.875908440000018, 41.33324317 ], [ 140.875863090000024, 41.33332984 ], [ 140.875861250000014, 41.33333333 ], [ 140.87579983, 41.33345067 ], [ 140.875425940000014, 41.3336965 ], [ 140.875245940000013, 41.33387817 ], [ 140.87510733, 41.33401539 ], [ 140.87500345, 41.33409161 ], [ 140.875, 41.33409414 ], [ 140.87472345, 41.33429705 ], [ 140.87454345, 41.33444539 ], [ 140.87440733, 41.33462789 ], [ 140.87423983, 41.33485623 ], [ 140.87417484, 41.33500539 ], [ 140.874115940000024, 41.33522789 ], [ 140.874100950000013, 41.33540956 ], [ 140.87427095000001, 41.33567289 ], [ 140.874499, 41.33594872 ], [ 140.875, 41.33640044 ], [ 140.87500345, 41.33640356 ], [ 140.875157060000021, 41.33654205 ], [ 140.875663160000016, 41.33690456 ], [ 140.87589066000001, 41.33717095 ], [ 140.87599205, 41.33745761 ], [ 140.876207060000013, 41.33765761 ], [ 140.876397060000016, 41.33783844 ], [ 140.876485670000022, 41.33802928 ], [ 140.87682817000001, 41.33827761 ], [ 140.87720678, 41.33872511 ], [ 140.87737178, 41.33910677 ], [ 140.877687890000033, 41.33945011 ], [ 140.87792927000001, 41.33974595 ], [ 140.878119270000013, 41.33993567 ], [ 140.878295380000026, 41.34015484 ], [ 140.87867538, 41.34030817 ], [ 140.87886538, 41.34051733 ], [ 140.879156780000017, 41.34073651 ], [ 140.879421510000014, 41.34090817 ], [ 140.879789, 41.3413565 ], [ 140.880004, 41.3416215 ], [ 140.88002341, 41.34166317 ], [ 140.880025030000013, 41.34166667 ], [ 140.88018150000002, 41.34200233 ], [ 140.880206500000014, 41.34219317 ], [ 140.880194, 41.34270789 ], [ 140.880219, 41.34310789 ], [ 140.880213990000016, 41.34325956 ], [ 140.880206500000014, 41.34348956 ], [ 140.88018150000002, 41.34374708 ], [ 140.88018148, 41.34450041 ], [ 140.88034647, 41.34468125 ], [ 140.88066258, 41.34473875 ], [ 140.881067300000012, 41.34490041 ], [ 140.881509810000011, 41.34496708 ], [ 140.881801190000033, 41.34510014 ], [ 140.8819537, 41.34522431 ], [ 140.88199119, 41.34557764 ], [ 140.882104810000016, 41.34594931 ], [ 140.882371190000015, 41.3461968 ], [ 140.8827762, 41.34634931 ], [ 140.88288287, 41.34641069 ], [ 140.882991480000015, 41.34647347 ], [ 140.8831562, 41.34656847 ], [ 140.883333330000028, 41.34667292 ], [ 140.88333674, 41.34667495 ], [ 140.883447300000029, 41.34674013 ], [ 140.883623700000015, 41.34705513 ], [ 140.883801190000014, 41.34733153 ], [ 140.884117300000014, 41.34753653 ], [ 140.8842062, 41.34773653 ], [ 140.88416842, 41.34806069 ], [ 140.88400341000002, 41.34848986 ], [ 140.88400341000002, 41.34886153 ], [ 140.88397842, 41.34930987 ], [ 140.88400341000002, 41.34975708 ], [ 140.884056360000017, 41.34999653 ], [ 140.88405713, 41.35 ], [ 140.88409202, 41.35015792 ], [ 140.88424258, 41.35049013 ], [ 140.88428202, 41.35057708 ], [ 140.88457341, 41.35091125 ], [ 140.885015910000021, 41.35121625 ], [ 140.88571202, 41.35158292 ], [ 140.88628202000001, 41.35189792 ], [ 140.887091750000025, 41.35229792 ], [ 140.88780064, 41.35258459 ], [ 140.88821815, 41.35271795 ], [ 140.888850640000015, 41.35270795 ], [ 140.88919314, 41.35275628 ], [ 140.889724250000029, 41.35295628 ], [ 140.890408150000013, 41.35328044 ], [ 140.890761750000024, 41.35354711 ], [ 140.891002870000023, 41.35387128 ], [ 140.891242870000013, 41.35402128 ], [ 140.89157148000001, 41.35419267 ], [ 140.89166667, 41.35423972 ], [ 140.891670080000011, 41.35424141 ], [ 140.891938970000012, 41.35437433 ], [ 140.892217860000017, 41.354546 ], [ 140.89238287, 41.3546885 ], [ 140.89248397, 41.35506017 ], [ 140.892787860000027, 41.35538433 ], [ 140.892943670000022, 41.35547656 ], [ 140.89307783000001, 41.355556 ], [ 140.89340783, 41.35589933 ], [ 140.89376144, 41.35630017 ], [ 140.89402783, 41.356681 ], [ 140.89424283, 41.35686267 ], [ 140.89445756, 41.35717684 ], [ 140.894723670000019, 41.35737767 ], [ 140.894976160000027, 41.357501 ], [ 140.895343670000017, 41.35765351 ], [ 140.89582506, 41.35788267 ], [ 140.89643394, 41.35827184 ], [ 140.89652501, 41.35832989 ], [ 140.89653039, 41.35833333 ], [ 140.896571170000016, 41.35835933 ], [ 140.89697616, 41.35864517 ], [ 140.89740756, 41.35901933 ], [ 140.897685060000015, 41.35935351 ], [ 140.89805228, 41.35968684 ], [ 140.8983809, 41.35989684 ], [ 140.89883728, 41.36014433 ], [ 140.89916589, 41.36056408 ], [ 140.899520890000019, 41.36087825 ], [ 140.89998839, 41.36113575 ], [ 140.9, 41.36113872 ], [ 140.900003380000015, 41.36113961 ], [ 140.90046978, 41.36125992 ], [ 140.900963390000015, 41.36131741 ], [ 140.90098645, 41.36132492 ], [ 140.901912, 41.36162241 ], [ 140.902380610000023, 41.36172741 ], [ 140.9028745, 41.36176103 ], [ 140.903317, 41.3617702 ], [ 140.903507, 41.36179853 ], [ 140.903545620000017, 41.36190353 ], [ 140.903368110000031, 41.36241825 ], [ 140.903013110000018, 41.36310492 ], [ 140.902810610000017, 41.36372408 ], [ 140.902482, 41.36454408 ], [ 140.90293811, 41.36461075 ], [ 140.90414034, 41.36481159 ], [ 140.90483672000002, 41.36493492 ], [ 140.90520283, 41.36510659 ], [ 140.90560783, 41.36535492 ], [ 140.905924230000011, 41.36556408 ], [ 140.906392830000016, 41.36576492 ], [ 140.906886720000017, 41.36584075 ], [ 140.907026450000018, 41.36586214 ], [ 140.90757034, 41.36594575 ], [ 140.908012550000024, 41.36605992 ], [ 140.90833333, 41.36609792 ], [ 140.908336720000023, 41.36609831 ], [ 140.908582560000013, 41.36612741 ], [ 140.909050050000019, 41.36615575 ], [ 140.90931645, 41.36605992 ], [ 140.909797560000015, 41.36583159 ], [ 140.91035394, 41.36557436 ], [ 140.91078506, 41.36546936 ], [ 140.91138005000002, 41.36543103 ], [ 140.91193616000001, 41.3654602 ], [ 140.91248117, 41.36546936 ], [ 140.91318978000001, 41.3655552 ], [ 140.91363228, 41.36558353 ], [ 140.91450616, 41.36556436 ], [ 140.914746160000021, 41.3656002 ], [ 140.914973670000023, 41.36579103 ], [ 140.915264470000011, 41.36628686 ], [ 140.91553669000001, 41.36666325 ], [ 140.915539170000017, 41.36666667 ], [ 140.91573336, 41.36693522 ], [ 140.915859470000015, 41.36721189 ], [ 140.916088370000011, 41.36732605 ], [ 140.916454470000019, 41.36738356 ], [ 140.916666670000012, 41.36748131 ], [ 140.91667003, 41.36748286 ], [ 140.916846980000031, 41.36756439 ], [ 140.91732837, 41.36771689 ], [ 140.91773336, 41.36793605 ], [ 140.91832808, 41.36839439 ], [ 140.918606690000018, 41.36875577 ], [ 140.91864419, 41.36904244 ], [ 140.91845419, 41.36945244 ], [ 140.9178717, 41.36986244 ], [ 140.917429200000015, 41.37020495 ], [ 140.91726558000002, 41.37036633 ], [ 140.9170617, 41.37056744 ], [ 140.916796690000012, 41.37094911 ], [ 140.91667003, 41.37115244 ], [ 140.916666670000012, 41.37115784 ], [ 140.91660669, 41.37125411 ], [ 140.91622669, 41.37154995 ], [ 140.91579698000001, 41.37176911 ], [ 140.91551837, 41.37200744 ], [ 140.915226980000028, 41.37223578 ], [ 140.914656980000018, 41.37243633 ], [ 140.91448086, 41.37256467 ], [ 140.914138370000018, 41.37278384 ], [ 140.913391970000021, 41.3729555 ], [ 140.91282197000001, 41.3730605 ], [ 140.912214480000017, 41.37327967 ], [ 140.91170864, 41.37354633 ], [ 140.91146864000001, 41.37375633 ], [ 140.911454750000019, 41.37406133 ], [ 140.91161947, 41.37450967 ], [ 140.911853920000027, 41.37499661 ], [ 140.911855550000013, 41.375 ], [ 140.911885860000012, 41.375063 ], [ 140.912264470000025, 41.37574884 ], [ 140.91267086, 41.376378 ], [ 140.9127392, 41.37653967 ], [ 140.91292336, 41.37697633 ], [ 140.91341669000002, 41.37753856 ], [ 140.913708080000021, 41.37791105 ], [ 140.91397419, 41.37837772 ], [ 140.91441667, 41.37908356 ], [ 140.91459416, 41.37947439 ], [ 140.91465667, 41.37976022 ], [ 140.914821390000014, 41.38012272 ], [ 140.914960270000023, 41.38053275 ], [ 140.915188880000017, 41.38071359 ], [ 140.915492780000022, 41.38079025 ], [ 140.915922780000017, 41.38078025 ], [ 140.91659389000003, 41.38079025 ], [ 140.916666670000012, 41.38080039 ], [ 140.91667, 41.38080086 ], [ 140.917137780000019, 41.38086608 ], [ 140.9177325, 41.38100941 ], [ 140.91821361, 41.38106608 ], [ 140.918695010000022, 41.38106608 ], [ 140.91903611, 41.38118108 ], [ 140.919441120000016, 41.38144775 ], [ 140.91987083, 41.38174331 ], [ 140.92016611, 41.38184164 ], [ 140.920213330000024, 41.38185747 ], [ 140.920579730000014, 41.38181914 ], [ 140.92131472, 41.38160775 ], [ 140.92190973000001, 41.38148359 ], [ 140.92254222, 41.38140775 ], [ 140.923085840000027, 41.38140775 ], [ 140.923731950000018, 41.38143608 ], [ 140.924161950000013, 41.38152192 ], [ 140.924680560000013, 41.38167441 ], [ 140.925, 41.38188631 ], [ 140.92500333000001, 41.38188853 ], [ 140.92521195, 41.38202692 ], [ 140.92556667, 41.38237941 ], [ 140.925717780000014, 41.38276108 ], [ 140.926060270000022, 41.3830758 ], [ 140.926452780000034, 41.38328497 ], [ 140.92650516, 41.38332997 ], [ 140.926509080000017, 41.38333333 ], [ 140.926630270000032, 41.38343747 ], [ 140.926705280000022, 41.38365747 ], [ 140.926717780000018, 41.38392414 ], [ 140.926895280000025, 41.38427664 ], [ 140.927072780000032, 41.38452497 ], [ 140.92718639, 41.38502997 ], [ 140.9273, 41.38536414 ], [ 140.92737639, 41.38576414 ], [ 140.92746501000002, 41.38592664 ], [ 140.927488050000022, 41.38613636 ], [ 140.9275025, 41.38626913 ], [ 140.927541390000016, 41.3864408 ], [ 140.92779389, 41.38664164 ], [ 140.928085010000018, 41.3869558 ], [ 140.928275010000021, 41.38728997 ], [ 140.92855361, 41.38762303 ], [ 140.928806110000011, 41.38787053 ], [ 140.928996110000014, 41.3880972 ], [ 140.92907222, 41.38855469 ], [ 140.92916112, 41.38924136 ], [ 140.92933722, 41.38959389 ], [ 140.929717220000015, 41.38986139 ], [ 140.930261950000016, 41.39021389 ], [ 140.930830830000019, 41.39055723 ], [ 140.931274450000018, 41.39091972 ], [ 140.931464450000021, 41.39125305 ], [ 140.931628340000032, 41.39164389 ], [ 140.9316393, 41.39166333 ], [ 140.93164117, 41.39166667 ], [ 140.931805810000014, 41.39195861 ], [ 140.932349140000014, 41.39227278 ], [ 140.93274163000001, 41.39257777 ], [ 140.933223020000014, 41.39305528 ], [ 140.933333330000011, 41.39330944 ], [ 140.933336640000022, 41.39331708 ], [ 140.9333608, 41.39337278 ], [ 140.933425520000014, 41.39352195 ], [ 140.93361553, 41.39398695 ], [ 140.93367914000001, 41.39424444 ], [ 140.93360302, 41.39452111 ], [ 140.933336640000022, 41.39457833 ], [ 140.933333330000011, 41.39457905 ], [ 140.933071630000029, 41.39463528 ], [ 140.93257803, 41.39475944 ], [ 140.932146640000013, 41.39507361 ], [ 140.93197053, 41.39553084 ], [ 140.93159053, 41.39598833 ], [ 140.93131163000001, 41.39652251 ], [ 140.931008030000015, 41.39693251 ], [ 140.93075553, 41.39716167 ], [ 140.92995830000001, 41.39736167 ], [ 140.928869420000012, 41.39764751 ], [ 140.927933310000014, 41.39795222 ], [ 140.92769192, 41.39816223 ], [ 140.927603310000023, 41.39834305 ], [ 140.9276283, 41.39855305 ], [ 140.927768300000025, 41.39883889 ], [ 140.928059420000011, 41.39933472 ], [ 140.928107760000017, 41.39943251 ], [ 140.92827442, 41.39976889 ], [ 140.928482700000018, 41.39999667 ], [ 140.928485720000026, 41.4 ], [ 140.928553310000012, 41.40007389 ], [ 140.92879331, 41.40028389 ], [ 140.92928691, 41.40040723 ], [ 140.929780530000016, 41.40056972 ], [ 140.930173020000012, 41.40058889 ], [ 140.930590530000018, 41.40068389 ], [ 140.931059140000031, 41.40093222 ], [ 140.931666640000032, 41.40123725 ], [ 140.931894140000026, 41.40149475 ], [ 140.932084140000029, 41.40183725 ], [ 140.93236275000001, 41.40241864 ], [ 140.932412750000026, 41.40278113 ], [ 140.93251387, 41.40307697 ], [ 140.932551360000019, 41.40350613 ], [ 140.932703870000012, 41.4039228 ], [ 140.932943860000023, 41.40417113 ], [ 140.933333330000011, 41.40447195 ], [ 140.933336640000022, 41.40447451 ], [ 140.93340025, 41.40452364 ], [ 140.933855250000022, 41.40472364 ], [ 140.93442525, 41.40507697 ], [ 140.934652750000026, 41.40519114 ], [ 140.93475387, 41.40530531 ], [ 140.93471636000001, 41.40551531 ], [ 140.93465494000003, 41.40567753 ], [ 140.93451384, 41.40604947 ], [ 140.93422272, 41.40639169 ], [ 140.934210220000011, 41.40667836 ], [ 140.934412720000012, 41.40697336 ], [ 140.934792720000019, 41.40726003 ], [ 140.93517272, 41.40738336 ], [ 140.93590606, 41.40755503 ], [ 140.936652440000017, 41.40761253 ], [ 140.937222440000028, 41.40769836 ], [ 140.937361050000021, 41.4077842 ], [ 140.937387450000017, 41.40803169 ], [ 140.93735061000001, 41.40833003 ], [ 140.937350220000013, 41.40833333 ], [ 140.93734856, 41.40834669 ], [ 140.93743745, 41.40877587 ], [ 140.93751355, 41.40936669 ], [ 140.93763995, 41.40980253 ], [ 140.937893550000013, 41.41027003 ], [ 140.938286060000024, 41.41066086 ], [ 140.938462440000023, 41.41091836 ], [ 140.938664940000024, 41.41150892 ], [ 140.93889328, 41.41181395 ], [ 140.939044670000015, 41.41205228 ], [ 140.939044670000015, 41.41235811 ], [ 140.939002440000024, 41.412442 ], [ 140.938829950000013, 41.41278644 ], [ 140.938703550000014, 41.41325395 ], [ 140.938501050000013, 41.41378811 ], [ 140.938234940000029, 41.41419784 ], [ 140.937943550000028, 41.41449951 ], [ 140.937728560000011, 41.414722 ], [ 140.938032440000029, 41.41484617 ], [ 140.93839995, 41.41491284 ], [ 140.938716060000019, 41.41511284 ], [ 140.93886745, 41.41526533 ], [ 140.939336060000016, 41.41551117 ], [ 140.939474940000025, 41.41584451 ], [ 140.93955105, 41.41615951 ], [ 140.93955105, 41.41655033 ], [ 140.939562310000014, 41.41666339 ], [ 140.939562610000024, 41.41666667 ], [ 140.93958995, 41.41694117 ], [ 140.939664940000029, 41.41725505 ], [ 140.939766060000011, 41.41761756 ], [ 140.939908880000019, 41.41791208 ], [ 140.940057420000016, 41.41821839 ], [ 140.94029852, 41.41866672 ], [ 140.940513260000017, 41.41907672 ], [ 140.940589640000013, 41.41927672 ], [ 140.94060825, 41.41948672 ], [ 140.94061464, 41.41973922 ], [ 140.94062075, 41.41999672 ], [ 140.94060825, 41.42014923 ], [ 140.940564920000014, 41.42038728 ], [ 140.940476030000013, 41.42069728 ], [ 140.94036742000003, 41.42105978 ], [ 140.94077214, 41.42102644 ], [ 140.94117075, 41.42097895 ], [ 140.94151964, 41.42092144 ], [ 140.941666670000018, 41.4208768 ], [ 140.94166992000001, 41.4208758 ], [ 140.94178575, 41.42084061 ], [ 140.942064640000012, 41.42072144 ], [ 140.94223575, 41.42071672 ], [ 140.94245713, 41.42080256 ], [ 140.94275464, 41.42097395 ], [ 140.943078250000013, 41.42119811 ], [ 140.94344575, 41.42150311 ], [ 140.94383825, 41.42181728 ], [ 140.94416214, 41.42211811 ], [ 140.944453260000017, 41.42240397 ], [ 140.94461185000003, 41.42254231 ], [ 140.94476936, 41.42277564 ], [ 140.945035470000022, 41.42303813 ], [ 140.945180470000025, 41.4232098 ], [ 140.945211850000021, 41.42334314 ], [ 140.94517436000001, 41.42348147 ], [ 140.94506547, 41.42356731 ], [ 140.944875470000028, 41.42368147 ], [ 140.94453464, 41.42390564 ], [ 140.944324640000019, 41.42405814 ], [ 140.94419825, 41.42416731 ], [ 140.944179640000016, 41.42426813 ], [ 140.944287130000021, 41.42445369 ], [ 140.944357130000014, 41.42462953 ], [ 140.94447713, 41.42481536 ], [ 140.944547640000025, 41.42499675 ], [ 140.94454891, 41.425 ], [ 140.94455326, 41.4250112 ], [ 140.94460326, 41.42525453 ], [ 140.94460326, 41.42547869 ], [ 140.94469214, 41.42570203 ], [ 140.94477464000002, 41.42596953 ], [ 140.944856860000016, 41.42610286 ], [ 140.944875470000028, 41.42633203 ], [ 140.94488798, 41.4265512 ], [ 140.944897130000015, 41.4266848 ], [ 140.944901860000016, 41.4267562 ], [ 140.944961850000027, 41.4268462 ], [ 140.94515185000003, 41.42687953 ], [ 140.945467980000018, 41.42686536 ], [ 140.94603297, 41.42682286 ], [ 140.94650798, 41.42679869 ], [ 140.946887980000014, 41.42677953 ], [ 140.94722436, 41.42672703 ], [ 140.947571860000011, 41.42669869 ], [ 140.94787686, 41.42662703 ], [ 140.94827519, 41.42651286 ], [ 140.948554090000016, 41.42642203 ], [ 140.948731580000015, 41.42621703 ], [ 140.948921580000018, 41.42600286 ], [ 140.949150190000012, 41.42577869 ], [ 140.94950659, 41.4254548 ], [ 140.949645190000012, 41.4253498 ], [ 140.949867690000019, 41.42528814 ], [ 140.95, 41.42528317 ], [ 140.950003260000017, 41.42528305 ], [ 140.95013409, 41.42527813 ], [ 140.950551580000024, 41.4252548 ], [ 140.95095769, 41.42516897 ], [ 140.951306300000027, 41.42512564 ], [ 140.95160992000001, 41.42509231 ], [ 140.951952410000018, 41.42502564 ], [ 140.95204128, 41.425 ], [ 140.952052550000019, 41.42499675 ], [ 140.952249920000014, 41.4249398 ], [ 140.952604920000027, 41.42482564 ], [ 140.952953800000017, 41.42469231 ], [ 140.95326380000003, 41.4246398 ], [ 140.953662410000021, 41.42450147 ], [ 140.95396881, 41.42444897 ], [ 140.954272410000016, 41.42445814 ], [ 140.95474852000001, 41.42448731 ], [ 140.954957690000015, 41.42448036 ], [ 140.95504603, 41.42447731 ], [ 140.95533713, 41.42445397 ], [ 140.95565464, 41.42438731 ], [ 140.95600214000001, 41.42429147 ], [ 140.95629464000001, 41.42417759 ], [ 140.956586030000011, 41.42402008 ], [ 140.95671214, 41.42396759 ], [ 140.95685214, 41.42398175 ], [ 140.95708603, 41.42405841 ], [ 140.957257130000016, 41.42421592 ], [ 140.95745964, 41.42438759 ], [ 140.95769436, 41.42455397 ], [ 140.95790326, 41.42470147 ], [ 140.958251850000011, 41.4248348 ], [ 140.958333330000016, 41.42485711 ], [ 140.958336590000016, 41.424858 ], [ 140.958601860000016, 41.42493064 ], [ 140.95890764, 41.42499675 ], [ 140.958922700000016, 41.425 ], [ 140.959064360000013, 41.42503064 ], [ 140.959400750000015, 41.42510231 ], [ 140.95983825, 41.42519231 ], [ 140.96021825, 41.42529731 ], [ 140.96050326, 41.4253598 ], [ 140.960649360000019, 41.42548314 ], [ 140.960699080000012, 41.4256548 ], [ 140.960680470000028, 41.42584564 ], [ 140.960686590000023, 41.42605564 ], [ 140.960756590000017, 41.42628897 ], [ 140.960819080000022, 41.42649897 ], [ 140.96081297, 41.42672731 ], [ 140.96081297, 41.42692314 ], [ 140.96086409, 41.4270898 ], [ 140.960965470000019, 41.42727564 ], [ 140.961111580000022, 41.42745731 ], [ 140.96131409, 41.42765731 ], [ 140.961585470000017, 41.4279048 ], [ 140.96176908000001, 41.42811953 ], [ 140.962035470000018, 41.42837703 ], [ 140.96238908, 41.42863869 ], [ 140.96256158, 41.42879759 ], [ 140.962611580000015, 41.42884369 ], [ 140.96293409, 41.4290062 ], [ 140.963162970000013, 41.42923036 ], [ 140.96332131, 41.42942036 ], [ 140.96351769, 41.42955869 ], [ 140.9636002, 41.42967369 ], [ 140.96358769, 41.42986869 ], [ 140.963637690000013, 41.4300212 ], [ 140.9637902, 41.43021703 ], [ 140.96401769, 41.43042203 ], [ 140.964246280000026, 41.43061203 ], [ 140.96450128, 41.43080786 ], [ 140.964850170000034, 41.43104623 ], [ 140.96524267, 41.43125595 ], [ 140.965496280000025, 41.43137928 ], [ 140.965565160000011, 41.43144677 ], [ 140.965585160000018, 41.43151344 ], [ 140.965502670000035, 41.43159928 ], [ 140.96538128, 41.43175178 ], [ 140.965261280000021, 41.43190428 ], [ 140.965178780000031, 41.43205677 ], [ 140.965160170000019, 41.43227595 ], [ 140.965178780000031, 41.43244761 ], [ 140.965200730000021, 41.43253122 ], [ 140.96524267, 41.43269095 ], [ 140.965331280000015, 41.43290011 ], [ 140.965457660000027, 41.43309095 ], [ 140.96561628, 41.43323428 ], [ 140.965786830000013, 41.43333011 ], [ 140.96579258, 41.43333333 ], [ 140.965869880000014, 41.43337677 ], [ 140.96621239000001, 41.43352511 ], [ 140.96652850000001, 41.43362928 ], [ 140.96666667, 41.43366725 ], [ 140.966669880000012, 41.43366813 ], [ 140.966807390000014, 41.43370595 ], [ 140.96694739, 41.43381095 ], [ 140.96716239, 41.43412067 ], [ 140.967302390000015, 41.43437817 ], [ 140.967428500000011, 41.43469733 ], [ 140.967486010000016, 41.43494984 ], [ 140.967593500000021, 41.43515484 ], [ 140.968009880000011, 41.43525484 ], [ 140.968428500000016, 41.4353315 ], [ 140.96882711, 41.435369 ], [ 140.969105720000016, 41.43538817 ], [ 140.969365720000013, 41.43546984 ], [ 140.969892109999989, 41.43555567 ], [ 140.970265720000015, 41.43564567 ], [ 140.97062822, 41.43575567 ], [ 140.970995720000019, 41.43580817 ], [ 140.971375720000026, 41.43583151 ], [ 140.97172462, 41.43583151 ], [ 140.972021830000017, 41.43585567 ], [ 140.972269340000025, 41.4359465 ], [ 140.97261795, 41.43607984 ], [ 140.972991830000012, 41.4362515 ], [ 140.973270440000022, 41.43642317 ], [ 140.97353684, 41.43659484 ], [ 140.973732940000019, 41.43671817 ], [ 140.97398044000002, 41.43695233 ], [ 140.974226830000021, 41.43717567 ], [ 140.974537670000018, 41.43745205 ], [ 140.974702670000028, 41.43761872 ], [ 140.97490156, 41.43785289 ], [ 140.974996550000014, 41.43804789 ], [ 140.975, 41.43806013 ], [ 140.975003220000019, 41.43807159 ], [ 140.97508516000002, 41.43836289 ], [ 140.975155160000014, 41.43850123 ], [ 140.975155160000014, 41.43869205 ], [ 140.97517406, 41.43893456 ], [ 140.97523156, 41.43904956 ], [ 140.97549156, 41.43903456 ], [ 140.975807660000015, 41.43897289 ], [ 140.976220170000033, 41.43889623 ], [ 140.976381280000027, 41.43886205 ], [ 140.976600170000012, 41.43881539 ], [ 140.976942670000028, 41.43874872 ], [ 140.977474890000025, 41.43865789 ], [ 140.977862390000013, 41.43858705 ], [ 140.978229880000015, 41.43849123 ], [ 140.978648780000015, 41.43836289 ], [ 140.97904739, 41.43829123 ], [ 140.97930739, 41.43821456 ], [ 140.979548780000016, 41.43811067 ], [ 140.97973239, 41.43807233 ], [ 140.980029880000018, 41.43810567 ], [ 140.980372390000014, 41.438139 ], [ 140.980688500000014, 41.43815317 ], [ 140.981006010000016, 41.43815317 ], [ 140.98135961, 41.43817733 ], [ 140.98186711, 41.4381965 ], [ 140.982248490000018, 41.43822984 ], [ 140.982471, 41.438234 ], [ 140.98268601, 41.43815317 ], [ 140.98294601, 41.43800067 ], [ 140.983161, 41.43781984 ], [ 140.983333330000022, 41.43768356 ], [ 140.983336550000018, 41.437681 ], [ 140.98339601, 41.437634 ], [ 140.983662110000012, 41.43750484 ], [ 140.983921830000014, 41.43743817 ], [ 140.984200730000026, 41.43739067 ], [ 140.984415720000015, 41.43735733 ], [ 140.984758220000032, 41.4372715 ], [ 140.985100730000028, 41.43713817 ], [ 140.98537934, 41.43704233 ], [ 140.98564572, 41.437014 ], [ 140.985898220000024, 41.43699484 ], [ 140.98627934000001, 41.43699484 ], [ 140.986576830000018, 41.43697567 ], [ 140.986888220000026, 41.43699039 ], [ 140.986984330000013, 41.43699484 ], [ 140.98742655, 41.4370665 ], [ 140.98791545, 41.43719067 ], [ 140.98823156, 41.4372615 ], [ 140.98846655, 41.437324 ], [ 140.98887156, 41.43735733 ], [ 140.989429050000012, 41.43735233 ], [ 140.98978406, 41.43735233 ], [ 140.99013905000001, 41.43730511 ], [ 140.990386280000024, 41.43728595 ], [ 140.99066516000002, 41.43729095 ], [ 140.990867660000021, 41.43732428 ], [ 140.99103267000001, 41.43745261 ], [ 140.991256280000016, 41.437624 ], [ 140.991446280000019, 41.43788653 ], [ 140.991617660000031, 41.43810569 ], [ 140.99166667, 41.43818131 ], [ 140.991669880000018, 41.43818628 ], [ 140.991781280000026, 41.4383582 ], [ 140.99193377, 41.43870153 ], [ 140.992086280000024, 41.43891153 ], [ 140.992263770000022, 41.43910653 ], [ 140.992497610000015, 41.43921384 ], [ 140.992909880000013, 41.43940236 ], [ 140.99324601, 41.43951153 ], [ 140.99369489, 41.4396932 ], [ 140.99405601, 41.4397982 ], [ 140.994588490000012, 41.43993653 ], [ 140.994778490000016, 41.43998403 ], [ 140.9950135, 41.43996487 ], [ 140.99524073, 41.43990736 ], [ 140.99543073000001, 41.43981236 ], [ 140.99564711, 41.4395882 ], [ 140.99588462, 41.43941153 ], [ 140.996112110000013, 41.4392732 ], [ 140.996120170000012, 41.43927069 ], [ 140.99627711, 41.43922069 ], [ 140.996433220000029, 41.43920653 ], [ 140.997317110000012, 41.43946069 ], [ 140.99753711, 41.4394332 ], [ 140.99875183, 41.43890486 ], [ 140.999369340000015, 41.43857013 ], [ 140.99993294, 41.43793597 ], [ 141.0, 41.43787092 ], [ 141.000003220000025, 41.4378678 ], [ 141.00031433, 41.43756597 ], [ 141.00150044, 41.43629459 ], [ 141.001730440000017, 41.43597872 ], [ 141.002296840000014, 41.43560123 ], [ 141.00260545, 41.43538039 ], [ 141.002800580000013, 41.43503428 ], [ 141.00287183, 41.43490789 ], [ 141.00288294, 41.43456872 ], [ 141.002720440000019, 41.43427789 ], [ 141.002626830000025, 41.43375817 ], [ 141.002620440000015, 41.43346233 ], [ 141.002615160000033, 41.43333333 ], [ 141.002615030000015, 41.43333011 ], [ 141.002612670000019, 41.43327261 ], [ 141.002589340000014, 41.43270233 ], [ 141.002710440000016, 41.432064 ], [ 141.00287183, 41.43168984 ], [ 141.00365294, 41.43118595 ], [ 141.004196830000012, 41.43078428 ], [ 141.004536840000014, 41.43047344 ], [ 141.004689340000027, 41.43018178 ], [ 141.00486183000001, 41.42943761 ], [ 141.005107950000024, 41.42873705 ], [ 141.00517044, 41.42855956 ], [ 141.00537545, 41.42822872 ], [ 141.005679340000029, 41.42800789 ], [ 141.00585684, 41.42784289 ], [ 141.00623934, 41.42715705 ], [ 141.00631795000001, 41.42682205 ], [ 141.00623934, 41.42627872 ], [ 141.006354330000022, 41.42608205 ], [ 141.00693547, 41.42563733 ], [ 141.007052410000028, 41.4255065 ], [ 141.007181850000023, 41.4253615 ], [ 141.007329489999989, 41.425 ], [ 141.007330830000029, 41.42499677 ], [ 141.007427980000017, 41.424759 ], [ 141.007411850000011, 41.42436484 ], [ 141.007375470000028, 41.42391233 ], [ 141.00739547, 41.42378567 ], [ 141.007505470000012, 41.42365233 ], [ 141.00824936, 41.42328177 ], [ 141.008333330000028, 41.42326608 ], [ 141.00833659, 41.42326551 ], [ 141.008459360000018, 41.42324261 ], [ 141.008877980000022, 41.42284841 ], [ 141.009337980000026, 41.42251759 ], [ 141.00962185000003, 41.42237592 ], [ 141.0109902, 41.42206925 ], [ 141.011932700000017, 41.42179759 ], [ 141.01250908, 41.42152508 ], [ 141.012822700000015, 41.42149425 ], [ 141.01337769, 41.42154092 ], [ 141.01466492000003, 41.42153344 ], [ 141.014874920000011, 41.42158428 ], [ 141.015116300000017, 41.42166761 ], [ 141.015396590000023, 41.42169622 ], [ 141.015419920000028, 41.42169844 ], [ 141.01579131, 41.42168261 ], [ 141.016016300000018, 41.42162011 ], [ 141.01666667, 41.42141944 ], [ 141.016669920000027, 41.42141844 ], [ 141.01763603, 41.42112039 ], [ 141.01813353, 41.42105705 ], [ 141.01884103, 41.42102539 ], [ 141.019673220000016, 41.42119123 ], [ 141.020766830000014, 41.42132456 ], [ 141.021505720000022, 41.42126539 ], [ 141.02213294, 41.42112789 ], [ 141.022332940000013, 41.42113539 ], [ 141.022670440000013, 41.42134872 ], [ 141.023256550000013, 41.42176205 ], [ 141.02354377, 41.42238039 ], [ 141.023612670000034, 41.42260456 ], [ 141.02382628, 41.42273456 ], [ 141.024067660000014, 41.42285289 ], [ 141.02445739, 41.42262331 ], [ 141.024722670000017, 41.42246705 ], [ 141.02492462, 41.42229344 ], [ 141.025, 41.42222856 ], [ 141.025003220000031, 41.42222578 ], [ 141.02544988, 41.42184123 ], [ 141.02627239, 41.42145456 ], [ 141.02782961, 41.420754 ], [ 141.028363220000017, 41.42116733 ], [ 141.02946795, 41.42244705 ], [ 141.029577660000029, 41.42264095 ], [ 141.02963545, 41.42274289 ], [ 141.030597660000012, 41.42426705 ], [ 141.03060905000001, 41.42450705 ], [ 141.030719050000016, 41.42476372 ], [ 141.031022670000027, 41.42497956 ], [ 141.03108523, 41.42499677 ], [ 141.031096890000015, 41.425 ], [ 141.031310170000012, 41.42505872 ], [ 141.032074890000018, 41.42522789 ], [ 141.03236239, 41.425279 ], [ 141.03333333, 41.42545125 ], [ 141.03333655, 41.4254518 ], [ 141.033563500000014, 41.42549205 ], [ 141.0337835, 41.42553539 ], [ 141.034307110000015, 41.42572039 ], [ 141.0353235, 41.42570456 ], [ 141.036459340000022, 41.42574039 ], [ 141.038485450000024, 41.42609875 ], [ 141.03899795, 41.42636208 ], [ 141.039234060000013, 41.42659459 ], [ 141.040427640000019, 41.42791792 ], [ 141.04134375000001, 41.42866625 ], [ 141.041666670000012, 41.42898677 ], [ 141.041669860000013, 41.42898997 ], [ 141.041684310000022, 41.42900431 ], [ 141.041903750000017, 41.4292218 ], [ 141.04226986, 41.42948597 ], [ 141.04298737000002, 41.42991097 ], [ 141.04382486, 41.4303918 ], [ 141.04419597, 41.43049013 ], [ 141.046272090000031, 41.43019125 ], [ 141.0473718, 41.42978125 ], [ 141.047481800000014, 41.42977708 ], [ 141.04768042, 41.42991541 ], [ 141.048109300000021, 41.43049431 ], [ 141.048240420000013, 41.43059597 ], [ 141.04899681, 41.43126597 ], [ 141.04944791, 41.43168764 ], [ 141.049777910000017, 41.4321718 ], [ 141.05, 41.43253625 ], [ 141.050003190000012, 41.43254147 ], [ 141.05008042, 41.4326682 ], [ 141.050097640000018, 41.4327282 ], [ 141.05022292000001, 41.43316405 ], [ 141.050322500000021, 41.43333017 ], [ 141.05032438, 41.43333333 ], [ 141.050374310000024, 41.43341656 ], [ 141.050709300000022, 41.43407405 ], [ 141.05076681, 41.43451489 ], [ 141.051017910000013, 41.43541711 ], [ 141.0511593, 41.43577128 ], [ 141.05127431, 41.43676795 ], [ 141.051264310000022, 41.43742544 ], [ 141.05127431, 41.43843767 ], [ 141.051190420000012, 41.43868184 ], [ 141.05087180000001, 41.43889433 ], [ 141.050003190000012, 41.43933744 ], [ 141.05, 41.43933908 ], [ 141.0498982, 41.439391 ], [ 141.04921708, 41.43989851 ], [ 141.048693190000023, 41.44035156 ], [ 141.04862236, 41.44061211 ], [ 141.048573190000013, 41.44079239 ], [ 141.0484682, 41.44150905 ], [ 141.048426910000018, 41.44166351 ], [ 141.048426080000013, 41.44166667 ], [ 141.048300700000027, 41.44213572 ], [ 141.04825458000002, 41.44317877 ], [ 141.048097080000019, 41.44345128 ], [ 141.04780986, 41.44408128 ], [ 141.04760986, 41.44475461 ], [ 141.04771484, 41.44493211 ], [ 141.04804956000001, 41.44499128 ], [ 141.04882455, 41.44502211 ], [ 141.04952567, 41.44518377 ], [ 141.049992050000014, 41.44550269 ], [ 141.05, 41.44551031 ], [ 141.050003160000017, 41.44551336 ], [ 141.050557890000022, 41.44604603 ], [ 141.051127890000032, 41.4463652 ], [ 141.051491670000019, 41.44581569 ], [ 141.05179289000003, 41.44536131 ], [ 141.051924, 41.4452588 ], [ 141.05206039, 41.44515214 ], [ 141.05248678000001, 41.44491214 ], [ 141.053125380000012, 41.44483714 ], [ 141.053632610000022, 41.44495547 ], [ 141.05466508, 41.44530964 ], [ 141.05534508, 41.44549547 ], [ 141.05590508, 41.44549131 ], [ 141.05668481, 41.4451838 ], [ 141.056968690000019, 41.44483297 ], [ 141.0573037, 41.44429797 ], [ 141.057622310000028, 41.44416408 ], [ 141.058333330000011, 41.44398175 ], [ 141.05833647, 41.44398095 ], [ 141.0583762, 41.44397075 ], [ 141.058502310000023, 41.44390825 ], [ 141.059545910000026, 41.44386075 ], [ 141.060363380000013, 41.44405741 ], [ 141.06092311, 41.44464078 ], [ 141.061188390000012, 41.44505995 ], [ 141.061284230000012, 41.44521161 ], [ 141.061635620000033, 41.44586967 ], [ 141.062258110000016, 41.44627467 ], [ 141.06330283, 41.44684967 ], [ 141.06383141, 41.44703884 ], [ 141.064647520000022, 41.44725217 ], [ 141.065742530000023, 41.44744887 ], [ 141.06621365, 41.4475272 ], [ 141.066666670000018, 41.4475732 ], [ 141.066669750000017, 41.44757353 ], [ 141.068273330000011, 41.44773636 ], [ 141.068801950000022, 41.44772803 ], [ 141.06931445, 41.44750414 ], [ 141.07002694000002, 41.44712247 ], [ 141.07036917, 41.44701997 ], [ 141.07075167, 41.44702747 ], [ 141.07085805, 41.44700775 ], [ 141.07141167, 41.4469058 ], [ 141.071930270000024, 41.44685831 ], [ 141.07226, 41.44693331 ], [ 141.07292501, 41.44728747 ], [ 141.073311360000019, 41.44740164 ], [ 141.07389859, 41.44751164 ], [ 141.074334690000029, 41.44770084 ], [ 141.074612190000011, 41.44792584 ], [ 141.07485859, 41.44815833 ], [ 141.075, 41.44809722 ], [ 141.07500302, 41.44809592 ], [ 141.075288590000014, 41.44797251 ], [ 141.075795810000017, 41.44811084 ], [ 141.07597942000001, 41.44816167 ], [ 141.07612581, 41.448355 ], [ 141.07621942, 41.448745 ], [ 141.0764183, 41.44897751 ], [ 141.07661192, 41.44891417 ], [ 141.07686942, 41.44876833 ], [ 141.077236640000024, 41.448935 ], [ 141.077658, 41.44913 ], [ 141.077976620000015, 41.44915 ], [ 141.078344110000018, 41.449025 ], [ 141.078615500000012, 41.44892251 ], [ 141.07898633, 41.44891833 ], [ 141.079823840000017, 41.44869 ], [ 141.08036995, 41.44865028 ], [ 141.080531050000019, 41.44863861 ], [ 141.080849950000015, 41.44871361 ], [ 141.08136355000002, 41.44872528 ], [ 141.08195717000001, 41.44871777 ], [ 141.08221828, 41.44888695 ], [ 141.08243825, 41.44960336 ], [ 141.08243542, 41.44999697 ], [ 141.08243542, 41.45 ], [ 141.082433260000016, 41.45029669 ], [ 141.082328250000018, 41.4505842 ], [ 141.08232326000001, 41.45081669 ], [ 141.08274825, 41.45122253 ], [ 141.08298825, 41.45130503 ], [ 141.083333330000016, 41.451325 ], [ 141.083336300000013, 41.45132517 ], [ 141.083736860000016, 41.45134836 ], [ 141.084109360000014, 41.45142336 ], [ 141.084825470000027, 41.45116753 ], [ 141.085181850000026, 41.4511042 ], [ 141.085480470000022, 41.45119836 ], [ 141.085799080000015, 41.45131669 ], [ 141.086501560000016, 41.45125753 ], [ 141.087537670000017, 41.45102169 ], [ 141.08825239, 41.45091113 ], [ 141.08860489, 41.45095169 ], [ 141.088764890000022, 41.45097031 ], [ 141.08924128000001, 41.45091531 ], [ 141.090006, 41.45070697 ], [ 141.09068711, 41.451022 ], [ 141.0910485, 41.451187 ], [ 141.0911265, 41.4516022 ], [ 141.091180970000011, 41.45189172 ], [ 141.09128597, 41.45214005 ], [ 141.09166667, 41.45215944 ], [ 141.09166958000003, 41.45215961 ], [ 141.09182569, 41.45216756 ], [ 141.093003190000019, 41.451932 ], [ 141.09346930000001, 41.45169951 ], [ 141.093840410000013, 41.45148617 ], [ 141.094380410000014, 41.45147117 ], [ 141.09482542, 41.45130533 ], [ 141.095364030000013, 41.45122617 ], [ 141.09577292, 41.45125451 ], [ 141.09697372, 41.45132533 ], [ 141.09775872, 41.4514745 ], [ 141.098238720000012, 41.45152672 ], [ 141.09848761, 41.45155367 ], [ 141.099083450000023, 41.45172284 ], [ 141.099800950000031, 41.451782 ], [ 141.1, 41.45180784 ], [ 141.100002890000013, 41.4518082 ], [ 141.100590950000026, 41.45188451 ], [ 141.10092733, 41.45187617 ], [ 141.10142317, 41.45169978 ], [ 141.101685670000023, 41.45168728 ], [ 141.101832050000013, 41.45179811 ], [ 141.102319530000017, 41.45202644 ], [ 141.10251815, 41.45180561 ], [ 141.102822020000019, 41.45124644 ], [ 141.10292064, 41.45123895 ], [ 141.103094530000021, 41.45139644 ], [ 141.103188140000015, 41.45149061 ], [ 141.103669530000019, 41.45164478 ], [ 141.10428202, 41.45154228 ], [ 141.104642870000021, 41.45128561 ], [ 141.104826740000021, 41.45124644 ], [ 141.104972870000012, 41.45135644 ], [ 141.10504674, 41.45177064 ], [ 141.105062870000012, 41.45207397 ], [ 141.105166740000016, 41.45212064 ], [ 141.105622870000019, 41.45203814 ], [ 141.10595287000001, 41.45207397 ], [ 141.106135360000025, 41.45226647 ], [ 141.106826740000031, 41.45250731 ], [ 141.107043410000017, 41.45269008 ], [ 141.107208970000016, 41.4528298 ], [ 141.10735008, 41.45296397 ], [ 141.107661480000019, 41.45312564 ], [ 141.108027560000011, 41.45320397 ], [ 141.10817506, 41.45328314 ], [ 141.108333330000022, 41.45371628 ], [ 141.108336160000022, 41.45372405 ], [ 141.10833756, 41.45372786 ], [ 141.10854645, 41.45389286 ], [ 141.10884506, 41.45397203 ], [ 141.10945228, 41.45414536 ], [ 141.10962978, 41.45426369 ], [ 141.109892280000025, 41.4544012 ], [ 141.110174770000015, 41.45432203 ], [ 141.110316160000025, 41.45415703 ], [ 141.11039477, 41.45436953 ], [ 141.11050978, 41.45467703 ], [ 141.11068228000002, 41.45480286 ], [ 141.110859780000027, 41.45475536 ], [ 141.111101170000012, 41.45449953 ], [ 141.111201170000015, 41.45430314 ], [ 141.111421170000028, 41.45420814 ], [ 141.111797280000019, 41.45427147 ], [ 141.112038660000024, 41.4543348 ], [ 141.112452, 41.4546612 ], [ 141.112932, 41.45448259 ], [ 141.11295949, 41.45447231 ], [ 141.113222, 41.4544448 ], [ 141.1135409, 41.45446064 ], [ 141.114002, 41.4542598 ], [ 141.114232, 41.4542398 ], [ 141.11458837, 41.45436564 ], [ 141.11469503, 41.45442453 ], [ 141.11490197, 41.45453897 ], [ 141.115048370000011, 41.45486647 ], [ 141.115111970000015, 41.45503564 ], [ 141.1152928, 41.45520786 ], [ 141.115399200000013, 41.45530897 ], [ 141.115409470000031, 41.45531897 ], [ 141.11546752000001, 41.45539036 ], [ 141.11550947, 41.4554412 ], [ 141.115688080000012, 41.45565869 ], [ 141.11576394, 41.45563572 ], [ 141.11612309, 41.4555248 ], [ 141.11626558, 41.45547397 ], [ 141.1166317, 41.45533313 ], [ 141.11666667, 41.45532005 ], [ 141.11666947, 41.455319 ], [ 141.116916690000011, 41.45522647 ], [ 141.117050580000011, 41.45519231 ], [ 141.117215580000021, 41.4551698 ], [ 141.1173617, 41.45509564 ], [ 141.1175517, 41.45500147 ], [ 141.11778419, 41.45493897 ], [ 141.11798195, 41.45491922 ], [ 141.118125420000013, 41.4552315 ], [ 141.118220390000033, 41.45520241 ], [ 141.117987660000011, 41.4546655 ], [ 141.11807558000001, 41.45464064 ], [ 141.11825558000001, 41.45462897 ], [ 141.11831558, 41.45465814 ], [ 141.118297080000019, 41.45471272 ], [ 141.11838309, 41.45478731 ], [ 141.11836725, 41.45486287 ], [ 141.11839353000002, 41.45491605 ], [ 141.11848669, 41.45496147 ], [ 141.118569200000024, 41.45492814 ], [ 141.118591700000025, 41.45490564 ], [ 141.11864419, 41.45490787 ], [ 141.11869669, 41.45505731 ], [ 141.118749200000025, 41.45507397 ], [ 141.11882872000001, 41.45507223 ], [ 141.118695550000012, 41.45546372 ], [ 141.118480440000013, 41.45555256 ], [ 141.118515230000014, 41.455629 ], [ 141.118784330000011, 41.4555195 ], [ 141.118950580000018, 41.4550348 ], [ 141.118957810000012, 41.45508564 ], [ 141.119055300000014, 41.4551648 ], [ 141.11916781, 41.45514731 ], [ 141.11931031, 41.4552598 ], [ 141.11931031, 41.45533313 ], [ 141.119295310000012, 41.45536731 ], [ 141.119406420000018, 41.45541814 ], [ 141.119406420000018, 41.45553647 ], [ 141.119503920000028, 41.45560897 ], [ 141.119593920000028, 41.45555314 ], [ 141.119706420000028, 41.4555698 ], [ 141.119683920000028, 41.45560897 ], [ 141.11969141000003, 41.45569897 ], [ 141.119751410000021, 41.45578397 ], [ 141.11980392000001, 41.45578397 ], [ 141.119855300000012, 41.45572147 ], [ 141.119828910000024, 41.45562147 ], [ 141.119911410000014, 41.4555548 ], [ 141.119931410000021, 41.4554448 ], [ 141.119836420000013, 41.45539231 ], [ 141.119873920000032, 41.45530731 ], [ 141.11982531000001, 41.45528814 ], [ 141.119832800000012, 41.45524314 ], [ 141.11984031, 41.45520397 ], [ 141.11996781000002, 41.4551698 ], [ 141.11999031000002, 41.4551198 ], [ 141.120027810000011, 41.45504647 ], [ 141.12005781000002, 41.45499564 ], [ 141.12002031, 41.45493897 ], [ 141.120035300000012, 41.45492231 ], [ 141.120035300000012, 41.45490564 ], [ 141.120102800000012, 41.45488897 ], [ 141.120117810000011, 41.45487147 ], [ 141.120140310000011, 41.45474814 ], [ 141.12005781000002, 41.4547198 ], [ 141.120127810000014, 41.45466313 ], [ 141.120140310000011, 41.45459647 ], [ 141.12006392, 41.45454897 ], [ 141.120026420000016, 41.4545298 ], [ 141.12000531000001, 41.4544048 ], [ 141.11996031000001, 41.45439897 ], [ 141.119945300000012, 41.45438147 ], [ 141.1199528, 41.45435425 ], [ 141.12000642000001, 41.45432759 ], [ 141.120045300000015, 41.45426092 ], [ 141.120095310000011, 41.45418925 ], [ 141.12023781000002, 41.45417425 ], [ 141.120296420000017, 41.45415175 ], [ 141.12033392, 41.45411175 ], [ 141.120326420000026, 41.45404425 ], [ 141.12024781, 41.45401259 ], [ 141.12023531, 41.45394592 ], [ 141.120158910000015, 41.45388925 ], [ 141.120026420000016, 41.45387925 ], [ 141.12006392, 41.45380341 ], [ 141.120045300000015, 41.45372675 ], [ 141.11998141, 41.45369841 ], [ 141.120027810000011, 41.45366175 ], [ 141.12002031, 41.45348092 ], [ 141.119945300000012, 41.45345925 ], [ 141.11996781000002, 41.45340841 ], [ 141.1198928, 41.45333508 ], [ 141.11982531000001, 41.45334592 ], [ 141.11975781000001, 41.45330675 ], [ 141.119766420000019, 41.45327341 ], [ 141.11978781000002, 41.45327841 ], [ 141.119684190000015, 41.45313759 ], [ 141.119639200000023, 41.45313259 ], [ 141.119716690000018, 41.45303259 ], [ 141.11974170000002, 41.45297508 ], [ 141.119855300000012, 41.45295759 ], [ 141.1199528, 41.45285675 ], [ 141.119922800000012, 41.45281092 ], [ 141.11999031000002, 41.45278341 ], [ 141.120027810000011, 41.45274925 ], [ 141.1200428, 41.45269341 ], [ 141.120041410000027, 41.45263592 ], [ 141.11999781, 41.45262008 ], [ 141.120012800000012, 41.45256341 ], [ 141.120027810000011, 41.45253008 ], [ 141.12001558, 41.45247008 ], [ 141.11996808, 41.45241759 ], [ 141.11987808, 41.45239508 ], [ 141.119915580000026, 41.45233841 ], [ 141.119938080000026, 41.45230425 ], [ 141.119923090000015, 41.45222592 ], [ 141.119908080000016, 41.45221425 ], [ 141.11988058, 41.45217925 ], [ 141.119938080000026, 41.45213175 ], [ 141.11995669, 41.45201259 ], [ 141.119908080000016, 41.45196092 ], [ 141.119938080000026, 41.45193841 ], [ 141.119975580000016, 41.45192203 ], [ 141.11998920000002, 41.45182703 ], [ 141.11995669, 41.45175036 ], [ 141.120020580000016, 41.45171703 ], [ 141.1200392, 41.45162203 ], [ 141.119995580000023, 41.45155953 ], [ 141.119938080000026, 41.4515362 ], [ 141.11998920000002, 41.45146953 ], [ 141.119975580000016, 41.4513762 ], [ 141.11990058, 41.45131369 ], [ 141.119950580000022, 41.45125953 ], [ 141.119975580000016, 41.45108784 ], [ 141.119941970000013, 41.45098395 ], [ 141.119999920000026, 41.45086236 ], [ 141.120016390000018, 41.45079044 ], [ 141.12011791, 41.45063044 ], [ 141.12018394, 41.45051511 ], [ 141.120253280000014, 41.45037003 ], [ 141.120429880000017, 41.45009841 ], [ 141.12047611, 41.45003022 ], [ 141.12050253000001, 41.45 ], [ 141.12050514, 41.449997 ], [ 141.120548720000016, 41.44994714 ], [ 141.120716110000018, 41.4497468 ], [ 141.120864110000014, 41.44958544 ], [ 141.121305230000019, 41.44976903 ], [ 141.121355250000022, 41.44970397 ], [ 141.12091322, 41.44950944 ], [ 141.121058880000021, 41.44936317 ], [ 141.121087250000016, 41.44922817 ], [ 141.121144, 41.44907186 ], [ 141.121229100000022, 41.44893689 ], [ 141.1213993, 41.44878059 ], [ 141.12163569, 41.44840403 ], [ 141.121654620000015, 41.448198 ], [ 141.121645160000014, 41.44812695 ], [ 141.12168086, 41.44803977 ], [ 141.12174808, 41.44798644 ], [ 141.121830860000017, 41.44791117 ], [ 141.121986980000031, 41.44784061 ], [ 141.122093090000021, 41.44774477 ], [ 141.12219669000001, 41.44765978 ], [ 141.122331700000018, 41.44755895 ], [ 141.122331700000018, 41.44753061 ], [ 141.1223617, 41.44751395 ], [ 141.1223617, 41.44750228 ], [ 141.12240669000002, 41.44746922 ], [ 141.12243669, 41.44743005 ], [ 141.12246669000001, 41.44743005 ], [ 141.1224517, 41.44741839 ], [ 141.1224817, 41.44739589 ], [ 141.12250419, 41.44739005 ], [ 141.122511700000018, 41.44737922 ], [ 141.12252669, 41.44737339 ], [ 141.12254058000002, 41.44735089 ], [ 141.12254058000002, 41.44733922 ], [ 141.12256419000002, 41.44731672 ], [ 141.12258669000002, 41.44729422 ], [ 141.12263058000002, 41.44725505 ], [ 141.122645580000011, 41.44724422 ], [ 141.122653090000028, 41.44722089 ], [ 141.122713090000019, 41.44715339 ], [ 141.122788080000021, 41.44708089 ], [ 141.12281808, 41.44705256 ], [ 141.12288558, 41.44697339 ], [ 141.12288558, 41.44695672 ], [ 141.122900580000021, 41.44694505 ], [ 141.122945580000021, 41.44690005 ], [ 141.1230117, 41.44683256 ], [ 141.1231017, 41.44673756 ], [ 141.123109200000016, 41.44671422 ], [ 141.1231917, 41.44661922 ], [ 141.1231917, 41.44660172 ], [ 141.123296690000018, 41.44648922 ], [ 141.12355058, 41.44619089 ], [ 141.123991410000031, 41.44585339 ], [ 141.124058910000031, 41.44579089 ], [ 141.124111410000012, 41.44576839 ], [ 141.124141410000021, 41.44572922 ], [ 141.12424642000002, 41.44565005 ], [ 141.124395310000011, 41.44550451 ], [ 141.124425300000013, 41.44547033 ], [ 141.12447031, 41.445397 ], [ 141.12447781, 41.4453745 ], [ 141.124515300000013, 41.445307 ], [ 141.124530310000011, 41.44527367 ], [ 141.124575310000012, 41.44518867 ], [ 141.124597810000012, 41.445167 ], [ 141.12465031, 41.44509867 ], [ 141.124665310000012, 41.44508784 ], [ 141.125, 41.4448308 ], [ 141.1250028, 41.44482867 ], [ 141.125061410000029, 41.44478367 ], [ 141.12515891000001, 41.44471033 ], [ 141.12517392, 41.44471033 ], [ 141.125517810000019, 41.44442867 ], [ 141.1255928, 41.44431617 ], [ 141.12564531000001, 41.44422033 ], [ 141.1257128, 41.44411951 ], [ 141.12578031000001, 41.44400117 ], [ 141.125808910000018, 41.44393951 ], [ 141.125838910000027, 41.44389367 ], [ 141.125846420000016, 41.44387117 ], [ 141.125861410000027, 41.44386617 ], [ 141.125861410000027, 41.44384951 ], [ 141.125913920000016, 41.44379284 ], [ 141.125928910000027, 41.44377033 ], [ 141.12595891, 41.44375867 ], [ 141.126041410000028, 41.44368617 ], [ 141.126093920000017, 41.44363533 ], [ 141.12613891, 41.44357867 ], [ 141.126302800000019, 41.44336475 ], [ 141.126340310000018, 41.44331975 ], [ 141.12637031, 41.44330892 ], [ 141.126803920000015, 41.44289225 ], [ 141.12684891, 41.44281308 ], [ 141.12693891, 41.44273475 ], [ 141.12726031, 41.44252641 ], [ 141.12726781, 41.44249225 ], [ 141.12729031, 41.44246392 ], [ 141.1273128, 41.44238559 ], [ 141.1273128, 41.44235725 ], [ 141.12735031, 41.44226725 ], [ 141.12735031, 41.44223308 ], [ 141.127372800000018, 41.44218808 ], [ 141.1274328, 41.44211559 ], [ 141.127462800000018, 41.44209308 ], [ 141.127477810000016, 41.44209308 ], [ 141.127477810000016, 41.44208141 ], [ 141.127545310000016, 41.44204725 ], [ 141.12756031, 41.44204225 ], [ 141.127635310000016, 41.44201392 ], [ 141.127723920000022, 41.44201392 ], [ 141.127753920000032, 41.44199725 ], [ 141.127776420000032, 41.44196308 ], [ 141.127798910000024, 41.44189559 ], [ 141.127978910000024, 41.44180559 ], [ 141.128076420000014, 41.44174892 ], [ 141.12819031, 41.44169392 ], [ 141.128335720000024, 41.44170211 ], [ 141.128593920000014, 41.44167308 ], [ 141.12861056, 41.44166667 ], [ 141.128618390000014, 41.44166364 ], [ 141.128688910000022, 41.44163641 ], [ 141.128801410000023, 41.44160336 ], [ 141.128921410000032, 41.44153586 ], [ 141.129099420000017, 41.44144767 ], [ 141.12913086, 41.44142041 ], [ 141.129447030000023, 41.44166364 ], [ 141.12945097, 41.44166667 ], [ 141.129775360000025, 41.44191623 ], [ 141.13000394, 41.44191159 ], [ 141.130001850000014, 41.4418372 ], [ 141.12981861, 41.44182944 ], [ 141.1295972, 41.44166667 ], [ 141.129593090000014, 41.44166364 ], [ 141.12919058, 41.44136772 ], [ 141.12931778, 41.4412542 ], [ 141.12945278, 41.4411692 ], [ 141.129488880000025, 41.4411742 ], [ 141.129503890000024, 41.44118669 ], [ 141.12955639, 41.44118086 ], [ 141.129638880000016, 41.4411242 ], [ 141.129668880000025, 41.44111336 ], [ 141.129751390000024, 41.44106253 ], [ 141.129863890000024, 41.44088253 ], [ 141.12989389, 41.4408542 ], [ 141.12989389, 41.44084336 ], [ 141.129937780000034, 41.44080336 ], [ 141.130110270000017, 41.44073003 ], [ 141.130498890000013, 41.44064003 ], [ 141.13056481000001, 41.44063172 ], [ 141.13061733, 41.4406782 ], [ 141.13060805, 41.44115931 ], [ 141.13057545, 41.44166364 ], [ 141.130575250000021, 41.44166667 ], [ 141.130552530000017, 41.44201805 ], [ 141.130191850000017, 41.44226561 ], [ 141.130259140000021, 41.4423255 ], [ 141.13065445, 41.44205989 ], [ 141.130672410000017, 41.44166667 ], [ 141.130672550000014, 41.44166364 ], [ 141.130719250000027, 41.44064103 ], [ 141.130454, 41.44044014 ], [ 141.13053639, 41.44035336 ], [ 141.130678890000013, 41.44019003 ], [ 141.130798880000015, 41.44008336 ], [ 141.130895280000033, 41.4400042 ], [ 141.130917780000033, 41.43998169 ], [ 141.130985010000018, 41.43994253 ], [ 141.131082500000019, 41.43983003 ], [ 141.1312025, 41.43973947 ], [ 141.131381120000015, 41.4396328 ], [ 141.131381120000015, 41.43961613 ], [ 141.13148611, 41.43954864 ], [ 141.13153112, 41.43949197 ], [ 141.13155361, 41.43943531 ], [ 141.131561120000015, 41.43938531 ], [ 141.13160611, 41.43928364 ], [ 141.131651120000015, 41.43917114 ], [ 141.131658610000017, 41.43908697 ], [ 141.131703610000017, 41.43892364 ], [ 141.131741120000015, 41.43883864 ], [ 141.1318075, 41.43879364 ], [ 141.1318075, 41.43871531 ], [ 141.13184501, 41.4386528 ], [ 141.1318525, 41.43861947 ], [ 141.1318975, 41.43854614 ], [ 141.131927500000018, 41.43849531 ], [ 141.131972500000018, 41.43841697 ], [ 141.131972500000018, 41.43840531 ], [ 141.1319875, 41.43839947 ], [ 141.132017500000018, 41.43836614 ], [ 141.132017500000018, 41.43834947 ], [ 141.132062500000018, 41.43830364 ], [ 141.132062500000018, 41.43829864 ], [ 141.132107500000018, 41.43825947 ], [ 141.132256110000014, 41.43809614 ], [ 141.132271120000013, 41.43809614 ], [ 141.132271120000013, 41.43807864 ], [ 141.132323610000014, 41.43805613 ], [ 141.132397500000025, 41.43794531 ], [ 141.132436110000015, 41.4378878 ], [ 141.13247361, 41.43779697 ], [ 141.132503610000015, 41.43774114 ], [ 141.132503610000015, 41.43772947 ], [ 141.13251861, 41.4377128 ], [ 141.13251861, 41.43769031 ], [ 141.132541120000013, 41.4376678 ], [ 141.132541120000013, 41.43765141 ], [ 141.13255611, 41.43763475 ], [ 141.13255611, 41.43762308 ], [ 141.132571110000015, 41.43760059 ], [ 141.132571110000015, 41.43757808 ], [ 141.132593610000015, 41.43755559 ], [ 141.132593610000015, 41.43752725 ], [ 141.132631120000013, 41.43747641 ], [ 141.132631120000013, 41.43745975 ], [ 141.13264611, 41.43744892 ], [ 141.13264611, 41.43742559 ], [ 141.132727500000016, 41.43730808 ], [ 141.132817500000016, 41.43720059 ], [ 141.1328775, 41.43711641 ], [ 141.132885010000024, 41.43709975 ], [ 141.132937500000025, 41.43705475 ], [ 141.132982500000026, 41.43697559 ], [ 141.1330575, 41.43686308 ], [ 141.13308, 41.43684059 ], [ 141.13308, 41.43682892 ], [ 141.133155010000024, 41.43672808 ], [ 141.133168610000013, 41.43669392 ], [ 141.133191110000013, 41.43665475 ], [ 141.133213610000013, 41.43665475 ], [ 141.133236110000013, 41.43662059 ], [ 141.133281110000013, 41.43657559 ], [ 141.133281110000013, 41.43657059 ], [ 141.13329611, 41.43656475 ], [ 141.133333330000028, 41.43652367 ], [ 141.133336110000016, 41.43652061 ], [ 141.13340861, 41.43644059 ], [ 141.13342361, 41.43641808 ], [ 141.13349112, 41.43636225 ], [ 141.133977500000015, 41.43599056 ], [ 141.134015010000013, 41.43596222 ], [ 141.134067500000015, 41.43590556 ], [ 141.134246110000021, 41.43579889 ], [ 141.134313610000021, 41.43573722 ], [ 141.13432112000001, 41.43571972 ], [ 141.134358610000021, 41.43569222 ], [ 141.13441112000001, 41.435625 ], [ 141.13443361, 41.43559667 ], [ 141.134463610000012, 41.435585 ], [ 141.13456, 41.43547251 ], [ 141.13459, 41.43544417 ], [ 141.134687500000013, 41.43534833 ], [ 141.134725010000011, 41.43528084 ], [ 141.134755010000021, 41.43525333 ], [ 141.1348, 41.43518 ], [ 141.134815010000011, 41.43514584 ], [ 141.1348375, 41.43510667 ], [ 141.1348375, 41.435095 ], [ 141.134852500000022, 41.43509 ], [ 141.13487501, 41.43505584 ], [ 141.13492, 41.43501084 ], [ 141.13498, 41.43497167 ], [ 141.135113610000019, 41.43487584 ], [ 141.135555010000019, 41.43470084 ], [ 141.13607861, 41.43441417 ], [ 141.13643, 41.43425667 ], [ 141.13649, 41.43423417 ], [ 141.1365275, 41.43421667 ], [ 141.13664112, 41.43418667 ], [ 141.1366625, 41.43422251 ], [ 141.136715010000017, 41.434245 ], [ 141.13683361, 41.43425084 ], [ 141.13687250000001, 41.43422084 ], [ 141.13695361, 41.43428417 ], [ 141.136983610000016, 41.43430751 ], [ 141.13710445000001, 41.43427444 ], [ 141.13721458, 41.43430628 ], [ 141.1373125, 41.43431251 ], [ 141.1373575, 41.43433 ], [ 141.137463330000031, 41.43435333 ], [ 141.13759056, 41.43433639 ], [ 141.137657780000012, 41.43437584 ], [ 141.1377775, 41.43437584 ], [ 141.13788195, 41.43435333 ], [ 141.137919440000019, 41.43438139 ], [ 141.13803167, 41.43440944 ], [ 141.138181120000013, 41.43442084 ], [ 141.13821861, 41.43439833 ], [ 141.138315840000018, 41.43438695 ], [ 141.13839805, 41.43440944 ], [ 141.13846555, 41.43440944 ], [ 141.138527220000014, 41.43439084 ], [ 141.13863, 41.43443195 ], [ 141.13869, 41.43443195 ], [ 141.13873472, 41.43440944 ], [ 141.13880222, 41.43442084 ], [ 141.138899440000017, 41.43442639 ], [ 141.13898917, 41.43437584 ], [ 141.139116390000027, 41.43437584 ], [ 141.13917611, 41.43435333 ], [ 141.13922112, 41.43438139 ], [ 141.13926584, 41.4343925 ], [ 141.139385550000014, 41.43439833 ], [ 141.139467780000018, 41.43436444 ], [ 141.13955, 41.43437584 ], [ 141.13964722, 41.43433639 ], [ 141.13972655, 41.43427184 ], [ 141.13977472, 41.43422861 ], [ 141.13979472, 41.43417528 ], [ 141.140102220000017, 41.43414944 ], [ 141.140183310000026, 41.43413778 ], [ 141.140229690000012, 41.43417778 ], [ 141.14023720000003, 41.43419444 ], [ 141.140267200000011, 41.43420028 ], [ 141.140252190000012, 41.43420611 ], [ 141.140282190000022, 41.43422278 ], [ 141.14032053, 41.43425777 ], [ 141.140345470000028, 41.43427108 ], [ 141.14041025, 41.43430833 ], [ 141.140522480000016, 41.43429723 ], [ 141.14057739, 41.43431664 ], [ 141.14067219, 41.43434777 ], [ 141.140799140000013, 41.43433667 ], [ 141.140851630000014, 41.43435917 ], [ 141.14100109, 41.43435917 ], [ 141.14104608, 41.43434223 ], [ 141.141143310000018, 41.43434777 ], [ 141.141233020000016, 41.43431972 ], [ 141.14130053, 41.43426889 ], [ 141.14137525000001, 41.43423528 ], [ 141.14145575, 41.43422739 ], [ 141.14153969000003, 41.43421833 ], [ 141.14165914000003, 41.43414528 ], [ 141.14166667, 41.43414597 ], [ 141.14166942, 41.43414623 ], [ 141.141778860000016, 41.43415639 ], [ 141.14191358, 41.4341 ], [ 141.141964420000022, 41.43403111 ], [ 141.141995810000026, 41.43401 ], [ 141.14207803, 41.43402139 ], [ 141.14217525, 41.43398195 ], [ 141.142250250000018, 41.43391417 ], [ 141.142360530000019, 41.43387944 ], [ 141.14244302, 41.43382861 ], [ 141.14246925, 41.43378739 ], [ 141.14253302, 41.43376695 ], [ 141.142623190000023, 41.43370228 ], [ 141.14266914000001, 41.43364972 ], [ 141.14272886, 41.43363277 ], [ 141.14279092000001, 41.43358505 ], [ 141.142850970000012, 41.4335388 ], [ 141.14289942000002, 41.43349695 ], [ 141.143011920000021, 41.43346861 ], [ 141.143124420000021, 41.43336695 ], [ 141.143124420000021, 41.43333861 ], [ 141.14315, 41.43333333 ], [ 141.14316481000003, 41.43333028 ], [ 141.14317691, 41.43332778 ], [ 141.14330302, 41.43326028 ], [ 141.143334690000017, 41.43319917 ], [ 141.143416910000013, 41.43316528 ], [ 141.14348302, 41.43311361 ], [ 141.143551630000019, 41.43306972 ], [ 141.143566640000017, 41.43301889 ], [ 141.14370691000002, 41.43289444 ], [ 141.14372302000001, 41.43285444 ], [ 141.143835810000013, 41.43277139 ], [ 141.14384192, 41.43274778 ], [ 141.14384942, 41.43271972 ], [ 141.14392552000001, 41.43267028 ], [ 141.143970530000018, 41.4326025 ], [ 141.14395442, 41.43251722 ], [ 141.144036910000011, 41.43244972 ], [ 141.144030250000014, 41.43236056 ], [ 141.14400691, 41.43231472 ], [ 141.144015520000011, 41.43224223 ], [ 141.14398553, 41.43214667 ], [ 141.14395442, 41.43212305 ], [ 141.14390942, 41.43209472 ], [ 141.143901920000019, 41.43202722 ], [ 141.143828300000024, 41.43196084 ], [ 141.14376859, 41.43193833 ], [ 141.14375942, 41.43185305 ], [ 141.143700530000018, 41.43180222 ], [ 141.143731090000017, 41.43178611 ], [ 141.14389581, 41.43179195 ], [ 141.143993020000011, 41.43182 ], [ 141.14411192, 41.43181389 ], [ 141.14414192000001, 41.43182472 ], [ 141.14419601, 41.43181295 ], [ 141.14425302, 41.43179639 ], [ 141.14430553, 41.43182472 ], [ 141.144463020000018, 41.43176305 ], [ 141.14452302, 41.43174556 ], [ 141.144568030000016, 41.43176305 ], [ 141.144673579999989, 41.43175805 ], [ 141.14473942, 41.43171222 ], [ 141.144791920000017, 41.43171805 ], [ 141.14482942, 41.43173472 ], [ 141.145023870000017, 41.43174678 ], [ 141.145234690000024, 41.43163417 ], [ 141.145282720000012, 41.43159644 ], [ 141.14532442, 41.43158361 ], [ 141.145456720000027, 41.43149756 ], [ 141.145466520000014, 41.43145425 ], [ 141.14554156, 41.43142811 ], [ 141.145595940000021, 41.43136844 ], [ 141.145609, 41.43130797 ], [ 141.14563075, 41.43128917 ], [ 141.145691670000019, 41.43127775 ], [ 141.14580042, 41.43117641 ], [ 141.145793890000022, 41.43111595 ], [ 141.145808030000012, 41.43110205 ], [ 141.14586567, 41.43109714 ], [ 141.145979860000011, 41.43101133 ], [ 141.145999440000026, 41.43092225 ], [ 141.1461093, 41.43085851 ], [ 141.146158250000013, 41.43080622 ], [ 141.14616694, 41.43077025 ], [ 141.14619958000003, 41.43075064 ], [ 141.146239830000013, 41.43074167 ], [ 141.146359470000021, 41.43065422 ], [ 141.146364920000025, 41.43055695 ], [ 141.146579420000023, 41.43040667 ], [ 141.14656442, 41.43035584 ], [ 141.146714420000023, 41.430265 ], [ 141.146774420000014, 41.43020333 ], [ 141.146775530000014, 41.43014222 ], [ 141.146872750000028, 41.43008611 ], [ 141.146932750000019, 41.43002417 ], [ 141.14693803, 41.42993917 ], [ 141.14702248, 41.42989444 ], [ 141.14708219000002, 41.42981 ], [ 141.14708803, 41.42970833 ], [ 141.147155520000013, 41.42968584 ], [ 141.14723942, 41.42960751 ], [ 141.14723942, 41.42951722 ], [ 141.147335520000013, 41.42947167 ], [ 141.14741136, 41.42938778 ], [ 141.14740942, 41.42934251 ], [ 141.147396360000016, 41.42928639 ], [ 141.147463860000016, 41.42923584 ], [ 141.14749942, 41.42915667 ], [ 141.147490340000019, 41.42908875 ], [ 141.14754442, 41.42904333 ], [ 141.1476208, 41.42897667 ], [ 141.14762178, 41.42893117 ], [ 141.1475983, 41.42891472 ], [ 141.14767942, 41.428785 ], [ 141.147640530000018, 41.42867084 ], [ 141.147709420000012, 41.42865 ], [ 141.147694420000022, 41.42860417 ], [ 141.147709420000012, 41.42855417 ], [ 141.147709420000012, 41.42850333 ], [ 141.147790800000024, 41.42832997 ], [ 141.147799420000013, 41.42831164 ], [ 141.147832280000017, 41.42828544 ], [ 141.14792553, 41.42821108 ], [ 141.14796497, 41.42814359 ], [ 141.148023020000011, 41.42812025 ], [ 141.148135520000011, 41.42805275 ], [ 141.148135520000011, 41.42797441 ], [ 141.14817302, 41.42795192 ], [ 141.148204140000018, 41.4279522 ], [ 141.148312940000011, 41.42787259 ], [ 141.14831442000002, 41.42779941 ], [ 141.148336910000012, 41.42777192 ], [ 141.14843608000001, 41.42768775 ], [ 141.14843442, 41.42765359 ], [ 141.14842109, 41.42756387 ], [ 141.148477300000025, 41.42753972 ], [ 141.148503580000011, 41.42752997 ], [ 141.148546910000022, 41.42749525 ], [ 141.148578300000025, 41.42745664 ], [ 141.148563310000014, 41.42737803 ], [ 141.14862942000002, 41.42732692 ], [ 141.14866053, 41.42729359 ], [ 141.148666060000011, 41.42723211 ], [ 141.14863053, 41.42715275 ], [ 141.14872553, 41.42707359 ], [ 141.14872553, 41.42701108 ], [ 141.14870442, 41.42698859 ], [ 141.14882302, 41.42674108 ], [ 141.148868030000017, 41.42672441 ], [ 141.148928150000017, 41.42667823 ], [ 141.148958030000017, 41.42663608 ], [ 141.14903942, 41.42662808 ], [ 141.14914908, 41.42651031 ], [ 141.149160530000017, 41.42645441 ], [ 141.149181410000011, 41.42644041 ], [ 141.14924283000002, 41.42643475 ], [ 141.149284250000022, 41.42638759 ], [ 141.149294420000018, 41.42620608 ], [ 141.149339420000018, 41.42616692 ], [ 141.14935917, 41.42610147 ], [ 141.149341360000022, 41.42604359 ], [ 141.149314920000023, 41.42600639 ], [ 141.149296350000014, 41.42598164 ], [ 141.149341360000022, 41.42594775 ], [ 141.14933192, 41.42591359 ], [ 141.149339, 41.42583547 ], [ 141.149267980000019, 41.4257378 ], [ 141.149314940000011, 41.42563017 ], [ 141.149271920000018, 41.42552525 ], [ 141.149384420000018, 41.42543525 ], [ 141.14936309, 41.42536703 ], [ 141.149398, 41.42533808 ], [ 141.149475810000013, 41.42533413 ], [ 141.14951331, 41.4253058 ], [ 141.14953442, 41.42524359 ], [ 141.14955691, 41.42522692 ], [ 141.14959553, 41.42519913 ], [ 141.149586910000011, 41.42515387 ], [ 141.14958698, 41.42511741 ], [ 141.14961944, 41.42506767 ], [ 141.14960416, 41.425 ], [ 141.14960348, 41.42499692 ], [ 141.149597810000017, 41.4249718 ], [ 141.14960192, 41.42495636 ], [ 141.14960192, 41.42492803 ], [ 141.149631920000019, 41.42490636 ], [ 141.14966053, 41.42486053 ], [ 141.14968442, 41.4248272 ], [ 141.14969803, 41.42479887 ], [ 141.14969803, 41.42478803 ], [ 141.14988553, 41.42453969 ], [ 141.14998302, 41.42442136 ], [ 141.15, 41.42440047 ], [ 141.150002750000027, 41.42439711 ], [ 141.15028942, 41.42404469 ], [ 141.150326910000018, 41.42401636 ], [ 141.15037192, 41.42394887 ], [ 141.15037192, 41.42393803 ], [ 141.150409420000017, 41.42390387 ], [ 141.150409420000017, 41.4238922 ], [ 141.15047691, 41.4238022 ], [ 141.15051442, 41.42372887 ], [ 141.150850530000014, 41.42323969 ], [ 141.151164420000015, 41.42274969 ], [ 141.15128442, 41.42262553 ], [ 141.15135942, 41.4225472 ], [ 141.151389420000015, 41.4225072 ], [ 141.151605500000016, 41.42224887 ], [ 141.151830510000025, 41.42197247 ], [ 141.151883, 41.4219108 ], [ 141.152009390000018, 41.42174247 ], [ 141.15221939, 41.42145497 ], [ 141.15232438000001, 41.42131997 ], [ 141.152391890000018, 41.42126331 ], [ 141.15241438000001, 41.42121831 ], [ 141.152420510000013, 41.42122997 ], [ 141.152436890000018, 41.42117914 ], [ 141.152458, 41.42115664 ], [ 141.15244438, 41.42109413 ], [ 141.152471890000015, 41.42095331 ], [ 141.152593, 41.42084664 ], [ 141.152929100000023, 41.42075825 ], [ 141.1530262, 41.42066687 ], [ 141.153061510000015, 41.4206358 ], [ 141.15310494000002, 41.42059156 ], [ 141.1531438, 41.42055461 ], [ 141.153204690000024, 41.42049756 ], [ 141.153279340000012, 41.42042236 ], [ 141.153342220000013, 41.42036105 ], [ 141.153409690000018, 41.42029117 ], [ 141.15345263, 41.42024661 ], [ 141.15349655, 41.42019733 ], [ 141.15355789000003, 41.42012633 ], [ 141.153599250000013, 41.4200788 ], [ 141.153629420000016, 41.42004739 ], [ 141.15367953, 41.4200008 ], [ 141.153738370000013, 41.41994575 ], [ 141.15377519, 41.41991336 ], [ 141.15380484, 41.41988192 ], [ 141.15384927, 41.41983497 ], [ 141.15390603, 41.41977405 ], [ 141.153982140000011, 41.41968839 ], [ 141.15402051, 41.41965131 ], [ 141.15407005000003, 41.419597 ], [ 141.15412973, 41.41953778 ], [ 141.1541517, 41.41951928 ], [ 141.15417614, 41.41949869 ], [ 141.15423834, 41.41944128 ], [ 141.154315060000016, 41.41937547 ], [ 141.15435086, 41.41933977 ], [ 141.15438769, 41.41930487 ], [ 141.154404060000019, 41.41929028 ], [ 141.154425550000013, 41.41927359 ], [ 141.154468560000026, 41.41924444 ], [ 141.15451416, 41.41921764 ], [ 141.15457156, 41.4191865 ], [ 141.15458436000003, 41.41917931 ], [ 141.154591510000017, 41.41917231 ], [ 141.154649800000016, 41.41911411 ], [ 141.15468711, 41.41907803 ], [ 141.15476745, 41.41901028 ], [ 141.154827300000022, 41.41895553 ], [ 141.15490302, 41.41889317 ], [ 141.154970050000031, 41.41883572 ], [ 141.155044250000032, 41.41877592 ], [ 141.15514253, 41.4186978 ], [ 141.15520852, 41.41864536 ], [ 141.155251, 41.41860984 ], [ 141.15528939, 41.41858069 ], [ 141.15530834, 41.41857136 ], [ 141.15537949, 41.41852125 ], [ 141.155438370000013, 41.41847828 ], [ 141.15553664, 41.41840372 ], [ 141.15562008, 41.41834272 ], [ 141.15566769, 41.41830872 ], [ 141.155734250000023, 41.41825903 ], [ 141.15584178, 41.41817305 ], [ 141.156123870000016, 41.4179564 ], [ 141.156224690000016, 41.41788193 ], [ 141.15633162, 41.41780517 ], [ 141.156401960000011, 41.41775563 ], [ 141.156528920000028, 41.41766829 ], [ 141.15663541, 41.41759847 ], [ 141.15668681, 41.41756672 ], [ 141.15675599, 41.41752699 ], [ 141.15679739, 41.41750329 ], [ 141.15681074, 41.41749334 ], [ 141.156819900000016, 41.4174826 ], [ 141.15682322, 41.41747656 ], [ 141.156825810000015, 41.41746979 ], [ 141.156828850000011, 41.41745493 ], [ 141.15686781, 41.41741386 ], [ 141.156895730000031, 41.41738441 ], [ 141.156900160000021, 41.4173854 ], [ 141.156906610000021, 41.41738439 ], [ 141.156910790000012, 41.41738293 ], [ 141.156928210000018, 41.41737351 ], [ 141.15694013000001, 41.41736547 ], [ 141.15699043, 41.41732732 ], [ 141.157082890000027, 41.41725332 ], [ 141.157135910000022, 41.41721148 ], [ 141.15721077, 41.4171548 ], [ 141.15724974, 41.41712624 ], [ 141.15731065, 41.41708303 ], [ 141.157407690000014, 41.41701693 ], [ 141.15751215, 41.41694909 ], [ 141.15773908, 41.416806 ], [ 141.15795957, 41.41666667 ], [ 141.158106370000013, 41.4165739 ], [ 141.15833333, 41.41643299 ], [ 141.158358, 41.41641768 ], [ 141.15848201, 41.416337 ], [ 141.15860361, 41.41625273 ], [ 141.158768460000033, 41.41613547 ], [ 141.158855010000025, 41.41607525 ], [ 141.15899259, 41.4159832 ], [ 141.159089170000016, 41.41592078 ], [ 141.15929141, 41.41579261 ], [ 141.15943594, 41.41570278 ], [ 141.15951812000003, 41.41565357 ], [ 141.15966305, 41.41557031 ], [ 141.159843890000019, 41.41547165 ], [ 141.159951520000021, 41.41541497 ], [ 141.16015662, 41.41535667 ], [ 141.160194590000032, 41.41534522 ], [ 141.160257060000021, 41.4153264 ], [ 141.16040396, 41.41527951 ], [ 141.16042689, 41.41527215 ], [ 141.1605204, 41.41524235 ], [ 141.16057523, 41.41522608 ], [ 141.16064859, 41.4152066 ], [ 141.160659340000024, 41.41520378 ], [ 141.1607511, 41.41518334 ], [ 141.160817550000019, 41.41517055 ], [ 141.16086428, 41.41516222 ], [ 141.16096384, 41.41514609 ], [ 141.161083970000021, 41.41512873 ], [ 141.16116394, 41.41511814 ], [ 141.16130704, 41.41510081 ], [ 141.16138082, 41.41509322 ], [ 141.161411790000017, 41.41509078 ], [ 141.1614528, 41.41508887 ], [ 141.161489530000011, 41.41508912 ], [ 141.16150712000001, 41.41509006 ], [ 141.161538, 41.41509313 ], [ 141.16155344, 41.41509542 ], [ 141.161576780000019, 41.41510022 ], [ 141.16161284, 41.41511038 ], [ 141.16165060000003, 41.41512505 ], [ 141.161670390000012, 41.41513426 ], [ 141.16176904, 41.41512695 ], [ 141.161914710000019, 41.41509817 ], [ 141.161930510000019, 41.4150278 ], [ 141.162235190000018, 41.41502999 ], [ 141.162287890000016, 41.41501913 ], [ 141.16233169, 41.41499964 ], [ 141.162615360000018, 41.41491445 ], [ 141.162967740000028, 41.41481403 ], [ 141.16335511, 41.4147262 ], [ 141.163477950000015, 41.41470064 ], [ 141.163547820000019, 41.41467936 ], [ 141.16386449, 41.4145676 ], [ 141.16393184, 41.41454508 ], [ 141.164166490000014, 41.41446642 ], [ 141.16423960000003, 41.41444523 ], [ 141.16429113, 41.41444094 ], [ 141.164323280000019, 41.41443598 ], [ 141.164346850000015, 41.41441296 ], [ 141.164370390000016, 41.4143856 ], [ 141.16440907, 41.41436928 ], [ 141.16446829, 41.41434831 ], [ 141.16454336000001, 41.41431487 ], [ 141.164604680000025, 41.41428254 ], [ 141.16465667, 41.41424772 ], [ 141.16467997, 41.41422055 ], [ 141.16468242000002, 41.41420947 ], [ 141.16474639, 41.41412545 ], [ 141.164798400000024, 41.41405714 ], [ 141.16480114, 41.41405614 ], [ 141.164807560000014, 41.41404891 ], [ 141.164808390000019, 41.41404684 ], [ 141.164807650000029, 41.41404198 ], [ 141.164798960000013, 41.4140257 ], [ 141.164780510000014, 41.4139956 ], [ 141.16476576, 41.41396727 ], [ 141.16475488, 41.41394317 ], [ 141.164753530000013, 41.41393651 ], [ 141.164753100000013, 41.4139221 ], [ 141.164753290000021, 41.41389005 ], [ 141.16475556, 41.41386572 ], [ 141.164757890000033, 41.4138532 ], [ 141.16476283, 41.41383562 ], [ 141.164766480000026, 41.41382571 ], [ 141.16477429, 41.41380867 ], [ 141.16479883, 41.41376573 ], [ 141.16481438, 41.41374246 ], [ 141.16483138000001, 41.41371962 ], [ 141.164866930000017, 41.41367783 ], [ 141.164890730000025, 41.4136539 ], [ 141.164903110000012, 41.41364287 ], [ 141.164923010000024, 41.41362724 ], [ 141.16494566, 41.41361214 ], [ 141.16496271, 41.41360191 ], [ 141.165003400000018, 41.41357992 ], [ 141.16507927, 41.4135426 ], [ 141.16511664, 41.41352565 ], [ 141.165149220000018, 41.41351213 ], [ 141.16516808, 41.41350506 ], [ 141.16519949, 41.41349506 ], [ 141.16521837, 41.41349069 ], [ 141.165249210000013, 41.41348529 ], [ 141.16526342, 41.41348218 ], [ 141.165289930000029, 41.41347418 ], [ 141.165301760000034, 41.41346965 ], [ 141.16532407, 41.41345913 ], [ 141.16534698000001, 41.41344583 ], [ 141.16535769, 41.41343751 ], [ 141.16536686, 41.41342813 ], [ 141.16537209, 41.41342109 ], [ 141.165381820000022, 41.41340575 ], [ 141.16539283, 41.41338612 ], [ 141.165443860000011, 41.41339428 ], [ 141.16559433, 41.41342441 ], [ 141.165713360000012, 41.41344711 ], [ 141.165873480000016, 41.4134782 ], [ 141.16601725000001, 41.41350561 ], [ 141.166211340000018, 41.41354225 ], [ 141.166359270000015, 41.41357022 ], [ 141.16642633, 41.41358359 ], [ 141.1665127, 41.41360211 ], [ 141.166666670000012, 41.41363369 ], [ 141.166669360000014, 41.41363425 ], [ 141.16670678, 41.41364192 ], [ 141.166889950000012, 41.41367861 ], [ 141.167024920000017, 41.41370384 ], [ 141.167121700000024, 41.41372075 ], [ 141.16714183000002, 41.41372444 ], [ 141.167156080000012, 41.41372631 ], [ 141.167194580000029, 41.41372559 ], [ 141.167384700000014, 41.41372186 ], [ 141.16745083, 41.41371977 ], [ 141.167457110000015, 41.41372022 ], [ 141.167459220000012, 41.41372117 ], [ 141.16747397, 41.41373911 ], [ 141.167474380000016, 41.41374225 ], [ 141.16747272, 41.41374384 ], [ 141.16737550000002, 41.41380723 ], [ 141.16724403, 41.41389356 ], [ 141.167105470000024, 41.41398259 ], [ 141.16695689, 41.41407953 ], [ 141.166854230000013, 41.41414469 ], [ 141.166936640000017, 41.41421636 ], [ 141.16715869, 41.41407441 ], [ 141.167334, 41.41396287 ], [ 141.16739411, 41.41392559 ], [ 141.16759776, 41.41379264 ], [ 141.167514470000015, 41.41371784 ], [ 141.16751947000003, 41.41371531 ], [ 141.16753372, 41.41371397 ], [ 141.167809200000022, 41.413705 ], [ 141.167903800000033, 41.41370041 ], [ 141.16790097, 41.41363922 ], [ 141.167813020000011, 41.41363947 ], [ 141.167811480000012, 41.41365841 ], [ 141.16754769, 41.41366675 ], [ 141.167355940000022, 41.41367361 ], [ 141.16719852, 41.41367786 ], [ 141.167171720000027, 41.41367605 ], [ 141.167151610000019, 41.41367231 ], [ 141.16700830000002, 41.41365003 ], [ 141.16675852, 41.41361164 ], [ 141.166669360000014, 41.41359836 ], [ 141.166666670000012, 41.41359795 ], [ 141.166497060000012, 41.41357264 ], [ 141.166477640000011, 41.41354305 ], [ 141.166570190000016, 41.4134652 ], [ 141.166590220000018, 41.41344847 ], [ 141.16657211, 41.41343056 ], [ 141.166506060000017, 41.41337051 ], [ 141.16644464, 41.41331422 ], [ 141.166398390000012, 41.41327461 ], [ 141.166342, 41.41322241 ], [ 141.16626589, 41.41315589 ], [ 141.166197300000022, 41.41309553 ], [ 141.166122410000014, 41.41302536 ], [ 141.166240510000023, 41.41296567 ], [ 141.16630297, 41.41292205 ], [ 141.16637911, 41.41285097 ], [ 141.166425190000012, 41.41278753 ], [ 141.16647501, 41.41271653 ], [ 141.166497420000013, 41.41268717 ], [ 141.16653725, 41.41263413 ], [ 141.16656713, 41.41259344 ], [ 141.16662445, 41.41252053 ], [ 141.166666670000012, 41.41247408 ], [ 141.166669360000014, 41.41247113 ], [ 141.166671830000013, 41.41246841 ], [ 141.16671678, 41.41242861 ], [ 141.16676136000001, 41.41239741 ], [ 141.166816720000014, 41.41235559 ], [ 141.166877950000014, 41.41231097 ], [ 141.16692791, 41.4122768 ], [ 141.166986590000022, 41.41222372 ], [ 141.167025360000025, 41.4122 ], [ 141.167066620000014, 41.41217436 ], [ 141.167106410000031, 41.41216043 ], [ 141.167115280000019, 41.41215733 ], [ 141.167174250000016, 41.41220428 ], [ 141.167360050000013, 41.41235067 ], [ 141.167510580000027, 41.41247322 ], [ 141.16760477, 41.41254544 ], [ 141.167631480000011, 41.4125258 ], [ 141.167535620000024, 41.41244975 ], [ 141.16739684, 41.41233395 ], [ 141.167274920000011, 41.41223841 ], [ 141.1671345, 41.41213192 ], [ 141.167082780000015, 41.41208836 ], [ 141.166999560000022, 41.41202459 ], [ 141.166987370000015, 41.41201451 ], [ 141.167336810000023, 41.41176339 ], [ 141.16754261, 41.41185441 ], [ 141.167551340000017, 41.41184153 ], [ 141.16735983, 41.41175259 ], [ 141.16748601, 41.41165025 ], [ 141.167578110000022, 41.41172161 ], [ 141.167866520000018, 41.41194328 ], [ 141.168277980000028, 41.41225692 ], [ 141.16853881, 41.41245697 ], [ 141.1687607, 41.41262887 ], [ 141.168844580000012, 41.41269061 ], [ 141.16885910000002, 41.41281086 ], [ 141.16886817, 41.4128668 ], [ 141.168888220000014, 41.41302761 ], [ 141.168910120000021, 41.41318828 ], [ 141.168925670000021, 41.41331305 ], [ 141.168906420000013, 41.413315 ], [ 141.168913550000013, 41.41337056 ], [ 141.16893525, 41.41336956 ], [ 141.168950140000021, 41.41349264 ], [ 141.168966300000022, 41.41362036 ], [ 141.168978440000018, 41.41373041 ], [ 141.168978370000019, 41.41375297 ], [ 141.16894739, 41.41375492 ], [ 141.168952970000021, 41.41380513 ], [ 141.16895811, 41.41383805 ], [ 141.16905608, 41.41383311 ], [ 141.169043, 41.41369953 ], [ 141.169028200000014, 41.41359392 ], [ 141.16900942, 41.41344236 ], [ 141.16898745, 41.41326823 ], [ 141.168957170000027, 41.41304892 ], [ 141.168928110000024, 41.41282575 ], [ 141.168902440000011, 41.41266361 ], [ 141.16888942, 41.41254036 ], [ 141.16888036, 41.41246425 ], [ 141.168943330000019, 41.41241267 ], [ 141.169087250000018, 41.41229739 ], [ 141.16918917000001, 41.4122158 ], [ 141.16938805, 41.41205656 ], [ 141.169517760000019, 41.4119505 ], [ 141.169644940000012, 41.41184595 ], [ 141.169824690000013, 41.41170264 ], [ 141.16994263, 41.41160511 ], [ 141.170074840000012, 41.4115042 ], [ 141.17015633, 41.41143436 ], [ 141.17032988, 41.41129453 ], [ 141.17044601, 41.41120225 ], [ 141.170611530000031, 41.41107005 ], [ 141.170733770000027, 41.41097161 ], [ 141.17087211, 41.41085961 ], [ 141.170993770000024, 41.41075975 ], [ 141.171133990000016, 41.41064992 ], [ 141.17120997, 41.41058825 ], [ 141.171262580000018, 41.41056941 ], [ 141.17134489, 41.41054067 ], [ 141.171517610000024, 41.41047661 ], [ 141.17171144, 41.41040747 ], [ 141.17186161, 41.41035175 ], [ 141.17196278000003, 41.4103158 ], [ 141.172117200000031, 41.41025822 ], [ 141.172246199999989, 41.41021122 ], [ 141.17242969000003, 41.41014492 ], [ 141.17257747, 41.41009236 ], [ 141.17271134, 41.41004305 ], [ 141.172916610000016, 41.40996739 ], [ 141.173042, 41.40992361 ], [ 141.173217030000018, 41.40985864 ], [ 141.173371480000014, 41.4098022 ], [ 141.17353803, 41.40974136 ], [ 141.173688220000031, 41.40968808 ], [ 141.17387659000002, 41.40961989 ], [ 141.17402314, 41.40956825 ], [ 141.174183, 41.40950836 ], [ 141.174356830000022, 41.40944561 ], [ 141.174573650000013, 41.4093668 ], [ 141.17475411, 41.40929897 ], [ 141.174972750000023, 41.40922108 ], [ 141.175, 41.4092112 ], [ 141.175002670000026, 41.40921023 ], [ 141.175176860000022, 41.40914697 ], [ 141.175359140000012, 41.40907969 ], [ 141.17553114, 41.40901753 ], [ 141.175713410000014, 41.40895117 ], [ 141.17584, 41.40890508 ], [ 141.17601625, 41.40884203 ], [ 141.176145840000032, 41.40879161 ], [ 141.176273190000018, 41.40878161 ], [ 141.17648, 41.40876317 ], [ 141.1767002, 41.4087488 ], [ 141.17669003, 41.40866108 ], [ 141.17645044, 41.40868008 ], [ 141.176192110000017, 41.40869959 ], [ 141.176098110000027, 41.40870808 ], [ 141.17597336, 41.40875508 ], [ 141.175778340000022, 41.40882513 ], [ 141.175682670000015, 41.40886017 ], [ 141.17549614, 41.40892805 ], [ 141.17533205, 41.40898978 ], [ 141.175169110000013, 41.40904831 ], [ 141.175002670000026, 41.40910775 ], [ 141.175, 41.40910869 ], [ 141.174921410000024, 41.40913678 ], [ 141.17470581, 41.40921556 ], [ 141.17433577, 41.40935059 ], [ 141.174139560000015, 41.40942111 ], [ 141.173968170000023, 41.40948422 ], [ 141.17380222, 41.40954369 ], [ 141.173686550000014, 41.409587 ], [ 141.17355151000001, 41.40963492 ], [ 141.173414030000032, 41.40968333 ], [ 141.17334377, 41.40971095 ], [ 141.173234140000034, 41.40974877 ], [ 141.173099690000015, 41.40979805 ], [ 141.172947670000013, 41.40985336 ], [ 141.17279747, 41.40990769 ], [ 141.172640030000025, 41.40996575 ], [ 141.17247586, 41.41002336 ], [ 141.172357170000026, 41.41006623 ], [ 141.17221484, 41.41011889 ], [ 141.172033750000026, 41.4101848 ], [ 141.171872050000019, 41.41024286 ], [ 141.17168128000003, 41.41031292 ], [ 141.171604190000011, 41.41019153 ], [ 141.17152406, 41.41006653 ], [ 141.17146956000002, 41.41008864 ], [ 141.17154358, 41.41020541 ], [ 141.17162314, 41.41033192 ], [ 141.17151109, 41.4103738 ], [ 141.17132272, 41.41044295 ], [ 141.171204030000013, 41.41048497 ], [ 141.171138610000014, 41.41050803 ], [ 141.1710975, 41.41053787 ], [ 141.17100144, 41.41061675 ], [ 141.170888440000027, 41.4107078 ], [ 141.170799, 41.41077987 ], [ 141.17071322000001, 41.41084967 ], [ 141.170617130000011, 41.4109272 ], [ 141.17047453, 41.4110402 ], [ 141.17032828, 41.41115903 ], [ 141.170218910000017, 41.41124613 ], [ 141.170113770000029, 41.411331 ], [ 141.170005620000012, 41.41141872 ], [ 141.169880510000013, 41.41151736 ], [ 141.169723990000023, 41.41164333 ], [ 141.16958564, 41.41175847 ], [ 141.169436980000029, 41.41187692 ], [ 141.16930464, 41.41198431 ], [ 141.16925508, 41.41202247 ], [ 141.16916433, 41.41195603 ], [ 141.169102800000019, 41.41191233 ], [ 141.168992550000013, 41.4118315 ], [ 141.16892192, 41.41177905 ], [ 141.1688135, 41.41169892 ], [ 141.168698980000016, 41.41161422 ], [ 141.168552800000015, 41.41150803 ], [ 141.16843036, 41.41141833 ], [ 141.16830611, 41.41132717 ], [ 141.1682245, 41.41126617 ], [ 141.168135580000012, 41.41120153 ], [ 141.168036280000024, 41.4111278 ], [ 141.16791691, 41.41104223 ], [ 141.16780302, 41.4109602 ], [ 141.167725690000026, 41.41090464 ], [ 141.16778975, 41.41085372 ], [ 141.16795414, 41.41072667 ], [ 141.16804722, 41.41065556 ], [ 141.168197720000023, 41.41053736 ], [ 141.168316740000023, 41.41044333 ], [ 141.16844667, 41.41034197 ], [ 141.168571190000023, 41.41024517 ], [ 141.168682390000015, 41.41016003 ], [ 141.16879236, 41.41007331 ], [ 141.168955550000021, 41.40994595 ], [ 141.16906917, 41.40985739 ], [ 141.169170730000019, 41.40977944 ], [ 141.169306080000013, 41.40967392 ], [ 141.16943423, 41.40957656 ], [ 141.16955144, 41.40948295 ], [ 141.169692240000018, 41.40937275 ], [ 141.169745380000023, 41.40932641 ], [ 141.17066044, 41.4099128 ], [ 141.170766160000028, 41.40981605 ], [ 141.16986406, 41.40923517 ], [ 141.16992489, 41.40918856 ], [ 141.170043970000023, 41.40909947 ], [ 141.170210140000023, 41.40896733 ], [ 141.17035156, 41.40885677 ], [ 141.17043436000003, 41.40879256 ], [ 141.170588470000013, 41.4086725 ], [ 141.17071175, 41.40857889 ], [ 141.170850140000027, 41.40846714 ], [ 141.170990950000032, 41.408357 ], [ 141.171021700000011, 41.40833333 ], [ 141.17102577, 41.4083302 ], [ 141.171085840000018, 41.40828397 ], [ 141.171203060000011, 41.40819036 ], [ 141.17134267000003, 41.40808608 ], [ 141.171394640000017, 41.40804525 ], [ 141.171481750000027, 41.40810851 ], [ 141.171587080000023, 41.40818453 ], [ 141.171706450000016, 41.40827008 ], [ 141.17178961, 41.4083302 ], [ 141.171793940000015, 41.40833333 ], [ 141.17181728, 41.40835022 ], [ 141.17191717, 41.40842289 ], [ 141.172042020000021, 41.40851347 ], [ 141.17215837, 41.40859813 ], [ 141.172248490000015, 41.40866184 ], [ 141.172399580000018, 41.40854528 ], [ 141.17242920000001, 41.40852389 ], [ 141.172469080000013, 41.40849133 ], [ 141.17259056, 41.40839956 ], [ 141.172676720000027, 41.40833333 ], [ 141.17268078, 41.40833022 ], [ 141.172690270000032, 41.40832292 ], [ 141.17284314, 41.40819972 ], [ 141.172961, 41.40810887 ], [ 141.173085470000018, 41.40800967 ], [ 141.17318394, 41.40793169 ], [ 141.173319920000012, 41.40782664 ], [ 141.173414190000017, 41.40775184 ], [ 141.17351872, 41.40767022 ], [ 141.17363839, 41.40757661 ], [ 141.17378525, 41.40746256 ], [ 141.17391214, 41.407363 ], [ 141.17382747000002, 41.40730005 ], [ 141.17368844, 41.40719144 ], [ 141.17349056, 41.40704847 ], [ 141.173047950000011, 41.40672569 ], [ 141.173392310000025, 41.40644456 ], [ 141.17379263, 41.40612613 ], [ 141.174063800000027, 41.40590222 ], [ 141.174302670000031, 41.40570344 ], [ 141.17453964, 41.40551161 ], [ 141.174606300000022, 41.40555572 ], [ 141.17458803, 41.40556784 ], [ 141.17480047, 41.40570847 ], [ 141.175, 41.40554341 ], [ 141.175002670000026, 41.4055412 ], [ 141.175049730000012, 41.40550228 ], [ 141.175002670000026, 41.40546947 ], [ 141.175, 41.40546761 ], [ 141.174782970000024, 41.40531644 ], [ 141.175, 41.40514197 ], [ 141.175002670000026, 41.4051398 ], [ 141.175030580000026, 41.40511736 ], [ 141.17538442, 41.40536205 ], [ 141.175716810000011, 41.40509275 ], [ 141.17536501, 41.4048498 ], [ 141.17549711, 41.40474136 ], [ 141.175459470000021, 41.40471439 ], [ 141.17666936, 41.40375972 ], [ 141.17672822000003, 41.40375413 ], [ 141.176819220000027, 41.40374717 ], [ 141.17687817, 41.40375639 ], [ 141.176958610000014, 41.40378036 ], [ 141.176989, 41.40378431 ], [ 141.177049470000014, 41.40375053 ], [ 141.17713114, 41.40366286 ], [ 141.177145280000019, 41.40363997 ], [ 141.17690669000001, 41.40341208 ], [ 141.17692428, 41.40336095 ], [ 141.176970360000013, 41.403303 ], [ 141.177001280000013, 41.40328275 ], [ 141.178000250000025, 41.403988 ], [ 141.179140250000017, 41.40479336 ], [ 141.179148110000028, 41.40478939 ], [ 141.17943542, 41.40498953 ], [ 141.17942234, 41.40500144 ], [ 141.179477660000032, 41.40503686 ], [ 141.179540410000016, 41.40498328 ], [ 141.17949031, 41.40494387 ], [ 141.179445860000016, 41.40497764 ], [ 141.179158560000019, 41.40478064 ], [ 141.17921608, 41.404733 ], [ 141.178087890000029, 41.40392487 ], [ 141.17824217, 41.40380172 ], [ 141.178081390000017, 41.4036855 ], [ 141.178395140000021, 41.40343231 ], [ 141.17843467, 41.40345989 ], [ 141.17850003, 41.40340033 ], [ 141.17728489000001, 41.40253903 ], [ 141.17721978, 41.40249575 ], [ 141.17761834, 41.40216892 ], [ 141.17762934000001, 41.40217575 ], [ 141.177643390000014, 41.40218453 ], [ 141.17766097, 41.40219592 ], [ 141.17768326, 41.4022108 ], [ 141.17770416, 41.40218608 ], [ 141.17771428, 41.40217253 ], [ 141.177720890000018, 41.40215911 ], [ 141.17772148, 41.40212953 ], [ 141.177716160000017, 41.40210833 ], [ 141.177586110000021, 41.40189714 ], [ 141.17755538000003, 41.4018308 ], [ 141.17754258, 41.40179341 ], [ 141.177522220000014, 41.40172817 ], [ 141.17750978, 41.40161264 ], [ 141.17751175, 41.40156741 ], [ 141.177516670000017, 41.40151492 ], [ 141.17752883, 41.40143561 ], [ 141.177560950000014, 41.40134117 ], [ 141.17759319000001, 41.40127186 ], [ 141.177614480000017, 41.40123495 ], [ 141.177657110000013, 41.40117061 ], [ 141.177713090000026, 41.40110233 ], [ 141.177786780000019, 41.40102844 ], [ 141.17789516000002, 41.40092595 ], [ 141.17792248, 41.40090187 ], [ 141.17800139000002, 41.40083575 ], [ 141.178123890000023, 41.40073992 ], [ 141.178247950000014, 41.40065636 ], [ 141.178384580000028, 41.40057444 ], [ 141.17844297000002, 41.40054167 ], [ 141.178490270000026, 41.40052031 ], [ 141.178547980000019, 41.40050003 ], [ 141.17862492, 41.40048084 ], [ 141.17868562000001, 41.40046947 ], [ 141.1787582, 41.40046314 ], [ 141.178817470000013, 41.40046297 ], [ 141.178865670000022, 41.40046503 ], [ 141.178910170000023, 41.40047105 ], [ 141.17892795, 41.40047492 ], [ 141.178946500000023, 41.40047931 ], [ 141.179010340000019, 41.40049587 ], [ 141.17905486, 41.40051192 ], [ 141.17907044, 41.40051578 ], [ 141.179100080000012, 41.40051569 ], [ 141.179120800000021, 41.40051117 ], [ 141.17916655, 41.40047531 ], [ 141.1792145, 41.40043441 ], [ 141.179153110000016, 41.40038933 ], [ 141.179312440000018, 41.40024953 ], [ 141.179452, 41.40034684 ], [ 141.179430530000019, 41.40036617 ], [ 141.179797060000027, 41.40062292 ], [ 141.180481830000019, 41.40110625 ], [ 141.18046078, 41.40112823 ], [ 141.180885580000023, 41.40142389 ], [ 141.180869800000011, 41.40143789 ], [ 141.18132911, 41.40175536 ], [ 141.181639800000028, 41.40197764 ], [ 141.18233283, 41.4024658 ], [ 141.183333330000011, 41.40317314 ], [ 141.18333597, 41.403175 ], [ 141.183428140000018, 41.40324013 ], [ 141.183632610000018, 41.40338303 ], [ 141.18390614, 41.40358351 ], [ 141.184011560000016, 41.40350744 ], [ 141.18333597, 41.4030308 ], [ 141.183333330000011, 41.40302895 ], [ 141.182967980000029, 41.4027712 ], [ 141.182316110000016, 41.40230884 ], [ 141.18126852, 41.40156511 ], [ 141.179629, 41.40041008 ], [ 141.179079360000031, 41.40001395 ], [ 141.17905839, 41.4 ], [ 141.17905367000003, 41.39999686 ], [ 141.17900769, 41.39996633 ], [ 141.17861467, 41.39968853 ], [ 141.17863189, 41.39961261 ], [ 141.178654470000026, 41.39946308 ], [ 141.17871353000001, 41.39934825 ], [ 141.17881730000002, 41.39922208 ], [ 141.17890623, 41.39911392 ], [ 141.178999660000017, 41.39897844 ], [ 141.17921236, 41.39872108 ], [ 141.17936533, 41.39853847 ], [ 141.17939433, 41.39850536 ], [ 141.179526910000021, 41.398312 ], [ 141.179623530000015, 41.39819897 ], [ 141.17973655, 41.39809184 ], [ 141.17975066, 41.39807613 ], [ 141.179754620000011, 41.39806095 ], [ 141.17980839, 41.39801108 ], [ 141.17990144, 41.39793153 ], [ 141.18000942, 41.39784817 ], [ 141.18015983, 41.39772184 ], [ 141.18031739, 41.39760377 ], [ 141.180428910000018, 41.39751505 ], [ 141.180627, 41.397331 ], [ 141.18070289000002, 41.397233 ], [ 141.180753410000023, 41.39711475 ], [ 141.18079739, 41.39702356 ], [ 141.180855580000014, 41.39693364 ], [ 141.180940390000018, 41.39684367 ], [ 141.18102708, 41.39676653 ], [ 141.18107136, 41.39673695 ], [ 141.181109640000017, 41.39671805 ], [ 141.181205550000016, 41.39670439 ], [ 141.18132817, 41.39670133 ], [ 141.181418690000015, 41.39667964 ], [ 141.181474470000012, 41.396651 ], [ 141.18153558, 41.39660161 ], [ 141.18156908, 41.39655036 ], [ 141.181567660000013, 41.39648875 ], [ 141.18157983, 41.3964338 ], [ 141.18158847, 41.39638959 ], [ 141.181623890000026, 41.39636003 ], [ 141.181675110000015, 41.39630389 ], [ 141.181740580000024, 41.39624611 ], [ 141.18180075, 41.39619769 ], [ 141.18188236, 41.39616933 ], [ 141.18197361, 41.39615592 ], [ 141.18214949, 41.39613933 ], [ 141.182202720000021, 41.39612044 ], [ 141.182243450000016, 41.39609353 ], [ 141.18228776, 41.39606661 ], [ 141.18236939, 41.39604628 ], [ 141.18242973, 41.39602733 ], [ 141.182465080000014, 41.39599241 ], [ 141.182484360000018, 41.39593877 ], [ 141.18252297, 41.39585028 ], [ 141.182604160000011, 41.39574425 ], [ 141.182719100000014, 41.39563541 ], [ 141.182802630000026, 41.3955698 ], [ 141.18305224, 41.39538292 ], [ 141.183333330000011, 41.39514644 ], [ 141.18333601, 41.39514423 ], [ 141.18343475, 41.39506117 ], [ 141.183549660000011, 41.39494428 ], [ 141.18359031, 41.39489597 ], [ 141.183648440000013, 41.39480472 ], [ 141.18372428, 41.39469603 ], [ 141.183761440000012, 41.39466028 ], [ 141.18379667, 41.39460123 ], [ 141.18380547000001, 41.39458647 ], [ 141.183883450000025, 41.39454605 ], [ 141.183917, 41.39450577 ], [ 141.183930920000023, 41.39445084 ], [ 141.183960970000015, 41.39441995 ], [ 141.184023060000015, 41.394397 ], [ 141.184077910000013, 41.39435531 ], [ 141.184113220000029, 41.394311 ], [ 141.184138, 41.3942922 ], [ 141.18419122, 41.39427328 ], [ 141.184242500000011, 41.39422359 ], [ 141.184313450000019, 41.39419659 ], [ 141.184428810000014, 41.39416408 ], [ 141.184554670000011, 41.39410208 ], [ 141.18463949, 41.39401611 ], [ 141.18466584, 41.39395711 ], [ 141.1846727, 41.39390623 ], [ 141.18470739, 41.39375344 ], [ 141.184744450000011, 41.3936508 ], [ 141.184749360000012, 41.39362395 ], [ 141.1847793, 41.3935788 ], [ 141.18482086, 41.39353405 ], [ 141.184908150000012, 41.39346644 ], [ 141.184985080000018, 41.39342553 ], [ 141.185100390000031, 41.39338756 ], [ 141.18516241, 41.39337731 ], [ 141.18527789, 41.39337169 ], [ 141.185312440000018, 41.39336684 ], [ 141.185342720000023, 41.39335372 ], [ 141.18536538, 41.39333184 ], [ 141.185374940000031, 41.39331047 ], [ 141.18538005000002, 41.3932382 ], [ 141.185373310000017, 41.39313836 ], [ 141.185368200000028, 41.39308325 ], [ 141.18537419, 41.39304895 ], [ 141.185388390000014, 41.39299064 ], [ 141.185410170000011, 41.39293911 ], [ 141.18543205, 41.39290003 ], [ 141.185467660000029, 41.39285003 ], [ 141.185514250000011, 41.39279475 ], [ 141.185563700000017, 41.39275144 ], [ 141.185641410000017, 41.39270547 ], [ 141.185715750000014, 41.39267247 ], [ 141.185779810000014, 41.39265408 ], [ 141.185837, 41.39264403 ], [ 141.185903920000015, 41.39264123 ], [ 141.185988110000011, 41.39264511 ], [ 141.186039170000015, 41.39264756 ], [ 141.186076390000011, 41.39264277 ], [ 141.186113550000016, 41.39262497 ], [ 141.186146550000018, 41.39260408 ], [ 141.18616097, 41.39258792 ], [ 141.18616895, 41.39253175 ], [ 141.18619297, 41.39238503 ], [ 141.186218110000027, 41.39230851 ], [ 141.186255580000022, 41.39222364 ], [ 141.186296610000028, 41.39215333 ], [ 141.18634523, 41.39208713 ], [ 141.186396550000012, 41.39201003 ], [ 141.18646167, 41.39193025 ], [ 141.18652830000002, 41.39188067 ], [ 141.186636980000031, 41.39181275 ], [ 141.186709140000033, 41.39176467 ], [ 141.186793640000019, 41.39169836 ], [ 141.186832970000012, 41.39166667 ], [ 141.18684769, 41.3916593 ], [ 141.186864250000013, 41.3916553 ], [ 141.186895940000028, 41.39165056 ], [ 141.186930260000025, 41.39164582 ], [ 141.186979550000018, 41.39164169 ], [ 141.18703678, 41.39163886 ], [ 141.187107160000011, 41.39162804 ], [ 141.18715026000001, 41.39161663 ], [ 141.187179260000022, 41.39160461 ], [ 141.187216380000024, 41.39157909 ], [ 141.187217080000011, 41.39157829 ], [ 141.187222530000014, 41.39157035 ], [ 141.187227740000026, 41.39155989 ], [ 141.187238340000022, 41.39153032 ], [ 141.1872535, 41.39150425 ], [ 141.187260870000017, 41.39149441 ], [ 141.187265490000016, 41.39148683 ], [ 141.187269610000016, 41.39147638 ], [ 141.18727537, 41.39145601 ], [ 141.187280320000013, 41.3914433 ], [ 141.187286600000022, 41.39143238 ], [ 141.187299900000028, 41.39141559 ], [ 141.18730725, 41.3914044 ], [ 141.18731114000002, 41.39139332 ], [ 141.187316760000016, 41.39137033 ], [ 141.18732205, 41.39135573 ], [ 141.187326320000011, 41.3913486 ], [ 141.18733451, 41.39133849 ], [ 141.187341410000016, 41.39133252 ], [ 141.1873469, 41.3913299 ], [ 141.187353110000032, 41.39132853 ], [ 141.187373310000027, 41.39132613 ], [ 141.187380470000022, 41.39132367 ], [ 141.18738453, 41.39132086 ], [ 141.18738987, 41.39131518 ], [ 141.187400560000015, 41.3913011 ], [ 141.187412550000033, 41.39128611 ], [ 141.1874204, 41.39127852 ], [ 141.18742803, 41.39127283 ], [ 141.18743519, 41.39126894 ], [ 141.187441870000015, 41.39126675 ], [ 141.187450950000027, 41.391266 ], [ 141.187459430000018, 41.39126453 ], [ 141.187467180000027, 41.39126172 ], [ 141.18747077, 41.39125892 ], [ 141.18747278, 41.39125531 ], [ 141.187474540000011, 41.391249 ], [ 141.187478570000025, 41.39124322 ], [ 141.18748285, 41.3912397 ], [ 141.187491210000019, 41.39123616 ], [ 141.187503860000021, 41.39123261 ], [ 141.187535630000013, 41.39122549 ], [ 141.18755163000003, 41.39122076 ], [ 141.187563200000028, 41.39121577 ], [ 141.187587060000027, 41.39120354 ], [ 141.18760304, 41.39119683 ], [ 141.18761962, 41.39119164 ], [ 141.187654970000011, 41.39118073 ], [ 141.187675150000018, 41.39117679 ], [ 141.187701080000011, 41.39117311 ], [ 141.18776549, 41.39116337 ], [ 141.187813980000016, 41.39115467 ], [ 141.187832260000022, 41.391152 ], [ 141.187853290000021, 41.39115049 ], [ 141.187876730000028, 41.39115033 ], [ 141.18795352, 41.39115198 ], [ 141.18796978, 41.39115329 ], [ 141.18798211, 41.39115549 ], [ 141.187990620000022, 41.39115871 ], [ 141.18799984, 41.39116184 ], [ 141.1880117, 41.39116459 ], [ 141.188033960000013, 41.39116795 ], [ 141.18805502, 41.39117202 ], [ 141.188073230000015, 41.39117728 ], [ 141.188083410000019, 41.3911813 ], [ 141.188091820000011, 41.39118586 ], [ 141.188109340000011, 41.39119797 ], [ 141.188121450000011, 41.39120468 ], [ 141.188129840000016, 41.39120817 ], [ 141.188138340000023, 41.39121022 ], [ 141.188150900000011, 41.39121126 ], [ 141.18816562, 41.39121292 ], [ 141.188178310000012, 41.39121622 ], [ 141.18819317, 41.39122203 ], [ 141.18820108, 41.3912238 ], [ 141.188209200000017, 41.3912235 ], [ 141.18823943000001, 41.39121981 ], [ 141.188274920000026, 41.39121439 ], [ 141.188285550000018, 41.39121165 ], [ 141.18830047, 41.39120675 ], [ 141.18832995, 41.39119549 ], [ 141.188348070000018, 41.39118723 ], [ 141.188362970000014, 41.391179 ], [ 141.188374770000024, 41.39117086 ], [ 141.18839288, 41.39115882 ], [ 141.18842519, 41.39113972 ], [ 141.188437920000013, 41.39113068 ], [ 141.18844852, 41.39112146 ], [ 141.18847245, 41.39110275 ], [ 141.18848459000003, 41.39109118 ], [ 141.18850158, 41.39107223 ], [ 141.188523920000023, 41.39104504 ], [ 141.188531270000027, 41.39103404 ], [ 141.18853458000001, 41.39102575 ], [ 141.188535250000029, 41.39101836 ], [ 141.188533670000027, 41.39101377 ], [ 141.188530050000026, 41.39100919 ], [ 141.18851673, 41.39099878 ], [ 141.188509030000034, 41.39098908 ], [ 141.18850082, 41.39097533 ], [ 141.188489690000011, 41.3909515 ], [ 141.18848459000003, 41.39093729 ], [ 141.188481530000018, 41.39092451 ], [ 141.18847904, 41.39090778 ], [ 141.188477830000011, 41.39088319 ], [ 141.18847686, 41.39088086 ], [ 141.18847614, 41.39087887 ], [ 141.188472170000011, 41.39087547 ], [ 141.188466160000019, 41.39086954 ], [ 141.188464340000024, 41.39086477 ], [ 141.188462870000023, 41.39085704 ], [ 141.188461820000015, 41.3908411 ], [ 141.188462360000017, 41.39082957 ], [ 141.188464360000012, 41.39082281 ], [ 141.188463620000022, 41.39081993 ], [ 141.188461570000015, 41.39081678 ], [ 141.188450620000026, 41.39080565 ], [ 141.188447600000018, 41.39079999 ], [ 141.188444930000031, 41.39079108 ], [ 141.188441590000025, 41.39077317 ], [ 141.18844131, 41.39076345 ], [ 141.18844271, 41.39075642 ], [ 141.18844625, 41.39074957 ], [ 141.188447540000027, 41.39074308 ], [ 141.188446670000019, 41.39073678 ], [ 141.18844217, 41.39072356 ], [ 141.188442620000018, 41.39071869 ], [ 141.188444980000014, 41.39071346 ], [ 141.188451040000018, 41.39070524 ], [ 141.18846328, 41.39069197 ], [ 141.188466840000018, 41.39068674 ], [ 141.188468850000021, 41.39068142 ], [ 141.1884693, 41.39067602 ], [ 141.188468050000012, 41.3906689 ], [ 141.18846503, 41.39066279 ], [ 141.18846224, 41.39065623 ], [ 141.18846066, 41.39064876 ], [ 141.18846145, 41.390642 ], [ 141.18846428, 41.39063326 ], [ 141.188469, 41.39062234 ], [ 141.18847634, 41.39060855 ], [ 141.18849293, 41.39058193 ], [ 141.18851441000001, 41.39055098 ], [ 141.188528900000023, 41.39053292 ], [ 141.18854328, 41.39051703 ], [ 141.18855947000003, 41.39050195 ], [ 141.18858018, 41.39048594 ], [ 141.188605320000022, 41.39046902 ], [ 141.18864406, 41.39044522 ], [ 141.188674930000019, 41.39042757 ], [ 141.188691620000014, 41.39041923 ], [ 141.1887069, 41.39041359 ], [ 141.18872099, 41.39041059 ], [ 141.188733900000017, 41.39040964 ], [ 141.18875745, 41.3904074 ], [ 141.18877297, 41.39040457 ], [ 141.188782050000015, 41.39040166 ], [ 141.188790160000025, 41.39039786 ], [ 141.188813400000015, 41.39038454 ], [ 141.1888208, 41.39038191 ], [ 141.18883023, 41.39038026 ], [ 141.18884793, 41.39037931 ], [ 141.188859880000024, 41.39037792 ], [ 141.188871230000018, 41.39037545 ], [ 141.188887460000018, 41.39037009 ], [ 141.18890285, 41.39036311 ], [ 141.188927650000011, 41.3903497 ], [ 141.18894733, 41.39034055 ], [ 141.188956040000022, 41.39033809 ], [ 141.18896381, 41.39033743 ], [ 141.18897064, 41.39033786 ], [ 141.18897924, 41.3903373 ], [ 141.188994510000015, 41.39033311 ], [ 141.189007780000026, 41.39033108 ], [ 141.18901496, 41.39033133 ], [ 141.18901987000001, 41.39033267 ], [ 141.189025250000014, 41.39033319 ], [ 141.189032060000017, 41.39033263 ], [ 141.189046510000026, 41.39032952 ], [ 141.18906431000002, 41.39032415 ], [ 141.189081720000019, 41.39031708 ], [ 141.189090790000023, 41.39031435 ], [ 141.189099160000012, 41.39031297 ], [ 141.189116370000022, 41.39031184 ], [ 141.189121140000026, 41.3903103 ], [ 141.1891252, 41.39030758 ], [ 141.189141730000017, 41.3902906 ], [ 141.189148640000013, 41.39028598 ], [ 141.189153160000018, 41.39028444 ], [ 141.189159860000018, 41.39028361 ], [ 141.18917206, 41.39028339 ], [ 141.18917887, 41.39028211 ], [ 141.18918496, 41.39027957 ], [ 141.189197120000017, 41.39027512 ], [ 141.189215030000014, 41.39027128 ], [ 141.18922387, 41.39026801 ], [ 141.18923293, 41.39026313 ], [ 141.189253770000022, 41.39024847 ], [ 141.189292490000014, 41.39022223 ], [ 141.18933099, 41.3901978 ], [ 141.1893503, 41.39018712 ], [ 141.18935327, 41.39018413 ], [ 141.189357420000022, 41.39017773 ], [ 141.189363140000012, 41.39017249 ], [ 141.189372060000011, 41.39016652 ], [ 141.189396860000016, 41.39015276 ], [ 141.18941485, 41.39014054 ], [ 141.189431760000019, 41.39012671 ], [ 141.18944746, 41.39011118 ], [ 141.18947717, 41.39007867 ], [ 141.18948266000001, 41.3900746 ], [ 141.18948838, 41.39007169 ], [ 141.189499829999988, 41.39006752 ], [ 141.189504470000031, 41.39006453 ], [ 141.189513050000016, 41.39005668 ], [ 141.1895227, 41.39004989 ], [ 141.189537480000013, 41.39004174 ], [ 141.18955108, 41.39003621 ], [ 141.18955549, 41.39003331 ], [ 141.189560960000023, 41.39002753 ], [ 141.189564750000017, 41.39002122 ], [ 141.18956663000003, 41.39001481 ], [ 141.189569710000029, 41.3900104 ], [ 141.189575900000023, 41.39000578 ], [ 141.189600580000018, 41.38999283 ], [ 141.18961632, 41.38998269 ], [ 141.1896461, 41.38996153 ], [ 141.18965645, 41.38995268 ], [ 141.18967, 41.38993895 ], [ 141.18968773, 41.38992223 ], [ 141.189692720000011, 41.389916 ], [ 141.189698990000011, 41.38990464 ], [ 141.18970646, 41.38989183 ], [ 141.18971215000002, 41.38988442 ], [ 141.19028463, 41.39015802 ], [ 141.190315280000021, 41.39012145 ], [ 141.18973023, 41.38984385 ], [ 141.189779460000011, 41.38973847 ], [ 141.189828690000013, 41.3896331 ], [ 141.191243800000024, 41.39029831 ], [ 141.191666670000018, 41.39000985 ], [ 141.19205912000001, 41.38974214 ], [ 141.192584710000034, 41.38938355 ], [ 141.1925918, 41.38939164 ], [ 141.193105770000017, 41.38916004 ], [ 141.1930552, 41.38909645 ], [ 141.19252608, 41.38933511 ], [ 141.19205864, 41.38965471 ], [ 141.191666670000018, 41.38992265 ], [ 141.19121235, 41.39023321 ], [ 141.189863410000015, 41.3895985 ], [ 141.18982743, 41.38957943 ], [ 141.19029837, 41.38926019 ], [ 141.19037825, 41.38932712 ], [ 141.19117677, 41.38878191 ], [ 141.191666670000018, 41.38918877 ], [ 141.191904940000029, 41.38938667 ], [ 141.19196521, 41.38934424 ], [ 141.191666670000018, 41.3890966 ], [ 141.19143549, 41.38890483 ], [ 141.19143821000003, 41.38890168 ], [ 141.191450920000023, 41.38888461 ], [ 141.191458610000012, 41.38887144 ], [ 141.19146563000001, 41.38886467 ], [ 141.19147576, 41.38885734 ], [ 141.191503760000018, 41.38884032 ], [ 141.19152258, 41.38882721 ], [ 141.19154079, 41.38881257 ], [ 141.191558290000017, 41.38879657 ], [ 141.19157481000002, 41.38877951 ], [ 141.191590260000027, 41.38876135 ], [ 141.191600470000026, 41.38874736 ], [ 141.191609, 41.3887332 ], [ 141.191615730000024, 41.38871877 ], [ 141.191625160000029, 41.38869434 ], [ 141.191634380000011, 41.38867441 ], [ 141.19164824, 41.38864924 ], [ 141.19166542, 41.38862172 ], [ 141.191666670000018, 41.38861994 ], [ 141.191686070000031, 41.38859213 ], [ 141.19169198000003, 41.38858121 ], [ 141.191694450000028, 41.38857283 ], [ 141.19169847, 41.38854265 ], [ 141.191701040000027, 41.38853264 ], [ 141.191705540000015, 41.38852344 ], [ 141.19171219, 41.38851504 ], [ 141.19172052, 41.38850746 ], [ 141.19174909, 41.38848486 ], [ 141.19175372, 41.38847872 ], [ 141.19175798, 41.38847096 ], [ 141.191765770000018, 41.38845275 ], [ 141.191770640000016, 41.38844598 ], [ 141.191776230000016, 41.38844128 ], [ 141.191786370000017, 41.38843603 ], [ 141.191791610000024, 41.38843169 ], [ 141.191796120000021, 41.38842618 ], [ 141.191802630000012, 41.38841481 ], [ 141.191810820000029, 41.38840371 ], [ 141.191820800000016, 41.38839314 ], [ 141.191832230000017, 41.3883833 ], [ 141.19184772, 41.38837226 ], [ 141.191882140000018, 41.38834829 ], [ 141.19196969, 41.38828696 ], [ 141.19197553, 41.3882819 ], [ 141.19198026, 41.38827522 ], [ 141.19198384, 41.38827296 ], [ 141.191997090000029, 41.38826877 ], [ 141.19200555, 41.38826299 ], [ 141.192023410000019, 41.38824906 ], [ 141.192050780000017, 41.38822638 ], [ 141.19206257, 41.38821661 ], [ 141.192087430000015, 41.38819439 ], [ 141.192117650000029, 41.3881653 ], [ 141.192168560000027, 41.38811651 ], [ 141.19218712, 41.38810051 ], [ 141.19220668, 41.38809181 ], [ 141.192212520000027, 41.38808792 ], [ 141.192213830000014, 41.38808531 ], [ 141.192213090000024, 41.38808152 ], [ 141.19221031, 41.38807631 ], [ 141.19220489, 41.3880711 ], [ 141.19219109, 41.3880607 ], [ 141.192178830000017, 41.38804958 ], [ 141.192165360000018, 41.38803494 ], [ 141.19215885, 41.38802551 ], [ 141.192154250000016, 41.38801597 ], [ 141.19215169, 41.38800625 ], [ 141.192151270000011, 41.38799617 ], [ 141.192152890000017, 41.38798545 ], [ 141.192156540000013, 41.38797391 ], [ 141.192162440000033, 41.38796165 ], [ 141.192173330000031, 41.38794252 ], [ 141.192185320000021, 41.38792421 ], [ 141.192190760000017, 41.38791491 ], [ 141.192195490000017, 41.3879031 ], [ 141.19220253, 41.38787922 ], [ 141.19220783, 41.3878665 ], [ 141.192214340000021, 41.38785523 ], [ 141.192219900000026, 41.38784233 ], [ 141.192223180000013, 41.38783061 ], [ 141.19222432, 41.38781953 ], [ 141.19222331, 41.38780927 ], [ 141.19222384, 41.38779865 ], [ 141.19222629, 41.38778756 ], [ 141.19224086, 41.38773925 ], [ 141.192245930000013, 41.38772708 ], [ 141.19224638, 41.38772303 ], [ 141.192245380000031, 41.38771393 ], [ 141.19224546, 41.38770772 ], [ 141.192247470000012, 41.38770231 ], [ 141.192253990000012, 41.38769338 ], [ 141.19225624, 41.38768796 ], [ 141.192260090000019, 41.38767031 ], [ 141.192264350000016, 41.38766147 ], [ 141.192271580000011, 41.38765064 ], [ 141.192276780000014, 41.38764116 ], [ 141.19227996, 41.38763116 ], [ 141.19228249, 41.38761404 ], [ 141.19228695000001, 41.387598 ], [ 141.1922959, 41.38757276 ], [ 141.192304400000012, 41.38755319 ], [ 141.19231328, 41.38753641 ], [ 141.192329990000019, 41.38751024 ], [ 141.19233745, 41.38749582 ], [ 141.19234169, 41.38748356 ], [ 141.192346, 41.3874649 ], [ 141.192349050000018, 41.38745472 ], [ 141.192353540000028, 41.38744462 ], [ 141.192359700000026, 41.38743469 ], [ 141.19237668, 41.38741213 ], [ 141.192388180000023, 41.38739435 ], [ 141.192397060000019, 41.38737649 ], [ 141.192404600000032, 41.3873572 ], [ 141.192410620000032, 41.38734296 ], [ 141.19241926, 41.38732717 ], [ 141.19243029, 41.38730994 ], [ 141.192442750000026, 41.38729341 ], [ 141.192456170000014, 41.38727833 ], [ 141.19247604, 41.38725892 ], [ 141.192486620000011, 41.38724664 ], [ 141.1924942, 41.38723499 ], [ 141.19249896, 41.38723048 ], [ 141.192506940000015, 41.38722551 ], [ 141.192511820000021, 41.38722098 ], [ 141.192517160000023, 41.38721349 ], [ 141.192525940000024, 41.38720149 ], [ 141.19254056, 41.38718397 ], [ 141.192550540000013, 41.38717458 ], [ 141.192557460000017, 41.38716978 ], [ 141.19256316000002, 41.38716526 ], [ 141.192566960000022, 41.38715967 ], [ 141.19257074, 41.38715047 ], [ 141.192576800000012, 41.38714208 ], [ 141.192587020000019, 41.38713115 ], [ 141.192606520000027, 41.38711281 ], [ 141.192639010000022, 41.38708479 ], [ 141.1926708, 41.38705966 ], [ 141.192688780000026, 41.38704718 ], [ 141.192702970000028, 41.38703912 ], [ 141.19271824, 41.38703277 ], [ 141.19273506, 41.38702425 ], [ 141.192767950000018, 41.3870055 ], [ 141.192795140000015, 41.38699083 ], [ 141.192812310000022, 41.38698313 ], [ 141.192824460000026, 41.38697669 ], [ 141.192831610000013, 41.38697136 ], [ 141.192836480000011, 41.38696585 ], [ 141.192839330000027, 41.3869599 ], [ 141.192842050000024, 41.3869562 ], [ 141.19284812, 41.38695105 ], [ 141.192859560000016, 41.38694417 ], [ 141.19287589000001, 41.38693385 ], [ 141.19288839, 41.38692427 ], [ 141.192895990000011, 41.3869165 ], [ 141.192902170000025, 41.38690757 ], [ 141.19290799, 41.38690142 ], [ 141.192916930000024, 41.38689473 ], [ 141.192923940000014, 41.38688831 ], [ 141.19292988, 41.3868828 ], [ 141.192953220000021, 41.386864 ], [ 141.1929718, 41.38685034 ], [ 141.192992050000015, 41.38683714 ], [ 141.193019470000024, 41.38682102 ], [ 141.193040310000015, 41.38680745 ], [ 141.193059480000016, 41.38679307 ], [ 141.193092220000011, 41.38676632 ], [ 141.19313377, 41.38673377 ], [ 141.19316462, 41.38671205 ], [ 141.19319988, 41.38668907 ], [ 141.193228730000016, 41.38667178 ], [ 141.193256980000029, 41.3866563 ], [ 141.193290840000031, 41.38663917 ], [ 141.193332810000015, 41.38661698 ], [ 141.19335999, 41.38660123 ], [ 141.19338285, 41.38658621 ], [ 141.193419550000016, 41.38655988 ], [ 141.193450750000011, 41.38653854 ], [ 141.193482210000013, 41.38651881 ], [ 141.19353726, 41.38648649 ], [ 141.193589, 41.38645778 ], [ 141.19362824000001, 41.38643785 ], [ 141.193664250000012, 41.38642134 ], [ 141.19369634, 41.38640792 ], [ 141.19371376, 41.38640057 ], [ 141.193739640000018, 41.38638842 ], [ 141.193777200000028, 41.38636949 ], [ 141.193784470000026, 41.38636586 ], [ 141.193852660000033, 41.38632963 ], [ 141.19388949, 41.38630943 ], [ 141.193923110000014, 41.38629095 ], [ 141.193970190000016, 41.38626361 ], [ 141.194013680000012, 41.38623655 ], [ 141.194054900000026, 41.38620896 ], [ 141.19408551, 41.38618626 ], [ 141.19409158000002, 41.38618138 ], [ 141.19411396000001, 41.38616312 ], [ 141.19415394, 41.38612805 ], [ 141.194181790000016, 41.38610581 ], [ 141.19421086, 41.38608456 ], [ 141.19423086, 41.38606946 ], [ 141.194237890000011, 41.38606413 ], [ 141.19426121, 41.38604415 ], [ 141.194276070000029, 41.3860296 ], [ 141.19429581, 41.3860109 ], [ 141.194296650000013, 41.38601018 ], [ 141.19431724, 41.3859931 ], [ 141.194340340000025, 41.38597628 ], [ 141.194360830000022, 41.38596288 ], [ 141.19436703, 41.38595953 ], [ 141.194377170000024, 41.38595401 ], [ 141.19439184, 41.38594784 ], [ 141.19441556000001, 41.38593533 ], [ 141.19446933, 41.38590482 ], [ 141.194583490000014, 41.38583774 ], [ 141.194756190000021, 41.38573733 ], [ 141.19479873, 41.38571099 ], [ 141.194801480000024, 41.38570927 ], [ 141.19484140000003, 41.38568511 ], [ 141.19490314, 41.38564934 ], [ 141.194917430000032, 41.3856411 ], [ 141.194977500000022, 41.38560579 ], [ 141.195040550000016, 41.38556714 ], [ 141.195122520000012, 41.38551511 ], [ 141.195187090000019, 41.38547538 ], [ 141.19524991000003, 41.38543861 ], [ 141.195369100000022, 41.38537115 ], [ 141.195404140000022, 41.38535123 ], [ 141.19545134, 41.38532452 ], [ 141.1957045, 41.38517938 ], [ 141.195790790000018, 41.38513066 ], [ 141.195841450000017, 41.38510331 ], [ 141.19591108, 41.38517314 ], [ 141.19601154, 41.38511573 ], [ 141.19595564, 41.38505972 ], [ 141.19595611, 41.38505936 ], [ 141.19599027000001, 41.38503016 ], [ 141.196027290000018, 41.3850006 ], [ 141.19606694, 41.38497076 ], [ 141.19611088000002, 41.38493974 ], [ 141.196161980000028, 41.38490553 ], [ 141.196220380000028, 41.38486825 ], [ 141.196312480000017, 41.38481141 ], [ 141.19641292, 41.38474815 ], [ 141.196419710000015, 41.38474371 ], [ 141.196472130000018, 41.38470978 ], [ 141.196487150000024, 41.38470001 ], [ 141.19653717, 41.38466572 ], [ 141.19658659000001, 41.38463036 ], [ 141.19666375, 41.38457275 ], [ 141.196723890000015, 41.38452961 ], [ 141.196787850000021, 41.38448555 ], [ 141.196855160000013, 41.38444104 ], [ 141.196895070000011, 41.38441614 ], [ 141.196912130000015, 41.38440691 ], [ 141.19691916, 41.38440454 ], [ 141.19695009, 41.38439688 ], [ 141.19695689, 41.38439434 ], [ 141.196969790000026, 41.38439286 ], [ 141.197193840000011, 41.38423987 ], [ 141.197247410000017, 41.38419775 ], [ 141.19728741, 41.38416655 ], [ 141.197343610000019, 41.38412252 ], [ 141.197363490000015, 41.3841085 ], [ 141.197415650000011, 41.38407286 ], [ 141.197458880000028, 41.3840421 ], [ 141.197493660000021, 41.38401524 ], [ 141.197549120000019, 41.38397004 ], [ 141.19756734, 41.38395756 ], [ 141.19758034, 41.38395032 ], [ 141.197591790000018, 41.38394559 ], [ 141.197599310000015, 41.38394368 ], [ 141.197608270000018, 41.38394312 ], [ 141.197625720000019, 41.38394198 ], [ 141.19763874, 41.38393978 ], [ 141.19764853, 41.38393687 ], [ 141.19765616, 41.38393278 ], [ 141.19766687, 41.38392501 ], [ 141.197678530000019, 41.38391488 ], [ 141.19768163, 41.38391208 ], [ 141.197700890000021, 41.38389285 ], [ 141.19772502, 41.38386629 ], [ 141.197748890000014, 41.38383759 ], [ 141.197762900000015, 41.38382178 ], [ 141.197783720000018, 41.383801 ], [ 141.197808940000016, 41.38377814 ], [ 141.197838690000026, 41.38375319 ], [ 141.197879520000015, 41.38372092 ], [ 141.19793476000001, 41.38367923 ], [ 141.198007640000014, 41.38362623 ], [ 141.1980586, 41.3835886 ], [ 141.19810825, 41.38355018 ], [ 141.198156330000018, 41.38351095 ], [ 141.19821833, 41.38345807 ], [ 141.19822357000001, 41.38345373 ], [ 141.198357870000024, 41.38335376 ], [ 141.198385300000012, 41.38333333 ], [ 141.198492180000017, 41.38325377 ], [ 141.198501710000016, 41.38324699 ], [ 141.19853304, 41.38322546 ], [ 141.1985558, 41.38321152 ], [ 141.19859179, 41.38319178 ], [ 141.198612880000013, 41.38317866 ], [ 141.19862980000002, 41.38316878 ], [ 141.198651620000021, 41.38315791 ], [ 141.19866271, 41.38315175 ], [ 141.19867735, 41.38314171 ], [ 141.198693420000012, 41.38312887 ], [ 141.198713880000014, 41.38311016 ], [ 141.198736250000024, 41.3830902 ], [ 141.1987603, 41.38307058 ], [ 141.198786250000012, 41.38305132 ], [ 141.19887211, 41.38299062 ], [ 141.198900950000024, 41.38297162 ], [ 141.19893145, 41.38295315 ], [ 141.198959820000027, 41.38293775 ], [ 141.1989969, 41.38291935 ], [ 141.199066640000012, 41.38288419 ], [ 141.19910611, 41.38286551 ], [ 141.19916003000003, 41.38284158 ], [ 141.19923241, 41.3828092 ], [ 141.199311360000024, 41.38277248 ], [ 141.199376710000024, 41.38274039 ], [ 141.199491870000031, 41.38268186 ], [ 141.199529790000014, 41.38266417 ], [ 141.199555910000015, 41.38265337 ], [ 141.199592310000014, 41.38264065 ], [ 141.19961462, 41.38263158 ], [ 141.19963381, 41.38262223 ], [ 141.19964633, 41.38261472 ], [ 141.199656910000016, 41.38260631 ], [ 141.199665840000023, 41.3825971 ], [ 141.199676160000024, 41.3825832 ], [ 141.19968305, 41.38257633 ], [ 141.19969663, 41.3825654 ], [ 141.19971497, 41.38255228 ], [ 141.19974486000001, 41.38253292 ], [ 141.199782520000014, 41.38251019 ], [ 141.199848620000012, 41.38246513 ], [ 141.199910570000014, 41.38242451 ], [ 141.199968470000016, 41.38238831 ], [ 141.2, 41.38236958 ], [ 141.200031270000011, 41.382351 ], [ 141.20007966, 41.38232393 ], [ 141.200114110000015, 41.38230625 ], [ 141.2001377, 41.38229295 ], [ 141.200149260000018, 41.38228507 ], [ 141.20016712, 41.38227024 ], [ 141.20018224, 41.38226084 ], [ 141.200215140000012, 41.38224227 ], [ 141.20023756, 41.3822313 ], [ 141.20027787, 41.38221352 ], [ 141.20035931000001, 41.38217616 ], [ 141.20038532, 41.38216572 ], [ 141.20040645, 41.3821589 ], [ 141.200458380000015, 41.38214505 ], [ 141.200468880000017, 41.38214132 ], [ 141.20047949, 41.38213607 ], [ 141.200490340000016, 41.38212928 ], [ 141.20050914, 41.38211508 ], [ 141.200528330000026, 41.38210268 ], [ 141.20055169, 41.38208973 ], [ 141.200579590000018, 41.38207604 ], [ 141.200621800000022, 41.38205709 ], [ 141.20069372, 41.38202669 ], [ 141.200723540000013, 41.38201309 ], [ 141.200750610000028, 41.3819995 ], [ 141.200775030000017, 41.38198573 ], [ 141.200819, 41.38195867 ], [ 141.20083938, 41.38194735 ], [ 141.20085608, 41.38194009 ], [ 141.20099313, 41.38188247 ], [ 141.201020820000025, 41.38187203 ], [ 141.201024030000013, 41.38187085 ], [ 141.201041450000019, 41.38186557 ], [ 141.20105399000002, 41.38186328 ], [ 141.201074560000023, 41.38186294 ], [ 141.20111424000001, 41.38186128 ], [ 141.20112978, 41.38185952 ], [ 141.2011434, 41.3818566 ], [ 141.20115485, 41.3818525 ], [ 141.2011645, 41.38184725 ], [ 141.201169740000012, 41.38184301 ], [ 141.20117425, 41.38183804 ], [ 141.20117922, 41.38182947 ], [ 141.201182280000012, 41.38181946 ], [ 141.201183660000027, 41.3818082 ], [ 141.20118449, 41.38178649 ], [ 141.201183770000029, 41.38176641 ], [ 141.201184550000022, 41.38175705 ], [ 141.201184790000013, 41.38175516 ], [ 141.20118702000002, 41.38174831 ], [ 141.201190570000023, 41.38174271 ], [ 141.201196760000016, 41.38173675 ], [ 141.201207470000014, 41.38172843 ], [ 141.20122236, 41.38171857 ], [ 141.201411980000017, 41.38159072 ], [ 141.201515910000012, 41.38153456 ], [ 141.201535380000024, 41.38153071 ], [ 141.20155043, 41.38152652 ], [ 141.20157608, 41.38151708 ], [ 141.20158885, 41.38151181 ], [ 141.201607200000012, 41.38150167 ], [ 141.201637940000012, 41.38148275 ], [ 141.20166211, 41.38146629 ], [ 141.20169188, 41.38144404 ], [ 141.20171117000001, 41.38143047 ], [ 141.201729880000016, 41.38141969 ], [ 141.201743240000013, 41.38141335 ], [ 141.201756370000027, 41.38140862 ], [ 141.20176914000001, 41.3814057 ], [ 141.20178157, 41.38140458 ], [ 141.201786710000022, 41.38140493 ], [ 141.201793760000015, 41.38140535 ], [ 141.20184414000002, 41.38141258 ], [ 141.201863050000014, 41.38141431 ], [ 141.201873920000025, 41.3814141 ], [ 141.201886230000014, 41.38141217 ], [ 141.201897090000017, 41.38140934 ], [ 141.201904720000016, 41.38140518 ], [ 141.20191341, 41.38139867 ], [ 141.201917330000015, 41.38139307 ], [ 141.201919560000022, 41.38138604 ], [ 141.201919870000012, 41.38137758 ], [ 141.20191861, 41.38136776 ], [ 141.201916110000013, 41.38134787 ], [ 141.201915690000021, 41.38133697 ], [ 141.20191541, 41.38132905 ], [ 141.201916430000011, 41.38132014 ], [ 141.201919010000012, 41.38131148 ], [ 141.201922920000015, 41.38130318 ], [ 141.20192848, 41.38129515 ], [ 141.20193336, 41.38129027 ], [ 141.20193943000001, 41.38128575 ], [ 141.20195075, 41.38127978 ], [ 141.20196472, 41.38127468 ], [ 141.201981190000026, 41.38127031 ], [ 141.20199838000002, 41.38126467 ], [ 141.20201603000001, 41.38125731 ], [ 141.202034030000021, 41.38124825 ], [ 141.202075980000018, 41.38122462 ], [ 141.20210376, 41.38121085 ], [ 141.20212451, 41.38120214 ], [ 141.202138960000013, 41.38119759 ], [ 141.202152220000016, 41.38119484 ], [ 141.202164400000015, 41.3811939 ], [ 141.20217086, 41.38119423 ], [ 141.202179950000016, 41.38119466 ], [ 141.20222611, 41.38119649 ], [ 141.20224188, 41.38119563 ], [ 141.20225837000001, 41.38119296 ], [ 141.20227556, 41.3811885 ], [ 141.202293460000021, 41.38118214 ], [ 141.20231314, 41.38117334 ], [ 141.20233496, 41.38116148 ], [ 141.202359130000019, 41.38114672 ], [ 141.202394990000016, 41.38112274 ], [ 141.202425120000015, 41.38110356 ], [ 141.202458260000014, 41.38108418 ], [ 141.20249449, 41.38106443 ], [ 141.20254682, 41.38103779 ], [ 141.202653160000011, 41.38098269 ], [ 141.20285092, 41.38087787 ], [ 141.202897650000011, 41.3808545 ], [ 141.20292794, 41.38084089 ], [ 141.20295407, 41.38083054 ], [ 141.202976380000024, 41.38082317 ], [ 141.203003130000013, 41.38081588 ], [ 141.203026890000018, 41.38081104 ], [ 141.20306045, 41.3808066 ], [ 141.203074440000023, 41.38080359 ], [ 141.203084570000016, 41.38079987 ], [ 141.20308838, 41.38079733 ], [ 141.203091480000012, 41.38079399 ], [ 141.20309466, 41.38078722 ], [ 141.20309617, 41.38077858 ], [ 141.203096110000018, 41.38076804 ], [ 141.203093990000013, 41.38075328 ], [ 141.20308996, 41.38073807 ], [ 141.2030862, 41.38072755 ], [ 141.203080480000011, 41.38071145 ], [ 141.203078510000012, 41.38070128 ], [ 141.20307822, 41.38069209 ], [ 141.203079730000013, 41.38068371 ], [ 141.203082320000021, 41.38067822 ], [ 141.203086480000024, 41.38067252 ], [ 141.203092310000017, 41.38066675 ], [ 141.20310397, 41.38065788 ], [ 141.203119110000017, 41.38064874 ], [ 141.203143660000023, 41.38063587 ], [ 141.20316023, 41.38062861 ], [ 141.2031742, 41.38062389 ], [ 141.20318828, 41.38061835 ], [ 141.203197210000013, 41.38061346 ], [ 141.203211740000029, 41.38060332 ], [ 141.20323427, 41.3805893 ], [ 141.203251060000014, 41.38058014 ], [ 141.20326132, 41.38057597 ], [ 141.20326885, 41.38057441 ], [ 141.203315560000021, 41.38056896 ], [ 141.203330510000029, 41.38056819 ], [ 141.203345580000018, 41.3805685 ], [ 141.203360770000018, 41.38056998 ], [ 141.20337333, 41.38057174 ], [ 141.203398570000019, 41.38057544 ], [ 141.203424180000013, 41.38057806 ], [ 141.20343625000001, 41.38057811 ], [ 141.20344664000001, 41.38057709 ], [ 141.20345549000001, 41.38057481 ], [ 141.20346276, 41.38057172 ], [ 141.20346835, 41.38056783 ], [ 141.20347240000001, 41.38056323 ], [ 141.203474880000016, 41.38055764 ], [ 141.203475670000017, 41.38055097 ], [ 141.20347479, 41.38054322 ], [ 141.20347161, 41.38053099 ], [ 141.20346809, 41.38052173 ], [ 141.20346397, 41.38051103 ], [ 141.20346102000002, 41.38049852 ], [ 141.203458400000017, 41.38047898 ], [ 141.2034586, 41.38047061 ], [ 141.2034601, 41.38046241 ], [ 141.203463160000013, 41.38045439 ], [ 141.203467780000011, 41.38044654 ], [ 141.20347372, 41.38043887 ], [ 141.203485250000028, 41.38042767 ], [ 141.203499420000014, 41.38041618 ], [ 141.2035162, 41.38040424 ], [ 141.203542660000011, 41.38038777 ], [ 141.203585910000015, 41.38036331 ], [ 141.20363348, 41.38033804 ], [ 141.20365279, 41.38032915 ], [ 141.20367153, 41.38032251 ], [ 141.203689560000015, 41.38031814 ], [ 141.203701140000021, 41.38031657 ], [ 141.20371764, 41.38031543 ], [ 141.20373114, 41.38031359 ], [ 141.203741400000013, 41.38031095 ], [ 141.203748430000019, 41.38030741 ], [ 141.20375521, 41.38030117 ], [ 141.20376855, 41.38029005 ], [ 141.20380497, 41.38026257 ], [ 141.20383472, 41.38023869 ], [ 141.203843990000024, 41.38022966 ], [ 141.203851830000019, 41.38021973 ], [ 141.203858220000029, 41.3802089 ], [ 141.20386306, 41.38019718 ], [ 141.20386861, 41.38018555 ], [ 141.2038762, 41.38017445 ], [ 141.203885840000027, 41.38016406 ], [ 141.203897730000023, 41.38015439 ], [ 141.20390738, 41.38014814 ], [ 141.203919070000012, 41.38014216 ], [ 141.203932660000021, 41.38013644 ], [ 141.203957, 41.38012817 ], [ 141.20398577, 41.38012042 ], [ 141.204024810000021, 41.38011166 ], [ 141.204057780000028, 41.38010587 ], [ 141.204078460000034, 41.38010338 ], [ 141.204122790000014, 41.38010044 ], [ 141.204125300000015, 41.38010016 ], [ 141.20415506, 41.3800971 ], [ 141.20416939, 41.38009444 ], [ 141.204179770000025, 41.38009107 ], [ 141.204185250000023, 41.38008799 ], [ 141.204190960000034, 41.38008276 ], [ 141.20419594, 41.38007598 ], [ 141.204201500000011, 41.38006516 ], [ 141.20420872, 41.38005235 ], [ 141.20421074, 41.38004928 ], [ 141.204226850000026, 41.38002429 ], [ 141.204256500000014, 41.37998168 ], [ 141.20427774, 41.3799537 ], [ 141.20428654, 41.37994449 ], [ 141.204295460000026, 41.37993717 ], [ 141.204304760000014, 41.37993164 ], [ 141.20433087, 41.37992013 ], [ 141.20436306000002, 41.3799039 ], [ 141.204380950000029, 41.3798961 ], [ 141.20439837, 41.37988992 ], [ 141.20441245, 41.37988618 ], [ 141.20442655, 41.37988379 ], [ 141.204440760000011, 41.37988258 ], [ 141.20446684, 41.37988187 ], [ 141.204512500000021, 41.37988244 ], [ 141.20453606, 41.37988155 ], [ 141.204546680000021, 41.37987971 ], [ 141.204554920000021, 41.37987663 ], [ 141.204559680000017, 41.37987328 ], [ 141.204562650000014, 41.3798694 ], [ 141.20456665, 41.37986074 ], [ 141.20457042000001, 41.37984884 ], [ 141.20457485, 41.37982839 ], [ 141.20458012, 41.37980829 ], [ 141.204586590000019, 41.37979017 ], [ 141.20459427, 41.37977394 ], [ 141.204604680000017, 41.37975724 ], [ 141.20461821, 41.37973946 ], [ 141.20463497, 41.37972068 ], [ 141.204650070000014, 41.37970649 ], [ 141.20466733, 41.37969275 ], [ 141.20468686000001, 41.37967917 ], [ 141.204708660000023, 41.37966604 ], [ 141.20472464, 41.37965825 ], [ 141.204741930000012, 41.37965144 ], [ 141.204760310000012, 41.37964553 ], [ 141.20478001, 41.3796406 ], [ 141.204800910000017, 41.37963667 ], [ 141.20483341000002, 41.3796325 ], [ 141.20486269, 41.37963016 ], [ 141.20488839, 41.37962945 ], [ 141.204910510000019, 41.37963055 ], [ 141.20493468, 41.37963353 ], [ 141.20495453, 41.37963473 ], [ 141.20496685, 41.37963414 ], [ 141.204976760000022, 41.37963241 ], [ 141.20498713, 41.37962904 ], [ 141.204994530000022, 41.37962505 ], [ 141.204998210000014, 41.37962171 ], [ 141.205000700000028, 41.37961738 ], [ 141.205005770000014, 41.37960566 ], [ 141.205018, 41.37956996 ], [ 141.205029090000011, 41.37954273 ], [ 141.20504374, 41.37951134 ], [ 141.205053920000012, 41.3794942 ], [ 141.205065320000017, 41.3794794 ], [ 141.205077680000016, 41.37946675 ], [ 141.205091480000021, 41.37945599 ], [ 141.2051078, 41.37944549 ], [ 141.20512699, 41.37943507 ], [ 141.205148920000028, 41.37942464 ], [ 141.20517314, 41.37941457 ], [ 141.205196640000025, 41.3794063 ], [ 141.205219090000014, 41.37940002 ], [ 141.20524022, 41.37939562 ], [ 141.20526042, 41.37939313 ], [ 141.205300210000019, 41.37938976 ], [ 141.2053204, 41.3793887 ], [ 141.20534527, 41.37938754 ], [ 141.20536486, 41.37938568 ], [ 141.205378350000018, 41.37938302 ], [ 141.205384560000027, 41.37938021 ], [ 141.20538825, 41.37937714 ], [ 141.205394190000021, 41.37937018 ], [ 141.205400350000019, 41.37936034 ], [ 141.205406150000016, 41.37934898 ], [ 141.20540922, 41.37934303 ], [ 141.205417150000017, 41.37932887 ], [ 141.20542663, 41.37931469 ], [ 141.205437780000011, 41.37930061 ], [ 141.205454770000017, 41.3792821 ], [ 141.205472260000022, 41.37926574 ], [ 141.20548975, 41.37925182 ], [ 141.205506900000017, 41.37924041 ], [ 141.205520120000017, 41.37923029 ], [ 141.20552665, 41.37922342 ], [ 141.20553057, 41.3792172 ], [ 141.20553621, 41.37920214 ], [ 141.20554236000001, 41.37918987 ], [ 141.20554747, 41.37918428 ], [ 141.205554020000022, 41.37918002 ], [ 141.20556202, 41.37917685 ], [ 141.205574320000011, 41.37917356 ], [ 141.20559617, 41.37916953 ], [ 141.205610260000014, 41.37916561 ], [ 141.20563507, 41.37915706 ], [ 141.20566668, 41.37914463 ], [ 141.2057194, 41.37912258 ], [ 141.20575541, 41.37910607 ], [ 141.20577007, 41.37909729 ], [ 141.205782320000026, 41.3790877 ], [ 141.205792310000021, 41.37907732 ], [ 141.20580014, 41.37906604 ], [ 141.205813050000017, 41.37904393 ], [ 141.205829360000024, 41.379012 ], [ 141.20583765, 41.37899901 ], [ 141.205850840000011, 41.37898375 ], [ 141.205868790000011, 41.37896604 ], [ 141.20589139, 41.37894606 ], [ 141.20590769, 41.37893287 ], [ 141.205935470000014, 41.37891971 ], [ 141.205955510000024, 41.37891128 ], [ 141.205962670000019, 41.37890882 ], [ 141.20596781, 41.37890763 ], [ 141.205971630000022, 41.37890726 ], [ 141.20598597, 41.37890641 ], [ 141.206002830000017, 41.37890626 ], [ 141.206019570000024, 41.37890675 ], [ 141.20602747, 41.37890762 ], [ 141.206032240000013, 41.37890787 ], [ 141.20603667, 41.37890723 ], [ 141.20604132, 41.37890514 ], [ 141.20604799000003, 41.37890116 ], [ 141.20607062000002, 41.37888596 ], [ 141.206056070000017, 41.37887204 ], [ 141.206060480000019, 41.3788696 ], [ 141.206072300000017, 41.37886488 ], [ 141.20608544000001, 41.37886204 ], [ 141.20609977, 41.37886083 ], [ 141.206120930000026, 41.37886068 ], [ 141.20614556000001, 41.37886213 ], [ 141.20615154, 41.37886247 ], [ 141.206162300000017, 41.37886171 ], [ 141.20616826, 41.37885953 ], [ 141.206184470000011, 41.37885092 ], [ 141.20620747000001, 41.37883707 ], [ 141.206218550000017, 41.37882884 ], [ 141.20621961, 41.37882776 ], [ 141.20622484, 41.37882206 ], [ 141.206228970000012, 41.37881332 ], [ 141.20623785, 41.37879591 ], [ 141.20624354, 41.37878904 ], [ 141.20625092, 41.37878263 ], [ 141.206259609999989, 41.37877666 ], [ 141.20627056, 41.37876807 ], [ 141.206284590000024, 41.37875487 ], [ 141.206294470000017, 41.37874809 ], [ 141.206310450000018, 41.37874012 ], [ 141.20634873, 41.37872315 ], [ 141.206380570000022, 41.37870846 ], [ 141.206419660000023, 41.37868834 ], [ 141.206441610000013, 41.37867836 ], [ 141.206465940000015, 41.37866847 ], [ 141.206490520000017, 41.37865957 ], [ 141.20650938, 41.37865401 ], [ 141.20652204000001, 41.3786519 ], [ 141.206529800000027, 41.37865241 ], [ 141.206540690000026, 41.3786522 ], [ 141.206554900000015, 41.37865026 ], [ 141.206567210000031, 41.37864978 ], [ 141.20658038000002, 41.37865054 ], [ 141.20659151000001, 41.37865258 ], [ 141.20659785, 41.37865489 ], [ 141.206603730000012, 41.37865893 ], [ 141.206609260000022, 41.37866486 ], [ 141.206618910000032, 41.37867779 ], [ 141.20661951, 41.37867859 ], [ 141.206624550000015, 41.37868272 ], [ 141.206629470000024, 41.37868495 ], [ 141.20663725, 41.37868665 ], [ 141.20664573000002, 41.37868662 ], [ 141.20665064, 41.37868534 ], [ 141.206654570000012, 41.37868263 ], [ 141.20665741000002, 41.37867857 ], [ 141.20666047, 41.37867009 ], [ 141.206662310000013, 41.37865874 ], [ 141.20666227000001, 41.37865045 ], [ 141.20666202000001, 41.37864929 ], [ 141.206660660000011, 41.37864217 ], [ 141.206657510000014, 41.37863399 ], [ 141.206654940000021, 41.37862463 ], [ 141.206654640000011, 41.37861347 ], [ 141.206656360000011, 41.37860041 ], [ 141.20666047, 41.37858706 ], [ 141.20666721, 41.37857488 ], [ 141.206676470000019, 41.37856369 ], [ 141.20669064, 41.37855086 ], [ 141.206700270000027, 41.37854407 ], [ 141.20670791, 41.37854107 ], [ 141.206719360000022, 41.37853789 ], [ 141.206725080000012, 41.3785349 ], [ 141.20673044, 41.37852993 ], [ 141.20673531, 41.37852289 ], [ 141.206742170000012, 41.37851035 ], [ 141.206748300000015, 41.37849583 ], [ 141.20675327, 41.37848654 ], [ 141.206759920000025, 41.3784785 ], [ 141.206768, 41.37847172 ], [ 141.206776940000026, 41.37846602 ], [ 141.20678601, 41.37846149 ], [ 141.206795310000018, 41.37845795 ], [ 141.206804250000033, 41.37845558 ], [ 141.20681239000001, 41.37845465 ], [ 141.206823500000013, 41.37845524 ], [ 141.206830670000016, 41.37845505 ], [ 141.20683772000001, 41.37845349 ], [ 141.20684476, 41.37845086 ], [ 141.206853700000011, 41.37844578 ], [ 141.206860840000019, 41.37843972 ], [ 141.20687523, 41.37842716 ], [ 141.206891180000014, 41.3784146 ], [ 141.206903680000011, 41.37840708 ], [ 141.206917520000019, 41.37840073 ], [ 141.206932440000031, 41.378396 ], [ 141.20693996, 41.37839462 ], [ 141.206947730000024, 41.37839387 ], [ 141.206955500000021, 41.37839386 ], [ 141.2069634, 41.37839464 ], [ 141.20697883, 41.37839756 ], [ 141.206991760000022, 41.37840112 ], [ 141.207001960000014, 41.37840522 ], [ 141.20700975, 41.3784097 ], [ 141.20701827000002, 41.37841643 ], [ 141.207025370000025, 41.37842442 ], [ 141.20702957, 41.37842648 ], [ 141.207031970000031, 41.37842683 ], [ 141.207034470000025, 41.3784271 ], [ 141.20704034000002, 41.37842626 ], [ 141.20704773, 41.37842408 ], [ 141.207060970000015, 41.37841845 ], [ 141.207068240000012, 41.37841384 ], [ 141.20707311000001, 41.37840878 ], [ 141.207075230000015, 41.37840319 ], [ 141.2070741, 41.37839491 ], [ 141.20706949, 41.37838322 ], [ 141.207061630000027, 41.37836848 ], [ 141.20705159000002, 41.3783477 ], [ 141.20704759, 41.3783361 ], [ 141.20704623, 41.37832899 ], [ 141.207045620000031, 41.37832585 ], [ 141.20704544, 41.37831558 ], [ 141.20704717000001, 41.37830531 ], [ 141.20705082, 41.37829521 ], [ 141.207057100000014, 41.37828582 ], [ 141.207066250000025, 41.37827715 ], [ 141.207091850000012, 41.37825923 ], [ 141.20712401000003, 41.37823572 ], [ 141.207131870000012, 41.37823209 ], [ 141.207140950000024, 41.37823008 ], [ 141.20715589, 41.37822869 ], [ 141.20716484, 41.37822623 ], [ 141.207172830000019, 41.37822223 ], [ 141.207192960000015, 41.37820947 ], [ 141.20720262, 41.37820566 ], [ 141.207206320000012, 41.37820349 ], [ 141.207209400000011, 41.37820014 ], [ 141.207211880000017, 41.37819554 ], [ 141.2072152, 41.37819094 ], [ 141.20722032, 41.37818696 ], [ 141.20722712, 41.37818369 ], [ 141.207234880000016, 41.37818115 ], [ 141.20724324, 41.37817968 ], [ 141.207252080000018, 41.37817921 ], [ 141.207264510000016, 41.37817961 ], [ 141.207277200000021, 41.37818128 ], [ 141.2072851, 41.37818179 ], [ 141.20729226, 41.37818078 ], [ 141.207296430000014, 41.37817906 ], [ 141.20730025, 41.37817625 ], [ 141.207308680000011, 41.37816768 ], [ 141.207320700000025, 41.37815863 ], [ 141.20734965, 41.37813926 ], [ 141.2073555, 41.37813744 ], [ 141.20736231, 41.37813679 ], [ 141.207373190000027, 41.37813703 ], [ 141.207382390000021, 41.37813619 ], [ 141.207390620000012, 41.37813409 ], [ 141.207409, 41.37812781 ], [ 141.20741652000001, 41.37812608 ], [ 141.207423580000011, 41.37812569 ], [ 141.20743314, 41.37812666 ], [ 141.20744725, 41.37812733 ], [ 141.207454790000014, 41.37812632 ], [ 141.20746182000002, 41.37812377 ], [ 141.20746802, 41.37811979 ], [ 141.20747348, 41.37811437 ], [ 141.20749559, 41.37809178 ], [ 141.20751034, 41.37807814 ], [ 141.20751820000001, 41.37807235 ], [ 141.207526420000022, 41.37806737 ], [ 141.207535120000017, 41.37806311 ], [ 141.20754406, 41.37805975 ], [ 141.20756234000001, 41.37805501 ], [ 141.207586460000016, 41.3780506 ], [ 141.20760604, 41.37804892 ], [ 141.207615850000025, 41.37804736 ], [ 141.20762253, 41.378045 ], [ 141.20762658000001, 41.37804183 ], [ 141.20762894, 41.37803741 ], [ 141.20762986, 41.37803174 ], [ 141.207629470000029, 41.37802498 ], [ 141.20763014000002, 41.3780184 ], [ 141.20763226, 41.37801219 ], [ 141.207635940000017, 41.3780065 ], [ 141.207639140000026, 41.37800406 ], [ 141.2076432, 41.37800197 ], [ 141.207648330000012, 41.37800015 ], [ 141.20766147, 41.37799768 ], [ 141.20767724000001, 41.37799619 ], [ 141.207728270000018, 41.37799269 ], [ 141.20773759, 41.37799078 ], [ 141.207743670000013, 41.37798796 ], [ 141.207748550000019, 41.37798443 ], [ 141.2077558, 41.37797757 ], [ 141.2077811, 41.37794831 ], [ 141.20779145, 41.3779408 ], [ 141.207804580000015, 41.37793481 ], [ 141.20781997, 41.37793053 ], [ 141.207835140000014, 41.37792841 ], [ 141.20784973, 41.37792863 ], [ 141.20786361, 41.37793102 ], [ 141.207876060000018, 41.3779344 ], [ 141.207887200000016, 41.37793851 ], [ 141.207901, 41.37794558 ], [ 141.20791, 41.37795203 ], [ 141.207910840000011, 41.37795266 ], [ 141.20791997, 41.37796118 ], [ 141.207927650000016, 41.37796566 ], [ 141.207933640000022, 41.37796762 ], [ 141.207940340000022, 41.37796814 ], [ 141.20794774, 41.37796731 ], [ 141.207955500000025, 41.37796512 ], [ 141.2079617, 41.37796141 ], [ 141.20796621, 41.37795635 ], [ 141.207969170000013, 41.37794986 ], [ 141.20797091, 41.37794202 ], [ 141.207971570000012, 41.37793265 ], [ 141.207971250000014, 41.37791662 ], [ 141.207971250000014, 41.37791635 ], [ 141.2079718, 41.37788789 ], [ 141.20797389, 41.37787681 ], [ 141.20797765, 41.37786653 ], [ 141.207983220000017, 41.37785706 ], [ 141.2079875, 41.37785272 ], [ 141.207992610000019, 41.37784848 ], [ 141.2080062, 41.37784069 ], [ 141.208023740000016, 41.37783369 ], [ 141.208042940000013, 41.37782742 ], [ 141.208063110000012, 41.37782187 ], [ 141.208103110000025, 41.37781264 ], [ 141.208134030000025, 41.37780434 ], [ 141.20816075, 41.37779543 ], [ 141.20818032, 41.37778762 ], [ 141.20819248, 41.37778137 ], [ 141.208203670000017, 41.37777404 ], [ 141.208219390000011, 41.37776192 ], [ 141.20824153, 41.377746 ], [ 141.208253450000029, 41.3777393 ], [ 141.20826645, 41.37773448 ], [ 141.208280660000014, 41.37773164 ], [ 141.20829512, 41.37773042 ], [ 141.208309220000018, 41.37773002 ], [ 141.208316520000011, 41.37773045 ], [ 141.208333330000016, 41.37773131 ], [ 141.20833625, 41.37773146 ], [ 141.20834964, 41.37773114 ], [ 141.20836302, 41.37772967 ], [ 141.208375680000017, 41.37772683 ], [ 141.20838606, 41.37772221 ], [ 141.20839415, 41.37771569 ], [ 141.20840257, 41.37770441 ], [ 141.208407540000024, 41.37769431 ], [ 141.20840999, 41.37768521 ], [ 141.20841067, 41.37767989 ], [ 141.208411950000027, 41.37767106 ], [ 141.20841633, 41.37766475 ], [ 141.20842442, 41.3776576 ], [ 141.208435730000019, 41.37765009 ], [ 141.208447420000027, 41.3776451 ], [ 141.208459250000033, 41.37764281 ], [ 141.208470960000028, 41.37764305 ], [ 141.208492, 41.37764306 ], [ 141.208505270000018, 41.37764204 ], [ 141.208512070000012, 41.37764039 ], [ 141.208517310000019, 41.37763803 ], [ 141.20852672, 41.37763097 ], [ 141.2085754, 41.37759174 ], [ 141.20858825, 41.37758269 ], [ 141.20859625, 41.3775796 ], [ 141.20860414, 41.37757886 ], [ 141.20861598, 41.3775799 ], [ 141.208627690000014, 41.37757931 ], [ 141.20863556, 41.37757777 ], [ 141.208643320000022, 41.37757486 ], [ 141.20865095000002, 41.37757051 ], [ 141.208663450000017, 41.3775611 ], [ 141.20869486, 41.37753515 ], [ 141.208706650000011, 41.37752729 ], [ 141.20870843, 41.37752611 ], [ 141.20872108, 41.3775204 ], [ 141.20873266000001, 41.37751784 ], [ 141.208742700000016, 41.37751708 ], [ 141.208750950000024, 41.37751769 ], [ 141.208761840000022, 41.37752053 ], [ 141.208773090000022, 41.37752176 ], [ 141.20878804, 41.37752242 ], [ 141.208810520000014, 41.37752217 ], [ 141.20882294, 41.37752087 ], [ 141.208834630000013, 41.37751633 ], [ 141.20883856, 41.37751289 ], [ 141.208843770000016, 41.37750622 ], [ 141.20885361, 41.3774906 ], [ 141.208863310000027, 41.37747239 ], [ 141.20887464, 41.37744777 ], [ 141.208880920000013, 41.37743694 ], [ 141.20888424, 41.37743368 ], [ 141.20888996, 41.37743078 ], [ 141.208890210000021, 41.37743069 ], [ 141.20890416, 41.37742596 ], [ 141.20892171, 41.3774214 ], [ 141.208943200000022, 41.3774171 ], [ 141.208955140000029, 41.37741265 ], [ 141.208968850000019, 41.37740496 ], [ 141.208984570000013, 41.37739392 ], [ 141.209000030000027, 41.37738099 ], [ 141.20901477000001, 41.37736671 ], [ 141.209036280000021, 41.37734359 ], [ 141.20904497, 41.37733636 ], [ 141.20905460000003, 41.37732957 ], [ 141.209065330000016, 41.37732323 ], [ 141.20907702, 41.37731734 ], [ 141.209098720000014, 41.37730799 ], [ 141.209122200000024, 41.37729801 ], [ 141.20913318, 41.37729294 ], [ 141.20915202, 41.37728431 ], [ 141.209177520000026, 41.37727055 ], [ 141.20926499, 41.3772211 ], [ 141.209320050000031, 41.37719075 ], [ 141.20935438, 41.37717344 ], [ 141.209363900000028, 41.37716701 ], [ 141.209370090000021, 41.37716069 ], [ 141.209374940000032, 41.37715149 ], [ 141.209376930000019, 41.37714293 ], [ 141.20937665, 41.37713707 ], [ 141.209373590000013, 41.37712565 ], [ 141.20936802, 41.3771118 ], [ 141.209361240000021, 41.37709796 ], [ 141.20935664000001, 41.37708842 ], [ 141.209354680000018, 41.37707996 ], [ 141.20935438, 41.37707006 ], [ 141.209355640000012, 41.37705916 ], [ 141.209358330000015, 41.37704897 ], [ 141.20936258, 41.37703968 ], [ 141.209368510000019, 41.37703103 ], [ 141.209377180000018, 41.37702262 ], [ 141.209388500000017, 41.3770143 ], [ 141.20940219000002, 41.37700633 ], [ 141.209420560000012, 41.37699726 ], [ 141.20943929, 41.37699009 ], [ 141.209445710000011, 41.37698566 ], [ 141.2094501, 41.37698006 ], [ 141.20945329, 41.37697285 ], [ 141.209466830000025, 41.3769376 ], [ 141.20947396, 41.37692731 ], [ 141.20947824000001, 41.37692332 ], [ 141.209482880000024, 41.37691998 ], [ 141.209488120000032, 41.37691744 ], [ 141.2095004, 41.3769129 ], [ 141.20951521, 41.37690906 ], [ 141.209541240000021, 41.37690421 ], [ 141.20955652, 41.37690011 ], [ 141.20956904, 41.37689494 ], [ 141.20957929, 41.37688895 ], [ 141.209592040000018, 41.37687991 ], [ 141.209602390000015, 41.37687114 ], [ 141.20962415, 41.37685297 ], [ 141.209631060000021, 41.37684889 ], [ 141.20963691, 41.37684707 ], [ 141.209644810000015, 41.37684732 ], [ 141.20965066, 41.37684667 ], [ 141.209660320000012, 41.37684385 ], [ 141.209665930000028, 41.37684095 ], [ 141.20966997, 41.37683733 ], [ 141.209675660000016, 41.3768284 ], [ 141.20968018, 41.37682433 ], [ 141.209686130000023, 41.37682053 ], [ 141.209693660000028, 41.37681771 ], [ 141.209702970000023, 41.37681633 ], [ 141.20971947000001, 41.37681619 ], [ 141.20972831, 41.37681544 ], [ 141.20973451, 41.37681371 ], [ 141.209738690000023, 41.37681108 ], [ 141.209753090000021, 41.37679969 ], [ 141.2097594, 41.37679751 ], [ 141.209766710000025, 41.37679758 ], [ 141.20977855000001, 41.37680014 ], [ 141.20978524, 41.37679968 ], [ 141.20979073, 41.37679713 ], [ 141.20979608, 41.37679288 ], [ 141.209846670000019, 41.37675355 ], [ 141.2098494, 41.37675084 ], [ 141.209845200000018, 41.37674761 ], [ 141.20984429, 41.37673654 ], [ 141.209811630000019, 41.3767126 ], [ 141.20980241, 41.37670912 ], [ 141.20978611000001, 41.3766999 ], [ 141.209760180000018, 41.37668377 ], [ 141.20977145, 41.3766687 ], [ 141.20979183, 41.37663658 ], [ 141.209809450000023, 41.37660356 ], [ 141.20981394, 41.37659337 ], [ 141.20997058, 41.37648412 ], [ 141.21012722, 41.37637487 ], [ 141.21014048, 41.37637357 ], [ 141.21014704000001, 41.37637157 ], [ 141.210152530000016, 41.37636849 ], [ 141.210155250000014, 41.37636532 ], [ 141.210155120000024, 41.37636235 ], [ 141.210155820000011, 41.37635911 ], [ 141.21015914000003, 41.37635577 ], [ 141.210162850000017, 41.3763545 ], [ 141.21016774, 41.37635457 ], [ 141.21018031, 41.3763566 ], [ 141.210190480000023, 41.37635693 ], [ 141.21019931, 41.376356 ], [ 141.210211860000015, 41.37635352 ], [ 141.21023645, 41.37634714 ], [ 141.210251960000022, 41.37634195 ], [ 141.2102652, 41.37633615 ], [ 141.21028009, 41.37632755 ], [ 141.210286990000014, 41.37632204 ], [ 141.210287460000018, 41.37631987 ], [ 141.21028691, 41.37630843 ], [ 141.210288570000017, 41.37630555 ], [ 141.210292270000025, 41.37630392 ], [ 141.210302660000025, 41.37630217 ], [ 141.210316760000012, 41.37630149 ], [ 141.210333390000017, 41.37630207 ], [ 141.210346410000028, 41.37630212 ], [ 141.21035083000001, 41.37630111 ], [ 141.210357260000023, 41.37629622 ], [ 141.21037071, 41.37628763 ], [ 141.21037847, 41.3762849 ], [ 141.210382890000034, 41.37628462 ], [ 141.210388030000018, 41.37628343 ], [ 141.210390280000013, 41.37628162 ], [ 141.210391470000019, 41.37627919 ], [ 141.21039134, 41.37627613 ], [ 141.210388180000024, 41.37626839 ], [ 141.2103878, 41.37626425 ], [ 141.21038873, 41.3762602 ], [ 141.210393110000012, 41.3762527 ], [ 141.210397280000024, 41.37624837 ], [ 141.210401210000015, 41.37624647 ], [ 141.210406230000018, 41.37624573 ], [ 141.210417220000011, 41.37624569 ], [ 141.21042438, 41.37624459 ], [ 141.21042796, 41.3762426 ], [ 141.21043057, 41.37623979 ], [ 141.210434030000016, 41.37623816 ], [ 141.21044121, 41.37623814 ], [ 141.210454940000034, 41.37623648 ], [ 141.210466040000028, 41.37623374 ], [ 141.210474030000029, 41.37622993 ], [ 141.21048131, 41.37622649 ], [ 141.21048955, 41.37622457 ], [ 141.21051953, 41.37622078 ], [ 141.21053075, 41.37621813 ], [ 141.21054220000002, 41.37621323 ], [ 141.21055188, 41.37621149 ], [ 141.21056214, 41.37620857 ], [ 141.210574900000012, 41.37620385 ], [ 141.21058575, 41.37619805 ], [ 141.2105942, 41.37619189 ], [ 141.21060528000001, 41.37618475 ], [ 141.210612320000024, 41.37618229 ], [ 141.2106245, 41.37618009 ], [ 141.210632370000013, 41.37617745 ], [ 141.21064668, 41.37617074 ], [ 141.21065442, 41.37616568 ], [ 141.2106593, 41.37616061 ], [ 141.21066414, 41.3761506 ], [ 141.210670420000014, 41.3761405 ], [ 141.210676020000022, 41.37613678 ], [ 141.210684010000023, 41.37613469 ], [ 141.21069393, 41.37613412 ], [ 141.21070721000001, 41.3761347 ], [ 141.210724200000016, 41.37613753 ], [ 141.21073411, 41.37613704 ], [ 141.21074259, 41.37613522 ], [ 141.21074808, 41.37613249 ], [ 141.21075034, 41.37613006 ], [ 141.21075163, 41.3761269 ], [ 141.210752670000034, 41.37612113 ], [ 141.210755660000018, 41.37611851 ], [ 141.210761260000027, 41.37611723 ], [ 141.21077274000001, 41.3761172 ], [ 141.21078481, 41.37611806 ], [ 141.210795580000024, 41.37611875 ], [ 141.210812670000024, 41.37611841 ], [ 141.210821530000032, 41.37611938 ], [ 141.210830640000012, 41.37612268 ], [ 141.210849700000011, 41.37613387 ], [ 141.21086073, 41.37613888 ], [ 141.210878460000032, 41.37614477 ], [ 141.210891620000012, 41.37614733 ], [ 141.21089737, 41.37614713 ], [ 141.21090668, 41.37614504 ], [ 141.21091825, 41.37614104 ], [ 141.210929220000025, 41.37613614 ], [ 141.210938160000012, 41.3761307 ], [ 141.21094279, 41.37612646 ], [ 141.21094636, 41.37612159 ], [ 141.210951780000016, 41.37610941 ], [ 141.21095237, 41.37610823 ], [ 141.21096336, 41.37608668 ], [ 141.210967760000017, 41.3760809 ], [ 141.210973100000018, 41.37607539 ], [ 141.21097952, 41.37607014 ], [ 141.210987030000013, 41.37606517 ], [ 141.210995490000016, 41.37606046 ], [ 141.21101385, 41.3760514 ], [ 141.21106083, 41.37602989 ], [ 141.21107501, 41.37602202 ], [ 141.21108381, 41.37601478 ], [ 141.211088080000025, 41.3760082 ], [ 141.211092940000015, 41.37600232 ], [ 141.21109949, 41.37599717 ], [ 141.211113550000022, 41.37598857 ], [ 141.21111986, 41.37598305 ], [ 141.21112234, 41.37597891 ], [ 141.21112362, 41.37597368 ], [ 141.211124720000015, 41.37595711 ], [ 141.21112754, 41.3759471 ], [ 141.21113508000002, 41.37592889 ], [ 141.21114112, 41.37591779 ], [ 141.211144680000018, 41.37591463 ], [ 141.211149690000013, 41.37591155 ], [ 141.21115874, 41.37590765 ], [ 141.21116698000003, 41.37590546 ], [ 141.21117475, 41.37590444 ], [ 141.21119017, 41.37590413 ], [ 141.211209170000018, 41.37590262 ], [ 141.211242850000019, 41.37589882 ], [ 141.211256710000015, 41.37589616 ], [ 141.211261, 41.37589416 ], [ 141.211264810000017, 41.375891 ], [ 141.211270160000026, 41.37588396 ], [ 141.21128092, 41.37586493 ], [ 141.211296410000017, 41.37583524 ], [ 141.211298990000017, 41.37582704 ], [ 141.211301360000022, 41.37582298 ], [ 141.21130553, 41.37581946 ], [ 141.211309820000025, 41.37581782 ], [ 141.21131818, 41.37581662 ], [ 141.21132319, 41.37581526 ], [ 141.211327, 41.37581281 ], [ 141.21132997, 41.37580947 ], [ 141.211333900000028, 41.37580685 ], [ 141.21133916, 41.37580512 ], [ 141.21134597, 41.37580429 ], [ 141.21135899, 41.3758046 ], [ 141.211375270000019, 41.37580635 ], [ 141.21138554, 41.37580604 ], [ 141.211394500000011, 41.37580368 ], [ 141.211412140000022, 41.37579515 ], [ 141.211422280000022, 41.37579143 ], [ 141.21142921, 41.3757905 ], [ 141.21145109, 41.37579115 ], [ 141.21146567, 41.37579057 ], [ 141.211470320000018, 41.37578857 ], [ 141.211474010000018, 41.37578496 ], [ 141.21148195, 41.37577305 ], [ 141.211501760000033, 41.37574749 ], [ 141.21150756, 41.37573757 ], [ 141.211511240000021, 41.37573224 ], [ 141.21151599, 41.375728 ], [ 141.211521590000018, 41.37572474 ], [ 141.211528140000013, 41.37572031 ], [ 141.21153171, 41.37571615 ], [ 141.211534680000028, 41.37571371 ], [ 141.211539210000012, 41.37571171 ], [ 141.21154984, 41.37570897 ], [ 141.211584710000011, 41.3757022 ], [ 141.211597470000015, 41.37569801 ], [ 141.211601879999989, 41.37569548 ], [ 141.21160498, 41.37569259 ], [ 141.21160674, 41.37568943 ], [ 141.21160874, 41.37568348 ], [ 141.21161183000001, 41.37567797 ], [ 141.211616710000015, 41.37567481 ], [ 141.211629460000012, 41.37566603 ], [ 141.211651100000012, 41.37564849 ], [ 141.21165847, 41.3756409 ], [ 141.2116632, 41.37563143 ], [ 141.211669379999989, 41.37562376 ], [ 141.21167781, 41.37561526 ], [ 141.21168508, 41.37561137 ], [ 141.211693680000025, 41.37560972 ], [ 141.211716030000019, 41.37560911 ], [ 141.211727740000015, 41.37560735 ], [ 141.211737410000012, 41.37560381 ], [ 141.21174908, 41.3755981 ], [ 141.211761350000018, 41.37559077 ], [ 141.211770880000017, 41.37558371 ], [ 141.21177706, 41.37557721 ], [ 141.211780960000027, 41.37557107 ], [ 141.21179235, 41.37555438 ], [ 141.211794710000021, 41.37554896 ], [ 141.211795850000016, 41.37554068 ], [ 141.21179773, 41.37553545 ], [ 141.211802010000014, 41.37553084 ], [ 141.211808330000025, 41.37552677 ], [ 141.21181428, 41.37552233 ], [ 141.211818790000024, 41.37551746 ], [ 141.21182567, 41.37550717 ], [ 141.21183197000002, 41.37550139 ], [ 141.211837090000017, 41.37549858 ], [ 141.211843290000019, 41.3754964 ], [ 141.211854280000011, 41.37549438 ], [ 141.21186372, 41.3754939 ], [ 141.211870300000015, 41.37549459 ], [ 141.211873890000021, 41.37549413 ], [ 141.21187734, 41.37549223 ], [ 141.21189007000001, 41.37547977 ], [ 141.21189554, 41.37547587 ], [ 141.211903410000019, 41.37547206 ], [ 141.211913790000011, 41.37546834 ], [ 141.211925850000029, 41.37546541 ], [ 141.211938990000021, 41.37546394 ], [ 141.21195309, 41.37546388 ], [ 141.211971510000012, 41.37546509 ], [ 141.21198586, 41.3754672 ], [ 141.211990650000018, 41.3754671 ], [ 141.211994820000029, 41.37546555 ], [ 141.211998390000019, 41.37546239 ], [ 141.21200527000002, 41.37545282 ], [ 141.21201829, 41.37542981 ], [ 141.212032390000019, 41.37540851 ], [ 141.212032240000013, 41.37540437 ], [ 141.21203257, 41.37539771 ], [ 141.212035140000012, 41.37538617 ], [ 141.21203761000001, 41.37538257 ], [ 141.21204119, 41.37537967 ], [ 141.21205167, 41.37537414 ], [ 141.21205418, 41.37537152 ], [ 141.212057720000018, 41.37536377 ], [ 141.212061870000014, 41.37535835 ], [ 141.2120683, 41.37535383 ], [ 141.212074140000027, 41.37535156 ], [ 141.212081540000014, 41.37535009 ], [ 141.21210018, 41.3753484 ], [ 141.212108550000011, 41.37534694 ], [ 141.21211284, 41.37534477 ], [ 141.212120450000015, 41.37533952 ], [ 141.212129520000019, 41.37533579 ], [ 141.21214265, 41.37533206 ], [ 141.212159480000025, 41.3753285 ], [ 141.212177640000021, 41.37532627 ], [ 141.21219689, 41.37532531 ], [ 141.212224140000018, 41.37532558 ], [ 141.21224602, 41.37532505 ], [ 141.212253060000023, 41.37532305 ], [ 141.212259970000019, 41.37531889 ], [ 141.21228901, 41.37529826 ], [ 141.212303540000022, 41.37528641 ], [ 141.21231577, 41.37527404 ], [ 141.212334890000022, 41.3752503 ], [ 141.21234345000002, 41.37524252 ], [ 141.212351430000012, 41.37523772 ], [ 141.21236479, 41.37523228 ], [ 141.21238865, 41.37522436 ], [ 141.21239974, 41.37521973 ], [ 141.212406900000019, 41.375218 ], [ 141.21241576, 41.37521788 ], [ 141.212432980000017, 41.37521971 ], [ 141.21245188, 41.37522118 ], [ 141.212458690000034, 41.37522035 ], [ 141.212465490000028, 41.37521816 ], [ 141.212472400000024, 41.37521454 ], [ 141.212480610000028, 41.37520758 ], [ 141.212490230000014, 41.37519692 ], [ 141.212500910000017, 41.37518302 ], [ 141.212509080000018, 41.37517075 ], [ 141.21251381, 41.37516101 ], [ 141.212516960000016, 41.37514794 ], [ 141.212519790000016, 41.37514225 ], [ 141.212522890000031, 41.37513999 ], [ 141.21252791, 41.37513854 ], [ 141.21253866, 41.37513778 ], [ 141.212546190000012, 41.37513604 ], [ 141.21255358, 41.37513251 ], [ 141.212565950000027, 41.37512436 ], [ 141.212571450000013, 41.37512245 ], [ 141.212573490000011, 41.3751229 ], [ 141.21257481, 41.37512442 ], [ 141.212575800000025, 41.37512956 ], [ 141.212577720000013, 41.37513207 ], [ 141.212580840000015, 41.37513431 ], [ 141.21258444, 41.37513538 ], [ 141.212587900000017, 41.37513474 ], [ 141.212591230000015, 41.37513248 ], [ 141.212605620000033, 41.37511802 ], [ 141.21261192, 41.37511386 ], [ 141.21261956, 41.37511032 ], [ 141.21262826, 41.37510759 ], [ 141.21264045, 41.37510539 ], [ 141.212654550000025, 41.37510489 ], [ 141.21266279, 41.37510342 ], [ 141.21266864, 41.37510097 ], [ 141.21267817, 41.37509572 ], [ 141.212714150000011, 41.37507417 ], [ 141.21272678, 41.37506809 ], [ 141.21274599, 41.37506101 ], [ 141.212753390000017, 41.37505702 ], [ 141.212763490000015, 41.37504771 ], [ 141.21276837, 41.37504445 ], [ 141.21277362, 41.37504237 ], [ 141.212778140000012, 41.37503929 ], [ 141.21278407, 41.37503224 ], [ 141.212790620000021, 41.375027 ], [ 141.21280563, 41.37501659 ], [ 141.212825040000013, 41.37500492 ], [ 141.21283403000001, 41.375 ], [ 141.21284756, 41.3749926 ], [ 141.21285925, 41.37498733 ], [ 141.21286677, 41.37498541 ], [ 141.21287073000002, 41.37498613 ], [ 141.212875020000013, 41.3749862 ], [ 141.21287872000002, 41.3749843 ], [ 141.21289324, 41.37497335 ], [ 141.212925150000018, 41.37495047 ], [ 141.212935790000017, 41.37494935 ], [ 141.212955470000026, 41.37494397 ], [ 141.212967640000016, 41.37493934 ], [ 141.212977170000016, 41.37493444 ], [ 141.212986950000015, 41.37493027 ], [ 141.21299782, 41.37492699 ], [ 141.213012500000019, 41.37492397 ], [ 141.21302276000003, 41.37492078 ], [ 141.213031230000013, 41.37491661 ], [ 141.213044560000014, 41.37490703 ], [ 141.213059220000019, 41.37489851 ], [ 141.21309735, 41.37487885 ], [ 141.21315992000001, 41.37484424 ], [ 141.21319139000002, 41.37482847 ], [ 141.213223220000032, 41.37481377 ], [ 141.21324529, 41.37480497 ], [ 141.21326331, 41.37479923 ], [ 141.213283960000012, 41.37479467 ], [ 141.21329315, 41.37479131 ], [ 141.21330161, 41.37478704 ], [ 141.213312090000016, 41.37477998 ], [ 141.213321010000016, 41.37477177 ], [ 141.213328600000011, 41.37476273 ], [ 141.21333464, 41.37475281 ], [ 141.213341980000024, 41.37474152 ], [ 141.21334995, 41.37473259 ], [ 141.213357090000017, 41.37472725 ], [ 141.213363890000011, 41.37472443 ], [ 141.21337189, 41.37472278 ], [ 141.213381340000012, 41.37472231 ], [ 141.213398070000011, 41.37472315 ], [ 141.21342092, 41.3747255 ], [ 141.213427850000016, 41.37472567 ], [ 141.21343621, 41.37472438 ], [ 141.213449820000022, 41.37472064 ], [ 141.213465930000012, 41.37471464 ], [ 141.213495020000011, 41.37470239 ], [ 141.213567160000025, 41.37466919 ], [ 141.213593980000013, 41.37465623 ], [ 141.213615190000013, 41.37464427 ], [ 141.213631280000016, 41.37463639 ], [ 141.21364929, 41.37462894 ], [ 141.213673380000017, 41.37462058 ], [ 141.21370012, 41.37461274 ], [ 141.213708700000012, 41.37460894 ], [ 141.213715620000016, 41.3746045 ], [ 141.213732280000016, 41.37459184 ], [ 141.21374097, 41.37458659 ], [ 141.213752660000011, 41.37458114 ], [ 141.21379178, 41.37456579 ], [ 141.213822540000024, 41.37455201 ], [ 141.21384781, 41.37453922 ], [ 141.21387999, 41.37452111 ], [ 141.2138937, 41.37451449 ], [ 141.213905020000027, 41.37450905 ], [ 141.213938650000017, 41.37449435 ], [ 141.21399077, 41.37447302 ], [ 141.214048140000017, 41.3744514 ], [ 141.21411018, 41.37442967 ], [ 141.21419262, 41.37440058 ], [ 141.21430057, 41.37436096 ], [ 141.21436571000001, 41.37433796 ], [ 141.214431820000016, 41.37431587 ], [ 141.214515690000013, 41.37428956 ], [ 141.2146435, 41.37424906 ], [ 141.214921390000029, 41.37415827 ], [ 141.215018140000012, 41.37412391 ], [ 141.21507969000001, 41.37410066 ], [ 141.21511988, 41.37408404 ], [ 141.215144090000024, 41.37407262 ], [ 141.215157190000014, 41.37406501 ], [ 141.21520067, 41.3740384 ], [ 141.21522593, 41.37402444 ], [ 141.2152437, 41.37401727 ], [ 141.215261710000021, 41.3740109 ], [ 141.215275670000011, 41.374006 ], [ 141.215334250000012, 41.37398707 ], [ 141.215415760000013, 41.37396222 ], [ 141.21542134, 41.37395409 ], [ 141.21542682, 41.37395093 ], [ 141.21544352, 41.37394421 ], [ 141.2154706, 41.37393511 ], [ 141.21552215, 41.37391936 ], [ 141.215572520000023, 41.37390523 ], [ 141.215609520000015, 41.37389647 ], [ 141.21562839, 41.37389325 ], [ 141.21565014, 41.37389147 ], [ 141.21567223, 41.37388824 ], [ 141.215695040000014, 41.37388349 ], [ 141.21571402, 41.37387793 ], [ 141.215733350000022, 41.37387058 ], [ 141.215753260000014, 41.3738616 ], [ 141.21577794, 41.37385079 ], [ 141.215792490000013, 41.3738457 ], [ 141.215811120000012, 41.37384132 ], [ 141.215846340000013, 41.37383454 ], [ 141.215880840000011, 41.37382776 ], [ 141.216058950000019, 41.37376251 ], [ 141.2163132, 41.37367855 ], [ 141.216549480000026, 41.37358582 ], [ 141.21666667, 41.37353735 ], [ 141.21669366, 41.37352618 ], [ 141.216710450000022, 41.37355611 ], [ 141.21671630000003, 41.37355447 ], [ 141.21673039, 41.37355172 ], [ 141.21673804, 41.37355133 ], [ 141.216751210000012, 41.37355264 ], [ 141.216764720000015, 41.37355476 ], [ 141.21677237, 41.373555 ], [ 141.21677882, 41.37355444 ], [ 141.216784440000026, 41.37355244 ], [ 141.21678943, 41.37354883 ], [ 141.216808770000029, 41.37352346 ], [ 141.216818140000015, 41.37351271 ], [ 141.216825040000032, 41.37350701 ], [ 141.21683542, 41.37350149 ], [ 141.216849250000024, 41.37349613 ], [ 141.2168718, 41.37348921 ], [ 141.21689043, 41.37348446 ], [ 141.216905240000017, 41.37348171 ], [ 141.216916590000011, 41.37348041 ], [ 141.21693284, 41.37348072 ], [ 141.216957, 41.37348208 ], [ 141.216971350000023, 41.37348213 ], [ 141.21698760000001, 41.37348027 ], [ 141.21701506, 41.37347423 ], [ 141.217021870000025, 41.37347322 ], [ 141.21703179, 41.3734731 ], [ 141.21703847, 41.37347217 ], [ 141.21704682, 41.37346944 ], [ 141.217074600000018, 41.37345648 ], [ 141.21708067, 41.3734525 ], [ 141.217092440000016, 41.37343931 ], [ 141.21709623000001, 41.3734347 ], [ 141.21710231000003, 41.37343081 ], [ 141.217111970000019, 41.37342753 ], [ 141.21712965, 41.37342522 ], [ 141.217166100000014, 41.37342357 ], [ 141.217190250000016, 41.37342322 ], [ 141.21720328, 41.37342291 ], [ 141.21721462, 41.37342142 ], [ 141.217222490000012, 41.37341861 ], [ 141.217230230000013, 41.37341345 ], [ 141.217248660000024, 41.37339511 ], [ 141.21725853, 41.37338742 ], [ 141.217269970000018, 41.37338081 ], [ 141.21727772, 41.37337736 ], [ 141.217286800000011, 41.37337589 ], [ 141.217309740000019, 41.37337465 ], [ 141.217355770000012, 41.37337386 ], [ 141.217367350000018, 41.37337292 ], [ 141.21737213, 41.37337201 ], [ 141.217378570000022, 41.37336883 ], [ 141.2173932, 41.37335771 ], [ 141.217424370000032, 41.37333031 ], [ 141.217428650000016, 41.37332724 ], [ 141.217437830000023, 41.37332361 ], [ 141.21745324, 41.37332022 ], [ 141.217467090000014, 41.37331883 ], [ 141.217485150000016, 41.37331804 ], [ 141.21749219000003, 41.37331695 ], [ 141.217496950000026, 41.37331459 ], [ 141.21750326, 41.37330763 ], [ 141.21751451, 41.37329139 ], [ 141.217529110000015, 41.37327323 ], [ 141.21753612, 41.37326583 ], [ 141.217542190000017, 41.37326104 ], [ 141.217550070000016, 41.37325759 ], [ 141.21756438, 41.37325367 ], [ 141.217577760000012, 41.37325155 ], [ 141.21759234000001, 41.37325132 ], [ 141.21763324, 41.37325344 ], [ 141.21765357000001, 41.37325382 ], [ 141.21766205, 41.37325316 ], [ 141.217665860000011, 41.37325198 ], [ 141.21766943, 41.37324927 ], [ 141.217671450000012, 41.37324575 ], [ 141.2176752, 41.37323421 ], [ 141.21767945000002, 41.37322501 ], [ 141.217685730000028, 41.37321526 ], [ 141.217699030000034, 41.37319973 ], [ 141.2177077, 41.37319105 ], [ 141.21771449, 41.37318626 ], [ 141.217719260000024, 41.37318381 ], [ 141.217727860000025, 41.37318171 ], [ 141.21775258, 41.37317866 ], [ 141.2177858, 41.37317585 ], [ 141.217802400000011, 41.37317381 ], [ 141.2178135, 41.37317161 ], [ 141.21782472000001, 41.37316779 ], [ 141.217833660000025, 41.37316272 ], [ 141.217840560000013, 41.37315694 ], [ 141.21784519, 41.37315115 ], [ 141.21785017000002, 41.37314466 ], [ 141.217860270000017, 41.37313544 ], [ 141.217878, 41.37312178 ], [ 141.217947790000011, 41.37307679 ], [ 141.217966960000012, 41.37306349 ], [ 141.217991, 41.37304432 ], [ 141.21802288, 41.37301702 ], [ 141.21803477, 41.37300806 ], [ 141.21804157, 41.37300417 ], [ 141.21805147, 41.37300062 ], [ 141.21806401, 41.37299833 ], [ 141.218078460000015, 41.37299649 ], [ 141.218092540000015, 41.37299301 ], [ 141.218101260000026, 41.37298983 ], [ 141.218109, 41.37298603 ], [ 141.21811532000001, 41.37298169 ], [ 141.2181228, 41.37297391 ], [ 141.21812885, 41.37296479 ], [ 141.218134280000015, 41.37295406 ], [ 141.218143640000022, 41.3729416 ], [ 141.21815637, 41.37292832 ], [ 141.218163620000013, 41.37292191 ], [ 141.218169570000015, 41.37291793 ], [ 141.21817995, 41.37291411 ], [ 141.218189260000031, 41.37291183 ], [ 141.21821829000001, 41.37290822 ], [ 141.218297630000023, 41.37290093 ], [ 141.21830431, 41.37289992 ], [ 141.218310520000017, 41.37289809 ], [ 141.21831874, 41.37289374 ], [ 141.218329330000017, 41.37288587 ], [ 141.21835895000001, 41.37286074 ], [ 141.218383100000011, 41.37284139 ], [ 141.218394180000018, 41.37283324 ], [ 141.21840025, 41.37282998 ], [ 141.218406930000015, 41.37282771 ], [ 141.21841864000001, 41.37282587 ], [ 141.2184435, 41.37282516 ], [ 141.218492630000014, 41.37282544 ], [ 141.2185059, 41.37282477 ], [ 141.218516170000015, 41.37282312 ], [ 141.21852166, 41.37282112 ], [ 141.21852999, 41.37281604 ], [ 141.218538430000024, 41.37280836 ], [ 141.218548410000011, 41.37279662 ], [ 141.218555760000015, 41.37278714 ], [ 141.21856503, 41.37277847 ], [ 141.21857241, 41.37277304 ], [ 141.218581, 41.37276841 ], [ 141.21859078, 41.37276451 ], [ 141.218607, 41.37276004 ], [ 141.21862313, 41.37275666 ], [ 141.218644149999989, 41.37275317 ], [ 141.21865907, 41.37274951 ], [ 141.218673020000011, 41.37274451 ], [ 141.218685420000014, 41.3727379 ], [ 141.21869292, 41.37273229 ], [ 141.21870052, 41.37272497 ], [ 141.218712150000016, 41.37271061 ], [ 141.218729820000021, 41.37268669 ], [ 141.21873647000001, 41.37267974 ], [ 141.21874112, 41.37267639 ], [ 141.218749100000025, 41.37267295 ], [ 141.218765690000026, 41.37266848 ], [ 141.2187872, 41.37266516 ], [ 141.218851120000011, 41.37265927 ], [ 141.2188725, 41.37265678 ], [ 141.218887070000022, 41.37265411 ], [ 141.218899960000016, 41.37264984 ], [ 141.218909490000016, 41.37264503 ], [ 141.21891699, 41.37263897 ], [ 141.21892922, 41.37262587 ], [ 141.2189462, 41.37260565 ], [ 141.21897311, 41.37256765 ], [ 141.218980950000031, 41.37255843 ], [ 141.218988200000013, 41.37255148 ], [ 141.218998310000018, 41.37254459 ], [ 141.21900428, 41.37254169 ], [ 141.21902481, 41.37253668 ], [ 141.219038550000022, 41.3725351 ], [ 141.21905863, 41.37253431 ], [ 141.219080250000019, 41.37253198 ], [ 141.2191027, 41.37252786 ], [ 141.21911977000002, 41.37252384 ], [ 141.21913385000002, 41.37251938 ], [ 141.21914088, 41.37251621 ], [ 141.219146720000026, 41.37251223 ], [ 141.21915314, 41.37250581 ], [ 141.21916381, 41.37249145 ], [ 141.21916961, 41.3724818 ], [ 141.219173040000015, 41.37247404 ], [ 141.219174940000016, 41.37245296 ], [ 141.219176230000016, 41.37244837 ], [ 141.219179200000013, 41.37244422 ], [ 141.219186330000014, 41.37243879 ], [ 141.219193960000013, 41.37243471 ], [ 141.21920148, 41.37243207 ], [ 141.219220340000021, 41.37242869 ], [ 141.21924973, 41.37242534 ], [ 141.219299560000024, 41.37242157 ], [ 141.21934747, 41.37241673 ], [ 141.219379, 41.37241257 ], [ 141.219391180000031, 41.3724101 ], [ 141.21939738, 41.37240774 ], [ 141.219405490000014, 41.37240285 ], [ 141.219413570000029, 41.37239588 ], [ 141.219424020000019, 41.37238387 ], [ 141.21944122, 41.37236104 ], [ 141.219450600000016, 41.37235011 ], [ 141.219462390000018, 41.37234232 ], [ 141.21946846000003, 41.37233852 ], [ 141.219473220000026, 41.37233391 ], [ 141.219477830000017, 41.37232678 ], [ 141.219482230000011, 41.37232181 ], [ 141.219487940000022, 41.37231747 ], [ 141.219495100000017, 41.37231403 ], [ 141.219503570000029, 41.37231157 ], [ 141.219512650000013, 41.37231055 ], [ 141.21954947, 41.37231105 ], [ 141.219573010000033, 41.37231052 ], [ 141.219589260000021, 41.37230786 ], [ 141.219609900000023, 41.37230212 ], [ 141.21963484, 41.37229321 ], [ 141.219656540000017, 41.37228458 ], [ 141.219670730000018, 41.37227805 ], [ 141.219677640000015, 41.3722737 ], [ 141.219693550000017, 41.37225699 ], [ 141.2197002, 41.37224869 ], [ 141.219709310000013, 41.37223361 ], [ 141.219717590000016, 41.37221711 ], [ 141.219723030000011, 41.37220934 ], [ 141.219728270000019, 41.37220465 ], [ 141.21973650000001, 41.37220102 ], [ 141.219745930000016, 41.37219873 ], [ 141.21975728000001, 41.37219779 ], [ 141.219788850000015, 41.37219886 ], [ 141.219804860000011, 41.37219817 ], [ 141.219844630000011, 41.37219246 ], [ 141.219861580000014, 41.37218907 ], [ 141.219870180000015, 41.37218652 ], [ 141.219879600000013, 41.37218234 ], [ 141.21988973, 41.37217628 ], [ 141.219896730000016, 41.37216941 ], [ 141.21990528, 41.37215741 ], [ 141.21991463, 41.37214323 ], [ 141.219923540000025, 41.37213267 ], [ 141.219934240000015, 41.37212255 ], [ 141.21994254, 41.37211315 ], [ 141.219953260000011, 41.37210457 ], [ 141.219969460000016, 41.37209433 ], [ 141.21998351000002, 41.37208681 ], [ 141.219990200000012, 41.37208409 ], [ 141.2200075, 41.3720798 ], [ 141.220022070000027, 41.37207731 ], [ 141.22005135, 41.37207479 ], [ 141.220068790000028, 41.37207356 ], [ 141.220083010000025, 41.37207153 ], [ 141.220094100000011, 41.37206861 ], [ 141.220106030000011, 41.37206308 ], [ 141.220115430000021, 41.37205738 ], [ 141.22012519, 41.37204914 ], [ 141.220144800000014, 41.37202936 ], [ 141.22015454000001, 41.37201987 ], [ 141.220166410000019, 41.37200533 ], [ 141.22017969, 41.37198764 ], [ 141.220186940000019, 41.37197924 ], [ 141.22019265000003, 41.371974 ], [ 141.220202300000011, 41.37196893 ], [ 141.220214340000012, 41.37196474 ], [ 141.22028645, 41.37194838 ], [ 141.220316520000011, 41.37194044 ], [ 141.22033228, 41.37193535 ], [ 141.220340990000011, 41.37193109 ], [ 141.220347770000018, 41.37192584 ], [ 141.220355970000014, 41.37191735 ], [ 141.220362130000012, 41.37190877 ], [ 141.22036968, 41.37189218 ], [ 141.220378510000018, 41.37186865 ], [ 141.22038393, 41.37185647 ], [ 141.220388910000025, 41.37184862 ], [ 141.220395680000024, 41.37184266 ], [ 141.220402480000018, 41.37183822 ], [ 141.22040927, 41.37183504 ], [ 141.220416300000011, 41.37183304 ], [ 141.22043758, 41.37183054 ], [ 141.220448690000012, 41.37183104 ], [ 141.220477540000019, 41.37183571 ], [ 141.220491050000021, 41.3718372 ], [ 141.220504550000015, 41.37183751 ], [ 141.22051866000001, 41.37183666 ], [ 141.220527730000015, 41.37183519 ], [ 141.220536080000016, 41.37183273 ], [ 141.22054359, 41.37182919 ], [ 141.220553240000015, 41.37182322 ], [ 141.220560260000013, 41.37181733 ], [ 141.22057451, 41.37180126 ], [ 141.22059409000002, 41.37177481 ], [ 141.22060547000001, 41.37176144 ], [ 141.220618660000014, 41.37174843 ], [ 141.220627, 41.37174174 ], [ 141.22063462, 41.37173677 ], [ 141.22064785, 41.37173078 ], [ 141.2206587, 41.37172704 ], [ 141.220670050000024, 41.37172458 ], [ 141.220690250000018, 41.3717228 ], [ 141.2207702, 41.37171956 ], [ 141.220791, 41.37171895 ], [ 141.22080091, 41.37171784 ], [ 141.220809140000028, 41.37171565 ], [ 141.22081879000001, 41.37171039 ], [ 141.220830220000011, 41.37170206 ], [ 141.220838300000025, 41.37169448 ], [ 141.22084627000001, 41.37168472 ], [ 141.220854560000021, 41.37167344 ], [ 141.22086442, 41.37166269 ], [ 141.22087202, 41.37165591 ], [ 141.220881670000011, 41.37164967 ], [ 141.22089348, 41.37164396 ], [ 141.220927470000021, 41.37163105 ], [ 141.22093344000001, 41.37162868 ], [ 141.220940830000018, 41.37162704 ], [ 141.220957560000016, 41.37162582 ], [ 141.22099510000001, 41.37162497 ], [ 141.221019230000024, 41.37162363 ], [ 141.22103691, 41.37162177 ], [ 141.22104396, 41.37162013 ], [ 141.221051830000022, 41.37161677 ], [ 141.221066590000021, 41.371606 ], [ 141.221081, 41.37159713 ], [ 141.22109638, 41.37159059 ], [ 141.22111655, 41.37158431 ], [ 141.221158440000011, 41.3715739 ], [ 141.22120118, 41.37156386 ], [ 141.221227200000016, 41.37155683 ], [ 141.22124962, 41.37154955 ], [ 141.221279330000016, 41.37153892 ], [ 141.22130904, 41.37153008 ], [ 141.22134008, 41.37152269 ], [ 141.22138879000002, 41.37151315 ], [ 141.22142415, 41.37150736 ], [ 141.221450550000014, 41.37150403 ], [ 141.221467870000026, 41.37150307 ], [ 141.221508640000025, 41.37150347 ], [ 141.2215768, 41.3715064 ], [ 141.221608480000015, 41.37150827 ], [ 141.221648430000016, 41.37151165 ], [ 141.22166242000003, 41.37151205 ], [ 141.221717860000012, 41.37150727 ], [ 141.221741520000023, 41.37150458 ], [ 141.22175489, 41.3715021 ], [ 141.221764900000011, 41.37149883 ], [ 141.22179184, 41.37148504 ], [ 141.221810090000019, 41.37147715 ], [ 141.221830730000022, 41.37146951 ], [ 141.221848630000011, 41.37146405 ], [ 141.221862109999989, 41.37146149 ], [ 141.22187824, 41.3714599 ], [ 141.22189211, 41.37146004 ], [ 141.22192572000003, 41.37146325 ], [ 141.22195563, 41.37146649 ], [ 141.22197907, 41.37146767 ], [ 141.22200082, 41.37146732 ], [ 141.222010380000029, 41.37146621 ], [ 141.22201813, 41.37146375 ], [ 141.222029210000017, 41.37145787 ], [ 141.22203506, 41.37145569 ], [ 141.222041140000016, 41.37145449 ], [ 141.222056080000016, 41.37145426 ], [ 141.222069600000026, 41.37145467 ], [ 141.22209433, 41.37145331 ], [ 141.222122540000015, 41.37145287 ], [ 141.222132820000013, 41.37145193 ], [ 141.222140700000011, 41.37144974 ], [ 141.22218326, 41.37142987 ], [ 141.22220497, 41.37142241 ], [ 141.22220556000002, 41.37142223 ], [ 141.222277280000014, 41.37140146 ], [ 141.22231201, 41.37139189 ], [ 141.222475120000013, 41.3716016 ], [ 141.222836030000025, 41.37206585 ], [ 141.22320625, 41.37254528 ], [ 141.223603060000016, 41.37237248 ], [ 141.224066830000027, 41.37216271 ], [ 141.22431257, 41.37205508 ], [ 141.22473471, 41.37208228 ], [ 141.225, 41.37209799 ], [ 141.22527249, 41.37211413 ], [ 141.225736110000014, 41.37213938 ], [ 141.22628069000001, 41.37217057 ], [ 141.226792750000016, 41.37220078 ], [ 141.227173710000017, 41.37207702 ], [ 141.22716419, 41.37206453 ], [ 141.22733205, 41.37200813 ], [ 141.227325150000013, 41.37199474 ], [ 141.22748789000002, 41.37194159 ], [ 141.227485340000015, 41.37193683 ], [ 141.22765512, 41.37188204 ], [ 141.22765149, 41.37187448 ], [ 141.22781882000001, 41.37180889 ], [ 141.22782885, 41.37182759 ], [ 141.228148870000012, 41.37171123 ], [ 141.2289724, 41.3714152 ], [ 141.22895986, 41.37139651 ], [ 141.22895746, 41.37139508 ], [ 141.2289069, 41.37131835 ], [ 141.228369910000026, 41.37151281 ], [ 141.228058300000015, 41.37102581 ], [ 141.22800558, 41.37104383 ], [ 141.22830964000002, 41.37153013 ], [ 141.22776263, 41.37173119 ], [ 141.22775009, 41.37171268 ], [ 141.22758887, 41.37177852 ], [ 141.22759213, 41.37178329 ], [ 141.22742593000001, 41.37183644 ], [ 141.22742824, 41.37184193 ], [ 141.22726466, 41.37189508 ], [ 141.227269880000023, 41.37190974 ], [ 141.22711695000001, 41.37196357 ], [ 141.227010080000014, 41.37180437 ], [ 141.22691882, 41.37183413 ], [ 141.227016510000027, 41.37199732 ], [ 141.22676837, 41.37208147 ], [ 141.22638079, 41.37205812 ], [ 141.225472420000017, 41.37200647 ], [ 141.225, 41.37197827 ], [ 141.22434032000001, 41.37193891 ], [ 141.224265190000011, 41.37190846 ], [ 141.224014010000019, 41.37158568 ], [ 141.223962270000015, 41.37160926 ], [ 141.22424128000003, 41.37197077 ], [ 141.224231190000012, 41.37200286 ], [ 141.22369623, 41.37224006 ], [ 141.223258070000014, 41.37243353 ], [ 141.223209350000019, 41.37242388 ], [ 141.22291519, 41.37204847 ], [ 141.22288179, 41.37202031 ], [ 141.22254519, 41.37158507 ], [ 141.222500620000034, 41.3715474 ], [ 141.222357030000012, 41.37136292 ], [ 141.222360950000024, 41.37136003 ], [ 141.222260580000011, 41.37122799 ], [ 141.222326760000016, 41.37119941 ], [ 141.222430710000026, 41.37133205 ], [ 141.222441450000019, 41.37132851 ], [ 141.22245192, 41.37134018 ], [ 141.22271053, 41.37122629 ], [ 141.22267886, 41.37118749 ], [ 141.22338611, 41.37087398 ], [ 141.223812400000014, 41.37141652 ], [ 141.223880950000023, 41.37138478 ], [ 141.22354187000002, 41.37095323 ], [ 141.224152910000015, 41.37068489 ], [ 141.22481296, 41.37039863 ], [ 141.225, 41.37031717 ], [ 141.22541983, 41.37013434 ], [ 141.22560904, 41.37005148 ], [ 141.22587961, 41.37039941 ], [ 141.225925040000021, 41.37038097 ], [ 141.22560074, 41.36996362 ], [ 141.226115530000015, 41.36973423 ], [ 141.22617309, 41.36980345 ], [ 141.226467110000016, 41.36967737 ], [ 141.22681467000001, 41.36952905 ], [ 141.227188430000012, 41.36936405 ], [ 141.227231050000029, 41.36937516 ], [ 141.227292150000011, 41.36945699 ], [ 141.227342, 41.36943836 ], [ 141.22720633, 41.36926124 ], [ 141.227729970000013, 41.36903487 ], [ 141.22824576, 41.36881392 ], [ 141.22856393, 41.36922309 ], [ 141.228556390000023, 41.36924167 ], [ 141.228332960000017, 41.36933717 ], [ 141.227795970000017, 41.36957079 ], [ 141.2275487, 41.36967898 ], [ 141.22752488, 41.36967366 ], [ 141.22742682, 41.36954883 ], [ 141.22738080000002, 41.36956852 ], [ 141.22745297, 41.36966157 ], [ 141.227459600000032, 41.36973052 ], [ 141.2271427, 41.36992891 ], [ 141.22678342, 41.37015643 ], [ 141.226314100000025, 41.3704525 ], [ 141.22627829000001, 41.37048062 ], [ 141.22595125, 41.37078214 ], [ 141.226065840000018, 41.37154933 ], [ 141.226143400000012, 41.37154538 ], [ 141.226035100000018, 41.37082986 ], [ 141.226371630000017, 41.37051804 ], [ 141.22646667, 41.37045855 ], [ 141.226853330000012, 41.37021302 ], [ 141.227293370000012, 41.36993731 ], [ 141.227586550000012, 41.36975179 ], [ 141.22792956, 41.36960177 ], [ 141.22839288000003, 41.36940189 ], [ 141.22868294, 41.36927401 ], [ 141.228424890000014, 41.36894252 ], [ 141.22830597, 41.36878769 ], [ 141.227967410000019, 41.36834662 ], [ 141.227950790000023, 41.36832768 ], [ 141.228010040000015, 41.368301 ], [ 141.22805048, 41.36834651 ], [ 141.228355810000011, 41.3681949 ], [ 141.22836996, 41.36818234 ], [ 141.228377450000011, 41.36817475 ], [ 141.228381970000015, 41.36817186 ], [ 141.22839223, 41.36816804 ], [ 141.228405950000024, 41.36816484 ], [ 141.228421, 41.36816271 ], [ 141.228441440000012, 41.36816138 ], [ 141.22845602000001, 41.36816151 ], [ 141.22845794, 41.36816168 ], [ 141.22847359, 41.3681628 ], [ 141.22848603, 41.36816258 ], [ 141.22850717, 41.36815989 ], [ 141.228594460000011, 41.36814474 ], [ 141.22862265, 41.36814149 ], [ 141.228634360000029, 41.368141 ], [ 141.228644410000015, 41.36814114 ], [ 141.228652780000033, 41.36814211 ], [ 141.228679480000011, 41.36815003 ], [ 141.228689300000013, 41.36815188 ], [ 141.228695150000021, 41.36815169 ], [ 141.22870721000001, 41.36814895 ], [ 141.22872307, 41.36814322 ], [ 141.22874106, 41.36813441 ], [ 141.22876084, 41.36812229 ], [ 141.228772850000013, 41.36811377 ], [ 141.22878154, 41.36810654 ], [ 141.22878677, 41.36810077 ], [ 141.228789600000027, 41.36809382 ], [ 141.22879051000001, 41.36808652 ], [ 141.228789480000017, 41.36807608 ], [ 141.228786320000012, 41.36806529 ], [ 141.22877542, 41.36804317 ], [ 141.228769380000017, 41.36803212 ], [ 141.22876743, 41.36802771 ], [ 141.22876824, 41.36802204 ], [ 141.228771300000034, 41.36801428 ], [ 141.22877556, 41.36800805 ], [ 141.228786720000016, 41.36799432 ], [ 141.22880156, 41.36797824 ], [ 141.228814530000022, 41.36796686 ], [ 141.22882547, 41.36795988 ], [ 141.228831790000015, 41.367955 ], [ 141.22883737, 41.36794913 ], [ 141.22884708, 41.36793586 ], [ 141.228854930000011, 41.3679279 ], [ 141.22886385000001, 41.36792175 ], [ 141.22887756, 41.36791459 ], [ 141.22890927, 41.36789989 ], [ 141.228922840000024, 41.36789183 ], [ 141.228938430000028, 41.36787917 ], [ 141.228957720000011, 41.36786604 ], [ 141.228974370000032, 41.36785419 ], [ 141.228990790000012, 41.36784045 ], [ 141.229011580000019, 41.36782057 ], [ 141.229030350000016, 41.36780078 ], [ 141.229042130000011, 41.36779012 ], [ 141.22905795, 41.36777826 ], [ 141.229077830000023, 41.36776522 ], [ 141.229110470000023, 41.36774576 ], [ 141.229147410000024, 41.36772564 ], [ 141.229178860000019, 41.36771023 ], [ 141.22922189, 41.36769089 ], [ 141.229241920000021, 41.36768101 ], [ 141.22924846, 41.36767559 ], [ 141.229256780000014, 41.36766691 ], [ 141.229282050000023, 41.36763612 ], [ 141.229295010000016, 41.36762275 ], [ 141.22930939, 41.36761126 ], [ 141.229328650000014, 41.36759444 ], [ 141.229338510000019, 41.36758333 ], [ 141.22934336, 41.36757576 ], [ 141.22935105000002, 41.36756132 ], [ 141.2293558, 41.36755554 ], [ 141.22936114, 41.36755075 ], [ 141.22938983, 41.36753012 ], [ 141.229398980000013, 41.36752198 ], [ 141.22941429, 41.36750509 ], [ 141.229422740000018, 41.36749732 ], [ 141.22942857000001, 41.36749451 ], [ 141.229436210000017, 41.36749231 ], [ 141.229451260000019, 41.36749011 ], [ 141.229465950000019, 41.36748735 ], [ 141.22947872, 41.36748334 ], [ 141.229491710000019, 41.36747781 ], [ 141.229518650000017, 41.36746493 ], [ 141.229530690000018, 41.3674603 ], [ 141.229543350000029, 41.36745692 ], [ 141.229556240000022, 41.36745489 ], [ 141.229591840000012, 41.36745153 ], [ 141.229657910000014, 41.36744662 ], [ 141.229694490000014, 41.36744532 ], [ 141.22972556000002, 41.36744594 ], [ 141.22974577, 41.36744758 ], [ 141.229766360000013, 41.36745039 ], [ 141.22978717, 41.36745428 ], [ 141.229826560000021, 41.36746323 ], [ 141.22986056000002, 41.3674724 ], [ 141.22988007, 41.36747647 ], [ 141.22988964000001, 41.36747716 ], [ 141.229900140000012, 41.36747596 ], [ 141.229908860000023, 41.36747385 ], [ 141.22991625, 41.36747077 ], [ 141.229924340000025, 41.36746497 ], [ 141.229933970000019, 41.36745603 ], [ 141.229941350000018, 41.36744987 ], [ 141.229949800000014, 41.3674448 ], [ 141.229959220000012, 41.36744072 ], [ 141.22997962, 41.36743362 ], [ 141.22998521, 41.36743054 ], [ 141.229991040000016, 41.36742449 ], [ 141.230003970000013, 41.36740796 ], [ 141.230012280000011, 41.36739894 ], [ 141.230021210000018, 41.36739179 ], [ 141.23003097, 41.36738653 ], [ 141.230040870000011, 41.3673828 ], [ 141.230059470000015, 41.36737509 ], [ 141.230080690000023, 41.36736403 ], [ 141.23008808, 41.36736184 ], [ 141.230096800000013, 41.36736082 ], [ 141.230109100000021, 41.36735916 ], [ 141.230130230000015, 41.36735413 ], [ 141.23014957, 41.36735082 ], [ 141.23016737, 41.36734716 ], [ 141.23017726, 41.36734397 ], [ 141.230186910000015, 41.36733935 ], [ 141.23020169, 41.36733056 ], [ 141.230211700000012, 41.36732522 ], [ 141.230219450000021, 41.36732285 ], [ 141.23023964, 41.36732142 ], [ 141.23024848, 41.36731995 ], [ 141.230260650000019, 41.36731623 ], [ 141.23027031, 41.36731358 ], [ 141.230280470000025, 41.3673121 ], [ 141.23029612000002, 41.36731159 ], [ 141.230315730000029, 41.36731234 ], [ 141.230329600000033, 41.36731211 ], [ 141.230340930000011, 41.36731027 ], [ 141.230354770000019, 41.36730572 ], [ 141.23036933, 41.36729955 ], [ 141.23037756, 41.367297 ], [ 141.230386870000018, 41.36729543 ], [ 141.230397260000018, 41.36729495 ], [ 141.23040862000002, 41.36729617 ], [ 141.230420960000032, 41.36730009 ], [ 141.230442180000011, 41.36730992 ], [ 141.23045332, 41.36731439 ], [ 141.230460640000018, 41.36731634 ], [ 141.230470560000015, 41.36731649 ], [ 141.230491340000015, 41.36731416 ], [ 141.23051283, 41.36731058 ], [ 141.23053409000002, 41.36730582 ], [ 141.230560450000013, 41.36729826 ], [ 141.23059612, 41.36728607 ], [ 141.23061580000001, 41.36727861 ], [ 141.230627950000013, 41.36727308 ], [ 141.23063891000001, 41.36726701 ], [ 141.23064856000002, 41.36726049 ], [ 141.230657120000018, 41.36725353 ], [ 141.230667580000016, 41.3672426 ], [ 141.2306754, 41.3672324 ], [ 141.230680480000018, 41.3672231 ], [ 141.230683060000018, 41.36721463 ], [ 141.23068361, 41.36720553 ], [ 141.23068211, 41.36719545 ], [ 141.230678690000019, 41.36718439 ], [ 141.230675160000033, 41.36717468 ], [ 141.230665720000019, 41.36715499 ], [ 141.23066135000002, 41.36714204 ], [ 141.230659730000013, 41.36713132 ], [ 141.230659840000015, 41.36711214 ], [ 141.230658460000029, 41.3670999 ], [ 141.230651180000024, 41.36706391 ], [ 141.230649910000011, 41.36705022 ], [ 141.23065043, 41.36703806 ], [ 141.23065309, 41.36702248 ], [ 141.230657520000022, 41.36700634 ], [ 141.230662710000018, 41.36699372 ], [ 141.230670160000017, 41.36697992 ], [ 141.230680230000019, 41.36696494 ], [ 141.230691260000015, 41.36695121 ], [ 141.23071833000003, 41.36692086 ], [ 141.23077224, 41.36686367 ], [ 141.23081633000001, 41.36681886 ], [ 141.23083427, 41.36680232 ], [ 141.230847, 41.36679335 ], [ 141.23088773, 41.36676647 ], [ 141.230929520000018, 41.36674003 ], [ 141.230952270000017, 41.36672761 ], [ 141.230963010000011, 41.36672307 ], [ 141.230971480000022, 41.36672079 ], [ 141.23098497, 41.36671859 ], [ 141.23099966, 41.36671772 ], [ 141.231015580000019, 41.36671839 ], [ 141.231032320000025, 41.36672086 ], [ 141.231050040000014, 41.36672503 ], [ 141.231071830000019, 41.36673152 ], [ 141.231098420000023, 41.36674061 ], [ 141.231106680000011, 41.36674221 ], [ 141.231117930000011, 41.36674262 ], [ 141.231132740000021, 41.36674176 ], [ 141.231165340000018, 41.36673786 ], [ 141.23117166, 41.36673522 ], [ 141.23117713000002, 41.36673089 ], [ 141.231182710000013, 41.36672376 ], [ 141.231184829999989, 41.36671852 ], [ 141.231185280000034, 41.3667133 ], [ 141.23118362, 41.36669593 ], [ 141.231179380000015, 41.36666667 ], [ 141.23117363, 41.36662698 ], [ 141.231173920000032, 41.36661447 ], [ 141.23117636, 41.36660338 ], [ 141.23118143, 41.36659103 ], [ 141.23118711, 41.36658155 ], [ 141.231191970000026, 41.36657596 ], [ 141.231198510000013, 41.36657079 ], [ 141.23120685, 41.36656617 ], [ 141.23121853, 41.36656109 ], [ 141.23123154000001, 41.36655681 ], [ 141.231241690000019, 41.36655489 ], [ 141.231252680000011, 41.36655405 ], [ 141.231263440000021, 41.36655445 ], [ 141.23128473, 41.36655726 ], [ 141.23135258, 41.36656882 ], [ 141.23136525000001, 41.36656914 ], [ 141.231377200000026, 41.36656793 ], [ 141.231385320000015, 41.36656592 ], [ 141.231398790000014, 41.36656083 ], [ 141.231418240000011, 41.36655464 ], [ 141.23143506, 41.36655044 ], [ 141.231459550000011, 41.36654603 ], [ 141.23150314, 41.36653985 ], [ 141.231557470000013, 41.36653156 ], [ 141.23164882, 41.36651566 ], [ 141.231661950000017, 41.36651246 ], [ 141.231672670000023, 41.36650828 ], [ 141.23168698, 41.36650076 ], [ 141.231697950000012, 41.36649667 ], [ 141.231708810000015, 41.36649393 ], [ 141.231722660000031, 41.36649172 ], [ 141.231852020000019, 41.36647731 ], [ 141.231869930000016, 41.36647401 ], [ 141.23188497000001, 41.36646982 ], [ 141.23190453, 41.3664621 ], [ 141.231919910000016, 41.366457 ], [ 141.231931740000022, 41.36645453 ], [ 141.231945710000019, 41.36645286 ], [ 141.231968650000027, 41.36645169 ], [ 141.232007260000017, 41.3664513 ], [ 141.23203738, 41.36645011 ], [ 141.232068790000028, 41.3664473 ], [ 141.23209817, 41.36644314 ], [ 141.23211441, 41.36643967 ], [ 141.232131230000022, 41.36643475 ], [ 141.23215223, 41.36642936 ], [ 141.232176590000023, 41.3664245 ], [ 141.23220752, 41.36642016 ], [ 141.232219470000018, 41.36641796 ], [ 141.232229960000012, 41.36641469 ], [ 141.2322451, 41.36640814 ], [ 141.232258460000025, 41.36640351 ], [ 141.232276120000023, 41.36639913 ], [ 141.232373530000018, 41.36637672 ], [ 141.232426640000028, 41.3663634 ], [ 141.232450270000015, 41.366358 ], [ 141.232476670000011, 41.36635331 ], [ 141.23252586000001, 41.36634657 ], [ 141.23257615, 41.36633892 ], [ 141.23262606000003, 41.36633019 ], [ 141.232683720000011, 41.36631847 ], [ 141.232834240000017, 41.36628588 ], [ 141.232889520000015, 41.36627444 ], [ 141.23294087, 41.36626552 ], [ 141.23304905, 41.36624876 ], [ 141.233094670000014, 41.36624049 ], [ 141.233181700000017, 41.36622228 ], [ 141.233272320000026, 41.36620647 ], [ 141.233298960000013, 41.36620331 ], [ 141.233325850000028, 41.36620187 ], [ 141.233333330000022, 41.36620123 ], [ 141.23335332000002, 41.36619953 ], [ 141.23336992000003, 41.36619677 ], [ 141.233395710000025, 41.36619065 ], [ 141.23340527000002, 41.3661898 ], [ 141.23341769000001, 41.36618976 ], [ 141.23345799, 41.36619133 ], [ 141.233488220000027, 41.36619186 ], [ 141.23350567, 41.36619089 ], [ 141.23352263000001, 41.36618832 ], [ 141.23354101000001, 41.36618393 ], [ 141.23355713, 41.36618072 ], [ 141.23356669, 41.36617996 ], [ 141.23357685000002, 41.36618056 ], [ 141.233595160000021, 41.36618311 ], [ 141.23360603, 41.36618352 ], [ 141.233618220000011, 41.36618285 ], [ 141.23362921, 41.36618074 ], [ 141.233639470000014, 41.36617728 ], [ 141.233653550000014, 41.36617408 ], [ 141.233675050000016, 41.36617086 ], [ 141.233737030000015, 41.36616145 ], [ 141.233803790000024, 41.36615132 ], [ 141.23392956, 41.36631116 ], [ 141.23420174, 41.36666667 ], [ 141.234301410000029, 41.36679686 ], [ 141.23465496, 41.36725767 ], [ 141.23495861, 41.36765391 ], [ 141.23548556, 41.36834077 ], [ 141.235930930000023, 41.36891868 ], [ 141.23603157, 41.36887663 ], [ 141.23563282, 41.36835664 ], [ 141.23548882, 41.3681702 ], [ 141.235470470000024, 41.36817792 ], [ 141.235227510000016, 41.36785711 ], [ 141.234973270000012, 41.36752968 ], [ 141.23467864, 41.36714331 ], [ 141.234311280000014, 41.36666667 ], [ 141.234286190000034, 41.3666341 ], [ 141.233731280000029, 41.36590627 ], [ 141.233794230000029, 41.36587931 ], [ 141.23381235, 41.3658715 ], [ 141.23382428, 41.3658675 ], [ 141.23383573000001, 41.36586494 ], [ 141.233851870000024, 41.36586335 ], [ 141.23386668, 41.3658633 ], [ 141.23387804, 41.36586443 ], [ 141.233886070000011, 41.36586639 ], [ 141.23389326, 41.36586942 ], [ 141.23389878, 41.36587372 ], [ 141.233906960000013, 41.36588369 ], [ 141.233916150000027, 41.3658986 ], [ 141.23392655, 41.36591874 ], [ 141.23393249, 41.36593322 ], [ 141.233937, 41.36594635 ], [ 141.233942320000011, 41.3659556 ], [ 141.23394966, 41.36596441 ], [ 141.23395904, 41.36597266 ], [ 141.233969230000014, 41.36597992 ], [ 141.233978830000012, 41.36598547 ], [ 141.23398782000001, 41.36598922 ], [ 141.233998830000019, 41.36599179 ], [ 141.234010800000021, 41.36599328 ], [ 141.234018920000011, 41.36599343 ], [ 141.23403337, 41.36599104 ], [ 141.23406703, 41.36598264 ], [ 141.23410712, 41.36597133 ], [ 141.23413349, 41.36596305 ], [ 141.234147330000013, 41.36595777 ], [ 141.23416853, 41.36594761 ], [ 141.23419284000002, 41.36593358 ], [ 141.23435501, 41.36583125 ], [ 141.23441241, 41.36579719 ], [ 141.23449091, 41.36575189 ], [ 141.23454594, 41.36572154 ], [ 141.23476052, 41.36560769 ], [ 141.234856420000028, 41.36555549 ], [ 141.23501128, 41.36546913 ], [ 141.23506942, 41.36543831 ], [ 141.235105410000017, 41.36542089 ], [ 141.235178970000021, 41.3653893 ], [ 141.23525598, 41.36535481 ], [ 141.23532785, 41.3653207 ], [ 141.23537384, 41.3652974 ], [ 141.23542078, 41.36527193 ], [ 141.2354627, 41.36524765 ], [ 141.235500800000011, 41.36522392 ], [ 141.235540800000024, 41.36519722 ], [ 141.23559008, 41.36516256 ], [ 141.235644710000031, 41.36512473 ], [ 141.235689580000013, 41.36509558 ], [ 141.235732220000017, 41.36506958 ], [ 141.23579261, 41.36503425 ], [ 141.235911710000011, 41.36496702 ], [ 141.235950660000015, 41.36494338 ], [ 141.235975060000015, 41.36492717 ], [ 141.23599327, 41.36491333 ], [ 141.23600848000001, 41.36490022 ], [ 141.23602071000002, 41.36488784 ], [ 141.23603602, 41.36486905 ], [ 141.236052170000022, 41.36485081 ], [ 141.23606951, 41.36483391 ], [ 141.236096020000019, 41.36481022 ], [ 141.2361103, 41.36480018 ], [ 141.23612793, 41.36478986 ], [ 141.23614878, 41.36477933 ], [ 141.236189790000026, 41.36476091 ], [ 141.236220050000014, 41.36474622 ], [ 141.23623745, 41.36473643 ], [ 141.23626163000003, 41.36472338 ], [ 141.236300600000021, 41.36470397 ], [ 141.236322530000024, 41.36469435 ], [ 141.236343990000023, 41.36468671 ], [ 141.236364760000015, 41.36468105 ], [ 141.236380880000013, 41.36467794 ], [ 141.23645385, 41.3646676 ], [ 141.23647546, 41.36466338 ], [ 141.23648691, 41.3646601 ], [ 141.236500260000014, 41.36465429 ], [ 141.23652791, 41.36464059 ], [ 141.236623350000031, 41.36459037 ], [ 141.23672772, 41.36453714 ], [ 141.236797070000023, 41.36450079 ], [ 141.236909520000012, 41.36443961 ], [ 141.236965280000021, 41.36441105 ], [ 141.23702320000001, 41.36438294 ], [ 141.23706049, 41.36436362 ], [ 141.237086340000019, 41.36434877 ], [ 141.237110030000025, 41.36433346 ], [ 141.237137170000011, 41.36431644 ], [ 141.237162070000011, 41.36430258 ], [ 141.237178640000025, 41.36429522 ], [ 141.23720058, 41.36428686 ], [ 141.237234100000023, 41.36427567 ], [ 141.23729388000001, 41.36425754 ], [ 141.23732990000002, 41.36424543 ], [ 141.237351360000019, 41.36423698 ], [ 141.237369350000023, 41.36422819 ], [ 141.237392960000022, 41.36421829 ], [ 141.237432310000031, 41.36420347 ], [ 141.237501010000017, 41.36417919 ], [ 141.237552780000016, 41.36416216 ], [ 141.23760647, 41.36414622 ], [ 141.237678290000019, 41.36412327 ], [ 141.23773996, 41.36410441 ], [ 141.237808210000026, 41.36408509 ], [ 141.237867640000019, 41.36406948 ], [ 141.237897370000013, 41.36406307 ], [ 141.23792566, 41.36405685 ], [ 141.23799261000002, 41.36404005 ], [ 141.23801529, 41.36403591 ], [ 141.23803082, 41.3640345 ], [ 141.238057700000013, 41.36403414 ], [ 141.23806464, 41.36403403 ], [ 141.238118180000015, 41.36403222 ], [ 141.23850966, 41.3645371 ], [ 141.238964940000017, 41.36513441 ], [ 141.239375280000019, 41.36567047 ], [ 141.239742230000019, 41.36614896 ], [ 141.23982418, 41.36625574 ], [ 141.240138200000018, 41.36666667 ], [ 141.240340450000019, 41.36693135 ], [ 141.240146580000015, 41.36748881 ], [ 141.23999673000003, 41.36789996 ], [ 141.23977865, 41.36850659 ], [ 141.239972180000024, 41.36854364 ], [ 141.240017670000015, 41.36841903 ], [ 141.239970960000022, 41.36840586 ], [ 141.240203370000017, 41.36775948 ], [ 141.240365720000028, 41.36730164 ], [ 141.24048825, 41.36695866 ], [ 141.24059183, 41.36666667 ], [ 141.24069135000002, 41.36638613 ], [ 141.24088591, 41.3658436 ], [ 141.240617770000028, 41.36549318 ], [ 141.240242130000013, 41.36500113 ], [ 141.239864370000021, 41.3645134 ], [ 141.239730970000011, 41.36434035 ], [ 141.23955552000001, 41.3641127 ], [ 141.23959087, 41.36406764 ], [ 141.239593, 41.36406475 ], [ 141.239609820000027, 41.36404146 ], [ 141.239616680000012, 41.36402865 ], [ 141.239620950000017, 41.36402359 ], [ 141.239629040000011, 41.36401708 ], [ 141.23963533, 41.3640104 ], [ 141.239655020000015, 41.36398601 ], [ 141.23966961, 41.36396903 ], [ 141.239683750000012, 41.3639552 ], [ 141.239715010000026, 41.36392556 ], [ 141.239728300000024, 41.36391155 ], [ 141.239731750000033, 41.36390803 ], [ 141.239739220000018, 41.36389773 ], [ 141.239744410000014, 41.36388763 ], [ 141.239754690000012, 41.3638695 ], [ 141.23976027, 41.36386299 ], [ 141.23976706000002, 41.36385685 ], [ 141.239780740000015, 41.36384707 ], [ 141.23980131, 41.36383087 ], [ 141.23985220000003, 41.36378766 ], [ 141.239864940000018, 41.36377887 ], [ 141.239875790000013, 41.36377325 ], [ 141.23988497000002, 41.36377016 ], [ 141.239895210000014, 41.3637658 ], [ 141.23990319, 41.36376046 ], [ 141.23996157000002, 41.36370992 ], [ 141.23997725000001, 41.36369563 ], [ 141.23999175000003, 41.36368234 ], [ 141.240016930000024, 41.36365542 ], [ 141.240028220000028, 41.36364602 ], [ 141.2400437, 41.36363542 ], [ 141.24008774, 41.36360753 ], [ 141.24009892, 41.36359867 ], [ 141.240105560000018, 41.36359099 ], [ 141.24011065000002, 41.36358026 ], [ 141.240115850000024, 41.3635724 ], [ 141.240123680000011, 41.36356328 ], [ 141.240135540000011, 41.36354776 ], [ 141.24014646, 41.36353439 ], [ 141.24015204, 41.36352951 ], [ 141.240157160000024, 41.36352696 ], [ 141.24016314, 41.36352541 ], [ 141.24018809, 41.36352163 ], [ 141.24019418, 41.36351981 ], [ 141.240207060000017, 41.36351436 ], [ 141.240231, 41.36350212 ], [ 141.240261010000012, 41.36348499 ], [ 141.24029434000002, 41.36346407 ], [ 141.24034101, 41.36343294 ], [ 141.240465990000018, 41.36335028 ], [ 141.240530390000032, 41.36330602 ], [ 141.240561930000013, 41.36328528 ], [ 141.240579920000016, 41.3632764 ], [ 141.24062093, 41.36325896 ], [ 141.240633800000012, 41.36325207 ], [ 141.24064236000001, 41.36324565 ], [ 141.240656380000019, 41.36323218 ], [ 141.240669950000012, 41.36322177 ], [ 141.240698990000027, 41.36320232 ], [ 141.24070624, 41.36319571 ], [ 141.24071182, 41.36318876 ], [ 141.240718430000015, 41.36317739 ], [ 141.240726020000011, 41.3631671 ], [ 141.24073066, 41.36316339 ], [ 141.24073709000001, 41.36316031 ], [ 141.24074533000001, 41.36315794 ], [ 141.240785320000015, 41.36314986 ], [ 141.240792230000011, 41.36314696 ], [ 141.24079805, 41.36314235 ], [ 141.24080711, 41.36313691 ], [ 141.24083332, 41.36312323 ], [ 141.24087036, 41.36310265 ], [ 141.24089157, 41.36309204 ], [ 141.240905890000022, 41.3630864 ], [ 141.24092066, 41.36307987 ], [ 141.24093711, 41.36307081 ], [ 141.240954010000024, 41.36306012 ], [ 141.240967930000011, 41.36304944 ], [ 141.240981590000018, 41.36303643 ], [ 141.240990160000024, 41.36302992 ], [ 141.240999440000024, 41.36302466 ], [ 141.241012550000022, 41.36301912 ], [ 141.24102781000002, 41.3630116 ], [ 141.241059140000033, 41.36299419 ], [ 141.24112169, 41.36296137 ], [ 141.241182330000015, 41.36293153 ], [ 141.241211400000026, 41.36291639 ], [ 141.24122748000002, 41.3629067 ], [ 141.241239030000031, 41.36289828 ], [ 141.24125865000002, 41.36288434 ], [ 141.24127354, 41.36287538 ], [ 141.24128808, 41.36286849 ], [ 141.24131026, 41.36286039 ], [ 141.241371430000015, 41.36283685 ], [ 141.241453220000011, 41.36280423 ], [ 141.241469690000031, 41.36279887 ], [ 141.24148066, 41.36279666 ], [ 141.24150228000002, 41.36279424 ], [ 141.241534890000025, 41.36278944 ], [ 141.24161154, 41.36277657 ], [ 141.241631970000014, 41.36277424 ], [ 141.24165169, 41.36277336 ], [ 141.24166667, 41.36277325 ], [ 141.241700440000017, 41.36277301 ], [ 141.241737130000018, 41.36277135 ], [ 141.241760670000019, 41.36277099 ], [ 141.241795820000021, 41.36277177 ], [ 141.24182271, 41.36277177 ], [ 141.241839560000017, 41.36277053 ], [ 141.241853640000016, 41.36276832 ], [ 141.241868090000025, 41.36276476 ], [ 141.241890270000027, 41.36275748 ], [ 141.24191615, 41.36274748 ], [ 141.241996030000024, 41.36271468 ], [ 141.24203442000001, 41.36269996 ], [ 141.242082360000012, 41.36268286 ], [ 141.242159900000019, 41.36265657 ], [ 141.242213440000029, 41.36263728 ], [ 141.242257670000015, 41.36261948 ], [ 141.242281870000028, 41.3626085 ], [ 141.24231189, 41.36259326 ], [ 141.242352980000021, 41.36257087 ], [ 141.24237847, 41.36255547 ], [ 141.24240358, 41.36253863 ], [ 141.242430120000023, 41.36251918 ], [ 141.24245699, 41.36249774 ], [ 141.24248266, 41.36247469 ], [ 141.242515210000022, 41.36244215 ], [ 141.24259254, 41.36236569 ], [ 141.242644829999989, 41.36231562 ], [ 141.24268999, 41.36227431 ], [ 141.242717070000026, 41.36224864 ], [ 141.242734290000016, 41.36223021 ], [ 141.242743530000013, 41.36221712 ], [ 141.242749310000022, 41.36220612 ], [ 141.24275143, 41.36219899 ], [ 141.242756970000016, 41.36216853 ], [ 141.24276086, 41.36215861 ], [ 141.242771490000024, 41.36213904 ], [ 141.242782330000011, 41.36211496 ], [ 141.242795160000014, 41.36208277 ], [ 141.24279866, 41.36206978 ], [ 141.2428356, 41.36206196 ], [ 141.242872550000016, 41.36205412 ], [ 141.242879680000016, 41.36206526 ], [ 141.2428869, 41.36207379 ], [ 141.242894230000019, 41.36207962 ], [ 141.242905020000023, 41.36208543 ], [ 141.242918440000011, 41.36209096 ], [ 141.24296851, 41.36210871 ], [ 141.2430132, 41.36212602 ], [ 141.24304650000002, 41.36213725 ], [ 141.24310435000001, 41.36215469 ], [ 141.243131170000026, 41.36216387 ], [ 141.243150950000029, 41.362172 ], [ 141.24319506, 41.36219336 ], [ 141.24323282, 41.36221024 ], [ 141.24325882, 41.36222032 ], [ 141.24327953, 41.36222719 ], [ 141.243297610000013, 41.36223189 ], [ 141.24332562, 41.36223747 ], [ 141.243358160000014, 41.3622424 ], [ 141.243384710000015, 41.36224491 ], [ 141.24341293, 41.36224643 ], [ 141.243442930000015, 41.36224687 ], [ 141.24355313, 41.3622454 ], [ 141.24357846, 41.36224413 ], [ 141.243592080000013, 41.36224201 ], [ 141.243607700000013, 41.36223772 ], [ 141.243654460000016, 41.36222324 ], [ 141.243712680000016, 41.36220593 ], [ 141.24375206000002, 41.36219524 ], [ 141.2437801, 41.36218903 ], [ 141.243811030000018, 41.36218369 ], [ 141.243849120000021, 41.36217635 ], [ 141.24388909000001, 41.36216712 ], [ 141.2439175, 41.36215891 ], [ 141.243935730000032, 41.36215227 ], [ 141.24396327, 41.3621402 ], [ 141.243989360000029, 41.36212732 ], [ 141.24400270000001, 41.36211898 ], [ 141.244014360000023, 41.36210985 ], [ 141.244027550000027, 41.36209737 ], [ 141.244053330000014, 41.3620745 ], [ 141.244071750000018, 41.36205751 ], [ 141.24410169, 41.36202686 ], [ 141.24415467, 41.36197517 ], [ 141.244194960000016, 41.36193793 ], [ 141.244224440000011, 41.36191269 ], [ 141.244245490000026, 41.36189677 ], [ 141.244260130000015, 41.36188754 ], [ 141.24427359, 41.36188047 ], [ 141.24429279, 41.36187202 ], [ 141.24432117, 41.36186112 ], [ 141.244347890000029, 41.3618522 ], [ 141.24437246, 41.36184634 ], [ 141.244401480000022, 41.36184147 ], [ 141.24443492, 41.36183748 ], [ 141.24447064, 41.36183456 ], [ 141.24451246000001, 41.36183206 ], [ 141.24454724, 41.3618314 ], [ 141.244577, 41.3618322 ], [ 141.244663680000031, 41.36183594 ], [ 141.244763150000011, 41.36183999 ], [ 141.244784540000012, 41.36183965 ], [ 141.244801390000021, 41.36183796 ], [ 141.244819650000011, 41.36183412 ], [ 141.24487407, 41.36182132 ], [ 141.24489459000003, 41.36181485 ], [ 141.244907110000014, 41.36180977 ], [ 141.24492057, 41.36180242 ], [ 141.24493451, 41.36179598 ], [ 141.244953830000014, 41.36178852 ], [ 141.24498746, 41.36177696 ], [ 141.245027420000014, 41.36176485 ], [ 141.245070380000016, 41.36175362 ], [ 141.24511621, 41.36174319 ], [ 141.24515141, 41.36173478 ], [ 141.24518638, 41.36172511 ], [ 141.24522109, 41.36171409 ], [ 141.24525567, 41.36170181 ], [ 141.24530242000003, 41.36168561 ], [ 141.245350490000021, 41.36167059 ], [ 141.245412890000011, 41.36165298 ], [ 141.245496410000015, 41.36162864 ], [ 141.245661400000017, 41.36157869 ], [ 141.245676910000014, 41.36157531 ], [ 141.245691720000025, 41.36157373 ], [ 141.245723750000025, 41.36157298 ], [ 141.245798200000024, 41.36156974 ], [ 141.245854, 41.36156621 ], [ 141.24589916, 41.36156371 ], [ 141.245908340000028, 41.36156214 ], [ 141.245915140000022, 41.36155932 ], [ 141.24591895, 41.36155625 ], [ 141.245922620000016, 41.36155111 ], [ 141.245927460000019, 41.36154091 ], [ 141.24593438, 41.3615209 ], [ 141.24593934, 41.36151007 ], [ 141.245942540000016, 41.36150637 ], [ 141.24594682, 41.36150465 ], [ 141.245952090000031, 41.36150417 ], [ 141.24595997, 41.36150514 ], [ 141.245976610000014, 41.36150868 ], [ 141.24598774, 41.36151017 ], [ 141.24599623, 41.36151005 ], [ 141.24600554, 41.3615084 ], [ 141.24601257, 41.36150594 ], [ 141.24602008, 41.36150187 ], [ 141.24603031, 41.3614948 ], [ 141.24603565000001, 41.36148893 ], [ 141.24604097, 41.36148026 ], [ 141.24604616000002, 41.36146881 ], [ 141.24605274000001, 41.36145014 ], [ 141.246056940000017, 41.36143374 ], [ 141.24605865, 41.36142068 ], [ 141.24605802, 41.361397 ], [ 141.24605938, 41.36138484 ], [ 141.24606209, 41.36137762 ], [ 141.24606659, 41.36137131 ], [ 141.24609128000003, 41.36134546 ], [ 141.246102080000014, 41.36133227 ], [ 141.24611594000001, 41.36131251 ], [ 141.246123410000024, 41.3613032 ], [ 141.246131360000021, 41.36129579 ], [ 141.246139700000015, 41.36129009 ], [ 141.24614852000002, 41.36128591 ], [ 141.24615756, 41.36128021 ], [ 141.246166830000021, 41.36127225 ], [ 141.24617633, 41.36126195 ], [ 141.246194120000013, 41.36123982 ], [ 141.246208, 41.36122438 ], [ 141.24621348, 41.36122049 ], [ 141.24622123, 41.36121677 ], [ 141.246231240000014, 41.36121331 ], [ 141.24624795, 41.36120901 ], [ 141.24626274000002, 41.36120455 ], [ 141.24627419, 41.36119973 ], [ 141.246284670000023, 41.36119349 ], [ 141.246293720000011, 41.36118949 ], [ 141.24630363, 41.36118648 ], [ 141.246320340000011, 41.36118336 ], [ 141.246330730000011, 41.3611826 ], [ 141.24633659, 41.36118168 ], [ 141.246347790000016, 41.36117822 ], [ 141.24638178, 41.36116495 ], [ 141.246393350000034, 41.36116185 ], [ 141.24640231, 41.36116118 ], [ 141.246467200000012, 41.36115888 ], [ 141.24650567, 41.36115631 ], [ 141.246535170000016, 41.36115513 ], [ 141.24657427, 41.36115507 ], [ 141.24657735, 41.36115516 ], [ 141.246594140000013, 41.36114164 ], [ 141.246809140000011, 41.36078913 ], [ 141.24692302, 41.36058913 ], [ 141.247189140000017, 41.36033164 ], [ 141.247354140000027, 41.36020747 ], [ 141.247556640000028, 41.36002692 ], [ 141.247619140000012, 41.35990275 ], [ 141.247606640000015, 41.35963608 ], [ 141.247631630000029, 41.35936859 ], [ 141.247809140000015, 41.35894941 ], [ 141.247885520000011, 41.35865359 ], [ 141.248005910000018, 41.35833333 ], [ 141.24800708, 41.35833025 ], [ 141.24812553000001, 41.35801525 ], [ 141.24846803, 41.35686217 ], [ 141.248796640000023, 41.3558705 ], [ 141.24949331000002, 41.35362244 ], [ 141.249583020000017, 41.35335217 ], [ 141.249755250000021, 41.35283244 ], [ 141.24980942000002, 41.35266911 ], [ 141.249999420000023, 41.35210689 ], [ 141.25, 41.35210264 ], [ 141.25000248, 41.35208469 ], [ 141.250024420000017, 41.35192523 ], [ 141.25000248, 41.35186964 ], [ 141.25, 41.35186339 ], [ 141.249986910000018, 41.35183022 ], [ 141.249391920000022, 41.35110605 ], [ 141.248772190000011, 41.35024605 ], [ 141.24862678, 41.35 ], [ 141.248624940000013, 41.34999689 ], [ 141.24851859, 41.34981689 ], [ 141.24839219, 41.34951189 ], [ 141.24774720000002, 41.3483105 ], [ 141.24753109, 41.34784133 ], [ 141.247417200000029, 41.34752717 ], [ 141.24732886000001, 41.34724051 ], [ 141.24724, 41.34685967 ], [ 141.247177500000021, 41.34664967 ], [ 141.247063890000021, 41.34634467 ], [ 141.2466325, 41.34572495 ], [ 141.246415010000021, 41.3453905 ], [ 141.24541027, 41.34403159 ], [ 141.244869170000015, 41.34344492 ], [ 141.24400917, 41.34254325 ], [ 141.243199, 41.34166667 ], [ 141.243196110000014, 41.34166353 ], [ 141.24279558, 41.3412302 ], [ 141.241669200000018, 41.34001664 ], [ 141.24166667, 41.34001392 ], [ 141.24082475, 41.33910686 ], [ 141.239995310000012, 41.33805186 ], [ 141.239724750000022, 41.33770769 ], [ 141.239324770000025, 41.33713377 ], [ 141.23909756, 41.33684044 ], [ 141.23855506000001, 41.33595961 ], [ 141.23827506, 41.33557211 ], [ 141.237920050000014, 41.33509295 ], [ 141.237593670000024, 41.33467711 ], [ 141.23730394, 41.33426795 ], [ 141.236995330000013, 41.33381711 ], [ 141.23696783, 41.33376795 ], [ 141.237266450000021, 41.33377461 ], [ 141.237332830000014, 41.33374628 ], [ 141.23748144000001, 41.33359877 ], [ 141.237696450000016, 41.33345823 ], [ 141.23801394, 41.33338739 ], [ 141.238537830000013, 41.33333822 ], [ 141.238798660000015, 41.33334489 ], [ 141.23889717, 41.33333333 ], [ 141.238924110000028, 41.33333017 ], [ 141.238976160000021, 41.33332405 ], [ 141.239007080000022, 41.33333017 ], [ 141.239023090000018, 41.33333333 ], [ 141.239191170000026, 41.33336656 ], [ 141.23930844000003, 41.33333333 ], [ 141.23931961, 41.33333017 ], [ 141.239341170000017, 41.33332405 ], [ 141.239602550000029, 41.33311239 ], [ 141.239930050000027, 41.33286572 ], [ 141.240350050000018, 41.33254156 ], [ 141.240826130000016, 41.33233739 ], [ 141.24108752, 41.33225323 ], [ 141.241415030000013, 41.33219656 ], [ 141.24166667, 41.33219656 ], [ 141.241669200000018, 41.33219656 ], [ 141.241826130000021, 41.33219656 ], [ 141.242143640000023, 41.33216822 ], [ 141.24238614, 41.33212572 ], [ 141.242667520000026, 41.33203433 ], [ 141.242797520000011, 41.33195017 ], [ 141.243022530000019, 41.33192933 ], [ 141.24332114, 41.33195017 ], [ 141.243647520000025, 41.33188684 ], [ 141.243910030000023, 41.33179517 ], [ 141.244106140000014, 41.33171017 ], [ 141.244135030000024, 41.33170711 ], [ 141.244377520000029, 41.33168267 ], [ 141.244722530000018, 41.33168936 ], [ 141.24487253, 41.33168936 ], [ 141.244891700000011, 41.33165686 ], [ 141.24491864, 41.33161186 ], [ 141.244928640000012, 41.3314502 ], [ 141.244722530000018, 41.33126684 ], [ 141.244423650000016, 41.33109767 ], [ 141.244302530000027, 41.33101433 ], [ 141.244190030000027, 41.33084517 ], [ 141.243881140000013, 41.33046517 ], [ 141.243611140000013, 41.33007767 ], [ 141.243452530000013, 41.329901 ], [ 141.24309614, 41.32962684 ], [ 141.242807810000016, 41.32935184 ], [ 141.24260141000002, 41.32918267 ], [ 141.24240531, 41.329126 ], [ 141.24223781, 41.32914684 ], [ 141.24194781, 41.329401 ], [ 141.241705310000015, 41.32957684 ], [ 141.241669200000018, 41.32958836 ], [ 141.24166667, 41.32958917 ], [ 141.241527830000024, 41.3296335 ], [ 141.24125645, 41.32962684 ], [ 141.240957830000013, 41.329521 ], [ 141.24075144, 41.32941517 ], [ 141.240498950000017, 41.32917517 ], [ 141.240340340000017, 41.32884433 ], [ 141.240218950000013, 41.328696 ], [ 141.239855330000012, 41.32864684 ], [ 141.23961144, 41.32871017 ], [ 141.239303940000013, 41.328781 ], [ 141.23895783, 41.32877351 ], [ 141.238594230000018, 41.32860433 ], [ 141.23841672, 41.328421 ], [ 141.238220610000013, 41.32821684 ], [ 141.237939220000015, 41.32809017 ], [ 141.237565620000026, 41.32790017 ], [ 141.237489220000015, 41.32786267 ], [ 141.23722061, 41.327731 ], [ 141.23686564, 41.3275368 ], [ 141.236556740000026, 41.32738931 ], [ 141.23628564, 41.32725514 ], [ 141.236100360000023, 41.32714903 ], [ 141.235978140000014, 41.32707931 ], [ 141.235594530000014, 41.32690264 ], [ 141.23536092, 41.32676847 ], [ 141.23502453, 41.32667013 ], [ 141.234575910000018, 41.32659264 ], [ 141.23431453, 41.32655013 ], [ 141.234219250000024, 41.32645625 ], [ 141.234193410000017, 41.32643097 ], [ 141.234080920000025, 41.3261418 ], [ 141.23403453, 41.32590208 ], [ 141.234040640000018, 41.32558764 ], [ 141.234042870000025, 41.32545931 ], [ 141.23404341, 41.32543708 ], [ 141.23411722, 41.325 ], [ 141.23411776, 41.3249968 ], [ 141.234118420000016, 41.32499292 ], [ 141.234143970000019, 41.32476459 ], [ 141.234174530000018, 41.32449292 ], [ 141.2341562, 41.32423959 ], [ 141.234062310000013, 41.32390125 ], [ 141.234081190000012, 41.32372625 ], [ 141.233857300000011, 41.32341625 ], [ 141.23356733, 41.32315541 ], [ 141.23337122, 41.32278959 ], [ 141.233335940000018, 41.32270551 ], [ 141.233333330000022, 41.32269931 ], [ 141.23319372, 41.32236653 ], [ 141.23317484, 41.32203569 ], [ 141.23311872, 41.3218382 ], [ 141.232922340000016, 41.3216832 ], [ 141.23254012000001, 41.32155653 ], [ 141.2321665, 41.32146487 ], [ 141.231896230000018, 41.32141208 ], [ 141.231642610000023, 41.32136236 ], [ 141.2311765, 41.321229 ], [ 141.230802610000012, 41.32105984 ], [ 141.23033511, 41.320799 ], [ 141.22986122, 41.32051595 ], [ 141.22984012, 41.32050317 ], [ 141.229504030000015, 41.320179 ], [ 141.229074310000016, 41.31984733 ], [ 141.22881292, 41.319559 ], [ 141.228700410000016, 41.31923484 ], [ 141.22865292, 41.31902317 ], [ 141.228690410000013, 41.31860733 ], [ 141.228644310000021, 41.31821233 ], [ 141.228522920000017, 41.31778317 ], [ 141.22838292, 41.31740261 ], [ 141.228224580000017, 41.31713511 ], [ 141.22796209, 41.31688095 ], [ 141.22771228000002, 41.31666667 ], [ 141.2277085, 41.31666344 ], [ 141.227569580000022, 41.31654428 ], [ 141.227168200000023, 41.31620595 ], [ 141.226784580000015, 41.31579011 ], [ 141.22643961, 41.31537511 ], [ 141.226243220000015, 41.31507841 ], [ 141.226141, 41.31469092 ], [ 141.22597239000001, 41.31428925 ], [ 141.2259535, 41.31401425 ], [ 141.2259635, 41.31363425 ], [ 141.226038500000016, 41.3134162 ], [ 141.226110730000016, 41.31325925 ], [ 141.22619739000001, 41.31307036 ], [ 141.226206830000024, 41.31298731 ], [ 141.22621601, 41.31290869 ], [ 141.22612239, 41.31261953 ], [ 141.226047390000019, 41.3123762 ], [ 141.22608489000001, 41.31232036 ], [ 141.22646739000001, 41.31177787 ], [ 141.226999880000022, 41.31126287 ], [ 141.227318490000016, 41.3108612 ], [ 141.22757988, 41.31048786 ], [ 141.227803500000022, 41.31019231 ], [ 141.227906, 41.30993147 ], [ 141.22799988, 41.30966731 ], [ 141.22820601, 41.30954064 ], [ 141.228439880000025, 41.30945564 ], [ 141.228841, 41.3095048 ], [ 141.22934597, 41.30968147 ], [ 141.229812360000011, 41.30980147 ], [ 141.230148469999989, 41.30988564 ], [ 141.230475970000015, 41.30987897 ], [ 141.23083097, 41.30979397 ], [ 141.231185970000013, 41.3096815 ], [ 141.23147597, 41.30961817 ], [ 141.23186847, 41.30955484 ], [ 141.232260700000012, 41.30954067 ], [ 141.2325682, 41.3094915 ], [ 141.23292319, 41.30934317 ], [ 141.233175690000024, 41.30926567 ], [ 141.233333330000022, 41.30920339 ], [ 141.233335970000013, 41.30920236 ], [ 141.2335682, 41.30911067 ], [ 141.23370623, 41.30905484 ], [ 141.233853720000013, 41.30899511 ], [ 141.23397817, 41.30894484 ], [ 141.234073170000016, 41.30890651 ], [ 141.23442817, 41.30880733 ], [ 141.23468066, 41.30877261 ], [ 141.23492317, 41.30877928 ], [ 141.235297060000022, 41.30889261 ], [ 141.23563316000002, 41.30901178 ], [ 141.23585817, 41.30906844 ], [ 141.23611956000002, 41.30910344 ], [ 141.23656817, 41.30918844 ], [ 141.237053160000016, 41.30925177 ], [ 141.23754789000003, 41.30931511 ], [ 141.23793178, 41.30940011 ], [ 141.23828674, 41.30947011 ], [ 141.238669250000015, 41.30955511 ], [ 141.238837860000018, 41.30958261 ], [ 141.23897786, 41.30956177 ], [ 141.239136740000021, 41.30942761 ], [ 141.239332870000027, 41.30932928 ], [ 141.23958536, 41.30930844 ], [ 141.23959647, 41.30931177 ], [ 141.24008036, 41.30945595 ], [ 141.24033036, 41.30955872 ], [ 141.240491750000018, 41.30962511 ], [ 141.240560360000018, 41.30966984 ], [ 141.240827860000024, 41.30984344 ], [ 141.24095674000003, 41.30996705 ], [ 141.240967860000012, 41.30997761 ], [ 141.24104258, 41.3101818 ], [ 141.241033970000018, 41.31039347 ], [ 141.240948980000013, 41.31068264 ], [ 141.240800080000014, 41.31081597 ], [ 141.240796470000021, 41.31081959 ], [ 141.240655910000015, 41.31095625 ], [ 141.240603970000024, 41.3110068 ], [ 141.24061258, 41.31118236 ], [ 141.240677590000018, 41.3113232 ], [ 141.240873970000024, 41.31142903 ], [ 141.24104258, 41.3115632 ], [ 141.241238970000012, 41.31168986 ], [ 141.24148148, 41.31180236 ], [ 141.24166667, 41.31182567 ], [ 141.241669250000029, 41.311826 ], [ 141.24170647, 41.31183069 ], [ 141.24192144, 41.31181653 ], [ 141.242021170000015, 41.31178013 ], [ 141.242177560000016, 41.3117232 ], [ 141.24219144, 41.3117182 ], [ 141.24233061000001, 41.3116268 ], [ 141.24249144, 41.31152097 ], [ 141.242502, 41.31151236 ], [ 141.242742550000031, 41.3113168 ], [ 141.24292005, 41.31121764 ], [ 141.24310756, 41.31121097 ], [ 141.24342506, 41.31128847 ], [ 141.243761440000014, 41.31135847 ], [ 141.243768750000015, 41.31135941 ], [ 141.243932, 41.31138069 ], [ 141.24408895000002, 41.31140097 ], [ 141.244210050000021, 41.3113518 ], [ 141.244217, 41.31130069 ], [ 141.244237560000016, 41.31114764 ], [ 141.244237560000016, 41.31098514 ], [ 141.24427506, 41.31083764 ], [ 141.24438756, 41.31076014 ], [ 141.24453756, 41.31080931 ], [ 141.244761440000019, 41.31084431 ], [ 141.244976160000022, 41.31079513 ], [ 141.245284770000012, 41.31068931 ], [ 141.24554616, 41.31063264 ], [ 141.245667280000021, 41.31055514 ], [ 141.24574228, 41.31047764 ], [ 141.245844770000019, 41.31039347 ], [ 141.24598477, 41.31048513 ], [ 141.24604728, 41.31052987 ], [ 141.246162280000021, 41.3106118 ], [ 141.246243390000018, 41.31074486 ], [ 141.24626756, 41.31082403 ], [ 141.24641725, 41.31089903 ], [ 141.24641728, 41.30991347 ], [ 141.24671114, 41.30954041 ], [ 141.24699114, 41.30900541 ], [ 141.247197520000014, 41.30849041 ], [ 141.24725086, 41.30833333 ], [ 141.24725195000002, 41.30833013 ], [ 141.247365030000026, 41.30799708 ], [ 141.247561410000031, 41.30733459 ], [ 141.24768253000002, 41.30701041 ], [ 141.247907520000012, 41.30664459 ], [ 141.248168910000032, 41.30623569 ], [ 141.24842141000002, 41.30591153 ], [ 141.248776420000013, 41.30547653 ], [ 141.249112530000019, 41.3051032 ], [ 141.24947642, 41.30476487 ], [ 141.249935030000017, 41.3043982 ], [ 141.25, 41.30435705 ], [ 141.250002530000017, 41.30435544 ], [ 141.250457520000026, 41.30406736 ], [ 141.250943920000026, 41.30375764 ], [ 141.251570030000011, 41.3034118 ], [ 141.251915030000021, 41.30311597 ], [ 141.252223920000034, 41.30279931 ], [ 141.252390580000025, 41.30260403 ], [ 141.252578880000016, 41.30238347 ], [ 141.252785010000025, 41.30204513 ], [ 141.252962500000024, 41.30166431 ], [ 141.253111390000015, 41.30113792 ], [ 141.25334, 41.30045292 ], [ 141.253372500000012, 41.30035541 ], [ 141.25347761, 41.3 ], [ 141.253478560000019, 41.2999968 ], [ 141.253597500000012, 41.29959459 ], [ 141.253728880000011, 41.29917875 ], [ 141.25385, 41.29860125 ], [ 141.25392389000001, 41.29815069 ], [ 141.253998880000012, 41.2974032 ], [ 141.254092500000013, 41.29679236 ], [ 141.25416805, 41.29626653 ], [ 141.25417667, 41.29620736 ], [ 141.25421416, 41.29579153 ], [ 141.25428027000001, 41.2952982 ], [ 141.25435416, 41.29453014 ], [ 141.25435416, 41.29405097 ], [ 141.254323890000023, 41.29381013 ], [ 141.25427027, 41.2933818 ], [ 141.25425167, 41.29275597 ], [ 141.25419531, 41.29208678 ], [ 141.25415781, 41.29196011 ], [ 141.25399920000001, 41.29184011 ], [ 141.253656420000027, 41.29166667 ], [ 141.25365008, 41.29166344 ], [ 141.253289470000027, 41.29148095 ], [ 141.252766980000018, 41.29124095 ], [ 141.252560580000022, 41.29110039 ], [ 141.25243058, 41.29088872 ], [ 141.252289470000022, 41.29062789 ], [ 141.252215580000012, 41.29052289 ], [ 141.252046980000017, 41.29044539 ], [ 141.251896980000026, 41.29041705 ], [ 141.251794470000021, 41.29032539 ], [ 141.25170058, 41.29014205 ], [ 141.25155197, 41.29001539 ], [ 141.251326980000016, 41.28990956 ], [ 141.251196980000032, 41.28980372 ], [ 141.251046980000012, 41.28949372 ], [ 141.250823090000011, 41.28919039 ], [ 141.250430890000018, 41.28862705 ], [ 141.250140890000011, 41.28807872 ], [ 141.250002550000033, 41.28786695 ], [ 141.25, 41.28786303 ], [ 141.249777280000018, 41.28752205 ], [ 141.24950589, 41.28711372 ], [ 141.249282280000017, 41.28677567 ], [ 141.249176160000019, 41.286609 ], [ 141.24907589, 41.28645151 ], [ 141.249056450000012, 41.286419 ], [ 141.248935890000013, 41.286219 ], [ 141.24887978000001, 41.2860148 ], [ 141.24890839, 41.28579564 ], [ 141.2490109, 41.28552814 ], [ 141.24925339, 41.28502064 ], [ 141.249318660000029, 41.28483731 ], [ 141.24931005000002, 41.28469647 ], [ 141.24924506, 41.28459814 ], [ 141.249020050000013, 41.28454147 ], [ 141.248880050000025, 41.28450814 ], [ 141.24873005, 41.2844098 ], [ 141.24848756, 41.28412731 ], [ 141.248320050000018, 41.2838248 ], [ 141.248151170000028, 41.28354314 ], [ 141.248046280000011, 41.28333333 ], [ 141.248044640000018, 41.28333008 ], [ 141.247992550000021, 41.28322592 ], [ 141.247823670000031, 41.28284508 ], [ 141.247693670000018, 41.28257759 ], [ 141.24761005000002, 41.28216925 ], [ 141.247553410000023, 41.28190508 ], [ 141.2475437, 41.28185925 ], [ 141.24756258, 41.28162592 ], [ 141.24767508, 41.28091425 ], [ 141.247758690000012, 41.28047759 ], [ 141.2478337, 41.28008369 ], [ 141.24800148, 41.27936786 ], [ 141.24819786, 41.27849453 ], [ 141.248312310000017, 41.27803675 ], [ 141.248347860000024, 41.27789536 ], [ 141.248478980000016, 41.2773948 ], [ 141.248497860000015, 41.27720147 ], [ 141.24860064, 41.27695786 ], [ 141.248646470000011, 41.27684897 ], [ 141.24863786, 41.27658813 ], [ 141.248730360000025, 41.27625731 ], [ 141.24885287, 41.2757498 ], [ 141.24896394000001, 41.27556647 ], [ 141.24912283, 41.27534814 ], [ 141.249310340000022, 41.27503841 ], [ 141.2493273, 41.275 ], [ 141.24932872, 41.27499675 ], [ 141.24946895, 41.27467925 ], [ 141.24960895000001, 41.27436841 ], [ 141.249702830000018, 41.27401092 ], [ 141.249730340000013, 41.27372259 ], [ 141.24982394, 41.27340508 ], [ 141.249851440000015, 41.27310925 ], [ 141.249888950000013, 41.27275005 ], [ 141.24994533, 41.27238367 ], [ 141.25, 41.27209411 ], [ 141.250002550000033, 41.2720805 ], [ 141.25006645000002, 41.271742 ], [ 141.25015144, 41.27131951 ], [ 141.25023533000001, 41.270692 ], [ 141.25028144, 41.27024117 ], [ 141.25039394, 41.26967228 ], [ 141.25045756, 41.26926089 ], [ 141.25046895, 41.26918644 ], [ 141.250608950000014, 41.26856644 ], [ 141.25077672, 41.26805895 ], [ 141.250870610000021, 41.26766395 ], [ 141.250870610000021, 41.26744561 ], [ 141.25103034, 41.26723561 ], [ 141.251058110000031, 41.26719895 ], [ 141.251141720000021, 41.26699505 ], [ 141.251141720000021, 41.26674839 ], [ 141.2511493, 41.26666667 ], [ 141.25114961, 41.26666339 ], [ 141.25116922, 41.26645256 ], [ 141.251198110000018, 41.26615672 ], [ 141.25121672, 41.26574756 ], [ 141.25121672, 41.26534756 ], [ 141.251254230000029, 41.26490339 ], [ 141.251206720000027, 41.26452339 ], [ 141.251133110000012, 41.26411451 ], [ 141.25095425, 41.26378367 ], [ 141.250674250000031, 41.26348784 ], [ 141.250292020000018, 41.26301533 ], [ 141.25007703, 41.26274033 ], [ 141.25000258, 41.26265456 ], [ 141.25, 41.26265159 ], [ 141.24975953, 41.26237447 ], [ 141.249520640000014, 41.26211059 ], [ 141.24937591, 41.26195113 ], [ 141.249095910000023, 41.26158531 ], [ 141.24893703, 41.2613678 ], [ 141.24882453, 41.26103697 ], [ 141.248811750000016, 41.26089503 ], [ 141.248787030000017, 41.26062113 ], [ 141.24860092, 41.26008559 ], [ 141.24854453, 41.25987475 ], [ 141.2482837, 41.25969141 ], [ 141.248162310000026, 41.25948725 ], [ 141.2480773, 41.25916975 ], [ 141.247937300000018, 41.25900059 ], [ 141.247647300000011, 41.25873975 ], [ 141.247517300000027, 41.25859892 ], [ 141.24748872, 41.25837392 ], [ 141.247494110000019, 41.25833333 ], [ 141.24749455, 41.25833003 ], [ 141.24752623, 41.25809141 ], [ 141.24751733, 41.25793641 ], [ 141.24752623, 41.25773225 ], [ 141.247759800000011, 41.25745753 ], [ 141.247995910000014, 41.25735447 ], [ 141.24811481, 41.25730253 ], [ 141.248179810000011, 41.25716503 ], [ 141.24825481000002, 41.25682003 ], [ 141.24825481000002, 41.25656586 ], [ 141.248339800000025, 41.25642503 ], [ 141.248358690000032, 41.25605169 ], [ 141.248367300000012, 41.25560086 ], [ 141.24834872, 41.25524836 ], [ 141.24833983, 41.2549592 ], [ 141.248227610000015, 41.25460031 ], [ 141.248236500000019, 41.25447031 ], [ 141.24816261, 41.25418114 ], [ 141.248002610000015, 41.25373031 ], [ 141.247919, 41.25340611 ], [ 141.24786261, 41.25311695 ], [ 141.247732610000014, 41.25263361 ], [ 141.247675110000017, 41.25237444 ], [ 141.24765012, 41.25219361 ], [ 141.247587610000011, 41.25204111 ], [ 141.24742261, 41.25175444 ], [ 141.247181500000011, 41.25155167 ], [ 141.24709511, 41.25147889 ], [ 141.247070120000018, 41.25131639 ], [ 141.247044, 41.25112556 ], [ 141.24703150000002, 41.25087805 ], [ 141.24691789000002, 41.25025639 ], [ 141.246848880000016, 41.25 ], [ 141.246848, 41.24999667 ], [ 141.246817890000017, 41.24988472 ], [ 141.246514280000014, 41.24919805 ], [ 141.24654261, 41.24919 ], [ 141.24661538, 41.24916972 ], [ 141.247070390000033, 41.24898805 ], [ 141.24790289, 41.24874084 ], [ 141.248432890000032, 41.24859751 ], [ 141.248937610000013, 41.2485025 ], [ 141.249241500000011, 41.24845417 ], [ 141.24924927, 41.24845028 ], [ 141.249670120000019, 41.248235 ], [ 141.25, 41.24810695 ], [ 141.250002610000024, 41.24810595 ], [ 141.250011500000028, 41.24810251 ], [ 141.250313990000024, 41.24797833 ], [ 141.250932580000011, 41.24769251 ], [ 141.251147590000016, 41.24755917 ], [ 141.25157647, 41.24740695 ], [ 141.252056470000014, 41.24716861 ], [ 141.25230898, 41.24707361 ], [ 141.25249202, 41.24701 ], [ 141.252776470000015, 41.24691111 ], [ 141.253395080000018, 41.24667277 ], [ 141.253395080000018, 41.24651111 ], [ 141.253420080000012, 41.24638695 ], [ 141.253596470000019, 41.24618695 ], [ 141.25400148, 41.24574777 ], [ 141.254455080000014, 41.24530056 ], [ 141.25485869000002, 41.24498556 ], [ 141.255061190000021, 41.24482305 ], [ 141.256058690000032, 41.24480472 ], [ 141.256979800000011, 41.24481389 ], [ 141.257952280000012, 41.24475639 ], [ 141.258333330000028, 41.24474225 ], [ 141.258335890000012, 41.24474214 ], [ 141.25947949, 41.24469972 ], [ 141.26036339, 41.2446525 ], [ 141.26060338000002, 41.24452836 ], [ 141.26108339000001, 41.24429003 ], [ 141.261512, 41.24414669 ], [ 141.262069780000019, 41.24400697 ], [ 141.262080890000021, 41.2440042 ], [ 141.26291336, 41.24393669 ], [ 141.26330586, 41.24391503 ], [ 141.26377808, 41.24397253 ], [ 141.26419558, 41.24391503 ], [ 141.264460580000019, 41.24381503 ], [ 141.264653090000024, 41.24371169 ], [ 141.264914190000013, 41.24357197 ], [ 141.265369470000024, 41.24346169 ], [ 141.265501700000016, 41.24342947 ], [ 141.26557503, 41.24341531 ], [ 141.265798080000025, 41.24337197 ], [ 141.26583808, 41.24337503 ], [ 141.266038080000015, 41.24339114 ], [ 141.266391700000014, 41.24359114 ], [ 141.26666667, 41.24376495 ], [ 141.266669200000024, 41.24376656 ], [ 141.26670808, 41.24379114 ], [ 141.267099200000018, 41.24404864 ], [ 141.267388910000022, 41.24421113 ], [ 141.267616420000024, 41.24428697 ], [ 141.26780531, 41.24429697 ], [ 141.268146390000027, 41.24429697 ], [ 141.268310270000029, 41.24440197 ], [ 141.268688880000013, 41.2446778 ], [ 141.26882778, 41.24477364 ], [ 141.269005280000016, 41.24483031 ], [ 141.26930778000002, 41.24483613 ], [ 141.269547780000011, 41.24486531 ], [ 141.269938880000012, 41.24496031 ], [ 141.270255280000015, 41.2450178 ], [ 141.270468890000018, 41.24504614 ], [ 141.270835010000013, 41.24513197 ], [ 141.2710375, 41.2451128 ], [ 141.27126501, 41.24517031 ], [ 141.271505010000027, 41.24527531 ], [ 141.27185750000001, 41.24540864 ], [ 141.27243861, 41.24552284 ], [ 141.2727925, 41.24555117 ], [ 141.27327248, 41.24561867 ], [ 141.27358747, 41.24570367 ], [ 141.27376497, 41.24581867 ], [ 141.27394872, 41.24599484 ], [ 141.273953580000011, 41.2459995 ], [ 141.274129690000024, 41.24624784 ], [ 141.274382190000011, 41.24654256 ], [ 141.2747108, 41.24676172 ], [ 141.27497581, 41.24702922 ], [ 141.275, 41.24706 ], [ 141.275002480000012, 41.24706313 ], [ 141.27520192, 41.24731672 ], [ 141.27521581000002, 41.24733423 ], [ 141.275455810000011, 41.24749589 ], [ 141.2756708, 41.24757256 ], [ 141.275973310000012, 41.24793505 ], [ 141.276339690000015, 41.24834505 ], [ 141.276591920000016, 41.24857339 ], [ 141.276794380000013, 41.24865922 ], [ 141.27715939, 41.24895505 ], [ 141.27736189, 41.24906005 ], [ 141.277614380000017, 41.24914589 ], [ 141.277778, 41.24920172 ], [ 141.278018, 41.24929759 ], [ 141.27838438, 41.24931675 ], [ 141.278713, 41.24939259 ], [ 141.278987450000017, 41.24947787 ], [ 141.27914189, 41.24952592 ], [ 141.27929161, 41.24955314 ], [ 141.279508, 41.24959259 ], [ 141.279856610000024, 41.2497212 ], [ 141.280076620000017, 41.24980259 ], [ 141.280429100000021, 41.24991675 ], [ 141.280807720000013, 41.24994592 ], [ 141.28107411000002, 41.24992675 ], [ 141.2814902, 41.24986008 ], [ 141.281792700000011, 41.24980259 ], [ 141.282045190000019, 41.24982175 ], [ 141.282475190000014, 41.24987925 ], [ 141.2827402, 41.24988841 ], [ 141.282891580000012, 41.24984092 ], [ 141.28309409000002, 41.24973592 ], [ 141.28333333, 41.24963851 ], [ 141.28333575, 41.24963751 ], [ 141.28358519, 41.24953592 ], [ 141.28419158, 41.24932592 ], [ 141.284582700000016, 41.2492312 ], [ 141.284873800000014, 41.24924036 ], [ 141.284943530000021, 41.24921536 ], [ 141.28554241, 41.24900203 ], [ 141.28680492, 41.24847786 ], [ 141.286994920000012, 41.24831536 ], [ 141.28715881, 41.24807703 ], [ 141.28741131000001, 41.24786703 ], [ 141.287752410000024, 41.2476962 ], [ 141.288357390000016, 41.2474862 ], [ 141.288625720000027, 41.24742647 ], [ 141.288785160000032, 41.24739092 ], [ 141.289039880000018, 41.24733397 ], [ 141.289658780000025, 41.24727647 ], [ 141.289898780000016, 41.24726731 ], [ 141.290226280000013, 41.24744813 ], [ 141.290453500000012, 41.2476198 ], [ 141.29081961, 41.24781984 ], [ 141.29127462, 41.24801039 ], [ 141.291501, 41.24809622 ], [ 141.291666670000012, 41.24814067 ], [ 141.29166905, 41.24814131 ], [ 141.29206961, 41.24824872 ], [ 141.292537110000012, 41.24831539 ], [ 141.292750970000014, 41.24829622 ], [ 141.293069590000016, 41.2482165 ], [ 141.293168470000012, 41.2481915 ], [ 141.293547080000025, 41.24802067 ], [ 141.29402597, 41.2478965 ], [ 141.2947082, 41.24778233 ], [ 141.29485236, 41.24777039 ], [ 141.2954018, 41.24772484 ], [ 141.2961593, 41.24767733 ], [ 141.29680319000002, 41.24764817 ], [ 141.2971818, 41.247629 ], [ 141.2975107, 41.24767733 ], [ 141.29759458, 41.24770539 ], [ 141.2979393, 41.24781984 ], [ 141.29820569, 41.24781067 ], [ 141.298710660000012, 41.24781984 ], [ 141.29907538, 41.24781067 ], [ 141.299505380000028, 41.24771484 ], [ 141.299921500000011, 41.24764817 ], [ 141.3, 41.24766659 ], [ 141.300002330000012, 41.24766711 ], [ 141.300287890000021, 41.247734 ], [ 141.300641500000012, 41.2478965 ], [ 141.30127289, 41.24827736 ], [ 141.301802890000033, 41.24853487 ], [ 141.302143990000019, 41.24873569 ], [ 141.302535380000023, 41.24890736 ], [ 141.302976200000018, 41.24910736 ], [ 141.303468690000017, 41.24930736 ], [ 141.3036337, 41.24926903 ], [ 141.303760080000018, 41.24912653 ], [ 141.304075080000018, 41.24875487 ], [ 141.304226200000016, 41.24854487 ], [ 141.30455508, 41.24828736 ], [ 141.304638690000019, 41.24820236 ], [ 141.3048837, 41.2479532 ], [ 141.305211190000023, 41.24762903 ], [ 141.30533759, 41.24749569 ], [ 141.30556508, 41.24744847 ], [ 141.306006200000013, 41.24743931 ], [ 141.306498690000012, 41.24745847 ], [ 141.30677759, 41.24745847 ], [ 141.3070162, 41.2471718 ], [ 141.307218690000013, 41.24684764 ], [ 141.30730759, 41.24670513 ], [ 141.307295080000017, 41.24644764 ], [ 141.30723119000001, 41.2462468 ], [ 141.30713008, 41.24596097 ], [ 141.30708008000002, 41.24585597 ], [ 141.30714258, 41.24573264 ], [ 141.307268690000029, 41.24561764 ], [ 141.30758508, 41.24542847 ], [ 141.30776119, 41.2453618 ], [ 141.30810258, 41.24510431 ], [ 141.308333330000011, 41.244899 ], [ 141.30833564, 41.24489695 ], [ 141.308531190000025, 41.24472292 ], [ 141.30891008, 41.24431292 ], [ 141.30920119000001, 41.24395041 ], [ 141.309541190000033, 41.24375959 ], [ 141.3097062, 41.24363625 ], [ 141.30988258, 41.24347375 ], [ 141.3102862, 41.24326459 ], [ 141.310488690000028, 41.24325459 ], [ 141.31077869, 41.24335959 ], [ 141.311157590000022, 41.24348375 ], [ 141.311775910000023, 41.24387459 ], [ 141.31183898, 41.24391153 ], [ 141.312167300000027, 41.24410292 ], [ 141.312765330000019, 41.2447282 ], [ 141.312988390000015, 41.24496125 ], [ 141.313530900000018, 41.24539931 ], [ 141.3137709, 41.24578097 ], [ 141.31393477, 41.24612433 ], [ 141.314048390000011, 41.24633433 ], [ 141.314325620000034, 41.24661017 ], [ 141.315260610000024, 41.2473735 ], [ 141.316018080000021, 41.24778351 ], [ 141.31647197, 41.247936 ], [ 141.316666670000018, 41.24801711 ], [ 141.316668910000033, 41.24801805 ], [ 141.316951970000019, 41.248136 ], [ 141.31746947000002, 41.248241 ], [ 141.31778531, 41.2482885 ], [ 141.31834031, 41.2483585 ], [ 141.318567810000019, 41.24843433 ], [ 141.31882031, 41.24853933 ], [ 141.31889669, 41.24867239 ], [ 141.31889669, 41.24900659 ], [ 141.31901031000001, 41.24938741 ], [ 141.319097810000017, 41.24957825 ], [ 141.31923667, 41.24977825 ], [ 141.319285280000031, 41.24980964 ], [ 141.319574, 41.24999686 ], [ 141.31957886, 41.25 ], [ 141.31959027000002, 41.25000741 ], [ 141.319842780000016, 41.25011241 ], [ 141.31998167, 41.25013159 ], [ 141.32008844, 41.25 ], [ 141.320091, 41.24999686 ], [ 141.32026027, 41.24978825 ], [ 141.32041167, 41.24966408 ], [ 141.320575280000014, 41.24963575 ], [ 141.320765280000018, 41.24958741 ], [ 141.320852780000024, 41.24948325 ], [ 141.32091667, 41.24927325 ], [ 141.32090416, 41.24899659 ], [ 141.320954160000014, 41.24882492 ], [ 141.32108027000001, 41.24848187 ], [ 141.320979170000015, 41.24809103 ], [ 141.32094167, 41.2479102 ], [ 141.32095419, 41.24753851 ], [ 141.32095419, 41.24724267 ], [ 141.320865310000016, 41.24695684 ], [ 141.3208028, 41.2468135 ], [ 141.320751700000017, 41.24651767 ], [ 141.32067669, 41.24616517 ], [ 141.3206892, 41.24602184 ], [ 141.32081531, 41.24591767 ], [ 141.321067810000017, 41.24583184 ], [ 141.32135781, 41.24576517 ], [ 141.32168669, 41.24567933 ], [ 141.32188781, 41.24550795 ], [ 141.321989200000019, 41.24529795 ], [ 141.32210280000001, 41.24511711 ], [ 141.32225419, 41.24492628 ], [ 141.322543640000021, 41.24477128 ], [ 141.32255781, 41.24476378 ], [ 141.32278531, 41.24470711 ], [ 141.32307531, 41.24472544 ], [ 141.3237192, 41.24484044 ], [ 141.324640270000032, 41.24496461 ], [ 141.32465027, 41.24496128 ], [ 141.324880270000023, 41.24488795 ], [ 141.325, 41.24482903 ], [ 141.325002220000016, 41.24482792 ], [ 141.325132500000024, 41.24476378 ], [ 141.325536390000025, 41.24457795 ], [ 141.325928880000021, 41.24445377 ], [ 141.32637, 41.24435878 ], [ 141.32668639000002, 41.2442538 ], [ 141.326825010000022, 41.24414877 ], [ 141.326837500000011, 41.24403461 ], [ 141.326798880000013, 41.24383489 ], [ 141.32673639, 41.24365323 ], [ 141.32666, 41.24333905 ], [ 141.32661, 41.24317656 ], [ 141.326711390000014, 41.24291905 ], [ 141.326900030000019, 41.24239489 ], [ 141.32679891, 41.24227072 ], [ 141.326647520000023, 41.24216656 ], [ 141.326181410000032, 41.24203239 ], [ 141.3259917, 41.24195656 ], [ 141.3258028, 41.24178489 ], [ 141.325724550000018, 41.24166667 ], [ 141.32572248, 41.2416635 ], [ 141.3256892, 41.24161323 ], [ 141.32558781, 41.24134656 ], [ 141.325511700000021, 41.24107017 ], [ 141.325550310000011, 41.24095517 ], [ 141.325840310000018, 41.24057433 ], [ 141.326041700000019, 41.24034517 ], [ 141.32605645000001, 41.24032084 ], [ 141.32610531, 41.24024017 ], [ 141.326016690000017, 41.240136 ], [ 141.32576419, 41.24004017 ], [ 141.325499200000024, 41.2398685 ], [ 141.3253228, 41.23972433 ], [ 141.32524669, 41.239591 ], [ 141.3252717, 41.239496 ], [ 141.32536031, 41.239391 ], [ 141.326357810000019, 41.23875211 ], [ 141.326505310000016, 41.23863572 ], [ 141.32666031, 41.23851377 ], [ 141.32677419, 41.23839044 ], [ 141.32677419, 41.23823792 ], [ 141.32668669, 41.23790375 ], [ 141.3266992, 41.23775125 ], [ 141.32676170000002, 41.23762708 ], [ 141.327191700000014, 41.23717959 ], [ 141.32763283, 41.23660736 ], [ 141.32780922, 41.23635986 ], [ 141.327885330000015, 41.23616903 ], [ 141.32799922, 41.2355782 ], [ 141.32799922, 41.23499653 ], [ 141.328049220000025, 41.2345082 ], [ 141.32815034, 41.23430847 ], [ 141.328415330000013, 41.23398431 ], [ 141.32845423, 41.23379347 ], [ 141.328415330000013, 41.23343097 ], [ 141.32839469000001, 41.23333333 ], [ 141.328394030000027, 41.23333014 ], [ 141.32835283, 41.23313513 ], [ 141.328340340000011, 41.23299264 ], [ 141.328491720000017, 41.23286847 ], [ 141.32908533, 41.23272514 ], [ 141.329311720000021, 41.23264931 ], [ 141.329425330000021, 41.23250597 ], [ 141.32970283, 41.23206792 ], [ 141.329942830000022, 41.23182959 ], [ 141.330410050000012, 41.23156208 ], [ 141.331071720000011, 41.23133208 ], [ 141.33139506, 41.23121959 ], [ 141.33159756, 41.23117459 ], [ 141.331685060000012, 41.23094541 ], [ 141.331660050000011, 41.23064041 ], [ 141.33159756, 41.22992567 ], [ 141.331546450000019, 41.22945817 ], [ 141.331558950000016, 41.22926817 ], [ 141.33166008, 41.22899151 ], [ 141.33185008, 41.228734 ], [ 141.33219008, 41.22846733 ], [ 141.33249397, 41.22815261 ], [ 141.332568970000011, 41.22796177 ], [ 141.332556470000014, 41.22778095 ], [ 141.332026470000017, 41.22716095 ], [ 141.33172425, 41.22665595 ], [ 141.331736740000025, 41.22650344 ], [ 141.331761750000027, 41.22643678 ], [ 141.331887860000023, 41.22631261 ], [ 141.332127860000014, 41.22618844 ], [ 141.33239287, 41.22617928 ], [ 141.33321258, 41.22621677 ], [ 141.333333330000016, 41.22623317 ], [ 141.33333564, 41.22623347 ], [ 141.333427590000014, 41.22624595 ], [ 141.333692580000019, 41.22630261 ], [ 141.33460148, 41.22629344 ], [ 141.33475397, 41.22627456 ], [ 141.334942580000018, 41.22619872 ], [ 141.335056470000012, 41.22604539 ], [ 141.335043970000015, 41.22586456 ], [ 141.334891750000025, 41.225624 ], [ 141.33476647, 41.22542623 ], [ 141.334613970000021, 41.22525039 ], [ 141.334538970000011, 41.22505956 ], [ 141.33452234, 41.225 ], [ 141.33452141, 41.22499678 ], [ 141.33447508, 41.22483123 ], [ 141.33448759, 41.22462123 ], [ 141.334513970000017, 41.22437372 ], [ 141.334450080000011, 41.22417289 ], [ 141.33446258, 41.22401122 ], [ 141.33441258000002, 41.22384872 ], [ 141.334450080000011, 41.22366817 ], [ 141.33475397, 41.22332484 ], [ 141.334942580000018, 41.22321067 ], [ 141.33515759, 41.22311484 ], [ 141.335397590000014, 41.22296233 ], [ 141.335598980000015, 41.2227048 ], [ 141.33563759, 41.22254314 ], [ 141.33571258, 41.2223048 ], [ 141.335789, 41.22211397 ], [ 141.33600261, 41.22160925 ], [ 141.336053990000011, 41.22140841 ], [ 141.335977610000015, 41.22114175 ], [ 141.33576428, 41.22047425 ], [ 141.33543538, 41.21975925 ], [ 141.335410390000021, 41.21963508 ], [ 141.33542567, 41.2195692 ], [ 141.335447890000012, 41.21947341 ], [ 141.335624280000019, 41.21918787 ], [ 141.33662178, 41.21823453 ], [ 141.337167060000013, 41.21774675 ], [ 141.337492890000021, 41.21745564 ], [ 141.33811178, 41.21674064 ], [ 141.33816975000002, 41.21666667 ], [ 141.33817231, 41.21666341 ], [ 141.33851542, 41.21622564 ], [ 141.3388693, 41.21563478 ], [ 141.33897042000001, 41.21525339 ], [ 141.33893319, 41.21510895 ], [ 141.33889431, 41.21495756 ], [ 141.33869292, 41.21449089 ], [ 141.33842791, 41.21407089 ], [ 141.33807431, 41.21365172 ], [ 141.337884310000021, 41.21347005 ], [ 141.337569300000013, 41.21335589 ], [ 141.33714070000002, 41.21331756 ], [ 141.336824580000012, 41.21332756 ], [ 141.336495690000021, 41.21333672 ], [ 141.336218200000019, 41.21327005 ], [ 141.336067080000021, 41.21311756 ], [ 141.3359407, 41.21294589 ], [ 141.33586458000002, 41.21276505 ], [ 141.335802090000016, 41.21254589 ], [ 141.33559961, 41.21133531 ], [ 141.335549610000015, 41.21107113 ], [ 141.335549610000015, 41.21069031 ], [ 141.335549610000015, 41.21067031 ], [ 141.335650730000026, 41.21032697 ], [ 141.33568822, 41.21013613 ], [ 141.335928220000028, 41.20964059 ], [ 141.336079610000013, 41.20934559 ], [ 141.33633211, 41.20878308 ], [ 141.33629489, 41.20844892 ], [ 141.33626847, 41.20833333 ], [ 141.33626769, 41.20833003 ], [ 141.336168500000014, 41.20789641 ], [ 141.335827420000015, 41.20747669 ], [ 141.335701020000016, 41.20715253 ], [ 141.335599920000021, 41.20677169 ], [ 141.33534742, 41.20642833 ], [ 141.334881020000012, 41.20589417 ], [ 141.334779920000017, 41.20571333 ], [ 141.33472852, 41.20551251 ], [ 141.33476742000002, 41.20533167 ], [ 141.33491852, 41.20503611 ], [ 141.33501992, 41.20480777 ], [ 141.335107420000014, 41.20444528 ], [ 141.33522131, 41.20384361 ], [ 141.3353102, 41.20361444 ], [ 141.33538630000001, 41.20339528 ], [ 141.335612700000013, 41.20289056 ], [ 141.3357138, 41.20272805 ], [ 141.33591633, 41.20240389 ], [ 141.335990510000016, 41.20228528 ], [ 141.33613022, 41.20206139 ], [ 141.336231340000012, 41.20178472 ], [ 141.336408830000011, 41.20146056 ], [ 141.33647134, 41.20122223 ], [ 141.336723840000019, 41.20071664 ], [ 141.33683772, 41.2004308 ], [ 141.33705272, 41.2001258 ], [ 141.337141340000016, 41.20001164 ], [ 141.337143110000028, 41.2 ], [ 141.337143640000022, 41.19999664 ], [ 141.33716633, 41.19984914 ], [ 141.337102720000019, 41.19954413 ], [ 141.33690134, 41.19890608 ], [ 141.33685022, 41.19868275 ], [ 141.336825230000017, 41.19844441 ], [ 141.33673633, 41.19812025 ], [ 141.336396330000014, 41.19750025 ], [ 141.33620636, 41.19727108 ], [ 141.335726350000016, 41.19686192 ], [ 141.33522163, 41.19649941 ], [ 141.334426640000032, 41.19600356 ], [ 141.333758030000013, 41.19555551 ], [ 141.333429140000021, 41.195298 ], [ 141.333335810000023, 41.19520653 ], [ 141.333333330000016, 41.19520411 ], [ 141.333176640000033, 41.1950505 ], [ 141.332959970000019, 41.19476744 ], [ 141.332899140000023, 41.194688 ], [ 141.33236942000002, 41.19423217 ], [ 141.33221691, 41.194003 ], [ 141.331763310000014, 41.19351717 ], [ 141.331548340000012, 41.19323133 ], [ 141.33125834, 41.19280244 ], [ 141.331106940000012, 41.19253492 ], [ 141.33084195, 41.19197241 ], [ 141.33062694, 41.19169659 ], [ 141.330607760000021, 41.19166667 ], [ 141.33060555, 41.19166325 ], [ 141.33042472, 41.19138159 ], [ 141.330261120000017, 41.19106741 ], [ 141.33010973, 41.19083825 ], [ 141.32998361, 41.19047408 ], [ 141.32994861, 41.19020186 ], [ 141.32991973, 41.18997853 ], [ 141.32989472, 41.18959686 ], [ 141.329869730000013, 41.18925353 ], [ 141.32990722, 41.1887202 ], [ 141.32990722, 41.18837687 ], [ 141.329919750000016, 41.18800547 ], [ 141.32995864, 41.18779544 ], [ 141.32984475, 41.18752877 ], [ 141.329466130000014, 41.18658461 ], [ 141.329431410000012, 41.18651017 ], [ 141.329137520000018, 41.18587877 ], [ 141.328835030000022, 41.18539905 ], [ 141.328670030000012, 41.18516072 ], [ 141.32859503, 41.18482656 ], [ 141.32859503, 41.18459823 ], [ 141.328733920000019, 41.18400656 ], [ 141.328847520000011, 41.18354905 ], [ 141.32898642, 41.18334931 ], [ 141.32901042, 41.18333333 ], [ 141.32901558, 41.18332986 ], [ 141.329301410000028, 41.18313931 ], [ 141.32963003, 41.18293931 ], [ 141.329971410000013, 41.18276764 ], [ 141.330185030000024, 41.18251931 ], [ 141.330197560000016, 41.1822618 ], [ 141.33021144, 41.18210013 ], [ 141.330122550000027, 41.18177597 ], [ 141.33000895, 41.18152792 ], [ 141.32978144, 41.18129959 ], [ 141.32968005, 41.18113708 ], [ 141.329402550000026, 41.18087041 ], [ 141.32922645, 41.18058459 ], [ 141.329100050000022, 41.18026959 ], [ 141.329023940000013, 41.17996459 ], [ 141.32897394, 41.17979292 ], [ 141.328860050000031, 41.17949792 ], [ 141.328682550000025, 41.17914459 ], [ 141.328355330000022, 41.17888736 ], [ 141.32811533, 41.17869903 ], [ 141.328062550000027, 41.17866736 ], [ 141.32768533, 41.1784415 ], [ 141.327244230000019, 41.17826984 ], [ 141.32706783, 41.17816484 ], [ 141.326815330000017, 41.17784984 ], [ 141.326587860000018, 41.17754484 ], [ 141.326328140000015, 41.17710011 ], [ 141.32617036000002, 41.17682984 ], [ 141.325892870000018, 41.17641067 ], [ 141.32574202, 41.176239 ], [ 141.325553140000011, 41.1760765 ], [ 141.32517453, 41.17598151 ], [ 141.325002580000017, 41.17595884 ], [ 141.325, 41.17595847 ], [ 141.32495953, 41.17595317 ], [ 141.32474453, 41.17597233 ], [ 141.324618140000013, 41.175934 ], [ 141.32451703000001, 41.175829 ], [ 141.32451703000001, 41.17569595 ], [ 141.32455564, 41.17545011 ], [ 141.324504530000013, 41.17525928 ], [ 141.324442020000021, 41.17508759 ], [ 141.324421500000028, 41.175 ], [ 141.324420660000015, 41.17499647 ], [ 141.324390640000018, 41.17486841 ], [ 141.324189530000012, 41.17474425 ], [ 141.323885640000015, 41.17457259 ], [ 141.32367202, 41.17449592 ], [ 141.32350703, 41.17444841 ], [ 141.32331815, 41.17436259 ], [ 141.323242310000012, 41.17424841 ], [ 141.323267300000026, 41.17405759 ], [ 141.32345730000003, 41.17376175 ], [ 141.323709800000017, 41.17353341 ], [ 141.32388591, 41.1733812 ], [ 141.323924810000022, 41.17321869 ], [ 141.323999800000024, 41.17285703 ], [ 141.32410092, 41.17253286 ], [ 141.324227300000018, 41.17232286 ], [ 141.32430341, 41.1721412 ], [ 141.32432345, 41.17189313 ], [ 141.324335670000011, 41.17174008 ], [ 141.324340950000021, 41.17167453 ], [ 141.324353450000018, 41.17144536 ], [ 141.32437844, 41.1711598 ], [ 141.32439095, 41.17090231 ], [ 141.324303450000031, 41.17056897 ], [ 141.32416484, 41.17042564 ], [ 141.32393733, 41.17035897 ], [ 141.323368440000024, 41.17030144 ], [ 141.323198170000012, 41.17029117 ], [ 141.323053450000032, 41.17028228 ], [ 141.322838440000027, 41.17022561 ], [ 141.32259844, 41.17023477 ], [ 141.322333720000017, 41.17019644 ], [ 141.32194261, 41.17000644 ], [ 141.321727610000011, 41.16988228 ], [ 141.32153872, 41.16979644 ], [ 141.32137372, 41.16967228 ], [ 141.32104623, 41.16938644 ], [ 141.32108122, 41.16931144 ], [ 141.32116511000001, 41.16919644 ], [ 141.32124872, 41.16907728 ], [ 141.32120261, 41.16901395 ], [ 141.321117610000016, 41.16895728 ], [ 141.32093122, 41.16882895 ], [ 141.32068012000002, 41.16864561 ], [ 141.32050261, 41.16849728 ], [ 141.32031623, 41.16832811 ], [ 141.320046500000018, 41.16809589 ], [ 141.319766500000014, 41.16794756 ], [ 141.31954289, 41.16780672 ], [ 141.319366500000029, 41.16765172 ], [ 141.319329, 41.16749005 ], [ 141.319440390000011, 41.16727172 ], [ 141.31955066, 41.16716923 ], [ 141.319645380000026, 41.16708089 ], [ 141.319814030000032, 41.16691169 ], [ 141.32011153000002, 41.16667253 ], [ 141.32012131, 41.16666667 ], [ 141.32012728, 41.16666308 ], [ 141.32033542, 41.16653836 ], [ 141.32060542, 41.1663342 ], [ 141.320912920000012, 41.16616503 ], [ 141.32115514, 41.16606697 ], [ 141.321081530000015, 41.16598947 ], [ 141.320829030000027, 41.16586947 ], [ 141.320559030000027, 41.16572113 ], [ 141.32030791, 41.16551031 ], [ 141.319990420000011, 41.1653478 ], [ 141.31960903, 41.1652278 ], [ 141.31944042, 41.16506613 ], [ 141.31934791, 41.16493947 ], [ 141.31933791, 41.16474864 ], [ 141.31944042, 41.16446197 ], [ 141.31950652, 41.16407447 ], [ 141.319525420000019, 41.16387697 ], [ 141.319525420000019, 41.16366531 ], [ 141.319477910000018, 41.16351808 ], [ 141.319310410000014, 41.16334892 ], [ 141.319040700000016, 41.16308808 ], [ 141.318770700000016, 41.16275641 ], [ 141.318499300000013, 41.16239725 ], [ 141.318434310000015, 41.16217889 ], [ 141.318490700000012, 41.16205222 ], [ 141.3186493, 41.16194639 ], [ 141.31913319, 41.16184723 ], [ 141.3194593, 41.16179808 ], [ 141.31989791, 41.16179141 ], [ 141.32014042, 41.16178392 ], [ 141.320214030000017, 41.16165725 ], [ 141.32033542, 41.16134753 ], [ 141.320392090000013, 41.16099167 ], [ 141.32040042, 41.16093917 ], [ 141.32043791000001, 41.16069251 ], [ 141.320531530000011, 41.16038917 ], [ 141.32060542, 41.160255 ], [ 141.320726520000022, 41.16019333 ], [ 141.32096042, 41.16001751 ], [ 141.32144403, 41.15981333 ], [ 141.32170542, 41.15975 ], [ 141.321761530000032, 41.159665 ], [ 141.32167791, 41.15955917 ], [ 141.321575420000016, 41.15946751 ], [ 141.32143542, 41.15936167 ], [ 141.321257910000014, 41.15920028 ], [ 141.321071830000022, 41.15896777 ], [ 141.320950730000021, 41.15872111 ], [ 141.320913220000023, 41.15854528 ], [ 141.321006830000016, 41.15838277 ], [ 141.321043, 41.15833333 ], [ 141.32104564, 41.15832972 ], [ 141.321295720000023, 41.15798778 ], [ 141.321408220000023, 41.15776278 ], [ 141.321389340000025, 41.15761444 ], [ 141.321333220000014, 41.15745278 ], [ 141.321295720000023, 41.15718444 ], [ 141.321184330000023, 41.15677611 ], [ 141.32113684, 41.15660723 ], [ 141.32104433, 41.15652305 ], [ 141.320923220000026, 41.15627639 ], [ 141.32078322000001, 41.15600972 ], [ 141.320718220000032, 41.15579139 ], [ 141.32069934, 41.15562223 ], [ 141.320829340000017, 41.15532639 ], [ 141.320960730000024, 41.15505139 ], [ 141.32116572000001, 41.15493223 ], [ 141.321351830000026, 41.15488223 ], [ 141.32155683000002, 41.15484722 ], [ 141.321891830000027, 41.15482639 ], [ 141.322274330000027, 41.15477639 ], [ 141.32259073000003, 41.15464972 ], [ 141.32275934, 41.15452333 ], [ 141.32287073, 41.15429751 ], [ 141.322954330000016, 41.15410751 ], [ 141.32265684, 41.15391 ], [ 141.322368220000016, 41.15378333 ], [ 141.321929340000025, 41.15361417 ], [ 141.32151934, 41.1535225 ], [ 141.32118462, 41.15343833 ], [ 141.32090462, 41.15334667 ], [ 141.32087655, 41.15333167 ], [ 141.32058711, 41.15317747 ], [ 141.32021462, 41.1529658 ], [ 141.319861, 41.15294497 ], [ 141.319311, 41.1528458 ], [ 141.318976, 41.15264164 ], [ 141.31863961, 41.15250831 ], [ 141.31829489, 41.1524308 ], [ 141.317951280000017, 41.15236664 ], [ 141.317568780000016, 41.15235331 ], [ 141.31731739, 41.15240247 ], [ 141.31718995, 41.15246203 ], [ 141.317046280000028, 41.15252914 ], [ 141.316776280000028, 41.15262747 ], [ 141.31666934, 41.15263705 ], [ 141.316666670000018, 41.15263731 ], [ 141.31645988, 41.1526558 ], [ 141.316002390000023, 41.15263497 ], [ 141.315508780000016, 41.15255747 ], [ 141.31510878, 41.15243747 ], [ 141.31461406, 41.15230331 ], [ 141.314287690000015, 41.15223331 ], [ 141.31393409, 41.1522258 ], [ 141.31372908, 41.15229664 ], [ 141.31358019000001, 41.15228913 ], [ 141.313365190000013, 41.15214164 ], [ 141.313095190000013, 41.15200747 ], [ 141.312834090000024, 41.15194414 ], [ 141.31259270000001, 41.15193747 ], [ 141.31232158, 41.15202164 ], [ 141.31214519, 41.15202164 ], [ 141.31198659, 41.15200747 ], [ 141.31167908, 41.15190913 ], [ 141.311147980000015, 41.1516908 ], [ 141.310877980000015, 41.15164831 ], [ 141.310594920000028, 41.15168747 ], [ 141.310570470000016, 41.1516908 ], [ 141.31050575, 41.15171664 ], [ 141.310131860000013, 41.15186636 ], [ 141.30967547, 41.15200053 ], [ 141.30922798, 41.15222553 ], [ 141.308790470000019, 41.15240887 ], [ 141.308684090000014, 41.15242969 ], [ 141.308612970000013, 41.15244387 ], [ 141.308370470000028, 41.15241636 ], [ 141.308369920000018, 41.15241636 ], [ 141.308336030000021, 41.15240975 ], [ 141.308333330000011, 41.15240922 ], [ 141.30800686, 41.15234553 ], [ 141.307569360000031, 41.15229636 ], [ 141.30715964, 41.15227469 ], [ 141.30677713, 41.15231053 ], [ 141.30627464, 41.15236636 ], [ 141.30586464000001, 41.15241636 ], [ 141.305379640000012, 41.15243053 ], [ 141.30497825, 41.15245136 ], [ 141.30454964, 41.15257969 ], [ 141.304037130000012, 41.15274887 ], [ 141.30357214, 41.15291775 ], [ 141.303152410000024, 41.15311525 ], [ 141.302696030000021, 41.15327692 ], [ 141.302378520000019, 41.15338275 ], [ 141.30200603, 41.15355941 ], [ 141.30169852, 41.15373525 ], [ 141.301381030000016, 41.15386941 ], [ 141.301064920000016, 41.15398859 ], [ 141.300673530000012, 41.15406692 ], [ 141.300319920000021, 41.15424941 ], [ 141.300189640000013, 41.15428025 ], [ 141.3000027, 41.15432433 ], [ 141.3, 41.15432497 ], [ 141.29989992000003, 41.15434859 ], [ 141.29941492, 41.15439775 ], [ 141.298958520000014, 41.15445441 ], [ 141.298613800000027, 41.1544958 ], [ 141.298325190000014, 41.15459664 ], [ 141.29796131, 41.15478664 ], [ 141.29769131, 41.15479414 ], [ 141.29732769, 41.15471664 ], [ 141.296843800000033, 41.15463913 ], [ 141.29640519, 41.15463164 ], [ 141.29596769, 41.1546808 ], [ 141.2958027, 41.15471413 ], [ 141.29558519, 41.15475831 ], [ 141.295183800000018, 41.1548858 ], [ 141.295112970000019, 41.1549222 ], [ 141.294840470000025, 41.15506164 ], [ 141.294550470000019, 41.15523747 ], [ 141.29430908, 41.15546331 ], [ 141.29423409, 41.15562497 ], [ 141.294075470000024, 41.15576664 ], [ 141.29386158, 41.15584414 ], [ 141.293554090000015, 41.15586497 ], [ 141.29325547000002, 41.15596303 ], [ 141.292975470000016, 41.15607636 ], [ 141.292705470000016, 41.15611136 ], [ 141.29236047, 41.15614636 ], [ 141.29208158, 41.15625969 ], [ 141.291829080000014, 41.15649887 ], [ 141.291680470000017, 41.15657636 ], [ 141.291669360000014, 41.15657887 ], [ 141.291666670000012, 41.15657947 ], [ 141.29142908, 41.15663303 ], [ 141.291186590000024, 41.15669636 ], [ 141.291027980000024, 41.15681636 ], [ 141.29084158, 41.15698553 ], [ 141.29067409000001, 41.15720387 ], [ 141.290552970000022, 41.15725969 ], [ 141.29039185000002, 41.15729636 ], [ 141.290366590000019, 41.1573022 ], [ 141.290180470000024, 41.15737969 ], [ 141.289937980000019, 41.15740053 ], [ 141.28974158, 41.15735887 ], [ 141.28939825, 41.15725303 ], [ 141.28901575, 41.1571822 ], [ 141.288764360000016, 41.15716803 ], [ 141.288633260000012, 41.1572672 ], [ 141.28853075, 41.15739359 ], [ 141.288409360000031, 41.15764025 ], [ 141.288166860000018, 41.15778859 ], [ 141.287971850000019, 41.15783025 ], [ 141.28787825, 41.15779525 ], [ 141.28782326000001, 41.15769692 ], [ 141.28777575, 41.15747775 ], [ 141.287701850000019, 41.15725941 ], [ 141.287626860000017, 41.15699887 ], [ 141.28753326, 41.15684387 ], [ 141.287309360000023, 41.15679469 ], [ 141.287039360000023, 41.15680887 ], [ 141.286769360000022, 41.15684387 ], [ 141.28652686, 41.15683025 ], [ 141.28620075, 41.15685108 ], [ 141.285866030000022, 41.15686525 ], [ 141.285642140000022, 41.15685108 ], [ 141.285427130000016, 41.15663941 ], [ 141.28524103, 41.15651303 ], [ 141.28497103, 41.15622387 ], [ 141.284738520000019, 41.15602636 ], [ 141.28459852, 41.15592803 ], [ 141.28447713, 41.15573803 ], [ 141.28429964, 41.15549803 ], [ 141.284086030000026, 41.1553572 ], [ 141.28382467, 41.15522303 ], [ 141.283498560000027, 41.15517387 ], [ 141.283336060000011, 41.15515253 ], [ 141.28333333, 41.15515217 ], [ 141.283132440000031, 41.1551258 ], [ 141.283042170000016, 41.15511386 ], [ 141.282827450000013, 41.15505803 ], [ 141.28270633, 41.15496636 ], [ 141.28254883, 41.15481136 ], [ 141.28242745, 41.1545572 ], [ 141.28216633, 41.15428303 ], [ 141.282146330000018, 41.15427108 ], [ 141.282036330000011, 41.15420553 ], [ 141.281867440000013, 41.15425469 ], [ 141.281662440000019, 41.15436053 ], [ 141.281402440000022, 41.15445136 ], [ 141.281252440000031, 41.1544022 ], [ 141.280949100000015, 41.15421913 ], [ 141.28092633, 41.15420553 ], [ 141.28091745, 41.1540922 ], [ 141.281103840000014, 41.1539722 ], [ 141.28114134, 41.15379636 ], [ 141.28093633, 41.15367636 ], [ 141.280609950000013, 41.1534372 ], [ 141.28044717, 41.15335914 ], [ 141.280154110000012, 41.15321887 ], [ 141.279976620000014, 41.15321887 ], [ 141.27969662000001, 41.15333136 ], [ 141.279407720000023, 41.15335969 ], [ 141.27930523, 41.15330303 ], [ 141.27926772, 41.15319053 ], [ 141.27931523, 41.15305969 ], [ 141.27932411, 41.15293303 ], [ 141.27931523, 41.1528272 ], [ 141.279175230000021, 41.15281303 ], [ 141.27881161000002, 41.15289053 ], [ 141.27866272, 41.15290469 ], [ 141.27855022, 41.15283469 ], [ 141.278466620000017, 41.15269387 ], [ 141.27855022, 41.15253136 ], [ 141.27857828, 41.15249664 ], [ 141.27865272, 41.15240469 ], [ 141.278792720000013, 41.15230664 ], [ 141.27878411, 41.15215831 ], [ 141.278699100000011, 41.15203164 ], [ 141.278541610000019, 41.15198247 ], [ 141.278307720000015, 41.1520808 ], [ 141.278047720000018, 41.15213747 ], [ 141.277832720000021, 41.15209469 ], [ 141.277479100000022, 41.15169331 ], [ 141.27736662, 41.15152414 ], [ 141.27736662, 41.15132664 ], [ 141.277283, 41.15117913 ], [ 141.2771155, 41.15096744 ], [ 141.277031890000018, 41.15072744 ], [ 141.2771155, 41.15053078 ], [ 141.277218, 41.15040328 ], [ 141.277040510000035, 41.15036161 ], [ 141.27681689, 41.15046661 ], [ 141.276500510000034, 41.15065744 ], [ 141.27632682, 41.15069956 ], [ 141.276329300000015, 41.15070086 ], [ 141.276335640000013, 41.15070264 ], [ 141.2763409, 41.15070317 ], [ 141.27636361, 41.1507012 ], [ 141.27638564, 41.1506975 ], [ 141.27639455000002, 41.15069728 ], [ 141.276401920000012, 41.15069753 ], [ 141.276407440000014, 41.15069922 ], [ 141.276412240000013, 41.15070211 ], [ 141.276415110000016, 41.15070639 ], [ 141.276415970000016, 41.15070756 ], [ 141.276419100000027, 41.15071475 ], [ 141.27642047, 41.15072133 ], [ 141.27642086, 41.15072844 ], [ 141.27641336, 41.15076431 ], [ 141.276407520000021, 41.15079828 ], [ 141.27640711, 41.15082592 ], [ 141.276406330000015, 41.15085069 ], [ 141.27640872, 41.15086889 ], [ 141.276412390000019, 41.15088497 ], [ 141.276421140000025, 41.15091089 ], [ 141.276428690000017, 41.15093384 ], [ 141.27643419, 41.15095705 ], [ 141.276440080000015, 41.15097972 ], [ 141.27644611, 41.15102744 ], [ 141.27645056, 41.15106884 ], [ 141.27645872, 41.15111339 ], [ 141.276468, 41.15116297 ], [ 141.276481780000012, 41.151211 ], [ 141.27649739, 41.15126244 ], [ 141.27650431, 41.15128131 ], [ 141.276598, 41.15168331 ], [ 141.27663438, 41.15188553 ], [ 141.27672438, 41.15201469 ], [ 141.27678438, 41.15209969 ], [ 141.276820510000022, 41.15213303 ], [ 141.276833, 41.15214969 ], [ 141.27701411000001, 41.1523922 ], [ 141.27706661000002, 41.15245387 ], [ 141.27717772, 41.15253886 ], [ 141.277237720000016, 41.1525722 ], [ 141.277371610000017, 41.15263969 ], [ 141.277646620000013, 41.15274136 ], [ 141.277699110000015, 41.15276969 ], [ 141.277802720000011, 41.15283136 ], [ 141.27788523000001, 41.15295553 ], [ 141.278019100000023, 41.15316969 ], [ 141.27810772, 41.15332136 ], [ 141.278182720000018, 41.15349553 ], [ 141.27821272, 41.15356886 ], [ 141.278346610000028, 41.1539522 ], [ 141.27838272, 41.15418303 ], [ 141.27841272, 41.15450387 ], [ 141.27840523, 41.15489192 ], [ 141.278375230000023, 41.15530859 ], [ 141.27838272, 41.15553359 ], [ 141.27841272, 41.15563525 ], [ 141.27853883, 41.15593359 ], [ 141.27867384000001, 41.15631108 ], [ 141.27888134, 41.15677275 ], [ 141.27891883, 41.15689108 ], [ 141.27891883, 41.15690192 ], [ 141.278941340000017, 41.15693608 ], [ 141.278963840000017, 41.15708192 ], [ 141.278963840000017, 41.15718941 ], [ 141.27898633, 41.15732441 ], [ 141.279014940000025, 41.15770164 ], [ 141.27902384, 41.15799414 ], [ 141.27905852, 41.15832969 ], [ 141.279058890000016, 41.15833333 ], [ 141.27905995, 41.15834331 ], [ 141.279052440000015, 41.15846664 ], [ 141.27900134, 41.1587658 ], [ 141.278896300000014, 41.15923331 ], [ 141.27881492000003, 41.159655 ], [ 141.278784920000021, 41.15984084 ], [ 141.278754920000011, 41.15999333 ], [ 141.27872492000003, 41.16013889 ], [ 141.27868131, 41.16044305 ], [ 141.2786527, 41.16057917 ], [ 141.278636300000016, 41.16065723 ], [ 141.27859131, 41.16092223 ], [ 141.27856881, 41.16101223 ], [ 141.27855492, 41.16110223 ], [ 141.278532410000025, 41.16118056 ], [ 141.278387, 41.16145839 ], [ 141.278279920000017, 41.16179047 ], [ 141.27794895, 41.16255056 ], [ 141.27771533, 41.16303761 ], [ 141.27754986, 41.16365756 ], [ 141.27740384, 41.16412984 ], [ 141.27715075, 41.16494161 ], [ 141.27692689, 41.16554672 ], [ 141.27675167000001, 41.16619613 ], [ 141.276586160000022, 41.16662417 ], [ 141.276574360000012, 41.16666308 ], [ 141.27657328, 41.16666667 ], [ 141.27633309, 41.16745808 ], [ 141.27608973, 41.16826247 ], [ 141.2758417, 41.1689212 ], [ 141.27577492, 41.16907636 ], [ 141.275728440000023, 41.16918531 ], [ 141.275626830000022, 41.16948356 ], [ 141.275522310000014, 41.16977959 ], [ 141.275443920000015, 41.17001731 ], [ 141.275304580000011, 41.17051803 ], [ 141.27525667, 41.17076564 ], [ 141.27521167, 41.17104628 ], [ 141.275162310000013, 41.17116797 ], [ 141.275002700000016, 41.17151756 ], [ 141.275, 41.17152344 ], [ 141.27460966000001, 41.17237833 ], [ 141.27424886, 41.17365853 ], [ 141.27384973, 41.17492705 ], [ 141.27381975, 41.17499644 ], [ 141.27381822000001, 41.175 ], [ 141.273565720000022, 41.17558461 ], [ 141.273404530000022, 41.17585228 ], [ 141.27327406, 41.17601522 ], [ 141.27313589000002, 41.176376 ], [ 141.27299772, 41.17683569 ], [ 141.27265008, 41.17763767 ], [ 141.27242852, 41.17820536 ], [ 141.272145720000026, 41.17875595 ], [ 141.271761920000017, 41.17970444 ], [ 141.271393500000016, 41.18050744 ], [ 141.271101830000021, 41.18088569 ], [ 141.27100202, 41.18133377 ], [ 141.27064128, 41.18225317 ], [ 141.270526140000015, 41.18272451 ], [ 141.270326520000026, 41.1833298 ], [ 141.270325360000015, 41.18333333 ], [ 141.270242140000022, 41.18358572 ], [ 141.26985837, 41.18443528 ], [ 141.269750890000012, 41.18493572 ], [ 141.269251970000028, 41.18601803 ], [ 141.269091480000014, 41.18654636 ], [ 141.26910856, 41.18663922 ], [ 141.269228200000015, 41.18670613 ], [ 141.26909717, 41.18672775 ], [ 141.26901455, 41.18679684 ], [ 141.268737720000018, 41.18718764 ], [ 141.2684537, 41.18786264 ], [ 141.26802387, 41.18863078 ], [ 141.2676017, 41.18923014 ], [ 141.267179530000021, 41.19013205 ], [ 141.266864840000011, 41.19099908 ], [ 141.266669300000018, 41.191453 ], [ 141.26666667, 41.19145917 ], [ 141.2666192, 41.19156933 ], [ 141.26656678, 41.19166317 ], [ 141.26656484, 41.19166667 ], [ 141.266204690000023, 41.19231128 ], [ 141.265705770000011, 41.19353328 ], [ 141.26526825, 41.19444103 ], [ 141.26500728000002, 41.19507531 ], [ 141.264397060000022, 41.19626236 ], [ 141.264197500000023, 41.19663189 ], [ 141.26409003, 41.19681808 ], [ 141.263987200000031, 41.19699403 ], [ 141.263955690000017, 41.19704795 ], [ 141.26386358, 41.19741744 ], [ 141.26372158, 41.19762692 ], [ 141.263483650000012, 41.19803136 ], [ 141.26302691, 41.19893036 ], [ 141.262673840000019, 41.19961703 ], [ 141.26122791, 41.1993232 ], [ 141.260959360000015, 41.19926136 ], [ 141.260786130000014, 41.19961528 ], [ 141.260504420000018, 41.19999653 ], [ 141.260501850000026, 41.2 ], [ 141.259765470000019, 41.20099647 ], [ 141.25833764, 41.20143189 ], [ 141.258336, 41.20143147 ], [ 141.258333330000028, 41.20143077 ], [ 141.2571709, 41.20112786 ], [ 141.257143610000014, 41.20120903 ], [ 141.258333330000028, 41.201522 ], [ 141.258336, 41.20152269 ], [ 141.25833878, 41.20152341 ], [ 141.25986859, 41.20103311 ], [ 141.26061406, 41.2 ], [ 141.26061655, 41.19999653 ], [ 141.260864670000018, 41.19965267 ], [ 141.262153550000022, 41.19993172 ], [ 141.262124840000013, 41.19999653 ], [ 141.262123310000021, 41.2 ], [ 141.26182326, 41.20067723 ], [ 141.26169783, 41.20095628 ], [ 141.260583060000016, 41.20071759 ], [ 141.26050623, 41.20087661 ], [ 141.26066031000002, 41.20091328 ], [ 141.26145761, 41.20111756 ], [ 141.26133464, 41.20143286 ], [ 141.261116300000026, 41.20198913 ], [ 141.26096689, 41.20238714 ], [ 141.25970497, 41.20215139 ], [ 141.25938564, 41.20179775 ], [ 141.25931144, 41.20185187 ], [ 141.25965686, 41.20222289 ], [ 141.26093173000001, 41.20247211 ], [ 141.260617450000012, 41.20337314 ], [ 141.25999837, 41.20489859 ], [ 141.259689030000033, 41.20565905 ], [ 141.25833597, 41.2078578 ], [ 141.258333330000028, 41.20786208 ], [ 141.25818153000003, 41.20810877 ], [ 141.25808042, 41.20831961 ], [ 141.258077610000015, 41.20832989 ], [ 141.25807667, 41.20833333 ], [ 141.25802403000003, 41.20852711 ], [ 141.257944030000033, 41.20872184 ], [ 141.257846520000015, 41.20889267 ], [ 141.257434030000013, 41.20948433 ], [ 141.256571530000031, 41.21084072 ], [ 141.255949030000011, 41.21182323 ], [ 141.25487042, 41.21354044 ], [ 141.254676520000032, 41.21384544 ], [ 141.25434542, 41.21428464 ], [ 141.253816520000015, 41.21495936 ], [ 141.253646520000018, 41.21515436 ], [ 141.25354153, 41.21533769 ], [ 141.25335542000002, 41.21571603 ], [ 141.25310542, 41.21610603 ], [ 141.25276095000001, 41.21666325 ], [ 141.25275883, 41.21666667 ], [ 141.252701530000024, 41.21675936 ], [ 141.252502920000012, 41.21706769 ], [ 141.25247153, 41.21715241 ], [ 141.25239292, 41.21723325 ], [ 141.25220403000003, 41.21742741 ], [ 141.25193042, 41.21787131 ], [ 141.251597910000015, 41.21838492 ], [ 141.250976520000023, 41.21922713 ], [ 141.250269030000027, 41.22032214 ], [ 141.250002630000012, 41.22071247 ], [ 141.25, 41.22071636 ], [ 141.249324030000025, 41.22170687 ], [ 141.248826520000023, 41.2223752 ], [ 141.248187910000013, 41.22340687 ], [ 141.24800292, 41.22370492 ], [ 141.24766292000001, 41.22418159 ], [ 141.246989800000023, 41.22499659 ], [ 141.246987, 41.225 ], [ 141.246421560000016, 41.22568467 ], [ 141.24628795000001, 41.225818 ], [ 141.24601905, 41.22625717 ], [ 141.24598905, 41.22630217 ], [ 141.245847950000012, 41.22649884 ], [ 141.245699050000013, 41.2267355 ], [ 141.24566156, 41.22679133 ], [ 141.24565406, 41.22683717 ], [ 141.24553545, 41.22701133 ], [ 141.245475450000015, 41.2270955 ], [ 141.245437950000024, 41.22712967 ], [ 141.245259050000016, 41.227338 ], [ 141.245132940000019, 41.22746217 ], [ 141.24496905, 41.22761356 ], [ 141.244819050000018, 41.22778772 ], [ 141.244461560000019, 41.22821022 ], [ 141.24436545, 41.22832272 ], [ 141.24420905, 41.22850356 ], [ 141.24407406, 41.22867189 ], [ 141.24394795, 41.22882439 ], [ 141.24391795, 41.22885189 ], [ 141.243716550000016, 41.22912856 ], [ 141.24356795, 41.22931439 ], [ 141.24348545, 41.22943272 ], [ 141.24344156, 41.22949439 ], [ 141.24339655, 41.22953939 ], [ 141.243247950000011, 41.22970244 ], [ 141.243142940000013, 41.22983744 ], [ 141.24297905, 41.23005161 ], [ 141.242919050000012, 41.23013578 ], [ 141.242875450000014, 41.23018661 ], [ 141.24273294, 41.23038911 ], [ 141.24262156, 41.23054661 ], [ 141.24248044, 41.23073828 ], [ 141.24240545, 41.23083411 ], [ 141.242367950000016, 41.23086744 ], [ 141.24220406, 41.23108744 ], [ 141.24203294, 41.23130161 ], [ 141.24189156, 41.23149828 ], [ 141.241861560000018, 41.23152661 ], [ 141.24167545, 41.23177411 ], [ 141.241669340000016, 41.23178314 ], [ 141.24166667, 41.23178708 ], [ 141.241489050000013, 41.23204967 ], [ 141.24143655, 41.23211717 ], [ 141.241301560000011, 41.23228467 ], [ 141.24116156, 41.23243884 ], [ 141.240922940000019, 41.23278717 ], [ 141.24085545, 41.232878 ], [ 141.24065406, 41.23315384 ], [ 141.240595720000016, 41.23322939 ], [ 141.240518370000018, 41.23332995 ], [ 141.240515750000014, 41.23333333 ], [ 141.24046795000001, 41.2333955 ], [ 141.240386550000011, 41.23349717 ], [ 141.240341560000019, 41.233553 ], [ 141.240147950000022, 41.23378967 ], [ 141.24002156, 41.23393022 ], [ 141.23988655, 41.23407105 ], [ 141.239835450000015, 41.23413272 ], [ 141.23979044, 41.23418356 ], [ 141.239506550000016, 41.23453272 ], [ 141.23932044, 41.23475772 ], [ 141.23922406, 41.23487105 ], [ 141.23909795, 41.23503356 ], [ 141.23888795000002, 41.23526439 ], [ 141.238844060000019, 41.23532689 ], [ 141.238776550000011, 41.23539439 ], [ 141.23864294, 41.23554022 ], [ 141.238582940000015, 41.23561356 ], [ 141.238351560000012, 41.23588939 ], [ 141.23830795, 41.23595161 ], [ 141.23826294, 41.23600244 ], [ 141.23819545, 41.23609244 ], [ 141.23772655, 41.23667244 ], [ 141.23748795, 41.23694244 ], [ 141.23731655, 41.23714495 ], [ 141.23728655, 41.23717911 ], [ 141.23721905, 41.23724661 ], [ 141.236944060000013, 41.23758411 ], [ 141.236831560000013, 41.23771411 ], [ 141.23677294, 41.23778161 ], [ 141.236594060000016, 41.23797217 ], [ 141.236393220000025, 41.23818633 ], [ 141.236295720000015, 41.23829384 ], [ 141.23626572, 41.238333 ], [ 141.236146830000024, 41.23845133 ], [ 141.236050730000017, 41.23857467 ], [ 141.235990750000013, 41.23865967 ], [ 141.23590825, 41.238778 ], [ 141.235759360000031, 41.23896384 ], [ 141.235714360000031, 41.23901384 ], [ 141.235528250000016, 41.23923384 ], [ 141.235416860000015, 41.239363 ], [ 141.23524575, 41.2395605 ], [ 141.23511825, 41.23970133 ], [ 141.23496936, 41.23984217 ], [ 141.234888250000012, 41.2399205 ], [ 141.23478326, 41.24006689 ], [ 141.23473825, 41.24013439 ], [ 141.23469326, 41.24019105 ], [ 141.23467936000003, 41.24021356 ], [ 141.234611850000022, 41.24029772 ], [ 141.234611850000022, 41.24030939 ], [ 141.23455936000002, 41.24038189 ], [ 141.23447825, 41.24052856 ], [ 141.234389360000023, 41.24068105 ], [ 141.234269360000013, 41.24083856 ], [ 141.234216860000032, 41.24090605 ], [ 141.234186860000023, 41.24092856 ], [ 141.23406075, 41.24109189 ], [ 141.233836860000025, 41.24136772 ], [ 141.233784360000016, 41.24142939 ], [ 141.23370326, 41.24151356 ], [ 141.233539220000011, 41.24166328 ], [ 141.233535530000012, 41.24166667 ], [ 141.233486860000028, 41.24171105 ], [ 141.23333603, 41.24186887 ], [ 141.233333330000022, 41.24187169 ], [ 141.23333075, 41.24187439 ], [ 141.23320326000001, 41.24199272 ], [ 141.23306936000003, 41.24211078 ], [ 141.232756860000023, 41.24245997 ], [ 141.232704360000014, 41.2425158 ], [ 141.232614360000014, 41.2426058 ], [ 141.232294360000026, 41.24294414 ], [ 141.23219825000001, 41.24304497 ], [ 141.23210075, 41.24314664 ], [ 141.23179575, 41.24348997 ], [ 141.23176575, 41.24352414 ], [ 141.23171326, 41.24357414 ], [ 141.23144575, 41.24386164 ], [ 141.231214360000024, 41.24408664 ], [ 141.231131850000025, 41.2441658 ], [ 141.231071860000014, 41.24423887 ], [ 141.23093075, 41.24439053 ], [ 141.230699360000017, 41.2446272 ], [ 141.230272500000012, 41.24491769 ], [ 141.230271970000018, 41.24491808 ], [ 141.2302593, 41.24493444 ], [ 141.2302309, 41.24495841 ], [ 141.230215690000023, 41.24497311 ], [ 141.230175140000028, 41.24501175 ], [ 141.23013966000002, 41.24504961 ], [ 141.23009005000003, 41.24510911 ], [ 141.230066740000012, 41.24513692 ], [ 141.23004348, 41.24516472 ], [ 141.23002825, 41.24517864 ], [ 141.23000898, 41.24519489 ], [ 141.229991750000011, 41.24521036 ], [ 141.22997756, 41.24522425 ], [ 141.229948150000013, 41.24525208 ], [ 141.2299228, 41.24527605 ], [ 141.229904550000015, 41.24529384 ], [ 141.22985589000001, 41.24534561 ], [ 141.22980419000001, 41.24539353 ], [ 141.229773800000032, 41.24542905 ], [ 141.22973837, 41.24547156 ], [ 141.22970394, 41.2455148 ], [ 141.229687760000019, 41.24553567 ], [ 141.22966550000001, 41.24556578 ], [ 141.22965134, 41.24558431 ], [ 141.229628080000026, 41.24561672 ], [ 141.2296038, 41.24565147 ], [ 141.22958058, 41.24569084 ], [ 141.229559360000025, 41.24572325 ], [ 141.22953, 41.24575877 ], [ 141.229482440000027, 41.2458198 ], [ 141.22946428, 41.24585067 ], [ 141.22945214, 41.24586841 ], [ 141.229439970000016, 41.24587847 ], [ 141.229395330000017, 41.24591792 ], [ 141.229351720000011, 41.24595733 ], [ 141.2293, 41.24600297 ], [ 141.229260470000014, 41.24604239 ], [ 141.22922803, 41.24607639 ], [ 141.229197640000024, 41.24610961 ], [ 141.22914795, 41.24615675 ], [ 141.229121610000021, 41.24618611 ], [ 141.22910742000002, 41.24620003 ], [ 141.22907501, 41.24623175 ], [ 141.22903445, 41.24627192 ], [ 141.22901722, 41.246292 ], [ 141.22900302, 41.24630592 ], [ 141.228999, 41.24631441 ], [ 141.228993, 41.24633367 ], [ 141.22899, 41.24634603 ], [ 141.228973540000027, 41.24637529 ], [ 141.228955690000021, 41.246407 ], [ 141.228946550000018, 41.24641087 ], [ 141.22892219000002, 41.24643175 ], [ 141.228891750000031, 41.2464588 ], [ 141.228860340000011, 41.24649128 ], [ 141.228831950000028, 41.24651756 ], [ 141.22879647000002, 41.24655233 ], [ 141.228767080000011, 41.24658556 ], [ 141.228740730000027, 41.24661336 ], [ 141.228718440000023, 41.24663578 ], [ 141.22870219, 41.24664817 ], [ 141.228670730000033, 41.24667753 ], [ 141.228624060000016, 41.24671697 ], [ 141.22859872, 41.24674172 ], [ 141.22857134, 41.24676644 ], [ 141.228525690000026, 41.2468082 ], [ 141.228468910000032, 41.24686 ], [ 141.228423280000015, 41.24690331 ], [ 141.228396910000015, 41.24692803 ], [ 141.22837156, 41.24695197 ], [ 141.22834416, 41.24697903 ], [ 141.22831484, 41.2470138 ], [ 141.228281360000011, 41.24704703 ], [ 141.228255140000016, 41.24707461 ], [ 141.22821886, 41.24710841 ], [ 141.228180970000011, 41.24714211 ], [ 141.22815664, 41.24716608 ], [ 141.22813739, 41.24718461 ], [ 141.22811302, 41.24720705 ], [ 141.228091850000027, 41.24722984 ], [ 141.22807756, 41.24724105 ], [ 141.22804406, 41.24727044 ], [ 141.22800956, 41.2472998 ], [ 141.22797608, 41.24733153 ], [ 141.227942610000014, 41.24735784 ], [ 141.227918250000016, 41.24737561 ], [ 141.22790097, 41.24739184 ], [ 141.22788341, 41.24740817 ], [ 141.227867950000018, 41.247422 ], [ 141.22784375, 41.24744403 ], [ 141.227807660000025, 41.24747689 ], [ 141.22775389, 41.24752405 ], [ 141.22772477, 41.24755061 ], [ 141.227699250000029, 41.2475752 ], [ 141.22767306, 41.24760387 ], [ 141.22763681, 41.2476438 ], [ 141.2275965, 41.24768733 ], [ 141.227571, 41.24771551 ], [ 141.22752667, 41.24776159 ], [ 141.22750248, 41.24778361 ], [ 141.227482970000011, 41.24780359 ], [ 141.227462170000024, 41.24782459 ], [ 141.227439300000015, 41.24784353 ], [ 141.227402310000031, 41.24787225 ], [ 141.227374060000017, 41.24789328 ], [ 141.22734306000001, 41.24791072 ], [ 141.22732822, 41.24791436 ], [ 141.227308640000018, 41.247918 ], [ 141.22729311, 41.24792161 ], [ 141.227285030000019, 41.24792675 ], [ 141.227272920000019, 41.247937 ], [ 141.22725012, 41.24796513 ], [ 141.22721944, 41.24802192 ], [ 141.227134190000015, 41.24813092 ], [ 141.227114090000015, 41.24815753 ], [ 141.22707939, 41.24819725 ], [ 141.227049, 41.24823089 ], [ 141.227031360000012, 41.24825105 ], [ 141.227009830000014, 41.24827944 ], [ 141.22698241, 41.24831233 ], [ 141.226963770000026, 41.24833325 ], [ 141.22693336, 41.2483602 ], [ 141.22688625, 41.24840208 ], [ 141.226851860000011, 41.24842677 ], [ 141.22680864, 41.24845823 ], [ 141.226753160000015, 41.24850259 ], [ 141.22670815, 41.248536 ], [ 141.22666711, 41.24855333 ], [ 141.226573840000015, 41.24863264 ], [ 141.226241050000027, 41.24898725 ], [ 141.22606898, 41.24918356 ], [ 141.226029830000016, 41.24924105 ], [ 141.225983800000023, 41.24930008 ], [ 141.22594759, 41.24934639 ], [ 141.22590348, 41.24939425 ], [ 141.225856350000015, 41.24943911 ], [ 141.225700780000011, 41.24949811 ], [ 141.225626740000024, 41.24956628 ], [ 141.225545010000019, 41.24963914 ], [ 141.22546481, 41.24971203 ], [ 141.22539078, 41.2497802 ], [ 141.22531136, 41.2498522 ], [ 141.225204940000026, 41.24995003 ], [ 141.2251645, 41.24998613 ], [ 141.225154920000023, 41.24999664 ], [ 141.225151830000016, 41.25 ], [ 141.22507189, 41.25008753 ], [ 141.22503973, 41.25011751 ], [ 141.22500272000002, 41.25015564 ], [ 141.225, 41.25015844 ], [ 141.22499263, 41.25016605 ], [ 141.22486939, 41.25029217 ], [ 141.22483508000002, 41.25032478 ], [ 141.224746360000012, 41.25039825 ], [ 141.224682550000011, 41.25045277 ], [ 141.22465847, 41.25047667 ], [ 141.22452691, 41.25060264 ], [ 141.224406980000026, 41.25072086 ], [ 141.224308150000013, 41.25081564 ], [ 141.224179490000012, 41.25094159 ], [ 141.22412022, 41.25099631 ], [ 141.224022890000015, 41.25109108 ], [ 141.22397131, 41.2511392 ], [ 141.22392122, 41.2511888 ], [ 141.223875890000016, 41.25123467 ], [ 141.223840560000014, 41.25126503 ], [ 141.2237235, 41.25136667 ], [ 141.22365492000003, 41.25142736 ], [ 141.223548890000018, 41.25152089 ], [ 141.223407690000016, 41.25165672 ], [ 141.223306300000019, 41.25175375 ], [ 141.22319662000001, 41.25186067 ], [ 141.223093260000013, 41.25194364 ], [ 141.22299039, 41.25202728 ], [ 141.222917450000011, 41.25210308 ], [ 141.22281399000002, 41.2522082 ], [ 141.22271156, 41.25231259 ], [ 141.22261508, 41.25240933 ], [ 141.222559100000012, 41.25246459 ], [ 141.22251764, 41.25250725 ], [ 141.222421140000023, 41.25259753 ], [ 141.222312140000014, 41.25270003 ], [ 141.222217640000025, 41.25278844 ], [ 141.222112630000026, 41.25288636 ], [ 141.221995640000017, 41.25299608 ], [ 141.221880140000025, 41.2531062 ], [ 141.221826670000013, 41.25315725 ], [ 141.2217927, 41.25319533 ], [ 141.221707370000018, 41.253271 ], [ 141.221593800000022, 41.25337064 ], [ 141.22151747, 41.25343731 ], [ 141.221417300000013, 41.25352867 ], [ 141.22134761, 41.25358978 ], [ 141.22126372, 41.25366703 ], [ 141.221160420000018, 41.25376133 ], [ 141.221008880000028, 41.25391241 ], [ 141.22091633, 41.25400105 ], [ 141.22084837, 41.25405922 ], [ 141.22074878, 41.25415069 ], [ 141.22064828, 41.25424503 ], [ 141.220603579999988, 41.25428225 ], [ 141.22045467, 41.25441841 ], [ 141.22041839000002, 41.25445528 ], [ 141.22029272, 41.25456592 ], [ 141.220197300000024, 41.25465067 ], [ 141.22007163, 41.2547592 ], [ 141.2199627, 41.2548532 ], [ 141.21980586, 41.25499292 ], [ 141.219706230000014, 41.25507661 ], [ 141.219580080000014, 41.25519113 ], [ 141.21939995, 41.25534686 ], [ 141.21924066, 41.2554735 ], [ 141.2190735, 41.25560864 ], [ 141.21893239000002, 41.25571864 ], [ 141.218858340000025, 41.25577786 ], [ 141.218691170000028, 41.25591286 ], [ 141.21862572, 41.25596764 ], [ 141.218591530000026, 41.25599392 ], [ 141.218434620000011, 41.25612059 ], [ 141.218307690000017, 41.25622025 ], [ 141.218207330000013, 41.25630395 ], [ 141.21814355, 41.25635397 ], [ 141.21809883, 41.25639017 ], [ 141.218073840000017, 41.25641505 ], [ 141.21799175000001, 41.25649844 ], [ 141.21795438, 41.25652847 ], [ 141.21781, 41.256653 ], [ 141.21764406, 41.25679839 ], [ 141.217481830000025, 41.25693747 ], [ 141.217305080000017, 41.25709078 ], [ 141.21726025000001, 41.25712492 ], [ 141.217068880000028, 41.25727195 ], [ 141.216922720000014, 41.25738075 ], [ 141.216826860000026, 41.25745411 ], [ 141.2167293, 41.25753569 ], [ 141.216669420000017, 41.25758161 ], [ 141.21666667, 41.25758372 ], [ 141.21660394, 41.2576318 ], [ 141.216532550000011, 41.25768872 ], [ 141.21641392, 41.25779303 ], [ 141.216235470000015, 41.25794033 ], [ 141.216081090000017, 41.25806617 ], [ 141.21595686, 41.25816933 ], [ 141.21589309, 41.25822108 ], [ 141.215817110000017, 41.25828264 ], [ 141.215759780000013, 41.25832997 ], [ 141.21575572, 41.25833333 ], [ 141.21569358, 41.25838464 ], [ 141.215583580000015, 41.25847575 ], [ 141.21551428, 41.25853008 ], [ 141.215381480000019, 41.25863272 ], [ 141.21529616, 41.25870084 ], [ 141.21513224, 41.25883203 ], [ 141.21502297, 41.25892156 ], [ 141.2148435, 41.25906764 ], [ 141.21469586, 41.25918887 ], [ 141.214608640000023, 41.25925933 ], [ 141.21448591, 41.25935723 ], [ 141.214341170000012, 41.25947459 ], [ 141.214194530000015, 41.25959944 ], [ 141.21402484, 41.2597358 ], [ 141.213863550000013, 41.25986539 ], [ 141.213773450000019, 41.25993841 ], [ 141.21366319, 41.26002897 ], [ 141.213554860000016, 41.26011444 ], [ 141.21344553, 41.26019656 ], [ 141.21333908, 41.26027911 ], [ 141.21323745, 41.26035728 ], [ 141.21317416, 41.26040803 ], [ 141.21306698, 41.26049639 ], [ 141.21300747, 41.26053431 ], [ 141.2128883, 41.26063208 ], [ 141.21280328, 41.26069803 ], [ 141.21264414, 41.26082803 ], [ 141.21250036, 41.26094853 ], [ 141.21236808, 41.26105769 ], [ 141.21230608, 41.26111017 ], [ 141.2122108, 41.26117825 ], [ 141.21214272, 41.26123156 ], [ 141.21203105, 41.26132667 ], [ 141.21197647, 41.26138031 ], [ 141.211961630000019, 41.26139856 ], [ 141.21188741, 41.26144469 ], [ 141.211818280000017, 41.26148767 ], [ 141.21179988, 41.26149395 ], [ 141.211772390000021, 41.26151305 ], [ 141.211748270000015, 41.261534 ], [ 141.211722780000031, 41.2615652 ], [ 141.21169728000001, 41.26159895 ], [ 141.21167825, 41.26162536 ], [ 141.211626860000024, 41.26167128 ], [ 141.211562090000029, 41.26171972 ], [ 141.21151469000003, 41.26175244 ], [ 141.21146608, 41.26178975 ], [ 141.21140294, 41.2618422 ], [ 141.21133895, 41.26189123 ], [ 141.21130614, 41.26191436 ], [ 141.211279470000022, 41.26194331 ], [ 141.2112645, 41.26196289 ], [ 141.211250700000022, 41.26199631 ], [ 141.211243280000019, 41.26200164 ], [ 141.211117950000016, 41.26210489 ], [ 141.21081092, 41.262331 ], [ 141.210596010000017, 41.26249469 ], [ 141.21004339000001, 41.2629195 ], [ 141.20994438, 41.26300025 ], [ 141.209922700000021, 41.26300075 ], [ 141.209886940000018, 41.26300695 ], [ 141.20984414000003, 41.26302533 ], [ 141.209760050000028, 41.26307978 ], [ 141.20968056000001, 41.26312972 ], [ 141.20960625, 41.26317464 ], [ 141.20953591, 41.26322147 ], [ 141.209467890000013, 41.26327744 ], [ 141.20940674000002, 41.26333303 ], [ 141.20933058, 41.26340251 ], [ 141.209259250000031, 41.26346377 ], [ 141.20921633, 41.263503 ], [ 141.2091562, 41.2635488 ], [ 141.209099340000023, 41.26359214 ], [ 141.20904239, 41.26363551 ], [ 141.208973720000017, 41.26368784 ], [ 141.208897470000011, 41.26374184 ], [ 141.20884372, 41.2637705 ], [ 141.208790610000023, 41.26379475 ], [ 141.208724940000025, 41.26381453 ], [ 141.20868409000002, 41.263835 ], [ 141.208646470000019, 41.26385711 ], [ 141.208605690000013, 41.26389308 ], [ 141.20855531, 41.26394456 ], [ 141.208524230000023, 41.26397887 ], [ 141.208483480000012, 41.2640148 ], [ 141.208423330000016, 41.26405736 ], [ 141.20835815, 41.26410608 ], [ 141.208336130000021, 41.26412139 ], [ 141.208333330000016, 41.26412333 ], [ 141.208284030000016, 41.26415764 ], [ 141.208231410000025, 41.26419769 ], [ 141.20817883, 41.26423939 ], [ 141.208146670000019, 41.26427369 ], [ 141.20812314, 41.26430553 ], [ 141.20810825, 41.26434141 ], [ 141.208110440000013, 41.26436675 ], [ 141.207949220000017, 41.26448011 ], [ 141.207921750000025, 41.26448061 ], [ 141.207863670000023, 41.26450687 ], [ 141.207793800000019, 41.2645478 ], [ 141.207736860000011, 41.26458464 ], [ 141.207671630000021, 41.26462328 ], [ 141.207576030000013, 41.26468708 ], [ 141.207483640000021, 41.26474764 ], [ 141.20739988, 41.26481144 ], [ 141.207301390000026, 41.26488078 ], [ 141.20724128, 41.26492253 ], [ 141.207170390000016, 41.26497569 ], [ 141.20705655, 41.26505911 ], [ 141.206943280000019, 41.26514333 ], [ 141.206875620000034, 41.26518997 ], [ 141.206777890000012, 41.26526033 ], [ 141.206687660000028, 41.26532331 ], [ 141.20658025, 41.26539533 ], [ 141.206506640000015, 41.26543756 ], [ 141.206436810000014, 41.26548339 ], [ 141.206366980000013, 41.26553084 ], [ 141.206288590000014, 41.26559053 ], [ 141.206195160000021, 41.26565925 ], [ 141.2060528, 41.26576603 ], [ 141.205957250000012, 41.26583964 ], [ 141.20587672000002, 41.26590178 ], [ 141.205816590000012, 41.26594675 ], [ 141.205748910000011, 41.26599422 ], [ 141.20566234, 41.26605441 ], [ 141.20557428, 41.26611578 ], [ 141.205505530000011, 41.26616159 ], [ 141.20542927, 41.26621803 ], [ 141.20534659, 41.26627856 ], [ 141.205213390000011, 41.26637144 ], [ 141.20513283, 41.26642464 ], [ 141.205055010000024, 41.26647831 ], [ 141.204974420000013, 41.26653851 ], [ 141.204923940000015, 41.26657531 ], [ 141.2048617, 41.2666252 ], [ 141.204816640000018, 41.26666331 ], [ 141.204813380000019, 41.26666605 ], [ 141.204812700000019, 41.26666667 ], [ 141.20476144, 41.26671222 ], [ 141.204694940000024, 41.26677105 ], [ 141.20467333000002, 41.26679247 ], [ 141.204665010000014, 41.26680264 ], [ 141.204659690000028, 41.26681231 ], [ 141.204656060000019, 41.26682447 ], [ 141.204654140000031, 41.26684197 ], [ 141.20464983, 41.26685311 ], [ 141.20464798, 41.26686833 ], [ 141.204647640000019, 41.26687975 ], [ 141.204653190000016, 41.26690067 ], [ 141.20446156, 41.26703831 ], [ 141.20445558, 41.26705125 ], [ 141.20442861, 41.26708533 ], [ 141.204407810000021, 41.26711267 ], [ 141.20437847, 41.26713795 ], [ 141.2043228, 41.26717769 ], [ 141.204274090000013, 41.26720977 ], [ 141.204192440000014, 41.26725811 ], [ 141.20410655, 41.26730411 ], [ 141.20403689, 41.26734272 ], [ 141.20397462, 41.26738044 ], [ 141.203925500000025, 41.26741341 ], [ 141.20389925, 41.26743256 ], [ 141.203840900000017, 41.2674808 ], [ 141.203740440000018, 41.26756261 ], [ 141.203643090000014, 41.26763939 ], [ 141.203569690000023, 41.26769941 ], [ 141.203497450000015, 41.26776236 ], [ 141.203427590000018, 41.26782503 ], [ 141.203362310000017, 41.26787975 ], [ 141.20331128, 41.26791831 ], [ 141.203228560000014, 41.26797339 ], [ 141.203158950000017, 41.26802372 ], [ 141.20307008, 41.26809111 ], [ 141.202983890000013, 41.26815675 ], [ 141.202903890000016, 41.26821708 ], [ 141.20283895, 41.2682642 ], [ 141.20274616, 41.26832984 ], [ 141.202653380000015, 41.26839461 ], [ 141.20257881, 41.26844878 ], [ 141.2025127, 41.26849823 ], [ 141.202416910000011, 41.268575 ], [ 141.20234428, 41.26863475 ], [ 141.20228633, 41.26868328 ], [ 141.20221949, 41.26873947 ], [ 141.202168880000016, 41.26877831 ], [ 141.20210739, 41.26882072 ], [ 141.20203623, 41.26886547 ], [ 141.20190625, 41.26894153 ], [ 141.201815690000018, 41.26899397 ], [ 141.201721720000023, 41.26905025 ], [ 141.201631970000022, 41.26910653 ], [ 141.201539950000011, 41.26916541 ], [ 141.201451780000014, 41.26922403 ], [ 141.201399970000011, 41.26926053 ], [ 141.201297520000026, 41.26933325 ], [ 141.201219830000014, 41.269388 ], [ 141.201138250000014, 41.26944336 ], [ 141.201038080000018, 41.26950817 ], [ 141.200957250000016, 41.26956 ], [ 141.20088608, 41.26960128 ], [ 141.20076425000002, 41.26967551 ], [ 141.20066022, 41.26974089 ], [ 141.200628110000025, 41.26975947 ], [ 141.20051358, 41.26982869 ], [ 141.200437, 41.26987759 ], [ 141.20038322000002, 41.26990969 ], [ 141.20032756, 41.26994769 ], [ 141.20025564, 41.26999775 ], [ 141.20018103000001, 41.27004986 ], [ 141.20009367000003, 41.27011403 ], [ 141.20003183, 41.27016053 ], [ 141.200002830000017, 41.27017956 ], [ 141.200000890000013, 41.27018084 ], [ 141.2, 41.27018136 ], [ 141.199951, 41.2702112 ], [ 141.199881750000031, 41.27025361 ], [ 141.19983686, 41.27028131 ], [ 141.199795450000011, 41.27030139 ], [ 141.199767200000025, 41.27031669 ], [ 141.19973589, 41.2703382 ], [ 141.19969722, 41.27036559 ], [ 141.19963847, 41.27041 ], [ 141.199580140000023, 41.2704565 ], [ 141.19952759, 41.27050297 ], [ 141.199488980000012, 41.27053708 ], [ 141.19940477, 41.27061414 ], [ 141.199365030000024, 41.27065236 ], [ 141.199288560000014, 41.27072325 ], [ 141.19924261, 41.27076675 ], [ 141.19917275, 41.27083292 ], [ 141.19911289, 41.27088967 ], [ 141.199060390000028, 41.27093731 ], [ 141.19901289, 41.27098172 ], [ 141.198957660000019, 41.27103289 ], [ 141.198919030000013, 41.27106467 ], [ 141.198882700000013, 41.27109528 ], [ 141.19883361, 41.2711312 ], [ 141.198771360000023, 41.27117241 ], [ 141.198689340000016, 41.27121897 ], [ 141.19859876000001, 41.27126613 ], [ 141.19851667, 41.27130041 ], [ 141.198460080000018, 41.27131817 ], [ 141.19839224, 41.27133361 ], [ 141.19833058, 41.27134261 ], [ 141.198280170000032, 41.27135069 ], [ 141.19823205, 41.27135405 ], [ 141.19819014, 41.27135567 ], [ 141.19816608, 41.27135575 ], [ 141.198136130000023, 41.27134644 ], [ 141.198095250000023, 41.27132372 ], [ 141.19805514, 41.27129631 ], [ 141.198013770000017, 41.27125717 ], [ 141.19797438, 41.27122417 ], [ 141.197932670000029, 41.27119003 ], [ 141.197899920000026, 41.27116522 ], [ 141.1978528, 41.27113839 ], [ 141.19780764, 41.2711148 ], [ 141.197776130000022, 41.27110405 ], [ 141.197734110000027, 41.27108223 ], [ 141.19768733, 41.27105336 ], [ 141.197647610000018, 41.27102739 ], [ 141.197597370000011, 41.2709962 ], [ 141.197557250000017, 41.27096995 ], [ 141.197523750000016, 41.27094603 ], [ 141.19748481000002, 41.27092359 ], [ 141.197448560000026, 41.27089733 ], [ 141.19739711, 41.27086028 ], [ 141.197334810000029, 41.27082003 ], [ 141.197240560000012, 41.27075967 ], [ 141.197172750000021, 41.2707162 ], [ 141.197108110000016, 41.27067714 ], [ 141.197038420000013, 41.27063459 ], [ 141.196970640000018, 41.27059464 ], [ 141.19689545, 41.27054331 ], [ 141.19683584, 41.2705048 ], [ 141.196791780000012, 41.27047184 ], [ 141.196733750000021, 41.27043392 ], [ 141.19668114000001, 41.27039364 ], [ 141.196626590000022, 41.27035833 ], [ 141.196564670000015, 41.27032367 ], [ 141.196518340000011, 41.27029336 ], [ 141.19646572000002, 41.27025659 ], [ 141.196442750000017, 41.27023995 ], [ 141.196433, 41.27023384 ], [ 141.196421360000016, 41.27023269 ], [ 141.196412050000021, 41.27023505 ], [ 141.196403530000026, 41.27024213 ], [ 141.196403190000012, 41.27024975 ], [ 141.1964083, 41.27026467 ], [ 141.196420050000029, 41.270279 ], [ 141.196446940000016, 41.2703015 ], [ 141.196498, 41.27033503 ], [ 141.19656387, 41.27038405 ], [ 141.196611410000031, 41.27041995 ], [ 141.196682720000013, 41.27047247 ], [ 141.196730270000018, 41.27050689 ], [ 141.19680428, 41.27054975 ], [ 141.196858420000012, 41.27058269 ], [ 141.1968818, 41.2706008 ], [ 141.196903610000021, 41.27061597 ], [ 141.196956200000017, 41.27064951 ], [ 141.196991240000017, 41.27067047 ], [ 141.19703214, 41.27069613 ], [ 141.197051250000015, 41.27071133 ], [ 141.197088340000022, 41.27074636 ], [ 141.19713239, 41.27078228 ], [ 141.197189690000016, 41.27082725 ], [ 141.197249340000013, 41.2708672 ], [ 141.19730078, 41.2709022 ], [ 141.197361170000022, 41.27094744 ], [ 141.197407950000013, 41.27098275 ], [ 141.197482410000021, 41.27103936 ], [ 141.19751555000002, 41.27106505 ], [ 141.19755533, 41.27109805 ], [ 141.19759156, 41.27112372 ], [ 141.197620390000026, 41.27113975 ], [ 141.197695080000017, 41.27116822 ], [ 141.197752630000025, 41.2711912 ], [ 141.197784580000018, 41.2712078 ], [ 141.19782042, 41.27123025 ], [ 141.197890560000019, 41.27127751 ], [ 141.197948200000013, 41.27131397 ], [ 141.1980327, 41.27136439 ], [ 141.198090340000022, 41.27139353 ], [ 141.198119530000014, 41.27141131 ], [ 141.19816119, 41.27143375 ], [ 141.19820128, 41.27145147 ], [ 141.19822192, 41.27146461 ], [ 141.198247660000021, 41.27148564 ], [ 141.19828934, 41.27151275 ], [ 141.198311170000011, 41.27153133 ], [ 141.19833105, 41.27155551 ], [ 141.19834606, 41.27158961 ], [ 141.198352020000016, 41.27162313 ], [ 141.198353890000021, 41.27166292 ], [ 141.198352390000025, 41.27169397 ], [ 141.198345250000017, 41.27174061 ], [ 141.198324250000013, 41.27181089 ], [ 141.198308950000012, 41.27187305 ], [ 141.198287280000017, 41.27197317 ], [ 141.198272020000019, 41.27203989 ], [ 141.19826667000001, 41.27205064 ], [ 141.198256610000016, 41.27206969 ], [ 141.19823864, 41.27209667 ], [ 141.198217280000023, 41.27212436 ], [ 141.19818791, 41.27215667 ], [ 141.19816377, 41.2721788 ], [ 141.19813012, 41.27220584 ], [ 141.19811844000003, 41.27221305 ], [ 141.198109530000011, 41.27220913 ], [ 141.197984470000023, 41.27233253 ], [ 141.1973645, 41.27256305 ], [ 141.19724711, 41.27268586 ], [ 141.19712533, 41.27275989 ], [ 141.197080340000014, 41.27278625 ], [ 141.196994890000013, 41.27282672 ], [ 141.196937170000012, 41.27285664 ], [ 141.196851800000019, 41.27291197 ], [ 141.19674917, 41.27298133 ], [ 141.19666953, 41.27302703 ], [ 141.196615280000032, 41.27305428 ], [ 141.196522890000011, 41.27309477 ], [ 141.196438590000014, 41.27312828 ], [ 141.19629183, 41.27318031 ], [ 141.19609655, 41.2732482 ], [ 141.196020080000011, 41.27327508 ], [ 141.195920410000014, 41.27331395 ], [ 141.195768690000023, 41.27337611 ], [ 141.195624330000015, 41.27343141 ], [ 141.19557053, 41.27345217 ], [ 141.195363220000019, 41.27352392 ], [ 141.195189880000015, 41.27358103 ], [ 141.195032500000025, 41.27364577 ], [ 141.19490567, 41.27369844 ], [ 141.194800390000012, 41.27374675 ], [ 141.194655470000015, 41.27381575 ], [ 141.194464230000023, 41.27391233 ], [ 141.19435783, 41.27396405 ], [ 141.19420051000003, 41.27404425 ], [ 141.193994480000015, 41.27414344 ], [ 141.19386097, 41.27421584 ], [ 141.193653860000012, 41.27432872 ], [ 141.19351581, 41.27440031 ], [ 141.193387890000025, 41.27446584 ], [ 141.19327698, 41.27452014 ], [ 141.193185280000023, 41.274565 ], [ 141.193013190000016, 41.27464264 ], [ 141.192923770000021, 41.27468661 ], [ 141.19283438, 41.27473744 ], [ 141.19266805, 41.2748305 ], [ 141.192488170000018, 41.27493475 ], [ 141.192379, 41.27499664 ], [ 141.192373060000023, 41.275 ], [ 141.192279970000016, 41.27505277 ], [ 141.19216, 41.27511569 ], [ 141.192036640000026, 41.27518036 ], [ 141.19194844, 41.27522592 ], [ 141.191899580000012, 41.2752448 ], [ 141.191839640000012, 41.27526667 ], [ 141.191783610000016, 41.27528361 ], [ 141.191745140000023, 41.27529359 ], [ 141.191717080000018, 41.27529861 ], [ 141.191686230000016, 41.27526175 ], [ 141.191669530000013, 41.27526892 ], [ 141.191666670000018, 41.27527013 ], [ 141.19156508, 41.27531387 ], [ 141.191290270000025, 41.27543889 ], [ 141.190524450000026, 41.27578528 ], [ 141.18999825, 41.27601956 ], [ 141.189489, 41.2762508 ], [ 141.1891855, 41.27638775 ], [ 141.18859939, 41.27665177 ], [ 141.188612830000011, 41.27666964 ], [ 141.188592090000014, 41.27668544 ], [ 141.188506520000033, 41.27674264 ], [ 141.188449780000013, 41.27677613 ], [ 141.188395360000015, 41.27680539 ], [ 141.18831691, 41.27683895 ], [ 141.188247280000013, 41.2768658 ], [ 141.188152780000024, 41.27689578 ], [ 141.188068690000023, 41.27692205 ], [ 141.188027060000024, 41.27693553 ], [ 141.187999860000019, 41.27694953 ], [ 141.187959050000018, 41.27697144 ], [ 141.18793667, 41.27698184 ], [ 141.18789297, 41.27699428 ], [ 141.18784614, 41.27699097 ], [ 141.187812410000021, 41.27697536 ], [ 141.187740830000024, 41.27692328 ], [ 141.187677220000012, 41.27687567 ], [ 141.187626500000022, 41.27683172 ], [ 141.18758066, 41.27678103 ], [ 141.18757267, 41.2767635 ], [ 141.1874683, 41.27668911 ], [ 141.187339080000015, 41.27659495 ], [ 141.187184030000026, 41.27648333 ], [ 141.186987250000016, 41.27634508 ], [ 141.18687355000003, 41.2762588 ], [ 141.186666030000026, 41.27611239 ], [ 141.186541800000015, 41.27602384 ], [ 141.18640066, 41.27592397 ], [ 141.18625358, 41.27582056 ], [ 141.186120390000013, 41.27572305 ], [ 141.18600711, 41.27564233 ], [ 141.185879880000016, 41.2755478 ], [ 141.18575167, 41.27545703 ], [ 141.185631410000013, 41.27537077 ], [ 141.185505190000015, 41.27527851 ], [ 141.185363060000014, 41.27517656 ], [ 141.185228880000011, 41.27507756 ], [ 141.18513053, 41.27500995 ], [ 141.185116640000018, 41.275 ], [ 141.185111950000021, 41.27499664 ], [ 141.18504008, 41.2749452 ], [ 141.18495558, 41.2748858 ], [ 141.184901390000022, 41.27492859 ], [ 141.184811920000016, 41.27486159 ], [ 141.18469066, 41.27477528 ], [ 141.184568440000021, 41.27468747 ], [ 141.184453170000012, 41.27460561 ], [ 141.184349810000015, 41.27453269 ], [ 141.184172890000013, 41.27440531 ], [ 141.18409141, 41.27434951 ], [ 141.184033770000013, 41.27430784 ], [ 141.18402586, 41.27430561 ], [ 141.18393586, 41.2743268 ], [ 141.18379647, 41.27435936 ], [ 141.18368178, 41.27438736 ], [ 141.183549250000027, 41.27441686 ], [ 141.183410830000014, 41.27445014 ], [ 141.18333623, 41.27446777 ], [ 141.183333330000011, 41.27446844 ], [ 141.18318341, 41.27450389 ], [ 141.18303508, 41.27453575 ], [ 141.182906550000013, 41.27456528 ], [ 141.18278791, 41.27459405 ], [ 141.18260497, 41.27463495 ], [ 141.18246455000002, 41.2746675 ], [ 141.18230834000002, 41.27470387 ], [ 141.182177810000013, 41.27473356 ], [ 141.18205326, 41.2747638 ], [ 141.181916810000018, 41.27479711 ], [ 141.181799110000014, 41.27482361 ], [ 141.18157367, 41.27487439 ], [ 141.18138484, 41.27492053 ], [ 141.18125034000002, 41.27495008 ], [ 141.18112776000001, 41.27497887 ], [ 141.18104205, 41.27499664 ], [ 141.181025810000023, 41.275 ], [ 141.18101995, 41.27500122 ], [ 141.180891410000015, 41.27503377 ], [ 141.180853860000013, 41.27503986 ], [ 141.18075694, 41.27506033 ], [ 141.18065805, 41.27508377 ], [ 141.180590830000028, 41.2751012 ], [ 141.180613860000022, 41.2751512 ], [ 141.1806228, 41.27515489 ], [ 141.180686080000015, 41.27514051 ], [ 141.180746390000024, 41.27512536 ], [ 141.180751390000012, 41.27513508 ], [ 141.180883860000023, 41.27510403 ], [ 141.180991630000022, 41.27507717 ], [ 141.181159730000019, 41.27504003 ], [ 141.181335280000013, 41.275 ], [ 141.18135005000002, 41.27499664 ], [ 141.181382219999989, 41.27498931 ], [ 141.181558220000028, 41.27494841 ], [ 141.181674890000011, 41.27492272 ], [ 141.181836060000023, 41.27488414 ], [ 141.181979470000016, 41.27485305 ], [ 141.18217128, 41.27480836 ], [ 141.182323530000019, 41.27477131 ], [ 141.182457030000023, 41.274741 ], [ 141.18258659, 41.27471161 ], [ 141.18275073, 41.27467375 ], [ 141.182903970000012, 41.27463813 ], [ 141.183094810000028, 41.27459423 ], [ 141.18321542000001, 41.27456469 ], [ 141.18332817000001, 41.27454044 ], [ 141.183333330000011, 41.27453925 ], [ 141.18333623, 41.27453861 ], [ 141.18347053, 41.27450789 ], [ 141.18362678, 41.27447003 ], [ 141.183760270000022, 41.27444197 ], [ 141.18387, 41.2744155 ], [ 141.18396494000001, 41.27439353 ], [ 141.184011410000011, 41.27438667 ], [ 141.184218110000018, 41.27453251 ], [ 141.184337390000024, 41.27461808 ], [ 141.184446720000011, 41.27469613 ], [ 141.18456895, 41.27478244 ], [ 141.184697170000021, 41.27487547 ], [ 141.184834310000014, 41.27497436 ], [ 141.18481953, 41.27498639 ], [ 141.18483336, 41.27499664 ], [ 141.184837890000011, 41.275 ], [ 141.184927860000016, 41.27506675 ], [ 141.18505805, 41.27515978 ], [ 141.185181280000023, 41.27524608 ], [ 141.185321410000029, 41.2753482 ], [ 141.185471510000013, 41.27545533 ], [ 141.18561064, 41.27555656 ], [ 141.185788520000017, 41.27568028 ], [ 141.185944550000016, 41.27579189 ], [ 141.18610358, 41.27590761 ], [ 141.186241750000022, 41.27600884 ], [ 141.18641267000001, 41.27612728 ], [ 141.18656672, 41.27623667 ], [ 141.186734160000015, 41.27634917 ], [ 141.18682428, 41.27641339 ], [ 141.18680852, 41.27642689 ], [ 141.186754330000014, 41.27647414 ], [ 141.186857690000011, 41.27654856 ], [ 141.18683798, 41.27656431 ], [ 141.186824160000015, 41.27657556 ], [ 141.186823260000011, 41.27658677 ], [ 141.186804530000018, 41.27660289 ], [ 141.18671878, 41.27667639 ], [ 141.186803280000021, 41.27673741 ], [ 141.18692255000002, 41.27682672 ], [ 141.18703783, 41.27690947 ], [ 141.18719486, 41.27701808 ], [ 141.18729525, 41.27709103 ], [ 141.18742745, 41.27718567 ], [ 141.187613310000017, 41.27732111 ], [ 141.187784250000021, 41.27744539 ], [ 141.187818750000019, 41.27741686 ], [ 141.18788047000001, 41.27736436 ], [ 141.18789501, 41.27736959 ], [ 141.18791066, 41.27735839 ], [ 141.187928560000017, 41.27734641 ], [ 141.18794345, 41.27734141 ], [ 141.18798128, 41.27736841 ], [ 141.18802639, 41.27736597 ], [ 141.18807669, 41.27735623 ], [ 141.18810910000002, 41.27735313 ], [ 141.188133220000026, 41.27735472 ], [ 141.18816394000001, 41.27736125 ], [ 141.18818192, 41.27736847 ], [ 141.188201280000015, 41.27737797 ], [ 141.188244810000015, 41.27740728 ], [ 141.188284360000011, 41.27743097 ], [ 141.188315580000022, 41.27744808 ], [ 141.18835248000002, 41.27746814 ], [ 141.18838986, 41.2774922 ], [ 141.18841584, 41.27751395 ], [ 141.188440510000021, 41.27753967 ], [ 141.188461720000021, 41.27757067 ], [ 141.188470780000017, 41.27759147 ], [ 141.188476740000027, 41.27760239 ], [ 141.188484280000011, 41.27761625 ], [ 141.188490920000021, 41.27763061 ], [ 141.188472140000016, 41.27764339 ], [ 141.188493060000013, 41.27766053 ], [ 141.18851053, 41.27764875 ], [ 141.188551500000017, 41.27768439 ], [ 141.188579, 41.27771364 ], [ 141.188606060000012, 41.27774364 ], [ 141.18863353, 41.27776672 ], [ 141.18865567, 41.2777768 ], [ 141.18867008, 41.27778075 ], [ 141.188700340000025, 41.27778428 ], [ 141.188742140000016, 41.27778887 ], [ 141.18877287, 41.2777942 ], [ 141.188797390000019, 41.2778028 ], [ 141.188832530000013, 41.27781936 ], [ 141.18889608, 41.27785759 ], [ 141.188938470000011, 41.27788536 ], [ 141.188973160000018, 41.27791061 ], [ 141.18900645, 41.27794059 ], [ 141.18903445, 41.27796731 ], [ 141.18905623, 41.27799839 ], [ 141.189076060000019, 41.27802659 ], [ 141.18909781, 41.27805731 ], [ 141.18911183, 41.27807395 ], [ 141.189128220000015, 41.27808692 ], [ 141.189151830000014, 41.27810425 ], [ 141.1891827, 41.27812841 ], [ 141.189201020000013, 41.27814684 ], [ 141.189222780000023, 41.27817647 ], [ 141.189240220000016, 41.27820469 ], [ 141.189262550000024, 41.27825244 ], [ 141.189292170000016, 41.2783165 ], [ 141.189308200000028, 41.27835013 ], [ 141.18931939, 41.27837944 ], [ 141.189323480000013, 41.27842292 ], [ 141.18932167, 41.27844284 ], [ 141.189301280000024, 41.27848892 ], [ 141.18926908, 41.278568 ], [ 141.189255840000015, 41.27859739 ], [ 141.18924109, 41.27862569 ], [ 141.1892292, 41.27864347 ], [ 141.189211090000015, 41.2786638 ], [ 141.18919005, 41.27868525 ], [ 141.18915949, 41.27871469 ], [ 141.189121340000014, 41.27875251 ], [ 141.18908747, 41.27879244 ], [ 141.18906698, 41.27881678 ], [ 141.18904791, 41.27884403 ], [ 141.189023610000021, 41.27887344 ], [ 141.189007370000013, 41.27888508 ], [ 141.188989170000013, 41.27889095 ], [ 141.188969970000016, 41.27889356 ], [ 141.18895078, 41.27889397 ], [ 141.188933970000022, 41.2788922 ], [ 141.188915690000016, 41.2788872 ], [ 141.188889250000017, 41.27887711 ], [ 141.18887197, 41.27887464 ], [ 141.188860920000025, 41.27887467 ], [ 141.1888475, 41.27887761 ], [ 141.18883506, 41.2788838 ], [ 141.188823110000016, 41.27889256 ], [ 141.188740270000011, 41.278841 ], [ 141.18871783, 41.27886061 ], [ 141.18879689, 41.27891189 ], [ 141.188798490000011, 41.27894644 ], [ 141.188803, 41.27896944 ], [ 141.188806030000023, 41.27899359 ], [ 141.188806130000017, 41.27901113 ], [ 141.188793160000017, 41.27903367 ], [ 141.18877151, 41.27905678 ], [ 141.188723720000013, 41.27908984 ], [ 141.18865567, 41.27913392 ], [ 141.188574500000016, 41.27917531 ], [ 141.188489030000028, 41.27922275 ], [ 141.188457130000018, 41.27923767 ], [ 141.188433870000011, 41.27923939 ], [ 141.188391720000027, 41.27923841 ], [ 141.188372870000023, 41.27924178 ], [ 141.188345280000021, 41.27925008 ], [ 141.18833156, 41.27926108 ], [ 141.188320730000015, 41.27927428 ], [ 141.18831567, 41.27928692 ], [ 141.18830927, 41.27930722 ], [ 141.18828973, 41.2793232 ], [ 141.18825134, 41.27934417 ], [ 141.18821141, 41.27935744 ], [ 141.18817438, 41.27936141 ], [ 141.18812205, 41.2793572 ], [ 141.188083550000016, 41.27935895 ], [ 141.18805597, 41.27936617 ], [ 141.188021190000029, 41.27937997 ], [ 141.18794506, 41.27941039 ], [ 141.18790608, 41.27941859 ], [ 141.18784883, 41.27942947 ], [ 141.18781519, 41.27942884 ], [ 141.187790440000015, 41.27942633 ], [ 141.187761970000025, 41.27942056 ], [ 141.18773737, 41.27940989 ], [ 141.18770258, 41.27939144 ], [ 141.187629110000017, 41.2793498 ], [ 141.18748808, 41.27927111 ], [ 141.187410610000029, 41.2792265 ], [ 141.187304330000018, 41.27916256 ], [ 141.187219880000015, 41.27910975 ], [ 141.18715728, 41.27906661 ], [ 141.187102610000011, 41.27902403 ], [ 141.186990270000024, 41.27894144 ], [ 141.18687302, 41.27886184 ], [ 141.18672497, 41.27876513 ], [ 141.186664330000013, 41.27872122 ], [ 141.186621190000011, 41.27870972 ], [ 141.18651650000001, 41.2786288 ], [ 141.18625105000001, 41.27844361 ], [ 141.186058050000014, 41.27830384 ], [ 141.1860273, 41.27827411 ], [ 141.18600633, 41.27824131 ], [ 141.185998250000011, 41.27821292 ], [ 141.185991170000023, 41.27818239 ], [ 141.185987860000012, 41.27812336 ], [ 141.18598861000001, 41.27807553 ], [ 141.185996350000011, 41.27804636 ], [ 141.18601109, 41.27802313 ], [ 141.186039640000018, 41.27799241 ], [ 141.18608397, 41.27795341 ], [ 141.186158950000021, 41.27789775 ], [ 141.186227910000014, 41.27783997 ], [ 141.18633241, 41.27775522 ], [ 141.186406300000016, 41.27769147 ], [ 141.18644769, 41.277651 ], [ 141.18646236, 41.2776182 ], [ 141.186343110000024, 41.27753487 ], [ 141.186047980000012, 41.27733378 ], [ 141.185915810000012, 41.27723928 ], [ 141.18576178, 41.27713586 ], [ 141.1856783, 41.2770808 ], [ 141.185565030000021, 41.27700231 ], [ 141.18538516000001, 41.27687805 ], [ 141.185354360000019, 41.276855 ], [ 141.185253, 41.27678717 ], [ 141.185128780000014, 41.27670084 ], [ 141.18511694, 41.27670911 ], [ 141.185240170000014, 41.27679631 ], [ 141.185179200000022, 41.2768498 ], [ 141.18496202, 41.2770278 ], [ 141.184647470000016, 41.27729105 ], [ 141.184329800000029, 41.27754995 ], [ 141.184022920000018, 41.27780664 ], [ 141.183807, 41.2779825 ], [ 141.18367489000002, 41.27789623 ], [ 141.183629530000019, 41.27793297 ], [ 141.183522190000019, 41.2778578 ], [ 141.183399, 41.27777367 ], [ 141.18333623, 41.27773053 ], [ 141.183333330000011, 41.27772853 ], [ 141.18325292, 41.27767323 ], [ 141.18308694000001, 41.27755828 ], [ 141.182928980000014, 41.27745264 ], [ 141.182845500000013, 41.27739423 ], [ 141.182675580000023, 41.27727741 ], [ 141.182553770000027, 41.27719313 ], [ 141.18237228000001, 41.2770732 ], [ 141.181991110000013, 41.27680641 ], [ 141.181573750000013, 41.27652341 ], [ 141.181394580000017, 41.27666422 ], [ 141.181027640000025, 41.27642867 ], [ 141.18122089000002, 41.27627969 ], [ 141.181154530000015, 41.27623733 ], [ 141.181116280000026, 41.27621208 ], [ 141.181091220000013, 41.27617995 ], [ 141.18108791, 41.27616197 ], [ 141.1810937, 41.27615653 ], [ 141.18123953, 41.27602005 ], [ 141.181353770000015, 41.27591344 ], [ 141.181442410000017, 41.275828 ], [ 141.18144737, 41.275822 ], [ 141.18141258, 41.27580267 ], [ 141.18121161000002, 41.27598861 ], [ 141.18108258, 41.27611084 ], [ 141.18092988, 41.27625775 ], [ 141.180818610000017, 41.27636497 ], [ 141.18071222, 41.27646917 ], [ 141.18065708, 41.27651641 ], [ 141.180601700000011, 41.27652777 ], [ 141.180375280000021, 41.27658661 ], [ 141.18016964, 41.2766388 ], [ 141.179894750000017, 41.27670689 ], [ 141.179629800000015, 41.2767742 ], [ 141.179215500000026, 41.27687497 ], [ 141.17899798000002, 41.2769302 ], [ 141.17872608, 41.27699903 ], [ 141.17849175, 41.27705428 ], [ 141.178210950000022, 41.27712628 ], [ 141.17796672, 41.2771868 ], [ 141.177782830000012, 41.27723367 ], [ 141.177623650000015, 41.277273 ], [ 141.17748720000003, 41.27730856 ], [ 141.17740706, 41.27732222 ], [ 141.177394140000018, 41.27731031 ], [ 141.177381170000018, 41.27729241 ], [ 141.177348200000012, 41.27723572 ], [ 141.17728134, 41.27713113 ], [ 141.177210410000015, 41.27701777 ], [ 141.177129580000013, 41.2768918 ], [ 141.177058690000024, 41.27677617 ], [ 141.176977780000016, 41.27664189 ], [ 141.176897890000021, 41.27651197 ], [ 141.176828, 41.27640008 ], [ 141.176731170000011, 41.27624425 ], [ 141.17666728, 41.27614356 ], [ 141.17659533, 41.27602231 ], [ 141.176511480000016, 41.2758888 ], [ 141.176443580000011, 41.27577989 ], [ 141.17643462, 41.27576797 ], [ 141.176366030000025, 41.27571592 ], [ 141.1762537, 41.27562808 ], [ 141.176105580000012, 41.27551084 ], [ 141.17595051, 41.27538947 ], [ 141.175793450000015, 41.27526889 ], [ 141.175731800000023, 41.27522123 ], [ 141.175675620000021, 41.27526625 ], [ 141.17576112, 41.2753355 ], [ 141.175911220000017, 41.27544931 ], [ 141.17600961, 41.27552523 ], [ 141.176000750000014, 41.27553125 ], [ 141.176032550000031, 41.2755558 ], [ 141.176155810000012, 41.27565408 ], [ 141.17627908, 41.275751 ], [ 141.176353670000026, 41.27581205 ], [ 141.17637442, 41.27580677 ], [ 141.17641336, 41.27586795 ], [ 141.17643311, 41.27586189 ], [ 141.17643511, 41.27586189 ], [ 141.17656786, 41.27606895 ], [ 141.176622830000014, 41.27616444 ], [ 141.17669769, 41.27628378 ], [ 141.17684545, 41.276518 ], [ 141.17690837, 41.27661944 ], [ 141.17698525, 41.27674625 ], [ 141.17708514, 41.27691433 ], [ 141.177141050000017, 41.27700384 ], [ 141.177211950000014, 41.27711722 ], [ 141.17726986, 41.27721011 ], [ 141.177340750000013, 41.27732497 ], [ 141.177408340000028, 41.27741539 ], [ 141.17500292, 41.27798328 ], [ 141.175, 41.27798397 ], [ 141.173366390000012, 41.27836964 ], [ 141.17323353, 41.27828811 ], [ 141.17286669, 41.2780638 ], [ 141.172845310000014, 41.27808389 ], [ 141.173128910000031, 41.27825647 ], [ 141.173328490000017, 41.27837859 ], [ 141.173081240000016, 41.27843695 ], [ 141.17272988000002, 41.2785238 ], [ 141.17240995, 41.27860417 ], [ 141.172192, 41.27877459 ], [ 141.17179944, 41.27908153 ], [ 141.17144183000002, 41.27936375 ], [ 141.17111184, 41.27961729 ], [ 141.17105795, 41.2795908 ], [ 141.171002720000018, 41.27956367 ], [ 141.170956860000018, 41.27953964 ], [ 141.170826300000016, 41.27949513 ], [ 141.170701510000015, 41.27945925 ], [ 141.170663800000028, 41.27946022 ], [ 141.170555330000013, 41.27948644 ], [ 141.17046969, 41.27950653 ], [ 141.170276420000022, 41.27949244 ], [ 141.17008428, 41.27947747 ], [ 141.169919470000025, 41.27944084 ], [ 141.16974776, 41.279393 ], [ 141.169596610000013, 41.27934511 ], [ 141.16944995, 41.27927995 ], [ 141.169346720000021, 41.27921636 ], [ 141.169244580000026, 41.27913897 ], [ 141.169229420000022, 41.27912586 ], [ 141.16920239, 41.27910241 ], [ 141.169182330000012, 41.27909839 ], [ 141.169203970000012, 41.27900244 ], [ 141.169245580000023, 41.27881228 ], [ 141.16927655, 41.27867395 ], [ 141.16932202000001, 41.27846686 ], [ 141.169352020000019, 41.27833375 ], [ 141.16939944, 41.27812395 ], [ 141.169418780000029, 41.27803047 ], [ 141.16942837, 41.277979 ], [ 141.169268910000028, 41.27795944 ], [ 141.16908564, 41.27793533 ], [ 141.16887986, 41.27791025 ], [ 141.1686282, 41.27787861 ], [ 141.168415380000027, 41.27785159 ], [ 141.168142970000019, 41.27781875 ], [ 141.167941950000028, 41.27779677 ], [ 141.16763384, 41.27775659 ], [ 141.16738995, 41.27772603 ], [ 141.167191480000014, 41.27769984 ], [ 141.166975280000031, 41.277675 ], [ 141.166968390000022, 41.27766597 ], [ 141.16687486, 41.27753525 ], [ 141.16686820000001, 41.277526 ], [ 141.166853920000023, 41.27753036 ], [ 141.166783220000013, 41.27756077 ], [ 141.16685472, 41.27766078 ], [ 141.166912170000018, 41.2777395 ], [ 141.166915580000023, 41.27774164 ], [ 141.16699053, 41.27775264 ], [ 141.16708581, 41.27776417 ], [ 141.167211630000025, 41.27778025 ], [ 141.16734317, 41.27779528 ], [ 141.16766311, 41.27783544 ], [ 141.16781355, 41.27785597 ], [ 141.16787703, 41.27786356 ], [ 141.167880340000011, 41.27785133 ], [ 141.16788231000001, 41.27784833 ], [ 141.167933840000018, 41.27785567 ], [ 141.16800394, 41.2778632 ], [ 141.168068560000023, 41.27787123 ], [ 141.168048220000031, 41.27796011 ], [ 141.168010510000016, 41.27813733 ], [ 141.167968910000013, 41.27832623 ], [ 141.167941830000018, 41.27845408 ], [ 141.16789538, 41.27866211 ], [ 141.167877060000023, 41.27875931 ], [ 141.167784940000018, 41.27874689 ], [ 141.16768983, 41.27873522 ], [ 141.16767625, 41.27879131 ], [ 141.167642480000012, 41.27896177 ], [ 141.167613390000014, 41.27908261 ], [ 141.16759703, 41.27917233 ], [ 141.167577670000014, 41.27926208 ], [ 141.16757472, 41.27926359 ], [ 141.16747964000001, 41.27925264 ], [ 141.167319140000018, 41.2792322 ], [ 141.16704275, 41.27920011 ], [ 141.16685056, 41.279176 ], [ 141.166669610000014, 41.27915447 ], [ 141.166666670000012, 41.27915411 ], [ 141.166654420000015, 41.27915267 ], [ 141.166487, 41.27913297 ], [ 141.16632453, 41.27911477 ], [ 141.166138280000013, 41.27909289 ], [ 141.16595897000002, 41.27907025 ], [ 141.16579847, 41.27905053 ], [ 141.16570339, 41.27904033 ], [ 141.16571586, 41.27896214 ], [ 141.16574878000003, 41.27881708 ], [ 141.16577292, 41.27869356 ], [ 141.16580097, 41.27856567 ], [ 141.165826110000012, 41.27844528 ], [ 141.165849220000013, 41.27831944 ], [ 141.1658782, 41.27817887 ], [ 141.165916830000015, 41.2779888 ], [ 141.165940050000017, 41.27788036 ], [ 141.16596428, 41.27777305 ], [ 141.1659865, 41.27766836 ], [ 141.16599614, 41.27761677 ], [ 141.166014890000014, 41.2776055 ], [ 141.166092920000011, 41.27757017 ], [ 141.16619961, 41.27752203 ], [ 141.166310220000014, 41.27747 ], [ 141.166423800000018, 41.27741661 ], [ 141.16652156, 41.2773685 ], [ 141.16662034, 41.27732261 ], [ 141.166666670000012, 41.27730133 ], [ 141.166669610000014, 41.2773 ], [ 141.16674674, 41.27726459 ], [ 141.16688898000001, 41.27719539 ], [ 141.16697689, 41.27715628 ], [ 141.16697686, 41.27715105 ], [ 141.166939970000016, 41.27710256 ], [ 141.166931020000021, 41.27709436 ], [ 141.16692608, 41.27709364 ], [ 141.16684314, 41.27713722 ], [ 141.166709780000019, 41.27719964 ], [ 141.166669610000014, 41.27721805 ], [ 141.166666670000012, 41.27721941 ], [ 141.16656361, 41.27726667 ], [ 141.166445080000017, 41.2773238 ], [ 141.16632458, 41.27737872 ], [ 141.16621497, 41.27743208 ], [ 141.166108300000019, 41.27748247 ], [ 141.16597202, 41.27754639 ], [ 141.165914719999989, 41.27756897 ], [ 141.165909, 41.27761159 ], [ 141.165942670000021, 41.27761447 ], [ 141.16592036, 41.2777102 ], [ 141.165895300000017, 41.27783956 ], [ 141.16585175000003, 41.27803689 ], [ 141.16582764, 41.27816697 ], [ 141.165793840000021, 41.27833164 ], [ 141.165767720000019, 41.27845353 ], [ 141.165717420000021, 41.27868525 ], [ 141.16569616000001, 41.27879053 ], [ 141.165677830000021, 41.27888251 ], [ 141.165653750000018, 41.27901336 ], [ 141.165666640000012, 41.27901631 ], [ 141.16562891, 41.27919344 ], [ 141.165612480000021, 41.27926897 ], [ 141.165600900000015, 41.27932656 ], [ 141.165592, 41.27933105 ], [ 141.165578150000016, 41.27932961 ], [ 141.165539530000018, 41.27933047 ], [ 141.16550192, 41.2793328 ], [ 141.16547319, 41.27933364 ], [ 141.165453360000015, 41.27932697 ], [ 141.1654345, 41.27931656 ], [ 141.16541462, 41.27930092 ], [ 141.165395720000021, 41.27927931 ], [ 141.165370780000018, 41.279245 ], [ 141.165331830000014, 41.27918047 ], [ 141.16529492, 41.27912447 ], [ 141.165266980000013, 41.27907969 ], [ 141.165247030000018, 41.27905211 ], [ 141.165228140000011, 41.27903575 ], [ 141.16520331000001, 41.27902086 ], [ 141.165181500000017, 41.27901641 ], [ 141.16516798, 41.27901892 ], [ 141.165134710000018, 41.27896527 ], [ 141.16509808, 41.2789062 ], [ 141.16507789000002, 41.27888595 ], [ 141.165034110000022, 41.27884497 ], [ 141.16499234, 41.27880625 ], [ 141.16496075, 41.27882875 ], [ 141.165031390000024, 41.2788928 ], [ 141.165049300000021, 41.27890847 ], [ 141.165027980000019, 41.2789982 ], [ 141.16498844000003, 41.27920756 ], [ 141.164970050000022, 41.27929205 ], [ 141.16495555, 41.27935936 ], [ 141.164944920000011, 41.27941156 ], [ 141.16494, 41.27941678 ], [ 141.164856, 41.27945214 ], [ 141.164666330000017, 41.27952444 ], [ 141.16445783, 41.2796065 ], [ 141.16431061000003, 41.27966372 ], [ 141.16418411, 41.27971192 ], [ 141.164166300000034, 41.27971047 ], [ 141.16403258, 41.27969611 ], [ 141.163649860000021, 41.27964361 ], [ 141.163154670000011, 41.27958097 ], [ 141.163135010000019, 41.27967123 ], [ 141.162543700000015, 41.27959823 ], [ 141.16253508, 41.2795942 ], [ 141.162575030000028, 41.27938453 ], [ 141.16267339, 41.27939436 ], [ 141.162708200000026, 41.27921051 ], [ 141.16261319, 41.2791998 ], [ 141.162631750000031, 41.27911292 ], [ 141.16268428, 41.279117 ], [ 141.162744550000014, 41.27888669 ], [ 141.162797110000014, 41.27867495 ], [ 141.162728910000027, 41.27866503 ], [ 141.16274428, 41.27860851 ], [ 141.16346861, 41.27869913 ], [ 141.16380616, 41.27874031 ], [ 141.16380292, 41.2787572 ], [ 141.16402761, 41.2787105 ], [ 141.164094450000022, 41.27869597 ], [ 141.164167640000016, 41.27867969 ], [ 141.164176520000012, 41.27867705 ], [ 141.164176500000025, 41.27867295 ], [ 141.16416197, 41.27864087 ], [ 141.164159, 41.27863751 ], [ 141.164153530000021, 41.27863603 ], [ 141.16402739, 41.27866556 ], [ 141.163818610000021, 41.27870656 ], [ 141.163698440000019, 41.27869175 ], [ 141.16349528, 41.27866961 ], [ 141.1633937, 41.27865692 ], [ 141.16322484, 41.27863469 ], [ 141.16298733, 41.27860833 ], [ 141.162745520000016, 41.27857656 ], [ 141.162760920000011, 41.27850941 ], [ 141.16264214, 41.27849353 ], [ 141.16247189, 41.27847239 ], [ 141.1622873, 41.2784502 ], [ 141.162064110000017, 41.27842269 ], [ 141.161875230000021, 41.27839939 ], [ 141.16154472, 41.27835923 ], [ 141.161444580000023, 41.27834869 ], [ 141.16144319, 41.27836061 ], [ 141.1611928, 41.27832995 ], [ 141.160976740000024, 41.27830241 ], [ 141.160680580000019, 41.27826756 ], [ 141.16053464, 41.27824959 ], [ 141.160234190000011, 41.27821364 ], [ 141.160036720000022, 41.27818825 ], [ 141.15998489, 41.27812096 ], [ 141.15992739, 41.27804631 ], [ 141.15980109, 41.27795253 ], [ 141.159643190000025, 41.27783289 ], [ 141.159459489999989, 41.27769492 ], [ 141.159359810000012, 41.27776817 ], [ 141.15936708000001, 41.27777511 ], [ 141.159245500000026, 41.27786584 ], [ 141.15920336, 41.27781053 ], [ 141.159124640000016, 41.27778264 ], [ 141.15925017, 41.27768753 ], [ 141.15926306, 41.27769597 ], [ 141.159361890000014, 41.27762292 ], [ 141.15912219, 41.27744289 ], [ 141.15900306, 41.27735364 ], [ 141.15877805, 41.27718764 ], [ 141.15866953, 41.27710789 ], [ 141.15862733, 41.2770728 ], [ 141.15847297000002, 41.27696156 ], [ 141.15833630000003, 41.27685928 ], [ 141.15833333, 41.27685705 ], [ 141.158263330000011, 41.27680467 ], [ 141.158047420000031, 41.27664289 ], [ 141.15784531, 41.27649587 ], [ 141.157714160000012, 41.27639611 ], [ 141.157615420000013, 41.27632428 ], [ 141.15751895, 41.27624911 ], [ 141.157359690000021, 41.27612953 ], [ 141.15734659, 41.27605953 ], [ 141.157322970000024, 41.27591244 ], [ 141.157297950000014, 41.27576103 ], [ 141.157269970000016, 41.27560313 ], [ 141.157231670000016, 41.27537297 ], [ 141.157204550000017, 41.27524059 ], [ 141.15702144, 41.27517667 ], [ 141.15695593, 41.27515108 ], [ 141.156958120000013, 41.27514701 ], [ 141.156960210000022, 41.2751429 ], [ 141.156962180000022, 41.27513877 ], [ 141.156964030000012, 41.27513459 ], [ 141.15696577, 41.2751304 ], [ 141.15696739, 41.27512618 ], [ 141.15696890000001, 41.27512194 ], [ 141.15697029, 41.27511767 ], [ 141.15697154, 41.27511337 ], [ 141.15697269, 41.27510906 ], [ 141.156973710000017, 41.27510473 ], [ 141.15697462, 41.27510039 ], [ 141.1569754, 41.27509604 ], [ 141.156976040000018, 41.27509167 ], [ 141.15697659, 41.27508729 ], [ 141.156977, 41.2750829 ], [ 141.156977290000015, 41.27507851 ], [ 141.15697746, 41.27507412 ], [ 141.156977500000011, 41.27506972 ], [ 141.15697742, 41.27506532 ], [ 141.156977220000016, 41.27506094 ], [ 141.156976930000013, 41.27505651 ], [ 141.15697659, 41.2750521 ], [ 141.15697623, 41.27504768 ], [ 141.156975820000014, 41.27504326 ], [ 141.15697541, 41.27503885 ], [ 141.156974940000026, 41.27503443 ], [ 141.156974460000015, 41.27503002 ], [ 141.15697393, 41.27502561 ], [ 141.156973380000011, 41.27502121 ], [ 141.1569728, 41.2750168 ], [ 141.15697219, 41.2750124 ], [ 141.15697154, 41.275008 ], [ 141.15697087, 41.2750036 ], [ 141.15697029, 41.275 ], [ 141.156970160000014, 41.27499921 ], [ 141.15696942, 41.27499482 ], [ 141.15696865000001, 41.27499043 ], [ 141.15696785, 41.27498604 ], [ 141.156967, 41.27498167 ], [ 141.156966150000017, 41.27497729 ], [ 141.156965250000013, 41.27497291 ], [ 141.156964320000014, 41.27496854 ], [ 141.15696337, 41.27496417 ], [ 141.15696237, 41.27495981 ], [ 141.15696136, 41.27495545 ], [ 141.156960310000017, 41.2749511 ], [ 141.15695922, 41.27494675 ], [ 141.15695811, 41.2749424 ], [ 141.15695697000001, 41.27493806 ], [ 141.15695580000002, 41.27493372 ], [ 141.156954590000026, 41.27492939 ], [ 141.156953360000017, 41.27492506 ], [ 141.156952090000033, 41.27492074 ], [ 141.156950790000025, 41.27491642 ], [ 141.156949450000013, 41.27491212 ], [ 141.15694811000003, 41.27490781 ], [ 141.15694672, 41.2749035 ], [ 141.15694529000001, 41.27489922 ], [ 141.15694384, 41.27489493 ], [ 141.156942360000016, 41.27489064 ], [ 141.156940840000033, 41.27488636 ], [ 141.156939310000013, 41.27488209 ], [ 141.15693773000001, 41.27487783 ], [ 141.15693613000002, 41.27487357 ], [ 141.1569345, 41.27486932 ], [ 141.156932840000024, 41.27486507 ], [ 141.156931140000012, 41.27486084 ], [ 141.156929420000012, 41.2748566 ], [ 141.156927670000016, 41.27485238 ], [ 141.15692589, 41.27484816 ], [ 141.15692407, 41.27484396 ], [ 141.156922270000024, 41.27483971 ], [ 141.156920480000025, 41.27483547 ], [ 141.1569187, 41.27483123 ], [ 141.156916930000023, 41.27482697 ], [ 141.156915160000011, 41.27482272 ], [ 141.1569134, 41.27481847 ], [ 141.15691166, 41.27481422 ], [ 141.15690992, 41.27480996 ], [ 141.156908180000016, 41.2748057 ], [ 141.156906470000024, 41.27480144 ], [ 141.15690476, 41.27479718 ], [ 141.156903060000019, 41.27479291 ], [ 141.15690136, 41.27478865 ], [ 141.15689968, 41.27478438 ], [ 141.156898, 41.27478011 ], [ 141.15689633, 41.27477584 ], [ 141.156894670000014, 41.27477156 ], [ 141.156893020000012, 41.27476728 ], [ 141.156891390000027, 41.274763 ], [ 141.15688975, 41.27475872 ], [ 141.15688813, 41.27475444 ], [ 141.156886510000021, 41.27475015 ], [ 141.15688492000001, 41.27474587 ], [ 141.15688332000002, 41.27474159 ], [ 141.15688173, 41.27473729 ], [ 141.156880140000027, 41.274733 ], [ 141.156878570000032, 41.2747287 ], [ 141.15687702, 41.27472441 ], [ 141.156875470000017, 41.27472011 ], [ 141.156873930000017, 41.27471581 ], [ 141.156872390000018, 41.27471151 ], [ 141.15687087, 41.27470721 ], [ 141.156869350000022, 41.2747029 ], [ 141.156867850000026, 41.27469859 ], [ 141.156866340000022, 41.27469429 ], [ 141.15686485, 41.27468998 ], [ 141.15686337, 41.27468567 ], [ 141.15686191, 41.27468135 ], [ 141.15686044, 41.27467704 ], [ 141.156858990000018, 41.27467272 ], [ 141.156857550000012, 41.2746684 ], [ 141.15685611, 41.27466408 ], [ 141.15685468, 41.27465976 ], [ 141.15685327, 41.27465543 ], [ 141.156851860000017, 41.27465111 ], [ 141.156843770000023, 41.27465274 ], [ 141.156842360000013, 41.27464841 ], [ 141.156840960000011, 41.27464409 ], [ 141.156839580000025, 41.27463976 ], [ 141.156838210000018, 41.27463542 ], [ 141.156836860000027, 41.27463109 ], [ 141.15683551, 41.27462676 ], [ 141.156834190000012, 41.27462242 ], [ 141.156832870000017, 41.27461808 ], [ 141.15683157, 41.27461374 ], [ 141.156830270000029, 41.2746094 ], [ 141.156829, 41.27460505 ], [ 141.156827740000011, 41.27460069 ], [ 141.156826490000014, 41.27459634 ], [ 141.156825250000026, 41.27459199 ], [ 141.156824030000024, 41.27458763 ], [ 141.15682283000001, 41.27458328 ], [ 141.156821630000024, 41.27457892 ], [ 141.15682045, 41.27457456 ], [ 141.15681927, 41.27457019 ], [ 141.156818120000025, 41.27456583 ], [ 141.156816980000031, 41.27456146 ], [ 141.156815850000015, 41.27455709 ], [ 141.15681475, 41.27455271 ], [ 141.156813640000024, 41.27454834 ], [ 141.156812550000012, 41.27454396 ], [ 141.156811480000016, 41.27453959 ], [ 141.15681042, 41.27453521 ], [ 141.156809360000011, 41.27453082 ], [ 141.156808340000026, 41.27452644 ], [ 141.156807320000013, 41.27452205 ], [ 141.156806320000015, 41.27451767 ], [ 141.156805320000018, 41.27451328 ], [ 141.15680433, 41.27450889 ], [ 141.15680337, 41.2745045 ], [ 141.15680242000002, 41.2745001 ], [ 141.156801480000013, 41.2744957 ], [ 141.156800560000022, 41.27449131 ], [ 141.156799650000011, 41.27448691 ], [ 141.15679874, 41.27448251 ], [ 141.156797860000012, 41.27447811 ], [ 141.15679699, 41.2744737 ], [ 141.156796140000012, 41.2744693 ], [ 141.15679529, 41.27446489 ], [ 141.156794460000015, 41.27446049 ], [ 141.156793640000018, 41.27445607 ], [ 141.15679284, 41.27445167 ], [ 141.15679205, 41.27444725 ], [ 141.156791270000014, 41.27444284 ], [ 141.15679051, 41.27443842 ], [ 141.156789770000017, 41.27443401 ], [ 141.156789030000027, 41.27442959 ], [ 141.156788300000017, 41.27442517 ], [ 141.1567876, 41.27442075 ], [ 141.156786900000014, 41.27441632 ], [ 141.15678623, 41.2744119 ], [ 141.15678555, 41.27440748 ], [ 141.156784900000019, 41.27440305 ], [ 141.15678427, 41.27439863 ], [ 141.15678363, 41.27439421 ], [ 141.15678302, 41.27438978 ], [ 141.156782420000013, 41.27438534 ], [ 141.15678184, 41.27438092 ], [ 141.15678127000001, 41.27437649 ], [ 141.156780710000021, 41.27437205 ], [ 141.156780170000019, 41.27436762 ], [ 141.15677964, 41.27436318 ], [ 141.15677912000001, 41.27435875 ], [ 141.15677861, 41.27435431 ], [ 141.15677813, 41.27434987 ], [ 141.15677765, 41.27434544 ], [ 141.15673676000003, 41.27400952 ], [ 141.15673623, 41.27400504 ], [ 141.15673569, 41.27400055 ], [ 141.156735150000031, 41.27399607 ], [ 141.156734590000013, 41.27399159 ], [ 141.156734050000011, 41.27398711 ], [ 141.156733480000014, 41.27398262 ], [ 141.15673292, 41.27397814 ], [ 141.15673235, 41.27397367 ], [ 141.156731760000014, 41.27396918 ], [ 141.156731190000016, 41.2739647 ], [ 141.1567306, 41.27396023 ], [ 141.156730010000018, 41.27395574 ], [ 141.15672942, 41.27395126 ], [ 141.15672881, 41.27394678 ], [ 141.1567282, 41.27394231 ], [ 141.15672759, 41.27393783 ], [ 141.156726960000015, 41.27393335 ], [ 141.15672634, 41.27392887 ], [ 141.156725720000026, 41.2739244 ], [ 141.15672508, 41.27391992 ], [ 141.15672444, 41.27391545 ], [ 141.1567238, 41.27391097 ], [ 141.15672314, 41.27390649 ], [ 141.156722490000021, 41.27390202 ], [ 141.15672183, 41.27389755 ], [ 141.15672115000001, 41.27389307 ], [ 141.156720490000026, 41.2738886 ], [ 141.156719800000019, 41.27388413 ], [ 141.156719130000027, 41.27387966 ], [ 141.156718430000012, 41.27387519 ], [ 141.15671774, 41.27387071 ], [ 141.156717040000018, 41.27386624 ], [ 141.15671634, 41.27386178 ], [ 141.15671563, 41.27385731 ], [ 141.156714920000013, 41.27385284 ], [ 141.15671419, 41.27384837 ], [ 141.15671346000002, 41.2738439 ], [ 141.156712740000017, 41.27383943 ], [ 141.156712, 41.27383496 ], [ 141.15671126, 41.27383049 ], [ 141.156710510000011, 41.27382603 ], [ 141.15670975, 41.27382157 ], [ 141.156709, 41.2738171 ], [ 141.15670824, 41.27381263 ], [ 141.156707470000015, 41.27380817 ], [ 141.156706690000021, 41.2738037 ], [ 141.15670591, 41.27379924 ], [ 141.156705120000026, 41.27379478 ], [ 141.156704350000012, 41.27379032 ], [ 141.156703540000024, 41.27378586 ], [ 141.156702740000014, 41.2737814 ], [ 141.156701930000025, 41.27377694 ], [ 141.156701130000016, 41.27377248 ], [ 141.156700310000019, 41.27376802 ], [ 141.156699480000015, 41.27376356 ], [ 141.156698660000018, 41.2737591 ], [ 141.15669782, 41.27375464 ], [ 141.15669699, 41.27375019 ], [ 141.156696150000016, 41.27374573 ], [ 141.156695290000016, 41.27374127 ], [ 141.156694440000024, 41.27373682 ], [ 141.15669358, 41.27373236 ], [ 141.156692710000016, 41.27372791 ], [ 141.15669184, 41.27372346 ], [ 141.15669097, 41.273719 ], [ 141.156690090000012, 41.27371455 ], [ 141.156689210000025, 41.2737101 ], [ 141.156688310000021, 41.27370565 ], [ 141.156687420000026, 41.2737012 ], [ 141.156686510000014, 41.27369675 ], [ 141.1566856, 41.2736923 ], [ 141.15668469000002, 41.27368785 ], [ 141.15668377, 41.2736834 ], [ 141.15668285000001, 41.27367896 ], [ 141.156681920000011, 41.27367451 ], [ 141.156680990000012, 41.27367006 ], [ 141.15668005, 41.27366561 ], [ 141.156679100000019, 41.27366117 ], [ 141.156678160000013, 41.27365673 ], [ 141.156677200000019, 41.27365229 ], [ 141.15667624, 41.27364784 ], [ 141.156675270000022, 41.2736434 ], [ 141.156674290000012, 41.27363896 ], [ 141.15667332000001, 41.27363451 ], [ 141.15667234, 41.27363007 ], [ 141.156671350000011, 41.27362564 ], [ 141.156670360000021, 41.2736212 ], [ 141.156669360000024, 41.27361676 ], [ 141.156668350000018, 41.27361232 ], [ 141.15666735, 41.27360788 ], [ 141.15666633, 41.27360345 ], [ 141.156674590000023, 41.27360236 ], [ 141.156673610000013, 41.27359799 ], [ 141.156672620000023, 41.27359362 ], [ 141.15667163, 41.27358925 ], [ 141.156670640000016, 41.27358488 ], [ 141.156669640000018, 41.27358051 ], [ 141.156668630000013, 41.27357614 ], [ 141.15666761, 41.27357178 ], [ 141.156666600000023, 41.27356741 ], [ 141.15666558, 41.27356305 ], [ 141.15666454, 41.27355868 ], [ 141.1566635, 41.27355431 ], [ 141.15666246, 41.27354996 ], [ 141.156661430000014, 41.27354559 ], [ 141.15666038, 41.27354123 ], [ 141.15665931, 41.27353686 ], [ 141.15665825, 41.27353251 ], [ 141.156657180000025, 41.27352814 ], [ 141.15665611, 41.27352378 ], [ 141.156655030000024, 41.27351942 ], [ 141.15665396, 41.27351507 ], [ 141.156652870000016, 41.27351071 ], [ 141.156651760000017, 41.27350635 ], [ 141.15665067, 41.273502 ], [ 141.15664956, 41.27349765 ], [ 141.156648460000014, 41.27349329 ], [ 141.15664734, 41.27348894 ], [ 141.15664621, 41.27348459 ], [ 141.15664508, 41.27348023 ], [ 141.15664396, 41.27347588 ], [ 141.15664282, 41.27347153 ], [ 141.15664167, 41.27346718 ], [ 141.15664053, 41.27346284 ], [ 141.156560930000012, 41.27315875 ], [ 141.156559750000014, 41.27315433 ], [ 141.156558570000016, 41.27314993 ], [ 141.15655738000001, 41.27314552 ], [ 141.156556170000016, 41.27314112 ], [ 141.15655497, 41.27313671 ], [ 141.15655375, 41.27313231 ], [ 141.15655252000002, 41.27312791 ], [ 141.156551280000031, 41.27312351 ], [ 141.156550050000021, 41.27311912 ], [ 141.156548790000016, 41.27311472 ], [ 141.15654754000002, 41.27311032 ], [ 141.156546280000015, 41.27310593 ], [ 141.15654501, 41.27310153 ], [ 141.15654372, 41.27309714 ], [ 141.15654244000001, 41.27309275 ], [ 141.15654115000001, 41.27308836 ], [ 141.15653984, 41.27308397 ], [ 141.15653853, 41.27307959 ], [ 141.15653722, 41.2730752 ], [ 141.156535900000023, 41.27307081 ], [ 141.156534560000011, 41.27306642 ], [ 141.15653323, 41.27306205 ], [ 141.156531880000017, 41.27305767 ], [ 141.15653053, 41.27305329 ], [ 141.15652917, 41.27304891 ], [ 141.156527790000013, 41.27304453 ], [ 141.156526420000034, 41.27304015 ], [ 141.156525030000012, 41.27303577 ], [ 141.156523640000017, 41.2730314 ], [ 141.156522240000015, 41.27302704 ], [ 141.156520840000013, 41.27302267 ], [ 141.15651943, 41.2730183 ], [ 141.156518, 41.27301393 ], [ 141.156516580000016, 41.27300956 ], [ 141.15651514000001, 41.2730052 ], [ 141.1565137, 41.27300084 ], [ 141.156512240000012, 41.27299647 ], [ 141.15651079, 41.27299211 ], [ 141.156509310000018, 41.27298776 ], [ 141.156507850000025, 41.2729834 ], [ 141.156506370000017, 41.27297904 ], [ 141.15650488, 41.27297468 ], [ 141.15650337, 41.27297033 ], [ 141.156501870000028, 41.27296598 ], [ 141.156500360000024, 41.27296163 ], [ 141.15649885000002, 41.27295728 ], [ 141.15649731000002, 41.27295294 ], [ 141.15649579, 41.27294859 ], [ 141.156494240000029, 41.27294424 ], [ 141.1564927, 41.2729399 ], [ 141.156491140000014, 41.27293556 ], [ 141.156489570000019, 41.27293122 ], [ 141.156488, 41.27292688 ], [ 141.156486420000022, 41.27292255 ], [ 141.15648484, 41.27291821 ], [ 141.15648324, 41.27291387 ], [ 141.156481649999989, 41.27290955 ], [ 141.156480040000019, 41.27290522 ], [ 141.156478420000013, 41.27290088 ], [ 141.1564768, 41.27289656 ], [ 141.156475160000014, 41.27289223 ], [ 141.15647353, 41.27288791 ], [ 141.15647188, 41.27288359 ], [ 141.156470220000017, 41.27287927 ], [ 141.15646856, 41.27287495 ], [ 141.1564669, 41.27287063 ], [ 141.15646523, 41.27286632 ], [ 141.15646354, 41.272862 ], [ 141.156461850000028, 41.27285768 ], [ 141.156460160000023, 41.27285338 ], [ 141.156458440000023, 41.27284906 ], [ 141.15645673, 41.27284476 ], [ 141.15645502000001, 41.27284045 ], [ 141.156453280000022, 41.27283614 ], [ 141.15645156, 41.27283185 ], [ 141.156449800000019, 41.27282755 ], [ 141.15644805, 41.27282324 ], [ 141.156446300000027, 41.27281895 ], [ 141.156444540000024, 41.27281465 ], [ 141.15644276, 41.27281036 ], [ 141.15644099, 41.27280606 ], [ 141.15643921, 41.27280177 ], [ 141.156437410000024, 41.27279749 ], [ 141.156367980000027, 41.27263358 ], [ 141.15636616, 41.27262932 ], [ 141.15636434000001, 41.27262507 ], [ 141.156362530000024, 41.27262082 ], [ 141.15636074, 41.27261657 ], [ 141.156358940000018, 41.27261231 ], [ 141.15635716, 41.27260805 ], [ 141.15635538, 41.27260379 ], [ 141.15635362, 41.27259952 ], [ 141.156351850000021, 41.27259526 ], [ 141.1563501, 41.272591 ], [ 141.15634835000003, 41.27258673 ], [ 141.156346610000014, 41.27258246 ], [ 141.156344890000014, 41.27257819 ], [ 141.156343170000014, 41.27257391 ], [ 141.156341450000014, 41.27256964 ], [ 141.15633974, 41.27256536 ], [ 141.156338050000016, 41.27256108 ], [ 141.156336360000012, 41.2725568 ], [ 141.15633467, 41.27255252 ], [ 141.156333, 41.27254823 ], [ 141.15633134, 41.27254395 ], [ 141.156329680000027, 41.27253966 ], [ 141.15632803, 41.27253537 ], [ 141.156326380000024, 41.27253108 ], [ 141.15632475000001, 41.27252679 ], [ 141.156323110000017, 41.27252249 ], [ 141.15632149000001, 41.2725182 ], [ 141.156319880000012, 41.2725139 ], [ 141.156318270000014, 41.2725096 ], [ 141.15631668, 41.2725053 ], [ 141.1563151, 41.272501 ], [ 141.156313510000018, 41.27249669 ], [ 141.15631195, 41.27249239 ], [ 141.15631038, 41.27248808 ], [ 141.15630882, 41.27248377 ], [ 141.156307280000021, 41.27247946 ], [ 141.156305730000014, 41.27247514 ], [ 141.156304200000022, 41.27247083 ], [ 141.156302670000031, 41.27246651 ], [ 141.156301150000019, 41.2724622 ], [ 141.156299650000022, 41.27245788 ], [ 141.156298140000018, 41.27245356 ], [ 141.15629665, 41.27244923 ], [ 141.156295160000013, 41.27244491 ], [ 141.15629368, 41.27244059 ], [ 141.156292220000012, 41.27243626 ], [ 141.156290750000011, 41.27243194 ], [ 141.1562893, 41.2724276 ], [ 141.156287850000012, 41.27242327 ], [ 141.15628641, 41.27241894 ], [ 141.15628498, 41.2724146 ], [ 141.156283550000012, 41.27241027 ], [ 141.15628214, 41.27240594 ], [ 141.15628074, 41.27240159 ], [ 141.156279340000026, 41.27239725 ], [ 141.15627795, 41.27239291 ], [ 141.15627656, 41.27238857 ], [ 141.15627519, 41.27238423 ], [ 141.15627383, 41.27237988 ], [ 141.15627246, 41.27237553 ], [ 141.156271120000014, 41.27237118 ], [ 141.156269770000023, 41.27236684 ], [ 141.156268430000011, 41.27236249 ], [ 141.156267110000016, 41.27235813 ], [ 141.156265780000012, 41.27235377 ], [ 141.156264470000025, 41.27234942 ], [ 141.156263180000025, 41.27234506 ], [ 141.156261880000017, 41.2723407 ], [ 141.15626058, 41.27233634 ], [ 141.156259310000024, 41.27233198 ], [ 141.156258040000012, 41.27232762 ], [ 141.15625677, 41.27232326 ], [ 141.156255510000022, 41.27231889 ], [ 141.15625427, 41.27231453 ], [ 141.156253030000016, 41.27231016 ], [ 141.1562518, 41.27230579 ], [ 141.156250570000026, 41.27230142 ], [ 141.156249360000032, 41.27229705 ], [ 141.15624813, 41.27229271 ], [ 141.156246910000021, 41.27228837 ], [ 141.15624569000002, 41.27228403 ], [ 141.156244470000019, 41.27227968 ], [ 141.15624327, 41.27227533 ], [ 141.156242060000011, 41.27227099 ], [ 141.15624086, 41.27226665 ], [ 141.156239660000011, 41.2722623 ], [ 141.156238460000026, 41.27225796 ], [ 141.15623728, 41.2722536 ], [ 141.156236080000014, 41.27224926 ], [ 141.156234900000015, 41.27224491 ], [ 141.156233720000017, 41.27224056 ], [ 141.156232540000019, 41.27223621 ], [ 141.15623138, 41.27223187 ], [ 141.15623020000001, 41.27222751 ], [ 141.15622904, 41.27222316 ], [ 141.15622787, 41.27221881 ], [ 141.15622672, 41.27221445 ], [ 141.156225560000024, 41.2722101 ], [ 141.156224410000021, 41.27220575 ], [ 141.15622327, 41.2722014 ], [ 141.15622213, 41.27219704 ], [ 141.15622099, 41.27219269 ], [ 141.15621986, 41.27218832 ], [ 141.15621872, 41.27218397 ], [ 141.156217590000011, 41.27217961 ], [ 141.15621647, 41.27217526 ], [ 141.15621536, 41.2721709 ], [ 141.156214240000025, 41.27216654 ], [ 141.15621313, 41.27216218 ], [ 141.156212010000019, 41.27215782 ], [ 141.15621091, 41.27215346 ], [ 141.156209800000028, 41.2721491 ], [ 141.15620872, 41.27214474 ], [ 141.156207630000011, 41.27214038 ], [ 141.15620654, 41.27213602 ], [ 141.156205450000016, 41.27213165 ], [ 141.156204370000012, 41.27212729 ], [ 141.15620329, 41.27212293 ], [ 141.156202220000011, 41.27211856 ], [ 141.15620114, 41.2721142 ], [ 141.156200080000019, 41.27210983 ], [ 141.156199010000023, 41.27210546 ], [ 141.156197960000014, 41.2721011 ], [ 141.1561969, 41.27209673 ], [ 141.156195850000017, 41.27209236 ], [ 141.156194810000017, 41.27208799 ], [ 141.15619376, 41.27208362 ], [ 141.15619272, 41.27207925 ], [ 141.156191690000014, 41.27207488 ], [ 141.156190660000021, 41.27207051 ], [ 141.15618962, 41.27206614 ], [ 141.1561886, 41.27206177 ], [ 141.15618759, 41.2720574 ], [ 141.15618656, 41.27205303 ], [ 141.15618555, 41.27204866 ], [ 141.15618455, 41.27204428 ], [ 141.15618354, 41.27203991 ], [ 141.156182540000032, 41.27203553 ], [ 141.15618154, 41.27203115 ], [ 141.156180550000016, 41.27202678 ], [ 141.156179560000027, 41.27202241 ], [ 141.15617857, 41.27201803 ], [ 141.15617759, 41.27201365 ], [ 141.156176610000017, 41.27200928 ], [ 141.156175640000015, 41.2720049 ], [ 141.156174670000013, 41.27200052 ], [ 141.156173710000019, 41.27199614 ], [ 141.156172740000017, 41.27199176 ], [ 141.15616682000001, 41.27199236 ], [ 141.15616588, 41.27198799 ], [ 141.156164930000017, 41.27198361 ], [ 141.15616398, 41.27197924 ], [ 141.15616305, 41.27197486 ], [ 141.15616211, 41.27197049 ], [ 141.156161190000034, 41.27196612 ], [ 141.156160270000015, 41.27196174 ], [ 141.156159350000024, 41.27195736 ], [ 141.15615843, 41.27195298 ], [ 141.156157520000022, 41.2719486 ], [ 141.156156610000011, 41.27194422 ], [ 141.156155720000015, 41.27193985 ], [ 141.15615481, 41.27193547 ], [ 141.156153930000016, 41.27193109 ], [ 141.156153030000013, 41.27192671 ], [ 141.15615215, 41.27192232 ], [ 141.15615127, 41.27191795 ], [ 141.1561504, 41.27191356 ], [ 141.156149520000014, 41.27190918 ], [ 141.156148660000014, 41.27190479 ], [ 141.156147800000014, 41.27190041 ], [ 141.156146940000014, 41.27189603 ], [ 141.156146080000013, 41.27189165 ], [ 141.15614524, 41.27188726 ], [ 141.156144400000017, 41.27188287 ], [ 141.156143550000024, 41.27187849 ], [ 141.156142710000012, 41.2718741 ], [ 141.15614188, 41.27186971 ], [ 141.15614105, 41.27186532 ], [ 141.15614023, 41.27186094 ], [ 141.156139420000017, 41.27185655 ], [ 141.15613860000002, 41.27185216 ], [ 141.15613780000001, 41.27184777 ], [ 141.15613699, 41.27184338 ], [ 141.156136190000012, 41.27183899 ], [ 141.156135380000023, 41.2718346 ], [ 141.156134590000022, 41.27183021 ], [ 141.15613381, 41.27182582 ], [ 141.15613302, 41.27182142 ], [ 141.156221300000027, 41.2718126 ], [ 141.15620198000002, 41.27169644 ], [ 141.1561137, 41.27170527 ], [ 141.156113010000013, 41.2717008 ], [ 141.15611232, 41.27169632 ], [ 141.156111630000026, 41.27169186 ], [ 141.156110950000027, 41.27168738 ], [ 141.156110270000028, 41.27168291 ], [ 141.1561096, 41.27167843 ], [ 141.15610894, 41.27167395 ], [ 141.15610826, 41.27166949 ], [ 141.156107610000021, 41.27166501 ], [ 141.15610695, 41.27166053 ], [ 141.156106300000033, 41.27165606 ], [ 141.15610566, 41.27165159 ], [ 141.156105020000012, 41.27164711 ], [ 141.156104380000016, 41.27164263 ], [ 141.15610375, 41.27163815 ], [ 141.15610313, 41.27163368 ], [ 141.1561025, 41.2716292 ], [ 141.15610189, 41.27162472 ], [ 141.156101270000022, 41.27162024 ], [ 141.156100660000021, 41.27161576 ], [ 141.15610007, 41.27161128 ], [ 141.156099470000015, 41.2716068 ], [ 141.156098870000022, 41.27160232 ], [ 141.15609828, 41.27159784 ], [ 141.15609769, 41.27159336 ], [ 141.15609711, 41.27158888 ], [ 141.15609654, 41.2715844 ], [ 141.15609597, 41.27157992 ], [ 141.1560954, 41.27157543 ], [ 141.15609484, 41.27157096 ], [ 141.156094280000019, 41.27156647 ], [ 141.15609372, 41.27156198 ], [ 141.15609318, 41.2715575 ], [ 141.156092630000018, 41.27155302 ], [ 141.156092090000016, 41.27154853 ], [ 141.15609156, 41.27154405 ], [ 141.156091020000019, 41.27153957 ], [ 141.156090510000013, 41.27153508 ], [ 141.156089970000011, 41.27153059 ], [ 141.156089470000012, 41.27152611 ], [ 141.15608895, 41.27152162 ], [ 141.156088440000019, 41.27151714 ], [ 141.15608794000002, 41.27151265 ], [ 141.15608745, 41.27150816 ], [ 141.15608695, 41.27150368 ], [ 141.156086460000012, 41.27149919 ], [ 141.15608598, 41.2714947 ], [ 141.156085500000017, 41.27149022 ], [ 141.15608502, 41.27148573 ], [ 141.15608455, 41.27148124 ], [ 141.15608409, 41.27147675 ], [ 141.15608362, 41.27147226 ], [ 141.156083170000016, 41.27146777 ], [ 141.156082710000021, 41.27146328 ], [ 141.156082270000013, 41.27145879 ], [ 141.156081820000026, 41.27145431 ], [ 141.156081390000026, 41.27144981 ], [ 141.156080950000018, 41.27144532 ], [ 141.156080520000017, 41.27144083 ], [ 141.156080090000017, 41.27143634 ], [ 141.15607968, 41.27143185 ], [ 141.156079260000013, 41.27142736 ], [ 141.15607885, 41.27142286 ], [ 141.156078440000016, 41.27141837 ], [ 141.156078040000011, 41.27141388 ], [ 141.15607764, 41.27140939 ], [ 141.15607725000001, 41.27140489 ], [ 141.156076860000013, 41.27140041 ], [ 141.156076480000024, 41.27139591 ], [ 141.1560761, 41.27139141 ], [ 141.156075720000018, 41.27138692 ], [ 141.156075360000017, 41.27138243 ], [ 141.15607499, 41.27137794 ], [ 141.15607463, 41.27137344 ], [ 141.156074280000013, 41.27136895 ], [ 141.156073920000011, 41.27136445 ], [ 141.156036170000021, 41.27089803 ], [ 141.156035820000028, 41.27089354 ], [ 141.15603546, 41.27088904 ], [ 141.1560351, 41.27088456 ], [ 141.156034730000016, 41.27088007 ], [ 141.156034340000019, 41.27087559 ], [ 141.15603397000001, 41.2708711 ], [ 141.156033580000013, 41.27086661 ], [ 141.15603318, 41.27086213 ], [ 141.156032780000032, 41.27085764 ], [ 141.15603237000002, 41.27085315 ], [ 141.15603196, 41.27084867 ], [ 141.15603153, 41.27084418 ], [ 141.1560311, 41.27083969 ], [ 141.15603066, 41.27083522 ], [ 141.156030220000019, 41.27083073 ], [ 141.156029780000011, 41.27082624 ], [ 141.156029330000024, 41.27082176 ], [ 141.156028860000021, 41.27081728 ], [ 141.15602841, 41.27081279 ], [ 141.156027920000014, 41.27080831 ], [ 141.156027450000011, 41.27080383 ], [ 141.15602696000002, 41.27079935 ], [ 141.15602647, 41.27079487 ], [ 141.15602597, 41.27079039 ], [ 141.156025460000023, 41.27078591 ], [ 141.156024950000017, 41.27078142 ], [ 141.15602444000001, 41.27077695 ], [ 141.156023920000024, 41.27077247 ], [ 141.15602339, 41.27076799 ], [ 141.15602284000002, 41.27076351 ], [ 141.156022310000026, 41.27075904 ], [ 141.15602175, 41.27075456 ], [ 141.156021190000018, 41.27075008 ], [ 141.15602064, 41.2707456 ], [ 141.156020070000011, 41.27074113 ], [ 141.15601949, 41.27073665 ], [ 141.156018910000029, 41.27073218 ], [ 141.156018330000023, 41.2707277 ], [ 141.15601773, 41.27072322 ], [ 141.15601713, 41.27071876 ], [ 141.15601652, 41.27071428 ], [ 141.15601591, 41.27070981 ], [ 141.15601529, 41.27070533 ], [ 141.156014670000019, 41.27070087 ], [ 141.156014030000023, 41.2706964 ], [ 141.1560134, 41.27069192 ], [ 141.15601275, 41.27068745 ], [ 141.156012100000027, 41.27068298 ], [ 141.156011440000015, 41.27067851 ], [ 141.15601078, 41.27067405 ], [ 141.156010120000019, 41.27066958 ], [ 141.156009430000012, 41.27066511 ], [ 141.156008750000012, 41.27066064 ], [ 141.156008070000013, 41.27065618 ], [ 141.15600737, 41.27065171 ], [ 141.156006670000011, 41.27064724 ], [ 141.15600595, 41.27064278 ], [ 141.156005240000013, 41.27063831 ], [ 141.156004530000018, 41.27063386 ], [ 141.1560038, 41.27062939 ], [ 141.156003060000018, 41.27062493 ], [ 141.156002320000027, 41.27062047 ], [ 141.15600158, 41.27061601 ], [ 141.156000830000011, 41.27061154 ], [ 141.15600007, 41.27060708 ], [ 141.155999300000019, 41.27060262 ], [ 141.15599853, 41.27059817 ], [ 141.15599776000002, 41.27059371 ], [ 141.155996970000018, 41.27058925 ], [ 141.15599617, 41.27058479 ], [ 141.15599538, 41.27058034 ], [ 141.155994580000026, 41.27057588 ], [ 141.15599377, 41.27057143 ], [ 141.15599296000002, 41.27056697 ], [ 141.155992130000016, 41.27056252 ], [ 141.155991300000011, 41.27055806 ], [ 141.15599047, 41.27055361 ], [ 141.155989620000014, 41.27054916 ], [ 141.15598878000003, 41.27054471 ], [ 141.15598793, 41.27054026 ], [ 141.15598707, 41.27053581 ], [ 141.1559862, 41.27053136 ], [ 141.155985330000021, 41.27052692 ], [ 141.15598445, 41.27052247 ], [ 141.155983570000018, 41.27051803 ], [ 141.155982670000014, 41.27051358 ], [ 141.155981780000019, 41.27050913 ], [ 141.15598087, 41.27050468 ], [ 141.15597996, 41.27050024 ], [ 141.15597904, 41.2704958 ], [ 141.155978120000015, 41.27049136 ], [ 141.155977200000024, 41.27048692 ], [ 141.15597625, 41.27048248 ], [ 141.15597532000001, 41.27047804 ], [ 141.155974370000024, 41.27047359 ], [ 141.15597341, 41.27046916 ], [ 141.15597245, 41.27046472 ], [ 141.1559349, 41.27027777 ], [ 141.15582292000002, 41.26981041 ], [ 141.155821870000011, 41.26980598 ], [ 141.15582082, 41.26980156 ], [ 141.15581975, 41.26979713 ], [ 141.15581868000001, 41.26979271 ], [ 141.15581759, 41.2697883 ], [ 141.155816500000014, 41.26978388 ], [ 141.15581538, 41.26977946 ], [ 141.155814280000016, 41.26977505 ], [ 141.15581315, 41.26977063 ], [ 141.155812020000013, 41.26976622 ], [ 141.155810880000018, 41.26976181 ], [ 141.15580974, 41.2697574 ], [ 141.155808570000033, 41.26975299 ], [ 141.155807410000023, 41.26974859 ], [ 141.15580624, 41.26974418 ], [ 141.155805040000018, 41.26973977 ], [ 141.155803850000012, 41.26973537 ], [ 141.15580266, 41.26973097 ], [ 141.15580144, 41.26972657 ], [ 141.15580022, 41.26972217 ], [ 141.155798990000022, 41.26971777 ], [ 141.155797760000013, 41.26971338 ], [ 141.1557965, 41.26970898 ], [ 141.155795250000011, 41.26970459 ], [ 141.15579398, 41.2697002 ], [ 141.155792710000014, 41.26969581 ], [ 141.15579143, 41.26969142 ], [ 141.155790130000014, 41.26968704 ], [ 141.15578883, 41.26968265 ], [ 141.155787520000018, 41.26967826 ], [ 141.1557862, 41.26967388 ], [ 141.155784860000011, 41.26966951 ], [ 141.15578353, 41.26966512 ], [ 141.155782180000017, 41.26966075 ], [ 141.155780830000026, 41.26965637 ], [ 141.155779470000027, 41.26965199 ], [ 141.155778090000013, 41.26964762 ], [ 141.155776710000026, 41.26964325 ], [ 141.15577532, 41.26963887 ], [ 141.15577392000003, 41.26963451 ], [ 141.155772500000012, 41.26963014 ], [ 141.15577109, 41.26962578 ], [ 141.15576966, 41.26962141 ], [ 141.155768220000027, 41.26961705 ], [ 141.15576678, 41.26961269 ], [ 141.15576533, 41.26960833 ], [ 141.155763870000015, 41.26960398 ], [ 141.15576239, 41.26959962 ], [ 141.15576091, 41.26959527 ], [ 141.15575942000001, 41.26959092 ], [ 141.155757920000013, 41.26958657 ], [ 141.155756420000017, 41.26958223 ], [ 141.1557549, 41.26957787 ], [ 141.155753370000014, 41.26957353 ], [ 141.155751840000022, 41.26956919 ], [ 141.1557503, 41.26956485 ], [ 141.15574874, 41.26956051 ], [ 141.15574718000002, 41.26955617 ], [ 141.155745620000033, 41.26955184 ], [ 141.155744030000022, 41.2695475 ], [ 141.15574245, 41.26954317 ], [ 141.155740840000021, 41.26953885 ], [ 141.155739250000011, 41.26953451 ], [ 141.15573763, 41.26953019 ], [ 141.155736, 41.26952586 ], [ 141.155734370000033, 41.26952154 ], [ 141.155732740000019, 41.26951723 ], [ 141.155731090000018, 41.2695129 ], [ 141.15572943, 41.26950859 ], [ 141.155727760000019, 41.26950427 ], [ 141.15572608, 41.26949996 ], [ 141.1557244, 41.26949565 ], [ 141.15572271000002, 41.26949134 ], [ 141.155721, 41.26948704 ], [ 141.15571929, 41.26948273 ], [ 141.155717580000015, 41.26947842 ], [ 141.155715840000028, 41.26947413 ], [ 141.155714100000012, 41.26946983 ], [ 141.15571236, 41.26946553 ], [ 141.15571060000002, 41.26946123 ], [ 141.15570883, 41.26945695 ], [ 141.15570707, 41.26945266 ], [ 141.15570528, 41.26944837 ], [ 141.15570349, 41.26944408 ], [ 141.1557017, 41.26943979 ], [ 141.155699880000014, 41.26943551 ], [ 141.15569807, 41.26943123 ], [ 141.15569624, 41.26942695 ], [ 141.15569441, 41.26942268 ], [ 141.155692570000014, 41.26941841 ], [ 141.155690710000016, 41.26941413 ], [ 141.15568886, 41.26940987 ], [ 141.155686980000013, 41.26940559 ], [ 141.15568511, 41.26940133 ], [ 141.155683220000014, 41.26939707 ], [ 141.155681320000014, 41.26939281 ], [ 141.155679420000013, 41.26938855 ], [ 141.15567751, 41.2693843 ], [ 141.15567558, 41.26938004 ], [ 141.155673660000019, 41.26937579 ], [ 141.15567171, 41.26937154 ], [ 141.15566977, 41.2693673 ], [ 141.155667810000011, 41.26936305 ], [ 141.15566585000002, 41.2693588 ], [ 141.155663870000012, 41.26935457 ], [ 141.15565607000002, 41.26935685 ], [ 141.15565418, 41.26935264 ], [ 141.155652260000011, 41.26934843 ], [ 141.155650340000022, 41.26934423 ], [ 141.15564839000001, 41.26934004 ], [ 141.15564645, 41.26933584 ], [ 141.1556445, 41.26933165 ], [ 141.155642530000023, 41.26932745 ], [ 141.155640560000023, 41.26932326 ], [ 141.155638560000028, 41.26931908 ], [ 141.15563656, 41.26931489 ], [ 141.155634570000018, 41.26931071 ], [ 141.155632540000028, 41.26930654 ], [ 141.155630520000017, 41.26930236 ], [ 141.155628480000018, 41.26929819 ], [ 141.155626430000012, 41.26929403 ], [ 141.155624370000027, 41.26928986 ], [ 141.155622310000012, 41.26928569 ], [ 141.155620230000011, 41.26928153 ], [ 141.15561815, 41.26927738 ], [ 141.155616040000012, 41.26927322 ], [ 141.155613930000015, 41.26926907 ], [ 141.155611820000018, 41.26926492 ], [ 141.15560969, 41.26926078 ], [ 141.155607550000013, 41.26925663 ], [ 141.155605400000013, 41.2692525 ], [ 141.15560324, 41.26924836 ], [ 141.15560108, 41.26924423 ], [ 141.15559890000003, 41.26924009 ], [ 141.155596710000026, 41.26923596 ], [ 141.1555945, 41.26923184 ], [ 141.155592300000023, 41.26922772 ], [ 141.15559008, 41.2692236 ], [ 141.155587850000018, 41.26921949 ], [ 141.155585600000023, 41.26921537 ], [ 141.15558336, 41.26921126 ], [ 141.1555811, 41.26920715 ], [ 141.15557883, 41.26920305 ], [ 141.15557655, 41.26919896 ], [ 141.155574270000017, 41.26919486 ], [ 141.15557196, 41.26919077 ], [ 141.155569650000018, 41.26918668 ], [ 141.15556734, 41.26918259 ], [ 141.15556501, 41.2691785 ], [ 141.155562670000023, 41.26917442 ], [ 141.15556032, 41.26917034 ], [ 141.155318380000011, 41.26874208 ], [ 141.155316070000026, 41.26873798 ], [ 141.15531375, 41.26873388 ], [ 141.155311410000024, 41.26872978 ], [ 141.15530909, 41.26872569 ], [ 141.15530676000003, 41.2687216 ], [ 141.15530444, 41.2687175 ], [ 141.155302100000029, 41.26871341 ], [ 141.155299750000012, 41.26870932 ], [ 141.155297420000011, 41.26870522 ], [ 141.15529507, 41.26870113 ], [ 141.155292740000021, 41.26869705 ], [ 141.155290380000025, 41.26869296 ], [ 141.15528803, 41.26868887 ], [ 141.15528568000002, 41.26868478 ], [ 141.155283320000024, 41.2686807 ], [ 141.155280960000027, 41.26867661 ], [ 141.1552786, 41.26867253 ], [ 141.15527624, 41.26866845 ], [ 141.155273860000023, 41.26866437 ], [ 141.155271490000018, 41.26866029 ], [ 141.155269130000022, 41.26865621 ], [ 141.15526674000003, 41.26865213 ], [ 141.155264370000026, 41.26864805 ], [ 141.15526198, 41.26864397 ], [ 141.15525961, 41.26863989 ], [ 141.15525722000001, 41.26863582 ], [ 141.15525482000001, 41.26863175 ], [ 141.155252440000027, 41.26862767 ], [ 141.155250040000027, 41.2686236 ], [ 141.15524765, 41.26861952 ], [ 141.15524525, 41.26861545 ], [ 141.15524284, 41.26861139 ], [ 141.15524044, 41.26860731 ], [ 141.15523803, 41.26860324 ], [ 141.155235620000013, 41.26859918 ], [ 141.155233200000026, 41.26859511 ], [ 141.155230790000019, 41.26859104 ], [ 141.15522837, 41.26858698 ], [ 141.155225950000016, 41.26858292 ], [ 141.15522353, 41.26857886 ], [ 141.1552211, 41.26857479 ], [ 141.15521866, 41.26857073 ], [ 141.155216240000016, 41.26856668 ], [ 141.155213800000013, 41.26856261 ], [ 141.15521136000001, 41.26855856 ], [ 141.15520892, 41.26855449 ], [ 141.155206490000012, 41.26855044 ], [ 141.155204030000021, 41.26854639 ], [ 141.155201580000011, 41.26854233 ], [ 141.155199130000028, 41.26853828 ], [ 141.155196680000017, 41.26853423 ], [ 141.155194210000019, 41.26853017 ], [ 141.15519176, 41.26852613 ], [ 141.155189300000018, 41.26852207 ], [ 141.155186830000019, 41.26851803 ], [ 141.155184370000029, 41.26851397 ], [ 141.15518189, 41.26850993 ], [ 141.15517943, 41.26850588 ], [ 141.155176950000026, 41.26850184 ], [ 141.15517447000002, 41.26849779 ], [ 141.15517198, 41.26849375 ], [ 141.15516951, 41.2684897 ], [ 141.15516702, 41.26848567 ], [ 141.15516453, 41.26848162 ], [ 141.155162040000022, 41.26847759 ], [ 141.15515955, 41.26847355 ], [ 141.15515704, 41.2684695 ], [ 141.155154540000012, 41.26846547 ], [ 141.15515205, 41.26846143 ], [ 141.155149530000017, 41.2684574 ], [ 141.15514703, 41.26845337 ], [ 141.155144510000014, 41.26844933 ], [ 141.15514201, 41.26844531 ], [ 141.15513949000001, 41.26844127 ], [ 141.155136960000021, 41.26843724 ], [ 141.15513445000002, 41.26843322 ], [ 141.15513192, 41.26842918 ], [ 141.1551294, 41.26842515 ], [ 141.155126870000032, 41.26842113 ], [ 141.15512433, 41.26841711 ], [ 141.155121800000018, 41.26841308 ], [ 141.155119260000021, 41.26840905 ], [ 141.155116720000024, 41.26840504 ], [ 141.15511418, 41.26840102 ], [ 141.155111630000022, 41.26839699 ], [ 141.155109090000025, 41.26839297 ], [ 141.15510654, 41.26838896 ], [ 141.155114090000012, 41.26838626 ], [ 141.155111530000028, 41.2683822 ], [ 141.155108970000015, 41.26837814 ], [ 141.15510641000003, 41.26837408 ], [ 141.155103850000017, 41.26837003 ], [ 141.155101280000025, 41.26836597 ], [ 141.1550987, 41.26836192 ], [ 141.155096140000012, 41.26835786 ], [ 141.15509355, 41.26835381 ], [ 141.15509097, 41.26834977 ], [ 141.15508839, 41.26834571 ], [ 141.15508581, 41.26834167 ], [ 141.155083220000023, 41.26833761 ], [ 141.15508062, 41.26833357 ], [ 141.15507803, 41.26832952 ], [ 141.155075430000011, 41.26832548 ], [ 141.155072830000023, 41.26832144 ], [ 141.15507023, 41.2683174 ], [ 141.15506761, 41.26831335 ], [ 141.155065010000015, 41.26830932 ], [ 141.15506240000002, 41.26830528 ], [ 141.155059780000016, 41.26830123 ], [ 141.155057160000013, 41.2682972 ], [ 141.15505454, 41.26829316 ], [ 141.15505191, 41.26828914 ], [ 141.15504929, 41.2682851 ], [ 141.15504665, 41.26828106 ], [ 141.15504402000002, 41.26827704 ], [ 141.155041370000021, 41.26827301 ], [ 141.15503874, 41.26826898 ], [ 141.155036100000018, 41.26826495 ], [ 141.155033450000019, 41.26826093 ], [ 141.155030790000012, 41.2682569 ], [ 141.155028140000013, 41.26825287 ], [ 141.155025490000014, 41.26824886 ], [ 141.15502283, 41.26824483 ], [ 141.155020170000029, 41.26824081 ], [ 141.155017500000014, 41.26823679 ], [ 141.15501484, 41.26823278 ], [ 141.15501217000002, 41.26822876 ], [ 141.15500949, 41.26822474 ], [ 141.15500681, 41.26822072 ], [ 141.155004140000017, 41.26821671 ], [ 141.155001450000015, 41.26821269 ], [ 141.15499877000002, 41.26820868 ], [ 141.15499607000001, 41.26820468 ], [ 141.154993390000016, 41.26820067 ], [ 141.15499069, 41.26819666 ], [ 141.154987990000024, 41.26819265 ], [ 141.154985290000013, 41.26818865 ], [ 141.15498258, 41.26818464 ], [ 141.154979880000013, 41.26818064 ], [ 141.154977170000024, 41.26817663 ], [ 141.154974450000026, 41.26817263 ], [ 141.15497174, 41.26816863 ], [ 141.15496901000003, 41.26816463 ], [ 141.154966300000012, 41.26816064 ], [ 141.15496357, 41.26815664 ], [ 141.15496084000003, 41.26815265 ], [ 141.154958120000032, 41.26814865 ], [ 141.154955380000018, 41.26814466 ], [ 141.154952650000013, 41.26814067 ], [ 141.154949910000028, 41.26813668 ], [ 141.15494716, 41.26813268 ], [ 141.154944410000013, 41.26812869 ], [ 141.15494166, 41.26812471 ], [ 141.154938910000027, 41.26812072 ], [ 141.15493616, 41.26811674 ], [ 141.1549334, 41.26811276 ], [ 141.15493064, 41.26810877 ], [ 141.154927870000023, 41.26810479 ], [ 141.154925110000022, 41.26810081 ], [ 141.154922340000013, 41.26809684 ], [ 141.15491957, 41.26809286 ], [ 141.15491678, 41.26808888 ], [ 141.154914010000027, 41.2680849 ], [ 141.15491123000001, 41.26808093 ], [ 141.154908440000014, 41.26807695 ], [ 141.154905650000018, 41.26807298 ], [ 141.154902870000029, 41.26806902 ], [ 141.15490008, 41.26806504 ], [ 141.15489728, 41.26806107 ], [ 141.154894470000016, 41.26805711 ], [ 141.154891670000012, 41.26805314 ], [ 141.15488887, 41.26804918 ], [ 141.154886060000024, 41.26804522 ], [ 141.15488324, 41.26804125 ], [ 141.15488043000002, 41.26803729 ], [ 141.15487761, 41.26803333 ], [ 141.154874800000016, 41.26802937 ], [ 141.154871970000016, 41.26802541 ], [ 141.154869140000017, 41.26802146 ], [ 141.15486632, 41.26801751 ], [ 141.15486349, 41.26801355 ], [ 141.154860650000018, 41.2680096 ], [ 141.15485781000001, 41.26800565 ], [ 141.15485497, 41.26800169 ], [ 141.15485213, 41.26799775 ], [ 141.15484927, 41.2679938 ], [ 141.15484643, 41.26798986 ], [ 141.15484358, 41.26798591 ], [ 141.15484071, 41.26798196 ], [ 141.154837860000015, 41.26797802 ], [ 141.154834990000012, 41.26797408 ], [ 141.154832130000017, 41.26797013 ], [ 141.154829260000014, 41.2679662 ], [ 141.154826390000011, 41.26796226 ], [ 141.15482352, 41.26795832 ], [ 141.15482065, 41.26795439 ], [ 141.154817770000022, 41.26795046 ], [ 141.15481488, 41.26794652 ], [ 141.154812, 41.2679426 ], [ 141.154809100000023, 41.26793866 ], [ 141.15480621, 41.26793473 ], [ 141.154803320000013, 41.2679308 ], [ 141.15480043, 41.26792687 ], [ 141.154797520000017, 41.26792295 ], [ 141.154794620000018, 41.26791903 ], [ 141.154791710000012, 41.2679151 ], [ 141.154788810000014, 41.26791118 ], [ 141.15478589, 41.26790726 ], [ 141.154782980000022, 41.26790334 ], [ 141.154780070000015, 41.26789942 ], [ 141.154777130000014, 41.2678955 ], [ 141.15477422, 41.26789159 ], [ 141.15477128, 41.26788768 ], [ 141.154768350000012, 41.26788377 ], [ 141.154765420000018, 41.26787985 ], [ 141.15476249, 41.26787594 ], [ 141.154759550000023, 41.26787203 ], [ 141.154756610000021, 41.26786813 ], [ 141.154753670000019, 41.26786422 ], [ 141.15475071000003, 41.26786031 ], [ 141.154747770000029, 41.26785641 ], [ 141.154744810000011, 41.26785251 ], [ 141.154741850000022, 41.2678486 ], [ 141.154738900000012, 41.2678447 ], [ 141.154735940000023, 41.2678408 ], [ 141.154732970000026, 41.2678369 ], [ 141.15473, 41.267833 ], [ 141.15472703, 41.26782911 ], [ 141.15472406, 41.26782522 ], [ 141.15472109000001, 41.26782132 ], [ 141.15471811, 41.26781743 ], [ 141.15471512000002, 41.26781354 ], [ 141.154712140000015, 41.26780965 ], [ 141.15470916000001, 41.26780577 ], [ 141.154706160000018, 41.26780187 ], [ 141.15470317, 41.26779799 ], [ 141.154700170000012, 41.26779411 ], [ 141.15423544, 41.26718696 ], [ 141.15423249, 41.26718311 ], [ 141.154229470000018, 41.26717929 ], [ 141.15422634, 41.2671755 ], [ 141.15422314, 41.26717177 ], [ 141.15421984, 41.26716808 ], [ 141.154216460000015, 41.26716443 ], [ 141.154213, 41.26716083 ], [ 141.154209440000017, 41.26715727 ], [ 141.1542058, 41.26715377 ], [ 141.154202070000025, 41.26715032 ], [ 141.15419828, 41.26714691 ], [ 141.1541944, 41.26714356 ], [ 141.15419044, 41.26714025 ], [ 141.154186410000023, 41.26713701 ], [ 141.1541823, 41.26713381 ], [ 141.154178110000032, 41.26713068 ], [ 141.15417384, 41.2671276 ], [ 141.15416951, 41.26712458 ], [ 141.15416511, 41.26712161 ], [ 141.154160640000015, 41.26711871 ], [ 141.1541561, 41.26711587 ], [ 141.154151480000024, 41.26711309 ], [ 141.154146810000015, 41.26711037 ], [ 141.154142080000014, 41.26710772 ], [ 141.154137280000015, 41.26710513 ], [ 141.154132410000017, 41.2671026 ], [ 141.154127500000016, 41.26710014 ], [ 141.154122530000024, 41.26709775 ], [ 141.154117500000012, 41.26709542 ], [ 141.15411241000001, 41.26709317 ], [ 141.154107260000018, 41.26709098 ], [ 141.154102070000022, 41.26708887 ], [ 141.154096830000015, 41.26708681 ], [ 141.154091560000012, 41.26708484 ], [ 141.154086230000019, 41.26708293 ], [ 141.15408084, 41.2670811 ], [ 141.15407542, 41.26707933 ], [ 141.15406997, 41.26707765 ], [ 141.154064480000017, 41.26707604 ], [ 141.15405894, 41.2670745 ], [ 141.15405336, 41.26707303 ], [ 141.154047760000026, 41.26707164 ], [ 141.15404211, 41.26707032 ], [ 141.15403645, 41.26706908 ], [ 141.15403075, 41.26706792 ], [ 141.154025030000014, 41.26706684 ], [ 141.15401929, 41.26706583 ], [ 141.15401352, 41.2670649 ], [ 141.154007730000018, 41.26706405 ], [ 141.154001920000013, 41.26706328 ], [ 141.153996080000013, 41.26706259 ], [ 141.153990250000021, 41.26706196 ], [ 141.15398438, 41.26706142 ], [ 141.15397852000001, 41.26706096 ], [ 141.153972650000014, 41.26706059 ], [ 141.153966760000031, 41.26706029 ], [ 141.153960860000012, 41.26706006 ], [ 141.15395497, 41.26705993 ], [ 141.15394907000001, 41.26705987 ], [ 141.153943160000011, 41.26705988 ], [ 141.153937260000021, 41.26705997 ], [ 141.153931380000017, 41.26706015 ], [ 141.153925470000019, 41.26706041 ], [ 141.153919600000023, 41.26706074 ], [ 141.15391372000002, 41.26706115 ], [ 141.15390786, 41.26706165 ], [ 141.15390201, 41.26706222 ], [ 141.153896170000024, 41.26706287 ], [ 141.153890350000012, 41.2670636 ], [ 141.15388454, 41.26706441 ], [ 141.15387877, 41.2670653 ], [ 141.153873010000012, 41.26706625 ], [ 141.15386726, 41.2670673 ], [ 141.15386156, 41.26706841 ], [ 141.153839880000021, 41.26703159 ], [ 141.153812610000017, 41.2669972 ], [ 141.153759470000011, 41.26693244 ], [ 141.1537193, 41.26688784 ], [ 141.153676980000029, 41.26684164 ], [ 141.153621050000027, 41.26678469 ], [ 141.15357511000002, 41.26673472 ], [ 141.15351849000001, 41.26668156 ], [ 141.153502090000018, 41.26666667 ], [ 141.153498340000027, 41.26666328 ], [ 141.15346044, 41.26662892 ], [ 141.15343034, 41.26659936 ], [ 141.153403640000022, 41.26657225 ], [ 141.15337353000001, 41.26654003 ], [ 141.153319030000034, 41.26648953 ], [ 141.15328462, 41.26645517 ], [ 141.153239440000021, 41.26641031 ], [ 141.15320506, 41.26638239 ], [ 141.15319150000002, 41.26638028 ], [ 141.153175810000022, 41.26638195 ], [ 141.15316442, 41.26638897 ], [ 141.15312678, 41.2663535 ], [ 141.153078420000014, 41.26629903 ], [ 141.15309263, 41.26628822 ], [ 141.15309898000001, 41.26627153 ], [ 141.15309525, 41.26625431 ], [ 141.153057860000018, 41.26621613 ], [ 141.15303075, 41.26618214 ], [ 141.15301134, 41.26614987 ], [ 141.152985450000017, 41.26610792 ], [ 141.15296178, 41.2660805 ], [ 141.15291384, 41.26604159 ], [ 141.152895140000027, 41.26601039 ], [ 141.152874310000016, 41.26598461 ], [ 141.152853530000016, 41.26596633 ], [ 141.15283438, 41.26595603 ], [ 141.15281547, 41.26595367 ], [ 141.152801220000015, 41.26595611 ], [ 141.15278555, 41.26596264 ], [ 141.152765330000022, 41.26597495 ], [ 141.152755230000025, 41.26596431 ], [ 141.152718910000033, 41.2659272 ], [ 141.15268859, 41.26589472 ], [ 141.152639780000015, 41.26584069 ], [ 141.15260183, 41.26579561 ], [ 141.152577060000027, 41.2657592 ], [ 141.15255317, 41.26572222 ], [ 141.15252053, 41.26566531 ], [ 141.15250416, 41.26562953 ], [ 141.152488910000017, 41.26559561 ], [ 141.1524693, 41.26555128 ], [ 141.152449140000016, 41.26551022 ], [ 141.15242034000002, 41.26546103 ], [ 141.152386910000018, 41.26541331 ], [ 141.152334310000015, 41.26534708 ], [ 141.152283860000011, 41.26528453 ], [ 141.152252940000011, 41.2652462 ], [ 141.15222036, 41.26520028 ], [ 141.152191610000017, 41.26516003 ], [ 141.152162800000013, 41.2651125 ], [ 141.15213886, 41.26506777 ], [ 141.152110030000017, 41.26501289 ], [ 141.152080860000012, 41.264954 ], [ 141.15204442000001, 41.26488489 ], [ 141.15201392000003, 41.26482392 ], [ 141.15197584, 41.26475275 ], [ 141.151941530000016, 41.26468389 ], [ 141.151907250000022, 41.26461559 ], [ 141.15187025, 41.26455097 ], [ 141.1518327, 41.26447833 ], [ 141.151797860000016, 41.2644088 ], [ 141.151759489999989, 41.26432405 ], [ 141.151818170000013, 41.26430395 ], [ 141.151796940000025, 41.26426859 ], [ 141.15180555, 41.26426489 ], [ 141.151788200000027, 41.26423644 ], [ 141.1517182, 41.26426025 ], [ 141.15166008, 41.26417167 ], [ 141.15160519, 41.26408469 ], [ 141.151548750000018, 41.26400284 ], [ 141.15148575, 41.26390856 ], [ 141.151438660000025, 41.26383769 ], [ 141.151400140000021, 41.26378322 ], [ 141.151381110000017, 41.26375356 ], [ 141.15144355000001, 41.26373033 ], [ 141.15143484, 41.26371817 ], [ 141.151448860000016, 41.26371284 ], [ 141.1513962, 41.26363641 ], [ 141.1513725, 41.26364544 ], [ 141.15136492000002, 41.26363408 ], [ 141.151312170000011, 41.26365336 ], [ 141.15127847, 41.26360377 ], [ 141.15124591, 41.26355664 ], [ 141.151206550000012, 41.26350217 ], [ 141.15127167, 41.26347797 ], [ 141.151246720000017, 41.26344547 ], [ 141.151185890000022, 41.26346844 ], [ 141.15114306000001, 41.26341189 ], [ 141.15109314, 41.26334972 ], [ 141.15104158, 41.26328075 ], [ 141.150996030000016, 41.26322141 ], [ 141.15097022, 41.26319103 ], [ 141.15094414, 41.26315241 ], [ 141.15091533, 41.26310567 ], [ 141.150883800000031, 41.26305005 ], [ 141.150851140000015, 41.26298908 ], [ 141.150829390000013, 41.26295005 ], [ 141.150813640000024, 41.26292241 ], [ 141.15079628, 41.26289761 ], [ 141.15077297000002, 41.2628708 ], [ 141.15074202, 41.26283141 ], [ 141.15070655, 41.26278736 ], [ 141.150666420000022, 41.26273414 ], [ 141.150644160000013, 41.26270653 ], [ 141.150616470000017, 41.26266425 ], [ 141.150590360000024, 41.26262133 ], [ 141.150561610000011, 41.26257905 ], [ 141.150549610000013, 41.26255711 ], [ 141.150541480000015, 41.26254205 ], [ 141.150519250000031, 41.26251933 ], [ 141.15048891, 41.26248805 ], [ 141.150440660000015, 41.26243436 ], [ 141.15038214, 41.26237347 ], [ 141.1503155, 41.26230769 ], [ 141.15025997, 41.26225939 ], [ 141.15022044, 41.26222514 ], [ 141.15020042, 41.26220767 ], [ 141.150188500000013, 41.26219875 ], [ 141.150155470000016, 41.26216708 ], [ 141.150118110000022, 41.26213541 ], [ 141.150060390000021, 41.26208241 ], [ 141.150003020000014, 41.26203095 ], [ 141.15, 41.26202825 ], [ 141.1499808, 41.26201097 ], [ 141.14992464, 41.26196308 ], [ 141.14991713, 41.26196677 ], [ 141.149885160000025, 41.26193592 ], [ 141.149820170000027, 41.26187625 ], [ 141.149759, 41.26182113 ], [ 141.14970917, 41.26177444 ], [ 141.149628760000013, 41.26170628 ], [ 141.14956917, 41.26164823 ], [ 141.14954047, 41.26162353 ], [ 141.149493920000026, 41.26158213 ], [ 141.149602500000015, 41.26151547 ], [ 141.149609, 41.26152197 ], [ 141.149656830000026, 41.26149356 ], [ 141.1496227, 41.26145947 ], [ 141.149587780000019, 41.26148156 ], [ 141.14957433, 41.26148933 ], [ 141.149552750000026, 41.26148572 ], [ 141.149531140000022, 41.26147887 ], [ 141.149479140000011, 41.26142931 ], [ 141.149492800000019, 41.26142123 ], [ 141.14942348, 41.26135303 ], [ 141.149298690000023, 41.26141159 ], [ 141.14926997, 41.2613848 ], [ 141.14923747, 41.26135395 ], [ 141.149199, 41.26131536 ], [ 141.14914844, 41.26125867 ], [ 141.149088830000011, 41.26119408 ], [ 141.149150140000017, 41.26116217 ], [ 141.14916258, 41.26117433 ], [ 141.14919217000002, 41.26116041 ], [ 141.14921222000001, 41.26118236 ], [ 141.14924772, 41.26116475 ], [ 141.14918047, 41.26108195 ], [ 141.14914497, 41.26109833 ], [ 141.14912272, 41.26107111 ], [ 141.149025380000012, 41.26111944 ], [ 141.148990140000024, 41.26107841 ], [ 141.148931, 41.26100556 ], [ 141.14888224, 41.26095372 ], [ 141.148833110000027, 41.26089005 ], [ 141.148780140000014, 41.26082831 ], [ 141.14872859, 41.26077505 ], [ 141.148704190000018, 41.26074731 ], [ 141.1487535, 41.26072328 ], [ 141.148734690000026, 41.26069817 ], [ 141.14878859, 41.26067084 ], [ 141.14875167, 41.26062211 ], [ 141.1487337, 41.2606282 ], [ 141.148667980000027, 41.26054714 ], [ 141.14860156, 41.26046328 ], [ 141.148551920000017, 41.260401 ], [ 141.1484562, 41.26044692 ], [ 141.14842336000001, 41.2604092 ], [ 141.148490270000025, 41.26037828 ], [ 141.148511800000023, 41.26036567 ], [ 141.14845953, 41.26030567 ], [ 141.14840992, 41.26024892 ], [ 141.148345580000012, 41.26017661 ], [ 141.14842202, 41.26013411 ], [ 141.1483845, 41.26009395 ], [ 141.148288760000014, 41.26014456 ], [ 141.1482225, 41.2601768 ], [ 141.1481718, 41.26011905 ], [ 141.148258640000023, 41.26000944 ], [ 141.14823314, 41.25997831 ], [ 141.14810481, 41.26004661 ], [ 141.148066590000013, 41.26000439 ], [ 141.147986860000032, 41.259922 ], [ 141.14801477, 41.25990431 ], [ 141.14798577000002, 41.25987403 ], [ 141.147953160000014, 41.25988972 ], [ 141.147913, 41.25985308 ], [ 141.147876200000013, 41.25982097 ], [ 141.147855470000025, 41.25980192 ], [ 141.14783472, 41.25978364 ], [ 141.147895230000017, 41.25974725 ], [ 141.14784764, 41.25969753 ], [ 141.147781830000014, 41.25973597 ], [ 141.14775506, 41.25971641 ], [ 141.147710220000022, 41.25967931 ], [ 141.147652670000014, 41.25963567 ], [ 141.147570410000014, 41.25957025 ], [ 141.14762355000002, 41.25952984 ], [ 141.14753722, 41.25946111 ], [ 141.147478340000021, 41.25949922 ], [ 141.1474335, 41.25946411 ], [ 141.14738467, 41.25942551 ], [ 141.14732375, 41.25937484 ], [ 141.147395500000016, 41.25932328 ], [ 141.14731591, 41.25925747 ], [ 141.147272050000026, 41.25928525 ], [ 141.147237250000018, 41.25925817 ], [ 141.14720761, 41.25927669 ], [ 141.147161410000024, 41.25923856 ], [ 141.14713061, 41.25920833 ], [ 141.147088420000017, 41.25916769 ], [ 141.147050220000011, 41.25912903 ], [ 141.14700467, 41.25908084 ], [ 141.14696914000001, 41.25904217 ], [ 141.14693681, 41.25899723 ], [ 141.14688783, 41.25893492 ], [ 141.146841530000017, 41.25887487 ], [ 141.146807280000019, 41.25882108 ], [ 141.14676903000003, 41.25876833 ], [ 141.14671178, 41.25868469 ], [ 141.14664486, 41.25857903 ], [ 141.146567890000028, 41.258449 ], [ 141.146498880000024, 41.25833767 ], [ 141.1464962, 41.25833333 ], [ 141.14649409, 41.25832992 ], [ 141.14640239000002, 41.25818208 ], [ 141.146446030000021, 41.25816731 ], [ 141.146411750000027, 41.2581135 ], [ 141.14636311000001, 41.25812964 ], [ 141.146304330000021, 41.25804351 ], [ 141.14620611, 41.25790608 ], [ 141.146133220000024, 41.25781036 ], [ 141.146081510000016, 41.25774553 ], [ 141.14603822, 41.25769411 ], [ 141.14598895, 41.25764489 ], [ 141.145892670000023, 41.25755739 ], [ 141.14580258, 41.25747672 ], [ 141.14575302, 41.25742931 ], [ 141.145695010000026, 41.25736367 ], [ 141.14566231, 41.25732808 ], [ 141.145564230000019, 41.25720675 ], [ 141.145476590000015, 41.25710159 ], [ 141.145429080000014, 41.25704067 ], [ 141.14541964, 41.25704069 ], [ 141.14541205, 41.25700108 ], [ 141.14535292, 41.25700217 ], [ 141.14533348, 41.25680139 ], [ 141.14532467, 41.25671177 ], [ 141.14531494000002, 41.25665711 ], [ 141.145291480000026, 41.2565795 ], [ 141.14527562, 41.25654944 ], [ 141.145252390000024, 41.25652256 ], [ 141.14522492, 41.25648061 ], [ 141.14521117000001, 41.25646203 ], [ 141.14516783000002, 41.25639795 ], [ 141.145126620000013, 41.25633623 ], [ 141.14507672000002, 41.25626744 ], [ 141.145030470000023, 41.25620078 ], [ 141.14494384, 41.25608133 ], [ 141.144869880000016, 41.25598089 ], [ 141.14482031, 41.25592711 ], [ 141.144738080000025, 41.25585425 ], [ 141.14463272, 41.25576895 ], [ 141.144522440000031, 41.25568208 ], [ 141.14449389, 41.25570367 ], [ 141.14447053, 41.25568505 ], [ 141.14439995, 41.25563056 ], [ 141.14448772, 41.25554869 ], [ 141.144580750000017, 41.25546839 ], [ 141.144779340000014, 41.25529575 ], [ 141.14547117, 41.25469861 ], [ 141.14570214, 41.25449467 ], [ 141.14595036, 41.25427753 ], [ 141.146089360000019, 41.25415825 ], [ 141.146132280000018, 41.25411756 ], [ 141.146013970000013, 41.25404036 ], [ 141.14582302, 41.25420725 ], [ 141.145561750000013, 41.25443631 ], [ 141.14533472, 41.2546365 ], [ 141.145125690000015, 41.25481703 ], [ 141.14486438, 41.25504189 ], [ 141.144496420000024, 41.25536595 ], [ 141.144326230000019, 41.25551153 ], [ 141.144277080000023, 41.25555387 ], [ 141.1440335, 41.25539344 ], [ 141.14410134000002, 41.25533713 ], [ 141.144113670000024, 41.25531733 ], [ 141.144117810000012, 41.25530544 ], [ 141.144110970000014, 41.25529275 ], [ 141.14406531, 41.25526095 ], [ 141.144053770000028, 41.25525786 ], [ 141.144040140000016, 41.25525789 ], [ 141.14402961, 41.25526244 ], [ 141.143943580000013, 41.25533931 ], [ 141.143832340000017, 41.25526736 ], [ 141.143640510000012, 41.25513914 ], [ 141.143680360000019, 41.25509911 ], [ 141.143714640000013, 41.2550685 ], [ 141.14372019000001, 41.25504967 ], [ 141.143716830000017, 41.25503531 ], [ 141.143660470000015, 41.25500175 ], [ 141.143648910000024, 41.25499928 ], [ 141.14363759, 41.25500314 ], [ 141.143620920000018, 41.2550162 ], [ 141.14354936, 41.25508069 ], [ 141.143174030000011, 41.25484033 ], [ 141.143010950000019, 41.25473369 ], [ 141.143066330000011, 41.25468123 ], [ 141.143085110000015, 41.25465897 ], [ 141.143092390000021, 41.2546455 ], [ 141.143091280000021, 41.25463203 ], [ 141.14306811000003, 41.25461305 ], [ 141.14305128, 41.2546028 ], [ 141.14303655, 41.25460047 ], [ 141.14302292, 41.25460289 ], [ 141.143006160000027, 41.25460847 ], [ 141.14292672000002, 41.25467922 ], [ 141.142700390000016, 41.25453323 ], [ 141.14254922, 41.25443187 ], [ 141.142674360000029, 41.25432051 ], [ 141.142779750000017, 41.25422284 ], [ 141.142808170000023, 41.25423928 ], [ 141.143015110000022, 41.25405733 ], [ 141.14321694, 41.25388356 ], [ 141.143445580000019, 41.25368172 ], [ 141.143704550000024, 41.25345741 ], [ 141.143824280000018, 41.25335269 ], [ 141.14372078, 41.2532782 ], [ 141.143548370000019, 41.25342717 ], [ 141.14335492, 41.25359328 ], [ 141.14312725000002, 41.25379405 ], [ 141.142944700000015, 41.25395108 ], [ 141.14282553000001, 41.25405367 ], [ 141.142700030000015, 41.25416536 ], [ 141.14272341, 41.25418584 ], [ 141.14248795, 41.25439492 ], [ 141.14221878, 41.25422284 ], [ 141.14198086, 41.25407131 ], [ 141.14168633, 41.25388067 ], [ 141.141669730000018, 41.25386978 ], [ 141.14166667, 41.25386778 ], [ 141.14156, 41.25379778 ], [ 141.14124611, 41.25359589 ], [ 141.14115555, 41.25353431 ], [ 141.141118690000013, 41.25350839 ], [ 141.14111022, 41.25326747 ], [ 141.1411037, 41.25299736 ], [ 141.141098950000014, 41.25269436 ], [ 141.14119786, 41.25269153 ], [ 141.14119908, 41.25271289 ], [ 141.14166667, 41.25270708 ], [ 141.141669730000018, 41.25270705 ], [ 141.14225278, 41.2526998 ], [ 141.14287669, 41.25215461 ], [ 141.143494920000023, 41.25160772 ], [ 141.14334066, 41.25151075 ], [ 141.14323708, 41.25160161 ], [ 141.143173530000013, 41.25156161 ], [ 141.14311837, 41.25161217 ], [ 141.143183, 41.25165044 ], [ 141.142922890000023, 41.25187675 ], [ 141.142858220000022, 41.25183592 ], [ 141.14280756, 41.25188305 ], [ 141.14287219000002, 41.2519222 ], [ 141.142614330000015, 41.25214933 ], [ 141.1425508, 41.25210936 ], [ 141.14249564, 41.25216078 ], [ 141.14255886, 41.25219844 ], [ 141.1425017, 41.25224623 ], [ 141.142107520000025, 41.25259253 ], [ 141.141783190000012, 41.25259511 ], [ 141.141669730000018, 41.25259608 ], [ 141.14166667, 41.25259611 ], [ 141.14120309, 41.25260008 ], [ 141.14120209, 41.25262444 ], [ 141.14109636, 41.25262772 ], [ 141.141095300000018, 41.25254795 ], [ 141.14108861, 41.25224511 ], [ 141.141083720000012, 41.25211536 ], [ 141.141077420000016, 41.25211539 ], [ 141.141077, 41.2520282 ], [ 141.141085380000021, 41.25202817 ], [ 141.14108056, 41.25189028 ], [ 141.1410593, 41.25183484 ], [ 141.140960580000012, 41.2515978 ], [ 141.140907560000016, 41.25147589 ], [ 141.140759050000014, 41.25113989 ], [ 141.14071134, 41.25103461 ], [ 141.140706890000018, 41.25101075 ], [ 141.1406835, 41.250949 ], [ 141.140648810000016, 41.2509348 ], [ 141.14066348, 41.25092841 ], [ 141.1406475, 41.25088172 ], [ 141.140642190000023, 41.25086825 ], [ 141.140531, 41.25087805 ], [ 141.14051927, 41.25083767 ], [ 141.140489880000018, 41.25084092 ], [ 141.14050161, 41.25087972 ], [ 141.140443920000024, 41.25088544 ], [ 141.14030756, 41.25089531 ], [ 141.14022047, 41.25090028 ], [ 141.140136520000027, 41.25090686 ], [ 141.140023140000011, 41.25091869 ], [ 141.13966163, 41.25094831 ], [ 141.139659220000027, 41.25085739 ], [ 141.139888140000011, 41.25082087 ], [ 141.140022610000017, 41.2508012 ], [ 141.140217780000029, 41.25076851 ], [ 141.14036981000001, 41.25074272 ], [ 141.14046733, 41.25072344 ], [ 141.140562750000015, 41.25070814 ], [ 141.140555300000017, 41.25068992 ], [ 141.140543650000012, 41.25065744 ], [ 141.140523670000022, 41.25065275 ], [ 141.140533870000013, 41.25058931 ], [ 141.14049567, 41.25049825 ], [ 141.14041825000001, 41.25032844 ], [ 141.140547170000019, 41.25029689 ], [ 141.140688690000019, 41.25025925 ], [ 141.14065686, 41.25019039 ], [ 141.14051747000002, 41.250228 ], [ 141.140388560000019, 41.25026322 ], [ 141.140374770000022, 41.25023553 ], [ 141.140353330000011, 41.25013808 ], [ 141.140317690000018, 41.25 ], [ 141.14031681, 41.24999659 ], [ 141.14031058, 41.24997253 ], [ 141.140276300000011, 41.24982511 ], [ 141.140231170000021, 41.24982047 ], [ 141.140227520000025, 41.24980728 ], [ 141.140231050000011, 41.24979433 ], [ 141.140269860000018, 41.24979344 ], [ 141.14025275, 41.24971978 ], [ 141.140233450000011, 41.24963423 ], [ 141.140169250000014, 41.24937195 ], [ 141.14014895, 41.24929513 ], [ 141.14012759000002, 41.24921267 ], [ 141.14012331, 41.24919605 ], [ 141.140015160000019, 41.2492118 ], [ 141.139888970000015, 41.24922925 ], [ 141.13988975, 41.24919411 ], [ 141.139885420000013, 41.24916639 ], [ 141.139873280000018, 41.24912464 ], [ 141.14001467, 41.24910461 ], [ 141.1401018, 41.24909147 ], [ 141.14009861, 41.24907959 ], [ 141.140074030000022, 41.24898375 ], [ 141.140064580000029, 41.24895772 ], [ 141.14003406, 41.24894039 ], [ 141.14001386000001, 41.24893008 ], [ 141.139838950000012, 41.24888689 ], [ 141.13960881, 41.24882728 ], [ 141.13936136, 41.24876569 ], [ 141.139176420000013, 41.24871705 ], [ 141.13891475, 41.24864641 ], [ 141.13876869, 41.24860795 ], [ 141.138772, 41.24841453 ], [ 141.138774580000018, 41.24829322 ], [ 141.138780030000021, 41.24811103 ], [ 141.138761140000014, 41.24811108 ], [ 141.138761220000021, 41.24804578 ], [ 141.138742330000014, 41.24804584 ], [ 141.13874180000002, 41.24802375 ], [ 141.138730220000014, 41.24802289 ], [ 141.138731050000018, 41.24787959 ], [ 141.13873075, 41.24781617 ], [ 141.138749140000016, 41.24781641 ], [ 141.13874852, 41.24779708 ], [ 141.13876633000001, 41.24779544 ], [ 141.1387662, 41.24772787 ], [ 141.138778780000024, 41.24772705 ], [ 141.138783220000022, 41.24755097 ], [ 141.13878384, 41.2474598 ], [ 141.138789200000019, 41.24725887 ], [ 141.138771360000021, 41.24725892 ], [ 141.138770030000018, 41.24719786 ], [ 141.13879416, 41.2471978 ], [ 141.138793, 41.24717005 ], [ 141.138784500000014, 41.24715344 ], [ 141.138766620000013, 41.24714161 ], [ 141.13873616, 41.24713772 ], [ 141.13872545000001, 41.24708859 ], [ 141.13870750000001, 41.24706961 ], [ 141.138681170000012, 41.24704908 ], [ 141.138631730000014, 41.24702147 ], [ 141.13845856, 41.2469322 ], [ 141.13830178, 41.2468462 ], [ 141.138129140000018, 41.24675225 ], [ 141.13800183, 41.24668364 ], [ 141.13775131, 41.24654833 ], [ 141.13758192, 41.24645605 ], [ 141.13740519000001, 41.2463622 ], [ 141.137236160000015, 41.24626767 ], [ 141.137169660000012, 41.24623803 ], [ 141.13701642, 41.24615125 ], [ 141.13681939, 41.24604422 ], [ 141.13665591, 41.24595567 ], [ 141.13651934, 41.24588178 ], [ 141.13637377, 41.24580459 ], [ 141.1362109, 41.245716 ], [ 141.13607822000003, 41.24564425 ], [ 141.13580783, 41.24549736 ], [ 141.135638780000022, 41.24540669 ], [ 141.13544453, 41.24530092 ], [ 141.135261480000025, 41.24520772 ], [ 141.134977780000014, 41.24505897 ], [ 141.134641860000016, 41.24487536 ], [ 141.13461569, 41.24486105 ], [ 141.13429394, 41.24468686 ], [ 141.134214860000014, 41.24464395 ], [ 141.133978750000011, 41.24451675 ], [ 141.133934970000013, 41.24449389 ], [ 141.13394949, 41.24448889 ], [ 141.13393224, 41.24447425 ], [ 141.13387384, 41.24445117 ], [ 141.13382156, 41.24442114 ], [ 141.13377922, 41.24439275 ], [ 141.133763640000012, 41.24437684 ], [ 141.133752360000017, 41.24433411 ], [ 141.133738780000016, 41.24428072 ], [ 141.13372866, 41.24425705 ], [ 141.133706300000028, 41.24422067 ], [ 141.133683970000021, 41.24419011 ], [ 141.13363927, 41.24412403 ], [ 141.133584720000016, 41.24408059 ], [ 141.133502440000029, 41.24404895 ], [ 141.133482440000023, 41.24404817 ], [ 141.13344475, 41.24405497 ], [ 141.133406010000016, 41.24407351 ], [ 141.133347300000025, 41.2440988 ], [ 141.133336390000011, 41.24410092 ], [ 141.133333330000028, 41.24410151 ], [ 141.133329560000021, 41.24410222 ], [ 141.133292940000018, 41.24410147 ], [ 141.133275140000023, 41.24409147 ], [ 141.13326394, 41.24407222 ], [ 141.13325372, 41.24402195 ], [ 141.13324438, 41.24392053 ], [ 141.133230340000011, 41.24386267 ], [ 141.133255620000028, 41.24355444 ], [ 141.13325878, 41.24352772 ], [ 141.133274530000023, 41.24338428 ], [ 141.133310530000017, 41.24310505 ], [ 141.13332811, 41.24299489 ], [ 141.133325500000012, 41.2429232 ], [ 141.133333330000028, 41.24279467 ], [ 141.133336390000011, 41.24274428 ], [ 141.133342340000013, 41.24264656 ], [ 141.133364450000016, 41.24254236 ], [ 141.13337883, 41.24247403 ], [ 141.133372310000027, 41.24243689 ], [ 141.13337139, 41.2423332 ], [ 141.133393610000013, 41.24222192 ], [ 141.13340027000001, 41.24212741 ], [ 141.13340326, 41.24206617 ], [ 141.133414750000014, 41.24192931 ], [ 141.133446350000014, 41.24185689 ], [ 141.13347425, 41.24166667 ], [ 141.13347475, 41.24166323 ], [ 141.133476420000022, 41.24165178 ], [ 141.13348163, 41.24159917 ], [ 141.133548340000033, 41.24149103 ], [ 141.133617760000021, 41.24134913 ], [ 141.133651390000011, 41.24129441 ], [ 141.13373117, 41.2411952 ], [ 141.13378136, 41.24105077 ], [ 141.133810170000032, 41.24092267 ], [ 141.13381428, 41.24083047 ], [ 141.133812410000019, 41.240779 ], [ 141.13380795, 41.24068708 ], [ 141.133838750000024, 41.24050087 ], [ 141.133847170000024, 41.24041278 ], [ 141.13386075, 41.24037105 ], [ 141.13386503000001, 41.24032325 ], [ 141.133861950000011, 41.24026331 ], [ 141.13386022, 41.24025305 ], [ 141.13387031000002, 41.24023872 ], [ 141.13388501, 41.24023614 ], [ 141.13397652, 41.24023675 ], [ 141.1340002, 41.24022303 ], [ 141.134005770000016, 41.24020936 ], [ 141.133995520000013, 41.24019423 ], [ 141.13394453, 41.24016492 ], [ 141.133917950000011, 41.24015644 ], [ 141.13388516, 41.24015484 ], [ 141.133875530000012, 41.24014589 ], [ 141.13387603000001, 41.24013692 ], [ 141.13389516, 41.24011808 ], [ 141.133920530000012, 41.2401065 ], [ 141.133933550000023, 41.24011159 ], [ 141.13396248, 41.24013241 ], [ 141.133997060000013, 41.24015964 ], [ 141.134021390000015, 41.24016811 ], [ 141.13404234, 41.24017297 ], [ 141.13406713, 41.24016522 ], [ 141.134084030000025, 41.24015239 ], [ 141.134106450000019, 41.24011305 ], [ 141.134107390000025, 41.24007059 ], [ 141.134100530000012, 41.24005525 ], [ 141.13408805, 41.24004589 ], [ 141.13406597, 41.24003528 ], [ 141.134046160000025, 41.24002892 ], [ 141.13403711, 41.24002384 ], [ 141.134035910000023, 41.24000633 ], [ 141.13404545, 41.23999351 ], [ 141.134070800000018, 41.23998064 ], [ 141.13411872, 41.23995575 ], [ 141.134159340000025, 41.239939 ], [ 141.134182970000012, 41.23991717 ], [ 141.13418336, 41.239914 ], [ 141.134232490000016, 41.23991681 ], [ 141.134280610000019, 41.23991956 ], [ 141.134280510000025, 41.23992233 ], [ 141.13428678, 41.23994831 ], [ 141.13429917000002, 41.23995759 ], [ 141.134338910000025, 41.23996813 ], [ 141.13439811, 41.23998464 ], [ 141.134496980000023, 41.24000572 ], [ 141.13455611, 41.24000956 ], [ 141.13470958000002, 41.2400158 ], [ 141.13485519, 41.24002408 ], [ 141.135016640000032, 41.24003633 ], [ 141.13525834, 41.24004303 ], [ 141.135438220000026, 41.24003189 ], [ 141.13554586, 41.24004092 ], [ 141.13566144, 41.24005195 ], [ 141.1357365, 41.24006308 ], [ 141.135818560000018, 41.24006623 ], [ 141.13588053, 41.24007405 ], [ 141.13593438, 41.24007228 ], [ 141.136002140000016, 41.240076 ], [ 141.136041020000022, 41.24008 ], [ 141.1362837, 41.24008861 ], [ 141.13635333000002, 41.2400948 ], [ 141.13646791, 41.2401058 ], [ 141.1367185, 41.24012177 ], [ 141.136809360000029, 41.24012756 ], [ 141.136866200000014, 41.24012939 ], [ 141.13695936000002, 41.24013384 ], [ 141.137221360000012, 41.24014444 ], [ 141.1374137, 41.24015595 ], [ 141.137534580000022, 41.24016295 ], [ 141.137727760000018, 41.24016908 ], [ 141.13780275000002, 41.24017223 ], [ 141.137829860000011, 41.24017172 ], [ 141.137850390000011, 41.24016903 ], [ 141.137864770000022, 41.24016139 ], [ 141.137869780000017, 41.24015633 ], [ 141.13787306, 41.24014989 ], [ 141.13787564, 41.24014395 ], [ 141.137953650000014, 41.24014817 ], [ 141.138189, 41.24016214 ], [ 141.13843655, 41.24017708 ], [ 141.138532340000012, 41.24018175 ], [ 141.138533310000014, 41.24016161 ], [ 141.138533920000015, 41.24014859 ], [ 141.13858331, 41.24014931 ], [ 141.138583360000013, 41.24016436 ], [ 141.138582360000015, 41.24018077 ], [ 141.13859328, 41.2401898 ], [ 141.138861, 41.24020511 ], [ 141.139342559999989, 41.24023464 ], [ 141.139846420000026, 41.24026289 ], [ 141.13997333, 41.24027208 ], [ 141.14009834, 41.24027703 ], [ 141.140220170000021, 41.24028487 ], [ 141.14041261, 41.24029736 ], [ 141.140606720000022, 41.2403115 ], [ 141.14079433, 41.24032403 ], [ 141.140830890000018, 41.24032739 ], [ 141.14086506000001, 41.24032428 ], [ 141.14092331, 41.24030433 ], [ 141.140965470000026, 41.24029511 ], [ 141.14101577, 41.24029651 ], [ 141.14106608, 41.24030547 ], [ 141.141122500000023, 41.24032508 ], [ 141.141156740000014, 41.24033867 ], [ 141.141207060000028, 41.24034159 ], [ 141.141324110000028, 41.24033975 ], [ 141.141410580000013, 41.24033953 ], [ 141.14144886, 41.24034853 ], [ 141.141579580000013, 41.24034972 ], [ 141.141608780000013, 41.24035722 ], [ 141.14166667, 41.24035961 ], [ 141.141669730000018, 41.24035975 ], [ 141.14167817, 41.24036008 ], [ 141.1416882, 41.24035169 ], [ 141.1417083, 41.24035011 ], [ 141.141747520000024, 41.24034925 ], [ 141.141794810000022, 41.24035597 ], [ 141.14182403, 41.24036503 ], [ 141.141919590000015, 41.24037236 ], [ 141.14202119, 41.24038272 ], [ 141.14207253, 41.24039322 ], [ 141.142096690000017, 41.24040228 ], [ 141.14211189, 41.24041025 ], [ 141.14208808, 41.24041128 ], [ 141.142088110000032, 41.24042128 ], [ 141.14219911, 41.24041739 ], [ 141.142371920000016, 41.24041172 ], [ 141.14235667, 41.24061459 ], [ 141.14247419, 41.24062161 ], [ 141.142496200000011, 41.24041408 ], [ 141.142858140000016, 41.240434 ], [ 141.142900920000017, 41.24047708 ], [ 141.142949860000016, 41.24053153 ], [ 141.142940800000019, 41.24063711 ], [ 141.14295328, 41.24065005 ], [ 141.14297536, 41.24066733 ], [ 141.143006, 41.24067086 ], [ 141.14303659, 41.24067005 ], [ 141.143068170000021, 41.24067722 ], [ 141.14311419, 41.24070456 ], [ 141.143160170000016, 41.24072033 ], [ 141.143202280000025, 41.24073178 ], [ 141.143240580000025, 41.24074469 ], [ 141.143288440000021, 41.24075469 ], [ 141.14334392, 41.24075741 ], [ 141.143380270000023, 41.24076167 ], [ 141.143411220000019, 41.24075144 ], [ 141.143441700000011, 41.24073113 ], [ 141.143472190000011, 41.24070792 ], [ 141.143510390000017, 41.2406948 ], [ 141.14356197, 41.24068744 ], [ 141.143626980000022, 41.24068584 ], [ 141.14367669, 41.24068714 ], [ 141.143695840000021, 41.24069141 ], [ 141.14373980000002, 41.24068408 ], [ 141.143808660000019, 41.24068533 ], [ 141.143875580000014, 41.24068805 ], [ 141.143921510000013, 41.24069225 ], [ 141.143973140000014, 41.24069211 ], [ 141.144026780000019, 41.24070786 ], [ 141.144067, 41.24072222 ], [ 141.144097660000028, 41.24074092 ], [ 141.14413983, 41.24075959 ], [ 141.144189690000019, 41.2407855 ], [ 141.14422995000001, 41.2408085 ], [ 141.144279860000012, 41.24085028 ], [ 141.1443682, 41.24092377 ], [ 141.144473770000019, 41.24101022 ], [ 141.14453905, 41.24106351 ], [ 141.144573650000012, 41.24109523 ], [ 141.144631390000029, 41.24117456 ], [ 141.14466988, 41.24123084 ], [ 141.144723750000026, 41.24129572 ], [ 141.14476228, 41.24135344 ], [ 141.144798780000031, 41.24139239 ], [ 141.14482192, 41.24142844 ], [ 141.144847060000018, 41.24149197 ], [ 141.144891500000028, 41.24159017 ], [ 141.14491053, 41.24166323 ], [ 141.144911440000016, 41.24166667 ], [ 141.144912940000012, 41.24167247 ], [ 141.144961280000018, 41.24178075 ], [ 141.1450037, 41.24185869 ], [ 141.14503453, 41.24190631 ], [ 141.145119100000016, 41.24199859 ], [ 141.14519789000002, 41.24207933 ], [ 141.14524606, 41.24215292 ], [ 141.14528847, 41.24222653 ], [ 141.145323390000016, 41.2423305 ], [ 141.145368, 41.24246133 ], [ 141.145422090000011, 41.24257105 ], [ 141.145456810000013, 41.24263311 ], [ 141.14553564, 41.24272397 ], [ 141.145587590000019, 41.2427912 ], [ 141.145624140000024, 41.24283592 ], [ 141.145645450000018, 41.24289367 ], [ 141.145659030000019, 41.24293267 ], [ 141.14568022, 41.24296728 ], [ 141.145703450000013, 41.24302939 ], [ 141.14573053, 41.24309003 ], [ 141.14575944, 41.24313764 ], [ 141.14577872000001, 41.24317231 ], [ 141.14582489, 41.2432242 ], [ 141.145867200000026, 41.24327467 ], [ 141.145896130000011, 41.24332953 ], [ 141.14592891, 41.24338292 ], [ 141.14594864, 41.24343203 ], [ 141.145968050000022, 41.24349559 ], [ 141.14598167, 41.24354177 ], [ 141.14598769, 41.24359959 ], [ 141.146007060000017, 41.24365447 ], [ 141.14601689, 41.24370389 ], [ 141.14604209, 41.2437732 ], [ 141.146078660000029, 41.24382803 ], [ 141.14611525, 41.24387853 ], [ 141.14614791, 41.24391459 ], [ 141.146174890000026, 41.24395786 ], [ 141.146221170000018, 41.24403753 ], [ 141.14623477, 41.24408231 ], [ 141.14625983, 41.24411836 ], [ 141.146275280000026, 41.24415159 ], [ 141.146290780000015, 41.2441978 ], [ 141.14630639, 41.24425844 ], [ 141.14632211, 41.24434978 ], [ 141.146333890000022, 41.24441189 ], [ 141.146370640000015, 41.24449853 ], [ 141.146393890000013, 41.24456208 ], [ 141.14641708000002, 41.24461259 ], [ 141.1464325, 41.24463711 ], [ 141.14644228, 41.24468623 ], [ 141.146459640000018, 41.24471364 ], [ 141.14648664, 41.2447642 ], [ 141.14650219, 41.24481328 ], [ 141.14651772000002, 41.24486239 ], [ 141.1465428, 41.24490859 ], [ 141.14657553, 41.24495039 ], [ 141.14659864, 41.24498736 ], [ 141.146652440000025, 41.24503922 ], [ 141.14669856, 41.24508536 ], [ 141.146791730000018, 41.24517675 ], [ 141.146885890000021, 41.2452312 ], [ 141.146933640000015, 41.24526428 ], [ 141.14699244000002, 41.24531117 ], [ 141.147040390000029, 41.24538022 ], [ 141.14708097, 41.24544377 ], [ 141.14711416, 41.2454935 ], [ 141.14715837, 41.24554041 ], [ 141.14725389, 41.24561211 ], [ 141.147327300000029, 41.24564789 ], [ 141.14743008, 41.24569741 ], [ 141.14754008, 41.24573033 ], [ 141.147620780000011, 41.24575778 ], [ 141.14770883, 41.24579628 ], [ 141.147778610000017, 41.24583484 ], [ 141.1478227, 41.24586517 ], [ 141.14787056, 41.24592313 ], [ 141.147936940000022, 41.24601705 ], [ 141.148006940000016, 41.2461082 ], [ 141.14807328, 41.2461938 ], [ 141.148154140000031, 41.24626 ], [ 141.14823872, 41.24632895 ], [ 141.14832694, 41.24640341 ], [ 141.148422440000019, 41.24646405 ], [ 141.148503160000018, 41.24649703 ], [ 141.148605810000021, 41.24651889 ], [ 141.148712090000032, 41.24653244 ], [ 141.14882925, 41.24653211 ], [ 141.1489209, 41.24654847 ], [ 141.148994230000028, 41.24657317 ], [ 141.14905669, 41.24661728 ], [ 141.14910817, 41.24666141 ], [ 141.14917442, 41.24672767 ], [ 141.149266330000017, 41.24680767 ], [ 141.14934728, 41.24688492 ], [ 141.149409800000029, 41.24694564 ], [ 141.149453890000018, 41.24697041 ], [ 141.149479610000014, 41.24698972 ], [ 141.149516420000026, 41.24702836 ], [ 141.149567980000029, 41.24708636 ], [ 141.149623280000014, 41.24716367 ], [ 141.149689470000027, 41.24722436 ], [ 141.14976669, 41.24729061 ], [ 141.14982189, 41.2473458 ], [ 141.149906470000019, 41.24742031 ], [ 141.149958, 41.2474755 ], [ 141.14999112000001, 41.24750308 ], [ 141.15, 41.24750975 ], [ 141.150003020000014, 41.24751203 ], [ 141.15005725, 41.24755272 ], [ 141.150130750000017, 41.24760786 ], [ 141.150239100000022, 41.24767605 ], [ 141.15035119, 41.247756 ], [ 141.15049997, 41.24784969 ], [ 141.150586230000016, 41.24789095 ], [ 141.15066144, 41.24792536 ], [ 141.150764190000018, 41.24796933 ], [ 141.150833940000012, 41.24800236 ], [ 141.150894530000016, 41.24803678 ], [ 141.15099361, 41.24808077 ], [ 141.15108355000001, 41.2481248 ], [ 141.15116445000001, 41.24819377 ], [ 141.15125642000001, 41.24827931 ], [ 141.15136856, 41.24837447 ], [ 141.151482500000014, 41.24845856 ], [ 141.151607470000016, 41.248562 ], [ 141.151697500000012, 41.24862403 ], [ 141.151767330000013, 41.24867503 ], [ 141.151844470000015, 41.248726 ], [ 141.151941850000014, 41.24879767 ], [ 141.152015380000023, 41.24885423 ], [ 141.15207978, 41.24891492 ], [ 141.15214597, 41.24897284 ], [ 141.15221964, 41.24906397 ], [ 141.15226759, 41.24913439 ], [ 141.15230073, 41.24916751 ], [ 141.152372390000011, 41.24921714 ], [ 141.152421950000019, 41.2492488 ], [ 141.152473360000016, 41.24927633 ], [ 141.15254314, 41.24932041 ], [ 141.152607390000014, 41.24934931 ], [ 141.152684470000025, 41.24938923 ], [ 141.152776280000012, 41.24944153 ], [ 141.152864470000026, 41.24949803 ], [ 141.152935970000016, 41.24951859 ], [ 141.153020360000028, 41.24955156 ], [ 141.153108440000011, 41.2495942 ], [ 141.153169, 41.24961756 ], [ 141.15320205, 41.24963961 ], [ 141.1532755, 41.24968367 ], [ 141.153328750000014, 41.2497112 ], [ 141.153435140000028, 41.24974825 ], [ 141.153477330000015, 41.24977028 ], [ 141.1535508, 41.24981436 ], [ 141.15363711, 41.24986669 ], [ 141.15372339000001, 41.24991072 ], [ 141.15380416, 41.24995203 ], [ 141.15390278000001, 41.24999659 ], [ 141.153910360000026, 41.25 ], [ 141.153919780000024, 41.25000428 ], [ 141.154050050000023, 41.25006341 ], [ 141.154114280000016, 41.25009089 ], [ 141.154185860000013, 41.25012528 ], [ 141.154215280000017, 41.25015011 ], [ 141.15424662, 41.25018739 ], [ 141.154278, 41.25024264 ], [ 141.15429681, 41.25034639 ], [ 141.1542992, 41.25045913 ], [ 141.154288830000013, 41.25058508 ], [ 141.154272920000011, 41.25069859 ], [ 141.15424597, 41.25080797 ], [ 141.15423365, 41.25090833 ], [ 141.154228440000026, 41.25096786 ], [ 141.154215030000017, 41.25103328 ], [ 141.154208860000011, 41.25108517 ], [ 141.15419553000001, 41.25116617 ], [ 141.154198220000012, 41.25120553 ], [ 141.154203750000022, 41.2512182 ], [ 141.15421022000001, 41.25123284 ], [ 141.154164, 41.25126587 ], [ 141.153989360000025, 41.25139156 ], [ 141.153798200000011, 41.25152908 ], [ 141.153657, 41.25163253 ], [ 141.153497, 41.25175044 ], [ 141.153276550000015, 41.25191053 ], [ 141.153099810000015, 41.25203625 ], [ 141.152913450000028, 41.25217192 ], [ 141.15279211, 41.25225708 ], [ 141.152598610000013, 41.25239459 ], [ 141.152588110000011, 41.25238828 ], [ 141.152539970000021, 41.25242011 ], [ 141.152551580000022, 41.25242959 ], [ 141.152420830000011, 41.25252031 ], [ 141.15240925, 41.25251323 ], [ 141.15236428, 41.25254505 ], [ 141.15241064, 41.25258456 ], [ 141.152451410000026, 41.25255431 ], [ 141.152444030000026, 41.25254641 ], [ 141.15248358, 41.25251792 ], [ 141.15257667, 41.25245189 ], [ 141.15258717, 41.2524582 ], [ 141.15263425, 41.25242397 ], [ 141.152625810000018, 41.25241608 ], [ 141.152760730000011, 41.25231977 ], [ 141.153010170000016, 41.25213986 ], [ 141.153292550000032, 41.25194156 ], [ 141.153423310000022, 41.25184925 ], [ 141.153578610000011, 41.25173769 ], [ 141.15380737000001, 41.25157244 ], [ 141.15393538, 41.25147995 ], [ 141.15396014, 41.25149692 ], [ 141.15409294, 41.25139984 ], [ 141.154280390000025, 41.25126533 ], [ 141.15439978, 41.25118356 ], [ 141.1544245, 41.2511842 ], [ 141.15445377, 41.25117789 ], [ 141.15450131, 41.251166 ], [ 141.15457333, 41.25115336 ], [ 141.154640140000026, 41.25115141 ], [ 141.154734580000024, 41.25115113 ], [ 141.154803640000011, 41.25113356 ], [ 141.154879580000028, 41.25111767 ], [ 141.15495322000001, 41.25110353 ], [ 141.155033840000016, 41.25109461 ], [ 141.15512601, 41.25109956 ], [ 141.15523669000001, 41.25111667 ], [ 141.155356520000026, 41.25113025 ], [ 141.155506420000023, 41.25114897 ], [ 141.155594, 41.2511592 ], [ 141.155681720000018, 41.25119203 ], [ 141.15579944000001, 41.25124217 ], [ 141.155931050000021, 41.25129925 ], [ 141.15601883, 41.25133905 ], [ 141.156118170000013, 41.25139623 ], [ 141.15620601, 41.25144995 ], [ 141.15628694, 41.25151241 ], [ 141.156367890000013, 41.25157659 ], [ 141.156448880000028, 41.25164775 ], [ 141.156532240000018, 41.25173631 ], [ 141.15661105, 41.25183011 ], [ 141.15668292, 41.25191869 ], [ 141.156717720000017, 41.25197431 ], [ 141.156775840000023, 41.25207686 ], [ 141.156806110000019, 41.2521412 ], [ 141.156831610000012, 41.2521742 ], [ 141.156882440000032, 41.25220714 ], [ 141.15693328, 41.25223659 ], [ 141.156974940000026, 41.25227128 ], [ 141.157014310000022, 41.25230772 ], [ 141.157062970000027, 41.25236853 ], [ 141.157121, 41.25245195 ], [ 141.15715817, 41.25251625 ], [ 141.15719536, 41.25258578 ], [ 141.157227830000011, 41.25263444 ], [ 141.157274230000013, 41.25269525 ], [ 141.15732519, 41.25275084 ], [ 141.15737847, 41.25280987 ], [ 141.15742484, 41.25286892 ], [ 141.157459640000013, 41.25291236 ], [ 141.157508200000024, 41.25295053 ], [ 141.15756375, 41.25300608 ], [ 141.15759628, 41.25305647 ], [ 141.157603450000011, 41.25310869 ], [ 141.157606030000011, 41.25316789 ], [ 141.157627, 41.25321308 ], [ 141.15767112, 41.25328087 ], [ 141.157711410000019, 41.25335664 ], [ 141.157746230000015, 41.25340877 ], [ 141.15779183, 41.2534668 ], [ 141.15781745000001, 41.25352072 ], [ 141.157838520000013, 41.25359203 ], [ 141.15786431, 41.25368075 ], [ 141.157892340000018, 41.25375553 ], [ 141.15792958000003, 41.25383377 ], [ 141.157948300000015, 41.25389639 ], [ 141.157962670000018, 41.25400431 ], [ 141.157986280000017, 41.25412261 ], [ 141.15801922, 41.25426356 ], [ 141.158047300000021, 41.25435575 ], [ 141.158087130000013, 41.25448623 ], [ 141.158131700000013, 41.25464105 ], [ 141.158151170000025, 41.25475067 ], [ 141.158151530000026, 41.2548238 ], [ 141.158144330000027, 41.25486736 ], [ 141.158149, 41.25490217 ], [ 141.158174480000014, 41.25493169 ], [ 141.15820930000001, 41.25496292 ], [ 141.15824178, 41.25500286 ], [ 141.158274450000022, 41.25508984 ], [ 141.158290920000013, 41.25515505 ], [ 141.158296060000026, 41.25525953 ], [ 141.158282750000012, 41.25536751 ], [ 141.158269420000011, 41.25546503 ], [ 141.158279220000026, 41.25558339 ], [ 141.158306360000012, 41.25572939 ], [ 141.15831283, 41.25585839 ], [ 141.15830883000001, 41.25598028 ], [ 141.158300250000025, 41.25610914 ], [ 141.158328560000029, 41.25624136 ], [ 141.15833333, 41.25627436 ], [ 141.15833633, 41.25629495 ], [ 141.15834633, 41.25636377 ], [ 141.15835278000003, 41.25648159 ], [ 141.158353580000011, 41.25664522 ], [ 141.15833633, 41.25675631 ], [ 141.158335720000025, 41.2567602 ], [ 141.15833633, 41.25676531 ], [ 141.15835014000001, 41.25688203 ], [ 141.15833633, 41.25696823 ], [ 141.15833333, 41.25698687 ], [ 141.158332280000025, 41.2569935 ], [ 141.158323530000018, 41.25708756 ], [ 141.15831934000002, 41.25717461 ], [ 141.158315330000022, 41.2572965 ], [ 141.158292830000022, 41.25740797 ], [ 141.15828414, 41.25750897 ], [ 141.158238860000012, 41.25767278 ], [ 141.158189140000019, 41.25786792 ], [ 141.158157500000016, 41.25799684 ], [ 141.158148660000023, 41.25807347 ], [ 141.158128340000019, 41.2581545 ], [ 141.15811484, 41.2582172 ], [ 141.158110420000014, 41.25825377 ], [ 141.158126690000017, 41.25828508 ], [ 141.158156720000022, 41.25830239 ], [ 141.158198200000015, 41.25830056 ], [ 141.158230440000011, 41.2583022 ], [ 141.15825586, 41.25831605 ], [ 141.158258690000025, 41.25832992 ], [ 141.158259390000012, 41.25833333 ], [ 141.158262940000014, 41.25835084 ], [ 141.158251730000018, 41.25840659 ], [ 141.15826114, 41.25844836 ], [ 141.15828667, 41.25848659 ], [ 141.15829839, 41.25852486 ], [ 141.158289420000017, 41.25857361 ], [ 141.15829416, 41.25860495 ], [ 141.158309100000025, 41.25865244 ], [ 141.158299250000027, 41.25866756 ], [ 141.158288640000023, 41.25868359 ], [ 141.158282110000016, 41.25869356 ], [ 141.15828117, 41.25870508 ], [ 141.15828672, 41.25875239 ], [ 141.15829431, 41.25878603 ], [ 141.15828597, 41.25882136 ], [ 141.15828384, 41.25882641 ], [ 141.158276740000019, 41.258843 ], [ 141.158266200000014, 41.25885903 ], [ 141.15825905, 41.25886989 ], [ 141.158257610000021, 41.258884 ], [ 141.15826309000002, 41.25891447 ], [ 141.15828231, 41.25893687 ], [ 141.15831105, 41.25894723 ], [ 141.15831859, 41.25895531 ], [ 141.158320660000015, 41.25896403 ], [ 141.15831341, 41.25899613 ], [ 141.15831355, 41.259025 ], [ 141.15831897000001, 41.2590348 ], [ 141.15833333, 41.25904186 ], [ 141.15833458000003, 41.25904247 ], [ 141.15833633, 41.25904189 ], [ 141.15835927, 41.25903451 ], [ 141.15838044, 41.2590168 ], [ 141.15846808, 41.25891147 ], [ 141.15853569, 41.25883161 ], [ 141.158545230000016, 41.25882167 ], [ 141.15855713000002, 41.25881169 ], [ 141.158622440000016, 41.25875784 ], [ 141.158641500000016, 41.25874978 ], [ 141.158656420000028, 41.25875775 ], [ 141.15866503, 41.25878097 ], [ 141.15866311000002, 41.25882751 ], [ 141.158628390000018, 41.25889178 ], [ 141.15858409, 41.25895205 ], [ 141.158553610000013, 41.25902192 ], [ 141.158516610000021, 41.25905892 ], [ 141.158458390000021, 41.25909678 ], [ 141.15842659, 41.2591142 ], [ 141.15837567, 41.25912717 ], [ 141.15835134, 41.25914728 ], [ 141.15834053, 41.25916056 ], [ 141.15833978, 41.2591778 ], [ 141.158351580000016, 41.2591978 ], [ 141.158368880000012, 41.25920877 ], [ 141.158383860000015, 41.25921553 ], [ 141.158391670000015, 41.25921911 ], [ 141.15840694000002, 41.25922253 ], [ 141.15844092, 41.2592168 ], [ 141.15847272000002, 41.25920711 ], [ 141.15849927, 41.25920784 ], [ 141.158505720000022, 41.25921741 ], [ 141.15850047, 41.25923269 ], [ 141.158471890000015, 41.25924961 ], [ 141.15845167, 41.25925797 ], [ 141.15843372, 41.25926897 ], [ 141.15842311000003, 41.25928967 ], [ 141.15841384, 41.25932517 ], [ 141.15838844000001, 41.2593485 ], [ 141.15833633, 41.25939408 ], [ 141.15833333, 41.25939672 ], [ 141.15832497, 41.25940403 ], [ 141.158271050000025, 41.25945295 ], [ 141.158228760000014, 41.25949636 ], [ 141.15820134, 41.25953495 ], [ 141.15818872, 41.25954861 ], [ 141.158181610000014, 41.25956125 ], [ 141.158181050000024, 41.25957436 ], [ 141.15818672, 41.25958872 ], [ 141.158215470000016, 41.25960228 ], [ 141.158243110000029, 41.25960539 ], [ 141.158266450000013, 41.25959892 ], [ 141.15828761, 41.25958361 ], [ 141.158313060000012, 41.25956751 ], [ 141.15833333, 41.25956417 ], [ 141.15833633, 41.25956367 ], [ 141.15834275, 41.25956261 ], [ 141.158373579999989, 41.25956492 ], [ 141.158393750000016, 41.25956005 ], [ 141.1584128, 41.25954877 ], [ 141.158438250000017, 41.25954069 ], [ 141.15846167, 41.25954303 ], [ 141.158474450000028, 41.25955261 ], [ 141.15847241, 41.25957186 ], [ 141.158443160000019, 41.2596722 ], [ 141.158394470000019, 41.25970764 ], [ 141.158353260000013, 41.25974625 ], [ 141.158339580000018, 41.25977756 ], [ 141.158345030000021, 41.25980723 ], [ 141.158361110000016, 41.25983341 ], [ 141.15839628, 41.25985497 ], [ 141.158460170000012, 41.25988444 ], [ 141.158471970000022, 41.25991089 ], [ 141.158487, 41.25993972 ], [ 141.15848603, 41.25995978 ], [ 141.158477910000016, 41.25996747 ], [ 141.158463770000026, 41.25997186 ], [ 141.15844983, 41.25997161 ], [ 141.15843508, 41.25996795 ], [ 141.15840519, 41.25994156 ], [ 141.15837438, 41.25994003 ], [ 141.15834462, 41.25993611 ], [ 141.15833633, 41.2599302 ], [ 141.15833333, 41.25992805 ], [ 141.15832008000001, 41.25991853 ], [ 141.158306160000024, 41.25989372 ], [ 141.158291830000024, 41.25988536 ], [ 141.158283450000027, 41.25988131 ], [ 141.15827292, 41.25987953 ], [ 141.15825737, 41.25988408 ], [ 141.158245620000031, 41.25989067 ], [ 141.158219030000026, 41.25988756 ], [ 141.158192410000026, 41.25987961 ], [ 141.158181720000016, 41.25987725 ], [ 141.158172220000012, 41.25987967 ], [ 141.15817042, 41.25988859 ], [ 141.158175500000027, 41.25989728 ], [ 141.158194720000012, 41.25991167 ], [ 141.158214970000017, 41.25992686 ], [ 141.158231020000017, 41.25995408 ], [ 141.158238610000012, 41.25997972 ], [ 141.15826, 41.26001095 ], [ 141.158283550000021, 41.26004859 ], [ 141.158284970000011, 41.26007003 ], [ 141.15828384, 41.26008131 ], [ 141.158280890000015, 41.26009353 ], [ 141.15827117, 41.26011839 ], [ 141.158259580000021, 41.2601392 ], [ 141.158245940000029, 41.26016047 ], [ 141.158249610000013, 41.26017761 ], [ 141.158264140000028, 41.26020214 ], [ 141.158259110000017, 41.26025989 ], [ 141.15824025, 41.26031128 ], [ 141.158212780000014, 41.26034184 ], [ 141.15820341, 41.26038197 ], [ 141.15819406, 41.26042497 ], [ 141.158171950000025, 41.26046513 ], [ 141.158125500000011, 41.26052544 ], [ 141.15808872, 41.26060253 ], [ 141.158068860000014, 41.26067317 ], [ 141.158047780000032, 41.26070292 ], [ 141.15804472, 41.26072859 ], [ 141.15806287, 41.26074536 ], [ 141.158090510000022, 41.26074931 ], [ 141.15812022, 41.26074522 ], [ 141.158141410000013, 41.26073153 ], [ 141.15816472, 41.26072344 ], [ 141.158193410000024, 41.26072095 ], [ 141.158238050000023, 41.26072964 ], [ 141.15828375000001, 41.26073353 ], [ 141.15833333, 41.2607338 ], [ 141.15833633, 41.2607338 ], [ 141.158381500000019, 41.26073405 ], [ 141.15843139, 41.26072669 ], [ 141.15846224, 41.2607338 ], [ 141.158471850000012, 41.26074741 ], [ 141.15845508000001, 41.26078917 ], [ 141.15843608, 41.26081811 ], [ 141.158402240000015, 41.26084628 ], [ 141.15838148, 41.26085753 ], [ 141.15836594000001, 41.260863 ], [ 141.15835134, 41.26086086 ], [ 141.158343160000015, 41.260854 ], [ 141.15833847, 41.26083841 ], [ 141.15833633, 41.26082859 ], [ 141.158335280000017, 41.26082375 ], [ 141.15833333, 41.2608148 ], [ 141.15833333, 41.26081476 ], [ 141.158330830000011, 41.26080317 ], [ 141.15830847, 41.26079039 ], [ 141.15827234, 41.26078808 ], [ 141.158214940000022, 41.26078022 ], [ 141.15817564, 41.26077795 ], [ 141.15815737, 41.26078322 ], [ 141.158150190000015, 41.26079244 ], [ 141.15813438, 41.26081575 ], [ 141.15812073, 41.26084628 ], [ 141.15810163, 41.26085595 ], [ 141.158061340000017, 41.26086328 ], [ 141.158025230000021, 41.26086659 ], [ 141.15800192, 41.26088108 ], [ 141.15799458, 41.26090036 ], [ 141.158, 41.260922 ], [ 141.1580128, 41.2609348 ], [ 141.15804394, 41.26095005 ], [ 141.158062530000024, 41.26095814 ], [ 141.15809156, 41.26096587 ], [ 141.158121890000018, 41.26098689 ], [ 141.15814706, 41.2610138 ], [ 141.158155580000027, 41.26102608 ], [ 141.15816464, 41.2610405 ], [ 141.158178140000018, 41.26106636 ], [ 141.15817934, 41.26109923 ], [ 141.15817453, 41.26110777 ], [ 141.15816558, 41.26111451 ], [ 141.158152480000012, 41.26111822 ], [ 141.158140140000029, 41.26111778 ], [ 141.15812852000002, 41.26111422 ], [ 141.15811883, 41.26110503 ], [ 141.15810484, 41.26107056 ], [ 141.15808655, 41.26102731 ], [ 141.15806737, 41.26100972 ], [ 141.158031240000014, 41.26101303 ], [ 141.158002830000015, 41.26100753 ], [ 141.157987250000019, 41.26099811 ], [ 141.157954640000014, 41.26098436 ], [ 141.157941670000014, 41.2609788 ], [ 141.15793122, 41.26098123 ], [ 141.1579202, 41.26099017 ], [ 141.15791859, 41.26100211 ], [ 141.157926160000017, 41.26103336 ], [ 141.15794545, 41.26106139 ], [ 141.157945620000021, 41.26107111 ], [ 141.15793917, 41.26107987 ], [ 141.15792292, 41.26108247 ], [ 141.15790375, 41.26107756 ], [ 141.157877500000012, 41.26107441 ], [ 141.15786128000002, 41.26107497 ], [ 141.15784781, 41.26108092 ], [ 141.157836840000016, 41.26108995 ], [ 141.157831970000018, 41.26110103 ], [ 141.157835300000016, 41.26113389 ], [ 141.157835450000022, 41.26115956 ], [ 141.157833610000012, 41.26116856 ], [ 141.15782489, 41.26117667 ], [ 141.15781109, 41.26117589 ], [ 141.15778336, 41.26115651 ], [ 141.15775416, 41.26115817 ], [ 141.15773083000002, 41.26116705 ], [ 141.15769064, 41.26120408 ], [ 141.157651580000021, 41.26125311 ], [ 141.15763064, 41.26131331 ], [ 141.157617300000027, 41.26136284 ], [ 141.157610270000021, 41.261394 ], [ 141.157609800000017, 41.26141703 ], [ 141.157611190000011, 41.261464 ], [ 141.15760817, 41.2614985 ], [ 141.157590270000014, 41.26152741 ], [ 141.157547890000018, 41.26155561 ], [ 141.15739044, 41.26164595 ], [ 141.157279860000017, 41.26170153 ], [ 141.15719508, 41.26174428 ], [ 141.157039420000018, 41.26184497 ], [ 141.156827610000022, 41.26197869 ], [ 141.15667442, 41.26206184 ], [ 141.156567060000015, 41.26213664 ], [ 141.156396520000015, 41.26224059 ], [ 141.156312870000022, 41.26229375 ], [ 141.156241830000027, 41.26232603 ], [ 141.15616436000002, 41.2623415 ], [ 141.156092170000022, 41.26235133 ], [ 141.15606581, 41.26235695 ], [ 141.15604975, 41.26236667 ], [ 141.156039, 41.26238187 ], [ 141.15602834, 41.2624022 ], [ 141.15602425000003, 41.2624212 ], [ 141.156014030000023, 41.26244536 ], [ 141.155985470000019, 41.26247272 ], [ 141.155976060000029, 41.26247777 ], [ 141.15596772, 41.26248684 ], [ 141.15596659000002, 41.26249633 ], [ 141.155967890000028, 41.2625162 ], [ 141.155965720000012, 41.26256022 ], [ 141.155967640000028, 41.26258775 ], [ 141.15596772, 41.26260672 ], [ 141.155978590000018, 41.26262711 ], [ 141.1560045, 41.26266664 ], [ 141.15603866, 41.26270264 ], [ 141.15606519, 41.26272144 ], [ 141.156087660000026, 41.26272897 ], [ 141.15612214, 41.26274431 ], [ 141.156156830000015, 41.26275123 ], [ 141.15621798, 41.26277159 ], [ 141.156240170000018, 41.26278011 ], [ 141.156290900000016, 41.26279256 ], [ 141.156346160000027, 41.262798 ], [ 141.156422610000021, 41.26279059 ], [ 141.15649484, 41.26278717 ], [ 141.15655326000001, 41.26278059 ], [ 141.156615840000029, 41.26276356 ], [ 141.15677481000003, 41.26272784 ], [ 141.156952440000026, 41.26268611 ], [ 141.15713445, 41.26262897 ], [ 141.157310530000018, 41.26257392 ], [ 141.15742294, 41.26252951 ], [ 141.15750241, 41.26249317 ], [ 141.157568170000019, 41.26247053 ], [ 141.15767839, 41.26241247 ], [ 141.15782983, 41.2623198 ], [ 141.15797280000001, 41.26222395 ], [ 141.15804694000002, 41.26217961 ], [ 141.158188810000013, 41.26208217 ], [ 141.15830097, 41.26199441 ], [ 141.15833333, 41.26196539 ], [ 141.15833633, 41.26196269 ], [ 141.15840674, 41.26189951 ], [ 141.158526130000013, 41.26176522 ], [ 141.158604250000025, 41.26166175 ], [ 141.158766720000017, 41.26143675 ], [ 141.15884384, 41.26134941 ], [ 141.15889336, 41.26126828 ], [ 141.15892908, 41.26118717 ], [ 141.15895119000001, 41.26114861 ], [ 141.15897973, 41.26111805 ], [ 141.15906322, 41.26102797 ], [ 141.159145500000022, 41.26091225 ], [ 141.159203330000025, 41.26079339 ], [ 141.159249640000013, 41.26070022 ], [ 141.159321170000027, 41.26055813 ], [ 141.15937261000002, 41.26043528 ], [ 141.159414160000011, 41.2602515 ], [ 141.15943542, 41.26004064 ], [ 141.15944389, 41.25982087 ], [ 141.159452610000017, 41.25965344 ], [ 141.159454940000018, 41.2594762 ], [ 141.15944678, 41.25933603 ], [ 141.159455690000016, 41.25920125 ], [ 141.15945406, 41.25908497 ], [ 141.15947462, 41.2589488 ], [ 141.159470030000023, 41.25887903 ], [ 141.15946294, 41.25873708 ], [ 141.15946211, 41.25864917 ], [ 141.159453450000029, 41.25858403 ], [ 141.159446860000031, 41.25838141 ], [ 141.159451, 41.25833333 ], [ 141.159451280000013, 41.25832992 ], [ 141.15945689, 41.25826441 ], [ 141.15945253000001, 41.25801928 ], [ 141.15944148, 41.25764672 ], [ 141.159440750000016, 41.25750395 ], [ 141.15942156, 41.25734036 ], [ 141.15939659, 41.25695392 ], [ 141.1593862, 41.25672064 ], [ 141.159362360000017, 41.25656053 ], [ 141.15934805, 41.25636092 ], [ 141.15931419, 41.25613933 ], [ 141.15930423, 41.25598613 ], [ 141.159288980000014, 41.25583233 ], [ 141.159265030000029, 41.25568989 ], [ 141.159255030000025, 41.25552975 ], [ 141.15920419, 41.25533005 ], [ 141.159184970000013, 41.25517341 ], [ 141.15913781, 41.25495417 ], [ 141.159110340000012, 41.25482111 ], [ 141.15905283, 41.25454353 ], [ 141.15901983, 41.25439736 ], [ 141.15898672, 41.25422336 ], [ 141.15895433, 41.25411933 ], [ 141.15894336, 41.25406025 ], [ 141.158890580000019, 41.25387689 ], [ 141.158824690000017, 41.2536558 ], [ 141.15879436000003, 41.25352923 ], [ 141.15876148000001, 41.25340395 ], [ 141.158723990000027, 41.25327872 ], [ 141.158672610000025, 41.25313959 ], [ 141.15862109, 41.25296908 ], [ 141.158574330000022, 41.25283341 ], [ 141.15852752, 41.25269077 ], [ 141.158485500000012, 41.2525795 ], [ 141.158448, 41.25245075 ], [ 141.158382530000011, 41.25225247 ], [ 141.15833633, 41.25215833 ], [ 141.15833333, 41.25215223 ], [ 141.158331340000018, 41.25214813 ], [ 141.15826623000001, 41.25202644 ], [ 141.15823986, 41.2519702 ], [ 141.158222610000024, 41.25190003 ], [ 141.158196060000023, 41.25181425 ], [ 141.15816331000002, 41.25171684 ], [ 141.158107280000024, 41.25156725 ], [ 141.15805131, 41.25143161 ], [ 141.158001410000026, 41.25131097 ], [ 141.157944110000017, 41.2511882 ], [ 141.15787241000001, 41.25107664 ], [ 141.15783706000002, 41.25096911 ], [ 141.157776160000026, 41.2507708 ], [ 141.15772034, 41.25065953 ], [ 141.15766917000002, 41.25056567 ], [ 141.1576272, 41.25046131 ], [ 141.157555670000022, 41.25031056 ], [ 141.15748577, 41.25015059 ], [ 141.157434420000016, 41.25 ], [ 141.15743326, 41.24999659 ], [ 141.15741263000001, 41.24993613 ], [ 141.157347300000026, 41.24976917 ], [ 141.15727292, 41.24963359 ], [ 141.15721222, 41.24947705 ], [ 141.157123800000022, 41.24929972 ], [ 141.15703075, 41.24911544 ], [ 141.15696073, 41.24893108 ], [ 141.156881630000015, 41.24877633 ], [ 141.156821120000018, 41.24865117 ], [ 141.156746590000012, 41.24848772 ], [ 141.156690610000027, 41.24834859 ], [ 141.156616160000027, 41.24820253 ], [ 141.156560220000017, 41.24807039 ], [ 141.156490510000026, 41.24794523 ], [ 141.156430050000012, 41.24783397 ], [ 141.15636489000002, 41.24770184 ], [ 141.156320030000018, 41.24758028 ], [ 141.156273990000017, 41.24746214 ], [ 141.15623302, 41.24734014 ], [ 141.15616158, 41.24718772 ], [ 141.15611547, 41.24705431 ], [ 141.156054360000013, 41.2469438 ], [ 141.156018610000018, 41.24686377 ], [ 141.15590717, 41.2466358 ], [ 141.155813530000017, 41.24641692 ], [ 141.155713920000011, 41.24623069 ], [ 141.155582830000014, 41.24591753 ], [ 141.15553603, 41.24580808 ], [ 141.155430030000019, 41.24557995 ], [ 141.155330140000018, 41.24533778 ], [ 141.15525628, 41.24515328 ], [ 141.155180140000027, 41.24497325 ], [ 141.155130730000025, 41.24489517 ], [ 141.15506747, 41.24476772 ], [ 141.15496031, 41.24457041 ], [ 141.15487239, 41.24441628 ], [ 141.15477625, 41.24424364 ], [ 141.15467747, 41.24409325 ], [ 141.15459511, 41.24395761 ], [ 141.154496420000015, 41.24382613 ], [ 141.154430640000015, 41.24374195 ], [ 141.15434564, 41.24362814 ], [ 141.15431, 41.24357267 ], [ 141.154271560000012, 41.24351103 ], [ 141.15424409000002, 41.24346169 ], [ 141.15422202000002, 41.24340823 ], [ 141.154197200000027, 41.24334139 ], [ 141.15418331, 41.24328586 ], [ 141.154181610000023, 41.24321567 ], [ 141.154177370000014, 41.24318275 ], [ 141.154338030000019, 41.24318231 ], [ 141.154350470000026, 41.24318192 ], [ 141.154444230000024, 41.24317892 ], [ 141.15440462, 41.24287253 ], [ 141.154382750000025, 41.2428582 ], [ 141.154344450000025, 41.24282331 ], [ 141.154319800000025, 41.24279661 ], [ 141.154307300000028, 41.24278872 ], [ 141.154292, 41.24278451 ], [ 141.154276110000012, 41.24278425 ], [ 141.15425934000001, 41.24278667 ], [ 141.15422039, 41.24280923 ], [ 141.15417564, 41.24282995 ], [ 141.154074970000011, 41.2428508 ], [ 141.153974310000024, 41.24286961 ], [ 141.153892670000033, 41.2428822 ], [ 141.153854530000018, 41.2428782 ], [ 141.153808110000028, 41.24285361 ], [ 141.153772480000015, 41.24280636 ], [ 141.153731360000023, 41.24275503 ], [ 141.153702890000034, 41.24271969 ], [ 141.153656300000023, 41.24266631 ], [ 141.15359623, 41.24262531 ], [ 141.15357431000001, 41.24260067 ], [ 141.153454090000025, 41.24252072 ], [ 141.153325670000015, 41.24243464 ], [ 141.15327095, 41.24238128 ], [ 141.15319058, 41.24231767 ], [ 141.15311394, 41.24224092 ], [ 141.15307837, 41.24219984 ], [ 141.152982550000019, 41.24210336 ], [ 141.152914110000012, 41.24202739 ], [ 141.152845690000021, 41.24195759 ], [ 141.15276628, 41.24186931 ], [ 141.15270594, 41.24178261 ], [ 141.152645550000017, 41.24167984 ], [ 141.152636280000024, 41.24166667 ], [ 141.152633870000017, 41.24166323 ], [ 141.152590700000019, 41.24160177 ], [ 141.152533190000014, 41.24153605 ], [ 141.15247844000001, 41.24147859 ], [ 141.15243472, 41.24144784 ], [ 141.152423750000025, 41.24142933 ], [ 141.15246725, 41.2414148 ], [ 141.152486230000022, 41.24140033 ], [ 141.15250791, 41.24137969 ], [ 141.152518690000022, 41.24135703 ], [ 141.15249953, 41.24133236 ], [ 141.152461280000011, 41.24130572 ], [ 141.152423, 41.24127905 ], [ 141.15234645000001, 41.24121341 ], [ 141.15229442, 41.24116005 ], [ 141.152258890000013, 41.24112925 ], [ 141.152242530000024, 41.2411252 ], [ 141.152234420000013, 41.24113964 ], [ 141.15221542, 41.24114997 ], [ 141.152185450000019, 41.24114595 ], [ 141.152158110000016, 41.24112544 ], [ 141.15210328, 41.24105353 ], [ 141.152059470000012, 41.24100425 ], [ 141.151999390000015, 41.24096531 ], [ 141.151944719999989, 41.24092841 ], [ 141.151884670000015, 41.24089769 ], [ 141.15186825, 41.24088128 ], [ 141.151862670000014, 41.24085 ], [ 141.151876140000013, 41.24082113 ], [ 141.15188691, 41.24079641 ], [ 141.15189224, 41.24077789 ], [ 141.15187309, 41.24075531 ], [ 141.15185664, 41.24073064 ], [ 141.151837450000016, 41.24070392 ], [ 141.15179925000001, 41.24068964 ], [ 141.151744720000011, 41.24067741 ], [ 141.15171333, 41.2406662 ], [ 141.15167781, 41.24063851 ], [ 141.15161083000001, 41.24058825 ], [ 141.15157253000001, 41.24054617 ], [ 141.151545140000025, 41.24051947 ], [ 141.15152058000001, 41.24050925 ], [ 141.15148652000002, 41.24050522 ], [ 141.151455310000017, 41.24051972 ], [ 141.151422750000023, 41.24054761 ], [ 141.151398270000016, 41.240559 ], [ 141.15136562, 41.24056011 ], [ 141.151341090000017, 41.24055195 ], [ 141.151313750000014, 41.24053247 ], [ 141.151275450000014, 41.24049759 ], [ 141.151248110000012, 41.24047708 ], [ 141.15124667, 41.24046061 ], [ 141.15125889, 41.24045336 ], [ 141.151272530000028, 41.24045641 ], [ 141.15130939, 41.24047484 ], [ 141.151354380000015, 41.2404912 ], [ 141.151376200000016, 41.24049731 ], [ 141.15140066, 41.24048797 ], [ 141.15143328000002, 41.24047347 ], [ 141.15144822000002, 41.24046623 ], [ 141.151444090000012, 41.24045305 ], [ 141.15141674000003, 41.24043461 ], [ 141.151383920000029, 41.24040175 ], [ 141.15134842, 41.24038128 ], [ 141.15128017, 41.24034647 ], [ 141.151198280000017, 41.24030347 ], [ 141.15111905, 41.24025636 ], [ 141.151042550000028, 41.24020305 ], [ 141.150955080000017, 41.24013123 ], [ 141.150916780000017, 41.24009431 ], [ 141.150859270000012, 41.24003269 ], [ 141.15078822000001, 41.23997936 ], [ 141.1507527, 41.23995269 ], [ 141.150722630000018, 41.23993428 ], [ 141.15068725, 41.23993641 ], [ 141.15064375, 41.23994272 ], [ 141.15060555, 41.23992841 ], [ 141.150569970000021, 41.23989147 ], [ 141.15051255000003, 41.23984222 ], [ 141.150460660000022, 41.23980941 ], [ 141.150384160000016, 41.23976231 ], [ 141.15031314, 41.23971103 ], [ 141.15026122, 41.23967617 ], [ 141.15019842, 41.23963931 ], [ 141.150160140000025, 41.23960853 ], [ 141.150116420000018, 41.23957777 ], [ 141.15008914, 41.23956551 ], [ 141.15008361, 41.23955111 ], [ 141.150091700000019, 41.23953461 ], [ 141.15011075000001, 41.23953251 ], [ 141.150151670000014, 41.23954887 ], [ 141.150211720000016, 41.23957753 ], [ 141.15024453, 41.23960214 ], [ 141.15028283, 41.23964113 ], [ 141.150326620000016, 41.23968217 ], [ 141.15038128, 41.2397232 ], [ 141.150416740000026, 41.23973959 ], [ 141.150452280000025, 41.23976828 ], [ 141.150474140000028, 41.23978059 ], [ 141.150520610000029, 41.23981956 ], [ 141.15055333, 41.23983184 ], [ 141.15059969, 41.23984403 ], [ 141.150618760000015, 41.23983987 ], [ 141.150621410000014, 41.23982753 ], [ 141.15061044, 41.23981108 ], [ 141.15057486, 41.23977825 ], [ 141.15051745, 41.23973105 ], [ 141.150473670000025, 41.23968589 ], [ 141.150399920000012, 41.23963875 ], [ 141.150339800000012, 41.23959775 ], [ 141.150307, 41.23956903 ], [ 141.150271480000015, 41.23954441 ], [ 141.150230470000025, 41.23950911 ], [ 141.150189360000013, 41.23945984 ], [ 141.150153750000015, 41.23941464 ], [ 141.150123720000011, 41.23939825 ], [ 141.150088300000021, 41.23939631 ], [ 141.15004747, 41.23940053 ], [ 141.150009340000025, 41.23939859 ], [ 141.150003020000014, 41.23939747 ], [ 141.15, 41.23939695 ], [ 141.14996302, 41.23939047 ], [ 141.149924770000013, 41.23936795 ], [ 141.14985384000002, 41.2393352 ], [ 141.149804690000025, 41.23930859 ], [ 141.149747390000016, 41.23928608 ], [ 141.14969012, 41.23926772 ], [ 141.149630050000013, 41.23923905 ], [ 141.14956455, 41.23920839 ], [ 141.14950178, 41.23917767 ], [ 141.149398, 41.23911414 ], [ 141.149266830000016, 41.23902189 ], [ 141.14920125, 41.23897472 ], [ 141.14913837, 41.23892136 ], [ 141.149091920000018, 41.23888856 ], [ 141.14904825, 41.23887017 ], [ 141.149004580000025, 41.23884969 ], [ 141.14896361000001, 41.23881895 ], [ 141.148922670000019, 41.23879844 ], [ 141.14888711, 41.23876975 ], [ 141.14884333, 41.23872664 ], [ 141.14880231, 41.23868559 ], [ 141.14877228, 41.23867125 ], [ 141.14874769, 41.23865487 ], [ 141.148704030000033, 41.23863439 ], [ 141.14860317, 41.238612 ], [ 141.14853772, 41.23859367 ], [ 141.14846681, 41.23856913 ], [ 141.148401220000011, 41.23852817 ], [ 141.148338420000016, 41.23848717 ], [ 141.148292020000014, 41.23846464 ], [ 141.148201950000015, 41.23841961 ], [ 141.14813375, 41.23839717 ], [ 141.14809822, 41.23838544 ], [ 141.148028610000011, 41.23839159 ], [ 141.14797144, 41.23839377 ], [ 141.147910390000021, 41.23838541 ], [ 141.1478127, 41.23835264 ], [ 141.147686720000024, 41.23830575 ], [ 141.14757484, 41.23825461 ], [ 141.147400170000026, 41.23816861 ], [ 141.14724458, 41.23809908 ], [ 141.147151800000017, 41.23805814 ], [ 141.147099920000016, 41.23802741 ], [ 141.146998880000012, 41.237968 ], [ 141.146895140000026, 41.23791067 ], [ 141.146775030000015, 41.23784305 ], [ 141.146641190000025, 41.23776725 ], [ 141.146531970000012, 41.23770169 ], [ 141.14642003000003, 41.23763611 ], [ 141.14633258, 41.23757253 ], [ 141.146283410000024, 41.23754387 ], [ 141.14622881, 41.23751108 ], [ 141.146187890000022, 41.23749264 ], [ 141.14614425000002, 41.23747836 ], [ 141.146097860000026, 41.23745997 ], [ 141.146043280000015, 41.23743336 ], [ 141.146013220000015, 41.23740875 ], [ 141.145963990000013, 41.23736769 ], [ 141.14592294000002, 41.23732664 ], [ 141.14589014, 41.23729792 ], [ 141.14584647, 41.23727539 ], [ 141.14581365, 41.23724667 ], [ 141.145754690000018, 41.23721567 ], [ 141.145666330000012, 41.237181 ], [ 141.14561158, 41.23714939 ], [ 141.14554202, 41.23708928 ], [ 141.14541134000001, 41.23698011 ], [ 141.145360730000021, 41.23693264 ], [ 141.145299640000019, 41.23688836 ], [ 141.14524061000003, 41.23683775 ], [ 141.145181580000013, 41.23678839 ], [ 141.14517097, 41.23676461 ], [ 141.145170800000017, 41.23673128 ], [ 141.1452, 41.23669153 ], [ 141.145231310000014, 41.236647 ], [ 141.145256250000017, 41.23659456 ], [ 141.145264470000029, 41.23655961 ], [ 141.14525294, 41.23653559 ], [ 141.14502361000001, 41.23639431 ], [ 141.14494733, 41.23634453 ], [ 141.144871670000015, 41.23629831 ], [ 141.144743840000018, 41.23621725 ], [ 141.144663090000023, 41.23616795 ], [ 141.144545940000029, 41.23609484 ], [ 141.14431278, 41.23595208 ], [ 141.14429458, 41.23594908 ], [ 141.14425986, 41.23593367 ], [ 141.144125520000017, 41.23581975 ], [ 141.144045280000029, 41.23574861 ], [ 141.143940390000012, 41.23565356 ], [ 141.143816250000015, 41.23553108 ], [ 141.143762310000028, 41.2354585 ], [ 141.14375406000002, 41.23544275 ], [ 141.14375311, 41.23543041 ], [ 141.14375934, 41.235405 ], [ 141.143761050000023, 41.23538441 ], [ 141.1437573, 41.23535697 ], [ 141.143746280000016, 41.23532959 ], [ 141.143741630000022, 41.23531105 ], [ 141.14374428, 41.23529253 ], [ 141.143769470000024, 41.23523825 ], [ 141.14377572, 41.23521628 ], [ 141.143779250000023, 41.23519914 ], [ 141.14377547, 41.23516623 ], [ 141.14374681000001, 41.23505997 ], [ 141.143732920000019, 41.23500375 ], [ 141.14372083, 41.23494203 ], [ 141.143718760000013, 41.23488989 ], [ 141.14372942, 41.23483911 ], [ 141.14374650000002, 41.23480064 ], [ 141.14377355000002, 41.23475939 ], [ 141.143803390000016, 41.23472775 ], [ 141.14383326, 41.23470503 ], [ 141.14387131, 41.23468711 ], [ 141.14392759, 41.2346698 ], [ 141.14398745, 41.23465864 ], [ 141.144049200000012, 41.23465025 ], [ 141.144199, 41.23463751 ], [ 141.14425258, 41.23463256 ], [ 141.144272550000011, 41.23462905 ], [ 141.144286130000012, 41.23462217 ], [ 141.14429425000003, 41.23461322 ], [ 141.14429569, 41.23460259 ], [ 141.144104450000015, 41.23422605 ], [ 141.1444028, 41.23413844 ], [ 141.144263310000014, 41.23389556 ], [ 141.14396997, 41.23398264 ], [ 141.14392042, 41.23394847 ], [ 141.143648470000016, 41.23402805 ], [ 141.143643020000013, 41.23404144 ], [ 141.143602110000018, 41.2340292 ], [ 141.14353294, 41.23400056 ], [ 141.14348289000003, 41.23397531 ], [ 141.14345375000002, 41.23396441 ], [ 141.1433637, 41.23393036 ], [ 141.14323808, 41.23387511 ], [ 141.14319258, 41.23385741 ], [ 141.143143450000025, 41.23384108 ], [ 141.1430862, 41.23383095 ], [ 141.14304066, 41.23381047 ], [ 141.14299158, 41.23379964 ], [ 141.142864160000016, 41.23375128 ], [ 141.14278234, 41.23373228 ], [ 141.142691360000015, 41.23369753 ], [ 141.14257939, 41.23364844 ], [ 141.142548440000013, 41.23363551 ], [ 141.142529360000026, 41.23363211 ], [ 141.142485720000025, 41.23362536 ], [ 141.14230745, 41.23356959 ], [ 141.14213905, 41.23349939 ], [ 141.141998950000016, 41.23345105 ], [ 141.14184341, 41.2334055 ], [ 141.141669690000015, 41.23336164 ], [ 141.14166667, 41.23336087 ], [ 141.14165791, 41.23335867 ], [ 141.141595140000021, 41.23333689 ], [ 141.14158591, 41.23333333 ], [ 141.14157689000001, 41.23332989 ], [ 141.14139584000003, 41.23326056 ], [ 141.141280310000013, 41.23322108 ], [ 141.14106475, 41.23315923 ], [ 141.14088292, 41.23311856 ], [ 141.14074105, 41.23308189 ], [ 141.140643720000014, 41.23305128 ], [ 141.140583640000017, 41.23302469 ], [ 141.14052811000002, 41.23299672 ], [ 141.14048528, 41.23297077 ], [ 141.140426140000017, 41.2329462 ], [ 141.14028425, 41.23290541 ], [ 141.14018506, 41.23286728 ], [ 141.140118590000014, 41.23283244 ], [ 141.14008852, 41.23280989 ], [ 141.14006387, 41.23278184 ], [ 141.14001815, 41.23271472 ], [ 141.139992550000017, 41.23268667 ], [ 141.139951560000014, 41.23265797 ], [ 141.139937810000021, 41.2326728 ], [ 141.139820360000016, 41.23259389 ], [ 141.1395728, 41.23244008 ], [ 141.13919438, 41.23220672 ], [ 141.13865684000001, 41.23187653 ], [ 141.138363670000018, 41.23169172 ], [ 141.138158, 41.23156539 ], [ 141.13798503000001, 41.23145741 ], [ 141.13778185000001, 41.23132917 ], [ 141.137543800000032, 41.23118164 ], [ 141.137356980000021, 41.23106384 ], [ 141.137151140000014, 41.23093489 ], [ 141.136988300000013, 41.23083508 ], [ 141.136732920000014, 41.23067889 ], [ 141.13656842, 41.23057472 ], [ 141.136452670000011, 41.23049784 ], [ 141.13632694, 41.23040353 ], [ 141.136268880000017, 41.2303622 ], [ 141.13597542, 41.23010647 ], [ 141.13566759, 41.22983517 ], [ 141.135419250000012, 41.22962123 ], [ 141.135022920000011, 41.22928767 ], [ 141.13477927, 41.22907867 ], [ 141.134534360000032, 41.22885244 ], [ 141.134116910000017, 41.22846878 ], [ 141.133606160000028, 41.22800397 ], [ 141.133336390000011, 41.22775972 ], [ 141.133333330000028, 41.22775695 ], [ 141.133136280000031, 41.22757853 ], [ 141.133074140000019, 41.22752111 ], [ 141.13308102000002, 41.22751364 ], [ 141.13308817, 41.22748897 ], [ 141.133093450000018, 41.22746584 ], [ 141.13309192, 41.22743761 ], [ 141.133079830000014, 41.22739603 ], [ 141.133068440000017, 41.2273515 ], [ 141.13305781, 41.22732131 ], [ 141.133045080000016, 41.22729311 ], [ 141.13302891, 41.22726889 ], [ 141.132998690000022, 41.22724031 ], [ 141.132962170000013, 41.2272082 ], [ 141.132930580000021, 41.22718747 ], [ 141.13289486, 41.22717025 ], [ 141.1328507, 41.22715253 ], [ 141.132817080000024, 41.22714269 ], [ 141.132805160000032, 41.22714225 ], [ 141.132797520000025, 41.2271482 ], [ 141.13276406, 41.22717205 ], [ 141.132667130000016, 41.22709159 ], [ 141.13241222, 41.2268778 ], [ 141.13244850000001, 41.22685172 ], [ 141.132421140000019, 41.22683347 ], [ 141.13240567, 41.22681717 ], [ 141.132378910000028, 41.22678256 ], [ 141.132344360000019, 41.22672225 ], [ 141.132305520000017, 41.22664505 ], [ 141.1322893, 41.22661341 ], [ 141.13226674, 41.22658031 ], [ 141.13224639, 41.22655705 ], [ 141.1322218, 41.22653684 ], [ 141.13219375, 41.22652156 ], [ 141.132142610000017, 41.22650436 ], [ 141.132080270000017, 41.22648569 ], [ 141.132027030000017, 41.22647197 ], [ 141.13198012, 41.22646069 ], [ 141.131959810000012, 41.22645777 ], [ 141.131927390000016, 41.22645003 ], [ 141.131905750000016, 41.22643769 ], [ 141.131849390000013, 41.22638369 ], [ 141.131791280000016, 41.22631995 ], [ 141.131754770000015, 41.22626331 ], [ 141.13172608, 41.22621969 ], [ 141.131708520000018, 41.22619053 ], [ 141.131701360000022, 41.22617747 ], [ 141.131654940000033, 41.22614231 ], [ 141.13168416, 41.22611547 ], [ 141.13168613000002, 41.22611117 ], [ 141.131796740000027, 41.22602189 ], [ 141.131784940000017, 41.22601617 ], [ 141.13176433000001, 41.22600617 ], [ 141.131725250000017, 41.22599522 ], [ 141.131667760000028, 41.22598131 ], [ 141.131634330000026, 41.22597186 ], [ 141.131602360000016, 41.22595686 ], [ 141.131565360000025, 41.22593036 ], [ 141.131509750000021, 41.22586772 ], [ 141.131459140000032, 41.22581761 ], [ 141.131434230000025, 41.22579559 ], [ 141.131394890000024, 41.22565814 ], [ 141.13138856, 41.22565417 ], [ 141.13137805, 41.22565272 ], [ 141.131367520000026, 41.22564828 ], [ 141.131333920000031, 41.22564836 ], [ 141.131310800000023, 41.22564595 ], [ 141.13128348, 41.22564056 ], [ 141.131246280000028, 41.22562628 ], [ 141.13122722, 41.22561895 ], [ 141.13115969, 41.2255115 ], [ 141.13117939, 41.22550078 ], [ 141.131210730000021, 41.22547175 ], [ 141.131198500000011, 41.22546903 ], [ 141.131134840000016, 41.22545478 ], [ 141.131108220000016, 41.22544741 ], [ 141.13108012, 41.22543308 ], [ 141.13105131, 41.22541236 ], [ 141.13101475000002, 41.22537972 ], [ 141.130973260000019, 41.22533769 ], [ 141.13092114, 41.22527533 ], [ 141.13090211, 41.22524811 ], [ 141.130896420000028, 41.22523078 ], [ 141.130872550000021, 41.22521597 ], [ 141.130830410000016, 41.22519625 ], [ 141.130793940000018, 41.22518195 ], [ 141.130749080000015, 41.2251692 ], [ 141.130712610000018, 41.22515589 ], [ 141.13063961, 41.22511789 ], [ 141.13060866, 41.22509567 ], [ 141.130584090000013, 41.22507489 ], [ 141.130571410000016, 41.22506105 ], [ 141.130565750000017, 41.2250472 ], [ 141.13056144, 41.22502586 ], [ 141.130562630000014, 41.225 ], [ 141.13056272, 41.22499811 ], [ 141.130562750000024, 41.22499653 ], [ 141.130563280000018, 41.22496636 ], [ 141.13055064, 41.224956 ], [ 141.13053869, 41.22495008 ], [ 141.13050995, 41.22494269 ], [ 141.130466470000016, 41.22492895 ], [ 141.13043423000002, 41.22491761 ], [ 141.130404030000022, 41.22490033 ], [ 141.130369590000015, 41.22487414 ], [ 141.130337950000012, 41.22484547 ], [ 141.13031331000002, 41.22481578 ], [ 141.130303380000015, 41.224794 ], [ 141.13029905, 41.22476328 ], [ 141.130302280000024, 41.22470277 ], [ 141.130289590000018, 41.2246795 ], [ 141.13027553, 41.22467259 ], [ 141.130253090000025, 41.22466472 ], [ 141.13020538, 41.22464947 ], [ 141.130175940000015, 41.22463864 ], [ 141.130115580000023, 41.22460956 ], [ 141.13005733, 41.22458541 ], [ 141.130017330000015, 41.22456567 ], [ 141.12998292, 41.22454197 ], [ 141.129968170000012, 41.22452961 ], [ 141.129956890000017, 41.22451725 ], [ 141.12995195000002, 41.22450584 ], [ 141.12994978, 41.22449395 ], [ 141.129952530000025, 41.22448005 ], [ 141.129958750000014, 41.22446317 ], [ 141.12996428, 41.22444831 ], [ 141.129963530000026, 41.22443689 ], [ 141.12994667000001, 41.22442305 ], [ 141.129934030000015, 41.22441517 ], [ 141.1299228, 41.22441022 ], [ 141.12989195, 41.22439841 ], [ 141.129843530000016, 41.22438217 ], [ 141.12979302, 41.22436347 ], [ 141.129740410000011, 41.22434078 ], [ 141.129703920000026, 41.22432353 ], [ 141.129676520000032, 41.22430675 ], [ 141.129649140000026, 41.22428547 ], [ 141.129623110000011, 41.22426125 ], [ 141.129609, 41.224238 ], [ 141.129600470000014, 41.22420925 ], [ 141.129614310000022, 41.22417203 ], [ 141.12959953, 41.22415967 ], [ 141.12958409, 41.22415077 ], [ 141.129552530000012, 41.22413897 ], [ 141.12948309, 41.22411189 ], [ 141.129441, 41.22409908 ], [ 141.129386330000017, 41.22408584 ], [ 141.12932949, 41.22406667 ], [ 141.12929936, 41.22405333 ], [ 141.12928109, 41.22403903 ], [ 141.12926489, 41.2240212 ], [ 141.12925569, 41.22400486 ], [ 141.129253550000016, 41.22399347 ], [ 141.129250610000014, 41.22396423 ], [ 141.12928328000001, 41.22391008 ], [ 141.12927830000001, 41.22389078 ], [ 141.129269170000015, 41.22388236 ], [ 141.12924109, 41.22387003 ], [ 141.129180780000013, 41.22385186 ], [ 141.12912047, 41.22383367 ], [ 141.12907, 41.22381395 ], [ 141.129022240000012, 41.2237858 ], [ 141.12898995, 41.22376161 ], [ 141.12896669, 41.22373489 ], [ 141.128951850000021, 41.22370269 ], [ 141.128970510000016, 41.2236562 ], [ 141.128954580000027, 41.22364217 ], [ 141.128941970000028, 41.22363659 ], [ 141.128921410000032, 41.22363197 ], [ 141.128874380000013, 41.22361989 ], [ 141.128846520000025, 41.22361105 ], [ 141.12881536, 41.22359756 ], [ 141.12877623, 41.22357608 ], [ 141.12873375, 41.22355184 ], [ 141.128688610000012, 41.22352056 ], [ 141.128664690000022, 41.22350095 ], [ 141.128651390000016, 41.22348411 ], [ 141.128641360000017, 41.22346259 ], [ 141.12862659000001, 41.22341739 ], [ 141.128615250000024, 41.22340056 ], [ 141.128592, 41.22338092 ], [ 141.128547520000012, 41.22335433 ], [ 141.12848577, 41.22331186 ], [ 141.128406830000017, 41.22326472 ], [ 141.128383550000024, 41.22324369 ], [ 141.12834428, 41.22318989 ], [ 141.12831567, 41.22315741 ], [ 141.128251850000026, 41.22310039 ], [ 141.128163480000012, 41.2230158 ], [ 141.12812691000002, 41.22298028 ], [ 141.128087640000018, 41.222934 ], [ 141.128005840000014, 41.22283956 ], [ 141.128016390000028, 41.22283389 ], [ 141.127947980000016, 41.22278067 ], [ 141.12789917, 41.22276703 ], [ 141.127890950000022, 41.22275456 ], [ 141.12787961, 41.2227382 ], [ 141.12784503, 41.22270359 ], [ 141.127814480000012, 41.22267556 ], [ 141.127757370000012, 41.22263117 ], [ 141.127730750000012, 41.22260828 ], [ 141.12761842, 41.22249753 ], [ 141.127575190000016, 41.22245403 ], [ 141.127555280000024, 41.22243864 ], [ 141.127535360000024, 41.22242603 ], [ 141.12747966, 41.22240413 ], [ 141.127446500000019, 41.22238875 ], [ 141.127403390000012, 41.22236497 ], [ 141.127354940000032, 41.22233933 ], [ 141.127315810000027, 41.22231647 ], [ 141.12723083000003, 41.22226139 ], [ 141.12717903, 41.22222359 ], [ 141.127127950000016, 41.22219041 ], [ 141.12710139, 41.22217644 ], [ 141.127080830000011, 41.22216853 ], [ 141.127057, 41.22216251 ], [ 141.127031830000021, 41.2221602 ], [ 141.12700073000002, 41.22215895 ], [ 141.126662870000018, 41.22190003 ], [ 141.12611995, 41.22148295 ], [ 141.125662, 41.22112075 ], [ 141.125646980000027, 41.22113203 ], [ 141.125625360000015, 41.22111041 ], [ 141.125602720000018, 41.22108187 ], [ 141.12556031, 41.22106839 ], [ 141.125535140000011, 41.22106144 ], [ 141.12550336000001, 41.22105636 ], [ 141.125468250000011, 41.22104847 ], [ 141.125441720000026, 41.22104059 ], [ 141.125414550000016, 41.22102986 ], [ 141.125382020000018, 41.22101028 ], [ 141.12534086, 41.22098087 ], [ 141.12530497, 41.2209472 ], [ 141.125280340000018, 41.220914 ], [ 141.125258340000016, 41.22087513 ], [ 141.12532547, 41.22079251 ], [ 141.125321480000025, 41.22078551 ], [ 141.125308860000018, 41.22077475 ], [ 141.125290950000021, 41.22076589 ], [ 141.12527173, 41.22076125 ], [ 141.1252373, 41.22075714 ], [ 141.12519161, 41.22075208 ], [ 141.12515586, 41.22074747 ], [ 141.1251393, 41.22074425 ], [ 141.12511742, 41.22073869 ], [ 141.12508428000001, 41.22072375 ], [ 141.12505109, 41.22070184 ], [ 141.12502519, 41.22068222 ], [ 141.12500309, 41.22066111 ], [ 141.125, 41.2206592 ], [ 141.12483586, 41.22055708 ], [ 141.124225030000019, 41.22009541 ], [ 141.12419503000001, 41.22008375 ], [ 141.124046130000011, 41.21997125 ], [ 141.123775360000025, 41.21983592 ], [ 141.121431410000014, 41.2185382 ], [ 141.119906980000025, 41.21763836 ], [ 141.118485580000026, 41.2169315 ], [ 141.11805419, 41.21671484 ], [ 141.11798425, 41.21666667 ], [ 141.117979170000012, 41.21666317 ], [ 141.11782309, 41.21655567 ], [ 141.117038080000015, 41.21607233 ], [ 141.11666975, 41.21582759 ], [ 141.11666667, 41.21582553 ], [ 141.11558086, 41.215104 ], [ 141.11521586, 41.21484567 ], [ 141.11499236, 41.21465513 ], [ 141.114962, 41.21453733 ], [ 141.114907, 41.21437011 ], [ 141.114795890000011, 41.21415344 ], [ 141.11461949, 41.21396178 ], [ 141.114387, 41.21387011 ], [ 141.11418839000001, 41.21377011 ], [ 141.113978660000015, 41.21362761 ], [ 141.113912280000022, 41.21355261 ], [ 141.113779780000016, 41.21355261 ], [ 141.11365978, 41.21350761 ], [ 141.113558660000024, 41.21346928 ], [ 141.113349780000021, 41.21335261 ], [ 141.113161170000012, 41.21334428 ], [ 141.11289616000002, 41.21338595 ], [ 141.112631170000014, 41.21344428 ], [ 141.11234367000003, 41.21355261 ], [ 141.11195367000002, 41.21361761 ], [ 141.11091866000001, 41.2137415 ], [ 141.10955895, 41.21390317 ], [ 141.109190050000024, 41.21394733 ], [ 141.10880144, 41.21393984 ], [ 141.10833645, 41.21391864 ], [ 141.108333330000022, 41.21391851 ], [ 141.105364230000021, 41.21378317 ], [ 141.10544533, 41.21374484 ], [ 141.105490340000017, 41.2137115 ], [ 141.105424230000011, 41.21368567 ], [ 141.10523533, 41.21370233 ], [ 141.105081720000015, 41.21370233 ], [ 141.104937830000011, 41.213669 ], [ 141.104739220000027, 41.21362733 ], [ 141.104606720000021, 41.21361067 ], [ 141.10417533, 41.2136065 ], [ 141.103246720000016, 41.21360233 ], [ 141.10298173000001, 41.21360233 ], [ 141.102043110000011, 41.21357317 ], [ 141.101502, 41.21352317 ], [ 141.100960610000016, 41.21341484 ], [ 141.10058564, 41.2133315 ], [ 141.10026453, 41.21324817 ], [ 141.100003140000013, 41.21317586 ], [ 141.1, 41.213175 ], [ 141.099933140000019, 41.2131565 ], [ 141.09938064, 41.21300651 ], [ 141.099215640000011, 41.21294733 ], [ 141.09912703, 41.2129565 ], [ 141.098810220000018, 41.21290567 ], [ 141.09869484, 41.21285387 ], [ 141.09843769, 41.21274969 ], [ 141.098247500000014, 41.21267095 ], [ 141.09806964, 41.21259484 ], [ 141.097944580000018, 41.21254275 ], [ 141.09786881, 41.21251028 ], [ 141.09766278, 41.21241736 ], [ 141.09734481000001, 41.21229067 ], [ 141.09693980000003, 41.2120715 ], [ 141.096553410000013, 41.21190484 ], [ 141.09630117, 41.21184395 ], [ 141.096446500000013, 41.21168514 ], [ 141.096372310000021, 41.21163028 ], [ 141.09620222, 41.21181241 ], [ 141.09495508, 41.21119067 ], [ 141.093892410000024, 41.21065436 ], [ 141.09336475, 41.21017741 ], [ 141.09369872000002, 41.20987269 ], [ 141.094336450000014, 41.20931408 ], [ 141.094451530000015, 41.20914236 ], [ 141.09437326, 41.20909903 ], [ 141.0942483, 41.20926153 ], [ 141.093622110000013, 41.209829 ], [ 141.09323167, 41.20960425 ], [ 141.092308440000011, 41.20906408 ], [ 141.091764470000015, 41.20874467 ], [ 141.092196160000015, 41.20833333 ], [ 141.09219983, 41.20832984 ], [ 141.09249112, 41.20805231 ], [ 141.09321886, 41.20832984 ], [ 141.09322803, 41.20833333 ], [ 141.09454564, 41.2088358 ], [ 141.09446678, 41.20893739 ], [ 141.094557220000013, 41.20897941 ], [ 141.094647660000021, 41.20887433 ], [ 141.094865420000019, 41.2089508 ], [ 141.09491236, 41.20887987 ], [ 141.093488910000019, 41.20833333 ], [ 141.093479800000011, 41.20832984 ], [ 141.09246883, 41.20794167 ], [ 141.09205603, 41.20832984 ], [ 141.092052310000014, 41.20833333 ], [ 141.09181189, 41.20855941 ], [ 141.091692310000013, 41.20868584 ], [ 141.09171655, 41.20871697 ], [ 141.091669810000013, 41.20875925 ], [ 141.09166667, 41.20876208 ], [ 141.091599340000016, 41.20882297 ], [ 141.09074872, 41.20849261 ], [ 141.09015403, 41.20833333 ], [ 141.09014097, 41.20832984 ], [ 141.0899493, 41.20827851 ], [ 141.089484450000015, 41.20820933 ], [ 141.089189, 41.20814675 ], [ 141.088868140000017, 41.207999 ], [ 141.088823140000017, 41.207974 ], [ 141.088758150000018, 41.20792984 ], [ 141.088544250000012, 41.2076515 ], [ 141.08845815, 41.20753067 ], [ 141.08841564, 41.20739344 ], [ 141.088339250000018, 41.20715595 ], [ 141.08806064, 41.20705595 ], [ 141.08803064, 41.20702095 ], [ 141.087569950000017, 41.2065432 ], [ 141.08721953, 41.20632011 ], [ 141.08685953, 41.20604095 ], [ 141.086655910000019, 41.20582095 ], [ 141.08655436, 41.20574939 ], [ 141.08641341, 41.20567428 ], [ 141.08619898, 41.20558361 ], [ 141.08601092, 41.20553261 ], [ 141.085928420000016, 41.20552011 ], [ 141.08584202, 41.20549595 ], [ 141.08496825, 41.20529684 ], [ 141.08455097, 41.20520659 ], [ 141.08371822, 41.204969 ], [ 141.083518560000016, 41.2049235 ], [ 141.08333647, 41.20489039 ], [ 141.083333330000016, 41.2048898 ], [ 141.0831837, 41.20486261 ], [ 141.083124030000022, 41.20475908 ], [ 141.08305589, 41.20469884 ], [ 141.082993450000032, 41.2046472 ], [ 141.082925330000023, 41.20462139 ], [ 141.082834530000014, 41.20459125 ], [ 141.0826983, 41.20459125 ], [ 141.08256209000001, 41.20458697 ], [ 141.08248261, 41.20453961 ], [ 141.0824145, 41.204488 ], [ 141.082232870000013, 41.20432447 ], [ 141.08210231000001, 41.20424269 ], [ 141.08194905, 41.20418675 ], [ 141.081778750000012, 41.20418244 ], [ 141.08167659, 41.20419105 ], [ 141.08162550000003, 41.20418244 ], [ 141.081529, 41.20416956 ], [ 141.081415470000024, 41.20415664 ], [ 141.081318970000012, 41.20410931 ], [ 141.081194110000013, 41.20402323 ], [ 141.08098125, 41.20389417 ], [ 141.08090178, 41.20385972 ], [ 141.080788250000012, 41.20380808 ], [ 141.080612310000021, 41.20376505 ], [ 141.080459030000014, 41.20376505 ], [ 141.080345500000021, 41.20375217 ], [ 141.08024333000003, 41.20370053 ], [ 141.07999358, 41.20348967 ], [ 141.079794920000012, 41.20330892 ], [ 141.079670030000017, 41.20321856 ], [ 141.079579220000028, 41.20316692 ], [ 141.079420270000014, 41.20311528 ], [ 141.079215910000016, 41.2030378 ], [ 141.07913647, 41.20298617 ], [ 141.079102410000019, 41.20291303 ], [ 141.079051310000011, 41.20287 ], [ 141.078977520000024, 41.20283987 ], [ 141.078898050000021, 41.20281405 ], [ 141.07882995, 41.20277964 ], [ 141.078756160000012, 41.20270647 ], [ 141.078659640000012, 41.20266344 ], [ 141.078563160000016, 41.20265053 ], [ 141.078392890000032, 41.20264192 ], [ 141.078273670000016, 41.20258597 ], [ 141.07819419, 41.20249131 ], [ 141.078208390000015, 41.20239233 ], [ 141.078163, 41.20234069 ], [ 141.077998370000017, 41.20224603 ], [ 141.077805380000029, 41.20216856 ], [ 141.077686160000013, 41.20212984 ], [ 141.07754995, 41.20211692 ], [ 141.07743075, 41.20209111 ], [ 141.07736263000001, 41.20202656 ], [ 141.0772718, 41.20193189 ], [ 141.077181, 41.20183292 ], [ 141.077027720000018, 41.20173395 ], [ 141.07691986, 41.20165217 ], [ 141.07677798, 41.20152308 ], [ 141.07652253, 41.2014155 ], [ 141.075954920000015, 41.20121325 ], [ 141.075392970000024, 41.20099808 ], [ 141.07500317, 41.20083361 ], [ 141.075, 41.20083228 ], [ 141.0747402, 41.20072267 ], [ 141.07447908, 41.20059789 ], [ 141.074189580000024, 41.20041286 ], [ 141.07418239, 41.20040802 ], [ 141.074147220000015, 41.20039304 ], [ 141.07411961, 41.20037511 ], [ 141.074098080000027, 41.20035633 ], [ 141.07408265, 41.20034168 ], [ 141.074069710000032, 41.20032785 ], [ 141.074056900000016, 41.20031221 ], [ 141.07404768, 41.20029898 ], [ 141.07404048, 41.20028685 ], [ 141.07402872, 41.2002648 ], [ 141.074017670000018, 41.20024484 ], [ 141.074009390000015, 41.20023188 ], [ 141.074002090000022, 41.20022244 ], [ 141.073993590000015, 41.20021346 ], [ 141.073984270000011, 41.20020546 ], [ 141.07396885, 41.20019414 ], [ 141.073948160000015, 41.20017942 ], [ 141.073935120000016, 41.20016927 ], [ 141.073925190000011, 41.20015948 ], [ 141.073916100000019, 41.2001486 ], [ 141.073907570000017, 41.20013574 ], [ 141.073900490000028, 41.20012234 ], [ 141.073893640000023, 41.20010587 ], [ 141.073888330000017, 41.20008913 ], [ 141.073884100000015, 41.20007177 ], [ 141.073881050000011, 41.2000534 ], [ 141.07387907, 41.20003314 ], [ 141.07387839, 41.20001288 ], [ 141.073878560000026, 41.2 ], [ 141.07387868, 41.19999163 ], [ 141.07387970000002, 41.1999783 ], [ 141.073882240000017, 41.19995822 ], [ 141.073886110000018, 41.19993921 ], [ 141.073891180000032, 41.19992253 ], [ 141.073897210000013, 41.19990767 ], [ 141.07390361, 41.19989532 ], [ 141.073912370000016, 41.19988169 ], [ 141.073924710000028, 41.19986501 ], [ 141.07393706000002, 41.1998485 ], [ 141.073945230000021, 41.19983615 ], [ 141.073950560000014, 41.19982578 ], [ 141.07395327, 41.19981759 ], [ 141.07395409, 41.19981056 ], [ 141.07395358, 41.19980371 ], [ 141.073952240000011, 41.19979832 ], [ 141.07394973000001, 41.1997931 ], [ 141.07394432000001, 41.19978347 ], [ 141.07393977000001, 41.19977448 ], [ 141.073937700000016, 41.19976782 ], [ 141.073936960000026, 41.19976124 ], [ 141.073937660000013, 41.19975404 ], [ 141.073939530000018, 41.19974665 ], [ 141.073943550000024, 41.19973737 ], [ 141.073950310000015, 41.19972592 ], [ 141.07396064, 41.19971221 ], [ 141.07397964, 41.19968984 ], [ 141.073996850000015, 41.19967052 ], [ 141.074008960000015, 41.19965825 ], [ 141.074019900000025, 41.19964896 ], [ 141.074032150000022, 41.19964029 ], [ 141.074046900000013, 41.19963134 ], [ 141.07406178, 41.19962384 ], [ 141.0740769, 41.19961759 ], [ 141.07409393, 41.19961179 ], [ 141.074109530000015, 41.19960779 ], [ 141.074125620000018, 41.19960479 ], [ 141.07413885, 41.19960323 ], [ 141.07414802, 41.19960268 ], [ 141.074164820000021, 41.19960255 ], [ 141.074188310000011, 41.19960304 ], [ 141.07421396, 41.1996037 ], [ 141.07423219, 41.1996034 ], [ 141.07424602, 41.1996022 ], [ 141.07425996, 41.19959983 ], [ 141.074275810000017, 41.19959583 ], [ 141.074317, 41.19958196 ], [ 141.074488730000013, 41.19968895 ], [ 141.074663570000013, 41.19979791 ], [ 141.07476374, 41.19970621 ], [ 141.07330667, 41.19879828 ], [ 141.073206130000017, 41.19889034 ], [ 141.073302930000011, 41.19895066 ], [ 141.073294730000015, 41.19895823 ], [ 141.07323150000002, 41.19901465 ], [ 141.07321389, 41.19902351 ], [ 141.07320794, 41.19902613 ], [ 141.07319568, 41.19903067 ], [ 141.073179, 41.19903539 ], [ 141.07316018, 41.1990393 ], [ 141.073138380000017, 41.19904231 ], [ 141.073120010000025, 41.19904397 ], [ 141.07310166, 41.19904482 ], [ 141.073076860000015, 41.19904523 ], [ 141.07305016, 41.19904457 ], [ 141.07302045, 41.19904247 ], [ 141.07299577, 41.19903973 ], [ 141.072971560000013, 41.19903618 ], [ 141.07294017000001, 41.1990303 ], [ 141.072893640000018, 41.19902013 ], [ 141.07284711, 41.19900996 ], [ 141.07278721000003, 41.1989982 ], [ 141.072761190000023, 41.19899195 ], [ 141.072733380000017, 41.19898408 ], [ 141.07270283, 41.19897397 ], [ 141.072677990000017, 41.19896457 ], [ 141.07265375, 41.19895453 ], [ 141.072593450000028, 41.19892728 ], [ 141.072570040000016, 41.19891769 ], [ 141.072534350000012, 41.19890435 ], [ 141.07249865, 41.19889128 ], [ 141.072444440000027, 41.19887059 ], [ 141.0723906, 41.19884926 ], [ 141.072356930000012, 41.19883556 ], [ 141.0723365, 41.19882641 ], [ 141.072319900000025, 41.19881807 ], [ 141.072304120000013, 41.1988091 ], [ 141.07228895, 41.19879914 ], [ 141.072249140000025, 41.19877131 ], [ 141.072236600000025, 41.19876377 ], [ 141.072223330000014, 41.19875695 ], [ 141.072210440000021, 41.19875166 ], [ 141.0721886, 41.19874423 ], [ 141.07215614, 41.19873377 ], [ 141.072151600000012, 41.19873215 ], [ 141.07213224, 41.19872418 ], [ 141.072117320000018, 41.19871683 ], [ 141.07210167, 41.19870804 ], [ 141.072085180000016, 41.19869744 ], [ 141.072065690000017, 41.19868316 ], [ 141.072059470000028, 41.19867823 ], [ 141.0720401, 41.19866178 ], [ 141.07201283, 41.19863635 ], [ 141.071985790000014, 41.19861093 ], [ 141.071967, 41.1985944 ], [ 141.071944770000016, 41.19857679 ], [ 141.071925280000016, 41.19856296 ], [ 141.071909870000013, 41.19855336 ], [ 141.07190473, 41.19855031 ], [ 141.071888850000022, 41.19854169 ], [ 141.071864480000016, 41.19852977 ], [ 141.07183975, 41.1985183 ], [ 141.0717668, 41.19848945 ], [ 141.071739450000024, 41.19847816 ], [ 141.071711390000019, 41.19846453 ], [ 141.071692620000022, 41.19845151 ], [ 141.071679470000021, 41.19843965 ], [ 141.071669290000017, 41.19842661 ], [ 141.07166245, 41.19841582 ], [ 141.071655150000026, 41.19840629 ], [ 141.071644850000013, 41.19839704 ], [ 141.07162621, 41.19838456 ], [ 141.071607920000019, 41.19837271 ], [ 141.071579610000015, 41.19835566 ], [ 141.07150336, 41.19830377 ], [ 141.07147527, 41.19828338 ], [ 141.07139519, 41.1982287 ], [ 141.07136807, 41.19821498 ], [ 141.07134346, 41.19820351 ], [ 141.071319930000016, 41.1981923 ], [ 141.07129283, 41.19817957 ], [ 141.07126309, 41.19816451 ], [ 141.07124206, 41.19815266 ], [ 141.071222590000019, 41.1981427 ], [ 141.071200030000028, 41.19813519 ], [ 141.07118786, 41.19813233 ], [ 141.07111722, 41.19802195 ], [ 141.071051250000011, 41.19792517 ], [ 141.07056294, 41.19749286 ], [ 141.07004484, 41.197067 ], [ 141.069458640000022, 41.19656859 ], [ 141.06883625, 41.19602175 ], [ 141.068307520000019, 41.19551525 ], [ 141.06766389, 41.19488133 ], [ 141.06711597, 41.19433289 ], [ 141.067168110000011, 41.194178 ], [ 141.06674575, 41.19371347 ], [ 141.066724470000025, 41.19353284 ], [ 141.066720190000012, 41.19342636 ], [ 141.06666983, 41.19334903 ], [ 141.066666670000018, 41.19334417 ], [ 141.06633678, 41.19283759 ], [ 141.06600706, 41.19244925 ], [ 141.06566706000001, 41.19210425 ], [ 141.06504805, 41.19166667 ], [ 141.065043060000022, 41.19166313 ], [ 141.064753450000012, 41.19145841 ], [ 141.063892330000016, 41.1909895 ], [ 141.063536500000026, 41.19080775 ], [ 141.06340375000002, 41.19073341 ], [ 141.06330542, 41.19066872 ], [ 141.063227720000015, 41.19061759 ], [ 141.06313423, 41.19056095 ], [ 141.063086670000018, 41.19050792 ], [ 141.063058660000024, 41.19044213 ], [ 141.063061480000016, 41.1903488 ], [ 141.063097860000028, 41.19024908 ], [ 141.063215380000031, 41.19018759 ], [ 141.062717780000014, 41.18987361 ], [ 141.06271078, 41.18994469 ], [ 141.06267581, 41.18999241 ], [ 141.062613770000013, 41.190038 ], [ 141.06251445, 41.19005817 ], [ 141.062412240000015, 41.19005392 ], [ 141.0622945, 41.19001153 ], [ 141.06224713, 41.18994784 ], [ 141.062236110000015, 41.1898662 ], [ 141.06227039, 41.18978133 ], [ 141.062333890000019, 41.18973569 ], [ 141.06243047000001, 41.18971131 ], [ 141.061960510000034, 41.18941061 ], [ 141.0619465, 41.1894472 ], [ 141.06191572000003, 41.18948539 ], [ 141.061874030000013, 41.18951933 ], [ 141.06182128, 41.1895432 ], [ 141.06174791, 41.18955275 ], [ 141.061683550000026, 41.18955008 ], [ 141.06162470000001, 41.18954108 ], [ 141.06156872, 41.18952411 ], [ 141.061514860000017, 41.18949069 ], [ 141.061486860000031, 41.18946047 ], [ 141.06147008, 41.18941377 ], [ 141.06146064, 41.189374 ], [ 141.061472870000017, 41.18933211 ], [ 141.06149876, 41.18928861 ], [ 141.061524640000016, 41.18925733 ], [ 141.06157431, 41.18923397 ], [ 141.06162538, 41.18921914 ], [ 141.061719830000015, 41.18921647 ], [ 141.061415910000022, 41.18877041 ], [ 141.061396300000013, 41.18879905 ], [ 141.06136064, 41.18883247 ], [ 141.061330560000016, 41.18885159 ], [ 141.06126189, 41.18887123 ], [ 141.06121092, 41.18887067 ], [ 141.061166830000019, 41.18886856 ], [ 141.061117860000024, 41.18886431 ], [ 141.061060510000033, 41.18885475 ], [ 141.06099722, 41.18882347 ], [ 141.060956280000028, 41.18877628 ], [ 141.06093808, 41.18873489 ], [ 141.060931720000013, 41.18869725 ], [ 141.060939170000012, 41.18865269 ], [ 141.06096014000002, 41.18861822 ], [ 141.06100161, 41.1885742 ], [ 141.061068780000028, 41.18854451 ], [ 141.06113326000002, 41.18854184 ], [ 141.061192020000021, 41.18853811 ], [ 141.061241720000027, 41.18854714 ], [ 141.061014420000021, 41.1880088 ], [ 141.060800140000026, 41.18786453 ], [ 141.060611530000017, 41.18767869 ], [ 141.060349050000013, 41.18692214 ], [ 141.05986791, 41.18571397 ], [ 141.059751800000015, 41.18553731 ], [ 141.059314310000019, 41.1850898 ], [ 141.0590618, 41.18482564 ], [ 141.0588682, 41.18463564 ], [ 141.058752090000013, 41.18434897 ], [ 141.058453970000016, 41.18385533 ], [ 141.058336520000012, 41.18368956 ], [ 141.058333330000011, 41.18368505 ], [ 141.058159580000023, 41.1834398 ], [ 141.057867860000016, 41.18333333 ], [ 141.057858200000027, 41.1833298 ], [ 141.05680458, 41.1831198 ], [ 141.056685690000023, 41.18304231 ], [ 141.056498200000021, 41.18297564 ], [ 141.05635458, 41.18294231 ], [ 141.056277080000029, 41.18290064 ], [ 141.056167080000023, 41.18283425 ], [ 141.055989580000016, 41.18278425 ], [ 141.05586820000002, 41.18271341 ], [ 141.05559209, 41.18255508 ], [ 141.05531597, 41.18248008 ], [ 141.054929860000016, 41.18248008 ], [ 141.05453236, 41.1825548 ], [ 141.05442097, 41.1826048 ], [ 141.054322360000015, 41.18268814 ], [ 141.05413486, 41.18273814 ], [ 141.05393486, 41.18269647 ], [ 141.05328348, 41.18264647 ], [ 141.05312847, 41.1826298 ], [ 141.05244348, 41.18254647 ], [ 141.051824860000011, 41.1827298 ], [ 141.05182209000003, 41.1827312 ], [ 141.05148348, 41.18288813 ], [ 141.05123986000001, 41.18296314 ], [ 141.05102986, 41.18302147 ], [ 141.05078737, 41.1830548 ], [ 141.050003190000012, 41.18320539 ], [ 141.05, 41.183206 ], [ 141.049915140000024, 41.18322231 ], [ 141.049638750000014, 41.18326813 ], [ 141.049499170000018, 41.1833298 ], [ 141.049491190000026, 41.18333333 ], [ 141.04945014, 41.18335147 ], [ 141.049218750000023, 41.18334314 ], [ 141.04907555, 41.18333333 ], [ 141.049024090000017, 41.1833298 ], [ 141.04885375, 41.18331814 ], [ 141.048655140000022, 41.18329314 ], [ 141.048500140000016, 41.1832848 ], [ 141.04836764, 41.1833098 ], [ 141.04831872, 41.1833298 ], [ 141.048310120000025, 41.18333333 ], [ 141.048102630000017, 41.18341813 ], [ 141.047926250000017, 41.1834762 ], [ 141.04778263, 41.18353453 ], [ 141.047561240000022, 41.18359286 ], [ 141.04736263, 41.18364287 ], [ 141.046938, 41.18378613 ], [ 141.04654514, 41.18391869 ], [ 141.046225140000018, 41.18398536 ], [ 141.04589375, 41.18400203 ], [ 141.045572670000013, 41.18406869 ], [ 141.04534128, 41.18415203 ], [ 141.04487192000002, 41.18439141 ], [ 141.044144230000029, 41.18488508 ], [ 141.04405506, 41.18490544 ], [ 141.04374844000003, 41.18497541 ], [ 141.04349739, 41.18506897 ], [ 141.043195250000025, 41.18516253 ], [ 141.04293992, 41.18521736 ], [ 141.042686690000011, 41.18526253 ], [ 141.04235477, 41.18533353 ], [ 141.04196328, 41.18538836 ], [ 141.04166988, 41.18538205 ], [ 141.041666670000012, 41.185382 ], [ 141.041500950000028, 41.18537841 ], [ 141.04125431, 41.18537313 ], [ 141.04105564, 41.18532895 ], [ 141.040685620000033, 41.18524769 ], [ 141.040181410000031, 41.18508903 ], [ 141.040027890000033, 41.18503392 ], [ 141.03939589, 41.18481347 ], [ 141.03911294, 41.18471751 ], [ 141.038797080000023, 41.18463244 ], [ 141.038457420000015, 41.18464767 ], [ 141.03816131, 41.18469992 ], [ 141.037771500000019, 41.18476264 ], [ 141.03767248, 41.18476975 ], [ 141.03715139000002, 41.18481203 ], [ 141.036921730000017, 41.18484625 ], [ 141.036624360000019, 41.18489422 ], [ 141.03636523, 41.18493889 ], [ 141.03604217, 41.18493984 ], [ 141.0354183, 41.18495408 ], [ 141.035002500000019, 41.18497641 ], [ 141.03469949, 41.18499544 ], [ 141.03443597, 41.18506625 ], [ 141.0341637, 41.18517456 ], [ 141.033949660000019, 41.185261 ], [ 141.033565840000023, 41.18535508 ], [ 141.03333655, 41.18543303 ], [ 141.03333333, 41.18543411 ], [ 141.033259690000023, 41.18545914 ], [ 141.032905280000023, 41.1855722 ], [ 141.032765860000012, 41.18562636 ], [ 141.03235881, 41.18579264 ], [ 141.03223442, 41.18585105 ], [ 141.03194772, 41.185986 ], [ 141.03154131, 41.18619789 ], [ 141.031472050000019, 41.18625633 ], [ 141.031201, 41.18648864 ], [ 141.031007660000029, 41.18659411 ], [ 141.030504450000024, 41.18670814 ], [ 141.030203020000016, 41.18680078 ], [ 141.02985492000002, 41.18694378 ], [ 141.02959764000002, 41.18709011 ], [ 141.029357300000015, 41.18730961 ], [ 141.02907939, 41.18764075 ], [ 141.028867250000019, 41.18778708 ], [ 141.02871589, 41.18789589 ], [ 141.02842795, 41.18815339 ], [ 141.0280817, 41.188361 ], [ 141.02776209000001, 41.18855436 ], [ 141.027459690000029, 41.18870117 ], [ 141.027249800000021, 41.18881995 ], [ 141.02672589, 41.18915251 ], [ 141.026299750000021, 41.18936913 ], [ 141.02614248, 41.1894822 ], [ 141.02587236, 41.18963613 ], [ 141.02537292, 41.18992689 ], [ 141.025003220000031, 41.19013887 ], [ 141.025, 41.19014072 ], [ 141.024981850000017, 41.19015111 ], [ 141.0246328, 41.1903478 ], [ 141.02415217, 41.1905958 ], [ 141.02347222, 41.190897 ], [ 141.023022890000021, 41.19109939 ], [ 141.02276470000001, 41.191221 ], [ 141.022605360000028, 41.19129869 ], [ 141.02235772, 41.19145856 ], [ 141.022224030000018, 41.19147078 ], [ 141.02212455, 41.19155717 ], [ 141.022010170000016, 41.19156733 ], [ 141.02188905, 41.19161733 ], [ 141.02183864, 41.19166317 ], [ 141.02183481000003, 41.19166667 ], [ 141.02183406, 41.19166733 ], [ 141.021797660000033, 41.19174733 ], [ 141.02130655, 41.19209039 ], [ 141.020927660000012, 41.19232456 ], [ 141.02047156, 41.19258122 ], [ 141.01836406000001, 41.19379514 ], [ 141.016745970000017, 41.19473889 ], [ 141.016669880000023, 41.1946798 ], [ 141.01666667, 41.19467728 ], [ 141.0163602, 41.19443925 ], [ 141.01630455, 41.19449841 ], [ 141.01666112, 41.19478953 ], [ 141.015529340000029, 41.1954632 ], [ 141.01531097, 41.19566895 ], [ 141.015070440000017, 41.19574736 ], [ 141.01482224, 41.19583913 ], [ 141.01432484, 41.19607975 ], [ 141.01363988, 41.19489975 ], [ 141.01297234, 41.19512469 ], [ 141.012409640000016, 41.19531387 ], [ 141.012446720000014, 41.19540028 ], [ 141.01300326, 41.19519711 ], [ 141.0134027, 41.19587528 ], [ 141.012359590000017, 41.19622223 ], [ 141.01242733, 41.19631764 ], [ 141.012060750000018, 41.19644453 ], [ 141.011990950000012, 41.196345 ], [ 141.01193472, 41.19637411 ], [ 141.01152044, 41.19572489 ], [ 141.012086830000015, 41.19551223 ], [ 141.01205289, 41.19542797 ], [ 141.011375110000017, 41.1956805 ], [ 141.01184817, 41.1964138 ], [ 141.012143920000028, 41.19687377 ], [ 141.011840730000017, 41.19696375 ], [ 141.01060711, 41.19730125 ], [ 141.00945214, 41.19755041 ], [ 141.00904713, 41.19763459 ], [ 141.008713530000023, 41.19770459 ], [ 141.008363530000025, 41.19773375 ], [ 141.00833659, 41.19773547 ], [ 141.008333330000028, 41.19773569 ], [ 141.007091020000018, 41.19781459 ], [ 141.006541309999989, 41.19783264 ], [ 141.005401480000018, 41.19784428 ], [ 141.005379140000031, 41.19752247 ], [ 141.005378470000011, 41.19752278 ], [ 141.005324840000014, 41.19659456 ], [ 141.005236720000028, 41.19659105 ], [ 141.005259880000011, 41.19699739 ], [ 141.00505733, 41.19706514 ], [ 141.004830390000023, 41.19710261 ], [ 141.00458837, 41.19709689 ], [ 141.003716740000016, 41.19702092 ], [ 141.003535250000027, 41.19701947 ], [ 141.00333484, 41.19702236 ], [ 141.003194920000027, 41.1970338 ], [ 141.003053110000025, 41.19707825 ], [ 141.0028508, 41.19714417 ], [ 141.00252161, 41.19731887 ], [ 141.000663090000018, 41.19702989 ], [ 141.000629, 41.19688922 ], [ 141.00037964, 41.19682267 ], [ 141.00028319, 41.19672564 ], [ 141.00018917, 41.19666769 ], [ 141.00004309000002, 41.19659805 ], [ 141.00000326, 41.19658328 ], [ 141.0, 41.19658208 ], [ 140.999488500000012, 41.19639236 ], [ 140.9993435, 41.19635153 ], [ 140.999252750000011, 41.19630567 ], [ 140.999215890000016, 41.19628128 ], [ 140.99920455, 41.19624259 ], [ 140.99918564, 41.19613795 ], [ 140.999162940000019, 41.19600322 ], [ 140.999120030000029, 41.19595047 ], [ 140.99934392000003, 41.1956695 ], [ 140.999260510000028, 41.19562092 ], [ 140.999029340000021, 41.19591631 ], [ 140.99702414, 41.19516108 ], [ 140.996927590000013, 41.19514672 ], [ 140.99587112, 41.19574959 ], [ 140.99570936, 41.1957468 ], [ 140.99555992, 41.19575069 ], [ 140.99508326, 41.1958268 ], [ 140.993034640000019, 41.196226 ], [ 140.99240852, 41.19645267 ], [ 140.991847300000018, 41.19669547 ], [ 140.99181436, 41.19667989 ], [ 140.991669920000021, 41.19658339 ], [ 140.99166667, 41.1965812 ], [ 140.991012550000022, 41.19614425 ], [ 140.99094764, 41.19621428 ], [ 140.991657780000025, 41.19667784 ], [ 140.991282310000031, 41.19659791 ], [ 140.990803530000022, 41.196496 ], [ 140.98960492, 41.19597017 ], [ 140.98947397, 41.19594492 ], [ 140.989394840000017, 41.19595492 ], [ 140.98936759, 41.19596092 ], [ 140.987852480000015, 41.19629425 ], [ 140.98649930000002, 41.19630408 ], [ 140.98649930000002, 41.19638917 ], [ 140.98785988, 41.19637128 ], [ 140.989415450000024, 41.19603584 ], [ 140.98990464000002, 41.196921 ], [ 140.98770898, 41.19769139 ], [ 140.987350730000031, 41.19703417 ], [ 140.987262140000013, 41.19707305 ], [ 140.98762267, 41.19771725 ], [ 140.987132440000011, 41.19786569 ], [ 140.986229660000021, 41.19813228 ], [ 140.985325160000031, 41.19839633 ], [ 140.984242530000017, 41.19866877 ], [ 140.98349883, 41.19753905 ], [ 140.98600891000001, 41.19539431 ], [ 140.985945640000011, 41.19532764 ], [ 140.98343394, 41.1974768 ], [ 140.983336620000017, 41.19747436 ], [ 140.983333330000022, 41.19747428 ], [ 140.98261761, 41.19745639 ], [ 140.982561050000015, 41.19923792 ], [ 140.981618690000033, 41.1992032 ], [ 140.9803225, 41.19913677 ], [ 140.979980250000011, 41.19907795 ], [ 140.978496910000018, 41.19871878 ], [ 140.97762302000001, 41.19850128 ], [ 140.977246590000021, 41.19831769 ], [ 140.976959420000014, 41.19815461 ], [ 140.976854420000024, 41.19804961 ], [ 140.976854420000024, 41.19799377 ], [ 140.976850730000024, 41.19769784 ], [ 140.976844230000012, 41.19739528 ], [ 140.976815030000012, 41.19723786 ], [ 140.976719340000017, 41.19716775 ], [ 140.9765408, 41.19708739 ], [ 140.976444690000022, 41.19704156 ], [ 140.976292700000016, 41.19698941 ], [ 140.976008780000029, 41.19698572 ], [ 140.97557584, 41.19702656 ], [ 140.975410830000015, 41.19699739 ], [ 140.97527222, 41.19690572 ], [ 140.975185840000023, 41.19681156 ], [ 140.97512222, 41.19673405 ], [ 140.975003330000021, 41.19662895 ], [ 140.975, 41.196626 ], [ 140.974923330000024, 41.19655822 ], [ 140.97467973, 41.19638322 ], [ 140.97453083000002, 41.19630823 ], [ 140.97434722, 41.19624989 ], [ 140.973812220000013, 41.19606739 ], [ 140.97149613000002, 41.19544656 ], [ 140.97139365000001, 41.19543072 ], [ 140.969812530000013, 41.19464489 ], [ 140.969083920000031, 41.19425489 ], [ 140.969016420000031, 41.19419239 ], [ 140.968535300000013, 41.19388405 ], [ 140.96846781, 41.19383656 ], [ 140.9684428, 41.19379239 ], [ 140.9684428, 41.19374489 ], [ 140.968457810000018, 41.19370489 ], [ 140.9684628, 41.19367156 ], [ 140.9684428, 41.19362739 ], [ 140.968306420000033, 41.19357572 ], [ 140.968185300000016, 41.19352072 ], [ 140.96810044, 41.19349059 ], [ 140.968350750000013, 41.193235 ], [ 140.96827425, 41.19318423 ], [ 140.968010050000032, 41.19345559 ], [ 140.96774781000002, 41.19336322 ], [ 140.96759112, 41.19332072 ], [ 140.967145030000012, 41.19309272 ], [ 140.96669895, 41.19281323 ], [ 140.966670050000033, 41.19279595 ], [ 140.96666667, 41.19279392 ], [ 140.96568156, 41.19220459 ], [ 140.964859750000016, 41.19175369 ], [ 140.96469567, 41.19166667 ], [ 140.9646892, 41.19166322 ], [ 140.96396944, 41.19128144 ], [ 140.96312672000002, 41.1903335 ], [ 140.96313061, 41.19028017 ], [ 140.963090610000023, 41.18993017 ], [ 140.962994230000021, 41.18976851 ], [ 140.962760610000032, 41.18951517 ], [ 140.96300525, 41.18927777 ], [ 140.962937470000014, 41.18922 ], [ 140.962683700000014, 41.18946028 ], [ 140.96263761, 41.18936139 ], [ 140.962599970000014, 41.18926405 ], [ 140.963302090000013, 41.18886944 ], [ 140.96294817, 41.18835572 ], [ 140.96286475, 41.18839708 ], [ 140.96317761, 41.18884022 ], [ 140.96254667, 41.18920656 ], [ 140.9620693, 41.18881739 ], [ 140.961962920000019, 41.18888072 ], [ 140.961468110000027, 41.18846617 ], [ 140.961550830000022, 41.18838611 ], [ 140.961520170000028, 41.18835786 ], [ 140.962072780000028, 41.18799005 ], [ 140.96214611000002, 41.18793686 ], [ 140.9635745, 41.18823156 ], [ 140.96360092, 41.18815844 ], [ 140.962139050000019, 41.18785489 ], [ 140.961523090000014, 41.18732089 ], [ 140.961235640000012, 41.18680684 ], [ 140.96114178, 41.18684451 ], [ 140.961443890000027, 41.18738292 ], [ 140.96205224000002, 41.18789033 ], [ 140.96146737, 41.18831133 ], [ 140.960986640000016, 41.18788433 ], [ 140.96050514, 41.18747872 ], [ 140.96095097, 41.18719731 ], [ 140.96089231000002, 41.18713751 ], [ 140.96043769, 41.18742111 ], [ 140.959671610000015, 41.18677392 ], [ 140.960793530000018, 41.1860535 ], [ 140.96178674, 41.18648225 ], [ 140.96182633, 41.18640997 ], [ 140.960770420000017, 41.18595377 ], [ 140.959607910000017, 41.18670453 ], [ 140.95870944, 41.18727622 ], [ 140.958336740000021, 41.18698553 ], [ 140.958333330000016, 41.18698286 ], [ 140.958217760000025, 41.18689272 ], [ 140.957417420000013, 41.18623264 ], [ 140.95687966, 41.18554867 ], [ 140.956663, 41.18522011 ], [ 140.956622940000017, 41.18503851 ], [ 140.95664267, 41.18472669 ], [ 140.956666300000023, 41.18455825 ], [ 140.95674872, 41.18453461 ], [ 140.956803720000011, 41.18447544 ], [ 140.95692847, 41.18438192 ], [ 140.95698594000001, 41.18428233 ], [ 140.956977760000029, 41.18412361 ], [ 140.95691616000002, 41.184024 ], [ 140.95676484, 41.18383239 ], [ 140.95672122000002, 41.18376989 ], [ 140.95667623, 41.18363656 ], [ 140.95665983, 41.18352323 ], [ 140.95659372, 41.18345239 ], [ 140.95654872, 41.18337322 ], [ 140.956545910000017, 41.18333333 ], [ 140.956545690000013, 41.18332989 ], [ 140.956543720000013, 41.18330156 ], [ 140.956509830000016, 41.18317239 ], [ 140.95637234, 41.18301405 ], [ 140.956244840000011, 41.18288405 ], [ 140.956162330000012, 41.18277572 ], [ 140.95614484, 41.18270905 ], [ 140.956148720000016, 41.18254489 ], [ 140.956162330000012, 41.18249156 ], [ 140.95614484, 41.18242489 ], [ 140.956084840000017, 41.18238656 ], [ 140.955833720000015, 41.18234322 ], [ 140.95573484, 41.18232239 ], [ 140.955634840000016, 41.18228072 ], [ 140.95554623000001, 41.18218405 ], [ 140.95543623, 41.18207989 ], [ 140.95532484, 41.18202989 ], [ 140.95520872, 41.18192489 ], [ 140.95513122, 41.18184572 ], [ 140.95506484, 41.18169989 ], [ 140.955026230000016, 41.18161572 ], [ 140.954949, 41.18151989 ], [ 140.954855110000011, 41.18146572 ], [ 140.95477761, 41.18143656 ], [ 140.954617610000014, 41.18139072 ], [ 140.954551510000016, 41.18133989 ], [ 140.95445650000002, 41.18124405 ], [ 140.954379, 41.18114823 ], [ 140.954269, 41.18095156 ], [ 140.95423012, 41.18087656 ], [ 140.95415761000001, 41.18083489 ], [ 140.954044, 41.18082656 ], [ 140.953439, 41.18053072 ], [ 140.95337261, 41.18050905 ], [ 140.952682610000011, 41.18004933 ], [ 140.952190140000027, 41.17969017 ], [ 140.951952630000022, 41.17950184 ], [ 140.951820140000024, 41.17936433 ], [ 140.951759030000034, 41.17923017 ], [ 140.95156542, 41.17873767 ], [ 140.95143791000001, 41.17840767 ], [ 140.951321800000017, 41.17821517 ], [ 140.95120681, 41.17806933 ], [ 140.951045420000014, 41.17791433 ], [ 140.95082431, 41.17776433 ], [ 140.950187910000011, 41.17739184 ], [ 140.950153380000017, 41.17731995 ], [ 140.95002614, 41.17720078 ], [ 140.95000348, 41.17718059 ], [ 140.95, 41.17717747 ], [ 140.949826520000016, 41.17702297 ], [ 140.94942978, 41.17666922 ], [ 140.94912027, 41.17640928 ], [ 140.948981800000013, 41.17598461 ], [ 140.948870700000015, 41.17586295 ], [ 140.948550700000027, 41.17556625 ], [ 140.94815209, 41.17519041 ], [ 140.947741700000023, 41.17506784 ], [ 140.947603890000011, 41.175 ], [ 140.94759686, 41.17499653 ], [ 140.94737501, 41.17488731 ], [ 140.947130470000019, 41.17477192 ], [ 140.946868490000014, 41.17464895 ], [ 140.946761190000018, 41.17458653 ], [ 140.94649711, 41.17434625 ], [ 140.945932390000024, 41.17408292 ], [ 140.945528490000015, 41.17394541 ], [ 140.9453785, 41.17389125 ], [ 140.945191, 41.17385792 ], [ 140.945026, 41.17387041 ], [ 140.944787390000016, 41.17390792 ], [ 140.944572390000019, 41.17396208 ], [ 140.944289880000014, 41.17398292 ], [ 140.943841, 41.17407877 ], [ 140.943437660000029, 41.17419211 ], [ 140.943327660000023, 41.17422961 ], [ 140.943127660000016, 41.17427544 ], [ 140.94305628, 41.17431295 ], [ 140.942867660000019, 41.17449295 ], [ 140.942730170000033, 41.17461795 ], [ 140.942568780000016, 41.17470961 ], [ 140.942386280000022, 41.17478961 ], [ 140.942010170000032, 41.17499377 ], [ 140.94201125, 41.17499656 ], [ 140.94201261, 41.175 ], [ 140.942026280000022, 41.17503461 ], [ 140.94167017, 41.17515125 ], [ 140.941666670000018, 41.17515239 ], [ 140.94082131, 41.17542933 ], [ 140.93990756, 41.17561325 ], [ 140.93973419, 41.17516513 ], [ 140.939640360000027, 41.17519567 ], [ 140.939807200000018, 41.17563097 ], [ 140.938231850000022, 41.1758485 ], [ 140.93764436, 41.175886 ], [ 140.93734464000002, 41.1758685 ], [ 140.934934670000018, 41.1756235 ], [ 140.93442742000002, 41.17547347 ], [ 140.934153840000022, 41.17533744 ], [ 140.93376078, 41.17503475 ], [ 140.93379477000002, 41.175 ], [ 140.933798170000017, 41.17499656 ], [ 140.934089140000026, 41.17469928 ], [ 140.93402606, 41.17444508 ], [ 140.93393776000002, 41.17446256 ], [ 140.93399872, 41.1746818 ], [ 140.933706450000017, 41.17498687 ], [ 140.933700800000025, 41.17499628 ], [ 140.93349914, 41.17487532 ], [ 140.933333330000011, 41.17477585 ], [ 140.9332727, 41.17473947 ], [ 140.933333330000011, 41.17462761 ], [ 140.93333689, 41.17462105 ], [ 140.933739920000022, 41.17387753 ], [ 140.93336331, 41.17375228 ], [ 140.93333689, 41.17374297 ], [ 140.933333330000011, 41.17374172 ], [ 140.932785470000027, 41.17354892 ], [ 140.932762020000013, 41.17361984 ], [ 140.93333292, 41.17382075 ], [ 140.93304973, 41.17427214 ], [ 140.932566520000023, 41.1741388 ], [ 140.93215969000002, 41.17402569 ], [ 140.93211795000002, 41.1741065 ], [ 140.93171224, 41.17399851 ], [ 140.932092050000023, 41.17328689 ], [ 140.932655160000024, 41.17312669 ], [ 140.932630830000022, 41.17305314 ], [ 140.93200934, 41.17321628 ], [ 140.93162497, 41.17396778 ], [ 140.931388690000034, 41.17440414 ], [ 140.931093770000018, 41.17432736 ], [ 140.9303592, 41.17385869 ], [ 140.930149950000015, 41.17361851 ], [ 140.930027450000011, 41.17348933 ], [ 140.929889950000018, 41.17338933 ], [ 140.92977384, 41.17331017 ], [ 140.92964633, 41.17327684 ], [ 140.929452440000034, 41.17328933 ], [ 140.929147450000016, 41.17336433 ], [ 140.928899100000024, 41.17346433 ], [ 140.928700220000025, 41.17354433 ], [ 140.928634140000014, 41.17356517 ], [ 140.9285902, 41.17360275 ], [ 140.928575250000023, 41.173666 ], [ 140.92825776, 41.17392767 ], [ 140.92764817, 41.17419714 ], [ 140.926859140000033, 41.17449767 ], [ 140.926786640000017, 41.17460572 ], [ 140.926687760000021, 41.17464405 ], [ 140.926156640000016, 41.17480239 ], [ 140.925546610000026, 41.17499656 ], [ 140.925535810000014, 41.175 ], [ 140.925245530000012, 41.17509239 ], [ 140.92500358, 41.17516961 ], [ 140.925, 41.17517077 ], [ 140.92459553, 41.17529989 ], [ 140.924219420000014, 41.17541239 ], [ 140.923510530000016, 41.17554656 ], [ 140.922916360000016, 41.17562905 ], [ 140.92281942, 41.17564239 ], [ 140.921918050000016, 41.17572572 ], [ 140.919957220000015, 41.17585964 ], [ 140.918540830000012, 41.17603464 ], [ 140.91839722, 41.17604297 ], [ 140.917893330000027, 41.17605131 ], [ 140.917368340000024, 41.1760638 ], [ 140.916670270000026, 41.17608992 ], [ 140.916666670000012, 41.17609005 ], [ 140.916588610000019, 41.17609297 ], [ 140.916466110000016, 41.17607631 ], [ 140.91589611, 41.17597214 ], [ 140.913841140000017, 41.17554631 ], [ 140.912397810000016, 41.1752538 ], [ 140.912103920000021, 41.17518214 ], [ 140.912020860000013, 41.17515769 ], [ 140.91185031, 41.17510713 ], [ 140.91158791, 41.175 ], [ 140.911579530000012, 41.17499659 ], [ 140.910305310000012, 41.17447631 ], [ 140.91003419, 41.17435964 ], [ 140.909309200000024, 41.17407131 ], [ 140.909016690000016, 41.17392047 ], [ 140.9087892, 41.17378713 ], [ 140.90833698000003, 41.17348611 ], [ 140.90833333, 41.17348367 ], [ 140.90732947, 41.17281547 ], [ 140.906312, 41.17212214 ], [ 140.90614589, 41.17196131 ], [ 140.90559866000001, 41.17140572 ], [ 140.905127280000016, 41.17094156 ], [ 140.90495117, 41.17073739 ], [ 140.904823670000013, 41.17048239 ], [ 140.90476866, 41.17031905 ], [ 140.904732280000019, 41.17006489 ], [ 140.904816160000024, 41.16991989 ], [ 140.90488367, 41.16980739 ], [ 140.90492728000001, 41.16972322 ], [ 140.90502978, 41.16953905 ], [ 140.904869780000013, 41.16946989 ], [ 140.904668110000017, 41.169301 ], [ 140.90428866000002, 41.16900933 ], [ 140.90407005000003, 41.16882184 ], [ 140.903962550000017, 41.16866933 ], [ 140.90390506, 41.16848017 ], [ 140.903851440000011, 41.16834433 ], [ 140.903765060000012, 41.168221 ], [ 140.903602550000016, 41.16808767 ], [ 140.903530050000029, 41.16804684 ], [ 140.90330506, 41.16794433 ], [ 140.90317506, 41.16791351 ], [ 140.90309756, 41.167911 ], [ 140.90259756, 41.16788933 ], [ 140.90231895, 41.16787517 ], [ 140.90194394, 41.16783517 ], [ 140.901495080000018, 41.167797 ], [ 140.900506300000018, 41.16762089 ], [ 140.900003670000018, 41.16751831 ], [ 140.9, 41.16751756 ], [ 140.899704580000019, 41.16745725 ], [ 140.899232670000032, 41.16728767 ], [ 140.89952820000002, 41.16685136 ], [ 140.899622190000031, 41.16673631 ], [ 140.899608640000025, 41.16666667 ], [ 140.899607980000013, 41.16666323 ], [ 140.899504030000031, 41.16612875 ], [ 140.89940438, 41.16614975 ], [ 140.89949905, 41.16666323 ], [ 140.899499690000027, 41.16666667 ], [ 140.89950866, 41.16671531 ], [ 140.899436830000013, 41.16680111 ], [ 140.899096300000025, 41.16666667 ], [ 140.89908759, 41.16666323 ], [ 140.89866319, 41.16649567 ], [ 140.898467830000016, 41.16655433 ], [ 140.89786167, 41.16626351 ], [ 140.89778134, 41.16622875 ], [ 140.898179140000025, 41.16569097 ], [ 140.899207890000014, 41.16596675 ], [ 140.9, 41.1659512 ], [ 140.900003670000018, 41.16595111 ], [ 140.90001075, 41.16595097 ], [ 140.900014230000011, 41.1658748 ], [ 140.900003670000018, 41.16587492 ], [ 140.9, 41.16587495 ], [ 140.89922875000002, 41.16588269 ], [ 140.89813745, 41.1655938 ], [ 140.89770647, 41.16619261 ], [ 140.897399140000033, 41.16605156 ], [ 140.89727966, 41.1660912 ], [ 140.89711490000002, 41.16603795 ], [ 140.896922, 41.16597561 ], [ 140.896867, 41.16588033 ], [ 140.89681464, 41.16583467 ], [ 140.89669419, 41.16578903 ], [ 140.89656066, 41.16576917 ], [ 140.896390140000022, 41.16577425 ], [ 140.896233020000011, 41.16574647 ], [ 140.89612341, 41.16569969 ], [ 140.89605795, 41.16562825 ], [ 140.896042240000014, 41.16557861 ], [ 140.89602876, 41.1655408 ], [ 140.896021850000011, 41.16552972 ], [ 140.89601722, 41.16552539 ], [ 140.896013090000025, 41.16552375 ], [ 140.896007860000026, 41.16552403 ], [ 140.89599872, 41.16552584 ], [ 140.895950270000014, 41.16553664 ], [ 140.8958235, 41.16558144 ], [ 140.89571419, 41.16563011 ], [ 140.8955702, 41.165663 ], [ 140.89539815, 41.16565205 ], [ 140.895233390000016, 41.16560559 ], [ 140.894902280000025, 41.16548608 ], [ 140.893962970000018, 41.16509433 ], [ 140.893600640000017, 41.16492356 ], [ 140.893596840000015, 41.16490403 ], [ 140.893616940000015, 41.1647052 ], [ 140.893606420000026, 41.1645258 ], [ 140.893583800000016, 41.16449839 ], [ 140.89355817, 41.16448925 ], [ 140.893512970000018, 41.16448469 ], [ 140.89335623, 41.16448811 ], [ 140.893253, 41.16449172 ], [ 140.893201730000015, 41.1644865 ], [ 140.89316623000002, 41.16448875 ], [ 140.893009440000014, 41.16433925 ], [ 140.892908420000026, 41.164226 ], [ 140.892698420000016, 41.163986 ], [ 140.892445910000021, 41.16372184 ], [ 140.892209800000018, 41.16355517 ], [ 140.892005910000023, 41.16349017 ], [ 140.891715910000016, 41.16347017 ], [ 140.89167036, 41.16347633 ], [ 140.89166667, 41.16347684 ], [ 140.891297300000019, 41.16352684 ], [ 140.891029800000013, 41.163576 ], [ 140.89089481000002, 41.1635635 ], [ 140.890647590000015, 41.16352267 ], [ 140.890186200000016, 41.16342184 ], [ 140.889945080000018, 41.16339684 ], [ 140.88970258, 41.16342933 ], [ 140.8893962, 41.16359184 ], [ 140.88924119, 41.16371017 ], [ 140.88912258000002, 41.16383184 ], [ 140.888998690000022, 41.16394517 ], [ 140.88887008, 41.16402267 ], [ 140.88853119, 41.164096 ], [ 140.8880537, 41.164246 ], [ 140.88774759, 41.16434739 ], [ 140.88758119000002, 41.16443239 ], [ 140.8873337, 41.16458239 ], [ 140.8872062, 41.16466822 ], [ 140.88694258000001, 41.16479405 ], [ 140.88660508000001, 41.16494823 ], [ 140.886390080000012, 41.16503739 ], [ 140.8861262, 41.16508656 ], [ 140.88589008, 41.16515156 ], [ 140.885541190000026, 41.16532989 ], [ 140.8853537, 41.16538656 ], [ 140.885230080000014, 41.16542739 ], [ 140.885138690000019, 41.16544822 ], [ 140.88502258, 41.16552128 ], [ 140.8845337, 41.16555795 ], [ 140.8841462, 41.16558711 ], [ 140.88333703, 41.16564597 ], [ 140.883333330000028, 41.16564625 ], [ 140.88325258, 41.16565211 ], [ 140.882875360000014, 41.16568128 ], [ 140.882391480000024, 41.16573044 ], [ 140.882277860000016, 41.16576877 ], [ 140.88186647, 41.16594461 ], [ 140.881471750000031, 41.16612933 ], [ 140.88099397000002, 41.16635377 ], [ 140.88074925, 41.16642711 ], [ 140.880607860000026, 41.16646961 ], [ 140.880227890000015, 41.16654128 ], [ 140.879685380000012, 41.16658295 ], [ 140.879191780000014, 41.16660877 ], [ 140.878965670000014, 41.16664211 ], [ 140.878825690000014, 41.16666323 ], [ 140.87880292, 41.16666667 ], [ 140.87748678, 41.16686517 ], [ 140.876713170000016, 41.16694267 ], [ 140.875357060000027, 41.16677767 ], [ 140.875384770000011, 41.16666667 ], [ 140.875385640000019, 41.16666323 ], [ 140.87542095, 41.16652184 ], [ 140.87555097, 41.16605903 ], [ 140.87544861, 41.16603869 ], [ 140.875319250000018, 41.16650728 ], [ 140.875128390000015, 41.16647853 ], [ 140.875109580000014, 41.16654031 ], [ 140.87500372, 41.16652133 ], [ 140.875, 41.16652067 ], [ 140.87452263, 41.16643513 ], [ 140.874553530000014, 41.16630672 ], [ 140.87445467, 41.16628495 ], [ 140.874421720000015, 41.16641803 ], [ 140.87445158, 41.16642153 ], [ 140.874431390000012, 41.1665108 ], [ 140.87377623, 41.16637017 ], [ 140.87382983, 41.1662285 ], [ 140.87346872, 41.16598795 ], [ 140.87367258, 41.16579922 ], [ 140.87466533, 41.16604147 ], [ 140.875, 41.16591344 ], [ 140.87500372, 41.16591203 ], [ 140.875607660000014, 41.16568097 ], [ 140.876471830000014, 41.16575189 ] ] ], [ [ [ 141.128413920000014, 41.44193392 ], [ 141.128455300000013, 41.44190641 ], [ 141.12845642000002, 41.44188059 ], [ 141.12844031, 41.44185392 ], [ 141.12841031, 41.44185392 ], [ 141.128375300000016, 41.44187808 ], [ 141.12837392000003, 41.44190975 ], [ 141.1283828, 41.44193225 ], [ 141.128413920000014, 41.44193392 ] ] ], [ [ [ 141.120088080000016, 41.45121786 ], [ 141.12008058, 41.45121287 ], [ 141.12008058, 41.45120703 ], [ 141.12007309, 41.45121287 ], [ 141.12005808, 41.45121287 ], [ 141.12005808, 41.45121786 ], [ 141.120050580000026, 41.45122369 ], [ 141.120050580000026, 41.45123536 ], [ 141.120043090000024, 41.45124036 ], [ 141.120043090000024, 41.45125787 ], [ 141.12003558, 41.45126369 ], [ 141.12005808, 41.45128036 ], [ 141.12008058, 41.45127453 ], [ 141.12008058, 41.45126869 ], [ 141.120088080000016, 41.45126369 ], [ 141.120095580000026, 41.45126369 ], [ 141.120103090000015, 41.45126869 ], [ 141.120103090000015, 41.45126369 ], [ 141.120110580000016, 41.45125787 ], [ 141.120110580000016, 41.45125203 ], [ 141.120118080000026, 41.4512462 ], [ 141.120118080000026, 41.45123536 ], [ 141.12012558, 41.45122953 ], [ 141.12012558, 41.45122369 ], [ 141.120110580000016, 41.45122369 ], [ 141.120103090000015, 41.45121786 ], [ 141.120088080000016, 41.45121786 ] ] ], [ [ [ 141.1203117, 41.45145453 ], [ 141.1203117, 41.45146036 ], [ 141.120341700000012, 41.45148287 ], [ 141.120356690000023, 41.45147703 ], [ 141.120356690000023, 41.4514712 ], [ 141.12036419, 41.4514662 ], [ 141.120371700000021, 41.4514662 ], [ 141.120394190000013, 41.45144953 ], [ 141.1204017, 41.45144953 ], [ 141.120409200000012, 41.45144369 ], [ 141.1204017, 41.45143787 ], [ 141.1204017, 41.45143203 ], [ 141.12038669, 41.4514212 ], [ 141.120326690000013, 41.4514212 ], [ 141.120326690000013, 41.4514262 ], [ 141.120319200000012, 41.45143203 ], [ 141.120319200000012, 41.45144953 ], [ 141.1203117, 41.45145453 ] ] ], [ [ [ 141.120468910000028, 41.45202369 ], [ 141.120476420000017, 41.45202369 ], [ 141.120491410000028, 41.45201203 ], [ 141.120491410000028, 41.4520062 ], [ 141.12049891, 41.4520012 ], [ 141.12049891, 41.45199536 ], [ 141.120506420000027, 41.45198953 ], [ 141.120506420000027, 41.45198369 ], [ 141.120468910000028, 41.45198369 ], [ 141.120438910000018, 41.45199536 ], [ 141.12042392, 41.4520062 ], [ 141.12042642000003, 41.45203536 ], [ 141.12044642, 41.45204036 ], [ 141.120468910000028, 41.45202369 ] ] ], [ [ [ 141.120478910000031, 41.45219008 ], [ 141.12043141, 41.45218592 ], [ 141.12042392, 41.45219175 ], [ 141.12042392, 41.45219759 ], [ 141.120416420000026, 41.45220341 ], [ 141.120416420000026, 41.45223175 ], [ 141.12042392, 41.45223675 ], [ 141.12042392, 41.45224259 ], [ 141.120468910000028, 41.45223675 ], [ 141.120468910000028, 41.45223175 ], [ 141.120483920000027, 41.45221259 ], [ 141.120478910000031, 41.45219008 ] ] ], [ [ [ 141.120393920000026, 41.45238341 ], [ 141.120393920000026, 41.45239508 ], [ 141.120401410000028, 41.45240008 ], [ 141.120401410000028, 41.45241175 ], [ 141.120461410000019, 41.45240592 ], [ 141.120461410000019, 41.45240008 ], [ 141.120453920000017, 41.45239508 ], [ 141.120453920000017, 41.45237759 ], [ 141.12044642, 41.45237175 ], [ 141.12044642, 41.45236092 ], [ 141.120438910000018, 41.45236675 ], [ 141.12043141, 41.45236675 ], [ 141.12042392, 41.45237175 ], [ 141.120416420000026, 41.45237175 ], [ 141.12040891, 41.45237759 ], [ 141.120401410000028, 41.45237759 ], [ 141.120393920000026, 41.45238341 ] ] ], [ [ [ 141.120305300000012, 41.45300341 ], [ 141.120381410000022, 41.45305175 ], [ 141.120476420000017, 41.45301841 ], [ 141.120501410000031, 41.45297508 ], [ 141.120476420000017, 41.45291841 ], [ 141.120520310000018, 41.45282259 ], [ 141.120501410000031, 41.45274175 ], [ 141.12043141, 41.45272759 ], [ 141.12042531, 41.45265592 ], [ 141.12035642, 41.45263675 ], [ 141.120292800000016, 41.45265592 ], [ 141.12021642000002, 41.45278425 ], [ 141.12024141, 41.45287008 ], [ 141.120305300000012, 41.45291841 ], [ 141.120305300000012, 41.45300341 ] ] ], [ [ [ 141.1191528, 41.45528314 ], [ 141.11910781, 41.45528814 ], [ 141.119122800000014, 41.45538397 ], [ 141.119160030000018, 41.45542036 ], [ 141.11919781, 41.45536731 ], [ 141.11918975, 41.45531341 ], [ 141.1191528, 41.45528314 ] ] ], [ [ [ 141.256766390000024, 41.20231644 ], [ 141.256666610000025, 41.20235508 ], [ 141.2571945, 41.20328717 ], [ 141.25729175, 41.20324464 ], [ 141.256766390000024, 41.20231644 ] ] ], [ [ [ 141.155899880000021, 41.26256039 ], [ 141.155905940000025, 41.26249697 ], [ 141.155900560000021, 41.26247856 ], [ 141.15587394, 41.262469 ], [ 141.155821800000012, 41.26245231 ], [ 141.15579211, 41.2624628 ], [ 141.155773110000013, 41.26248853 ], [ 141.15577973, 41.26253664 ], [ 141.15579477, 41.26257192 ], [ 141.155821410000016, 41.26258947 ], [ 141.155856500000027, 41.2625982 ], [ 141.15589047, 41.26259089 ], [ 141.155899880000021, 41.26256039 ] ] ], [ [ [ 141.167019220000014, 41.27608397 ], [ 141.16699012, 41.27614922 ], [ 141.167831020000023, 41.27638164 ], [ 141.16842567, 41.27654753 ], [ 141.168678780000022, 41.27661831 ], [ 141.16871167, 41.27655947 ], [ 141.16813442, 41.27639836 ], [ 141.167547370000023, 41.27623459 ], [ 141.167019220000014, 41.27608397 ] ] ], [ [ [ 141.16315341, 41.27654272 ], [ 141.163141020000012, 41.27653095 ], [ 141.16311973, 41.27652172 ], [ 141.163101800000021, 41.27651923 ], [ 141.16308053, 41.27652013 ], [ 141.16305706, 41.27652867 ], [ 141.16303922, 41.27654308 ], [ 141.163033720000016, 41.27656 ], [ 141.163036060000024, 41.27658364 ], [ 141.163047330000012, 41.27659628 ], [ 141.16306531, 41.27660723 ], [ 141.163017060000016, 41.27681097 ], [ 141.162986520000032, 41.27697159 ], [ 141.162964140000014, 41.27697333 ], [ 141.162948490000019, 41.27698184 ], [ 141.16293625, 41.27699622 ], [ 141.16293189000001, 41.27701653 ], [ 141.16293647, 41.27703595 ], [ 141.162953330000022, 41.27704939 ], [ 141.162967950000024, 41.2770578 ], [ 141.162906640000017, 41.27733931 ], [ 141.162739140000014, 41.27809003 ], [ 141.162671360000019, 41.27841131 ], [ 141.162711700000017, 41.27841711 ], [ 141.162869250000028, 41.27769428 ], [ 141.163011610000012, 41.2770585 ], [ 141.1630328, 41.27704747 ], [ 141.1630462, 41.27703475 ], [ 141.16304944, 41.27701531 ], [ 141.163046010000016, 41.27699928 ], [ 141.163039250000026, 41.27698831 ], [ 141.16302239, 41.27697567 ], [ 141.16310339, 41.27661387 ], [ 141.163130250000023, 41.27660703 ], [ 141.163146980000022, 41.27659769 ], [ 141.163160340000019, 41.27657905 ], [ 141.163162480000011, 41.27656214 ], [ 141.16315341, 41.27654272 ] ] ], [ [ [ 141.235403500000018, 41.36967063 ], [ 141.23551114, 41.3698137 ], [ 141.23566813, 41.36974372 ], [ 141.23563453, 41.36970241 ], [ 141.23589275, 41.36958851 ], [ 141.2363056, 41.36940939 ], [ 141.23658556, 41.36944777 ], [ 141.23707654, 41.36951204 ], [ 141.237566930000014, 41.36957696 ], [ 141.238052410000023, 41.36964135 ], [ 141.238471260000011, 41.36969661 ], [ 141.238906860000014, 41.36975468 ], [ 141.239307170000018, 41.36980965 ], [ 141.23976239000001, 41.36986927 ], [ 141.239765380000023, 41.36986962 ], [ 141.24034180000001, 41.36994665 ], [ 141.240972890000023, 41.37003104 ], [ 141.24149882, 41.37010086 ], [ 141.24166667, 41.3701233 ], [ 141.24219632, 41.3701941 ], [ 141.24223179, 41.37003567 ], [ 141.24176866000002, 41.36997329 ], [ 141.24166667, 41.36995995 ], [ 141.241217980000016, 41.36990132 ], [ 141.24057647, 41.3698156 ], [ 141.23994371, 41.36973176 ], [ 141.23976436, 41.36970619 ], [ 141.239191510000012, 41.36962446 ], [ 141.239181270000017, 41.3696706 ], [ 141.2386727, 41.36960216 ], [ 141.237937890000012, 41.36950461 ], [ 141.23793637, 41.36951011 ], [ 141.23775249000002, 41.36948716 ], [ 141.23704831, 41.36939247 ], [ 141.23627844, 41.36928873 ], [ 141.235403500000018, 41.36967063 ] ] ], [ [ [ 141.193548, 41.38951372 ], [ 141.19367309, 41.38955908 ], [ 141.1939748, 41.38906539 ], [ 141.193849710000023, 41.38902039 ], [ 141.193548, 41.38951372 ] ] ], [ [ [ 141.18571183, 41.4037602 ], [ 141.185621970000028, 41.40444761 ], [ 141.185532170000016, 41.40513739 ], [ 141.18544545, 41.405826 ], [ 141.185339250000027, 41.40665795 ], [ 141.18526864, 41.40715667 ], [ 141.1851528, 41.40802303 ], [ 141.185293670000021, 41.40803439 ], [ 141.185311630000029, 41.40803617 ], [ 141.18543392, 41.40715617 ], [ 141.18549667, 41.40664831 ], [ 141.18558711, 41.405955 ], [ 141.185681610000017, 41.40526756 ], [ 141.18577144, 41.40457777 ], [ 141.185877760000011, 41.40376111 ], [ 141.185952670000034, 41.40319939 ], [ 141.18598567, 41.40296084 ], [ 141.185963860000015, 41.40296092 ], [ 141.18581659, 41.40295056 ], [ 141.18580319, 41.40307159 ], [ 141.18571183, 41.4037602 ] ] ], [ [ [ 141.180299170000012, 41.405902 ], [ 141.180476810000016, 41.4057582 ], [ 141.180815280000019, 41.40548633 ], [ 141.18103575, 41.40531395 ], [ 141.181344380000013, 41.40506769 ], [ 141.18156872, 41.40488744 ], [ 141.18191883, 41.40460967 ], [ 141.18220803, 41.40438113 ], [ 141.182113890000011, 41.40430884 ], [ 141.182029590000013, 41.40437384 ], [ 141.18167947, 41.40465261 ], [ 141.18146550000003, 41.40482005 ], [ 141.18117372, 41.40505547 ], [ 141.180923450000023, 41.40525441 ], [ 141.180639470000017, 41.40548097 ], [ 141.180409950000012, 41.40566811 ], [ 141.18012597, 41.40589761 ], [ 141.179905500000018, 41.40607292 ], [ 141.179567030000015, 41.40634086 ], [ 141.17931153, 41.40653984 ], [ 141.17906776, 41.40673389 ], [ 141.17877725, 41.40696731 ], [ 141.17850747, 41.40717713 ], [ 141.17825686, 41.40737467 ], [ 141.178109200000023, 41.40749056 ], [ 141.178101850000019, 41.40756433 ], [ 141.1780645, 41.40781375 ], [ 141.17802222, 41.4081088 ], [ 141.17799148, 41.40833022 ], [ 141.177991030000015, 41.40833333 ], [ 141.177987449999989, 41.4083592 ], [ 141.17795025, 41.40864067 ], [ 141.17790681, 41.40895611 ], [ 141.17785584, 41.40930939 ], [ 141.1778185, 41.40956561 ], [ 141.177768750000013, 41.40991211 ], [ 141.17774886, 41.41005478 ], [ 141.177675250000021, 41.41052597 ], [ 141.177805380000024, 41.41053644 ], [ 141.177912970000023, 41.40979386 ], [ 141.177928440000017, 41.409681 ], [ 141.177947780000011, 41.40953889 ], [ 141.177978750000023, 41.40932323 ], [ 141.178004550000026, 41.40913578 ], [ 141.178026500000016, 41.40897956 ], [ 141.17804722, 41.40884347 ], [ 141.17807944, 41.40861372 ], [ 141.17810542, 41.40845747 ], [ 141.178123280000023, 41.40833333 ], [ 141.17812372, 41.40833022 ], [ 141.178132550000015, 41.40826903 ], [ 141.17815973, 41.40809064 ], [ 141.17818811, 41.40789411 ], [ 141.178222630000022, 41.40764339 ], [ 141.178237130000014, 41.40755344 ], [ 141.178303770000014, 41.40749986 ], [ 141.17870678, 41.40717656 ], [ 141.179020510000015, 41.40692733 ], [ 141.17917222, 41.40680717 ], [ 141.179465310000012, 41.40657077 ], [ 141.17963647000002, 41.40643289 ], [ 141.179879, 41.4062418 ], [ 141.180046280000028, 41.40610392 ], [ 141.180299170000012, 41.405902 ] ] ], [ [ [ 141.17819492000001, 41.41210359 ], [ 141.178190450000017, 41.41209595 ], [ 141.17816739, 41.41209944 ], [ 141.17816144, 41.41208307 ], [ 141.178027300000025, 41.41211922 ], [ 141.17803773, 41.41214648 ], [ 141.17582091, 41.41274175 ], [ 141.17586047, 41.4128261 ], [ 141.175868560000026, 41.41284309 ], [ 141.17908896, 41.41197449 ], [ 141.17908086, 41.41195758 ], [ 141.179040690000022, 41.41187026 ], [ 141.17819492000001, 41.41210359 ] ] ], [ [ [ 141.165755420000011, 41.41382797 ], [ 141.165725450000025, 41.41384153 ], [ 141.16572367, 41.41386753 ], [ 141.165738370000014, 41.41386653 ], [ 141.165755420000011, 41.41382797 ] ] ], [ [ [ 141.165876610000026, 41.4138868 ], [ 141.165837660000022, 41.41390089 ], [ 141.16581728, 41.41392067 ], [ 141.165847370000023, 41.41392059 ], [ 141.165881830000018, 41.41391325 ], [ 141.165876610000026, 41.4138868 ] ] ], [ [ [ 141.166086420000028, 41.41414372 ], [ 141.166120270000022, 41.414119 ], [ 141.16608844000001, 41.41412103 ], [ 141.166086420000028, 41.41414372 ] ] ], [ [ [ 141.144295520000014, 41.43256389 ], [ 141.14429192, 41.43252139 ], [ 141.14419691, 41.43245556 ], [ 141.14415442, 41.43246972 ], [ 141.144146910000018, 41.43251223 ], [ 141.14417691, 41.43256639 ], [ 141.144249420000023, 41.43259556 ], [ 141.144295520000014, 41.43256389 ] ] ], [ [ [ 141.13170861, 41.43933364 ], [ 141.131703610000017, 41.43936864 ], [ 141.13172, 41.43940113 ], [ 141.131741120000015, 41.43945697 ], [ 141.13177, 41.43946531 ], [ 141.13179861, 41.43945947 ], [ 141.13182501, 41.4394028 ], [ 141.13181861000001, 41.43936947 ], [ 141.13176611, 41.4393228 ], [ 141.13174, 41.43931364 ], [ 141.13170861, 41.43933364 ] ] ], [ [ [ 141.13192361, 41.43949113 ], [ 141.131908610000011, 41.43951864 ], [ 141.13191611000002, 41.43954113 ], [ 141.131975010000019, 41.43959364 ], [ 141.13201501, 41.43958947 ], [ 141.13203361, 41.43956531 ], [ 141.13203611, 41.43954113 ], [ 141.131997500000011, 41.43950531 ], [ 141.13195, 41.43948364 ], [ 141.13192361, 41.43949113 ] ] ], [ [ [ 141.1317325, 41.43959113 ], [ 141.13167861, 41.43957947 ], [ 141.13164611000002, 41.43960697 ], [ 141.13164611000002, 41.43963697 ], [ 141.13166750000002, 41.43966364 ], [ 141.13175501, 41.43970697 ], [ 141.13180361000002, 41.43966947 ], [ 141.1317325, 41.43959113 ] ] ], [ [ [ 141.13221361, 41.43966364 ], [ 141.13221861, 41.43969864 ], [ 141.13231861, 41.43975697 ], [ 141.13234861, 41.43975113 ], [ 141.13236501, 41.43972531 ], [ 141.13234861, 41.43969531 ], [ 141.132281120000016, 41.43965113 ], [ 141.132235010000016, 41.43965113 ], [ 141.13221361, 41.43966364 ] ] ], [ [ [ 141.133075010000027, 41.43987447 ], [ 141.1330375, 41.43987031 ], [ 141.133008610000019, 41.43989447 ], [ 141.133007500000019, 41.43991364 ], [ 141.133033610000012, 41.4399378 ], [ 141.133071120000011, 41.43995447 ], [ 141.1331025, 41.43998364 ], [ 141.13313112, 41.43999364 ], [ 141.13315361, 41.43998864 ], [ 141.13318611, 41.43995864 ], [ 141.13318361, 41.43993447 ], [ 141.13315112, 41.43990613 ], [ 141.133075010000027, 41.43987447 ] ] ], [ [ [ 141.133336110000016, 41.44001613 ], [ 141.133333330000028, 41.44001661 ], [ 141.13331112, 41.44002031 ], [ 141.133305010000015, 41.44003613 ], [ 141.13332, 41.44006031 ], [ 141.133333330000028, 41.44006697 ], [ 141.133336110000016, 41.44006836 ], [ 141.13336, 41.44008031 ], [ 141.13338861, 41.44009197 ], [ 141.13342861000001, 41.44014031 ], [ 141.13345501, 41.44015197 ], [ 141.133483610000013, 41.44014364 ], [ 141.13350861, 41.44011613 ], [ 141.13349861, 41.44008197 ], [ 141.133451120000018, 41.44004031 ], [ 141.133351120000015, 41.44001364 ], [ 141.133336110000016, 41.44001613 ] ] ], [ [ [ 141.13320250000001, 41.4401178 ], [ 141.13318, 41.44013864 ], [ 141.13317361, 41.44017031 ], [ 141.13319, 41.44020364 ], [ 141.133213610000013, 41.44022614 ], [ 141.13327501, 41.44023613 ], [ 141.13331861, 41.44022947 ], [ 141.133333330000028, 41.44020844 ], [ 141.133336110000016, 41.44020447 ], [ 141.13333750000001, 41.44018031 ], [ 141.133336110000016, 41.44017953 ], [ 141.133333330000028, 41.44017795 ], [ 141.1332375, 41.44012364 ], [ 141.13320250000001, 41.4401178 ] ] ], [ [ [ 141.13122, 41.4404242 ], [ 141.13127, 41.44042753 ], [ 141.13131861, 41.44039753 ], [ 141.131333610000013, 41.44036169 ], [ 141.13127361, 41.44028003 ], [ 141.13122, 41.44026169 ], [ 141.13116861, 41.44027169 ], [ 141.131128610000019, 41.44031169 ], [ 141.131127500000019, 41.44035003 ], [ 141.13122, 41.4404242 ] ] ], [ [ [ 141.13335501, 41.44038031 ], [ 141.133391110000019, 41.44038947 ], [ 141.13342750000001, 41.44037613 ], [ 141.13344361, 41.44034197 ], [ 141.13341861, 41.44031447 ], [ 141.13338, 41.4403078 ], [ 141.133336110000016, 41.44032364 ], [ 141.133333330000028, 41.44033567 ], [ 141.13332861, 41.44035613 ], [ 141.133333330000028, 41.44036047 ], [ 141.133336110000016, 41.440363 ], [ 141.13335501, 41.44038031 ] ] ], [ [ [ 141.13373861, 41.44041031 ], [ 141.13373501, 41.4403878 ], [ 141.13366, 41.44032947 ], [ 141.133607500000011, 41.4403178 ], [ 141.13357111000002, 41.4403278 ], [ 141.13355611, 41.44034613 ], [ 141.1335675, 41.44037031 ], [ 141.13363, 41.44040947 ], [ 141.133647500000023, 41.4404378 ], [ 141.133672500000017, 41.44044364 ], [ 141.13371611, 41.4404278 ], [ 141.13373861, 41.44041031 ] ] ], [ [ [ 141.12895278000002, 41.44202225 ], [ 141.12885639000001, 41.44197225 ], [ 141.128792780000026, 41.44195808 ], [ 141.128758910000016, 41.44197475 ], [ 141.128753890000013, 41.44202392 ], [ 141.12877778, 41.44205975 ], [ 141.128847780000029, 41.44206059 ], [ 141.128922780000011, 41.44209475 ], [ 141.128955280000014, 41.44209392 ], [ 141.128986390000023, 41.44206975 ], [ 141.12895278000002, 41.44202225 ] ] ], [ [ [ 141.12849141, 41.44206475 ], [ 141.12846891, 41.44203641 ], [ 141.128413920000014, 41.44202808 ], [ 141.128371410000028, 41.44205475 ], [ 141.128381410000031, 41.44210059 ], [ 141.128428910000025, 41.44211475 ], [ 141.128466420000024, 41.44210475 ], [ 141.12849141, 41.44206475 ] ] ], [ [ [ 141.129573890000017, 41.44220975 ], [ 141.129596390000017, 41.44218392 ], [ 141.129596390000017, 41.44214059 ], [ 141.129552780000012, 41.44213475 ], [ 141.129508890000011, 41.44215059 ], [ 141.129505280000018, 41.44218808 ], [ 141.129530270000032, 41.44221808 ], [ 141.129573890000017, 41.44220975 ] ] ] ] } }
]
}
